date,price
5/1/2025 12:00:00 AM,40.779933
5/1/2025 12:05:00 AM,39.676873
5/1/2025 12:10:00 AM,39.832440
5/1/2025 12:15:00 AM,34.914963
5/1/2025 12:20:00 AM,35.542643
5/1/2025 12:25:00 AM,34.815773
5/1/2025 12:30:00 AM,35.216826
5/1/2025 12:35:00 AM,34.250853
5/1/2025 12:40:00 AM,35.159276
5/1/2025 12:45:00 AM,34.926716
5/1/2025 12:50:00 AM,35.031083
5/1/2025 12:55:00 AM,35.216443
5/1/2025 1:00:00 AM,35.368286
5/1/2025 1:05:00 AM,36.094520
5/1/2025 1:10:00 AM,35.750226
5/1/2025 1:15:00 AM,35.561796
5/1/2025 1:20:00 AM,34.959936
5/1/2025 1:25:00 AM,35.066693
5/1/2025 1:30:00 AM,35.026220
5/1/2025 1:35:00 AM,35.042596
5/1/2025 1:40:00 AM,35.187890
5/1/2025 1:45:00 AM,35.272706
5/1/2025 1:50:00 AM,35.710473
5/1/2025 1:55:00 AM,35.945826
5/1/2025 2:00:00 AM,39.723136
5/1/2025 2:05:00 AM,38.943500
5/1/2025 2:10:00 AM,38.512910
5/1/2025 2:15:00 AM,37.826776
5/1/2025 2:20:00 AM,37.507353
5/1/2025 2:25:00 AM,36.715390
5/1/2025 2:30:00 AM,36.385813
5/1/2025 2:35:00 AM,36.157943
5/1/2025 2:40:00 AM,35.872543
5/1/2025 2:45:00 AM,35.397760
5/1/2025 2:50:00 AM,35.492080
5/1/2025 2:55:00 AM,34.705306
5/1/2025 3:00:00 AM,35.562406
5/1/2025 3:05:00 AM,35.476406
5/1/2025 3:10:00 AM,35.371373
5/1/2025 3:15:00 AM,35.397203
5/1/2025 3:20:00 AM,35.444940
5/1/2025 3:25:00 AM,35.339976
5/1/2025 3:30:00 AM,35.402840
5/1/2025 3:35:00 AM,35.345153
5/1/2025 3:40:00 AM,35.240323
5/1/2025 3:45:00 AM,34.677700
5/1/2025 3:50:00 AM,35.362466
5/1/2025 3:55:00 AM,35.640596
5/1/2025 4:00:00 AM,34.584593
5/1/2025 4:05:00 AM,33.926530
5/1/2025 4:10:00 AM,34.257893
5/1/2025 4:15:00 AM,34.830860
5/1/2025 4:20:00 AM,36.842343
5/1/2025 4:25:00 AM,36.672660
5/1/2025 4:30:00 AM,39.420380
5/1/2025 4:35:00 AM,39.793520
5/1/2025 4:40:00 AM,38.705240
5/1/2025 4:45:00 AM,39.770496
5/1/2025 4:50:00 AM,38.163513
5/1/2025 4:55:00 AM,37.967803
5/1/2025 5:00:00 AM,32.400496
5/1/2025 5:05:00 AM,31.752236
5/1/2025 5:10:00 AM,33.174100
5/1/2025 5:15:00 AM,33.524740
5/1/2025 5:20:00 AM,35.624793
5/1/2025 5:25:00 AM,36.373546
5/1/2025 5:30:00 AM,36.513773
5/1/2025 5:35:00 AM,37.156410
5/1/2025 5:40:00 AM,37.443813
5/1/2025 5:45:00 AM,37.129496
5/1/2025 5:50:00 AM,42.715670
5/1/2025 5:55:00 AM,45.669886
5/1/2025 6:00:00 AM,38.197060
5/1/2025 6:05:00 AM,37.938066
5/1/2025 6:10:00 AM,39.358143
5/1/2025 6:15:00 AM,39.315266
5/1/2025 6:20:00 AM,42.158973
5/1/2025 6:25:00 AM,40.919096
5/1/2025 6:30:00 AM,39.573413
5/1/2025 6:35:00 AM,36.727986
5/1/2025 6:40:00 AM,34.708263
5/1/2025 6:45:00 AM,33.085960
5/1/2025 6:50:00 AM,32.870263
5/1/2025 6:55:00 AM,30.764253
5/1/2025 7:00:00 AM,33.294113
5/1/2025 7:05:00 AM,30.600553
5/1/2025 7:10:00 AM,29.282440
5/1/2025 7:15:00 AM,25.023863
5/1/2025 7:20:00 AM,24.736433
5/1/2025 7:25:00 AM,21.689506
5/1/2025 7:30:00 AM,17.348266
5/1/2025 7:35:00 AM,14.564373
5/1/2025 7:40:00 AM,12.333013
5/1/2025 7:45:00 AM,12.121030
5/1/2025 7:50:00 AM,11.838063
5/1/2025 7:55:00 AM,11.685960
5/1/2025 8:00:00 AM,12.869980
5/1/2025 8:05:00 AM,13.593246
5/1/2025 8:10:00 AM,13.437030
5/1/2025 8:15:00 AM,12.180750
5/1/2025 8:20:00 AM,10.553823
5/1/2025 8:25:00 AM,9.699923
5/1/2025 8:30:00 AM,9.819100
5/1/2025 8:35:00 AM,9.595680
5/1/2025 8:40:00 AM,9.782940
5/1/2025 8:45:00 AM,9.400003
5/1/2025 8:50:00 AM,9.295493
5/1/2025 8:55:00 AM,9.158673
5/1/2025 9:00:00 AM,11.234446
5/1/2025 9:05:00 AM,11.931053
5/1/2025 9:10:00 AM,11.143026
5/1/2025 9:15:00 AM,7.385116
5/1/2025 9:20:00 AM,7.561013
5/1/2025 9:25:00 AM,7.560640
5/1/2025 9:30:00 AM,7.924966
5/1/2025 9:35:00 AM,6.840960
5/1/2025 9:40:00 AM,6.195200
5/1/2025 9:45:00 AM,6.419563
5/1/2025 9:50:00 AM,6.023290
5/1/2025 9:55:00 AM,6.226493
5/1/2025 10:00:00 AM,9.482766
5/1/2025 10:05:00 AM,8.820056
5/1/2025 10:10:00 AM,8.668443
5/1/2025 10:15:00 AM,8.922826
5/1/2025 10:20:00 AM,8.375800
5/1/2025 10:25:00 AM,7.342910
5/1/2025 10:30:00 AM,7.372266
5/1/2025 10:35:00 AM,7.114970
5/1/2025 10:40:00 AM,7.050206
5/1/2025 10:45:00 AM,6.111186
5/1/2025 10:50:00 AM,5.485350
5/1/2025 10:55:00 AM,5.259630
5/1/2025 11:00:00 AM,8.585596
5/1/2025 11:05:00 AM,7.796706
5/1/2025 11:10:00 AM,7.752893
5/1/2025 11:15:00 AM,7.185676
5/1/2025 11:20:00 AM,6.319766
5/1/2025 11:25:00 AM,6.105840
5/1/2025 11:30:00 AM,5.739303
5/1/2025 11:35:00 AM,4.560383
5/1/2025 11:40:00 AM,4.296903
5/1/2025 11:45:00 AM,3.193410
5/1/2025 11:50:00 AM,0.751763
5/1/2025 11:55:00 AM,-0.059060
5/1/2025 12:00:00 PM,0.529613
5/1/2025 12:05:00 PM,-3.681760
5/1/2025 12:10:00 PM,-3.167446
5/1/2025 12:15:00 PM,0.608126
5/1/2025 12:20:00 PM,2.587096
5/1/2025 12:25:00 PM,3.739970
5/1/2025 12:30:00 PM,2.588473
5/1/2025 12:35:00 PM,2.549936
5/1/2025 12:40:00 PM,2.561793
5/1/2025 12:45:00 PM,2.239076
5/1/2025 12:50:00 PM,2.648333
5/1/2025 12:55:00 PM,1.601456
5/1/2025 1:00:00 PM,1.988463
5/1/2025 1:05:00 PM,1.988463
5/1/2025 1:10:00 PM,0.747510
5/1/2025 1:15:00 PM,2.451740
5/1/2025 1:20:00 PM,1.510033
5/1/2025 1:25:00 PM,2.009110
5/1/2025 1:30:00 PM,-3.414613
5/1/2025 1:35:00 PM,-3.414613
5/1/2025 1:40:00 PM,-3.836586
5/1/2025 1:45:00 PM,-2.084923
5/1/2025 1:50:00 PM,1.059646
5/1/2025 1:55:00 PM,1.766483
5/1/2025 2:00:00 PM,-0.803733
5/1/2025 2:05:00 PM,-1.213246
5/1/2025 2:10:00 PM,-2.058480
5/1/2025 2:15:00 PM,1.065873
5/1/2025 2:20:00 PM,2.225240
5/1/2025 2:25:00 PM,5.413656
5/1/2025 2:30:00 PM,6.367606
5/1/2025 2:35:00 PM,7.819476
5/1/2025 2:40:00 PM,7.998863
5/1/2025 2:45:00 PM,8.580563
5/1/2025 2:50:00 PM,10.138790
5/1/2025 2:55:00 PM,8.942300
5/1/2025 3:00:00 PM,9.006443
5/1/2025 3:05:00 PM,8.650823
5/1/2025 3:10:00 PM,8.383330
5/1/2025 3:15:00 PM,8.754456
5/1/2025 3:20:00 PM,8.611123
5/1/2025 3:25:00 PM,9.205493
5/1/2025 3:30:00 PM,11.898223
5/1/2025 3:35:00 PM,13.044343
5/1/2025 3:40:00 PM,15.374410
5/1/2025 3:45:00 PM,11.630956
5/1/2025 3:50:00 PM,10.657493
5/1/2025 3:55:00 PM,9.885066
5/1/2025 4:00:00 PM,11.638170
5/1/2025 4:05:00 PM,12.117673
5/1/2025 4:10:00 PM,12.601070
5/1/2025 4:15:00 PM,13.975563
5/1/2025 4:20:00 PM,13.931340
5/1/2025 4:25:00 PM,13.953063
5/1/2025 4:30:00 PM,15.058980
5/1/2025 4:35:00 PM,16.962003
5/1/2025 4:40:00 PM,17.786343
5/1/2025 4:45:00 PM,21.273083
5/1/2025 4:50:00 PM,23.052896
5/1/2025 4:55:00 PM,23.037746
5/1/2025 5:00:00 PM,13.854743
5/1/2025 5:05:00 PM,13.669900
5/1/2025 5:10:00 PM,13.174560
5/1/2025 5:15:00 PM,13.317063
5/1/2025 5:20:00 PM,14.386330
5/1/2025 5:25:00 PM,13.597443
5/1/2025 5:30:00 PM,16.438870
5/1/2025 5:35:00 PM,19.022070
5/1/2025 5:40:00 PM,24.056570
5/1/2025 5:45:00 PM,28.411710
5/1/2025 5:50:00 PM,34.782683
5/1/2025 5:55:00 PM,38.922393
5/1/2025 6:00:00 PM,23.513923
5/1/2025 6:05:00 PM,24.298963
5/1/2025 6:10:00 PM,28.727103
5/1/2025 6:15:00 PM,33.140280
5/1/2025 6:20:00 PM,37.372376
5/1/2025 6:25:00 PM,39.761560
5/1/2025 6:30:00 PM,42.373740
5/1/2025 6:35:00 PM,43.901770
5/1/2025 6:40:00 PM,50.402420
5/1/2025 6:45:00 PM,65.177583
5/1/2025 6:50:00 PM,136.463423
5/1/2025 6:55:00 PM,162.603320
5/1/2025 7:00:00 PM,40.212543
5/1/2025 7:05:00 PM,39.017010
5/1/2025 7:10:00 PM,39.589406
5/1/2025 7:15:00 PM,41.258830
5/1/2025 7:20:00 PM,40.875503
5/1/2025 7:25:00 PM,44.135740
5/1/2025 7:30:00 PM,46.158373
5/1/2025 7:35:00 PM,49.387466
5/1/2025 7:40:00 PM,49.613696
5/1/2025 7:45:00 PM,45.347566
5/1/2025 7:50:00 PM,49.950870
5/1/2025 7:55:00 PM,49.036903
5/1/2025 8:00:00 PM,44.406136
5/1/2025 8:05:00 PM,46.615910
5/1/2025 8:10:00 PM,45.851113
5/1/2025 8:15:00 PM,44.869636
5/1/2025 8:20:00 PM,43.283770
5/1/2025 8:25:00 PM,42.224780
5/1/2025 8:30:00 PM,41.474290
5/1/2025 8:35:00 PM,41.354590
5/1/2025 8:40:00 PM,39.518386
5/1/2025 8:45:00 PM,37.426586
5/1/2025 8:50:00 PM,36.332413
5/1/2025 8:55:00 PM,35.948963
5/1/2025 9:00:00 PM,36.828266
5/1/2025 9:05:00 PM,36.031866
5/1/2025 9:10:00 PM,37.502573
5/1/2025 9:15:00 PM,36.104550
5/1/2025 9:20:00 PM,36.104550
5/1/2025 9:25:00 PM,35.592860
5/1/2025 9:30:00 PM,36.290080
5/1/2025 9:35:00 PM,39.330210
5/1/2025 9:40:00 PM,39.735103
5/1/2025 9:45:00 PM,38.387056
5/1/2025 9:50:00 PM,38.309180
5/1/2025 9:55:00 PM,40.047416
5/1/2025 10:00:00 PM,46.429710
5/1/2025 10:05:00 PM,48.765073
5/1/2025 10:10:00 PM,47.361770
5/1/2025 10:15:00 PM,45.697763
5/1/2025 10:20:00 PM,49.118196
5/1/2025 10:25:00 PM,49.451390
5/1/2025 10:30:00 PM,48.199703
5/1/2025 10:35:00 PM,46.692443
5/1/2025 10:40:00 PM,45.215590
5/1/2025 10:45:00 PM,44.885556
5/1/2025 10:50:00 PM,39.954700
5/1/2025 10:55:00 PM,39.598833
5/1/2025 11:00:00 PM,39.338026
5/1/2025 11:05:00 PM,37.168250
5/1/2025 11:10:00 PM,37.857613
5/1/2025 11:15:00 PM,37.689476
5/1/2025 11:20:00 PM,43.278670
5/1/2025 11:25:00 PM,42.711573
5/1/2025 11:30:00 PM,37.827333
5/1/2025 11:35:00 PM,38.183940
5/1/2025 11:40:00 PM,36.937833
5/1/2025 11:45:00 PM,38.212790
5/1/2025 11:50:00 PM,37.112773
5/1/2025 11:55:00 PM,38.289280
5/2/2025 12:00:00 AM,37.428436
5/2/2025 12:05:00 AM,40.550086
5/2/2025 12:10:00 AM,37.181463
5/2/2025 12:15:00 AM,39.219846
5/2/2025 12:20:00 AM,38.831923
5/2/2025 12:25:00 AM,37.997400
5/2/2025 12:30:00 AM,37.843966
5/2/2025 12:35:00 AM,37.888880
5/2/2025 12:40:00 AM,37.704556
5/2/2025 12:45:00 AM,37.648116
5/2/2025 12:50:00 AM,37.645283
5/2/2025 12:55:00 AM,37.671876
5/2/2025 1:00:00 AM,37.762463
5/2/2025 1:05:00 AM,38.814276
5/2/2025 1:10:00 AM,37.534680
5/2/2025 1:15:00 AM,37.633173
5/2/2025 1:20:00 AM,37.691243
5/2/2025 1:25:00 AM,37.979303
5/2/2025 1:30:00 AM,37.507226
5/2/2025 1:35:00 AM,37.507226
5/2/2025 1:40:00 AM,37.422210
5/2/2025 1:45:00 AM,37.074576
5/2/2025 1:50:00 AM,37.820633
5/2/2025 1:55:00 AM,36.239883
5/2/2025 2:00:00 AM,37.102893
5/2/2025 2:05:00 AM,37.102893
5/2/2025 2:10:00 AM,35.762420
5/2/2025 2:15:00 AM,35.534910
5/2/2025 2:20:00 AM,35.512316
5/2/2025 2:25:00 AM,35.509993
5/2/2025 2:30:00 AM,35.461013
5/2/2025 2:35:00 AM,35.283330
5/2/2025 2:40:00 AM,35.283330
5/2/2025 2:45:00 AM,34.190710
5/2/2025 2:50:00 AM,34.071466
5/2/2025 2:55:00 AM,32.257316
5/2/2025 3:00:00 AM,32.644353
5/2/2025 3:05:00 AM,32.243300
5/2/2025 3:10:00 AM,31.079286
5/2/2025 3:15:00 AM,32.531056
5/2/2025 3:20:00 AM,31.118263
5/2/2025 3:25:00 AM,31.036400
5/2/2025 3:30:00 AM,31.071433
5/2/2025 3:35:00 AM,30.884900
5/2/2025 3:40:00 AM,30.866143
5/2/2025 3:45:00 AM,31.321470
5/2/2025 3:50:00 AM,30.597856
5/2/2025 3:55:00 AM,31.348786
5/2/2025 4:00:00 AM,30.441056
5/2/2025 4:05:00 AM,30.753823
5/2/2025 4:10:00 AM,31.585163
5/2/2025 4:15:00 AM,31.788256
5/2/2025 4:20:00 AM,32.999016
5/2/2025 4:25:00 AM,33.426863
5/2/2025 4:30:00 AM,33.449916
5/2/2025 4:35:00 AM,33.381300
5/2/2025 4:40:00 AM,33.381300
5/2/2025 4:45:00 AM,34.347310
5/2/2025 4:50:00 AM,34.348446
5/2/2025 4:55:00 AM,36.663373
5/2/2025 5:00:00 AM,28.737050
5/2/2025 5:05:00 AM,28.577920
5/2/2025 5:10:00 AM,29.060270
5/2/2025 5:15:00 AM,29.421936
5/2/2025 5:20:00 AM,29.724766
5/2/2025 5:25:00 AM,30.329093
5/2/2025 5:30:00 AM,30.406933
5/2/2025 5:35:00 AM,32.774660
5/2/2025 5:40:00 AM,33.948600
5/2/2025 5:45:00 AM,34.528853
5/2/2025 5:50:00 AM,35.346693
5/2/2025 5:55:00 AM,36.609296
5/2/2025 6:00:00 AM,31.542460
5/2/2025 6:05:00 AM,31.669993
5/2/2025 6:10:00 AM,32.947006
5/2/2025 6:15:00 AM,32.487106
5/2/2025 6:20:00 AM,34.932923
5/2/2025 6:25:00 AM,30.599706
5/2/2025 6:30:00 AM,30.193803
5/2/2025 6:35:00 AM,28.805310
5/2/2025 6:40:00 AM,27.578216
5/2/2025 6:45:00 AM,27.425026
5/2/2025 6:50:00 AM,27.206603
5/2/2025 6:55:00 AM,24.286396
5/2/2025 7:00:00 AM,29.533783
5/2/2025 7:05:00 AM,29.350976
5/2/2025 7:10:00 AM,24.755436
5/2/2025 7:15:00 AM,24.047003
5/2/2025 7:20:00 AM,15.003023
5/2/2025 7:25:00 AM,14.616296
5/2/2025 7:30:00 AM,12.090810
5/2/2025 7:35:00 AM,9.896546
5/2/2025 7:40:00 AM,9.877190
5/2/2025 7:45:00 AM,9.564590
5/2/2025 7:50:00 AM,8.783616
5/2/2025 7:55:00 AM,8.834576
5/2/2025 8:00:00 AM,8.662676
5/2/2025 8:05:00 AM,13.474820
5/2/2025 8:10:00 AM,14.237610
5/2/2025 8:15:00 AM,11.639883
5/2/2025 8:20:00 AM,9.625793
5/2/2025 8:25:00 AM,9.656333
5/2/2025 8:30:00 AM,13.615103
5/2/2025 8:35:00 AM,11.579580
5/2/2025 8:40:00 AM,10.710763
5/2/2025 8:45:00 AM,9.873706
5/2/2025 8:50:00 AM,8.954093
5/2/2025 8:55:00 AM,10.565293
5/2/2025 9:00:00 AM,17.369770
5/2/2025 9:05:00 AM,17.642440
5/2/2025 9:10:00 AM,17.399223
5/2/2025 9:15:00 AM,14.086986
5/2/2025 9:20:00 AM,13.380503
5/2/2025 9:25:00 AM,12.286086
5/2/2025 9:30:00 AM,8.138996
5/2/2025 9:35:00 AM,7.703873
5/2/2025 9:40:00 AM,7.234673
5/2/2025 9:45:00 AM,5.634143
5/2/2025 9:50:00 AM,5.560480
5/2/2025 9:55:00 AM,4.514746
5/2/2025 10:00:00 AM,6.286196
5/2/2025 10:05:00 AM,5.029743
5/2/2025 10:10:00 AM,5.099776
5/2/2025 10:15:00 AM,5.528933
5/2/2025 10:20:00 AM,5.433790
5/2/2025 10:25:00 AM,5.259006
5/2/2025 10:30:00 AM,6.571303
5/2/2025 10:35:00 AM,6.080210
5/2/2025 10:40:00 AM,5.956943
5/2/2025 10:45:00 AM,6.593200
5/2/2025 10:50:00 AM,6.526253
5/2/2025 10:55:00 AM,6.398720
5/2/2025 11:00:00 AM,5.817876
5/2/2025 11:05:00 AM,6.044903
5/2/2025 11:10:00 AM,5.310316
5/2/2025 11:15:00 AM,6.781763
5/2/2025 11:20:00 AM,6.553406
5/2/2025 11:25:00 AM,6.260220
5/2/2025 11:30:00 AM,2.915080
5/2/2025 11:35:00 AM,6.489403
5/2/2025 11:40:00 AM,0.849700
5/2/2025 11:45:00 AM,1.090013
5/2/2025 11:50:00 AM,0.597420
5/2/2025 11:55:00 AM,0.300073
5/2/2025 12:00:00 PM,7.971960
5/2/2025 12:05:00 PM,7.971960
5/2/2025 12:10:00 PM,7.925230
5/2/2025 12:15:00 PM,7.887440
5/2/2025 12:20:00 PM,7.887440
5/2/2025 12:25:00 PM,7.887440
5/2/2025 12:30:00 PM,7.172956
5/2/2025 12:35:00 PM,7.156873
5/2/2025 12:40:00 PM,7.168363
5/2/2025 12:45:00 PM,6.444470
5/2/2025 12:50:00 PM,6.458396
5/2/2025 12:55:00 PM,6.766153
5/2/2025 1:00:00 PM,5.198120
5/2/2025 1:05:00 PM,5.638790
5/2/2025 1:10:00 PM,6.237670
5/2/2025 1:15:00 PM,4.534293
5/2/2025 1:20:00 PM,2.723460
5/2/2025 1:25:00 PM,2.570743
5/2/2025 1:30:00 PM,-1.349326
5/2/2025 1:35:00 PM,0.260493
5/2/2025 1:40:00 PM,0.654013
5/2/2025 1:45:00 PM,-1.336300
5/2/2025 1:50:00 PM,-1.263623
5/2/2025 1:55:00 PM,-1.264943
5/2/2025 2:00:00 PM,2.808680
5/2/2025 2:05:00 PM,6.425563
5/2/2025 2:10:00 PM,6.531010
5/2/2025 2:15:00 PM,7.640530
5/2/2025 2:20:00 PM,3.742956
5/2/2025 2:25:00 PM,3.559940
5/2/2025 2:30:00 PM,6.519703
5/2/2025 2:35:00 PM,3.842700
5/2/2025 2:40:00 PM,3.721150
5/2/2025 2:45:00 PM,6.430000
5/2/2025 2:50:00 PM,3.688730
5/2/2025 2:55:00 PM,7.413440
5/2/2025 3:00:00 PM,8.424003
5/2/2025 3:05:00 PM,8.322446
5/2/2025 3:10:00 PM,7.684770
5/2/2025 3:15:00 PM,5.505350
5/2/2025 3:20:00 PM,4.927400
5/2/2025 3:25:00 PM,6.048633
5/2/2025 3:30:00 PM,6.951030
5/2/2025 3:35:00 PM,7.014390
5/2/2025 3:40:00 PM,6.541953
5/2/2025 3:45:00 PM,6.166856
5/2/2025 3:50:00 PM,6.514970
5/2/2025 3:55:00 PM,5.661580
5/2/2025 4:00:00 PM,5.509356
5/2/2025 4:05:00 PM,-1.602656
5/2/2025 4:10:00 PM,-3.460933
5/2/2025 4:15:00 PM,-3.871136
5/2/2025 4:20:00 PM,-4.311973
5/2/2025 4:25:00 PM,-4.467943
5/2/2025 4:30:00 PM,-4.430820
5/2/2025 4:35:00 PM,-4.005900
5/2/2025 4:40:00 PM,-1.904106
5/2/2025 4:45:00 PM,-0.796266
5/2/2025 4:50:00 PM,-0.333543
5/2/2025 4:55:00 PM,-0.164070
5/2/2025 5:00:00 PM,-0.209356
5/2/2025 5:05:00 PM,0.225353
5/2/2025 5:10:00 PM,-0.795350
5/2/2025 5:15:00 PM,0.397680
5/2/2025 5:20:00 PM,4.182833
5/2/2025 5:25:00 PM,8.981850
5/2/2025 5:30:00 PM,14.734786
5/2/2025 5:35:00 PM,15.018250
5/2/2025 5:40:00 PM,15.945880
5/2/2025 5:45:00 PM,19.913656
5/2/2025 5:50:00 PM,23.901346
5/2/2025 5:55:00 PM,24.339393
5/2/2025 6:00:00 PM,13.329843
5/2/2025 6:05:00 PM,12.920430
5/2/2025 6:10:00 PM,13.348306
5/2/2025 6:15:00 PM,21.753963
5/2/2025 6:20:00 PM,26.523103
5/2/2025 6:25:00 PM,30.343863
5/2/2025 6:30:00 PM,36.295340
5/2/2025 6:35:00 PM,39.314000
5/2/2025 6:40:00 PM,42.875873
5/2/2025 6:45:00 PM,50.454006
5/2/2025 6:50:00 PM,61.079426
5/2/2025 6:55:00 PM,67.811570
5/2/2025 7:00:00 PM,39.740916
5/2/2025 7:05:00 PM,39.721956
5/2/2025 7:10:00 PM,37.902870
5/2/2025 7:15:00 PM,38.900916
5/2/2025 7:20:00 PM,40.040403
5/2/2025 7:25:00 PM,40.108990
5/2/2025 7:30:00 PM,36.958746
5/2/2025 7:35:00 PM,36.958746
5/2/2025 7:40:00 PM,36.473993
5/2/2025 7:45:00 PM,36.544026
5/2/2025 7:50:00 PM,36.166676
5/2/2025 7:55:00 PM,36.308773
5/2/2025 8:00:00 PM,32.615410
5/2/2025 8:05:00 PM,31.775270
5/2/2025 8:10:00 PM,30.925253
5/2/2025 8:15:00 PM,30.890950
5/2/2025 8:20:00 PM,30.787526
5/2/2025 8:25:00 PM,30.634050
5/2/2025 8:30:00 PM,30.770810
5/2/2025 8:35:00 PM,30.683923
5/2/2025 8:40:00 PM,30.547880
5/2/2025 8:45:00 PM,30.091590
5/2/2025 8:50:00 PM,29.308310
5/2/2025 8:55:00 PM,29.209850
5/2/2025 9:00:00 PM,34.088810
5/2/2025 9:05:00 PM,31.373043
5/2/2025 9:10:00 PM,31.103816
5/2/2025 9:15:00 PM,31.731206
5/2/2025 9:20:00 PM,32.304900
5/2/2025 9:25:00 PM,32.645850
5/2/2025 9:30:00 PM,32.201580
5/2/2025 9:35:00 PM,32.272233
5/2/2025 9:40:00 PM,32.412030
5/2/2025 9:45:00 PM,32.952193
5/2/2025 9:50:00 PM,32.216400
5/2/2025 9:55:00 PM,32.810856
5/2/2025 10:00:00 PM,34.243913
5/2/2025 10:05:00 PM,35.007713
5/2/2025 10:10:00 PM,34.799876
5/2/2025 10:15:00 PM,34.862520
5/2/2025 10:20:00 PM,35.567470
5/2/2025 10:25:00 PM,34.499940
5/2/2025 10:30:00 PM,34.170556
5/2/2025 10:35:00 PM,33.648730
5/2/2025 10:40:00 PM,33.846613
5/2/2025 10:45:00 PM,34.131296
5/2/2025 10:50:00 PM,33.698423
5/2/2025 10:55:00 PM,33.519813
5/2/2025 11:00:00 PM,34.447706
5/2/2025 11:05:00 PM,34.000710
5/2/2025 11:10:00 PM,34.570206
5/2/2025 11:15:00 PM,33.665020
5/2/2025 11:20:00 PM,33.739796
5/2/2025 11:25:00 PM,33.371723
5/2/2025 11:30:00 PM,34.577193
5/2/2025 11:35:00 PM,33.037420
5/2/2025 11:40:00 PM,33.712676
5/2/2025 11:45:00 PM,33.078790
5/2/2025 11:50:00 PM,33.040860
5/2/2025 11:55:00 PM,34.358570
5/3/2025 12:00:00 AM,35.603140
5/3/2025 12:05:00 AM,35.765613
5/3/2025 12:10:00 AM,35.927660
5/3/2025 12:15:00 AM,35.695736
5/3/2025 12:20:00 AM,35.706733
5/3/2025 12:25:00 AM,35.813006
5/3/2025 12:30:00 AM,32.512366
5/3/2025 12:35:00 AM,35.996156
5/3/2025 12:40:00 AM,32.692760
5/3/2025 12:45:00 AM,32.798510
5/3/2025 12:50:00 AM,32.421440
5/3/2025 12:55:00 AM,35.817050
5/3/2025 1:00:00 AM,30.036743
5/3/2025 1:05:00 AM,33.036080
5/3/2025 1:10:00 AM,32.044916
5/3/2025 1:15:00 AM,31.921856
5/3/2025 1:20:00 AM,31.825073
5/3/2025 1:25:00 AM,27.987303
5/3/2025 1:30:00 AM,31.168450
5/3/2025 1:35:00 AM,30.499173
5/3/2025 1:40:00 AM,29.956203
5/3/2025 1:45:00 AM,29.589220
5/3/2025 1:50:00 AM,28.948230
5/3/2025 1:55:00 AM,26.698806
5/3/2025 2:00:00 AM,30.796443
5/3/2025 2:05:00 AM,29.627820
5/3/2025 2:10:00 AM,30.334296
5/3/2025 2:15:00 AM,30.536683
5/3/2025 2:20:00 AM,30.929986
5/3/2025 2:25:00 AM,30.091653
5/3/2025 2:30:00 AM,30.922790
5/3/2025 2:35:00 AM,30.772880
5/3/2025 2:40:00 AM,30.035376
5/3/2025 2:45:00 AM,30.072310
5/3/2025 2:50:00 AM,30.072310
5/3/2025 2:55:00 AM,30.864716
5/3/2025 3:00:00 AM,33.700646
5/3/2025 3:05:00 AM,33.700646
5/3/2025 3:10:00 AM,33.605940
5/3/2025 3:15:00 AM,33.199653
5/3/2025 3:20:00 AM,33.417643
5/3/2025 3:25:00 AM,33.412940
5/3/2025 3:30:00 AM,31.886046
5/3/2025 3:35:00 AM,31.113993
5/3/2025 3:40:00 AM,30.794586
5/3/2025 3:45:00 AM,31.772356
5/3/2025 3:50:00 AM,31.592576
5/3/2025 3:55:00 AM,31.805086
5/3/2025 4:00:00 AM,29.091963
5/3/2025 4:05:00 AM,29.326940
5/3/2025 4:10:00 AM,29.391093
5/3/2025 4:15:00 AM,29.412653
5/3/2025 4:20:00 AM,29.377516
5/3/2025 4:25:00 AM,30.574916
5/3/2025 4:30:00 AM,31.199466
5/3/2025 4:35:00 AM,31.939686
5/3/2025 4:40:00 AM,32.550980
5/3/2025 4:45:00 AM,32.785003
5/3/2025 4:50:00 AM,32.516923
5/3/2025 4:55:00 AM,33.924870
5/3/2025 5:00:00 AM,27.354786
5/3/2025 5:05:00 AM,27.716270
5/3/2025 5:10:00 AM,27.820910
5/3/2025 5:15:00 AM,28.909036
5/3/2025 5:20:00 AM,31.977263
5/3/2025 5:25:00 AM,33.336736
5/3/2025 5:30:00 AM,32.893233
5/3/2025 5:35:00 AM,32.303390
5/3/2025 5:40:00 AM,32.437290
5/3/2025 5:45:00 AM,32.794350
5/3/2025 5:50:00 AM,32.571143
5/3/2025 5:55:00 AM,33.448223
5/3/2025 6:00:00 AM,34.807803
5/3/2025 6:05:00 AM,34.441853
5/3/2025 6:10:00 AM,33.717266
5/3/2025 6:15:00 AM,33.223683
5/3/2025 6:20:00 AM,32.607993
5/3/2025 6:25:00 AM,29.165846
5/3/2025 6:30:00 AM,29.393323
5/3/2025 6:35:00 AM,26.992843
5/3/2025 6:40:00 AM,25.546413
5/3/2025 6:45:00 AM,23.603326
5/3/2025 6:50:00 AM,23.155710
5/3/2025 6:55:00 AM,23.420513
5/3/2025 7:00:00 AM,29.087936
5/3/2025 7:05:00 AM,28.545993
5/3/2025 7:10:00 AM,27.153843
5/3/2025 7:15:00 AM,24.947346
5/3/2025 7:20:00 AM,27.369420
5/3/2025 7:25:00 AM,21.185900
5/3/2025 7:30:00 AM,17.790910
5/3/2025 7:35:00 AM,17.582023
5/3/2025 7:40:00 AM,17.064076
5/3/2025 7:45:00 AM,17.081066
5/3/2025 7:50:00 AM,19.807243
5/3/2025 7:55:00 AM,21.895790
5/3/2025 8:00:00 AM,23.792396
5/3/2025 8:05:00 AM,27.324403
5/3/2025 8:10:00 AM,28.126330
5/3/2025 8:15:00 AM,32.226926
5/3/2025 8:20:00 AM,33.463926
5/3/2025 8:25:00 AM,31.301736
5/3/2025 8:30:00 AM,26.108143
5/3/2025 8:35:00 AM,24.005003
5/3/2025 8:40:00 AM,23.274550
5/3/2025 8:45:00 AM,23.359120
5/3/2025 8:50:00 AM,23.447296
5/3/2025 8:55:00 AM,22.503580
5/3/2025 9:00:00 AM,27.183316
5/3/2025 9:05:00 AM,26.510663
5/3/2025 9:10:00 AM,27.388213
5/3/2025 9:15:00 AM,24.949853
5/3/2025 9:20:00 AM,23.200626
5/3/2025 9:25:00 AM,23.202883
5/3/2025 9:30:00 AM,22.711933
5/3/2025 9:35:00 AM,22.477490
5/3/2025 9:40:00 AM,21.684400
5/3/2025 9:45:00 AM,21.647106
5/3/2025 9:50:00 AM,21.702703
5/3/2025 9:55:00 AM,19.376316
5/3/2025 10:00:00 AM,25.445003
5/3/2025 10:05:00 AM,21.952613
5/3/2025 10:10:00 AM,21.738040
5/3/2025 10:15:00 AM,21.133356
5/3/2025 10:20:00 AM,21.581083
5/3/2025 10:25:00 AM,21.332466
5/3/2025 10:30:00 AM,20.979946
5/3/2025 10:35:00 AM,20.012800
5/3/2025 10:40:00 AM,19.635760
5/3/2025 10:45:00 AM,19.720270
5/3/2025 10:50:00 AM,20.325363
5/3/2025 10:55:00 AM,20.169053
5/3/2025 11:00:00 AM,24.757163
5/3/2025 11:05:00 AM,23.272790
5/3/2025 11:10:00 AM,23.680366
5/3/2025 11:15:00 AM,21.300016
5/3/2025 11:20:00 AM,22.938796
5/3/2025 11:25:00 AM,21.609933
5/3/2025 11:30:00 AM,18.536806
5/3/2025 11:35:00 AM,16.155630
5/3/2025 11:40:00 AM,13.389410
5/3/2025 11:45:00 AM,12.854840
5/3/2025 11:50:00 AM,12.271696
5/3/2025 11:55:00 AM,14.702073
5/3/2025 12:00:00 PM,15.827920
5/3/2025 12:05:00 PM,15.633963
5/3/2025 12:10:00 PM,16.532626
5/3/2025 12:15:00 PM,14.495503
5/3/2025 12:20:00 PM,14.058080
5/3/2025 12:25:00 PM,15.607683
5/3/2025 12:30:00 PM,18.668043
5/3/2025 12:35:00 PM,18.344740
5/3/2025 12:40:00 PM,14.333620
5/3/2025 12:45:00 PM,16.422803
5/3/2025 12:50:00 PM,19.126853
5/3/2025 12:55:00 PM,19.031643
5/3/2025 1:00:00 PM,18.500856
5/3/2025 1:05:00 PM,16.183333
5/3/2025 1:10:00 PM,14.740320
5/3/2025 1:15:00 PM,14.648510
5/3/2025 1:20:00 PM,16.413050
5/3/2025 1:25:00 PM,17.338273
5/3/2025 1:30:00 PM,16.803190
5/3/2025 1:35:00 PM,17.312646
5/3/2025 1:40:00 PM,17.482100
5/3/2025 1:45:00 PM,11.400583
5/3/2025 1:50:00 PM,9.669680
5/3/2025 1:55:00 PM,9.052143
5/3/2025 2:00:00 PM,10.772556
5/3/2025 2:05:00 PM,12.963806
5/3/2025 2:10:00 PM,12.700043
5/3/2025 2:15:00 PM,12.802613
5/3/2025 2:20:00 PM,9.979376
5/3/2025 2:25:00 PM,9.792900
5/3/2025 2:30:00 PM,10.249996
5/3/2025 2:35:00 PM,8.834210
5/3/2025 2:40:00 PM,1.656740
5/3/2025 2:45:00 PM,9.067883
5/3/2025 2:50:00 PM,6.701200
5/3/2025 2:55:00 PM,11.113043
5/3/2025 3:00:00 PM,10.398250
5/3/2025 3:05:00 PM,9.136990
5/3/2025 3:10:00 PM,9.827840
5/3/2025 3:15:00 PM,4.590313
5/3/2025 3:20:00 PM,9.624886
5/3/2025 3:25:00 PM,10.582436
5/3/2025 3:30:00 PM,10.136173
5/3/2025 3:35:00 PM,1.609506
5/3/2025 3:40:00 PM,11.140653
5/3/2025 3:45:00 PM,13.327186
5/3/2025 3:50:00 PM,11.847030
5/3/2025 3:55:00 PM,13.823890
5/3/2025 4:00:00 PM,8.541803
5/3/2025 4:05:00 PM,8.625763
5/3/2025 4:10:00 PM,9.860696
5/3/2025 4:15:00 PM,2.622463
5/3/2025 4:20:00 PM,4.794186
5/3/2025 4:25:00 PM,6.658270
5/3/2025 4:30:00 PM,8.601260
5/3/2025 4:35:00 PM,9.446126
5/3/2025 4:40:00 PM,13.428043
5/3/2025 4:45:00 PM,10.301726
5/3/2025 4:50:00 PM,10.852596
5/3/2025 4:55:00 PM,13.149973
5/3/2025 5:00:00 PM,8.335893
5/3/2025 5:05:00 PM,12.289716
5/3/2025 5:10:00 PM,12.891943
5/3/2025 5:15:00 PM,13.261070
5/3/2025 5:20:00 PM,12.379623
5/3/2025 5:25:00 PM,14.108653
5/3/2025 5:30:00 PM,19.951203
5/3/2025 5:35:00 PM,22.863046
5/3/2025 5:40:00 PM,25.868823
5/3/2025 5:45:00 PM,29.690626
5/3/2025 5:50:00 PM,33.190863
5/3/2025 5:55:00 PM,33.906916
5/3/2025 6:00:00 PM,21.666176
5/3/2025 6:05:00 PM,21.064863
5/3/2025 6:10:00 PM,21.187840
5/3/2025 6:15:00 PM,23.326730
5/3/2025 6:20:00 PM,26.191066
5/3/2025 6:25:00 PM,29.739616
5/3/2025 6:30:00 PM,31.126350
5/3/2025 6:35:00 PM,32.740553
5/3/2025 6:40:00 PM,33.658223
5/3/2025 6:45:00 PM,36.085250
5/3/2025 6:50:00 PM,38.942110
5/3/2025 6:55:00 PM,41.795933
5/3/2025 7:00:00 PM,28.909940
5/3/2025 7:05:00 PM,29.596460
5/3/2025 7:10:00 PM,29.312486
5/3/2025 7:15:00 PM,31.123580
5/3/2025 7:20:00 PM,31.259020
5/3/2025 7:25:00 PM,31.983920
5/3/2025 7:30:00 PM,30.168243
5/3/2025 7:35:00 PM,30.955050
5/3/2025 7:40:00 PM,30.995543
5/3/2025 7:45:00 PM,31.900370
5/3/2025 7:50:00 PM,31.715516
5/3/2025 7:55:00 PM,31.089733
5/3/2025 8:00:00 PM,31.998116
5/3/2025 8:05:00 PM,31.998116
5/3/2025 8:10:00 PM,31.186070
5/3/2025 8:15:00 PM,30.410683
5/3/2025 8:20:00 PM,30.107610
5/3/2025 8:25:00 PM,30.057226
5/3/2025 8:30:00 PM,29.090853
5/3/2025 8:35:00 PM,29.056476
5/3/2025 8:40:00 PM,29.056476
5/3/2025 8:45:00 PM,29.225470
5/3/2025 8:50:00 PM,29.225470
5/3/2025 8:55:00 PM,29.225470
5/3/2025 9:00:00 PM,34.260480
5/3/2025 9:05:00 PM,33.461046
5/3/2025 9:10:00 PM,33.075026
5/3/2025 9:15:00 PM,32.296163
5/3/2025 9:20:00 PM,32.159100
5/3/2025 9:25:00 PM,31.954876
5/3/2025 9:30:00 PM,31.210266
5/3/2025 9:35:00 PM,30.740950
5/3/2025 9:40:00 PM,30.997643
5/3/2025 9:45:00 PM,30.656610
5/3/2025 9:50:00 PM,30.985813
5/3/2025 9:55:00 PM,31.639306
5/3/2025 10:00:00 PM,27.318916
5/3/2025 10:05:00 PM,27.681950
5/3/2025 10:10:00 PM,27.392186
5/3/2025 10:15:00 PM,27.865743
5/3/2025 10:20:00 PM,27.520003
5/3/2025 10:25:00 PM,27.865743
5/3/2025 10:30:00 PM,27.101540
5/3/2025 10:35:00 PM,27.255630
5/3/2025 10:40:00 PM,26.688896
5/3/2025 10:45:00 PM,26.601723
5/3/2025 10:50:00 PM,26.601723
5/3/2025 10:55:00 PM,26.782540
5/3/2025 11:00:00 PM,33.672976
5/3/2025 11:05:00 PM,33.031470
5/3/2025 11:10:00 PM,34.276663
5/3/2025 11:15:00 PM,33.641870
5/3/2025 11:20:00 PM,34.071920
5/3/2025 11:25:00 PM,29.982180
5/3/2025 11:30:00 PM,29.375900
5/3/2025 11:35:00 PM,29.237116
5/3/2025 11:40:00 PM,28.549283
5/3/2025 11:45:00 PM,28.797420
5/3/2025 11:50:00 PM,28.042073
5/3/2025 11:55:00 PM,27.314930
5/4/2025 12:00:00 AM,28.565560
5/4/2025 12:05:00 AM,28.325906
5/4/2025 12:10:00 AM,28.197590
5/4/2025 12:15:00 AM,28.186810
5/4/2025 12:20:00 AM,28.554840
5/4/2025 12:25:00 AM,27.765656
5/4/2025 12:30:00 AM,28.631186
5/4/2025 12:35:00 AM,27.417670
5/4/2025 12:40:00 AM,27.385400
5/4/2025 12:45:00 AM,26.461310
5/4/2025 12:50:00 AM,26.755613
5/4/2025 12:55:00 AM,25.531513
5/4/2025 1:00:00 AM,26.787773
5/4/2025 1:05:00 AM,25.719253
5/4/2025 1:10:00 AM,25.623153
5/4/2025 1:15:00 AM,25.275816
5/4/2025 1:20:00 AM,25.234456
5/4/2025 1:25:00 AM,26.766983
5/4/2025 1:30:00 AM,25.027493
5/4/2025 1:35:00 AM,24.383683
5/4/2025 1:40:00 AM,22.966660
5/4/2025 1:45:00 AM,22.703853
5/4/2025 1:50:00 AM,22.689893
5/4/2025 1:55:00 AM,22.689893
5/4/2025 2:00:00 AM,26.320753
5/4/2025 2:05:00 AM,26.304623
5/4/2025 2:10:00 AM,25.899036
5/4/2025 2:15:00 AM,27.759306
5/4/2025 2:20:00 AM,27.513766
5/4/2025 2:25:00 AM,26.756663
5/4/2025 2:30:00 AM,26.774900
5/4/2025 2:35:00 AM,26.639163
5/4/2025 2:40:00 AM,27.203663
5/4/2025 2:45:00 AM,26.905530
5/4/2025 2:50:00 AM,27.740020
5/4/2025 2:55:00 AM,27.779690
5/4/2025 3:00:00 AM,27.797996
5/4/2025 3:05:00 AM,28.503260
5/4/2025 3:10:00 AM,28.588076
5/4/2025 3:15:00 AM,28.830166
5/4/2025 3:20:00 AM,29.097553
5/4/2025 3:25:00 AM,28.565876
5/4/2025 3:30:00 AM,28.513023
5/4/2025 3:35:00 AM,28.745243
5/4/2025 3:40:00 AM,29.480190
5/4/2025 3:45:00 AM,29.158453
5/4/2025 3:50:00 AM,29.301800
5/4/2025 3:55:00 AM,29.498186
5/4/2025 4:00:00 AM,29.518790
5/4/2025 4:05:00 AM,28.781126
5/4/2025 4:10:00 AM,29.302713
5/4/2025 4:15:00 AM,29.049786
5/4/2025 4:20:00 AM,29.403196
5/4/2025 4:25:00 AM,29.917960
5/4/2025 4:30:00 AM,29.401443
5/4/2025 4:35:00 AM,29.886200
5/4/2025 4:40:00 AM,29.401443
5/4/2025 4:45:00 AM,29.398216
5/4/2025 4:50:00 AM,32.563256
5/4/2025 4:55:00 AM,33.666140
5/4/2025 5:00:00 AM,28.338083
5/4/2025 5:05:00 AM,29.415783
5/4/2025 5:10:00 AM,29.413160
5/4/2025 5:15:00 AM,29.224933
5/4/2025 5:20:00 AM,31.226566
5/4/2025 5:25:00 AM,31.996276
5/4/2025 5:30:00 AM,33.028970
5/4/2025 5:35:00 AM,33.368713
5/4/2025 5:40:00 AM,34.667000
5/4/2025 5:45:00 AM,36.400150
5/4/2025 5:50:00 AM,37.901660
5/4/2025 5:55:00 AM,39.365063
5/4/2025 6:00:00 AM,34.075173
5/4/2025 6:05:00 AM,35.133766
5/4/2025 6:10:00 AM,35.855983
5/4/2025 6:15:00 AM,36.095800
5/4/2025 6:20:00 AM,37.164283
5/4/2025 6:25:00 AM,38.499893
5/4/2025 6:30:00 AM,36.946486
5/4/2025 6:35:00 AM,37.598553
5/4/2025 6:40:00 AM,37.685543
5/4/2025 6:45:00 AM,37.130706
5/4/2025 6:50:00 AM,34.162716
5/4/2025 6:55:00 AM,34.499993
5/4/2025 7:00:00 AM,38.696053
5/4/2025 7:05:00 AM,37.686466
5/4/2025 7:10:00 AM,37.245246
5/4/2025 7:15:00 AM,36.956396
5/4/2025 7:20:00 AM,33.272956
5/4/2025 7:25:00 AM,34.505210
5/4/2025 7:30:00 AM,37.379066
5/4/2025 7:35:00 AM,34.712373
5/4/2025 7:40:00 AM,32.427530
5/4/2025 7:45:00 AM,29.280753
5/4/2025 7:50:00 AM,28.049363
5/4/2025 7:55:00 AM,29.393540
5/4/2025 8:00:00 AM,40.076013
5/4/2025 8:05:00 AM,38.431660
5/4/2025 8:10:00 AM,32.992616
5/4/2025 8:15:00 AM,29.739126
5/4/2025 8:20:00 AM,30.187413
5/4/2025 8:25:00 AM,26.100686
5/4/2025 8:30:00 AM,26.806383
5/4/2025 8:35:00 AM,30.184790
5/4/2025 8:40:00 AM,31.299200
5/4/2025 8:45:00 AM,25.555963
5/4/2025 8:50:00 AM,24.207523
5/4/2025 8:55:00 AM,24.053566
5/4/2025 9:00:00 AM,18.496706
5/4/2025 9:05:00 AM,18.509210
5/4/2025 9:10:00 AM,17.278743
5/4/2025 9:15:00 AM,14.635346
5/4/2025 9:20:00 AM,14.396783
5/4/2025 9:25:00 AM,14.903723
5/4/2025 9:30:00 AM,5.639023
5/4/2025 9:35:00 AM,-0.689160
5/4/2025 9:40:00 AM,1.786866
5/4/2025 9:45:00 AM,0.200480
5/4/2025 9:50:00 AM,-1.370933
5/4/2025 9:55:00 AM,-1.272166
5/4/2025 10:00:00 AM,-1.378243
5/4/2025 10:05:00 AM,-2.077930
5/4/2025 10:10:00 AM,-2.455340
5/4/2025 10:15:00 AM,-3.425976
5/4/2025 10:20:00 AM,-4.548706
5/4/2025 10:25:00 AM,-5.544693
5/4/2025 10:30:00 AM,-6.510433
5/4/2025 10:35:00 AM,-8.254076
5/4/2025 10:40:00 AM,-8.254076
5/4/2025 10:45:00 AM,-8.244433
5/4/2025 10:50:00 AM,-8.590143
5/4/2025 10:55:00 AM,-8.394076
5/4/2025 11:00:00 AM,-3.809470
5/4/2025 11:05:00 AM,-4.078766
5/4/2025 11:10:00 AM,-5.413390
5/4/2025 11:15:00 AM,-6.460783
5/4/2025 11:20:00 AM,-8.430743
5/4/2025 11:25:00 AM,-8.306580
5/4/2025 11:30:00 AM,-8.560400
5/4/2025 11:35:00 AM,-8.560400
5/4/2025 11:40:00 AM,-8.543873
5/4/2025 11:45:00 AM,-5.402950
5/4/2025 11:50:00 AM,-8.208263
5/4/2025 11:55:00 AM,-7.213960
5/4/2025 12:00:00 PM,-5.574100
5/4/2025 12:05:00 PM,-3.449206
5/4/2025 12:10:00 PM,-3.053980
5/4/2025 12:15:00 PM,-3.016080
5/4/2025 12:20:00 PM,-1.985426
5/4/2025 12:25:00 PM,-2.374576
5/4/2025 12:30:00 PM,-1.686540
5/4/2025 12:35:00 PM,-1.686540
5/4/2025 12:40:00 PM,-1.684453
5/4/2025 12:45:00 PM,-0.942533
5/4/2025 12:50:00 PM,-0.944826
5/4/2025 12:55:00 PM,-0.944820
5/4/2025 1:00:00 PM,-1.994520
5/4/2025 1:05:00 PM,-0.627703
5/4/2025 1:10:00 PM,0.837856
5/4/2025 1:15:00 PM,2.447366
5/4/2025 1:20:00 PM,2.727446
5/4/2025 1:25:00 PM,5.294853
5/4/2025 1:30:00 PM,5.309646
5/4/2025 1:35:00 PM,4.055616
5/4/2025 1:40:00 PM,2.691546
5/4/2025 1:45:00 PM,6.448516
5/4/2025 1:50:00 PM,6.238200
5/4/2025 1:55:00 PM,7.534626
5/4/2025 2:00:00 PM,10.788030
5/4/2025 2:05:00 PM,12.987486
5/4/2025 2:10:00 PM,13.473130
5/4/2025 2:15:00 PM,13.497273
5/4/2025 2:20:00 PM,10.721123
5/4/2025 2:25:00 PM,12.771116
5/4/2025 2:30:00 PM,13.879760
5/4/2025 2:35:00 PM,15.486530
5/4/2025 2:40:00 PM,16.613946
5/4/2025 2:45:00 PM,18.002120
5/4/2025 2:50:00 PM,19.020346
5/4/2025 2:55:00 PM,18.126270
5/4/2025 3:00:00 PM,12.194583
5/4/2025 3:05:00 PM,12.048893
5/4/2025 3:10:00 PM,10.989153
5/4/2025 3:15:00 PM,10.537033
5/4/2025 3:20:00 PM,13.852873
5/4/2025 3:25:00 PM,18.775396
5/4/2025 3:30:00 PM,21.135526
5/4/2025 3:35:00 PM,21.894316
5/4/2025 3:40:00 PM,22.852580
5/4/2025 3:45:00 PM,23.283016
5/4/2025 3:50:00 PM,23.702263
5/4/2025 3:55:00 PM,25.035533
5/4/2025 4:00:00 PM,24.872483
5/4/2025 4:05:00 PM,25.845993
5/4/2025 4:10:00 PM,27.637166
5/4/2025 4:15:00 PM,28.188100
5/4/2025 4:20:00 PM,28.137616
5/4/2025 4:25:00 PM,28.101563
5/4/2025 4:30:00 PM,27.905050
5/4/2025 4:35:00 PM,27.821300
5/4/2025 4:40:00 PM,27.498443
5/4/2025 4:45:00 PM,27.266713
5/4/2025 4:50:00 PM,29.612700
5/4/2025 4:55:00 PM,30.153710
5/4/2025 5:00:00 PM,24.883390
5/4/2025 5:05:00 PM,25.007323
5/4/2025 5:10:00 PM,25.285413
5/4/2025 5:15:00 PM,22.939046
5/4/2025 5:20:00 PM,23.676530
5/4/2025 5:25:00 PM,26.324710
5/4/2025 5:30:00 PM,26.847780
5/4/2025 5:35:00 PM,27.269223
5/4/2025 5:40:00 PM,28.902656
5/4/2025 5:45:00 PM,29.720186
5/4/2025 5:50:00 PM,30.793520
5/4/2025 5:55:00 PM,30.613000
5/4/2025 6:00:00 PM,21.831040
5/4/2025 6:05:00 PM,21.457210
5/4/2025 6:10:00 PM,22.394296
5/4/2025 6:15:00 PM,23.505993
5/4/2025 6:20:00 PM,25.799166
5/4/2025 6:25:00 PM,29.842220
5/4/2025 6:30:00 PM,34.798943
5/4/2025 6:35:00 PM,36.002120
5/4/2025 6:40:00 PM,40.632953
5/4/2025 6:45:00 PM,40.181730
5/4/2025 6:50:00 PM,41.693366
5/4/2025 6:55:00 PM,43.619073
5/4/2025 7:00:00 PM,25.771933
5/4/2025 7:05:00 PM,26.738573
5/4/2025 7:10:00 PM,30.483230
5/4/2025 7:15:00 PM,30.451743
5/4/2025 7:20:00 PM,31.318150
5/4/2025 7:25:00 PM,33.927976
5/4/2025 7:30:00 PM,37.470450
5/4/2025 7:35:00 PM,37.684990
5/4/2025 7:40:00 PM,38.638546
5/4/2025 7:45:00 PM,39.721490
5/4/2025 7:50:00 PM,39.944056
5/4/2025 7:55:00 PM,40.336340
5/4/2025 8:00:00 PM,40.157703
5/4/2025 8:05:00 PM,41.015860
5/4/2025 8:10:00 PM,40.779403
5/4/2025 8:15:00 PM,39.767320
5/4/2025 8:20:00 PM,40.542503
5/4/2025 8:25:00 PM,40.803656
5/4/2025 8:30:00 PM,40.264946
5/4/2025 8:35:00 PM,40.439403
5/4/2025 8:40:00 PM,40.598716
5/4/2025 8:45:00 PM,42.452240
5/4/2025 8:50:00 PM,42.421280
5/4/2025 8:55:00 PM,41.680626
5/4/2025 9:00:00 PM,42.032226
5/4/2025 9:05:00 PM,41.794323
5/4/2025 9:10:00 PM,41.988416
5/4/2025 9:15:00 PM,40.908976
5/4/2025 9:20:00 PM,42.482126
5/4/2025 9:25:00 PM,42.717246
5/4/2025 9:30:00 PM,42.827016
5/4/2025 9:35:00 PM,42.596140
5/4/2025 9:40:00 PM,42.615883
5/4/2025 9:45:00 PM,42.273993
5/4/2025 9:50:00 PM,41.757843
5/4/2025 9:55:00 PM,41.597593
5/4/2025 10:00:00 PM,41.793073
5/4/2025 10:05:00 PM,42.114430
5/4/2025 10:10:00 PM,40.855306
5/4/2025 10:15:00 PM,39.947486
5/4/2025 10:20:00 PM,40.674363
5/4/2025 10:25:00 PM,40.245063
5/4/2025 10:30:00 PM,40.492493
5/4/2025 10:35:00 PM,40.877643
5/4/2025 10:40:00 PM,39.803896
5/4/2025 10:45:00 PM,40.714900
5/4/2025 10:50:00 PM,41.550776
5/4/2025 10:55:00 PM,41.954420
5/4/2025 11:00:00 PM,43.247873
5/4/2025 11:05:00 PM,43.177583
5/4/2025 11:10:00 PM,42.575390
5/4/2025 11:15:00 PM,42.225180
5/4/2025 11:20:00 PM,40.618753
5/4/2025 11:25:00 PM,41.330553
5/4/2025 11:30:00 PM,40.854500
5/4/2025 11:35:00 PM,41.063040
5/4/2025 11:40:00 PM,41.083920
5/4/2025 11:45:00 PM,36.852046
5/4/2025 11:50:00 PM,37.758203
5/4/2025 11:55:00 PM,37.233450
5/5/2025 12:00:00 AM,41.667906
5/5/2025 12:05:00 AM,38.827433
5/5/2025 12:10:00 AM,38.970513
5/5/2025 12:15:00 AM,36.531096
5/5/2025 12:20:00 AM,36.950050
5/5/2025 12:25:00 AM,35.116766
5/5/2025 12:30:00 AM,36.970813
5/5/2025 12:35:00 AM,34.854133
5/5/2025 12:40:00 AM,35.409133
5/5/2025 12:45:00 AM,31.981933
5/5/2025 12:50:00 AM,32.906510
5/5/2025 12:55:00 AM,32.499333
5/5/2025 1:00:00 AM,32.231853
5/5/2025 1:05:00 AM,32.360206
5/5/2025 1:10:00 AM,32.264153
5/5/2025 1:15:00 AM,31.722823
5/5/2025 1:20:00 AM,32.157810
5/5/2025 1:25:00 AM,32.157013
5/5/2025 1:30:00 AM,31.992663
5/5/2025 1:35:00 AM,31.794203
5/5/2025 1:40:00 AM,31.791206
5/5/2025 1:45:00 AM,31.629756
5/5/2025 1:50:00 AM,31.362856
5/5/2025 1:55:00 AM,30.932283
5/5/2025 2:00:00 AM,31.526036
5/5/2025 2:05:00 AM,30.919983
5/5/2025 2:10:00 AM,30.387220
5/5/2025 2:15:00 AM,31.450403
5/5/2025 2:20:00 AM,29.460216
5/5/2025 2:25:00 AM,28.497840
5/5/2025 2:30:00 AM,28.368160
5/5/2025 2:35:00 AM,28.469830
5/5/2025 2:40:00 AM,28.369290
5/5/2025 2:45:00 AM,28.362800
5/5/2025 2:50:00 AM,28.189340
5/5/2025 2:55:00 AM,27.948180
5/5/2025 3:00:00 AM,27.908286
5/5/2025 3:05:00 AM,27.908286
5/5/2025 3:10:00 AM,27.670623
5/5/2025 3:15:00 AM,27.643363
5/5/2025 3:20:00 AM,27.833916
5/5/2025 3:25:00 AM,27.833916
5/5/2025 3:30:00 AM,27.453040
5/5/2025 3:35:00 AM,29.532000
5/5/2025 3:40:00 AM,27.877856
5/5/2025 3:45:00 AM,27.956680
5/5/2025 3:50:00 AM,28.199556
5/5/2025 3:55:00 AM,27.956680
5/5/2025 4:00:00 AM,26.492446
5/5/2025 4:05:00 AM,27.326273
5/5/2025 4:10:00 AM,27.610280
5/5/2025 4:15:00 AM,28.230160
5/5/2025 4:20:00 AM,31.071016
5/5/2025 4:25:00 AM,30.858543
5/5/2025 4:30:00 AM,31.328186
5/5/2025 4:35:00 AM,31.585740
5/5/2025 4:40:00 AM,31.946390
5/5/2025 4:45:00 AM,32.964046
5/5/2025 4:50:00 AM,34.925500
5/5/2025 4:55:00 AM,34.895116
5/5/2025 5:00:00 AM,30.691140
5/5/2025 5:05:00 AM,28.419943
5/5/2025 5:10:00 AM,30.330206
5/5/2025 5:15:00 AM,31.941800
5/5/2025 5:20:00 AM,35.191690
5/5/2025 5:25:00 AM,36.137783
5/5/2025 5:30:00 AM,36.203466
5/5/2025 5:35:00 AM,37.141303
5/5/2025 5:40:00 AM,37.379983
5/5/2025 5:45:00 AM,37.876186
5/5/2025 5:50:00 AM,38.154300
5/5/2025 5:55:00 AM,39.395513
5/5/2025 6:00:00 AM,31.508450
5/5/2025 6:05:00 AM,32.285816
5/5/2025 6:10:00 AM,31.745563
5/5/2025 6:15:00 AM,32.313783
5/5/2025 6:20:00 AM,33.999586
5/5/2025 6:25:00 AM,34.242583
5/5/2025 6:30:00 AM,37.951660
5/5/2025 6:35:00 AM,38.490036
5/5/2025 6:40:00 AM,38.285943
5/5/2025 6:45:00 AM,39.225056
5/5/2025 6:50:00 AM,39.851906
5/5/2025 6:55:00 AM,40.525843
5/5/2025 7:00:00 AM,48.953030
5/5/2025 7:05:00 AM,49.752290
5/5/2025 7:10:00 AM,46.223886
5/5/2025 7:15:00 AM,43.052893
5/5/2025 7:20:00 AM,41.406706
5/5/2025 7:25:00 AM,39.655976
5/5/2025 7:30:00 AM,36.673036
5/5/2025 7:35:00 AM,35.060403
5/5/2025 7:40:00 AM,37.652803
5/5/2025 7:45:00 AM,30.966280
5/5/2025 7:50:00 AM,31.720103
5/5/2025 7:55:00 AM,26.035060
5/5/2025 8:00:00 AM,30.009193
5/5/2025 8:05:00 AM,35.220226
5/5/2025 8:10:00 AM,34.453660
5/5/2025 8:15:00 AM,35.327703
5/5/2025 8:20:00 AM,34.304400
5/5/2025 8:25:00 AM,34.575600
5/5/2025 8:30:00 AM,34.990496
5/5/2025 8:35:00 AM,31.065056
5/5/2025 8:40:00 AM,29.612086
5/5/2025 8:45:00 AM,29.317343
5/5/2025 8:50:00 AM,27.110326
5/5/2025 8:55:00 AM,28.314913
5/5/2025 9:00:00 AM,27.115736
5/5/2025 9:05:00 AM,23.198786
5/5/2025 9:10:00 AM,21.477626
5/5/2025 9:15:00 AM,20.982066
5/5/2025 9:20:00 AM,20.301430
5/5/2025 9:25:00 AM,16.692253
5/5/2025 9:30:00 AM,16.528280
5/5/2025 9:35:00 AM,16.567713
5/5/2025 9:40:00 AM,16.206543
5/5/2025 9:45:00 AM,15.322763
5/5/2025 9:50:00 AM,13.647813
5/5/2025 9:55:00 AM,13.638130
5/5/2025 10:00:00 AM,16.275550
5/5/2025 10:05:00 AM,16.101676
5/5/2025 10:10:00 AM,15.818020
5/5/2025 10:15:00 AM,16.376883
5/5/2025 10:20:00 AM,15.393736
5/5/2025 10:25:00 AM,15.002850
5/5/2025 10:30:00 AM,14.626443
5/5/2025 10:35:00 AM,14.652013
5/5/2025 10:40:00 AM,14.626833
5/5/2025 10:45:00 AM,14.594690
5/5/2025 10:50:00 AM,13.623200
5/5/2025 10:55:00 AM,13.095816
5/5/2025 11:00:00 AM,15.155546
5/5/2025 11:05:00 AM,14.572016
5/5/2025 11:10:00 AM,13.888653
5/5/2025 11:15:00 AM,14.542516
5/5/2025 11:20:00 AM,6.417123
5/5/2025 11:25:00 AM,10.640496
5/5/2025 11:30:00 AM,11.747920
5/5/2025 11:35:00 AM,13.625230
5/5/2025 11:40:00 AM,11.854403
5/5/2025 11:45:00 AM,8.356803
5/5/2025 11:50:00 AM,8.176720
5/5/2025 11:55:00 AM,8.296796
5/5/2025 12:00:00 PM,10.883930
5/5/2025 12:05:00 PM,7.384390
5/5/2025 12:10:00 PM,8.399146
5/5/2025 12:15:00 PM,9.971306
5/5/2025 12:20:00 PM,7.887290
5/5/2025 12:25:00 PM,4.972536
5/5/2025 12:30:00 PM,1.107156
5/5/2025 12:35:00 PM,1.187880
5/5/2025 12:40:00 PM,1.460280
5/5/2025 12:45:00 PM,7.396830
5/5/2025 12:50:00 PM,7.098460
5/5/2025 12:55:00 PM,7.025040
5/5/2025 1:00:00 PM,12.405860
5/5/2025 1:05:00 PM,13.010110
5/5/2025 1:10:00 PM,13.197063
5/5/2025 1:15:00 PM,13.966263
5/5/2025 1:20:00 PM,13.856836
5/5/2025 1:25:00 PM,14.833506
5/5/2025 1:30:00 PM,15.967016
5/5/2025 1:35:00 PM,15.579236
5/5/2025 1:40:00 PM,16.598293
5/5/2025 1:45:00 PM,18.599356
5/5/2025 1:50:00 PM,17.674616
5/5/2025 1:55:00 PM,16.903526
5/5/2025 2:00:00 PM,16.675816
5/5/2025 2:05:00 PM,16.861516
5/5/2025 2:10:00 PM,17.441360
5/5/2025 2:15:00 PM,18.551980
5/5/2025 2:20:00 PM,18.459850
5/5/2025 2:25:00 PM,18.444923
5/5/2025 2:30:00 PM,19.203290
5/5/2025 2:35:00 PM,20.436893
5/5/2025 2:40:00 PM,20.736300
5/5/2025 2:45:00 PM,22.173860
5/5/2025 2:50:00 PM,25.618250
5/5/2025 2:55:00 PM,27.496206
5/5/2025 3:00:00 PM,29.300096
5/5/2025 3:05:00 PM,29.198500
5/5/2025 3:10:00 PM,30.121203
5/5/2025 3:15:00 PM,31.842473
5/5/2025 3:20:00 PM,31.200300
5/5/2025 3:25:00 PM,28.865796
5/5/2025 3:30:00 PM,28.739366
5/5/2025 3:35:00 PM,30.496916
5/5/2025 3:40:00 PM,31.451493
5/5/2025 3:45:00 PM,30.755680
5/5/2025 3:50:00 PM,27.662143
5/5/2025 3:55:00 PM,26.014070
5/5/2025 4:00:00 PM,23.083560
5/5/2025 4:05:00 PM,23.429616
5/5/2025 4:10:00 PM,26.784436
5/5/2025 4:15:00 PM,25.954186
5/5/2025 4:20:00 PM,26.435603
5/5/2025 4:25:00 PM,25.479466
5/5/2025 4:30:00 PM,23.265570
5/5/2025 4:35:00 PM,21.863626
5/5/2025 4:40:00 PM,21.105630
5/5/2025 4:45:00 PM,21.825590
5/5/2025 4:50:00 PM,21.752926
5/5/2025 4:55:00 PM,21.835323
5/5/2025 5:00:00 PM,21.015356
5/5/2025 5:05:00 PM,15.948653
5/5/2025 5:10:00 PM,15.432366
5/5/2025 5:15:00 PM,17.691413
5/5/2025 5:20:00 PM,16.497263
5/5/2025 5:25:00 PM,15.734306
5/5/2025 5:30:00 PM,19.135933
5/5/2025 5:35:00 PM,22.905783
5/5/2025 5:40:00 PM,23.709936
5/5/2025 5:45:00 PM,31.462020
5/5/2025 5:50:00 PM,35.930363
5/5/2025 5:55:00 PM,37.268590
5/5/2025 6:00:00 PM,27.631230
5/5/2025 6:05:00 PM,27.315813
5/5/2025 6:10:00 PM,27.294493
5/5/2025 6:15:00 PM,28.260566
5/5/2025 6:20:00 PM,30.278110
5/5/2025 6:25:00 PM,30.941963
5/5/2025 6:30:00 PM,32.744773
5/5/2025 6:35:00 PM,34.439990
5/5/2025 6:40:00 PM,37.457903
5/5/2025 6:45:00 PM,38.371946
5/5/2025 6:50:00 PM,38.501740
5/5/2025 6:55:00 PM,40.999640
5/5/2025 7:00:00 PM,33.531913
5/5/2025 7:05:00 PM,33.789080
5/5/2025 7:10:00 PM,34.469676
5/5/2025 7:15:00 PM,34.961450
5/5/2025 7:20:00 PM,37.346503
5/5/2025 7:25:00 PM,39.721150
5/5/2025 7:30:00 PM,40.138540
5/5/2025 7:35:00 PM,43.851730
5/5/2025 7:40:00 PM,47.933580
5/5/2025 7:45:00 PM,47.249950
5/5/2025 7:50:00 PM,48.487253
5/5/2025 7:55:00 PM,48.825370
5/5/2025 8:00:00 PM,50.370626
5/5/2025 8:05:00 PM,50.737796
5/5/2025 8:10:00 PM,53.378113
5/5/2025 8:15:00 PM,49.545260
5/5/2025 8:20:00 PM,52.774980
5/5/2025 8:25:00 PM,54.738646
5/5/2025 8:30:00 PM,50.197420
5/5/2025 8:35:00 PM,52.509140
5/5/2025 8:40:00 PM,53.616506
5/5/2025 8:45:00 PM,53.553683
5/5/2025 8:50:00 PM,52.873473
5/5/2025 8:55:00 PM,51.303546
5/5/2025 9:00:00 PM,49.915713
5/5/2025 9:05:00 PM,49.833246
5/5/2025 9:10:00 PM,52.504656
5/5/2025 9:15:00 PM,52.948400
5/5/2025 9:20:00 PM,53.765486
5/5/2025 9:25:00 PM,53.578766
5/5/2025 9:30:00 PM,53.167613
5/5/2025 9:35:00 PM,51.849383
5/5/2025 9:40:00 PM,51.508603
5/5/2025 9:45:00 PM,49.317996
5/5/2025 9:50:00 PM,48.589330
5/5/2025 9:55:00 PM,46.955746
5/5/2025 10:00:00 PM,47.336240
5/5/2025 10:05:00 PM,47.277603
5/5/2025 10:10:00 PM,45.567370
5/5/2025 10:15:00 PM,46.183510
5/5/2025 10:20:00 PM,46.181916
5/5/2025 10:25:00 PM,45.431300
5/5/2025 10:30:00 PM,44.707356
5/5/2025 10:35:00 PM,44.815023
5/5/2025 10:40:00 PM,44.714673
5/5/2025 10:45:00 PM,45.122000
5/5/2025 10:50:00 PM,44.327893
5/5/2025 10:55:00 PM,43.052643
5/5/2025 11:00:00 PM,44.896940
5/5/2025 11:05:00 PM,44.904900
5/5/2025 11:10:00 PM,44.592000
5/5/2025 11:15:00 PM,44.374353
5/5/2025 11:20:00 PM,44.001523
5/5/2025 11:25:00 PM,43.145330
5/5/2025 11:30:00 PM,39.867406
5/5/2025 11:35:00 PM,40.166820
5/5/2025 11:40:00 PM,41.812500
5/5/2025 11:45:00 PM,42.702413
5/5/2025 11:50:00 PM,44.767930
5/5/2025 11:55:00 PM,45.593086
5/6/2025 12:00:00 AM,42.814363
5/6/2025 12:05:00 AM,45.371380
5/6/2025 12:10:00 AM,43.691933
5/6/2025 12:15:00 AM,38.970320
5/6/2025 12:20:00 AM,41.375360
5/6/2025 12:25:00 AM,41.530153
5/6/2025 12:30:00 AM,42.888586
5/6/2025 12:35:00 AM,43.472750
5/6/2025 12:40:00 AM,43.533623
5/6/2025 12:45:00 AM,41.854496
5/6/2025 12:50:00 AM,42.679663
5/6/2025 12:55:00 AM,43.242320
5/6/2025 1:00:00 AM,44.901510
5/6/2025 1:05:00 AM,43.949670
5/6/2025 1:10:00 AM,38.811360
5/6/2025 1:15:00 AM,39.873923
5/6/2025 1:20:00 AM,40.024120
5/6/2025 1:25:00 AM,40.239410
5/6/2025 1:30:00 AM,40.480600
5/6/2025 1:35:00 AM,39.498270
5/6/2025 1:40:00 AM,38.815676
5/6/2025 1:45:00 AM,37.919636
5/6/2025 1:50:00 AM,38.142900
5/6/2025 1:55:00 AM,38.541523
5/6/2025 2:00:00 AM,40.868876
5/6/2025 2:05:00 AM,41.090660
5/6/2025 2:10:00 AM,39.841730
5/6/2025 2:15:00 AM,39.663836
5/6/2025 2:20:00 AM,40.006683
5/6/2025 2:25:00 AM,39.759033
5/6/2025 2:30:00 AM,39.697150
5/6/2025 2:35:00 AM,39.679230
5/6/2025 2:40:00 AM,39.347790
5/6/2025 2:45:00 AM,38.992760
5/6/2025 2:50:00 AM,38.997663
5/6/2025 2:55:00 AM,39.587200
5/6/2025 3:00:00 AM,38.362806
5/6/2025 3:05:00 AM,39.525380
5/6/2025 3:10:00 AM,43.116630
5/6/2025 3:15:00 AM,42.597856
5/6/2025 3:20:00 AM,44.637856
5/6/2025 3:25:00 AM,43.485503
5/6/2025 3:30:00 AM,42.496246
5/6/2025 3:35:00 AM,39.614853
5/6/2025 3:40:00 AM,39.041893
5/6/2025 3:45:00 AM,38.497023
5/6/2025 3:50:00 AM,39.266013
5/6/2025 3:55:00 AM,39.276466
5/6/2025 4:00:00 AM,36.374120
5/6/2025 4:05:00 AM,37.158996
5/6/2025 4:10:00 AM,37.612590
5/6/2025 4:15:00 AM,37.831760
5/6/2025 4:20:00 AM,37.850160
5/6/2025 4:25:00 AM,38.591426
5/6/2025 4:30:00 AM,42.067040
5/6/2025 4:35:00 AM,42.044576
5/6/2025 4:40:00 AM,42.592226
5/6/2025 4:45:00 AM,42.485340
5/6/2025 4:50:00 AM,43.601183
5/6/2025 4:55:00 AM,44.107743
5/6/2025 5:00:00 AM,28.627396
5/6/2025 5:05:00 AM,29.498516
5/6/2025 5:10:00 AM,29.352036
5/6/2025 5:15:00 AM,31.029603
5/6/2025 5:20:00 AM,33.674816
5/6/2025 5:25:00 AM,36.821813
5/6/2025 5:30:00 AM,38.223563
5/6/2025 5:35:00 AM,38.726223
5/6/2025 5:40:00 AM,38.991730
5/6/2025 5:45:00 AM,43.706723
5/6/2025 5:50:00 AM,44.389466
5/6/2025 5:55:00 AM,47.939670
5/6/2025 6:00:00 AM,49.755470
5/6/2025 6:05:00 AM,50.844510
5/6/2025 6:10:00 AM,51.028036
5/6/2025 6:15:00 AM,53.318913
5/6/2025 6:20:00 AM,63.127083
5/6/2025 6:25:00 AM,60.797123
5/6/2025 6:30:00 AM,64.790573
5/6/2025 6:35:00 AM,53.922350
5/6/2025 6:40:00 AM,52.959416
5/6/2025 6:45:00 AM,53.335096
5/6/2025 6:50:00 AM,53.748896
5/6/2025 6:55:00 AM,52.698900
5/6/2025 7:00:00 AM,50.041533
5/6/2025 7:05:00 AM,48.387780
5/6/2025 7:10:00 AM,48.155156
5/6/2025 7:15:00 AM,39.387920
5/6/2025 7:20:00 AM,34.160286
5/6/2025 7:25:00 AM,32.658860
5/6/2025 7:30:00 AM,29.722806
5/6/2025 7:35:00 AM,23.916436
5/6/2025 7:40:00 AM,21.244956
5/6/2025 7:45:00 AM,20.074796
5/6/2025 7:50:00 AM,19.842093
5/6/2025 7:55:00 AM,20.579500
5/6/2025 8:00:00 AM,30.380413
5/6/2025 8:05:00 AM,30.546976
5/6/2025 8:10:00 AM,30.951803
5/6/2025 8:15:00 AM,25.829466
5/6/2025 8:20:00 AM,24.936256
5/6/2025 8:25:00 AM,22.944010
5/6/2025 8:30:00 AM,21.179816
5/6/2025 8:35:00 AM,19.482553
5/6/2025 8:40:00 AM,18.251610
5/6/2025 8:45:00 AM,15.810483
5/6/2025 8:50:00 AM,15.609116
5/6/2025 8:55:00 AM,14.150596
5/6/2025 9:00:00 AM,20.611626
5/6/2025 9:05:00 AM,18.560543
5/6/2025 9:10:00 AM,17.247996
5/6/2025 9:15:00 AM,16.411220
5/6/2025 9:20:00 AM,14.430796
5/6/2025 9:25:00 AM,11.947730
5/6/2025 9:30:00 AM,12.318683
5/6/2025 9:35:00 AM,11.180896
5/6/2025 9:40:00 AM,10.013016
5/6/2025 9:45:00 AM,9.862800
5/6/2025 9:50:00 AM,8.917143
5/6/2025 9:55:00 AM,8.295423
5/6/2025 10:00:00 AM,11.772730
5/6/2025 10:05:00 AM,11.772730
5/6/2025 10:10:00 AM,11.791286
5/6/2025 10:15:00 AM,10.866423
5/6/2025 10:20:00 AM,10.537540
5/6/2025 10:25:00 AM,8.857933
5/6/2025 10:30:00 AM,9.147483
5/6/2025 10:35:00 AM,8.614866
5/6/2025 10:40:00 AM,8.053810
5/6/2025 10:45:00 AM,8.536006
5/6/2025 10:50:00 AM,8.301910
5/6/2025 10:55:00 AM,7.880183
5/6/2025 11:00:00 AM,12.810653
5/6/2025 11:05:00 AM,10.646540
5/6/2025 11:10:00 AM,10.270146
5/6/2025 11:15:00 AM,11.636150
5/6/2025 11:20:00 AM,10.794136
5/6/2025 11:25:00 AM,10.866000
5/6/2025 11:30:00 AM,11.387283
5/6/2025 11:35:00 AM,11.458650
5/6/2025 11:40:00 AM,12.661463
5/6/2025 11:45:00 AM,13.633823
5/6/2025 11:50:00 AM,13.863500
5/6/2025 11:55:00 AM,15.056560
5/6/2025 12:00:00 PM,12.703540
5/6/2025 12:05:00 PM,11.079880
5/6/2025 12:10:00 PM,11.237346
5/6/2025 12:15:00 PM,9.524393
5/6/2025 12:20:00 PM,8.920093
5/6/2025 12:25:00 PM,9.567753
5/6/2025 12:30:00 PM,9.537580
5/6/2025 12:35:00 PM,8.970393
5/6/2025 12:40:00 PM,9.481376
5/6/2025 12:45:00 PM,9.500833
5/6/2025 12:50:00 PM,9.340460
5/6/2025 12:55:00 PM,8.645746
5/6/2025 1:00:00 PM,10.580370
5/6/2025 1:05:00 PM,10.858576
5/6/2025 1:10:00 PM,10.976150
5/6/2025 1:15:00 PM,11.243086
5/6/2025 1:20:00 PM,11.386240
5/6/2025 1:25:00 PM,11.049580
5/6/2025 1:30:00 PM,10.500323
5/6/2025 1:35:00 PM,11.989403
5/6/2025 1:40:00 PM,11.712286
5/6/2025 1:45:00 PM,11.539183
5/6/2025 1:50:00 PM,10.904610
5/6/2025 1:55:00 PM,10.623240
5/6/2025 2:00:00 PM,12.387093
5/6/2025 2:05:00 PM,12.895333
5/6/2025 2:10:00 PM,15.034113
5/6/2025 2:15:00 PM,15.335393
5/6/2025 2:20:00 PM,16.115110
5/6/2025 2:25:00 PM,16.649146
5/6/2025 2:30:00 PM,16.389716
5/6/2025 2:35:00 PM,14.701446
5/6/2025 2:40:00 PM,14.846530
5/6/2025 2:45:00 PM,13.807670
5/6/2025 2:50:00 PM,13.339210
5/6/2025 2:55:00 PM,13.216713
5/6/2025 3:00:00 PM,18.439310
5/6/2025 3:05:00 PM,19.202296
5/6/2025 3:10:00 PM,19.943503
5/6/2025 3:15:00 PM,21.085803
5/6/2025 3:20:00 PM,21.185946
5/6/2025 3:25:00 PM,20.893816
5/6/2025 3:30:00 PM,21.097450
5/6/2025 3:35:00 PM,19.743533
5/6/2025 3:40:00 PM,15.671593
5/6/2025 3:45:00 PM,15.359066
5/6/2025 3:50:00 PM,12.861973
5/6/2025 3:55:00 PM,14.669320
5/6/2025 4:00:00 PM,9.163300
5/6/2025 4:05:00 PM,9.575126
5/6/2025 4:10:00 PM,9.987483
5/6/2025 4:15:00 PM,11.716680
5/6/2025 4:20:00 PM,12.501726
5/6/2025 4:25:00 PM,12.438813
5/6/2025 4:30:00 PM,14.132486
5/6/2025 4:35:00 PM,12.402256
5/6/2025 4:40:00 PM,12.683853
5/6/2025 4:45:00 PM,16.672443
5/6/2025 4:50:00 PM,14.199723
5/6/2025 4:55:00 PM,14.206096
5/6/2025 5:00:00 PM,13.808740
5/6/2025 5:05:00 PM,13.910353
5/6/2025 5:10:00 PM,14.699023
5/6/2025 5:15:00 PM,18.687516
5/6/2025 5:20:00 PM,21.131653
5/6/2025 5:25:00 PM,21.103806
5/6/2025 5:30:00 PM,24.834880
5/6/2025 5:35:00 PM,22.638786
5/6/2025 5:40:00 PM,26.714220
5/6/2025 5:45:00 PM,31.619193
5/6/2025 5:50:00 PM,32.428686
5/6/2025 5:55:00 PM,33.128536
5/6/2025 6:00:00 PM,25.866440
5/6/2025 6:05:00 PM,24.969403
5/6/2025 6:10:00 PM,27.257033
5/6/2025 6:15:00 PM,30.078116
5/6/2025 6:20:00 PM,33.247793
5/6/2025 6:25:00 PM,37.793433
5/6/2025 6:30:00 PM,42.035590
5/6/2025 6:35:00 PM,45.730620
5/6/2025 6:40:00 PM,61.560026
5/6/2025 6:45:00 PM,70.198553
5/6/2025 6:50:00 PM,75.282303
5/6/2025 6:55:00 PM,75.133080
5/6/2025 7:00:00 PM,42.722660
5/6/2025 7:05:00 PM,43.425720
5/6/2025 7:10:00 PM,43.989483
5/6/2025 7:15:00 PM,44.447576
5/6/2025 7:20:00 PM,47.313346
5/6/2025 7:25:00 PM,47.903220
5/6/2025 7:30:00 PM,49.042910
5/6/2025 7:35:00 PM,48.462016
5/6/2025 7:40:00 PM,49.053160
5/6/2025 7:45:00 PM,50.078406
5/6/2025 7:50:00 PM,50.203726
5/6/2025 7:55:00 PM,51.285390
5/6/2025 8:00:00 PM,45.226266
5/6/2025 8:05:00 PM,45.195283
5/6/2025 8:10:00 PM,45.035380
5/6/2025 8:15:00 PM,45.159773
5/6/2025 8:20:00 PM,44.966683
5/6/2025 8:25:00 PM,45.179120
5/6/2025 8:30:00 PM,44.218923
5/6/2025 8:35:00 PM,44.429480
5/6/2025 8:40:00 PM,44.298460
5/6/2025 8:45:00 PM,43.987513
5/6/2025 8:50:00 PM,43.684450
5/6/2025 8:55:00 PM,44.089913
5/6/2025 9:00:00 PM,44.570360
5/6/2025 9:05:00 PM,44.428460
5/6/2025 9:10:00 PM,42.947703
5/6/2025 9:15:00 PM,42.672180
5/6/2025 9:20:00 PM,43.183440
5/6/2025 9:25:00 PM,43.688353
5/6/2025 9:30:00 PM,42.452366
5/6/2025 9:35:00 PM,42.143346
5/6/2025 9:40:00 PM,42.507850
5/6/2025 9:45:00 PM,42.240713
5/6/2025 9:50:00 PM,42.524823
5/6/2025 9:55:00 PM,42.241633
5/6/2025 10:00:00 PM,50.719933
5/6/2025 10:05:00 PM,50.740140
5/6/2025 10:10:00 PM,51.978553
5/6/2025 10:15:00 PM,51.783920
5/6/2025 10:20:00 PM,51.158310
5/6/2025 10:25:00 PM,50.985580
5/6/2025 10:30:00 PM,51.649426
5/6/2025 10:35:00 PM,51.611616
5/6/2025 10:40:00 PM,51.570900
5/6/2025 10:45:00 PM,50.281356
5/6/2025 10:50:00 PM,49.216790
5/6/2025 10:55:00 PM,48.291186
5/6/2025 11:00:00 PM,50.292656
5/6/2025 11:05:00 PM,51.526203
5/6/2025 11:10:00 PM,50.226590
5/6/2025 11:15:00 PM,47.068763
5/6/2025 11:20:00 PM,47.811833
5/6/2025 11:25:00 PM,46.460650
5/6/2025 11:30:00 PM,45.489683
5/6/2025 11:35:00 PM,42.786576
5/6/2025 11:40:00 PM,43.005723
5/6/2025 11:45:00 PM,42.002903
5/6/2025 11:50:00 PM,44.499986
5/6/2025 11:55:00 PM,46.482923
5/7/2025 12:00:00 AM,49.381330
5/7/2025 12:05:00 AM,50.266820
5/7/2025 12:10:00 AM,46.283446
5/7/2025 12:15:00 AM,45.556446
5/7/2025 12:20:00 AM,45.367033
5/7/2025 12:25:00 AM,43.456476
5/7/2025 12:30:00 AM,44.591183
5/7/2025 12:35:00 AM,42.065690
5/7/2025 12:40:00 AM,41.118283
5/7/2025 12:45:00 AM,39.046320
5/7/2025 12:50:00 AM,40.114403
5/7/2025 12:55:00 AM,40.284373
5/7/2025 1:00:00 AM,41.557010
5/7/2025 1:05:00 AM,42.201806
5/7/2025 1:10:00 AM,41.177816
5/7/2025 1:15:00 AM,40.252316
5/7/2025 1:20:00 AM,40.548543
5/7/2025 1:25:00 AM,39.647666
5/7/2025 1:30:00 AM,40.253470
5/7/2025 1:35:00 AM,40.502356
5/7/2025 1:40:00 AM,40.283716
5/7/2025 1:45:00 AM,40.627750
5/7/2025 1:50:00 AM,40.970863
5/7/2025 1:55:00 AM,39.110490
5/7/2025 2:00:00 AM,39.672380
5/7/2025 2:05:00 AM,39.672380
5/7/2025 2:10:00 AM,39.812800
5/7/2025 2:15:00 AM,39.551650
5/7/2025 2:20:00 AM,39.338003
5/7/2025 2:25:00 AM,38.681880
5/7/2025 2:30:00 AM,38.650163
5/7/2025 2:35:00 AM,38.650163
5/7/2025 2:40:00 AM,38.155216
5/7/2025 2:45:00 AM,38.124170
5/7/2025 2:50:00 AM,38.124170
5/7/2025 2:55:00 AM,38.124170
5/7/2025 3:00:00 AM,38.058663
5/7/2025 3:05:00 AM,38.160386
5/7/2025 3:10:00 AM,36.636233
5/7/2025 3:15:00 AM,37.030416
5/7/2025 3:20:00 AM,37.749150
5/7/2025 3:25:00 AM,37.125560
5/7/2025 3:30:00 AM,37.111740
5/7/2025 3:35:00 AM,37.121216
5/7/2025 3:40:00 AM,37.373150
5/7/2025 3:45:00 AM,37.610533
5/7/2025 3:50:00 AM,38.214986
5/7/2025 3:55:00 AM,38.673140
5/7/2025 4:00:00 AM,35.942816
5/7/2025 4:05:00 AM,35.598656
5/7/2025 4:10:00 AM,36.824356
5/7/2025 4:15:00 AM,36.583340
5/7/2025 4:20:00 AM,38.636223
5/7/2025 4:25:00 AM,40.150000
5/7/2025 4:30:00 AM,42.393420
5/7/2025 4:35:00 AM,43.171976
5/7/2025 4:40:00 AM,42.248180
5/7/2025 4:45:00 AM,41.479383
5/7/2025 4:50:00 AM,40.983363
5/7/2025 4:55:00 AM,42.997440
5/7/2025 5:00:00 AM,34.573740
5/7/2025 5:05:00 AM,32.700870
5/7/2025 5:10:00 AM,36.699536
5/7/2025 5:15:00 AM,35.573543
5/7/2025 5:20:00 AM,37.719136
5/7/2025 5:25:00 AM,37.630806
5/7/2025 5:30:00 AM,37.564213
5/7/2025 5:35:00 AM,37.892726
5/7/2025 5:40:00 AM,38.281576
5/7/2025 5:45:00 AM,38.984133
5/7/2025 5:50:00 AM,39.703410
5/7/2025 5:55:00 AM,41.492650
5/7/2025 6:00:00 AM,35.629040
5/7/2025 6:05:00 AM,36.337640
5/7/2025 6:10:00 AM,37.208436
5/7/2025 6:15:00 AM,37.173960
5/7/2025 6:20:00 AM,39.014263
5/7/2025 6:25:00 AM,38.310090
5/7/2025 6:30:00 AM,37.100186
5/7/2025 6:35:00 AM,35.752193
5/7/2025 6:40:00 AM,33.173296
5/7/2025 6:45:00 AM,30.740720
5/7/2025 6:50:00 AM,28.785280
5/7/2025 6:55:00 AM,27.156800
5/7/2025 7:00:00 AM,32.208193
5/7/2025 7:05:00 AM,30.939270
5/7/2025 7:10:00 AM,29.168423
5/7/2025 7:15:00 AM,28.043416
5/7/2025 7:20:00 AM,21.626866
5/7/2025 7:25:00 AM,18.818363
5/7/2025 7:30:00 AM,17.526010
5/7/2025 7:35:00 AM,17.547773
5/7/2025 7:40:00 AM,17.138433
5/7/2025 7:45:00 AM,16.946813
5/7/2025 7:50:00 AM,16.289770
5/7/2025 7:55:00 AM,16.614903
5/7/2025 8:00:00 AM,14.901340
5/7/2025 8:05:00 AM,18.532863
5/7/2025 8:10:00 AM,18.220180
5/7/2025 8:15:00 AM,18.243966
5/7/2025 8:20:00 AM,17.693786
5/7/2025 8:25:00 AM,14.232510
5/7/2025 8:30:00 AM,15.640760
5/7/2025 8:35:00 AM,14.329030
5/7/2025 8:40:00 AM,14.070030
5/7/2025 8:45:00 AM,12.005760
5/7/2025 8:50:00 AM,11.906470
5/7/2025 8:55:00 AM,12.398180
5/7/2025 9:00:00 AM,16.101233
5/7/2025 9:05:00 AM,15.726680
5/7/2025 9:10:00 AM,15.529306
5/7/2025 9:15:00 AM,12.844706
5/7/2025 9:20:00 AM,11.436840
5/7/2025 9:25:00 AM,11.214706
5/7/2025 9:30:00 AM,11.540646
5/7/2025 9:35:00 AM,10.861736
5/7/2025 9:40:00 AM,9.697756
5/7/2025 9:45:00 AM,10.876783
5/7/2025 9:50:00 AM,9.374763
5/7/2025 9:55:00 AM,10.348816
5/7/2025 10:00:00 AM,11.579763
5/7/2025 10:05:00 AM,11.139363
5/7/2025 10:10:00 AM,10.711550
5/7/2025 10:15:00 AM,11.057990
5/7/2025 10:20:00 AM,11.122373
5/7/2025 10:25:00 AM,11.041010
5/7/2025 10:30:00 AM,5.632373
5/7/2025 10:35:00 AM,8.950306
5/7/2025 10:40:00 AM,9.081036
5/7/2025 10:45:00 AM,4.704256
5/7/2025 10:50:00 AM,4.865346
5/7/2025 10:55:00 AM,3.142076
5/7/2025 11:00:00 AM,9.475760
5/7/2025 11:05:00 AM,7.231496
5/7/2025 11:10:00 AM,5.403590
5/7/2025 11:15:00 AM,5.317863
5/7/2025 11:20:00 AM,6.661786
5/7/2025 11:25:00 AM,4.502126
5/7/2025 11:30:00 AM,6.213620
5/7/2025 11:35:00 AM,4.511360
5/7/2025 11:40:00 AM,2.914353
5/7/2025 11:45:00 AM,5.012426
5/7/2025 11:50:00 AM,4.640623
5/7/2025 11:55:00 AM,6.370980
5/7/2025 12:00:00 PM,5.153810
5/7/2025 12:05:00 PM,4.248826
5/7/2025 12:10:00 PM,4.814123
5/7/2025 12:15:00 PM,5.028600
5/7/2025 12:20:00 PM,8.130016
5/7/2025 12:25:00 PM,7.606273
5/7/2025 12:30:00 PM,5.853916
5/7/2025 12:35:00 PM,6.177220
5/7/2025 12:40:00 PM,5.334623
5/7/2025 12:45:00 PM,4.430790
5/7/2025 12:50:00 PM,3.711340
5/7/2025 12:55:00 PM,2.230420
5/7/2025 1:00:00 PM,5.787153
5/7/2025 1:05:00 PM,3.232820
5/7/2025 1:10:00 PM,2.117903
5/7/2025 1:15:00 PM,1.845266
5/7/2025 1:20:00 PM,1.321376
5/7/2025 1:25:00 PM,1.894573
5/7/2025 1:30:00 PM,3.582316
5/7/2025 1:35:00 PM,2.078430
5/7/2025 1:40:00 PM,2.080836
5/7/2025 1:45:00 PM,0.771376
5/7/2025 1:50:00 PM,-1.312430
5/7/2025 1:55:00 PM,-0.462923
5/7/2025 2:00:00 PM,1.259966
5/7/2025 2:05:00 PM,1.045270
5/7/2025 2:10:00 PM,3.167386
5/7/2025 2:15:00 PM,4.612760
5/7/2025 2:20:00 PM,4.858516
5/7/2025 2:25:00 PM,5.040523
5/7/2025 2:30:00 PM,4.391193
5/7/2025 2:35:00 PM,1.297570
5/7/2025 2:40:00 PM,1.592156
5/7/2025 2:45:00 PM,-0.250243
5/7/2025 2:50:00 PM,-0.957800
5/7/2025 2:55:00 PM,-1.165573
5/7/2025 3:00:00 PM,-0.431770
5/7/2025 3:05:00 PM,-0.431770
5/7/2025 3:10:00 PM,1.241563
5/7/2025 3:15:00 PM,1.333226
5/7/2025 3:20:00 PM,-0.243083
5/7/2025 3:25:00 PM,0.417300
5/7/2025 3:30:00 PM,-2.993703
5/7/2025 3:35:00 PM,-4.743653
5/7/2025 3:40:00 PM,-2.710930
5/7/2025 3:45:00 PM,-0.819700
5/7/2025 3:50:00 PM,-1.985710
5/7/2025 3:55:00 PM,-2.207093
5/7/2025 4:00:00 PM,-5.749866
5/7/2025 4:05:00 PM,-6.704780
5/7/2025 4:10:00 PM,-5.639420
5/7/2025 4:15:00 PM,-5.739256
5/7/2025 4:20:00 PM,-3.909310
5/7/2025 4:25:00 PM,-2.770553
5/7/2025 4:30:00 PM,-3.413656
5/7/2025 4:35:00 PM,-2.882743
5/7/2025 4:40:00 PM,-4.781733
5/7/2025 4:45:00 PM,-4.286466
5/7/2025 4:50:00 PM,-4.340970
5/7/2025 4:55:00 PM,-3.847036
5/7/2025 5:00:00 PM,-16.219900
5/7/2025 5:05:00 PM,-15.857626
5/7/2025 5:10:00 PM,-13.830750
5/7/2025 5:15:00 PM,-9.344406
5/7/2025 5:20:00 PM,-7.155826
5/7/2025 5:25:00 PM,-4.766406
5/7/2025 5:30:00 PM,-0.939610
5/7/2025 5:35:00 PM,1.663473
5/7/2025 5:40:00 PM,5.182836
5/7/2025 5:45:00 PM,7.961890
5/7/2025 5:50:00 PM,10.126050
5/7/2025 5:55:00 PM,11.523373
5/7/2025 6:00:00 PM,11.523373
5/7/2025 6:05:00 PM,7.012213
5/7/2025 6:10:00 PM,6.773090
5/7/2025 6:15:00 PM,14.709466
5/7/2025 6:20:00 PM,19.680613
5/7/2025 6:25:00 PM,22.265166
5/7/2025 6:30:00 PM,25.014240
5/7/2025 6:35:00 PM,30.048086
5/7/2025 6:40:00 PM,34.292440
5/7/2025 6:45:00 PM,39.306863
5/7/2025 6:50:00 PM,44.878270
5/7/2025 6:55:00 PM,45.946656
5/7/2025 7:00:00 PM,30.807206
5/7/2025 7:05:00 PM,32.515853
5/7/2025 7:10:00 PM,34.282893
5/7/2025 7:15:00 PM,35.917080
5/7/2025 7:20:00 PM,36.940410
5/7/2025 7:25:00 PM,37.635190
5/7/2025 7:30:00 PM,37.275570
5/7/2025 7:35:00 PM,37.342840
5/7/2025 7:40:00 PM,37.038220
5/7/2025 7:45:00 PM,36.805846
5/7/2025 7:50:00 PM,35.802870
5/7/2025 7:55:00 PM,35.675806
5/7/2025 8:00:00 PM,34.223206
5/7/2025 8:05:00 PM,34.224833
5/7/2025 8:10:00 PM,33.255906
5/7/2025 8:15:00 PM,33.826703
5/7/2025 8:20:00 PM,33.617033
5/7/2025 8:25:00 PM,33.603716
5/7/2025 8:30:00 PM,32.402576
5/7/2025 8:35:00 PM,32.302176
5/7/2025 8:40:00 PM,31.879706
5/7/2025 8:45:00 PM,31.498563
5/7/2025 8:50:00 PM,31.479886
5/7/2025 8:55:00 PM,31.832223
5/7/2025 9:00:00 PM,34.814980
5/7/2025 9:05:00 PM,34.668196
5/7/2025 9:10:00 PM,34.228496
5/7/2025 9:15:00 PM,34.258823
5/7/2025 9:20:00 PM,33.618526
5/7/2025 9:25:00 PM,33.467806
5/7/2025 9:30:00 PM,33.110436
5/7/2025 9:35:00 PM,32.955646
5/7/2025 9:40:00 PM,32.578823
5/7/2025 9:45:00 PM,31.702193
5/7/2025 9:50:00 PM,31.322646
5/7/2025 9:55:00 PM,31.350250
5/7/2025 10:00:00 PM,31.717590
5/7/2025 10:05:00 PM,31.390093
5/7/2025 10:10:00 PM,31.543703
5/7/2025 10:15:00 PM,31.592560
5/7/2025 10:20:00 PM,31.657560
5/7/2025 10:25:00 PM,32.338856
5/7/2025 10:30:00 PM,33.771563
5/7/2025 10:35:00 PM,34.698726
5/7/2025 10:40:00 PM,36.186783
5/7/2025 10:45:00 PM,36.592803
5/7/2025 10:50:00 PM,35.736030
5/7/2025 10:55:00 PM,35.321250
5/7/2025 11:00:00 PM,36.945873
5/7/2025 11:05:00 PM,37.197366
5/7/2025 11:10:00 PM,37.581350
5/7/2025 11:15:00 PM,36.557130
5/7/2025 11:20:00 PM,36.450583
5/7/2025 11:25:00 PM,36.707593
5/7/2025 11:30:00 PM,37.246780
5/7/2025 11:35:00 PM,37.273020
5/7/2025 11:40:00 PM,37.587473
5/7/2025 11:45:00 PM,37.713093
5/7/2025 11:50:00 PM,36.976250
5/7/2025 11:55:00 PM,37.410100
5/8/2025 12:00:00 AM,39.529730
5/8/2025 12:05:00 AM,40.488516
5/8/2025 12:10:00 AM,39.711876
5/8/2025 12:15:00 AM,40.417946
5/8/2025 12:20:00 AM,40.717843
5/8/2025 12:25:00 AM,40.967866
5/8/2025 12:30:00 AM,43.554350
5/8/2025 12:35:00 AM,42.303763
5/8/2025 12:40:00 AM,41.599506
5/8/2025 12:45:00 AM,41.563523
5/8/2025 12:50:00 AM,41.298776
5/8/2025 12:55:00 AM,41.549160
5/8/2025 1:00:00 AM,42.606970
5/8/2025 1:05:00 AM,43.411183
5/8/2025 1:10:00 AM,43.097193
5/8/2025 1:15:00 AM,42.892153
5/8/2025 1:20:00 AM,43.248183
5/8/2025 1:25:00 AM,42.698500
5/8/2025 1:30:00 AM,43.241140
5/8/2025 1:35:00 AM,43.166956
5/8/2025 1:40:00 AM,42.305110
5/8/2025 1:45:00 AM,42.249713
5/8/2025 1:50:00 AM,41.987663
5/8/2025 1:55:00 AM,41.433026
5/8/2025 2:00:00 AM,38.999266
5/8/2025 2:05:00 AM,39.310953
5/8/2025 2:10:00 AM,39.143960
5/8/2025 2:15:00 AM,38.792460
5/8/2025 2:20:00 AM,40.018783
5/8/2025 2:25:00 AM,38.804253
5/8/2025 2:30:00 AM,38.827086
5/8/2025 2:35:00 AM,39.298113
5/8/2025 2:40:00 AM,39.663236
5/8/2025 2:45:00 AM,39.609026
5/8/2025 2:50:00 AM,39.687920
5/8/2025 2:55:00 AM,39.307593
5/8/2025 3:00:00 AM,40.107703
5/8/2025 3:05:00 AM,40.589346
5/8/2025 3:10:00 AM,40.589346
5/8/2025 3:15:00 AM,40.327006
5/8/2025 3:20:00 AM,42.078856
5/8/2025 3:25:00 AM,40.405360
5/8/2025 3:30:00 AM,39.229153
5/8/2025 3:35:00 AM,39.229153
5/8/2025 3:40:00 AM,39.229153
5/8/2025 3:45:00 AM,38.691213
5/8/2025 3:50:00 AM,38.727196
5/8/2025 3:55:00 AM,39.817533
5/8/2025 4:00:00 AM,35.120413
5/8/2025 4:05:00 AM,35.858356
5/8/2025 4:10:00 AM,36.629943
5/8/2025 4:15:00 AM,36.971906
5/8/2025 4:20:00 AM,38.888993
5/8/2025 4:25:00 AM,39.168036
5/8/2025 4:30:00 AM,39.877956
5/8/2025 4:35:00 AM,40.887753
5/8/2025 4:40:00 AM,40.923683
5/8/2025 4:45:00 AM,40.685950
5/8/2025 4:50:00 AM,42.072193
5/8/2025 4:55:00 AM,43.452133
5/8/2025 5:00:00 AM,31.851303
5/8/2025 5:05:00 AM,31.226550
5/8/2025 5:10:00 AM,33.953326
5/8/2025 5:15:00 AM,33.005960
5/8/2025 5:20:00 AM,35.865720
5/8/2025 5:25:00 AM,36.226726
5/8/2025 5:30:00 AM,39.880556
5/8/2025 5:35:00 AM,40.239113
5/8/2025 5:40:00 AM,40.778913
5/8/2025 5:45:00 AM,41.619430
5/8/2025 5:50:00 AM,41.682100
5/8/2025 5:55:00 AM,43.404513
5/8/2025 6:00:00 AM,45.209793
5/8/2025 6:05:00 AM,43.482073
5/8/2025 6:10:00 AM,43.906716
5/8/2025 6:15:00 AM,41.466413
5/8/2025 6:20:00 AM,38.648100
5/8/2025 6:25:00 AM,36.998670
5/8/2025 6:30:00 AM,35.222223
5/8/2025 6:35:00 AM,33.083250
5/8/2025 6:40:00 AM,31.228746
5/8/2025 6:45:00 AM,27.340096
5/8/2025 6:50:00 AM,25.770243
5/8/2025 6:55:00 AM,25.566153
5/8/2025 7:00:00 AM,32.248140
5/8/2025 7:05:00 AM,32.193926
5/8/2025 7:10:00 AM,27.468240
5/8/2025 7:15:00 AM,20.165790
5/8/2025 7:20:00 AM,19.327506
5/8/2025 7:25:00 AM,19.258833
5/8/2025 7:30:00 AM,14.763766
5/8/2025 7:35:00 AM,12.906410
5/8/2025 7:40:00 AM,10.207916
5/8/2025 7:45:00 AM,8.980250
5/8/2025 7:50:00 AM,6.650330
5/8/2025 7:55:00 AM,9.751213
5/8/2025 8:00:00 AM,13.087656
5/8/2025 8:05:00 AM,13.087656
5/8/2025 8:10:00 AM,13.664280
5/8/2025 8:15:00 AM,14.255690
5/8/2025 8:20:00 AM,13.832033
5/8/2025 8:25:00 AM,12.985420
5/8/2025 8:30:00 AM,12.363966
5/8/2025 8:35:00 AM,11.773730
5/8/2025 8:40:00 AM,11.205306
5/8/2025 8:45:00 AM,11.069326
5/8/2025 8:50:00 AM,10.743523
5/8/2025 8:55:00 AM,10.523483
5/8/2025 9:00:00 AM,15.655300
5/8/2025 9:05:00 AM,15.206246
5/8/2025 9:10:00 AM,13.855733
5/8/2025 9:15:00 AM,13.631036
5/8/2025 9:20:00 AM,13.031940
5/8/2025 9:25:00 AM,10.477736
5/8/2025 9:30:00 AM,9.190526
5/8/2025 9:35:00 AM,3.171870
5/8/2025 9:40:00 AM,6.978480
5/8/2025 9:45:00 AM,6.908323
5/8/2025 9:50:00 AM,9.038580
5/8/2025 9:55:00 AM,9.925606
5/8/2025 10:00:00 AM,12.642020
5/8/2025 10:05:00 AM,12.666250
5/8/2025 10:10:00 AM,12.642073
5/8/2025 10:15:00 AM,12.657423
5/8/2025 10:20:00 AM,12.650416
5/8/2025 10:25:00 AM,12.638166
5/8/2025 10:30:00 AM,12.777830
5/8/2025 10:35:00 AM,12.768756
5/8/2025 10:40:00 AM,13.495810
5/8/2025 10:45:00 AM,13.495780
5/8/2025 10:50:00 AM,13.486780
5/8/2025 10:55:00 AM,13.481700
5/8/2025 11:00:00 AM,13.482306
5/8/2025 11:05:00 AM,15.746606
5/8/2025 11:10:00 AM,15.664490
5/8/2025 11:15:00 AM,15.583080
5/8/2025 11:20:00 AM,15.657890
5/8/2025 11:25:00 AM,16.322256
5/8/2025 11:30:00 AM,15.622176
5/8/2025 11:35:00 AM,16.178256
5/8/2025 11:40:00 AM,15.536913
5/8/2025 11:45:00 AM,16.113190
5/8/2025 11:50:00 AM,16.067036
5/8/2025 11:55:00 AM,16.129703
5/8/2025 12:00:00 PM,13.732643
5/8/2025 12:05:00 PM,13.732643
5/8/2025 12:10:00 PM,13.732733
5/8/2025 12:15:00 PM,13.704126
5/8/2025 12:20:00 PM,13.704633
5/8/2025 12:25:00 PM,13.215983
5/8/2025 12:30:00 PM,15.369526
5/8/2025 12:35:00 PM,15.273663
5/8/2025 12:40:00 PM,15.273663
5/8/2025 12:45:00 PM,15.381736
5/8/2025 12:50:00 PM,15.466263
5/8/2025 12:55:00 PM,15.556846
5/8/2025 1:00:00 PM,13.519876
5/8/2025 1:05:00 PM,13.289720
5/8/2025 1:10:00 PM,13.275373
5/8/2025 1:15:00 PM,13.239543
5/8/2025 1:20:00 PM,13.588483
5/8/2025 1:25:00 PM,13.876533
5/8/2025 1:30:00 PM,13.876533
5/8/2025 1:35:00 PM,13.876533
5/8/2025 1:40:00 PM,13.876533
5/8/2025 1:45:00 PM,13.876533
5/8/2025 1:50:00 PM,13.876533
5/8/2025 1:55:00 PM,13.876533
5/8/2025 2:00:00 PM,13.876533
5/8/2025 2:05:00 PM,13.876533
5/8/2025 2:10:00 PM,13.876533
5/8/2025 2:15:00 PM,13.876533
5/8/2025 2:20:00 PM,20.243600
5/8/2025 2:25:00 PM,18.889230
5/8/2025 2:30:00 PM,22.790900
5/8/2025 2:35:00 PM,21.558610
5/8/2025 2:40:00 PM,22.337080
5/8/2025 2:45:00 PM,25.001806
5/8/2025 2:50:00 PM,24.191586
5/8/2025 2:55:00 PM,21.480313
5/8/2025 3:00:00 PM,20.432466
5/8/2025 3:05:00 PM,20.338320
5/8/2025 3:10:00 PM,20.487190
5/8/2025 3:15:00 PM,20.791933
5/8/2025 3:20:00 PM,11.938473
5/8/2025 3:25:00 PM,12.794583
5/8/2025 3:30:00 PM,12.602873
5/8/2025 3:35:00 PM,13.446810
5/8/2025 3:40:00 PM,14.085820
5/8/2025 3:45:00 PM,13.481133
5/8/2025 3:50:00 PM,18.084610
5/8/2025 3:55:00 PM,22.713663
5/8/2025 4:00:00 PM,18.292926
5/8/2025 4:05:00 PM,18.316253
5/8/2025 4:10:00 PM,19.489770
5/8/2025 4:15:00 PM,19.637873
5/8/2025 4:20:00 PM,20.576760
5/8/2025 4:25:00 PM,21.100130
5/8/2025 4:30:00 PM,23.029123
5/8/2025 4:35:00 PM,22.088983
5/8/2025 4:40:00 PM,24.034953
5/8/2025 4:45:00 PM,23.435910
5/8/2025 4:50:00 PM,25.357736
5/8/2025 4:55:00 PM,24.638863
5/8/2025 5:00:00 PM,18.071590
5/8/2025 5:05:00 PM,18.212986
5/8/2025 5:10:00 PM,18.255570
5/8/2025 5:15:00 PM,18.332586
5/8/2025 5:20:00 PM,18.106250
5/8/2025 5:25:00 PM,19.918060
5/8/2025 5:30:00 PM,21.060516
5/8/2025 5:35:00 PM,25.270403
5/8/2025 5:40:00 PM,30.098366
5/8/2025 5:45:00 PM,44.161506
5/8/2025 5:50:00 PM,49.036483
5/8/2025 5:55:00 PM,50.168160
5/8/2025 6:00:00 PM,34.248320
5/8/2025 6:05:00 PM,34.248320
5/8/2025 6:10:00 PM,34.288273
5/8/2025 6:15:00 PM,23.100296
5/8/2025 6:20:00 PM,26.780340
5/8/2025 6:25:00 PM,33.611163
5/8/2025 6:30:00 PM,55.582443
5/8/2025 6:35:00 PM,50.928693
5/8/2025 6:40:00 PM,54.926276
5/8/2025 6:45:00 PM,43.620873
5/8/2025 6:50:00 PM,52.815930
5/8/2025 6:55:00 PM,59.467656
5/8/2025 7:00:00 PM,42.982780
5/8/2025 7:05:00 PM,42.621960
5/8/2025 7:10:00 PM,43.220590
5/8/2025 7:15:00 PM,59.034456
5/8/2025 7:20:00 PM,61.685266
5/8/2025 7:25:00 PM,61.844100
5/8/2025 7:30:00 PM,64.910563
5/8/2025 7:35:00 PM,63.949916
5/8/2025 7:40:00 PM,59.101190
5/8/2025 7:45:00 PM,64.740053
5/8/2025 7:50:00 PM,67.640716
5/8/2025 7:55:00 PM,65.765233
5/8/2025 8:00:00 PM,52.279140
5/8/2025 8:05:00 PM,50.658350
5/8/2025 8:10:00 PM,47.107090
5/8/2025 8:15:00 PM,61.395006
5/8/2025 8:20:00 PM,64.986940
5/8/2025 8:25:00 PM,65.160643
5/8/2025 8:30:00 PM,64.861283
5/8/2025 8:35:00 PM,65.068673
5/8/2025 8:40:00 PM,65.689323
5/8/2025 8:45:00 PM,66.930270
5/8/2025 8:50:00 PM,69.332690
5/8/2025 8:55:00 PM,69.250513
5/8/2025 9:00:00 PM,72.481223
5/8/2025 9:05:00 PM,73.517760
5/8/2025 9:10:00 PM,71.998043
5/8/2025 9:15:00 PM,71.247420
5/8/2025 9:20:00 PM,77.577900
5/8/2025 9:25:00 PM,79.543603
5/8/2025 9:30:00 PM,79.949143
5/8/2025 9:35:00 PM,79.528346
5/8/2025 9:40:00 PM,79.846140
5/8/2025 9:45:00 PM,80.800650
5/8/2025 9:50:00 PM,82.260140
5/8/2025 9:55:00 PM,84.438170
5/8/2025 10:00:00 PM,84.074443
5/8/2025 10:05:00 PM,84.083343
5/8/2025 10:10:00 PM,84.251143
5/8/2025 10:15:00 PM,88.721286
5/8/2025 10:20:00 PM,94.966776
5/8/2025 10:25:00 PM,92.665440
5/8/2025 10:30:00 PM,92.605583
5/8/2025 10:35:00 PM,98.599946
5/8/2025 10:40:00 PM,100.393423
5/8/2025 10:45:00 PM,94.638150
5/8/2025 10:50:00 PM,93.269383
5/8/2025 10:55:00 PM,95.290836
5/8/2025 11:00:00 PM,77.136003
5/8/2025 11:05:00 PM,71.834836
5/8/2025 11:10:00 PM,70.972623
5/8/2025 11:15:00 PM,81.026770
5/8/2025 11:20:00 PM,78.478083
5/8/2025 11:25:00 PM,77.081300
5/8/2025 11:30:00 PM,75.762203
5/8/2025 11:35:00 PM,67.126423
5/8/2025 11:40:00 PM,64.413000
5/8/2025 11:45:00 PM,64.894380
5/8/2025 11:50:00 PM,70.578000
5/8/2025 11:55:00 PM,83.220546
5/9/2025 12:00:00 AM,59.935676
5/9/2025 12:05:00 AM,62.871340
5/9/2025 12:10:00 AM,60.488800
5/9/2025 12:15:00 AM,62.604010
5/9/2025 12:20:00 AM,65.763113
5/9/2025 12:25:00 AM,63.040043
5/9/2025 12:30:00 AM,63.244376
5/9/2025 12:35:00 AM,63.164286
5/9/2025 12:40:00 AM,65.658716
5/9/2025 12:45:00 AM,68.354720
5/9/2025 12:50:00 AM,69.128693
5/9/2025 12:55:00 AM,68.434836
5/9/2025 1:00:00 AM,78.202256
5/9/2025 1:05:00 AM,81.583800
5/9/2025 1:10:00 AM,80.034543
5/9/2025 1:15:00 AM,82.707700
5/9/2025 1:20:00 AM,82.914056
5/9/2025 1:25:00 AM,78.200660
5/9/2025 1:30:00 AM,79.395896
5/9/2025 1:35:00 AM,71.325310
5/9/2025 1:40:00 AM,72.659313
5/9/2025 1:45:00 AM,64.603146
5/9/2025 1:50:00 AM,70.273906
5/9/2025 1:55:00 AM,55.439603
5/9/2025 2:00:00 AM,55.616266
5/9/2025 2:05:00 AM,48.783760
5/9/2025 2:10:00 AM,47.986826
5/9/2025 2:15:00 AM,47.288166
5/9/2025 2:20:00 AM,47.389903
5/9/2025 2:25:00 AM,47.557210
5/9/2025 2:30:00 AM,47.280723
5/9/2025 2:35:00 AM,47.256473
5/9/2025 2:40:00 AM,47.045420
5/9/2025 2:45:00 AM,46.505930
5/9/2025 2:50:00 AM,46.729613
5/9/2025 2:55:00 AM,46.729613
5/9/2025 3:00:00 AM,47.271953
5/9/2025 3:05:00 AM,47.512206
5/9/2025 3:10:00 AM,47.267160
5/9/2025 3:15:00 AM,47.218146
5/9/2025 3:20:00 AM,47.229763
5/9/2025 3:25:00 AM,47.504100
5/9/2025 3:30:00 AM,47.331856
5/9/2025 3:35:00 AM,47.269306
5/9/2025 3:40:00 AM,47.559023
5/9/2025 3:45:00 AM,47.555370
5/9/2025 3:50:00 AM,47.710433
5/9/2025 3:55:00 AM,49.968253
5/9/2025 4:00:00 AM,50.301313
5/9/2025 4:05:00 AM,53.591160
5/9/2025 4:10:00 AM,50.287196
5/9/2025 4:15:00 AM,52.634026
5/9/2025 4:20:00 AM,55.542476
5/9/2025 4:25:00 AM,55.597966
5/9/2025 4:30:00 AM,55.544573
5/9/2025 4:35:00 AM,55.360720
5/9/2025 4:40:00 AM,56.568730
5/9/2025 4:45:00 AM,54.136706
5/9/2025 4:50:00 AM,54.733296
5/9/2025 4:55:00 AM,55.380640
5/9/2025 5:00:00 AM,50.890076
5/9/2025 5:05:00 AM,50.890076
5/9/2025 5:10:00 AM,52.086360
5/9/2025 5:15:00 AM,53.074383
5/9/2025 5:20:00 AM,55.939156
5/9/2025 5:25:00 AM,56.574593
5/9/2025 5:30:00 AM,57.460393
5/9/2025 5:35:00 AM,57.359456
5/9/2025 5:40:00 AM,58.764056
5/9/2025 5:45:00 AM,57.547200
5/9/2025 5:50:00 AM,57.909230
5/9/2025 5:55:00 AM,60.526643
5/9/2025 6:00:00 AM,55.795533
5/9/2025 6:05:00 AM,53.655930
5/9/2025 6:10:00 AM,54.135460
5/9/2025 6:15:00 AM,51.724210
5/9/2025 6:20:00 AM,48.747630
5/9/2025 6:25:00 AM,42.974593
5/9/2025 6:30:00 AM,42.250026
5/9/2025 6:35:00 AM,37.152476
5/9/2025 6:40:00 AM,37.102460
5/9/2025 6:45:00 AM,36.121450
5/9/2025 6:50:00 AM,35.749473
5/9/2025 6:55:00 AM,35.749473
5/9/2025 7:00:00 AM,36.793470
5/9/2025 7:05:00 AM,36.793470
5/9/2025 7:10:00 AM,36.769553
5/9/2025 7:15:00 AM,35.374410
5/9/2025 7:20:00 AM,32.161230
5/9/2025 7:25:00 AM,30.668883
5/9/2025 7:30:00 AM,28.544033
5/9/2025 7:35:00 AM,25.768180
5/9/2025 7:40:00 AM,22.599346
5/9/2025 7:45:00 AM,16.197533
5/9/2025 7:50:00 AM,13.337076
5/9/2025 7:55:00 AM,12.202896
5/9/2025 8:00:00 AM,20.034806
5/9/2025 8:05:00 AM,21.670960
5/9/2025 8:10:00 AM,22.737983
5/9/2025 8:15:00 AM,21.268643
5/9/2025 8:20:00 AM,20.010773
5/9/2025 8:25:00 AM,19.474890
5/9/2025 8:30:00 AM,19.524376
5/9/2025 8:35:00 AM,19.974530
5/9/2025 8:40:00 AM,19.224340
5/9/2025 8:45:00 AM,15.994446
5/9/2025 8:50:00 AM,15.088593
5/9/2025 8:55:00 AM,15.473480
5/9/2025 9:00:00 AM,25.421883
5/9/2025 9:05:00 AM,23.597126
5/9/2025 9:10:00 AM,23.866010
5/9/2025 9:15:00 AM,22.899076
5/9/2025 9:20:00 AM,22.395230
5/9/2025 9:25:00 AM,20.421330
5/9/2025 9:30:00 AM,21.520856
5/9/2025 9:35:00 AM,20.872866
5/9/2025 9:40:00 AM,19.979180
5/9/2025 9:45:00 AM,17.372853
5/9/2025 9:50:00 AM,16.897076
5/9/2025 9:55:00 AM,17.128020
5/9/2025 10:00:00 AM,21.097333
5/9/2025 10:05:00 AM,20.760523
5/9/2025 10:10:00 AM,21.212493
5/9/2025 10:15:00 AM,21.317790
5/9/2025 10:20:00 AM,21.423966
5/9/2025 10:25:00 AM,21.128120
5/9/2025 10:30:00 AM,21.698596
5/9/2025 10:35:00 AM,20.969626
5/9/2025 10:40:00 AM,20.703200
5/9/2025 10:45:00 AM,21.118350
5/9/2025 10:50:00 AM,19.058856
5/9/2025 10:55:00 AM,19.551500
5/9/2025 11:00:00 AM,23.371633
5/9/2025 11:05:00 AM,23.090823
5/9/2025 11:10:00 AM,21.937163
5/9/2025 11:15:00 AM,22.431886
5/9/2025 11:20:00 AM,24.929423
5/9/2025 11:25:00 AM,23.992413
5/9/2025 11:30:00 AM,24.887700
5/9/2025 11:35:00 AM,24.341243
5/9/2025 11:40:00 AM,24.733520
5/9/2025 11:45:00 AM,25.299543
5/9/2025 11:50:00 AM,25.614826
5/9/2025 11:55:00 AM,24.710940
5/9/2025 12:00:00 PM,26.387890
5/9/2025 12:05:00 PM,27.243150
5/9/2025 12:10:00 PM,27.746183
5/9/2025 12:15:00 PM,27.567223
5/9/2025 12:20:00 PM,29.235560
5/9/2025 12:25:00 PM,28.174030
5/9/2025 12:30:00 PM,28.320980
5/9/2025 12:35:00 PM,28.158130
5/9/2025 12:40:00 PM,28.247286
5/9/2025 12:45:00 PM,29.125013
5/9/2025 12:50:00 PM,29.232473
5/9/2025 12:55:00 PM,30.117150
5/9/2025 1:00:00 PM,30.737063
5/9/2025 1:05:00 PM,30.716063
5/9/2025 1:10:00 PM,30.146766
5/9/2025 1:15:00 PM,30.702863
5/9/2025 1:20:00 PM,31.889673
5/9/2025 1:25:00 PM,26.733993
5/9/2025 1:30:00 PM,31.916420
5/9/2025 1:35:00 PM,32.533206
5/9/2025 1:40:00 PM,32.330693
5/9/2025 1:45:00 PM,29.781473
5/9/2025 1:50:00 PM,31.988733
5/9/2025 1:55:00 PM,32.693663
5/9/2025 2:00:00 PM,29.771040
5/9/2025 2:05:00 PM,30.708013
5/9/2025 2:10:00 PM,31.635396
5/9/2025 2:15:00 PM,29.888343
5/9/2025 2:20:00 PM,31.073096
5/9/2025 2:25:00 PM,30.722006
5/9/2025 2:30:00 PM,35.462000
5/9/2025 2:35:00 PM,36.542373
5/9/2025 2:40:00 PM,36.178033
5/9/2025 2:45:00 PM,37.081863
5/9/2025 2:50:00 PM,37.471253
5/9/2025 2:55:00 PM,37.499600
5/9/2025 3:00:00 PM,33.334170
5/9/2025 3:05:00 PM,33.870903
5/9/2025 3:10:00 PM,36.434493
5/9/2025 3:15:00 PM,20.777733
5/9/2025 3:20:00 PM,19.244640
5/9/2025 3:25:00 PM,22.052146
5/9/2025 3:30:00 PM,6.103376
5/9/2025 3:35:00 PM,6.516416
5/9/2025 3:40:00 PM,-10.561090
5/9/2025 3:45:00 PM,45.475986
5/9/2025 3:50:00 PM,43.849276
5/9/2025 3:55:00 PM,42.809110
5/9/2025 4:00:00 PM,40.989023
5/9/2025 4:05:00 PM,40.120810
5/9/2025 4:10:00 PM,38.855583
5/9/2025 4:15:00 PM,41.136230
5/9/2025 4:20:00 PM,39.673820
5/9/2025 4:25:00 PM,42.259426
5/9/2025 4:30:00 PM,46.951620
5/9/2025 4:35:00 PM,48.195380
5/9/2025 4:40:00 PM,50.765103
5/9/2025 4:45:00 PM,56.878250
5/9/2025 4:50:00 PM,59.268680
5/9/2025 4:55:00 PM,53.153646
5/9/2025 5:00:00 PM,35.434020
5/9/2025 5:05:00 PM,34.834973
5/9/2025 5:10:00 PM,35.743060
5/9/2025 5:15:00 PM,32.829576
5/9/2025 5:20:00 PM,33.004516
5/9/2025 5:25:00 PM,37.040886
5/9/2025 5:30:00 PM,51.605156
5/9/2025 5:35:00 PM,58.705823
5/9/2025 5:40:00 PM,65.361226
5/9/2025 5:45:00 PM,68.340900
5/9/2025 5:50:00 PM,70.228450
5/9/2025 5:55:00 PM,74.727700
5/9/2025 6:00:00 PM,41.297673
5/9/2025 6:05:00 PM,40.949970
5/9/2025 6:10:00 PM,41.390900
5/9/2025 6:15:00 PM,48.051403
5/9/2025 6:20:00 PM,53.308550
5/9/2025 6:25:00 PM,60.986436
5/9/2025 6:30:00 PM,62.561480
5/9/2025 6:35:00 PM,70.883663
5/9/2025 6:40:00 PM,81.390780
5/9/2025 6:45:00 PM,88.281686
5/9/2025 6:50:00 PM,92.013523
5/9/2025 6:55:00 PM,99.135193
5/9/2025 7:00:00 PM,68.667213
5/9/2025 7:05:00 PM,74.248276
5/9/2025 7:10:00 PM,74.248276
5/9/2025 7:15:00 PM,80.322690
5/9/2025 7:20:00 PM,85.592506
5/9/2025 7:25:00 PM,83.071693
5/9/2025 7:30:00 PM,80.675620
5/9/2025 7:35:00 PM,79.629216
5/9/2025 7:40:00 PM,75.858886
5/9/2025 7:45:00 PM,71.910710
5/9/2025 7:50:00 PM,69.716233
5/9/2025 7:55:00 PM,69.121226
5/9/2025 8:00:00 PM,65.371253
5/9/2025 8:05:00 PM,63.904943
5/9/2025 8:10:00 PM,63.586333
5/9/2025 8:15:00 PM,63.225633
5/9/2025 8:20:00 PM,64.399926
5/9/2025 8:25:00 PM,65.526830
5/9/2025 8:30:00 PM,65.935163
5/9/2025 8:35:00 PM,63.657713
5/9/2025 8:40:00 PM,65.805033
5/9/2025 8:45:00 PM,64.338256
5/9/2025 8:50:00 PM,63.447590
5/9/2025 8:55:00 PM,63.179193
5/9/2025 9:00:00 PM,74.694656
5/9/2025 9:05:00 PM,74.323296
5/9/2025 9:10:00 PM,74.323296
5/9/2025 9:15:00 PM,74.086510
5/9/2025 9:20:00 PM,75.269190
5/9/2025 9:25:00 PM,73.264710
5/9/2025 9:30:00 PM,78.103480
5/9/2025 9:35:00 PM,79.147206
5/9/2025 9:40:00 PM,78.986576
5/9/2025 9:45:00 PM,79.120710
5/9/2025 9:50:00 PM,80.149020
5/9/2025 9:55:00 PM,79.496653
5/9/2025 10:00:00 PM,80.412460
5/9/2025 10:05:00 PM,84.268706
5/9/2025 10:10:00 PM,81.501963
5/9/2025 10:15:00 PM,84.514540
5/9/2025 10:20:00 PM,95.018360
5/9/2025 10:25:00 PM,98.956566
5/9/2025 10:30:00 PM,112.062080
5/9/2025 10:35:00 PM,122.114180
5/9/2025 10:40:00 PM,104.505723
5/9/2025 10:45:00 PM,124.086220
5/9/2025 10:50:00 PM,122.474853
5/9/2025 10:55:00 PM,95.569090
5/9/2025 11:00:00 PM,112.312436
5/9/2025 11:05:00 PM,112.102603
5/9/2025 11:10:00 PM,97.611513
5/9/2025 11:15:00 PM,92.632856
5/9/2025 11:20:00 PM,84.792246
5/9/2025 11:25:00 PM,83.901190
5/9/2025 11:30:00 PM,79.429286
5/9/2025 11:35:00 PM,75.661170
5/9/2025 11:40:00 PM,73.525596
5/9/2025 11:45:00 PM,73.262023
5/9/2025 11:50:00 PM,75.719430
5/9/2025 11:55:00 PM,93.649203
5/10/2025 12:00:00 AM,66.553813
5/10/2025 12:05:00 AM,78.424610
5/10/2025 12:10:00 AM,67.054356
5/10/2025 12:15:00 AM,67.348326
5/10/2025 12:20:00 AM,78.423636
5/10/2025 12:25:00 AM,84.575186
5/10/2025 12:30:00 AM,94.655186
5/10/2025 12:35:00 AM,91.874816
5/10/2025 12:40:00 AM,90.602046
5/10/2025 12:45:00 AM,92.590270
5/10/2025 12:50:00 AM,82.362940
5/10/2025 12:55:00 AM,78.284590
5/10/2025 1:00:00 AM,88.617663
5/10/2025 1:05:00 AM,77.965206
5/10/2025 1:10:00 AM,61.181306
5/10/2025 1:15:00 AM,60.487193
5/10/2025 1:20:00 AM,60.919060
5/10/2025 1:25:00 AM,59.290533
5/10/2025 1:30:00 AM,56.602650
5/10/2025 1:35:00 AM,51.347413
5/10/2025 1:40:00 AM,55.351086
5/10/2025 1:45:00 AM,51.178716
5/10/2025 1:50:00 AM,49.620226
5/10/2025 1:55:00 AM,48.980530
5/10/2025 2:00:00 AM,58.546536
5/10/2025 2:05:00 AM,49.519093
5/10/2025 2:10:00 AM,47.177973
5/10/2025 2:15:00 AM,46.385543
5/10/2025 2:20:00 AM,45.664653
5/10/2025 2:25:00 AM,42.176316
5/10/2025 2:30:00 AM,39.878556
5/10/2025 2:35:00 AM,38.123103
5/10/2025 2:40:00 AM,37.629830
5/10/2025 2:45:00 AM,36.928530
5/10/2025 2:50:00 AM,36.855163
5/10/2025 2:55:00 AM,36.927056
5/10/2025 3:00:00 AM,41.181493
5/10/2025 3:05:00 AM,42.613846
5/10/2025 3:10:00 AM,42.304110
5/10/2025 3:15:00 AM,40.100810
5/10/2025 3:20:00 AM,39.993180
5/10/2025 3:25:00 AM,39.219866
5/10/2025 3:30:00 AM,39.117556
5/10/2025 3:35:00 AM,39.493020
5/10/2025 3:40:00 AM,39.002106
5/10/2025 3:45:00 AM,38.875660
5/10/2025 3:50:00 AM,38.895423
5/10/2025 3:55:00 AM,38.939530
5/10/2025 4:00:00 AM,37.768156
5/10/2025 4:05:00 AM,37.199483
5/10/2025 4:10:00 AM,37.371390
5/10/2025 4:15:00 AM,37.284500
5/10/2025 4:20:00 AM,37.820900
5/10/2025 4:25:00 AM,37.389820
5/10/2025 4:30:00 AM,38.280830
5/10/2025 4:35:00 AM,38.482940
5/10/2025 4:40:00 AM,38.368880
5/10/2025 4:45:00 AM,38.734010
5/10/2025 4:50:00 AM,38.833546
5/10/2025 4:55:00 AM,39.017693
5/10/2025 5:00:00 AM,37.290656
5/10/2025 5:05:00 AM,37.782333
5/10/2025 5:10:00 AM,37.858833
5/10/2025 5:15:00 AM,37.608260
5/10/2025 5:20:00 AM,37.755330
5/10/2025 5:25:00 AM,37.831863
5/10/2025 5:30:00 AM,36.933196
5/10/2025 5:35:00 AM,37.083943
5/10/2025 5:40:00 AM,36.893690
5/10/2025 5:45:00 AM,36.897856
5/10/2025 5:50:00 AM,36.401876
5/10/2025 5:55:00 AM,38.449356
5/10/2025 6:00:00 AM,38.551493
5/10/2025 6:05:00 AM,38.552036
5/10/2025 6:10:00 AM,38.551493
5/10/2025 6:15:00 AM,36.894590
5/10/2025 6:20:00 AM,34.209040
5/10/2025 6:25:00 AM,32.270350
5/10/2025 6:30:00 AM,31.138246
5/10/2025 6:35:00 AM,31.034656
5/10/2025 6:40:00 AM,28.881293
5/10/2025 6:45:00 AM,27.031736
5/10/2025 6:50:00 AM,22.860553
5/10/2025 6:55:00 AM,21.017226
5/10/2025 7:00:00 AM,30.248363
5/10/2025 7:05:00 AM,31.712363
5/10/2025 7:10:00 AM,29.713646
5/10/2025 7:15:00 AM,26.109896
5/10/2025 7:20:00 AM,24.642990
5/10/2025 7:25:00 AM,18.862463
5/10/2025 7:30:00 AM,16.092690
5/10/2025 7:35:00 AM,14.765660
5/10/2025 7:40:00 AM,11.562496
5/10/2025 7:45:00 AM,7.881573
5/10/2025 7:50:00 AM,0.875403
5/10/2025 7:55:00 AM,0.916993
5/10/2025 8:00:00 AM,15.569840
5/10/2025 8:05:00 AM,15.720670
5/10/2025 8:10:00 AM,16.098490
5/10/2025 8:15:00 AM,16.279140
5/10/2025 8:20:00 AM,13.052286
5/10/2025 8:25:00 AM,11.944000
5/10/2025 8:30:00 AM,12.912393
5/10/2025 8:35:00 AM,10.932210
5/10/2025 8:40:00 AM,10.616353
5/10/2025 8:45:00 AM,13.408486
5/10/2025 8:50:00 AM,13.247473
5/10/2025 8:55:00 AM,13.739753
5/10/2025 9:00:00 AM,18.189240
5/10/2025 9:05:00 AM,18.701543
5/10/2025 9:10:00 AM,18.741090
5/10/2025 9:15:00 AM,22.982063
5/10/2025 9:20:00 AM,22.075983
5/10/2025 9:25:00 AM,21.271623
5/10/2025 9:30:00 AM,19.339706
5/10/2025 9:35:00 AM,17.813570
5/10/2025 9:40:00 AM,17.413590
5/10/2025 9:45:00 AM,19.278806
5/10/2025 9:50:00 AM,18.968123
5/10/2025 9:55:00 AM,16.813986
5/10/2025 10:00:00 AM,20.227156
5/10/2025 10:05:00 AM,21.757140
5/10/2025 10:10:00 AM,21.757140
5/10/2025 10:15:00 AM,21.316910
5/10/2025 10:20:00 AM,21.172533
5/10/2025 10:25:00 AM,20.769410
5/10/2025 10:30:00 AM,22.775576
5/10/2025 10:35:00 AM,19.862530
5/10/2025 10:40:00 AM,19.266970
5/10/2025 10:45:00 AM,19.262173
5/10/2025 10:50:00 AM,19.051943
5/10/2025 10:55:00 AM,19.051943
5/10/2025 11:00:00 AM,15.467940
5/10/2025 11:05:00 AM,15.559896
5/10/2025 11:10:00 AM,15.399333
5/10/2025 11:15:00 AM,13.766113
5/10/2025 11:20:00 AM,15.204293
5/10/2025 11:25:00 AM,15.710090
5/10/2025 11:30:00 AM,16.594600
5/10/2025 11:35:00 AM,16.717143
5/10/2025 11:40:00 AM,16.717143
5/10/2025 11:45:00 AM,16.187383
5/10/2025 11:50:00 AM,16.970116
5/10/2025 11:55:00 AM,19.743170
5/10/2025 12:00:00 PM,20.257076
5/10/2025 12:05:00 PM,22.178260
5/10/2025 12:10:00 PM,20.569856
5/10/2025 12:15:00 PM,19.984896
5/10/2025 12:20:00 PM,19.929083
5/10/2025 12:25:00 PM,21.104733
5/10/2025 12:30:00 PM,20.777946
5/10/2025 12:35:00 PM,21.904806
5/10/2025 12:40:00 PM,22.815023
5/10/2025 12:45:00 PM,23.961083
5/10/2025 12:50:00 PM,23.849686
5/10/2025 12:55:00 PM,21.984956
5/10/2025 1:00:00 PM,21.144633
5/10/2025 1:05:00 PM,20.859320
5/10/2025 1:10:00 PM,20.181683
5/10/2025 1:15:00 PM,17.910360
5/10/2025 1:20:00 PM,20.158433
5/10/2025 1:25:00 PM,20.680423
5/10/2025 1:30:00 PM,17.700463
5/10/2025 1:35:00 PM,20.558070
5/10/2025 1:40:00 PM,17.921200
5/10/2025 1:45:00 PM,23.561456
5/10/2025 1:50:00 PM,24.493106
5/10/2025 1:55:00 PM,25.184250
5/10/2025 2:00:00 PM,24.891123
5/10/2025 2:05:00 PM,26.255163
5/10/2025 2:10:00 PM,24.852556
5/10/2025 2:15:00 PM,28.996956
5/10/2025 2:20:00 PM,28.993450
5/10/2025 2:25:00 PM,28.847956
5/10/2025 2:30:00 PM,28.455593
5/10/2025 2:35:00 PM,28.855773
5/10/2025 2:40:00 PM,30.658296
5/10/2025 2:45:00 PM,19.807276
5/10/2025 2:50:00 PM,23.365006
5/10/2025 2:55:00 PM,23.432430
5/10/2025 3:00:00 PM,28.549420
5/10/2025 3:05:00 PM,26.883480
5/10/2025 3:10:00 PM,26.176583
5/10/2025 3:15:00 PM,26.128160
5/10/2025 3:20:00 PM,26.066096
5/10/2025 3:25:00 PM,28.477673
5/10/2025 3:30:00 PM,27.054943
5/10/2025 3:35:00 PM,28.365970
5/10/2025 3:40:00 PM,28.601273
5/10/2025 3:45:00 PM,28.860543
5/10/2025 3:50:00 PM,30.424713
5/10/2025 3:55:00 PM,30.652656
5/10/2025 4:00:00 PM,28.861070
5/10/2025 4:05:00 PM,26.204230
5/10/2025 4:10:00 PM,28.832623
5/10/2025 4:15:00 PM,31.381296
5/10/2025 4:20:00 PM,27.620223
5/10/2025 4:25:00 PM,28.392663
5/10/2025 4:30:00 PM,28.013053
5/10/2025 4:35:00 PM,28.326143
5/10/2025 4:40:00 PM,28.704826
5/10/2025 4:45:00 PM,28.600353
5/10/2025 4:50:00 PM,28.243606
5/10/2025 4:55:00 PM,27.482593
5/10/2025 5:00:00 PM,21.661003
5/10/2025 5:05:00 PM,23.626483
5/10/2025 5:10:00 PM,25.071850
5/10/2025 5:15:00 PM,28.357923
5/10/2025 5:20:00 PM,29.291490
5/10/2025 5:25:00 PM,32.198913
5/10/2025 5:30:00 PM,34.227573
5/10/2025 5:35:00 PM,39.308510
5/10/2025 5:40:00 PM,47.905233
5/10/2025 5:45:00 PM,49.359646
5/10/2025 5:50:00 PM,56.334840
5/10/2025 5:55:00 PM,50.180150
5/10/2025 6:00:00 PM,36.511533
5/10/2025 6:05:00 PM,36.858246
5/10/2025 6:10:00 PM,36.686346
5/10/2025 6:15:00 PM,38.643020
5/10/2025 6:20:00 PM,40.283656
5/10/2025 6:25:00 PM,42.962300
5/10/2025 6:30:00 PM,48.506493
5/10/2025 6:35:00 PM,49.777560
5/10/2025 6:40:00 PM,53.704900
5/10/2025 6:45:00 PM,59.753920
5/10/2025 6:50:00 PM,70.202743
5/10/2025 6:55:00 PM,77.973520
5/10/2025 7:00:00 PM,55.053530
5/10/2025 7:05:00 PM,63.375106
5/10/2025 7:10:00 PM,62.867240
5/10/2025 7:15:00 PM,66.529846
5/10/2025 7:20:00 PM,71.379530
5/10/2025 7:25:00 PM,67.630736
5/10/2025 7:30:00 PM,65.514110
5/10/2025 7:35:00 PM,65.545613
5/10/2025 7:40:00 PM,61.729870
5/10/2025 7:45:00 PM,54.680960
5/10/2025 7:50:00 PM,54.471100
5/10/2025 7:55:00 PM,54.273853
5/10/2025 8:00:00 PM,53.502673
5/10/2025 8:05:00 PM,52.834680
5/10/2025 8:10:00 PM,52.495843
5/10/2025 8:15:00 PM,51.282810
5/10/2025 8:20:00 PM,51.462170
5/10/2025 8:25:00 PM,51.816603
5/10/2025 8:30:00 PM,52.428906
5/10/2025 8:35:00 PM,52.345873
5/10/2025 8:40:00 PM,52.735183
5/10/2025 8:45:00 PM,52.496116
5/10/2025 8:50:00 PM,53.008890
5/10/2025 8:55:00 PM,53.811556
5/10/2025 9:00:00 PM,57.141726
5/10/2025 9:05:00 PM,56.007503
5/10/2025 9:10:00 PM,55.311990
5/10/2025 9:15:00 PM,54.083133
5/10/2025 9:20:00 PM,53.151506
5/10/2025 9:25:00 PM,53.817270
5/10/2025 9:30:00 PM,53.135316
5/10/2025 9:35:00 PM,53.579016
5/10/2025 9:40:00 PM,53.781863
5/10/2025 9:45:00 PM,53.731116
5/10/2025 9:50:00 PM,52.502856
5/10/2025 9:55:00 PM,51.176563
5/10/2025 10:00:00 PM,66.800556
5/10/2025 10:05:00 PM,67.575146
5/10/2025 10:10:00 PM,64.927146
5/10/2025 10:15:00 PM,66.607803
5/10/2025 10:20:00 PM,68.572870
5/10/2025 10:25:00 PM,75.084376
5/10/2025 10:30:00 PM,71.931623
5/10/2025 10:35:00 PM,67.733643
5/10/2025 10:40:00 PM,53.249493
5/10/2025 10:45:00 PM,52.765960
5/10/2025 10:50:00 PM,49.339350
5/10/2025 10:55:00 PM,52.106243
5/10/2025 11:00:00 PM,69.073396
5/10/2025 11:05:00 PM,66.592336
5/10/2025 11:10:00 PM,66.026950
5/10/2025 11:15:00 PM,59.790946
5/10/2025 11:20:00 PM,59.151123
5/10/2025 11:25:00 PM,57.334636
5/10/2025 11:30:00 PM,54.569940
5/10/2025 11:35:00 PM,52.549710
5/10/2025 11:40:00 PM,52.650486
5/10/2025 11:45:00 PM,53.736886
5/10/2025 11:50:00 PM,56.317563
5/10/2025 11:55:00 PM,66.643096
5/11/2025 12:00:00 AM,49.675103
5/11/2025 12:05:00 AM,49.458026
5/11/2025 12:10:00 AM,48.756540
5/11/2025 12:15:00 AM,45.212340
5/11/2025 12:20:00 AM,44.291923
5/11/2025 12:25:00 AM,44.041580
5/11/2025 12:30:00 AM,43.262083
5/11/2025 12:35:00 AM,44.412646
5/11/2025 12:40:00 AM,44.552093
5/11/2025 12:45:00 AM,44.647970
5/11/2025 12:50:00 AM,44.732076
5/11/2025 12:55:00 AM,44.457470
5/11/2025 1:00:00 AM,46.213790
5/11/2025 1:05:00 AM,45.986356
5/11/2025 1:10:00 AM,44.470113
5/11/2025 1:15:00 AM,44.461676
5/11/2025 1:20:00 AM,43.863056
5/11/2025 1:25:00 AM,43.519746
5/11/2025 1:30:00 AM,45.413590
5/11/2025 1:35:00 AM,46.234886
5/11/2025 1:40:00 AM,43.401063
5/11/2025 1:45:00 AM,42.024963
5/11/2025 1:50:00 AM,40.456793
5/11/2025 1:55:00 AM,40.140203
5/11/2025 2:00:00 AM,43.749123
5/11/2025 2:05:00 AM,43.749123
5/11/2025 2:10:00 AM,42.002603
5/11/2025 2:15:00 AM,37.693193
5/11/2025 2:20:00 AM,38.061666
5/11/2025 2:25:00 AM,38.457770
5/11/2025 2:30:00 AM,39.733083
5/11/2025 2:35:00 AM,41.977913
5/11/2025 2:40:00 AM,41.464583
5/11/2025 2:45:00 AM,40.104026
5/11/2025 2:50:00 AM,38.977506
5/11/2025 2:55:00 AM,39.185483
5/11/2025 3:00:00 AM,38.854996
5/11/2025 3:05:00 AM,39.325283
5/11/2025 3:10:00 AM,39.088430
5/11/2025 3:15:00 AM,38.337946
5/11/2025 3:20:00 AM,38.587596
5/11/2025 3:25:00 AM,39.148446
5/11/2025 3:30:00 AM,38.506456
5/11/2025 3:35:00 AM,38.506456
5/11/2025 3:40:00 AM,37.768850
5/11/2025 3:45:00 AM,37.837106
5/11/2025 3:50:00 AM,38.254686
5/11/2025 3:55:00 AM,37.383876
5/11/2025 4:00:00 AM,39.436880
5/11/2025 4:05:00 AM,39.930953
5/11/2025 4:10:00 AM,39.798240
5/11/2025 4:15:00 AM,39.337056
5/11/2025 4:20:00 AM,39.450490
5/11/2025 4:25:00 AM,38.931893
5/11/2025 4:30:00 AM,38.578463
5/11/2025 4:35:00 AM,38.573293
5/11/2025 4:40:00 AM,38.180793
5/11/2025 4:45:00 AM,38.741000
5/11/2025 4:50:00 AM,38.759673
5/11/2025 4:55:00 AM,38.759673
5/11/2025 5:00:00 AM,36.658310
5/11/2025 5:05:00 AM,36.615043
5/11/2025 5:10:00 AM,37.114356
5/11/2025 5:15:00 AM,37.559020
5/11/2025 5:20:00 AM,38.166590
5/11/2025 5:25:00 AM,38.171463
5/11/2025 5:30:00 AM,37.878410
5/11/2025 5:35:00 AM,37.852950
5/11/2025 5:40:00 AM,37.874320
5/11/2025 5:45:00 AM,37.569713
5/11/2025 5:50:00 AM,37.636113
5/11/2025 5:55:00 AM,37.651170
5/11/2025 6:00:00 AM,38.322853
5/11/2025 6:05:00 AM,38.320093
5/11/2025 6:10:00 AM,38.222263
5/11/2025 6:15:00 AM,36.909893
5/11/2025 6:20:00 AM,35.201083
5/11/2025 6:25:00 AM,32.968073
5/11/2025 6:30:00 AM,30.863360
5/11/2025 6:35:00 AM,28.070480
5/11/2025 6:40:00 AM,26.763546
5/11/2025 6:45:00 AM,17.625220
5/11/2025 6:50:00 AM,15.773330
5/11/2025 6:55:00 AM,14.050390
5/11/2025 7:00:00 AM,19.573113
5/11/2025 7:05:00 AM,24.237306
5/11/2025 7:10:00 AM,23.862423
5/11/2025 7:15:00 AM,19.489193
5/11/2025 7:20:00 AM,17.035986
5/11/2025 7:25:00 AM,13.531510
5/11/2025 7:30:00 AM,12.380830
5/11/2025 7:35:00 AM,9.921246
5/11/2025 7:40:00 AM,9.011340
5/11/2025 7:45:00 AM,6.808733
5/11/2025 7:50:00 AM,7.950286
5/11/2025 7:55:00 AM,7.211056
5/11/2025 8:00:00 AM,13.305810
5/11/2025 8:05:00 AM,12.940890
5/11/2025 8:10:00 AM,13.426220
5/11/2025 8:15:00 AM,12.186083
5/11/2025 8:20:00 AM,13.205313
5/11/2025 8:25:00 AM,13.087993
5/11/2025 8:30:00 AM,15.912386
5/11/2025 8:35:00 AM,12.838480
5/11/2025 8:40:00 AM,12.922936
5/11/2025 8:45:00 AM,10.644443
5/11/2025 8:50:00 AM,9.819546
5/11/2025 8:55:00 AM,8.587300
5/11/2025 9:00:00 AM,12.376586
5/11/2025 9:05:00 AM,12.295803
5/11/2025 9:10:00 AM,12.151890
5/11/2025 9:15:00 AM,12.429106
5/11/2025 9:20:00 AM,12.233153
5/11/2025 9:25:00 AM,11.647203
5/11/2025 9:30:00 AM,9.230810
5/11/2025 9:35:00 AM,8.717353
5/11/2025 9:40:00 AM,8.689576
5/11/2025 9:45:00 AM,8.435580
5/11/2025 9:50:00 AM,8.421780
5/11/2025 9:55:00 AM,8.398410
5/11/2025 10:00:00 AM,8.404866
5/11/2025 10:05:00 AM,8.379563
5/11/2025 10:10:00 AM,8.384276
5/11/2025 10:15:00 AM,8.382290
5/11/2025 10:20:00 AM,8.400603
5/11/2025 10:25:00 AM,8.400603
5/11/2025 10:30:00 AM,8.325993
5/11/2025 10:35:00 AM,8.327603
5/11/2025 10:40:00 AM,8.325993
5/11/2025 10:45:00 AM,8.134080
5/11/2025 10:50:00 AM,8.341460
5/11/2025 10:55:00 AM,8.362216
5/11/2025 11:00:00 AM,8.506313
5/11/2025 11:05:00 AM,8.525463
5/11/2025 11:10:00 AM,8.553270
5/11/2025 11:15:00 AM,8.434190
5/11/2025 11:20:00 AM,8.485850
5/11/2025 11:25:00 AM,10.635116
5/11/2025 11:30:00 AM,8.004916
5/11/2025 11:35:00 AM,7.704476
5/11/2025 11:40:00 AM,9.512660
5/11/2025 11:45:00 AM,8.397700
5/11/2025 11:50:00 AM,8.341150
5/11/2025 11:55:00 AM,8.708310
5/11/2025 12:00:00 PM,11.769066
5/11/2025 12:05:00 PM,11.769066
5/11/2025 12:10:00 PM,11.402850
5/11/2025 12:15:00 PM,11.175906
5/11/2025 12:20:00 PM,12.109283
5/11/2025 12:25:00 PM,12.482313
5/11/2025 12:30:00 PM,13.105553
5/11/2025 12:35:00 PM,12.831330
5/11/2025 12:40:00 PM,13.832646
5/11/2025 12:45:00 PM,14.682156
5/11/2025 12:50:00 PM,15.238233
5/11/2025 12:55:00 PM,17.075383
5/11/2025 1:00:00 PM,16.687586
5/11/2025 1:05:00 PM,16.383506
5/11/2025 1:10:00 PM,16.383506
5/11/2025 1:15:00 PM,15.529736
5/11/2025 1:20:00 PM,16.261353
5/11/2025 1:25:00 PM,17.436383
5/11/2025 1:30:00 PM,18.088500
5/11/2025 1:35:00 PM,18.289196
5/11/2025 1:40:00 PM,20.577660
5/11/2025 1:45:00 PM,20.515523
5/11/2025 1:50:00 PM,21.290713
5/11/2025 1:55:00 PM,20.862156
5/11/2025 2:00:00 PM,21.167030
5/11/2025 2:05:00 PM,20.923993
5/11/2025 2:10:00 PM,18.784383
5/11/2025 2:15:00 PM,21.289903
5/11/2025 2:20:00 PM,23.320023
5/11/2025 2:25:00 PM,22.323050
5/11/2025 2:30:00 PM,23.470223
5/11/2025 2:35:00 PM,22.592570
5/11/2025 2:40:00 PM,23.717596
5/11/2025 2:45:00 PM,25.303480
5/11/2025 2:50:00 PM,25.510913
5/11/2025 2:55:00 PM,24.923830
5/11/2025 3:00:00 PM,21.149643
5/11/2025 3:05:00 PM,23.120996
5/11/2025 3:10:00 PM,24.684916
5/11/2025 3:15:00 PM,20.821043
5/11/2025 3:20:00 PM,20.021813
5/11/2025 3:25:00 PM,19.558496
5/11/2025 3:30:00 PM,21.402216
5/11/2025 3:35:00 PM,24.274653
5/11/2025 3:40:00 PM,22.716693
5/11/2025 3:45:00 PM,21.980176
5/11/2025 3:50:00 PM,20.867980
5/11/2025 3:55:00 PM,20.730173
5/11/2025 4:00:00 PM,21.756456
5/11/2025 4:05:00 PM,22.267610
5/11/2025 4:10:00 PM,25.201400
5/11/2025 4:15:00 PM,26.244043
5/11/2025 4:20:00 PM,25.948536
5/11/2025 4:25:00 PM,25.895223
5/11/2025 4:30:00 PM,25.272810
5/11/2025 4:35:00 PM,25.673353
5/11/2025 4:40:00 PM,26.057863
5/11/2025 4:45:00 PM,26.011886
5/11/2025 4:50:00 PM,26.088296
5/11/2025 4:55:00 PM,29.502153
5/11/2025 5:00:00 PM,19.366433
5/11/2025 5:05:00 PM,20.492416
5/11/2025 5:10:00 PM,22.447520
5/11/2025 5:15:00 PM,24.783233
5/11/2025 5:20:00 PM,26.566346
5/11/2025 5:25:00 PM,26.758006
5/11/2025 5:30:00 PM,31.863033
5/11/2025 5:35:00 PM,32.607043
5/11/2025 5:40:00 PM,34.941780
5/11/2025 5:45:00 PM,37.661980
5/11/2025 5:50:00 PM,34.835270
5/11/2025 5:55:00 PM,36.161026
5/11/2025 6:00:00 PM,36.552846
5/11/2025 6:05:00 PM,35.208043
5/11/2025 6:10:00 PM,36.146433
5/11/2025 6:15:00 PM,36.107893
5/11/2025 6:20:00 PM,37.528570
5/11/2025 6:25:00 PM,41.000840
5/11/2025 6:30:00 PM,42.587713
5/11/2025 6:35:00 PM,43.397763
5/11/2025 6:40:00 PM,44.395986
5/11/2025 6:45:00 PM,52.850613
5/11/2025 6:50:00 PM,55.394550
5/11/2025 6:55:00 PM,61.254903
5/11/2025 7:00:00 PM,40.032330
5/11/2025 7:05:00 PM,41.103073
5/11/2025 7:10:00 PM,41.103073
5/11/2025 7:15:00 PM,41.278073
5/11/2025 7:20:00 PM,43.299970
5/11/2025 7:25:00 PM,43.394963
5/11/2025 7:30:00 PM,43.666143
5/11/2025 7:35:00 PM,43.763313
5/11/2025 7:40:00 PM,44.113910
5/11/2025 7:45:00 PM,43.809856
5/11/2025 7:50:00 PM,42.870453
5/11/2025 7:55:00 PM,43.359986
5/11/2025 8:00:00 PM,42.743223
5/11/2025 8:05:00 PM,43.561266
5/11/2025 8:10:00 PM,44.165973
5/11/2025 8:15:00 PM,43.814633
5/11/2025 8:20:00 PM,45.172993
5/11/2025 8:25:00 PM,45.886936
5/11/2025 8:30:00 PM,45.815693
5/11/2025 8:35:00 PM,46.399713
5/11/2025 8:40:00 PM,45.212960
5/11/2025 8:45:00 PM,44.354130
5/11/2025 8:50:00 PM,44.351933
5/11/2025 8:55:00 PM,44.536213
5/11/2025 9:00:00 PM,47.956656
5/11/2025 9:05:00 PM,45.563903
5/11/2025 9:10:00 PM,44.087246
5/11/2025 9:15:00 PM,42.932543
5/11/2025 9:20:00 PM,42.698836
5/11/2025 9:25:00 PM,43.276316
5/11/2025 9:30:00 PM,42.960643
5/11/2025 9:35:00 PM,42.611106
5/11/2025 9:40:00 PM,42.802846
5/11/2025 9:45:00 PM,42.885690
5/11/2025 9:50:00 PM,43.064763
5/11/2025 9:55:00 PM,44.095510
5/11/2025 10:00:00 PM,47.034383
5/11/2025 10:05:00 PM,43.644906
5/11/2025 10:10:00 PM,42.570503
5/11/2025 10:15:00 PM,42.012816
5/11/2025 10:20:00 PM,42.816690
5/11/2025 10:25:00 PM,43.661220
5/11/2025 10:30:00 PM,43.767563
5/11/2025 10:35:00 PM,44.159576
5/11/2025 10:40:00 PM,44.205086
5/11/2025 10:45:00 PM,42.770286
5/11/2025 10:50:00 PM,41.734616
5/11/2025 10:55:00 PM,41.215080
5/11/2025 11:00:00 PM,45.661533
5/11/2025 11:05:00 PM,45.854286
5/11/2025 11:10:00 PM,44.158713
5/11/2025 11:15:00 PM,42.542983
5/11/2025 11:20:00 PM,42.298766
5/11/2025 11:25:00 PM,42.031500
5/11/2025 11:30:00 PM,41.350413
5/11/2025 11:35:00 PM,40.131700
5/11/2025 11:40:00 PM,38.339566
5/11/2025 11:45:00 PM,38.081386
5/11/2025 11:50:00 PM,38.223540
5/11/2025 11:55:00 PM,37.665936
5/12/2025 12:00:00 AM,44.507783
5/12/2025 12:05:00 AM,40.160226
5/12/2025 12:10:00 AM,41.174250
5/12/2025 12:15:00 AM,37.806623
5/12/2025 12:20:00 AM,37.838970
5/12/2025 12:25:00 AM,38.246643
5/12/2025 12:30:00 AM,37.811450
5/12/2025 12:35:00 AM,37.813960
5/12/2025 12:40:00 AM,36.198020
5/12/2025 12:45:00 AM,35.434390
5/12/2025 12:50:00 AM,34.937333
5/12/2025 12:55:00 AM,34.372270
5/12/2025 1:00:00 AM,38.275653
5/12/2025 1:05:00 AM,38.268770
5/12/2025 1:10:00 AM,38.135413
5/12/2025 1:15:00 AM,38.274980
5/12/2025 1:20:00 AM,38.318676
5/12/2025 1:25:00 AM,38.275286
5/12/2025 1:30:00 AM,38.233020
5/12/2025 1:35:00 AM,37.789843
5/12/2025 1:40:00 AM,37.141000
5/12/2025 1:45:00 AM,34.995493
5/12/2025 1:50:00 AM,34.514503
5/12/2025 1:55:00 AM,34.865680
5/12/2025 2:00:00 AM,34.651850
5/12/2025 2:05:00 AM,34.647406
5/12/2025 2:10:00 AM,35.598253
5/12/2025 2:15:00 AM,36.258533
5/12/2025 2:20:00 AM,36.221133
5/12/2025 2:25:00 AM,36.101096
5/12/2025 2:30:00 AM,35.316713
5/12/2025 2:35:00 AM,35.127676
5/12/2025 2:40:00 AM,34.054246
5/12/2025 2:45:00 AM,33.627263
5/12/2025 2:50:00 AM,33.906220
5/12/2025 2:55:00 AM,33.633053
5/12/2025 3:00:00 AM,32.610700
5/12/2025 3:05:00 AM,32.531930
5/12/2025 3:10:00 AM,32.590536
5/12/2025 3:15:00 AM,33.515840
5/12/2025 3:20:00 AM,34.361730
5/12/2025 3:25:00 AM,34.742246
5/12/2025 3:30:00 AM,34.679496
5/12/2025 3:35:00 AM,34.888346
5/12/2025 3:40:00 AM,34.677696
5/12/2025 3:45:00 AM,35.422890
5/12/2025 3:50:00 AM,33.553750
5/12/2025 3:55:00 AM,36.067853
5/12/2025 4:00:00 AM,31.665546
5/12/2025 4:05:00 AM,32.731266
5/12/2025 4:10:00 AM,32.759736
5/12/2025 4:15:00 AM,33.578446
5/12/2025 4:20:00 AM,37.237066
5/12/2025 4:25:00 AM,37.203070
5/12/2025 4:30:00 AM,37.427546
5/12/2025 4:35:00 AM,38.119850
5/12/2025 4:40:00 AM,38.567810
5/12/2025 4:45:00 AM,38.653500
5/12/2025 4:50:00 AM,38.789463
5/12/2025 4:55:00 AM,38.795486
5/12/2025 5:00:00 AM,30.996126
5/12/2025 5:05:00 AM,30.513863
5/12/2025 5:10:00 AM,32.276286
5/12/2025 5:15:00 AM,31.770013
5/12/2025 5:20:00 AM,35.147033
5/12/2025 5:25:00 AM,35.538273
5/12/2025 5:30:00 AM,34.420630
5/12/2025 5:35:00 AM,34.420630
5/12/2025 5:40:00 AM,34.191366
5/12/2025 5:45:00 AM,34.007780
5/12/2025 5:50:00 AM,34.915710
5/12/2025 5:55:00 AM,36.196316
5/12/2025 6:00:00 AM,39.083496
5/12/2025 6:05:00 AM,38.242816
5/12/2025 6:10:00 AM,37.523676
5/12/2025 6:15:00 AM,41.230013
5/12/2025 6:20:00 AM,42.832340
5/12/2025 6:25:00 AM,43.898776
5/12/2025 6:30:00 AM,36.374260
5/12/2025 6:35:00 AM,33.665260
5/12/2025 6:40:00 AM,29.453436
5/12/2025 6:45:00 AM,25.748726
5/12/2025 6:50:00 AM,24.682746
5/12/2025 6:55:00 AM,24.147296
5/12/2025 7:00:00 AM,27.424420
5/12/2025 7:05:00 AM,28.262313
5/12/2025 7:10:00 AM,27.108343
5/12/2025 7:15:00 AM,24.475673
5/12/2025 7:20:00 AM,23.931463
5/12/2025 7:25:00 AM,21.272680
5/12/2025 7:30:00 AM,18.784626
5/12/2025 7:35:00 AM,18.238236
5/12/2025 7:40:00 AM,16.400986
5/12/2025 7:45:00 AM,15.216933
5/12/2025 7:50:00 AM,13.569600
5/12/2025 7:55:00 AM,13.899856
5/12/2025 8:00:00 AM,14.645686
5/12/2025 8:05:00 AM,15.398120
5/12/2025 8:10:00 AM,16.111180
5/12/2025 8:15:00 AM,18.637046
5/12/2025 8:20:00 AM,18.526356
5/12/2025 8:25:00 AM,16.924236
5/12/2025 8:30:00 AM,17.358250
5/12/2025 8:35:00 AM,16.767003
5/12/2025 8:40:00 AM,16.717873
5/12/2025 8:45:00 AM,18.581903
5/12/2025 8:50:00 AM,16.247703
5/12/2025 8:55:00 AM,14.656900
5/12/2025 9:00:00 AM,21.481573
5/12/2025 9:05:00 AM,21.328883
5/12/2025 9:10:00 AM,21.187490
5/12/2025 9:15:00 AM,19.683446
5/12/2025 9:20:00 AM,19.338470
5/12/2025 9:25:00 AM,17.850803
5/12/2025 9:30:00 AM,13.016136
5/12/2025 9:35:00 AM,13.016136
5/12/2025 9:40:00 AM,13.017156
5/12/2025 9:45:00 AM,11.642773
5/12/2025 9:50:00 AM,11.236356
5/12/2025 9:55:00 AM,10.398283
5/12/2025 10:00:00 AM,18.291873
5/12/2025 10:05:00 AM,18.022870
5/12/2025 10:10:00 AM,18.022870
5/12/2025 10:15:00 AM,17.785033
5/12/2025 10:20:00 AM,16.735616
5/12/2025 10:25:00 AM,16.699640
5/12/2025 10:30:00 AM,17.165043
5/12/2025 10:35:00 AM,17.237140
5/12/2025 10:40:00 AM,17.686750
5/12/2025 10:45:00 AM,16.162983
5/12/2025 10:50:00 AM,16.144866
5/12/2025 10:55:00 AM,15.995360
5/12/2025 11:00:00 AM,15.425470
5/12/2025 11:05:00 AM,15.378383
5/12/2025 11:10:00 AM,15.847500
5/12/2025 11:15:00 AM,17.592266
5/12/2025 11:20:00 AM,16.236880
5/12/2025 11:25:00 AM,16.142150
5/12/2025 11:30:00 AM,16.778436
5/12/2025 11:35:00 AM,16.727353
5/12/2025 11:40:00 AM,16.740003
5/12/2025 11:45:00 AM,16.983060
5/12/2025 11:50:00 AM,16.320050
5/12/2025 11:55:00 AM,15.562093
5/12/2025 12:00:00 PM,17.118746
5/12/2025 12:05:00 PM,16.391036
5/12/2025 12:10:00 PM,14.299090
5/12/2025 12:15:00 PM,16.371450
5/12/2025 12:20:00 PM,16.527523
5/12/2025 12:25:00 PM,16.532760
5/12/2025 12:30:00 PM,18.282230
5/12/2025 12:35:00 PM,18.303410
5/12/2025 12:40:00 PM,18.264866
5/12/2025 12:45:00 PM,17.714896
5/12/2025 12:50:00 PM,18.123013
5/12/2025 12:55:00 PM,16.502583
5/12/2025 1:00:00 PM,13.559790
5/12/2025 1:05:00 PM,13.921523
5/12/2025 1:10:00 PM,14.061653
5/12/2025 1:15:00 PM,15.049536
5/12/2025 1:20:00 PM,16.366796
5/12/2025 1:25:00 PM,16.654263
5/12/2025 1:30:00 PM,16.635433
5/12/2025 1:35:00 PM,18.961940
5/12/2025 1:40:00 PM,19.211586
5/12/2025 1:45:00 PM,18.301160
5/12/2025 1:50:00 PM,18.877023
5/12/2025 1:55:00 PM,18.585143
5/12/2025 2:00:00 PM,18.144593
5/12/2025 2:05:00 PM,19.206956
5/12/2025 2:10:00 PM,19.223070
5/12/2025 2:15:00 PM,17.192140
5/12/2025 2:20:00 PM,16.412413
5/12/2025 2:25:00 PM,15.421080
5/12/2025 2:30:00 PM,14.980103
5/12/2025 2:35:00 PM,14.957550
5/12/2025 2:40:00 PM,14.680103
5/12/2025 2:45:00 PM,14.713470
5/12/2025 2:50:00 PM,13.658003
5/12/2025 2:55:00 PM,13.714396
5/12/2025 3:00:00 PM,10.361830
5/12/2025 3:05:00 PM,13.076096
5/12/2025 3:10:00 PM,13.076096
5/12/2025 3:15:00 PM,16.446683
5/12/2025 3:20:00 PM,17.371303
5/12/2025 3:25:00 PM,18.877010
5/12/2025 3:30:00 PM,19.607880
5/12/2025 3:35:00 PM,20.072386
5/12/2025 3:40:00 PM,21.435806
5/12/2025 3:45:00 PM,21.420170
5/12/2025 3:50:00 PM,23.099703
5/12/2025 3:55:00 PM,21.796820
5/12/2025 4:00:00 PM,24.128363
5/12/2025 4:05:00 PM,21.746216
5/12/2025 4:10:00 PM,20.903103
5/12/2025 4:15:00 PM,23.897490
5/12/2025 4:20:00 PM,24.748633
5/12/2025 4:25:00 PM,25.658753
5/12/2025 4:30:00 PM,21.272633
5/12/2025 4:35:00 PM,20.661396
5/12/2025 4:40:00 PM,24.172043
5/12/2025 4:45:00 PM,23.826930
5/12/2025 4:50:00 PM,24.110146
5/12/2025 4:55:00 PM,28.332420
5/12/2025 5:00:00 PM,18.106363
5/12/2025 5:05:00 PM,17.990893
5/12/2025 5:10:00 PM,15.847646
5/12/2025 5:15:00 PM,14.054473
5/12/2025 5:20:00 PM,16.177953
5/12/2025 5:25:00 PM,23.600143
5/12/2025 5:30:00 PM,24.285530
5/12/2025 5:35:00 PM,22.329633
5/12/2025 5:40:00 PM,26.878810
5/12/2025 5:45:00 PM,33.030743
5/12/2025 5:50:00 PM,39.517930
5/12/2025 5:55:00 PM,37.818353
5/12/2025 6:00:00 PM,37.818353
5/12/2025 6:05:00 PM,22.102210
5/12/2025 6:10:00 PM,20.746643
5/12/2025 6:15:00 PM,23.822613
5/12/2025 6:20:00 PM,25.894916
5/12/2025 6:25:00 PM,27.600143
5/12/2025 6:30:00 PM,31.231570
5/12/2025 6:35:00 PM,33.236403
5/12/2025 6:40:00 PM,36.156610
5/12/2025 6:45:00 PM,37.111220
5/12/2025 6:50:00 PM,39.683386
5/12/2025 6:55:00 PM,45.432926
5/12/2025 7:00:00 PM,23.450966
5/12/2025 7:05:00 PM,23.328226
5/12/2025 7:10:00 PM,23.341740
5/12/2025 7:15:00 PM,23.912340
5/12/2025 7:20:00 PM,27.940496
5/12/2025 7:25:00 PM,29.276890
5/12/2025 7:30:00 PM,31.557190
5/12/2025 7:35:00 PM,32.185846
5/12/2025 7:40:00 PM,32.188016
5/12/2025 7:45:00 PM,29.993276
5/12/2025 7:50:00 PM,29.842433
5/12/2025 7:55:00 PM,29.570790
5/12/2025 8:00:00 PM,28.555756
5/12/2025 8:05:00 PM,28.555756
5/12/2025 8:10:00 PM,29.114420
5/12/2025 8:15:00 PM,28.578083
5/12/2025 8:20:00 PM,28.881706
5/12/2025 8:25:00 PM,28.183650
5/12/2025 8:30:00 PM,29.567736
5/12/2025 8:35:00 PM,29.525150
5/12/2025 8:40:00 PM,29.525150
5/12/2025 8:45:00 PM,28.764683
5/12/2025 8:50:00 PM,28.647140
5/12/2025 8:55:00 PM,27.514576
5/12/2025 9:00:00 PM,28.597583
5/12/2025 9:05:00 PM,28.051423
5/12/2025 9:10:00 PM,27.506843
5/12/2025 9:15:00 PM,27.088063
5/12/2025 9:20:00 PM,26.710606
5/12/2025 9:25:00 PM,26.123743
5/12/2025 9:30:00 PM,26.281956
5/12/2025 9:35:00 PM,27.097123
5/12/2025 9:40:00 PM,27.128806
5/12/2025 9:45:00 PM,26.898830
5/12/2025 9:50:00 PM,26.763173
5/12/2025 9:55:00 PM,26.412933
5/12/2025 10:00:00 PM,27.282910
5/12/2025 10:05:00 PM,26.601526
5/12/2025 10:10:00 PM,26.397673
5/12/2025 10:15:00 PM,25.880673
5/12/2025 10:20:00 PM,26.142966
5/12/2025 10:25:00 PM,26.060213
5/12/2025 10:30:00 PM,26.115746
5/12/2025 10:35:00 PM,26.115746
5/12/2025 10:40:00 PM,25.793930
5/12/2025 10:45:00 PM,25.404586
5/12/2025 10:50:00 PM,25.547393
5/12/2025 10:55:00 PM,25.594976
5/12/2025 11:00:00 PM,25.931910
5/12/2025 11:05:00 PM,25.742253
5/12/2025 11:10:00 PM,25.332170
5/12/2025 11:15:00 PM,24.558716
5/12/2025 11:20:00 PM,25.850280
5/12/2025 11:25:00 PM,26.053503
5/12/2025 11:30:00 PM,26.399580
5/12/2025 11:35:00 PM,26.814853
5/12/2025 11:40:00 PM,27.413976
5/12/2025 11:45:00 PM,28.623340
5/12/2025 11:50:00 PM,27.820463
5/12/2025 11:55:00 PM,27.674566
5/13/2025 12:00:00 AM,23.713383
5/13/2025 12:05:00 AM,24.206880
5/13/2025 12:10:00 AM,24.832306
5/13/2025 12:15:00 AM,24.230430
5/13/2025 12:20:00 AM,24.401170
5/13/2025 12:25:00 AM,24.530233
5/13/2025 12:30:00 AM,24.696883
5/13/2025 12:35:00 AM,24.820096
5/13/2025 12:40:00 AM,24.757866
5/13/2025 12:45:00 AM,24.801546
5/13/2025 12:50:00 AM,24.164530
5/13/2025 12:55:00 AM,24.122370
5/13/2025 1:00:00 AM,23.958020
5/13/2025 1:05:00 AM,23.981870
5/13/2025 1:10:00 AM,23.981870
5/13/2025 1:15:00 AM,24.003006
5/13/2025 1:20:00 AM,24.255743
5/13/2025 1:25:00 AM,24.003006
5/13/2025 1:30:00 AM,22.762816
5/13/2025 1:35:00 AM,22.076266
5/13/2025 1:40:00 AM,22.753840
5/13/2025 1:45:00 AM,22.728936
5/13/2025 1:50:00 AM,23.208153
5/13/2025 1:55:00 AM,23.859703
5/13/2025 2:00:00 AM,24.787666
5/13/2025 2:05:00 AM,24.200913
5/13/2025 2:10:00 AM,24.019056
5/13/2025 2:15:00 AM,23.941140
5/13/2025 2:20:00 AM,24.061210
5/13/2025 2:25:00 AM,24.102620
5/13/2025 2:30:00 AM,24.094543
5/13/2025 2:35:00 AM,24.094543
5/13/2025 2:40:00 AM,23.836693
5/13/2025 2:45:00 AM,23.296986
5/13/2025 2:50:00 AM,24.417793
5/13/2025 2:55:00 AM,24.732843
5/13/2025 3:00:00 AM,24.359923
5/13/2025 3:05:00 AM,24.359923
5/13/2025 3:10:00 AM,23.678346
5/13/2025 3:15:00 AM,24.071236
5/13/2025 3:20:00 AM,24.847066
5/13/2025 3:25:00 AM,25.136730
5/13/2025 3:30:00 AM,25.136160
5/13/2025 3:35:00 AM,25.200043
5/13/2025 3:40:00 AM,25.605940
5/13/2025 3:45:00 AM,25.625566
5/13/2025 3:50:00 AM,25.530506
5/13/2025 3:55:00 AM,25.809376
5/13/2025 4:00:00 AM,19.165206
5/13/2025 4:05:00 AM,19.589440
5/13/2025 4:10:00 AM,20.728423
5/13/2025 4:15:00 AM,20.759600
5/13/2025 4:20:00 AM,22.395273
5/13/2025 4:25:00 AM,22.364150
5/13/2025 4:30:00 AM,23.836656
5/13/2025 4:35:00 AM,23.482426
5/13/2025 4:40:00 AM,24.517870
5/13/2025 4:45:00 AM,24.517870
5/13/2025 4:50:00 AM,25.365733
5/13/2025 4:55:00 AM,25.896643
5/13/2025 5:00:00 AM,14.982750
5/13/2025 5:05:00 AM,14.982750
5/13/2025 5:10:00 AM,16.754423
5/13/2025 5:15:00 AM,16.970593
5/13/2025 5:20:00 AM,18.968333
5/13/2025 5:25:00 AM,18.885620
5/13/2025 5:30:00 AM,18.926113
5/13/2025 5:35:00 AM,19.457740
5/13/2025 5:40:00 AM,20.241886
5/13/2025 5:45:00 AM,22.058386
5/13/2025 5:50:00 AM,22.745923
5/13/2025 5:55:00 AM,23.758076
5/13/2025 6:00:00 AM,28.091773
5/13/2025 6:05:00 AM,29.520100
5/13/2025 6:10:00 AM,29.647793
5/13/2025 6:15:00 AM,29.583036
5/13/2025 6:20:00 AM,25.937420
5/13/2025 6:25:00 AM,23.440153
5/13/2025 6:30:00 AM,21.953803
5/13/2025 6:35:00 AM,19.103700
5/13/2025 6:40:00 AM,14.718160
5/13/2025 6:45:00 AM,14.116743
5/13/2025 6:50:00 AM,11.781043
5/13/2025 6:55:00 AM,11.729060
5/13/2025 7:00:00 AM,12.248763
5/13/2025 7:05:00 AM,13.071020
5/13/2025 7:10:00 AM,12.222993
5/13/2025 7:15:00 AM,12.232953
5/13/2025 7:20:00 AM,12.003943
5/13/2025 7:25:00 AM,11.969923
5/13/2025 7:30:00 AM,9.860986
5/13/2025 7:35:00 AM,7.867486
5/13/2025 7:40:00 AM,10.667996
5/13/2025 7:45:00 AM,15.341630
5/13/2025 7:50:00 AM,10.448580
5/13/2025 7:55:00 AM,10.291236
5/13/2025 8:00:00 AM,13.304843
5/13/2025 8:05:00 AM,11.775060
5/13/2025 8:10:00 AM,12.297876
5/13/2025 8:15:00 AM,11.479410
5/13/2025 8:20:00 AM,9.460663
5/13/2025 8:25:00 AM,8.406190
5/13/2025 8:30:00 AM,8.044586
5/13/2025 8:35:00 AM,8.545650
5/13/2025 8:40:00 AM,9.711723
5/13/2025 8:45:00 AM,11.236076
5/13/2025 8:50:00 AM,10.776810
5/13/2025 8:55:00 AM,10.083690
5/13/2025 9:00:00 AM,14.055786
5/13/2025 9:05:00 AM,12.973600
5/13/2025 9:10:00 AM,11.097273
5/13/2025 9:15:00 AM,11.652533
5/13/2025 9:20:00 AM,12.488656
5/13/2025 9:25:00 AM,11.466046
5/13/2025 9:30:00 AM,10.760520
5/13/2025 9:35:00 AM,10.580626
5/13/2025 9:40:00 AM,10.305810
5/13/2025 9:45:00 AM,7.225700
5/13/2025 9:50:00 AM,7.523613
5/13/2025 9:55:00 AM,6.630923
5/13/2025 10:00:00 AM,10.108566
5/13/2025 10:05:00 AM,9.880863
5/13/2025 10:10:00 AM,10.008356
5/13/2025 10:15:00 AM,10.123910
5/13/2025 10:20:00 AM,9.676970
5/13/2025 10:25:00 AM,10.045626
5/13/2025 10:30:00 AM,10.212770
5/13/2025 10:35:00 AM,9.327880
5/13/2025 10:40:00 AM,10.015486
5/13/2025 10:45:00 AM,9.685196
5/13/2025 10:50:00 AM,9.771786
5/13/2025 10:55:00 AM,9.545163
5/13/2025 11:00:00 AM,10.907253
5/13/2025 11:05:00 AM,8.356856
5/13/2025 11:10:00 AM,7.922473
5/13/2025 11:15:00 AM,8.054486
5/13/2025 11:20:00 AM,7.572066
5/13/2025 11:25:00 AM,9.267730
5/13/2025 11:30:00 AM,7.685213
5/13/2025 11:35:00 AM,7.385216
5/13/2025 11:40:00 AM,5.327833
5/13/2025 11:45:00 AM,5.454206
5/13/2025 11:50:00 AM,10.547063
5/13/2025 11:55:00 AM,6.924733
5/13/2025 12:00:00 PM,9.134620
5/13/2025 12:05:00 PM,6.973306
5/13/2025 12:10:00 PM,3.966100
5/13/2025 12:15:00 PM,3.966100
5/13/2025 12:20:00 PM,5.513606
5/13/2025 12:25:00 PM,-3.898430
5/13/2025 12:30:00 PM,-3.861116
5/13/2025 12:35:00 PM,-4.449653
5/13/2025 12:40:00 PM,-5.841480
5/13/2025 12:45:00 PM,-9.031736
5/13/2025 12:50:00 PM,-6.827813
5/13/2025 12:55:00 PM,-3.471483
5/13/2025 1:00:00 PM,-4.486733
5/13/2025 1:05:00 PM,-5.047560
5/13/2025 1:10:00 PM,-4.034820
5/13/2025 1:15:00 PM,-4.466356
5/13/2025 1:20:00 PM,-0.714856
5/13/2025 1:25:00 PM,-2.963580
5/13/2025 1:30:00 PM,-2.185116
5/13/2025 1:35:00 PM,-2.617770
5/13/2025 1:40:00 PM,-3.791250
5/13/2025 1:45:00 PM,-3.417666
5/13/2025 1:50:00 PM,-2.173103
5/13/2025 1:55:00 PM,3.936463
5/13/2025 2:00:00 PM,-3.705903
5/13/2025 2:05:00 PM,-3.779466
5/13/2025 2:10:00 PM,-3.858163
5/13/2025 2:15:00 PM,-8.142730
5/13/2025 2:20:00 PM,-5.093096
5/13/2025 2:25:00 PM,-8.184650
5/13/2025 2:30:00 PM,-10.519150
5/13/2025 2:35:00 PM,-10.519150
5/13/2025 2:40:00 PM,-10.532990
5/13/2025 2:45:00 PM,-10.419626
5/13/2025 2:50:00 PM,-10.446233
5/13/2025 2:55:00 PM,-8.316726
5/13/2025 3:00:00 PM,-10.074470
5/13/2025 3:05:00 PM,-9.751643
5/13/2025 3:10:00 PM,-9.869653
5/13/2025 3:15:00 PM,-10.248880
5/13/2025 3:20:00 PM,-10.277963
5/13/2025 3:25:00 PM,-10.199396
5/13/2025 3:30:00 PM,-7.815103
5/13/2025 3:35:00 PM,-8.702370
5/13/2025 3:40:00 PM,-8.733926
5/13/2025 3:45:00 PM,-7.825493
5/13/2025 3:50:00 PM,-7.074940
5/13/2025 3:55:00 PM,-6.277380
5/13/2025 4:00:00 PM,-9.548923
5/13/2025 4:05:00 PM,-9.407563
5/13/2025 4:10:00 PM,-8.004346
5/13/2025 4:15:00 PM,-9.526033
5/13/2025 4:20:00 PM,-10.151036
5/13/2025 4:25:00 PM,-7.727956
5/13/2025 4:30:00 PM,-9.079000
5/13/2025 4:35:00 PM,-7.408526
5/13/2025 4:40:00 PM,-4.416793
5/13/2025 4:45:00 PM,-4.437413
5/13/2025 4:50:00 PM,-3.389210
5/13/2025 4:55:00 PM,-9.429146
5/13/2025 5:00:00 PM,-10.348923
5/13/2025 5:05:00 PM,-10.659213
5/13/2025 5:10:00 PM,-10.747023
5/13/2025 5:15:00 PM,-10.722910
5/13/2025 5:20:00 PM,-10.671140
5/13/2025 5:25:00 PM,-8.970356
5/13/2025 5:30:00 PM,-7.862846
5/13/2025 5:35:00 PM,-5.836663
5/13/2025 5:40:00 PM,-0.590166
5/13/2025 5:45:00 PM,-0.413820
5/13/2025 5:50:00 PM,3.664720
5/13/2025 5:55:00 PM,0.822743
5/13/2025 6:00:00 PM,-1.348166
5/13/2025 6:05:00 PM,-1.166010
5/13/2025 6:10:00 PM,-0.766833
5/13/2025 6:15:00 PM,3.609636
5/13/2025 6:20:00 PM,11.217463
5/13/2025 6:25:00 PM,17.028793
5/13/2025 6:30:00 PM,22.997736
5/13/2025 6:35:00 PM,28.327173
5/13/2025 6:40:00 PM,28.806486
5/13/2025 6:45:00 PM,30.074286
5/13/2025 6:50:00 PM,31.465923
5/13/2025 6:55:00 PM,40.146206
5/13/2025 7:00:00 PM,18.750556
5/13/2025 7:05:00 PM,19.765690
5/13/2025 7:10:00 PM,21.038880
5/13/2025 7:15:00 PM,23.130906
5/13/2025 7:20:00 PM,24.540936
5/13/2025 7:25:00 PM,25.750996
5/13/2025 7:30:00 PM,27.100873
5/13/2025 7:35:00 PM,28.098233
5/13/2025 7:40:00 PM,29.573296
5/13/2025 7:45:00 PM,30.188993
5/13/2025 7:50:00 PM,30.330616
5/13/2025 7:55:00 PM,30.837263
5/13/2025 8:00:00 PM,26.965016
5/13/2025 8:05:00 PM,28.004710
5/13/2025 8:10:00 PM,27.766320
5/13/2025 8:15:00 PM,28.639360
5/13/2025 8:20:00 PM,29.543890
5/13/2025 8:25:00 PM,29.054256
5/13/2025 8:30:00 PM,29.823110
5/13/2025 8:35:00 PM,29.766776
5/13/2025 8:40:00 PM,29.636560
5/13/2025 8:45:00 PM,29.343576
5/13/2025 8:50:00 PM,28.816530
5/13/2025 8:55:00 PM,28.916366
5/13/2025 9:00:00 PM,29.773510
5/13/2025 9:05:00 PM,29.094556
5/13/2025 9:10:00 PM,28.407470
5/13/2025 9:15:00 PM,28.727613
5/13/2025 9:20:00 PM,28.145793
5/13/2025 9:25:00 PM,27.598826
5/13/2025 9:30:00 PM,26.424170
5/13/2025 9:35:00 PM,25.647613
5/13/2025 9:40:00 PM,24.644826
5/13/2025 9:45:00 PM,25.387626
5/13/2025 9:50:00 PM,25.387626
5/13/2025 9:55:00 PM,25.450896
5/13/2025 10:00:00 PM,32.046583
5/13/2025 10:05:00 PM,29.765150
5/13/2025 10:10:00 PM,29.732546
5/13/2025 10:15:00 PM,29.598916
5/13/2025 10:20:00 PM,31.825976
5/13/2025 10:25:00 PM,31.574890
5/13/2025 10:30:00 PM,29.422540
5/13/2025 10:35:00 PM,29.819000
5/13/2025 10:40:00 PM,29.377076
5/13/2025 10:45:00 PM,28.986583
5/13/2025 10:50:00 PM,27.772323
5/13/2025 10:55:00 PM,27.897630
5/13/2025 11:00:00 PM,27.839120
5/13/2025 11:05:00 PM,28.886346
5/13/2025 11:10:00 PM,29.312230
5/13/2025 11:15:00 PM,29.575056
5/13/2025 11:20:00 PM,32.176436
5/13/2025 11:25:00 PM,32.773846
5/13/2025 11:30:00 PM,33.249926
5/13/2025 11:35:00 PM,33.806456
5/13/2025 11:40:00 PM,33.985360
5/13/2025 11:45:00 PM,34.462040
5/13/2025 11:50:00 PM,36.195370
5/13/2025 11:55:00 PM,36.359816
5/14/2025 12:00:00 AM,35.459930
5/14/2025 12:05:00 AM,36.129413
5/14/2025 12:10:00 AM,33.809260
5/14/2025 12:15:00 AM,33.126566
5/14/2025 12:20:00 AM,33.778960
5/14/2025 12:25:00 AM,33.434813
5/14/2025 12:30:00 AM,35.536840
5/14/2025 12:35:00 AM,33.800143
5/14/2025 12:40:00 AM,32.322476
5/14/2025 12:45:00 AM,32.320806
5/14/2025 12:50:00 AM,32.638583
5/14/2025 12:55:00 AM,33.440870
5/14/2025 1:00:00 AM,32.643000
5/14/2025 1:05:00 AM,33.421773
5/14/2025 1:10:00 AM,32.103913
5/14/2025 1:15:00 AM,32.409806
5/14/2025 1:20:00 AM,32.718773
5/14/2025 1:25:00 AM,31.008023
5/14/2025 1:30:00 AM,30.631420
5/14/2025 1:35:00 AM,30.325310
5/14/2025 1:40:00 AM,29.989126
5/14/2025 1:45:00 AM,30.114483
5/14/2025 1:50:00 AM,30.139210
5/14/2025 1:55:00 AM,29.713433
5/14/2025 2:00:00 AM,30.998676
5/14/2025 2:05:00 AM,30.288250
5/14/2025 2:10:00 AM,29.335566
5/14/2025 2:15:00 AM,28.765146
5/14/2025 2:20:00 AM,29.405750
5/14/2025 2:25:00 AM,29.819696
5/14/2025 2:30:00 AM,28.716196
5/14/2025 2:35:00 AM,28.464436
5/14/2025 2:40:00 AM,28.166470
5/14/2025 2:45:00 AM,26.624276
5/14/2025 2:50:00 AM,26.624276
5/14/2025 2:55:00 AM,27.034993
5/14/2025 3:00:00 AM,26.652946
5/14/2025 3:05:00 AM,27.425406
5/14/2025 3:10:00 AM,27.319960
5/14/2025 3:15:00 AM,27.254386
5/14/2025 3:20:00 AM,27.155686
5/14/2025 3:25:00 AM,26.949246
5/14/2025 3:30:00 AM,24.052853
5/14/2025 3:35:00 AM,24.052853
5/14/2025 3:40:00 AM,24.100693
5/14/2025 3:45:00 AM,23.842603
5/14/2025 3:50:00 AM,24.279956
5/14/2025 3:55:00 AM,27.281950
5/14/2025 4:00:00 AM,19.900686
5/14/2025 4:05:00 AM,23.576516
5/14/2025 4:10:00 AM,24.569410
5/14/2025 4:15:00 AM,24.736230
5/14/2025 4:20:00 AM,28.222023
5/14/2025 4:25:00 AM,28.690650
5/14/2025 4:30:00 AM,29.884920
5/14/2025 4:35:00 AM,30.975920
5/14/2025 4:40:00 AM,31.249786
5/14/2025 4:45:00 AM,32.095400
5/14/2025 4:50:00 AM,32.095400
5/14/2025 4:55:00 AM,35.371606
5/14/2025 5:00:00 AM,24.627216
5/14/2025 5:05:00 AM,23.939210
5/14/2025 5:10:00 AM,25.772750
5/14/2025 5:15:00 AM,26.123256
5/14/2025 5:20:00 AM,31.844380
5/14/2025 5:25:00 AM,32.523236
5/14/2025 5:30:00 AM,33.896363
5/14/2025 5:35:00 AM,34.646753
5/14/2025 5:40:00 AM,34.405163
5/14/2025 5:45:00 AM,34.489710
5/14/2025 5:50:00 AM,35.873713
5/14/2025 5:55:00 AM,43.939913
5/14/2025 6:00:00 AM,55.905133
5/14/2025 6:05:00 AM,67.667856
5/14/2025 6:10:00 AM,97.390000
5/14/2025 6:15:00 AM,44.475616
5/14/2025 6:20:00 AM,41.794693
5/14/2025 6:25:00 AM,34.783976
5/14/2025 6:30:00 AM,31.783696
5/14/2025 6:35:00 AM,28.035536
5/14/2025 6:40:00 AM,20.294903
5/14/2025 6:45:00 AM,18.362966
5/14/2025 6:50:00 AM,17.409453
5/14/2025 6:55:00 AM,18.486426
5/14/2025 7:00:00 AM,23.525686
5/14/2025 7:05:00 AM,23.402706
5/14/2025 7:10:00 AM,22.365253
5/14/2025 7:15:00 AM,20.519356
5/14/2025 7:20:00 AM,20.284566
5/14/2025 7:25:00 AM,13.253200
5/14/2025 7:30:00 AM,14.668776
5/14/2025 7:35:00 AM,11.403550
5/14/2025 7:40:00 AM,10.203526
5/14/2025 7:45:00 AM,6.363466
5/14/2025 7:50:00 AM,6.166053
5/14/2025 7:55:00 AM,6.507110
5/14/2025 8:00:00 AM,12.057273
5/14/2025 8:05:00 AM,11.043370
5/14/2025 8:10:00 AM,8.416263
5/14/2025 8:15:00 AM,6.561500
5/14/2025 8:20:00 AM,6.188453
5/14/2025 8:25:00 AM,5.998200
5/14/2025 8:30:00 AM,5.662986
5/14/2025 8:35:00 AM,5.445593
5/14/2025 8:40:00 AM,4.320990
5/14/2025 8:45:00 AM,0.505656
5/14/2025 8:50:00 AM,-0.057020
5/14/2025 8:55:00 AM,2.024320
5/14/2025 9:00:00 AM,5.077503
5/14/2025 9:05:00 AM,5.482033
5/14/2025 9:10:00 AM,4.854280
5/14/2025 9:15:00 AM,3.656526
5/14/2025 9:20:00 AM,3.374810
5/14/2025 9:25:00 AM,2.056353
5/14/2025 9:30:00 AM,2.994000
5/14/2025 9:35:00 AM,2.709626
5/14/2025 9:40:00 AM,-0.085916
5/14/2025 9:45:00 AM,-1.100886
5/14/2025 9:50:00 AM,-3.477216
5/14/2025 9:55:00 AM,-5.435896
5/14/2025 10:00:00 AM,-5.038290
5/14/2025 10:05:00 AM,-5.529556
5/14/2025 10:10:00 AM,-3.979966
5/14/2025 10:15:00 AM,-5.209873
5/14/2025 10:20:00 AM,-5.808216
5/14/2025 10:25:00 AM,-6.480563
5/14/2025 10:30:00 AM,-5.910810
5/14/2025 10:35:00 AM,-7.010486
5/14/2025 10:40:00 AM,-6.558433
5/14/2025 10:45:00 AM,-6.739466
5/14/2025 10:50:00 AM,-7.770293
5/14/2025 10:55:00 AM,-8.038466
5/14/2025 11:00:00 AM,-7.748046
5/14/2025 11:05:00 AM,-8.305663
5/14/2025 11:10:00 AM,-8.487670
5/14/2025 11:15:00 AM,-8.551553
5/14/2025 11:20:00 AM,-9.125760
5/14/2025 11:25:00 AM,-9.039130
5/14/2025 11:30:00 AM,-9.778793
5/14/2025 11:35:00 AM,-10.013153
5/14/2025 11:40:00 AM,-9.795203
5/14/2025 11:45:00 AM,-9.796193
5/14/2025 11:50:00 AM,-9.883633
5/14/2025 11:55:00 AM,-10.116670
5/14/2025 12:00:00 PM,-7.197700
5/14/2025 12:05:00 PM,-7.499026
5/14/2025 12:10:00 PM,-7.795770
5/14/2025 12:15:00 PM,-8.440046
5/14/2025 12:20:00 PM,-8.319006
5/14/2025 12:25:00 PM,-8.416680
5/14/2025 12:30:00 PM,-8.416680
5/14/2025 12:35:00 PM,-11.318190
5/14/2025 12:40:00 PM,-11.617340
5/14/2025 12:45:00 PM,-12.333683
5/14/2025 12:50:00 PM,-12.039866
5/14/2025 12:55:00 PM,-11.509090
5/14/2025 1:00:00 PM,-22.232466
5/14/2025 1:05:00 PM,-24.194450
5/14/2025 1:10:00 PM,-23.897696
5/14/2025 1:15:00 PM,-18.331330
5/14/2025 1:20:00 PM,-16.827590
5/14/2025 1:25:00 PM,-17.395300
5/14/2025 1:30:00 PM,-16.752610
5/14/2025 1:35:00 PM,-20.254413
5/14/2025 1:40:00 PM,-18.697596
5/14/2025 1:45:00 PM,-17.834883
5/14/2025 1:50:00 PM,-17.428863
5/14/2025 1:55:00 PM,-11.430260
5/14/2025 2:00:00 PM,-15.905586
5/14/2025 2:05:00 PM,-12.296016
5/14/2025 2:10:00 PM,-12.594460
5/14/2025 2:15:00 PM,-10.632320
5/14/2025 2:20:00 PM,-10.516426
5/14/2025 2:25:00 PM,-10.257893
5/14/2025 2:30:00 PM,-10.379373
5/14/2025 2:35:00 PM,-10.386093
5/14/2025 2:40:00 PM,-10.244566
5/14/2025 2:45:00 PM,-10.149526
5/14/2025 2:50:00 PM,-10.987416
5/14/2025 2:55:00 PM,-10.546046
5/14/2025 3:00:00 PM,-9.112800
5/14/2025 3:05:00 PM,-10.687183
5/14/2025 3:10:00 PM,-9.852920
5/14/2025 3:15:00 PM,-9.824066
5/14/2025 3:20:00 PM,-8.362433
5/14/2025 3:25:00 PM,-8.774610
5/14/2025 3:30:00 PM,-8.334586
5/14/2025 3:35:00 PM,-7.896463
5/14/2025 3:40:00 PM,-7.558636
5/14/2025 3:45:00 PM,-7.323096
5/14/2025 3:50:00 PM,-7.590520
5/14/2025 3:55:00 PM,-11.082410
5/14/2025 4:00:00 PM,-10.049256
5/14/2025 4:05:00 PM,-10.771573
5/14/2025 4:10:00 PM,-9.944963
5/14/2025 4:15:00 PM,-7.897280
5/14/2025 4:20:00 PM,-8.552616
5/14/2025 4:25:00 PM,-7.687373
5/14/2025 4:30:00 PM,-7.936420
5/14/2025 4:35:00 PM,-7.538976
5/14/2025 4:40:00 PM,-6.944246
5/14/2025 4:45:00 PM,-5.112316
5/14/2025 4:50:00 PM,-5.377246
5/14/2025 4:55:00 PM,-4.880710
5/14/2025 5:00:00 PM,-5.814440
5/14/2025 5:05:00 PM,-5.043760
5/14/2025 5:10:00 PM,-5.346983
5/14/2025 5:15:00 PM,-5.548736
5/14/2025 5:20:00 PM,-6.182450
5/14/2025 5:25:00 PM,-5.399240
5/14/2025 5:30:00 PM,-4.365810
5/14/2025 5:35:00 PM,-2.981053
5/14/2025 5:40:00 PM,2.800033
5/14/2025 5:45:00 PM,15.563226
5/14/2025 5:50:00 PM,17.814623
5/14/2025 5:55:00 PM,23.241996
5/14/2025 6:00:00 PM,16.150146
5/14/2025 6:05:00 PM,16.195536
5/14/2025 6:10:00 PM,22.726700
5/14/2025 6:15:00 PM,21.743960
5/14/2025 6:20:00 PM,26.690983
5/14/2025 6:25:00 PM,30.707650
5/14/2025 6:30:00 PM,30.357516
5/14/2025 6:35:00 PM,35.190206
5/14/2025 6:40:00 PM,37.301816
5/14/2025 6:45:00 PM,34.652650
5/14/2025 6:50:00 PM,37.709913
5/14/2025 6:55:00 PM,39.093143
5/14/2025 7:00:00 PM,19.066930
5/14/2025 7:05:00 PM,22.057520
5/14/2025 7:10:00 PM,28.382980
5/14/2025 7:15:00 PM,30.398200
5/14/2025 7:20:00 PM,33.696340
5/14/2025 7:25:00 PM,37.358180
5/14/2025 7:30:00 PM,38.098320
5/14/2025 7:35:00 PM,38.305243
5/14/2025 7:40:00 PM,38.600546
5/14/2025 7:45:00 PM,37.900206
5/14/2025 7:50:00 PM,37.900206
5/14/2025 7:55:00 PM,38.481550
5/14/2025 8:00:00 PM,35.493773
5/14/2025 8:05:00 PM,35.714726
5/14/2025 8:10:00 PM,36.236680
5/14/2025 8:15:00 PM,36.663146
5/14/2025 8:20:00 PM,35.412583
5/14/2025 8:25:00 PM,35.354710
5/14/2025 8:30:00 PM,33.017640
5/14/2025 8:35:00 PM,32.408776
5/14/2025 8:40:00 PM,32.380940
5/14/2025 8:45:00 PM,32.127186
5/14/2025 8:50:00 PM,32.226013
5/14/2025 8:55:00 PM,31.250313
5/14/2025 9:00:00 PM,31.964316
5/14/2025 9:05:00 PM,31.526433
5/14/2025 9:10:00 PM,30.758610
5/14/2025 9:15:00 PM,31.604540
5/14/2025 9:20:00 PM,30.783296
5/14/2025 9:25:00 PM,30.783296
5/14/2025 9:30:00 PM,29.950813
5/14/2025 9:35:00 PM,30.217943
5/14/2025 9:40:00 PM,29.980940
5/14/2025 9:45:00 PM,29.940323
5/14/2025 9:50:00 PM,29.938843
5/14/2025 9:55:00 PM,30.452300
5/14/2025 10:00:00 PM,37.872876
5/14/2025 10:05:00 PM,35.985996
5/14/2025 10:10:00 PM,34.866106
5/14/2025 10:15:00 PM,33.280356
5/14/2025 10:20:00 PM,32.713456
5/14/2025 10:25:00 PM,34.244560
5/14/2025 10:30:00 PM,35.598436
5/14/2025 10:35:00 PM,36.049396
5/14/2025 10:40:00 PM,36.521573
5/14/2025 10:45:00 PM,34.960973
5/14/2025 10:50:00 PM,34.234183
5/14/2025 10:55:00 PM,32.689996
5/14/2025 11:00:00 PM,32.214486
5/14/2025 11:05:00 PM,32.043726
5/14/2025 11:10:00 PM,32.173486
5/14/2025 11:15:00 PM,31.065226
5/14/2025 11:20:00 PM,31.092273
5/14/2025 11:25:00 PM,31.799693
5/14/2025 11:30:00 PM,31.724590
5/14/2025 11:35:00 PM,31.910293
5/14/2025 11:40:00 PM,31.664256
5/14/2025 11:45:00 PM,31.567860
5/14/2025 11:50:00 PM,32.558656
5/14/2025 11:55:00 PM,33.943743
5/15/2025 12:00:00 AM,32.833440
5/15/2025 12:05:00 AM,34.115606
5/15/2025 12:10:00 AM,35.104536
5/15/2025 12:15:00 AM,34.835303
5/15/2025 12:20:00 AM,32.334363
5/15/2025 12:25:00 AM,32.103220
5/15/2025 12:30:00 AM,32.135543
5/15/2025 12:35:00 AM,31.691700
5/15/2025 12:40:00 AM,31.548733
5/15/2025 12:45:00 AM,30.976906
5/15/2025 12:50:00 AM,30.538430
5/15/2025 12:55:00 AM,29.542740
5/15/2025 1:00:00 AM,36.160030
5/15/2025 1:05:00 AM,35.959756
5/15/2025 1:10:00 AM,32.757166
5/15/2025 1:15:00 AM,32.367723
5/15/2025 1:20:00 AM,30.915616
5/15/2025 1:25:00 AM,31.012170
5/15/2025 1:30:00 AM,30.715423
5/15/2025 1:35:00 AM,30.557983
5/15/2025 1:40:00 AM,30.504160
5/15/2025 1:45:00 AM,30.356336
5/15/2025 1:50:00 AM,29.696593
5/15/2025 1:55:00 AM,29.177360
5/15/2025 2:00:00 AM,28.907203
5/15/2025 2:05:00 AM,28.613430
5/15/2025 2:10:00 AM,27.847106
5/15/2025 2:15:00 AM,27.695133
5/15/2025 2:20:00 AM,27.632633
5/15/2025 2:25:00 AM,27.680576
5/15/2025 2:30:00 AM,26.511586
5/15/2025 2:35:00 AM,26.517140
5/15/2025 2:40:00 AM,26.390220
5/15/2025 2:45:00 AM,26.155690
5/15/2025 2:50:00 AM,26.291256
5/15/2025 2:55:00 AM,25.775940
5/15/2025 3:00:00 AM,28.330556
5/15/2025 3:05:00 AM,28.519056
5/15/2025 3:10:00 AM,28.370480
5/15/2025 3:15:00 AM,28.385123
5/15/2025 3:20:00 AM,28.524166
5/15/2025 3:25:00 AM,28.503303
5/15/2025 3:30:00 AM,29.147890
5/15/2025 3:35:00 AM,28.955846
5/15/2025 3:40:00 AM,29.528520
5/15/2025 3:45:00 AM,30.028936
5/15/2025 3:50:00 AM,30.031243
5/15/2025 3:55:00 AM,30.482566
5/15/2025 4:00:00 AM,25.626270
5/15/2025 4:05:00 AM,25.811070
5/15/2025 4:10:00 AM,26.183866
5/15/2025 4:15:00 AM,26.978933
5/15/2025 4:20:00 AM,28.183743
5/15/2025 4:25:00 AM,27.911593
5/15/2025 4:30:00 AM,28.292783
5/15/2025 4:35:00 AM,28.426546
5/15/2025 4:40:00 AM,28.426546
5/15/2025 4:45:00 AM,28.728826
5/15/2025 4:50:00 AM,30.623390
5/15/2025 4:55:00 AM,31.266933
5/15/2025 5:00:00 AM,20.157683
5/15/2025 5:05:00 AM,20.157683
5/15/2025 5:10:00 AM,21.789096
5/15/2025 5:15:00 AM,21.828790
5/15/2025 5:20:00 AM,22.582363
5/15/2025 5:25:00 AM,23.932533
5/15/2025 5:30:00 AM,24.814296
5/15/2025 5:35:00 AM,25.496956
5/15/2025 5:40:00 AM,25.453566
5/15/2025 5:45:00 AM,26.136353
5/15/2025 5:50:00 AM,26.359753
5/15/2025 5:55:00 AM,27.045376
5/15/2025 6:00:00 AM,27.225103
5/15/2025 6:05:00 AM,27.355753
5/15/2025 6:10:00 AM,25.562766
5/15/2025 6:15:00 AM,24.402240
5/15/2025 6:20:00 AM,22.950916
5/15/2025 6:25:00 AM,21.054156
5/15/2025 6:30:00 AM,17.519876
5/15/2025 6:35:00 AM,11.770003
5/15/2025 6:40:00 AM,8.553510
5/15/2025 6:45:00 AM,5.053803
5/15/2025 6:50:00 AM,5.007920
5/15/2025 6:55:00 AM,4.771860
5/15/2025 7:00:00 AM,10.427830
5/15/2025 7:05:00 AM,10.372776
5/15/2025 7:10:00 AM,10.307783
5/15/2025 7:15:00 AM,8.184153
5/15/2025 7:20:00 AM,3.032446
5/15/2025 7:25:00 AM,-0.583876
5/15/2025 7:30:00 AM,-0.327803
5/15/2025 7:35:00 AM,-2.840410
5/15/2025 7:40:00 AM,-2.718423
5/15/2025 7:45:00 AM,-3.166010
5/15/2025 7:50:00 AM,-3.455676
5/15/2025 7:55:00 AM,-3.455676
5/15/2025 8:00:00 AM,-2.386576
5/15/2025 8:05:00 AM,-2.789626
5/15/2025 8:10:00 AM,-3.001290
5/15/2025 8:15:00 AM,-2.873633
5/15/2025 8:20:00 AM,-3.102276
5/15/2025 8:25:00 AM,-3.112816
5/15/2025 8:30:00 AM,-1.997906
5/15/2025 8:35:00 AM,-3.085696
5/15/2025 8:40:00 AM,-3.735753
5/15/2025 8:45:00 AM,-4.653100
5/15/2025 8:50:00 AM,-4.653100
5/15/2025 8:55:00 AM,-4.704686
5/15/2025 9:00:00 AM,-2.653476
5/15/2025 9:05:00 AM,-2.804663
5/15/2025 9:10:00 AM,-2.394340
5/15/2025 9:15:00 AM,-3.278183
5/15/2025 9:20:00 AM,-3.291833
5/15/2025 9:25:00 AM,-3.305656
5/15/2025 9:30:00 AM,-4.264680
5/15/2025 9:35:00 AM,-3.901200
5/15/2025 9:40:00 AM,-4.863250
5/15/2025 9:45:00 AM,-6.261143
5/15/2025 9:50:00 AM,-6.175383
5/15/2025 9:55:00 AM,-7.159836
5/15/2025 10:00:00 AM,-4.056930
5/15/2025 10:05:00 AM,-4.689666
5/15/2025 10:10:00 AM,-3.942600
5/15/2025 10:15:00 AM,-4.240886
5/15/2025 10:20:00 AM,-4.079780
5/15/2025 10:25:00 AM,-5.336776
5/15/2025 10:30:00 AM,-6.033783
5/15/2025 10:35:00 AM,-6.076780
5/15/2025 10:40:00 AM,-6.902806
5/15/2025 10:45:00 AM,-5.824256
5/15/2025 10:50:00 AM,-6.397186
5/15/2025 10:55:00 AM,-6.275630
5/15/2025 11:00:00 AM,-10.840180
5/15/2025 11:05:00 AM,-11.160226
5/15/2025 11:10:00 AM,-11.161690
5/15/2025 11:15:00 AM,-5.591290
5/15/2025 11:20:00 AM,-6.134283
5/15/2025 11:25:00 AM,-6.019373
5/15/2025 11:30:00 AM,-6.212903
5/15/2025 11:35:00 AM,-6.243686
5/15/2025 11:40:00 AM,-6.260093
5/15/2025 11:45:00 AM,-4.894773
5/15/2025 11:50:00 AM,-4.806536
5/15/2025 11:55:00 AM,-4.539900
5/15/2025 12:00:00 PM,-4.802153
5/15/2025 12:05:00 PM,-4.965940
5/15/2025 12:10:00 PM,-4.376613
5/15/2025 12:15:00 PM,-4.390503
5/15/2025 12:20:00 PM,-6.151263
5/15/2025 12:25:00 PM,-4.820966
5/15/2025 12:30:00 PM,-4.948546
5/15/2025 12:35:00 PM,-4.945146
5/15/2025 12:40:00 PM,-4.944466
5/15/2025 12:45:00 PM,-4.934200
5/15/2025 12:50:00 PM,-5.140783
5/15/2025 12:55:00 PM,-6.599076
5/15/2025 1:00:00 PM,-6.870146
5/15/2025 1:05:00 PM,-9.433143
5/15/2025 1:10:00 PM,-7.740363
5/15/2025 1:15:00 PM,-7.162626
5/15/2025 1:20:00 PM,-7.281686
5/15/2025 1:25:00 PM,-6.837236
5/15/2025 1:30:00 PM,-9.836730
5/15/2025 1:35:00 PM,-9.631806
5/15/2025 1:40:00 PM,-7.194856
5/15/2025 1:45:00 PM,-7.883456
5/15/2025 1:50:00 PM,-8.727330
5/15/2025 1:55:00 PM,-9.127966
5/15/2025 2:00:00 PM,-9.430593
5/15/2025 2:05:00 PM,-9.756536
5/15/2025 2:10:00 PM,-9.298386
5/15/2025 2:15:00 PM,-8.840456
5/15/2025 2:20:00 PM,-8.696846
5/15/2025 2:25:00 PM,-8.683856
5/15/2025 2:30:00 PM,-6.419413
5/15/2025 2:35:00 PM,-5.224756
5/15/2025 2:40:00 PM,-5.113360
5/15/2025 2:45:00 PM,-6.400146
5/15/2025 2:50:00 PM,-7.103716
5/15/2025 2:55:00 PM,-7.027636
5/15/2025 3:00:00 PM,-9.465470
5/15/2025 3:05:00 PM,-9.233156
5/15/2025 3:10:00 PM,-8.951493
5/15/2025 3:15:00 PM,-8.632416
5/15/2025 3:20:00 PM,-8.856706
5/15/2025 3:25:00 PM,-8.661366
5/15/2025 3:30:00 PM,-8.737186
5/15/2025 3:35:00 PM,-8.610613
5/15/2025 3:40:00 PM,-8.943783
5/15/2025 3:45:00 PM,-9.073663
5/15/2025 3:50:00 PM,-8.990443
5/15/2025 3:55:00 PM,-9.021793
5/15/2025 4:00:00 PM,-9.062826
5/15/2025 4:05:00 PM,-9.305293
5/15/2025 4:10:00 PM,-9.536263
5/15/2025 4:15:00 PM,-9.514576
5/15/2025 4:20:00 PM,-9.356566
5/15/2025 4:25:00 PM,-9.486986
5/15/2025 4:30:00 PM,-8.979243
5/15/2025 4:35:00 PM,-7.967543
5/15/2025 4:40:00 PM,-7.935903
5/15/2025 4:45:00 PM,-6.126073
5/15/2025 4:50:00 PM,-6.190946
5/15/2025 4:55:00 PM,-6.380920
5/15/2025 5:00:00 PM,-7.110683
5/15/2025 5:05:00 PM,-6.728220
5/15/2025 5:10:00 PM,-6.710220
5/15/2025 5:15:00 PM,-6.597006
5/15/2025 5:20:00 PM,-6.086846
5/15/2025 5:25:00 PM,-3.951983
5/15/2025 5:30:00 PM,-2.257523
5/15/2025 5:35:00 PM,2.105040
5/15/2025 5:40:00 PM,3.475690
5/15/2025 5:45:00 PM,9.355943
5/15/2025 5:50:00 PM,16.744280
5/15/2025 5:55:00 PM,19.403980
5/15/2025 6:00:00 PM,8.094316
5/15/2025 6:05:00 PM,6.909796
5/15/2025 6:10:00 PM,12.346170
5/15/2025 6:15:00 PM,8.680590
5/15/2025 6:20:00 PM,9.537260
5/15/2025 6:25:00 PM,19.781306
5/15/2025 6:30:00 PM,24.605330
5/15/2025 6:35:00 PM,30.242293
5/15/2025 6:40:00 PM,32.762486
5/15/2025 6:45:00 PM,40.814166
5/15/2025 6:50:00 PM,51.162830
5/15/2025 6:55:00 PM,60.097516
5/15/2025 7:00:00 PM,24.768903
5/15/2025 7:05:00 PM,27.432446
5/15/2025 7:10:00 PM,28.395650
5/15/2025 7:15:00 PM,31.013960
5/15/2025 7:20:00 PM,32.479126
5/15/2025 7:25:00 PM,34.516160
5/15/2025 7:30:00 PM,37.034510
5/15/2025 7:35:00 PM,38.030123
5/15/2025 7:40:00 PM,38.219723
5/15/2025 7:45:00 PM,38.044146
5/15/2025 7:50:00 PM,38.628590
5/15/2025 7:55:00 PM,38.068686
5/15/2025 8:00:00 PM,37.058606
5/15/2025 8:05:00 PM,35.483533
5/15/2025 8:10:00 PM,33.454286
5/15/2025 8:15:00 PM,36.354436
5/15/2025 8:20:00 PM,36.141686
5/15/2025 8:25:00 PM,35.608513
5/15/2025 8:30:00 PM,33.471283
5/15/2025 8:35:00 PM,32.116333
5/15/2025 8:40:00 PM,31.327046
5/15/2025 8:45:00 PM,31.540990
5/15/2025 8:50:00 PM,30.818376
5/15/2025 8:55:00 PM,29.974586
5/15/2025 9:00:00 PM,31.255676
5/15/2025 9:05:00 PM,30.758270
5/15/2025 9:10:00 PM,30.563133
5/15/2025 9:15:00 PM,29.122740
5/15/2025 9:20:00 PM,29.138006
5/15/2025 9:25:00 PM,29.181723
5/15/2025 9:30:00 PM,28.481056
5/15/2025 9:35:00 PM,28.031743
5/15/2025 9:40:00 PM,28.437843
5/15/2025 9:45:00 PM,29.162180
5/15/2025 9:50:00 PM,29.174943
5/15/2025 9:55:00 PM,29.467363
5/15/2025 10:00:00 PM,32.329063
5/15/2025 10:05:00 PM,28.807486
5/15/2025 10:10:00 PM,28.700823
5/15/2025 10:15:00 PM,31.639933
5/15/2025 10:20:00 PM,32.252746
5/15/2025 10:25:00 PM,31.671066
5/15/2025 10:30:00 PM,32.067410
5/15/2025 10:35:00 PM,31.706853
5/15/2025 10:40:00 PM,31.620926
5/15/2025 10:45:00 PM,31.922430
5/15/2025 10:50:00 PM,31.920550
5/15/2025 10:55:00 PM,31.743446
5/15/2025 11:00:00 PM,32.540583
5/15/2025 11:05:00 PM,31.670470
5/15/2025 11:10:00 PM,31.362173
5/15/2025 11:15:00 PM,30.758213
5/15/2025 11:20:00 PM,31.385030
5/15/2025 11:25:00 PM,31.921590
5/15/2025 11:30:00 PM,31.818996
5/15/2025 11:35:00 PM,31.964683
5/15/2025 11:40:00 PM,31.818996
5/15/2025 11:45:00 PM,31.156200
5/15/2025 11:50:00 PM,31.097143
5/15/2025 11:55:00 PM,31.197196
5/16/2025 12:00:00 AM,33.718883
5/16/2025 12:05:00 AM,33.774586
5/16/2025 12:10:00 AM,31.997810
5/16/2025 12:15:00 AM,31.928133
5/16/2025 12:20:00 AM,33.538226
5/16/2025 12:25:00 AM,33.579870
5/16/2025 12:30:00 AM,33.521000
5/16/2025 12:35:00 AM,33.042716
5/16/2025 12:40:00 AM,32.079363
5/16/2025 12:45:00 AM,33.303440
5/16/2025 12:50:00 AM,31.259216
5/16/2025 12:55:00 AM,30.158796
5/16/2025 1:00:00 AM,29.644783
5/16/2025 1:05:00 AM,29.504466
5/16/2025 1:10:00 AM,29.854250
5/16/2025 1:15:00 AM,29.156536
5/16/2025 1:20:00 AM,29.254483
5/16/2025 1:25:00 AM,28.925760
5/16/2025 1:30:00 AM,28.930016
5/16/2025 1:35:00 AM,27.880086
5/16/2025 1:40:00 AM,27.735113
5/16/2025 1:45:00 AM,27.846243
5/16/2025 1:50:00 AM,27.968450
5/16/2025 1:55:00 AM,27.363523
5/16/2025 2:00:00 AM,27.428216
5/16/2025 2:05:00 AM,27.041406
5/16/2025 2:10:00 AM,26.440410
5/16/2025 2:15:00 AM,26.227450
5/16/2025 2:20:00 AM,25.448070
5/16/2025 2:25:00 AM,25.631546
5/16/2025 2:30:00 AM,25.483523
5/16/2025 2:35:00 AM,25.423900
5/16/2025 2:40:00 AM,25.270330
5/16/2025 2:45:00 AM,25.193820
5/16/2025 2:50:00 AM,25.193820
5/16/2025 2:55:00 AM,24.443390
5/16/2025 3:00:00 AM,25.588993
5/16/2025 3:05:00 AM,26.445446
5/16/2025 3:10:00 AM,25.601310
5/16/2025 3:15:00 AM,25.545540
5/16/2025 3:20:00 AM,26.314343
5/16/2025 3:25:00 AM,26.314343
5/16/2025 3:30:00 AM,26.462816
5/16/2025 3:35:00 AM,26.349723
5/16/2025 3:40:00 AM,26.349723
5/16/2025 3:45:00 AM,25.453933
5/16/2025 3:50:00 AM,25.544583
5/16/2025 3:55:00 AM,25.985213
5/16/2025 4:00:00 AM,24.890016
5/16/2025 4:05:00 AM,26.063063
5/16/2025 4:10:00 AM,26.657480
5/16/2025 4:15:00 AM,26.767800
5/16/2025 4:20:00 AM,27.098450
5/16/2025 4:25:00 AM,27.965410
5/16/2025 4:30:00 AM,28.905473
5/16/2025 4:35:00 AM,29.417060
5/16/2025 4:40:00 AM,29.753633
5/16/2025 4:45:00 AM,31.803163
5/16/2025 4:50:00 AM,33.415673
5/16/2025 4:55:00 AM,34.764070
5/16/2025 5:00:00 AM,22.872673
5/16/2025 5:05:00 AM,23.093126
5/16/2025 5:10:00 AM,24.778903
5/16/2025 5:15:00 AM,24.600663
5/16/2025 5:20:00 AM,26.117336
5/16/2025 5:25:00 AM,26.172286
5/16/2025 5:30:00 AM,27.282343
5/16/2025 5:35:00 AM,27.837090
5/16/2025 5:40:00 AM,28.228883
5/16/2025 5:45:00 AM,28.248710
5/16/2025 5:50:00 AM,27.949930
5/16/2025 5:55:00 AM,29.638680
5/16/2025 6:00:00 AM,31.892543
5/16/2025 6:05:00 AM,32.213150
5/16/2025 6:10:00 AM,32.404063
5/16/2025 6:15:00 AM,30.538883
5/16/2025 6:20:00 AM,29.378756
5/16/2025 6:25:00 AM,27.493130
5/16/2025 6:30:00 AM,26.043250
5/16/2025 6:35:00 AM,24.264736
5/16/2025 6:40:00 AM,22.386700
5/16/2025 6:45:00 AM,19.407883
5/16/2025 6:50:00 AM,19.481096
5/16/2025 6:55:00 AM,18.404606
5/16/2025 7:00:00 AM,19.616960
5/16/2025 7:05:00 AM,20.748143
5/16/2025 7:10:00 AM,21.391286
5/16/2025 7:15:00 AM,17.928043
5/16/2025 7:20:00 AM,16.748730
5/16/2025 7:25:00 AM,15.067036
5/16/2025 7:30:00 AM,15.529800
5/16/2025 7:35:00 AM,15.327746
5/16/2025 7:40:00 AM,14.103903
5/16/2025 7:45:00 AM,14.661000
5/16/2025 7:50:00 AM,14.294463
5/16/2025 7:55:00 AM,14.315806
5/16/2025 8:00:00 AM,19.667243
5/16/2025 8:05:00 AM,16.510993
5/16/2025 8:10:00 AM,13.943193
5/16/2025 8:15:00 AM,9.381010
5/16/2025 8:20:00 AM,4.807603
5/16/2025 8:25:00 AM,4.732476
5/16/2025 8:30:00 AM,4.547130
5/16/2025 8:35:00 AM,3.923756
5/16/2025 8:40:00 AM,5.335933
5/16/2025 8:45:00 AM,3.903216
5/16/2025 8:50:00 AM,2.736726
5/16/2025 8:55:00 AM,0.865340
5/16/2025 9:00:00 AM,4.186620
5/16/2025 9:05:00 AM,6.330330
5/16/2025 9:10:00 AM,9.597720
5/16/2025 9:15:00 AM,4.676160
5/16/2025 9:20:00 AM,3.459870
5/16/2025 9:25:00 AM,0.618810
5/16/2025 9:30:00 AM,-0.547733
5/16/2025 9:35:00 AM,-2.101000
5/16/2025 9:40:00 AM,-2.614573
5/16/2025 9:45:00 AM,-2.616226
5/16/2025 9:50:00 AM,-2.628733
5/16/2025 9:55:00 AM,-1.142270
5/16/2025 10:00:00 AM,0.877153
5/16/2025 10:05:00 AM,0.640580
5/16/2025 10:10:00 AM,1.055293
5/16/2025 10:15:00 AM,0.632590
5/16/2025 10:20:00 AM,0.965013
5/16/2025 10:25:00 AM,0.982263
5/16/2025 10:30:00 AM,0.820343
5/16/2025 10:35:00 AM,1.002366
5/16/2025 10:40:00 AM,1.361176
5/16/2025 10:45:00 AM,0.465136
5/16/2025 10:50:00 AM,0.149866
5/16/2025 10:55:00 AM,-0.313766
5/16/2025 11:00:00 AM,-0.239046
5/16/2025 11:05:00 AM,0.632436
5/16/2025 11:10:00 AM,-0.317790
5/16/2025 11:15:00 AM,-0.902813
5/16/2025 11:20:00 AM,-0.955076
5/16/2025 11:25:00 AM,-0.857696
5/16/2025 11:30:00 AM,-1.483933
5/16/2025 11:35:00 AM,-1.453326
5/16/2025 11:40:00 AM,0.196580
5/16/2025 11:45:00 AM,-0.942683
5/16/2025 11:50:00 AM,-1.036730
5/16/2025 11:55:00 AM,-2.125983
5/16/2025 12:00:00 PM,1.816440
5/16/2025 12:05:00 PM,1.669350
5/16/2025 12:10:00 PM,1.533470
5/16/2025 12:15:00 PM,1.604820
5/16/2025 12:20:00 PM,0.727940
5/16/2025 12:25:00 PM,0.525763
5/16/2025 12:30:00 PM,-2.070476
5/16/2025 12:35:00 PM,-1.327196
5/16/2025 12:40:00 PM,-0.464596
5/16/2025 12:45:00 PM,-0.104413
5/16/2025 12:50:00 PM,0.824996
5/16/2025 12:55:00 PM,0.619190
5/16/2025 1:00:00 PM,-0.182740
5/16/2025 1:05:00 PM,0.296856
5/16/2025 1:10:00 PM,2.150633
5/16/2025 1:15:00 PM,2.263140
5/16/2025 1:20:00 PM,1.390430
5/16/2025 1:25:00 PM,1.204613
5/16/2025 1:30:00 PM,4.984390
5/16/2025 1:35:00 PM,2.075993
5/16/2025 1:40:00 PM,3.082660
5/16/2025 1:45:00 PM,6.580673
5/16/2025 1:50:00 PM,6.604756
5/16/2025 1:55:00 PM,6.699480
5/16/2025 2:00:00 PM,2.370286
5/16/2025 2:05:00 PM,2.182633
5/16/2025 2:10:00 PM,1.167560
5/16/2025 2:15:00 PM,1.515310
5/16/2025 2:20:00 PM,1.759483
5/16/2025 2:25:00 PM,2.754300
5/16/2025 2:30:00 PM,2.360113
5/16/2025 2:35:00 PM,2.191796
5/16/2025 2:40:00 PM,2.659623
5/16/2025 2:45:00 PM,0.245680
5/16/2025 2:50:00 PM,0.672950
5/16/2025 2:55:00 PM,0.707310
5/16/2025 3:00:00 PM,10.075796
5/16/2025 3:05:00 PM,10.994476
5/16/2025 3:10:00 PM,11.361580
5/16/2025 3:15:00 PM,11.024113
5/16/2025 3:20:00 PM,3.603496
5/16/2025 3:25:00 PM,2.464800
5/16/2025 3:30:00 PM,2.075896
5/16/2025 3:35:00 PM,1.491800
5/16/2025 3:40:00 PM,2.817936
5/16/2025 3:45:00 PM,2.840390
5/16/2025 3:50:00 PM,2.490686
5/16/2025 3:55:00 PM,4.895976
5/16/2025 4:00:00 PM,2.349040
5/16/2025 4:05:00 PM,1.721233
5/16/2025 4:10:00 PM,3.660290
5/16/2025 4:15:00 PM,10.378200
5/16/2025 4:20:00 PM,12.474553
5/16/2025 4:25:00 PM,8.953180
5/16/2025 4:30:00 PM,15.379873
5/16/2025 4:35:00 PM,17.216306
5/16/2025 4:40:00 PM,19.050316
5/16/2025 4:45:00 PM,20.599856
5/16/2025 4:50:00 PM,21.669016
5/16/2025 4:55:00 PM,21.049226
5/16/2025 5:00:00 PM,15.167260
5/16/2025 5:05:00 PM,14.061290
5/16/2025 5:10:00 PM,10.606816
5/16/2025 5:15:00 PM,10.656883
5/16/2025 5:20:00 PM,15.477213
5/16/2025 5:25:00 PM,19.601110
5/16/2025 5:30:00 PM,19.576460
5/16/2025 5:35:00 PM,19.793866
5/16/2025 5:40:00 PM,24.028466
5/16/2025 5:45:00 PM,20.315990
5/16/2025 5:50:00 PM,22.070460
5/16/2025 5:55:00 PM,25.038646
5/16/2025 6:00:00 PM,7.855453
5/16/2025 6:05:00 PM,9.348176
5/16/2025 6:10:00 PM,9.989956
5/16/2025 6:15:00 PM,14.722266
5/16/2025 6:20:00 PM,19.788866
5/16/2025 6:25:00 PM,25.601963
5/16/2025 6:30:00 PM,29.732176
5/16/2025 6:35:00 PM,36.489666
5/16/2025 6:40:00 PM,42.694426
5/16/2025 6:45:00 PM,53.148376
5/16/2025 6:50:00 PM,59.444386
5/16/2025 6:55:00 PM,84.691820
5/16/2025 7:00:00 PM,29.012423
5/16/2025 7:05:00 PM,29.195326
5/16/2025 7:10:00 PM,31.432840
5/16/2025 7:15:00 PM,33.632676
5/16/2025 7:20:00 PM,35.896366
5/16/2025 7:25:00 PM,36.060276
5/16/2025 7:30:00 PM,37.413060
5/16/2025 7:35:00 PM,38.712756
5/16/2025 7:40:00 PM,38.848093
5/16/2025 7:45:00 PM,38.826696
5/16/2025 7:50:00 PM,40.687166
5/16/2025 7:55:00 PM,40.735260
5/16/2025 8:00:00 PM,34.805446
5/16/2025 8:05:00 PM,35.929390
5/16/2025 8:10:00 PM,33.984706
5/16/2025 8:15:00 PM,34.500726
5/16/2025 8:20:00 PM,33.452040
5/16/2025 8:25:00 PM,32.701130
5/16/2025 8:30:00 PM,30.502243
5/16/2025 8:35:00 PM,30.175773
5/16/2025 8:40:00 PM,30.032513
5/16/2025 8:45:00 PM,29.998423
5/16/2025 8:50:00 PM,29.715556
5/16/2025 8:55:00 PM,29.090156
5/16/2025 9:00:00 PM,32.271503
5/16/2025 9:05:00 PM,31.250496
5/16/2025 9:10:00 PM,29.843540
5/16/2025 9:15:00 PM,29.274413
5/16/2025 9:20:00 PM,29.096873
5/16/2025 9:25:00 PM,29.556130
5/16/2025 9:30:00 PM,28.822646
5/16/2025 9:35:00 PM,28.882806
5/16/2025 9:40:00 PM,28.970596
5/16/2025 9:45:00 PM,28.943196
5/16/2025 9:50:00 PM,29.125970
5/16/2025 9:55:00 PM,29.923546
5/16/2025 10:00:00 PM,34.800016
5/16/2025 10:05:00 PM,31.996406
5/16/2025 10:10:00 PM,31.083466
5/16/2025 10:15:00 PM,30.140073
5/16/2025 10:20:00 PM,31.081006
5/16/2025 10:25:00 PM,31.754266
5/16/2025 10:30:00 PM,31.374070
5/16/2025 10:35:00 PM,31.450590
5/16/2025 10:40:00 PM,33.864750
5/16/2025 10:45:00 PM,35.414363
5/16/2025 10:50:00 PM,36.836606
5/16/2025 10:55:00 PM,32.429816
5/16/2025 11:00:00 PM,33.376913
5/16/2025 11:05:00 PM,32.284016
5/16/2025 11:10:00 PM,36.307436
5/16/2025 11:15:00 PM,40.129250
5/16/2025 11:20:00 PM,42.891296
5/16/2025 11:25:00 PM,42.832340
5/16/2025 11:30:00 PM,44.236063
5/16/2025 11:35:00 PM,42.360623
5/16/2025 11:40:00 PM,40.118690
5/16/2025 11:45:00 PM,40.515350
5/16/2025 11:50:00 PM,40.036126
5/16/2025 11:55:00 PM,45.254296
5/17/2025 12:00:00 AM,42.981750
5/17/2025 12:05:00 AM,43.584400
5/17/2025 12:10:00 AM,43.163786
5/17/2025 12:15:00 AM,43.164586
5/17/2025 12:20:00 AM,44.068223
5/17/2025 12:25:00 AM,44.331706
5/17/2025 12:30:00 AM,43.410016
5/17/2025 12:35:00 AM,42.691686
5/17/2025 12:40:00 AM,42.222210
5/17/2025 12:45:00 AM,41.570036
5/17/2025 12:50:00 AM,40.762753
5/17/2025 12:55:00 AM,39.492316
5/17/2025 1:00:00 AM,39.728800
5/17/2025 1:05:00 AM,39.788710
5/17/2025 1:10:00 AM,39.923606
5/17/2025 1:15:00 AM,39.710986
5/17/2025 1:20:00 AM,41.625900
5/17/2025 1:25:00 AM,39.505740
5/17/2025 1:30:00 AM,40.551276
5/17/2025 1:35:00 AM,41.642186
5/17/2025 1:40:00 AM,37.340476
5/17/2025 1:45:00 AM,37.126666
5/17/2025 1:50:00 AM,35.913473
5/17/2025 1:55:00 AM,35.277000
5/17/2025 2:00:00 AM,36.306190
5/17/2025 2:05:00 AM,33.940956
5/17/2025 2:10:00 AM,32.361473
5/17/2025 2:15:00 AM,31.741650
5/17/2025 2:20:00 AM,30.715380
5/17/2025 2:25:00 AM,29.673400
5/17/2025 2:30:00 AM,28.250196
5/17/2025 2:35:00 AM,28.037220
5/17/2025 2:40:00 AM,27.992170
5/17/2025 2:45:00 AM,27.503663
5/17/2025 2:50:00 AM,26.494410
5/17/2025 2:55:00 AM,25.282336
5/17/2025 3:00:00 AM,25.065863
5/17/2025 3:05:00 AM,24.646620
5/17/2025 3:10:00 AM,24.210306
5/17/2025 3:15:00 AM,24.202220
5/17/2025 3:20:00 AM,24.568356
5/17/2025 3:25:00 AM,24.224636
5/17/2025 3:30:00 AM,24.921133
5/17/2025 3:35:00 AM,24.921133
5/17/2025 3:40:00 AM,24.626833
5/17/2025 3:45:00 AM,24.967756
5/17/2025 3:50:00 AM,24.963423
5/17/2025 3:55:00 AM,24.947870
5/17/2025 4:00:00 AM,23.802623
5/17/2025 4:05:00 AM,23.900756
5/17/2025 4:10:00 AM,25.143300
5/17/2025 4:15:00 AM,25.122076
5/17/2025 4:20:00 AM,26.851346
5/17/2025 4:25:00 AM,27.000573
5/17/2025 4:30:00 AM,28.957580
5/17/2025 4:35:00 AM,28.963260
5/17/2025 4:40:00 AM,30.449756
5/17/2025 4:45:00 AM,31.962996
5/17/2025 4:50:00 AM,32.722470
5/17/2025 4:55:00 AM,32.722470
5/17/2025 5:00:00 AM,27.077400
5/17/2025 5:05:00 AM,27.464896
5/17/2025 5:10:00 AM,27.383646
5/17/2025 5:15:00 AM,27.913653
5/17/2025 5:20:00 AM,32.070953
5/17/2025 5:25:00 AM,28.306486
5/17/2025 5:30:00 AM,28.788766
5/17/2025 5:35:00 AM,27.486113
5/17/2025 5:40:00 AM,26.968040
5/17/2025 5:45:00 AM,25.526690
5/17/2025 5:50:00 AM,26.231043
5/17/2025 5:55:00 AM,25.835976
5/17/2025 6:00:00 AM,25.249790
5/17/2025 6:05:00 AM,26.282833
5/17/2025 6:10:00 AM,25.289176
5/17/2025 6:15:00 AM,24.777356
5/17/2025 6:20:00 AM,20.494946
5/17/2025 6:25:00 AM,15.780290
5/17/2025 6:30:00 AM,10.956983
5/17/2025 6:35:00 AM,13.427460
5/17/2025 6:40:00 AM,14.540736
5/17/2025 6:45:00 AM,13.162920
5/17/2025 6:50:00 AM,16.283976
5/17/2025 6:55:00 AM,36.998700
5/17/2025 7:00:00 AM,57.039620
5/17/2025 7:05:00 AM,97.179976
5/17/2025 7:10:00 AM,38.771176
5/17/2025 7:15:00 AM,37.413853
5/17/2025 7:20:00 AM,36.857380
5/17/2025 7:25:00 AM,31.773326
5/17/2025 7:30:00 AM,29.431673
5/17/2025 7:35:00 AM,26.484793
5/17/2025 7:40:00 AM,19.912806
5/17/2025 7:45:00 AM,21.241013
5/17/2025 7:50:00 AM,19.573260
5/17/2025 7:55:00 AM,22.088650
5/17/2025 8:00:00 AM,32.030663
5/17/2025 8:05:00 AM,32.890353
5/17/2025 8:10:00 AM,32.462623
5/17/2025 8:15:00 AM,32.741736
5/17/2025 8:20:00 AM,31.250533
5/17/2025 8:25:00 AM,26.856673
5/17/2025 8:30:00 AM,23.221590
5/17/2025 8:35:00 AM,21.956796
5/17/2025 8:40:00 AM,19.095566
5/17/2025 8:45:00 AM,19.684606
5/17/2025 8:50:00 AM,17.175546
5/17/2025 8:55:00 AM,18.154956
5/17/2025 9:00:00 AM,17.125490
5/17/2025 9:05:00 AM,19.535476
5/17/2025 9:10:00 AM,19.607176
5/17/2025 9:15:00 AM,19.607420
5/17/2025 9:20:00 AM,17.183746
5/17/2025 9:25:00 AM,14.590276
5/17/2025 9:30:00 AM,8.125353
5/17/2025 9:35:00 AM,6.106566
5/17/2025 9:40:00 AM,6.017186
5/17/2025 9:45:00 AM,1.338353
5/17/2025 9:50:00 AM,1.237613
5/17/2025 9:55:00 AM,3.519330
5/17/2025 10:00:00 AM,-0.639356
5/17/2025 10:05:00 AM,0.034966
5/17/2025 10:10:00 AM,0.517360
5/17/2025 10:15:00 AM,0.364396
5/17/2025 10:20:00 AM,-0.021150
5/17/2025 10:25:00 AM,-0.182630
5/17/2025 10:30:00 AM,2.609843
5/17/2025 10:35:00 AM,1.712430
5/17/2025 10:40:00 AM,1.863480
5/17/2025 10:45:00 AM,1.070010
5/17/2025 10:50:00 AM,0.921543
5/17/2025 10:55:00 AM,0.662870
5/17/2025 11:00:00 AM,1.937266
5/17/2025 11:05:00 AM,1.921026
5/17/2025 11:10:00 AM,2.983780
5/17/2025 11:15:00 AM,2.609180
5/17/2025 11:20:00 AM,0.768913
5/17/2025 11:25:00 AM,1.007973
5/17/2025 11:30:00 AM,0.915173
5/17/2025 11:35:00 AM,-0.034026
5/17/2025 11:40:00 AM,-0.209666
5/17/2025 11:45:00 AM,-1.373663
5/17/2025 11:50:00 AM,-1.262806
5/17/2025 11:55:00 AM,-1.484583
5/17/2025 12:00:00 PM,-0.455456
5/17/2025 12:05:00 PM,-0.278933
5/17/2025 12:10:00 PM,0.922330
5/17/2025 12:15:00 PM,-0.284303
5/17/2025 12:20:00 PM,0.008326
5/17/2025 12:25:00 PM,-0.065696
5/17/2025 12:30:00 PM,-0.904653
5/17/2025 12:35:00 PM,-0.993840
5/17/2025 12:40:00 PM,-1.782850
5/17/2025 12:45:00 PM,-2.076846
5/17/2025 12:50:00 PM,-1.893076
5/17/2025 12:55:00 PM,-4.540723
5/17/2025 1:00:00 PM,-4.852750
5/17/2025 1:05:00 PM,-4.023960
5/17/2025 1:10:00 PM,-1.536973
5/17/2025 1:15:00 PM,-2.959036
5/17/2025 1:20:00 PM,-0.465336
5/17/2025 1:25:00 PM,2.685820
5/17/2025 1:30:00 PM,-4.891350
5/17/2025 1:35:00 PM,-3.254393
5/17/2025 1:40:00 PM,-3.364316
5/17/2025 1:45:00 PM,-5.086406
5/17/2025 1:50:00 PM,-5.883186
5/17/2025 1:55:00 PM,-3.939203
5/17/2025 2:00:00 PM,-2.613490
5/17/2025 2:05:00 PM,4.877206
5/17/2025 2:10:00 PM,-3.158853
5/17/2025 2:15:00 PM,-3.793253
5/17/2025 2:20:00 PM,-4.099726
5/17/2025 2:25:00 PM,-3.728373
5/17/2025 2:30:00 PM,4.834546
5/17/2025 2:35:00 PM,9.100226
5/17/2025 2:40:00 PM,10.130713
5/17/2025 2:45:00 PM,7.611616
5/17/2025 2:50:00 PM,7.507700
5/17/2025 2:55:00 PM,7.621916
5/17/2025 3:00:00 PM,8.191213
5/17/2025 3:05:00 PM,7.954263
5/17/2025 3:10:00 PM,9.634050
5/17/2025 3:15:00 PM,8.233083
5/17/2025 3:20:00 PM,8.520496
5/17/2025 3:25:00 PM,8.580073
5/17/2025 3:30:00 PM,9.301806
5/17/2025 3:35:00 PM,9.815713
5/17/2025 3:40:00 PM,8.742203
5/17/2025 3:45:00 PM,6.311133
5/17/2025 3:50:00 PM,6.774933
5/17/2025 3:55:00 PM,8.213236
5/17/2025 4:00:00 PM,2.341523
5/17/2025 4:05:00 PM,2.254080
5/17/2025 4:10:00 PM,7.298180
5/17/2025 4:15:00 PM,6.650570
5/17/2025 4:20:00 PM,7.168993
5/17/2025 4:25:00 PM,9.384973
5/17/2025 4:30:00 PM,9.999393
5/17/2025 4:35:00 PM,7.154860
5/17/2025 4:40:00 PM,6.070216
5/17/2025 4:45:00 PM,11.269216
5/17/2025 4:50:00 PM,9.573583
5/17/2025 4:55:00 PM,8.228263
5/17/2025 5:00:00 PM,-1.292416
5/17/2025 5:05:00 PM,-1.386320
5/17/2025 5:10:00 PM,-0.934216
5/17/2025 5:15:00 PM,0.635670
5/17/2025 5:20:00 PM,0.185463
5/17/2025 5:25:00 PM,0.187700
5/17/2025 5:30:00 PM,-0.399420
5/17/2025 5:35:00 PM,0.595520
5/17/2025 5:40:00 PM,5.912643
5/17/2025 5:45:00 PM,8.179523
5/17/2025 5:50:00 PM,9.117650
5/17/2025 5:55:00 PM,8.153090
5/17/2025 6:00:00 PM,4.589936
5/17/2025 6:05:00 PM,4.015566
5/17/2025 6:10:00 PM,7.230190
5/17/2025 6:15:00 PM,7.852316
5/17/2025 6:20:00 PM,8.549010
5/17/2025 6:25:00 PM,11.901540
5/17/2025 6:30:00 PM,16.832366
5/17/2025 6:35:00 PM,22.159190
5/17/2025 6:40:00 PM,24.320926
5/17/2025 6:45:00 PM,28.347426
5/17/2025 6:50:00 PM,31.264173
5/17/2025 6:55:00 PM,39.036473
5/17/2025 7:00:00 PM,15.242836
5/17/2025 7:05:00 PM,18.244106
5/17/2025 7:10:00 PM,18.802503
5/17/2025 7:15:00 PM,19.875056
5/17/2025 7:20:00 PM,21.138046
5/17/2025 7:25:00 PM,22.084260
5/17/2025 7:30:00 PM,21.793310
5/17/2025 7:35:00 PM,22.771620
5/17/2025 7:40:00 PM,22.607763
5/17/2025 7:45:00 PM,22.745476
5/17/2025 7:50:00 PM,23.322356
5/17/2025 7:55:00 PM,23.323486
5/17/2025 8:00:00 PM,21.100996
5/17/2025 8:05:00 PM,21.315656
5/17/2025 8:10:00 PM,21.315656
5/17/2025 8:15:00 PM,20.619560
5/17/2025 8:20:00 PM,21.145513
5/17/2025 8:25:00 PM,21.397410
5/17/2025 8:30:00 PM,21.393776
5/17/2025 8:35:00 PM,21.503843
5/17/2025 8:40:00 PM,21.531106
5/17/2025 8:45:00 PM,21.497540
5/17/2025 8:50:00 PM,21.497540
5/17/2025 8:55:00 PM,22.054756
5/17/2025 9:00:00 PM,24.352360
5/17/2025 9:05:00 PM,24.983806
5/17/2025 9:10:00 PM,24.218036
5/17/2025 9:15:00 PM,23.505720
5/17/2025 9:20:00 PM,24.510946
5/17/2025 9:25:00 PM,24.811700
5/17/2025 9:30:00 PM,23.857186
5/17/2025 9:35:00 PM,24.047580
5/17/2025 9:40:00 PM,23.809516
5/17/2025 9:45:00 PM,24.244953
5/17/2025 9:50:00 PM,23.238106
5/17/2025 9:55:00 PM,22.794200
5/17/2025 10:00:00 PM,23.252343
5/17/2025 10:05:00 PM,22.650956
5/17/2025 10:10:00 PM,20.859330
5/17/2025 10:15:00 PM,20.471496
5/17/2025 10:20:00 PM,20.529826
5/17/2025 10:25:00 PM,20.366096
5/17/2025 10:30:00 PM,20.194406
5/17/2025 10:35:00 PM,20.067700
5/17/2025 10:40:00 PM,20.051833
5/17/2025 10:45:00 PM,20.010240
5/17/2025 10:50:00 PM,19.925116
5/17/2025 10:55:00 PM,20.003820
5/17/2025 11:00:00 PM,20.210940
5/17/2025 11:05:00 PM,19.807056
5/17/2025 11:10:00 PM,21.902720
5/17/2025 11:15:00 PM,24.438460
5/17/2025 11:20:00 PM,25.958510
5/17/2025 11:25:00 PM,24.841256
5/17/2025 11:30:00 PM,23.473293
5/17/2025 11:35:00 PM,23.426896
5/17/2025 11:40:00 PM,23.653550
5/17/2025 11:45:00 PM,25.182546
5/17/2025 11:50:00 PM,25.631196
5/17/2025 11:55:00 PM,26.213053
5/18/2025 12:00:00 AM,25.140846
5/18/2025 12:05:00 AM,26.630063
5/18/2025 12:10:00 AM,24.876903
5/18/2025 12:15:00 AM,22.952440
5/18/2025 12:20:00 AM,24.204233
5/18/2025 12:25:00 AM,23.271633
5/18/2025 12:30:00 AM,23.383376
5/18/2025 12:35:00 AM,22.347603
5/18/2025 12:40:00 AM,22.505660
5/18/2025 12:45:00 AM,22.575120
5/18/2025 12:50:00 AM,21.605886
5/18/2025 12:55:00 AM,20.580416
5/18/2025 1:00:00 AM,18.866583
5/18/2025 1:05:00 AM,18.941886
5/18/2025 1:10:00 AM,18.502293
5/18/2025 1:15:00 AM,18.480903
5/18/2025 1:20:00 AM,18.677590
5/18/2025 1:25:00 AM,18.615743
5/18/2025 1:30:00 AM,18.428896
5/18/2025 1:35:00 AM,19.964210
5/18/2025 1:40:00 AM,18.413613
5/18/2025 1:45:00 AM,18.706826
5/18/2025 1:50:00 AM,18.311516
5/18/2025 1:55:00 AM,18.279543
5/18/2025 2:00:00 AM,18.617426
5/18/2025 2:05:00 AM,19.112996
5/18/2025 2:10:00 AM,18.046333
5/18/2025 2:15:00 AM,17.446916
5/18/2025 2:20:00 AM,17.962363
5/18/2025 2:25:00 AM,17.934170
5/18/2025 2:30:00 AM,18.264823
5/18/2025 2:35:00 AM,18.206800
5/18/2025 2:40:00 AM,18.255453
5/18/2025 2:45:00 AM,17.982916
5/18/2025 2:50:00 AM,18.292073
5/18/2025 2:55:00 AM,18.661910
5/18/2025 3:00:00 AM,19.118863
5/18/2025 3:05:00 AM,18.543210
5/18/2025 3:10:00 AM,17.791976
5/18/2025 3:15:00 AM,16.819790
5/18/2025 3:20:00 AM,16.819790
5/18/2025 3:25:00 AM,18.325000
5/18/2025 3:30:00 AM,17.621516
5/18/2025 3:35:00 AM,18.363870
5/18/2025 3:40:00 AM,18.363870
5/18/2025 3:45:00 AM,19.099693
5/18/2025 3:50:00 AM,19.099693
5/18/2025 3:55:00 AM,19.269490
5/18/2025 4:00:00 AM,24.996330
5/18/2025 4:05:00 AM,24.205580
5/18/2025 4:10:00 AM,24.200623
5/18/2025 4:15:00 AM,23.910920
5/18/2025 4:20:00 AM,26.618466
5/18/2025 4:25:00 AM,28.097333
5/18/2025 4:30:00 AM,29.142836
5/18/2025 4:35:00 AM,30.088756
5/18/2025 4:40:00 AM,31.085050
5/18/2025 4:45:00 AM,31.470086
5/18/2025 4:50:00 AM,31.581130
5/18/2025 4:55:00 AM,31.581130
5/18/2025 5:00:00 AM,18.968600
5/18/2025 5:05:00 AM,18.920493
5/18/2025 5:10:00 AM,20.341820
5/18/2025 5:15:00 AM,20.357303
5/18/2025 5:20:00 AM,21.740653
5/18/2025 5:25:00 AM,22.493256
5/18/2025 5:30:00 AM,26.687510
5/18/2025 5:35:00 AM,24.471800
5/18/2025 5:40:00 AM,24.172610
5/18/2025 5:45:00 AM,22.281373
5/18/2025 5:50:00 AM,23.765260
5/18/2025 5:55:00 AM,26.780350
5/18/2025 6:00:00 AM,31.138696
5/18/2025 6:05:00 AM,33.137646
5/18/2025 6:10:00 AM,33.137646
5/18/2025 6:15:00 AM,31.126126
5/18/2025 6:20:00 AM,28.152566
5/18/2025 6:25:00 AM,22.207863
5/18/2025 6:30:00 AM,15.905396
5/18/2025 6:35:00 AM,9.682800
5/18/2025 6:40:00 AM,4.944980
5/18/2025 6:45:00 AM,3.619040
5/18/2025 6:50:00 AM,3.117150
5/18/2025 6:55:00 AM,2.295773
5/18/2025 7:00:00 AM,10.143173
5/18/2025 7:05:00 AM,9.429970
5/18/2025 7:10:00 AM,2.078380
5/18/2025 7:15:00 AM,-2.590210
5/18/2025 7:20:00 AM,-7.937056
5/18/2025 7:25:00 AM,-6.215616
5/18/2025 7:30:00 AM,-10.349360
5/18/2025 7:35:00 AM,-10.667590
5/18/2025 7:40:00 AM,-11.349590
5/18/2025 7:45:00 AM,-17.848196
5/18/2025 7:50:00 AM,-18.015976
5/18/2025 7:55:00 AM,-17.802140
5/18/2025 8:00:00 AM,-8.431986
5/18/2025 8:05:00 AM,-9.472046
5/18/2025 8:10:00 AM,-9.714483
5/18/2025 8:15:00 AM,-11.702646
5/18/2025 8:20:00 AM,-13.112823
5/18/2025 8:25:00 AM,-17.921613
5/18/2025 8:30:00 AM,-17.844283
5/18/2025 8:35:00 AM,-21.746636
5/18/2025 8:40:00 AM,-20.710613
5/18/2025 8:45:00 AM,-22.963436
5/18/2025 8:50:00 AM,-23.368680
5/18/2025 8:55:00 AM,-23.208046
5/18/2025 9:00:00 AM,-20.686750
5/18/2025 9:05:00 AM,-19.785173
5/18/2025 9:10:00 AM,-18.590406
5/18/2025 9:15:00 AM,-19.610796
5/18/2025 9:20:00 AM,-20.527666
5/18/2025 9:25:00 AM,-20.468183
5/18/2025 9:30:00 AM,-22.078410
5/18/2025 9:35:00 AM,-24.519130
5/18/2025 9:40:00 AM,-25.246090
5/18/2025 9:45:00 AM,-25.254056
5/18/2025 9:50:00 AM,-25.247930
5/18/2025 9:55:00 AM,-23.936573
5/18/2025 10:00:00 AM,-22.767163
5/18/2025 10:05:00 AM,-22.726196
5/18/2025 10:10:00 AM,-21.676626
5/18/2025 10:15:00 AM,-22.515283
5/18/2025 10:20:00 AM,-25.748413
5/18/2025 10:25:00 AM,-25.748413
5/18/2025 10:30:00 AM,-25.816660
5/18/2025 10:35:00 AM,-25.813036
5/18/2025 10:40:00 AM,-26.769093
5/18/2025 10:45:00 AM,-26.729983
5/18/2025 10:50:00 AM,-27.175656
5/18/2025 10:55:00 AM,-27.183276
5/18/2025 11:00:00 AM,-26.105386
5/18/2025 11:05:00 AM,-26.024923
5/18/2025 11:10:00 AM,-25.883870
5/18/2025 11:15:00 AM,-26.805640
5/18/2025 11:20:00 AM,-27.060860
5/18/2025 11:25:00 AM,-26.975943
5/18/2025 11:30:00 AM,-27.932870
5/18/2025 11:35:00 AM,-27.903543
5/18/2025 11:40:00 AM,-27.524656
5/18/2025 11:45:00 AM,-27.569956
5/18/2025 11:50:00 AM,-27.610400
5/18/2025 11:55:00 AM,-27.509153
5/18/2025 12:00:00 PM,-26.931696
5/18/2025 12:05:00 PM,-26.725470
5/18/2025 12:10:00 PM,-27.219276
5/18/2025 12:15:00 PM,-27.691713
5/18/2025 12:20:00 PM,-28.643076
5/18/2025 12:25:00 PM,-28.072870
5/18/2025 12:30:00 PM,-27.539456
5/18/2025 12:35:00 PM,-29.303643
5/18/2025 12:40:00 PM,-29.445076
5/18/2025 12:45:00 PM,-28.717273
5/18/2025 12:50:00 PM,-28.094196
5/18/2025 12:55:00 PM,-29.762673
5/18/2025 1:00:00 PM,-31.055233
5/18/2025 1:05:00 PM,-30.636200
5/18/2025 1:10:00 PM,-29.271053
5/18/2025 1:15:00 PM,-30.556580
5/18/2025 1:20:00 PM,-30.940573
5/18/2025 1:25:00 PM,-30.048353
5/18/2025 1:30:00 PM,-28.079710
5/18/2025 1:35:00 PM,-26.381953
5/18/2025 1:40:00 PM,-26.381953
5/18/2025 1:45:00 PM,-26.418860
5/18/2025 1:50:00 PM,-26.287556
5/18/2025 1:55:00 PM,-26.132003
5/18/2025 2:00:00 PM,-26.542176
5/18/2025 2:05:00 PM,-26.581020
5/18/2025 2:10:00 PM,-26.186533
5/18/2025 2:15:00 PM,-26.083800
5/18/2025 2:20:00 PM,-26.857143
5/18/2025 2:25:00 PM,-26.618863
5/18/2025 2:30:00 PM,-26.625400
5/18/2025 2:35:00 PM,-26.550563
5/18/2025 2:40:00 PM,-26.515550
5/18/2025 2:45:00 PM,-26.792810
5/18/2025 2:50:00 PM,-27.411876
5/18/2025 2:55:00 PM,-27.359320
5/18/2025 3:00:00 PM,-27.798016
5/18/2025 3:05:00 PM,-27.794546
5/18/2025 3:10:00 PM,-27.530390
5/18/2025 3:15:00 PM,-27.429856
5/18/2025 3:20:00 PM,-26.754486
5/18/2025 3:25:00 PM,-26.940923
5/18/2025 3:30:00 PM,-25.946343
5/18/2025 3:35:00 PM,-25.920546
5/18/2025 3:40:00 PM,-23.709660
5/18/2025 3:45:00 PM,-22.179643
5/18/2025 3:50:00 PM,-22.266976
5/18/2025 3:55:00 PM,-22.181400
5/18/2025 4:00:00 PM,-25.135893
5/18/2025 4:05:00 PM,-24.354946
5/18/2025 4:10:00 PM,-24.495596
5/18/2025 4:15:00 PM,-24.280823
5/18/2025 4:20:00 PM,-24.795060
5/18/2025 4:25:00 PM,-21.016073
5/18/2025 4:30:00 PM,-21.651880
5/18/2025 4:35:00 PM,-15.283490
5/18/2025 4:40:00 PM,-15.313480
5/18/2025 4:45:00 PM,-12.170156
5/18/2025 4:50:00 PM,-11.477736
5/18/2025 4:55:00 PM,-10.827196
5/18/2025 5:00:00 PM,-12.647146
5/18/2025 5:05:00 PM,-12.645783
5/18/2025 5:10:00 PM,-11.709913
5/18/2025 5:15:00 PM,-14.021590
5/18/2025 5:20:00 PM,-13.680883
5/18/2025 5:25:00 PM,-11.215913
5/18/2025 5:30:00 PM,-7.433110
5/18/2025 5:35:00 PM,-6.134990
5/18/2025 5:40:00 PM,-3.648636
5/18/2025 5:45:00 PM,-2.227540
5/18/2025 5:50:00 PM,-2.686566
5/18/2025 5:55:00 PM,-2.451056
5/18/2025 6:00:00 PM,-2.040180
5/18/2025 6:05:00 PM,-1.670763
5/18/2025 6:10:00 PM,0.276140
5/18/2025 6:15:00 PM,0.347860
5/18/2025 6:20:00 PM,6.753643
5/18/2025 6:25:00 PM,9.963730
5/18/2025 6:30:00 PM,16.952880
5/18/2025 6:35:00 PM,24.111380
5/18/2025 6:40:00 PM,27.317946
5/18/2025 6:45:00 PM,28.939310
5/18/2025 6:50:00 PM,29.618033
5/18/2025 6:55:00 PM,34.987810
5/18/2025 7:00:00 PM,17.199356
5/18/2025 7:05:00 PM,20.377950
5/18/2025 7:10:00 PM,22.444030
5/18/2025 7:15:00 PM,25.973180
5/18/2025 7:20:00 PM,28.409263
5/18/2025 7:25:00 PM,33.742520
5/18/2025 7:30:00 PM,37.982640
5/18/2025 7:35:00 PM,38.776720
5/18/2025 7:40:00 PM,38.068623
5/18/2025 7:45:00 PM,38.039273
5/18/2025 7:50:00 PM,37.842726
5/18/2025 7:55:00 PM,38.250606
5/18/2025 8:00:00 PM,27.792626
5/18/2025 8:05:00 PM,26.555300
5/18/2025 8:10:00 PM,26.192473
5/18/2025 8:15:00 PM,24.695130
5/18/2025 8:20:00 PM,24.936560
5/18/2025 8:25:00 PM,25.566086
5/18/2025 8:30:00 PM,27.363920
5/18/2025 8:35:00 PM,27.359503
5/18/2025 8:40:00 PM,25.840200
5/18/2025 8:45:00 PM,28.726293
5/18/2025 8:50:00 PM,28.457173
5/18/2025 8:55:00 PM,27.169450
5/18/2025 9:00:00 PM,26.853920
5/18/2025 9:05:00 PM,27.644433
5/18/2025 9:10:00 PM,26.506076
5/18/2025 9:15:00 PM,25.726716
5/18/2025 9:20:00 PM,25.553380
5/18/2025 9:25:00 PM,25.488230
5/18/2025 9:30:00 PM,25.317863
5/18/2025 9:35:00 PM,25.596340
5/18/2025 9:40:00 PM,24.773156
5/18/2025 9:45:00 PM,23.776853
5/18/2025 9:50:00 PM,23.778396
5/18/2025 9:55:00 PM,23.065703
5/18/2025 10:00:00 PM,26.238360
5/18/2025 10:05:00 PM,24.999993
5/18/2025 10:10:00 PM,24.216000
5/18/2025 10:15:00 PM,23.637170
5/18/2025 10:20:00 PM,24.260123
5/18/2025 10:25:00 PM,24.199976
5/18/2025 10:30:00 PM,24.284810
5/18/2025 10:35:00 PM,24.306180
5/18/2025 10:40:00 PM,24.088486
5/18/2025 10:45:00 PM,24.349710
5/18/2025 10:50:00 PM,23.973200
5/18/2025 10:55:00 PM,25.277080
5/18/2025 11:00:00 PM,24.263466
5/18/2025 11:05:00 PM,24.091126
5/18/2025 11:10:00 PM,23.537116
5/18/2025 11:15:00 PM,24.276666
5/18/2025 11:20:00 PM,25.032146
5/18/2025 11:25:00 PM,25.747146
5/18/2025 11:30:00 PM,24.997930
5/18/2025 11:35:00 PM,25.559973
5/18/2025 11:40:00 PM,27.043053
5/18/2025 11:45:00 PM,27.677580
5/18/2025 11:50:00 PM,28.051603
5/18/2025 11:55:00 PM,28.594826
5/19/2025 12:00:00 AM,30.469600
5/19/2025 12:05:00 AM,30.662963
5/19/2025 12:10:00 AM,29.001110
5/19/2025 12:15:00 AM,28.160590
5/19/2025 12:20:00 AM,30.096126
5/19/2025 12:25:00 AM,29.818000
5/19/2025 12:30:00 AM,29.108443
5/19/2025 12:35:00 AM,29.122843
5/19/2025 12:40:00 AM,28.178483
5/19/2025 12:45:00 AM,27.385996
5/19/2025 12:50:00 AM,26.886733
5/19/2025 12:55:00 AM,26.858270
5/19/2025 1:00:00 AM,26.527510
5/19/2025 1:05:00 AM,25.711483
5/19/2025 1:10:00 AM,23.057030
5/19/2025 1:15:00 AM,23.223030
5/19/2025 1:20:00 AM,22.632896
5/19/2025 1:25:00 AM,22.835743
5/19/2025 1:30:00 AM,22.956813
5/19/2025 1:35:00 AM,23.029330
5/19/2025 1:40:00 AM,22.926510
5/19/2025 1:45:00 AM,22.724893
5/19/2025 1:50:00 AM,22.285923
5/19/2025 1:55:00 AM,22.884673
5/19/2025 2:00:00 AM,19.978633
5/19/2025 2:05:00 AM,20.307770
5/19/2025 2:10:00 AM,20.391383
5/19/2025 2:15:00 AM,20.097770
5/19/2025 2:20:00 AM,20.356126
5/19/2025 2:25:00 AM,20.097770
5/19/2025 2:30:00 AM,19.920156
5/19/2025 2:35:00 AM,20.354263
5/19/2025 2:40:00 AM,20.315726
5/19/2025 2:45:00 AM,19.421786
5/19/2025 2:50:00 AM,19.421796
5/19/2025 2:55:00 AM,19.693070
5/19/2025 3:00:00 AM,23.252663
5/19/2025 3:05:00 AM,23.211560
5/19/2025 3:10:00 AM,23.162233
5/19/2025 3:15:00 AM,22.661686
5/19/2025 3:20:00 AM,23.216293
5/19/2025 3:25:00 AM,23.643086
5/19/2025 3:30:00 AM,25.611440
5/19/2025 3:35:00 AM,26.011513
5/19/2025 3:40:00 AM,25.809960
5/19/2025 3:45:00 AM,23.316253
5/19/2025 3:50:00 AM,23.317290
5/19/2025 3:55:00 AM,25.571130
5/19/2025 4:00:00 AM,14.944070
5/19/2025 4:05:00 AM,18.462783
5/19/2025 4:10:00 AM,18.341470
5/19/2025 4:15:00 AM,18.278673
5/19/2025 4:20:00 AM,20.196870
5/19/2025 4:25:00 AM,20.590503
5/19/2025 4:30:00 AM,20.841666
5/19/2025 4:35:00 AM,21.162790
5/19/2025 4:40:00 AM,22.572520
5/19/2025 4:45:00 AM,23.349146
5/19/2025 4:50:00 AM,23.303873
5/19/2025 4:55:00 AM,25.797633
5/19/2025 5:00:00 AM,17.418800
5/19/2025 5:05:00 AM,17.799900
5/19/2025 5:10:00 AM,19.387946
5/19/2025 5:15:00 AM,20.622820
5/19/2025 5:20:00 AM,23.428440
5/19/2025 5:25:00 AM,24.157803
5/19/2025 5:30:00 AM,24.292196
5/19/2025 5:35:00 AM,24.600543
5/19/2025 5:40:00 AM,25.291480
5/19/2025 5:45:00 AM,26.147446
5/19/2025 5:50:00 AM,27.070453
5/19/2025 5:55:00 AM,30.160860
5/19/2025 6:00:00 AM,37.212033
5/19/2025 6:05:00 AM,37.302406
5/19/2025 6:10:00 AM,36.455370
5/19/2025 6:15:00 AM,30.337740
5/19/2025 6:20:00 AM,28.480723
5/19/2025 6:25:00 AM,23.280640
5/19/2025 6:30:00 AM,24.140833
5/19/2025 6:35:00 AM,16.808970
5/19/2025 6:40:00 AM,16.497780
5/19/2025 6:45:00 AM,13.547976
5/19/2025 6:50:00 AM,12.394800
5/19/2025 6:55:00 AM,10.417503
5/19/2025 7:00:00 AM,14.823776
5/19/2025 7:05:00 AM,13.897156
5/19/2025 7:10:00 AM,13.119503
5/19/2025 7:15:00 AM,7.432283
5/19/2025 7:20:00 AM,4.075160
5/19/2025 7:25:00 AM,4.822280
5/19/2025 7:30:00 AM,7.773903
5/19/2025 7:35:00 AM,6.456960
5/19/2025 7:40:00 AM,6.111476
5/19/2025 7:45:00 AM,6.095053
5/19/2025 7:50:00 AM,3.585713
5/19/2025 7:55:00 AM,1.398340
5/19/2025 8:00:00 AM,7.915386
5/19/2025 8:05:00 AM,7.624543
5/19/2025 8:10:00 AM,8.066986
5/19/2025 8:15:00 AM,4.195756
5/19/2025 8:20:00 AM,5.058520
5/19/2025 8:25:00 AM,3.318426
5/19/2025 8:30:00 AM,4.227576
5/19/2025 8:35:00 AM,5.427726
5/19/2025 8:40:00 AM,3.170003
5/19/2025 8:45:00 AM,1.836266
5/19/2025 8:50:00 AM,1.811536
5/19/2025 8:55:00 AM,2.004160
5/19/2025 9:00:00 AM,4.684533
5/19/2025 9:05:00 AM,4.818910
5/19/2025 9:10:00 AM,4.261450
5/19/2025 9:15:00 AM,2.846633
5/19/2025 9:20:00 AM,2.091193
5/19/2025 9:25:00 AM,0.967770
5/19/2025 9:30:00 AM,0.766816
5/19/2025 9:35:00 AM,0.949843
5/19/2025 9:40:00 AM,0.275556
5/19/2025 9:45:00 AM,-2.984343
5/19/2025 9:50:00 AM,-2.349663
5/19/2025 9:55:00 AM,-2.971183
5/19/2025 10:00:00 AM,-1.138276
5/19/2025 10:05:00 AM,-1.091106
5/19/2025 10:10:00 AM,-1.948453
5/19/2025 10:15:00 AM,-1.641476
5/19/2025 10:20:00 AM,-1.449150
5/19/2025 10:25:00 AM,-1.515393
5/19/2025 10:30:00 AM,-2.467550
5/19/2025 10:35:00 AM,-2.537096
5/19/2025 10:40:00 AM,-2.617230
5/19/2025 10:45:00 AM,-3.108323
5/19/2025 10:50:00 AM,-3.284536
5/19/2025 10:55:00 AM,-4.084593
5/19/2025 11:00:00 AM,-5.772100
5/19/2025 11:05:00 AM,-4.899483
5/19/2025 11:10:00 AM,-3.843576
5/19/2025 11:15:00 AM,-5.102870
5/19/2025 11:20:00 AM,-3.136340
5/19/2025 11:25:00 AM,-3.832750
5/19/2025 11:30:00 AM,-6.590023
5/19/2025 11:35:00 AM,-6.309593
5/19/2025 11:40:00 AM,-5.328620
5/19/2025 11:45:00 AM,-5.894696
5/19/2025 11:50:00 AM,-5.913310
5/19/2025 11:55:00 AM,-6.864466
5/19/2025 12:00:00 PM,-5.813886
5/19/2025 12:05:00 PM,-7.113520
5/19/2025 12:10:00 PM,-5.314353
5/19/2025 12:15:00 PM,-3.973506
5/19/2025 12:20:00 PM,-5.533683
5/19/2025 12:25:00 PM,-5.530550
5/19/2025 12:30:00 PM,-5.925476
5/19/2025 12:35:00 PM,-6.312010
5/19/2025 12:40:00 PM,-7.427810
5/19/2025 12:45:00 PM,-8.915370
5/19/2025 12:50:00 PM,-7.422146
5/19/2025 12:55:00 PM,-6.014886
5/19/2025 1:00:00 PM,-5.306033
5/19/2025 1:05:00 PM,-5.280673
5/19/2025 1:10:00 PM,-5.834060
5/19/2025 1:15:00 PM,-6.600126
5/19/2025 1:20:00 PM,-7.881030
5/19/2025 1:25:00 PM,-8.593433
5/19/2025 1:30:00 PM,-8.757823
5/19/2025 1:35:00 PM,-9.011670
5/19/2025 1:40:00 PM,-9.473523
5/19/2025 1:45:00 PM,-10.799330
5/19/2025 1:50:00 PM,-9.915430
5/19/2025 1:55:00 PM,-8.705093
5/19/2025 2:00:00 PM,-8.405683
5/19/2025 2:05:00 PM,-7.671286
5/19/2025 2:10:00 PM,-7.854686
5/19/2025 2:15:00 PM,-8.729640
5/19/2025 2:20:00 PM,-8.732483
5/19/2025 2:25:00 PM,-8.705470
5/19/2025 2:30:00 PM,-8.494926
5/19/2025 2:35:00 PM,-8.694040
5/19/2025 2:40:00 PM,-7.949776
5/19/2025 2:45:00 PM,-10.084843
5/19/2025 2:50:00 PM,-9.901500
5/19/2025 2:55:00 PM,-9.852613
5/19/2025 3:00:00 PM,-14.227696
5/19/2025 3:05:00 PM,-14.307310
5/19/2025 3:10:00 PM,-21.291933
5/19/2025 3:15:00 PM,-10.622150
5/19/2025 3:20:00 PM,-10.412613
5/19/2025 3:25:00 PM,-10.166730
5/19/2025 3:30:00 PM,-13.185096
5/19/2025 3:35:00 PM,-13.685903
5/19/2025 3:40:00 PM,-12.009776
5/19/2025 3:45:00 PM,-12.648173
5/19/2025 3:50:00 PM,-11.350790
5/19/2025 3:55:00 PM,-11.880123
5/19/2025 4:00:00 PM,-10.770726
5/19/2025 4:05:00 PM,-10.957756
5/19/2025 4:10:00 PM,-10.508313
5/19/2025 4:15:00 PM,-13.976336
5/19/2025 4:20:00 PM,-16.569313
5/19/2025 4:25:00 PM,-14.772650
5/19/2025 4:30:00 PM,-11.011433
5/19/2025 4:35:00 PM,-9.711650
5/19/2025 4:40:00 PM,-9.736666
5/19/2025 4:45:00 PM,-10.454426
5/19/2025 4:50:00 PM,-11.469460
5/19/2025 4:55:00 PM,-10.369473
5/19/2025 5:00:00 PM,-9.417676
5/19/2025 5:05:00 PM,-11.931390
5/19/2025 5:10:00 PM,-11.950483
5/19/2025 5:15:00 PM,-11.507843
5/19/2025 5:20:00 PM,-11.886130
5/19/2025 5:25:00 PM,-10.789523
5/19/2025 5:30:00 PM,-10.859146
5/19/2025 5:35:00 PM,-8.158776
5/19/2025 5:40:00 PM,-3.235030
5/19/2025 5:45:00 PM,5.420253
5/19/2025 5:50:00 PM,7.155270
5/19/2025 5:55:00 PM,7.224730
5/19/2025 6:00:00 PM,4.745293
5/19/2025 6:05:00 PM,5.482400
5/19/2025 6:10:00 PM,6.722330
5/19/2025 6:15:00 PM,4.989356
5/19/2025 6:20:00 PM,7.485020
5/19/2025 6:25:00 PM,10.090863
5/19/2025 6:30:00 PM,15.130650
5/19/2025 6:35:00 PM,25.263140
5/19/2025 6:40:00 PM,29.038073
5/19/2025 6:45:00 PM,32.968800
5/19/2025 6:50:00 PM,34.601946
5/19/2025 6:55:00 PM,40.542223
5/19/2025 7:00:00 PM,24.899793
5/19/2025 7:05:00 PM,27.298580
5/19/2025 7:10:00 PM,30.050276
5/19/2025 7:15:00 PM,30.143323
5/19/2025 7:20:00 PM,31.265096
5/19/2025 7:25:00 PM,31.641506
5/19/2025 7:30:00 PM,32.560376
5/19/2025 7:35:00 PM,34.074213
5/19/2025 7:40:00 PM,34.027553
5/19/2025 7:45:00 PM,32.166560
5/19/2025 7:50:00 PM,32.166560
5/19/2025 7:55:00 PM,32.091143
5/19/2025 8:00:00 PM,31.823600
5/19/2025 8:05:00 PM,31.823550
5/19/2025 8:10:00 PM,31.778966
5/19/2025 8:15:00 PM,31.670506
5/19/2025 8:20:00 PM,31.571443
5/19/2025 8:25:00 PM,31.899796
5/19/2025 8:30:00 PM,32.550733
5/19/2025 8:35:00 PM,32.154006
5/19/2025 8:40:00 PM,31.709013
5/19/2025 8:45:00 PM,31.320546
5/19/2025 8:50:00 PM,31.267363
5/19/2025 8:55:00 PM,31.205783
5/19/2025 9:00:00 PM,32.316606
5/19/2025 9:05:00 PM,33.525616
5/19/2025 9:10:00 PM,33.229400
5/19/2025 9:15:00 PM,32.335966
5/19/2025 9:20:00 PM,30.900576
5/19/2025 9:25:00 PM,30.832786
5/19/2025 9:30:00 PM,30.613180
5/19/2025 9:35:00 PM,30.611693
5/19/2025 9:40:00 PM,30.423046
5/19/2025 9:45:00 PM,29.979976
5/19/2025 9:50:00 PM,30.090343
5/19/2025 9:55:00 PM,30.964673
5/19/2025 10:00:00 PM,42.593030
5/19/2025 10:05:00 PM,40.330923
5/19/2025 10:10:00 PM,36.276483
5/19/2025 10:15:00 PM,35.336710
5/19/2025 10:20:00 PM,36.804496
5/19/2025 10:25:00 PM,37.840586
5/19/2025 10:30:00 PM,39.373416
5/19/2025 10:35:00 PM,39.842840
5/19/2025 10:40:00 PM,39.195136
5/19/2025 10:45:00 PM,39.271746
5/19/2025 10:50:00 PM,39.243333
5/19/2025 10:55:00 PM,37.775536
5/19/2025 11:00:00 PM,36.539236
5/19/2025 11:05:00 PM,37.108130
5/19/2025 11:10:00 PM,37.461950
5/19/2025 11:15:00 PM,35.111846
5/19/2025 11:20:00 PM,40.963416
5/19/2025 11:25:00 PM,40.963416
5/19/2025 11:30:00 PM,41.588290
5/19/2025 11:35:00 PM,41.294826
5/19/2025 11:40:00 PM,44.549006
5/19/2025 11:45:00 PM,41.589280
5/19/2025 11:50:00 PM,47.255400
5/19/2025 11:55:00 PM,43.634810
5/20/2025 12:00:00 AM,46.791040
5/20/2025 12:05:00 AM,44.948036
5/20/2025 12:10:00 AM,41.667700
5/20/2025 12:15:00 AM,39.214293
5/20/2025 12:20:00 AM,40.590196
5/20/2025 12:25:00 AM,42.333760
5/20/2025 12:30:00 AM,42.524753
5/20/2025 12:35:00 AM,42.034920
5/20/2025 12:40:00 AM,43.068390
5/20/2025 12:45:00 AM,42.418350
5/20/2025 12:50:00 AM,42.976330
5/20/2025 12:55:00 AM,42.964986
5/20/2025 1:00:00 AM,49.445613
5/20/2025 1:05:00 AM,52.557026
5/20/2025 1:10:00 AM,50.725766
5/20/2025 1:15:00 AM,48.037573
5/20/2025 1:20:00 AM,47.928913
5/20/2025 1:25:00 AM,46.876046
5/20/2025 1:30:00 AM,47.637520
5/20/2025 1:35:00 AM,48.217980
5/20/2025 1:40:00 AM,46.699643
5/20/2025 1:45:00 AM,46.453326
5/20/2025 1:50:00 AM,44.819083
5/20/2025 1:55:00 AM,44.861436
5/20/2025 2:00:00 AM,44.881410
5/20/2025 2:05:00 AM,45.307776
5/20/2025 2:10:00 AM,43.493550
5/20/2025 2:15:00 AM,43.253546
5/20/2025 2:20:00 AM,43.730676
5/20/2025 2:25:00 AM,42.866946
5/20/2025 2:30:00 AM,43.753656
5/20/2025 2:35:00 AM,43.750126
5/20/2025 2:40:00 AM,43.970426
5/20/2025 2:45:00 AM,44.718426
5/20/2025 2:50:00 AM,44.804430
5/20/2025 2:55:00 AM,45.277336
5/20/2025 3:00:00 AM,45.922526
5/20/2025 3:05:00 AM,47.148493
5/20/2025 3:10:00 AM,47.518586
5/20/2025 3:15:00 AM,47.811126
5/20/2025 3:20:00 AM,48.664790
5/20/2025 3:25:00 AM,48.238516
5/20/2025 3:30:00 AM,49.067770
5/20/2025 3:35:00 AM,48.648266
5/20/2025 3:40:00 AM,49.363543
5/20/2025 3:45:00 AM,49.390553
5/20/2025 3:50:00 AM,49.419726
5/20/2025 3:55:00 AM,49.233903
5/20/2025 4:00:00 AM,46.792693
5/20/2025 4:05:00 AM,46.819803
5/20/2025 4:10:00 AM,46.661196
5/20/2025 4:15:00 AM,45.286433
5/20/2025 4:20:00 AM,47.140143
5/20/2025 4:25:00 AM,47.362913
5/20/2025 4:30:00 AM,49.228053
5/20/2025 4:35:00 AM,49.828276
5/20/2025 4:40:00 AM,50.926100
5/20/2025 4:45:00 AM,51.190320
5/20/2025 4:50:00 AM,51.037486
5/20/2025 4:55:00 AM,50.876686
5/20/2025 5:00:00 AM,43.350416
5/20/2025 5:05:00 AM,43.560883
5/20/2025 5:10:00 AM,39.247320
5/20/2025 5:15:00 AM,39.334146
5/20/2025 5:20:00 AM,46.906080
5/20/2025 5:25:00 AM,50.357113
5/20/2025 5:30:00 AM,50.885783
5/20/2025 5:35:00 AM,50.907660
5/20/2025 5:40:00 AM,50.773550
5/20/2025 5:45:00 AM,50.978840
5/20/2025 5:50:00 AM,49.862683
5/20/2025 5:55:00 AM,50.686050
5/20/2025 6:00:00 AM,50.558086
5/20/2025 6:05:00 AM,49.446443
5/20/2025 6:10:00 AM,46.357590
5/20/2025 6:15:00 AM,44.422753
5/20/2025 6:20:00 AM,36.440386
5/20/2025 6:25:00 AM,32.513640
5/20/2025 6:30:00 AM,31.523256
5/20/2025 6:35:00 AM,27.911066
5/20/2025 6:40:00 AM,26.588160
5/20/2025 6:45:00 AM,22.274080
5/20/2025 6:50:00 AM,21.023196
5/20/2025 6:55:00 AM,18.862026
5/20/2025 7:00:00 AM,20.255203
5/20/2025 7:05:00 AM,19.653313
5/20/2025 7:10:00 AM,14.240246
5/20/2025 7:15:00 AM,13.778220
5/20/2025 7:20:00 AM,13.314733
5/20/2025 7:25:00 AM,12.018886
5/20/2025 7:30:00 AM,9.042430
5/20/2025 7:35:00 AM,6.567896
5/20/2025 7:40:00 AM,5.230456
5/20/2025 7:45:00 AM,4.158390
5/20/2025 7:50:00 AM,3.573160
5/20/2025 7:55:00 AM,3.211960
5/20/2025 8:00:00 AM,6.711616
5/20/2025 8:05:00 AM,6.932273
5/20/2025 8:10:00 AM,7.223160
5/20/2025 8:15:00 AM,4.591313
5/20/2025 8:20:00 AM,4.594483
5/20/2025 8:25:00 AM,3.286966
5/20/2025 8:30:00 AM,7.065623
5/20/2025 8:35:00 AM,5.144670
5/20/2025 8:40:00 AM,1.869630
5/20/2025 8:45:00 AM,-1.256496
5/20/2025 8:50:00 AM,-3.216703
5/20/2025 8:55:00 AM,-2.330103
5/20/2025 9:00:00 AM,0.888553
5/20/2025 9:05:00 AM,1.568333
5/20/2025 9:10:00 AM,1.049796
5/20/2025 9:15:00 AM,0.733403
5/20/2025 9:20:00 AM,-0.382966
5/20/2025 9:25:00 AM,-2.521153
5/20/2025 9:30:00 AM,-2.464480
5/20/2025 9:35:00 AM,-2.705673
5/20/2025 9:40:00 AM,-2.910760
5/20/2025 9:45:00 AM,-3.313703
5/20/2025 9:50:00 AM,-4.238756
5/20/2025 9:55:00 AM,-4.108000
5/20/2025 10:00:00 AM,-3.221100
5/20/2025 10:05:00 AM,-2.738346
5/20/2025 10:10:00 AM,-2.751623
5/20/2025 10:15:00 AM,-2.733836
5/20/2025 10:20:00 AM,-2.973146
5/20/2025 10:25:00 AM,-2.923186
5/20/2025 10:30:00 AM,-1.903020
5/20/2025 10:35:00 AM,-2.799213
5/20/2025 10:40:00 AM,-3.184630
5/20/2025 10:45:00 AM,-2.954993
5/20/2025 10:50:00 AM,-3.369333
5/20/2025 10:55:00 AM,-3.183083
5/20/2025 11:00:00 AM,-4.307360
5/20/2025 11:05:00 AM,-3.578926
5/20/2025 11:10:00 AM,-3.126826
5/20/2025 11:15:00 AM,-4.168653
5/20/2025 11:20:00 AM,-4.719973
5/20/2025 11:25:00 AM,-5.138226
5/20/2025 11:30:00 AM,-4.244263
5/20/2025 11:35:00 AM,-4.329876
5/20/2025 11:40:00 AM,-6.775983
5/20/2025 11:45:00 AM,-6.631050
5/20/2025 11:50:00 AM,-6.692563
5/20/2025 11:55:00 AM,-6.739223
5/20/2025 12:00:00 PM,-6.791486
5/20/2025 12:05:00 PM,-6.778880
5/20/2025 12:10:00 PM,-6.622250
5/20/2025 12:15:00 PM,-6.619740
5/20/2025 12:20:00 PM,-6.803980
5/20/2025 12:25:00 PM,-7.017103
5/20/2025 12:30:00 PM,-5.671160
5/20/2025 12:35:00 PM,-6.820356
5/20/2025 12:40:00 PM,-6.721456
5/20/2025 12:45:00 PM,-6.724586
5/20/2025 12:50:00 PM,-6.676280
5/20/2025 12:55:00 PM,-6.686193
5/20/2025 1:00:00 PM,-6.652603
5/20/2025 1:05:00 PM,-6.467843
5/20/2025 1:10:00 PM,-6.569863
5/20/2025 1:15:00 PM,-6.554603
5/20/2025 1:20:00 PM,-6.598683
5/20/2025 1:25:00 PM,-6.728710
5/20/2025 1:30:00 PM,-6.639626
5/20/2025 1:35:00 PM,-6.547296
5/20/2025 1:40:00 PM,-5.284303
5/20/2025 1:45:00 PM,-4.957323
5/20/2025 1:50:00 PM,-6.518673
5/20/2025 1:55:00 PM,-6.688960
5/20/2025 2:00:00 PM,-6.707336
5/20/2025 2:05:00 PM,-6.777343
5/20/2025 2:10:00 PM,-6.586290
5/20/2025 2:15:00 PM,-6.775746
5/20/2025 2:20:00 PM,-6.670590
5/20/2025 2:25:00 PM,-6.742660
5/20/2025 2:30:00 PM,-13.580806
5/20/2025 2:35:00 PM,-13.579253
5/20/2025 2:40:00 PM,-9.755033
5/20/2025 2:45:00 PM,-6.176923
5/20/2025 2:50:00 PM,-6.176923
5/20/2025 2:55:00 PM,-4.005343
5/20/2025 3:00:00 PM,-6.613426
5/20/2025 3:05:00 PM,-6.112310
5/20/2025 3:10:00 PM,-0.207820
5/20/2025 3:15:00 PM,0.983563
5/20/2025 3:20:00 PM,-1.955743
5/20/2025 3:25:00 PM,-7.321773
5/20/2025 3:30:00 PM,-1.474786
5/20/2025 3:35:00 PM,-1.333200
5/20/2025 3:40:00 PM,-1.271263
5/20/2025 3:45:00 PM,0.313653
5/20/2025 3:50:00 PM,-0.637950
5/20/2025 3:55:00 PM,-2.471790
5/20/2025 4:00:00 PM,-4.421370
5/20/2025 4:05:00 PM,-5.549803
5/20/2025 4:10:00 PM,-5.372596
5/20/2025 4:15:00 PM,-4.255376
5/20/2025 4:20:00 PM,-1.964610
5/20/2025 4:25:00 PM,-2.922186
5/20/2025 4:30:00 PM,2.515600
5/20/2025 4:35:00 PM,4.201370
5/20/2025 4:40:00 PM,6.168946
5/20/2025 4:45:00 PM,11.707343
5/20/2025 4:50:00 PM,6.781876
5/20/2025 4:55:00 PM,7.504346
5/20/2025 5:00:00 PM,0.645480
5/20/2025 5:05:00 PM,1.108050
5/20/2025 5:10:00 PM,-0.403690
5/20/2025 5:15:00 PM,6.220026
5/20/2025 5:20:00 PM,6.445716
5/20/2025 5:25:00 PM,12.179293
5/20/2025 5:30:00 PM,8.054903
5/20/2025 5:35:00 PM,9.313880
5/20/2025 5:40:00 PM,10.666443
5/20/2025 5:45:00 PM,14.206426
5/20/2025 5:50:00 PM,20.247393
5/20/2025 5:55:00 PM,21.704680
5/20/2025 6:00:00 PM,13.507343
5/20/2025 6:05:00 PM,13.368696
5/20/2025 6:10:00 PM,14.997360
5/20/2025 6:15:00 PM,15.723466
5/20/2025 6:20:00 PM,24.880730
5/20/2025 6:25:00 PM,36.336736
5/20/2025 6:30:00 PM,41.476303
5/20/2025 6:35:00 PM,44.625446
5/20/2025 6:40:00 PM,56.706020
5/20/2025 6:45:00 PM,41.428873
5/20/2025 6:50:00 PM,44.486420
5/20/2025 6:55:00 PM,46.673950
5/20/2025 7:00:00 PM,37.493043
5/20/2025 7:05:00 PM,38.771786
5/20/2025 7:10:00 PM,39.189413
5/20/2025 7:15:00 PM,40.688886
5/20/2025 7:20:00 PM,40.823080
5/20/2025 7:25:00 PM,43.613013
5/20/2025 7:30:00 PM,43.711946
5/20/2025 7:35:00 PM,48.806430
5/20/2025 7:40:00 PM,49.534903
5/20/2025 7:45:00 PM,51.031123
5/20/2025 7:50:00 PM,53.030516
5/20/2025 7:55:00 PM,53.208366
5/20/2025 8:00:00 PM,60.853046
5/20/2025 8:05:00 PM,49.682680
5/20/2025 8:10:00 PM,44.481623
5/20/2025 8:15:00 PM,45.463776
5/20/2025 8:20:00 PM,45.733233
5/20/2025 8:25:00 PM,45.733233
5/20/2025 8:30:00 PM,50.242710
5/20/2025 8:35:00 PM,49.601966
5/20/2025 8:40:00 PM,45.808850
5/20/2025 8:45:00 PM,43.932760
5/20/2025 8:50:00 PM,43.932760
5/20/2025 8:55:00 PM,44.655910
5/20/2025 9:00:00 PM,49.088413
5/20/2025 9:05:00 PM,50.121323
5/20/2025 9:10:00 PM,50.172663
5/20/2025 9:15:00 PM,50.207970
5/20/2025 9:20:00 PM,49.310040
5/20/2025 9:25:00 PM,46.787370
5/20/2025 9:30:00 PM,46.085026
5/20/2025 9:35:00 PM,47.481573
5/20/2025 9:40:00 PM,46.587773
5/20/2025 9:45:00 PM,43.847683
5/20/2025 9:50:00 PM,46.608853
5/20/2025 9:55:00 PM,47.155376
5/20/2025 10:00:00 PM,57.103386
5/20/2025 10:05:00 PM,56.950116
5/20/2025 10:10:00 PM,50.970040
5/20/2025 10:15:00 PM,52.553150
5/20/2025 10:20:00 PM,54.206176
5/20/2025 10:25:00 PM,53.058686
5/20/2025 10:30:00 PM,50.307323
5/20/2025 10:35:00 PM,52.098173
5/20/2025 10:40:00 PM,52.121816
5/20/2025 10:45:00 PM,51.119250
5/20/2025 10:50:00 PM,51.550140
5/20/2025 10:55:00 PM,51.419590
5/20/2025 11:00:00 PM,47.880970
5/20/2025 11:05:00 PM,47.114003
5/20/2025 11:10:00 PM,45.023470
5/20/2025 11:15:00 PM,44.726160
5/20/2025 11:20:00 PM,44.333710
5/20/2025 11:25:00 PM,44.141100
5/20/2025 11:30:00 PM,44.312683
5/20/2025 11:35:00 PM,44.482580
5/20/2025 11:40:00 PM,44.212826
5/20/2025 11:45:00 PM,44.285173
5/20/2025 11:50:00 PM,44.124210
5/20/2025 11:55:00 PM,44.239960
5/21/2025 12:00:00 AM,45.625893
5/21/2025 12:05:00 AM,51.437830
5/21/2025 12:10:00 AM,45.831770
5/21/2025 12:15:00 AM,42.436600
5/21/2025 12:20:00 AM,52.196710
5/21/2025 12:25:00 AM,50.725433
5/21/2025 12:30:00 AM,43.058756
5/21/2025 12:35:00 AM,42.077740
5/21/2025 12:40:00 AM,41.800296
5/21/2025 12:45:00 AM,39.737133
5/21/2025 12:50:00 AM,39.591680
5/21/2025 12:55:00 AM,40.576280
5/21/2025 1:00:00 AM,48.678200
5/21/2025 1:05:00 AM,48.469683
5/21/2025 1:10:00 AM,43.544173
5/21/2025 1:15:00 AM,46.517573
5/21/2025 1:20:00 AM,48.051570
5/21/2025 1:25:00 AM,42.177723
5/21/2025 1:30:00 AM,35.815086
5/21/2025 1:35:00 AM,34.788496
5/21/2025 1:40:00 AM,35.039716
5/21/2025 1:45:00 AM,34.529213
5/21/2025 1:50:00 AM,34.312443
5/21/2025 1:55:00 AM,34.079656
5/21/2025 2:00:00 AM,34.598236
5/21/2025 2:05:00 AM,34.494863
5/21/2025 2:10:00 AM,34.598236
5/21/2025 2:15:00 AM,34.718320
5/21/2025 2:20:00 AM,35.118433
5/21/2025 2:25:00 AM,35.043586
5/21/2025 2:30:00 AM,34.670063
5/21/2025 2:35:00 AM,34.568303
5/21/2025 2:40:00 AM,34.571426
5/21/2025 2:45:00 AM,34.621536
5/21/2025 2:50:00 AM,33.761456
5/21/2025 2:55:00 AM,33.471413
5/21/2025 3:00:00 AM,32.748133
5/21/2025 3:05:00 AM,32.821620
5/21/2025 3:10:00 AM,32.751096
5/21/2025 3:15:00 AM,32.729133
5/21/2025 3:20:00 AM,34.006386
5/21/2025 3:25:00 AM,34.207303
5/21/2025 3:30:00 AM,34.021700
5/21/2025 3:35:00 AM,34.072130
5/21/2025 3:40:00 AM,33.884883
5/21/2025 3:45:00 AM,33.977956
5/21/2025 3:50:00 AM,34.221523
5/21/2025 3:55:00 AM,34.409220
5/21/2025 4:00:00 AM,28.815573
5/21/2025 4:05:00 AM,27.980100
5/21/2025 4:10:00 AM,28.303733
5/21/2025 4:15:00 AM,29.056000
5/21/2025 4:20:00 AM,31.758603
5/21/2025 4:25:00 AM,32.357966
5/21/2025 4:30:00 AM,33.084546
5/21/2025 4:35:00 AM,34.410790
5/21/2025 4:40:00 AM,34.724110
5/21/2025 4:45:00 AM,35.013963
5/21/2025 4:50:00 AM,35.110050
5/21/2025 4:55:00 AM,35.003376
5/21/2025 5:00:00 AM,24.256096
5/21/2025 5:05:00 AM,26.373373
5/21/2025 5:10:00 AM,26.499703
5/21/2025 5:15:00 AM,26.250630
5/21/2025 5:20:00 AM,27.303513
5/21/2025 5:25:00 AM,27.312783
5/21/2025 5:30:00 AM,27.899763
5/21/2025 5:35:00 AM,27.977230
5/21/2025 5:40:00 AM,27.740506
5/21/2025 5:45:00 AM,27.880553
5/21/2025 5:50:00 AM,28.842880
5/21/2025 5:55:00 AM,29.014323
5/21/2025 6:00:00 AM,38.419850
5/21/2025 6:05:00 AM,36.361436
5/21/2025 6:10:00 AM,36.813690
5/21/2025 6:15:00 AM,32.460180
5/21/2025 6:20:00 AM,30.938110
5/21/2025 6:25:00 AM,29.024033
5/21/2025 6:30:00 AM,26.804293
5/21/2025 6:35:00 AM,25.793476
5/21/2025 6:40:00 AM,23.791173
5/21/2025 6:45:00 AM,18.704713
5/21/2025 6:50:00 AM,14.749223
5/21/2025 6:55:00 AM,16.867866
5/21/2025 7:00:00 AM,19.123800
5/21/2025 7:05:00 AM,17.039833
5/21/2025 7:10:00 AM,15.807300
5/21/2025 7:15:00 AM,10.760290
5/21/2025 7:20:00 AM,9.151986
5/21/2025 7:25:00 AM,7.356010
5/21/2025 7:30:00 AM,7.410626
5/21/2025 7:35:00 AM,6.499340
5/21/2025 7:40:00 AM,5.231673
5/21/2025 7:45:00 AM,2.864710
5/21/2025 7:50:00 AM,3.127983
5/21/2025 7:55:00 AM,3.454403
5/21/2025 8:00:00 AM,11.120166
5/21/2025 8:05:00 AM,10.672133
5/21/2025 8:10:00 AM,10.729106
5/21/2025 8:15:00 AM,9.306110
5/21/2025 8:20:00 AM,9.408106
5/21/2025 8:25:00 AM,8.048820
5/21/2025 8:30:00 AM,10.656213
5/21/2025 8:35:00 AM,9.351813
5/21/2025 8:40:00 AM,8.282396
5/21/2025 8:45:00 AM,5.871463
5/21/2025 8:50:00 AM,4.968416
5/21/2025 8:55:00 AM,5.764420
5/21/2025 9:00:00 AM,12.522870
5/21/2025 9:05:00 AM,11.774673
5/21/2025 9:10:00 AM,11.676680
5/21/2025 9:15:00 AM,12.332170
5/21/2025 9:20:00 AM,11.653553
5/21/2025 9:25:00 AM,11.506366
5/21/2025 9:30:00 AM,11.185840
5/21/2025 9:35:00 AM,11.386573
5/21/2025 9:40:00 AM,11.276430
5/21/2025 9:45:00 AM,11.657450
5/21/2025 9:50:00 AM,11.086300
5/21/2025 9:55:00 AM,9.911943
5/21/2025 10:00:00 AM,12.921000
5/21/2025 10:05:00 AM,12.563346
5/21/2025 10:10:00 AM,13.151733
5/21/2025 10:15:00 AM,13.373916
5/21/2025 10:20:00 AM,13.552026
5/21/2025 10:25:00 AM,13.544933
5/21/2025 10:30:00 AM,13.925690
5/21/2025 10:35:00 AM,13.904550
5/21/2025 10:40:00 AM,13.932903
5/21/2025 10:45:00 AM,13.643043
5/21/2025 10:50:00 AM,12.954980
5/21/2025 10:55:00 AM,13.308796
5/21/2025 11:00:00 AM,13.729333
5/21/2025 11:05:00 AM,13.517733
5/21/2025 11:10:00 AM,13.469353
5/21/2025 11:15:00 AM,12.515530
5/21/2025 11:20:00 AM,12.515530
5/21/2025 11:25:00 AM,12.515530
5/21/2025 11:30:00 AM,13.463486
5/21/2025 11:35:00 AM,13.475910
5/21/2025 11:40:00 AM,13.774066
5/21/2025 11:45:00 AM,13.797280
5/21/2025 11:50:00 AM,14.136846
5/21/2025 11:55:00 AM,14.145266
5/21/2025 12:00:00 PM,12.349583
5/21/2025 12:05:00 PM,12.238833
5/21/2025 12:10:00 PM,14.341936
5/21/2025 12:15:00 PM,12.012890
5/21/2025 12:20:00 PM,13.476636
5/21/2025 12:25:00 PM,12.359183
5/21/2025 12:30:00 PM,14.573550
5/21/2025 12:35:00 PM,14.558320
5/21/2025 12:40:00 PM,14.304020
5/21/2025 12:45:00 PM,13.147120
5/21/2025 12:50:00 PM,12.266406
5/21/2025 12:55:00 PM,11.688013
5/21/2025 1:00:00 PM,10.662420
5/21/2025 1:05:00 PM,10.856420
5/21/2025 1:10:00 PM,14.855423
5/21/2025 1:15:00 PM,13.039286
5/21/2025 1:20:00 PM,17.664853
5/21/2025 1:25:00 PM,17.700353
5/21/2025 1:30:00 PM,17.700353
5/21/2025 1:35:00 PM,17.700353
5/21/2025 1:40:00 PM,17.700353
5/21/2025 1:45:00 PM,17.700353
5/21/2025 1:50:00 PM,16.910333
5/21/2025 1:55:00 PM,14.285740
5/21/2025 2:00:00 PM,17.195310
5/21/2025 2:05:00 PM,17.888163
5/21/2025 2:10:00 PM,17.316723
5/21/2025 2:15:00 PM,14.078156
5/21/2025 2:20:00 PM,14.276536
5/21/2025 2:25:00 PM,14.286360
5/21/2025 2:30:00 PM,13.937893
5/21/2025 2:35:00 PM,14.283616
5/21/2025 2:40:00 PM,14.311826
5/21/2025 2:45:00 PM,13.969030
5/21/2025 2:50:00 PM,14.236120
5/21/2025 2:55:00 PM,13.203326
5/21/2025 3:00:00 PM,13.033960
5/21/2025 3:05:00 PM,13.150656
5/21/2025 3:10:00 PM,13.330970
5/21/2025 3:15:00 PM,13.225760
5/21/2025 3:20:00 PM,13.214136
5/21/2025 3:25:00 PM,13.675510
5/21/2025 3:30:00 PM,17.307780
5/21/2025 3:35:00 PM,18.711140
5/21/2025 3:40:00 PM,17.148470
5/21/2025 3:45:00 PM,17.479040
5/21/2025 3:50:00 PM,17.485933
5/21/2025 3:55:00 PM,17.400730
5/21/2025 4:00:00 PM,12.708206
5/21/2025 4:05:00 PM,12.738576
5/21/2025 4:10:00 PM,12.459090
5/21/2025 4:15:00 PM,12.787560
5/21/2025 4:20:00 PM,12.962903
5/21/2025 4:25:00 PM,12.982380
5/21/2025 4:30:00 PM,14.795130
5/21/2025 4:35:00 PM,15.040980
5/21/2025 4:40:00 PM,15.261343
5/21/2025 4:45:00 PM,15.086496
5/21/2025 4:50:00 PM,14.638150
5/21/2025 4:55:00 PM,14.862386
5/21/2025 5:00:00 PM,11.691086
5/21/2025 5:05:00 PM,11.110160
5/21/2025 5:10:00 PM,11.286053
5/21/2025 5:15:00 PM,11.781860
5/21/2025 5:20:00 PM,12.235510
5/21/2025 5:25:00 PM,13.622660
5/21/2025 5:30:00 PM,15.768136
5/21/2025 5:35:00 PM,17.063100
5/21/2025 5:40:00 PM,23.483443
5/21/2025 5:45:00 PM,27.187456
5/21/2025 5:50:00 PM,30.122596
5/21/2025 5:55:00 PM,33.276776
5/21/2025 6:00:00 PM,21.321980
5/21/2025 6:05:00 PM,21.033210
5/21/2025 6:10:00 PM,23.348636
5/21/2025 6:15:00 PM,27.351060
5/21/2025 6:20:00 PM,30.351363
5/21/2025 6:25:00 PM,33.492140
5/21/2025 6:30:00 PM,38.591253
5/21/2025 6:35:00 PM,42.381630
5/21/2025 6:40:00 PM,44.692123
5/21/2025 6:45:00 PM,52.528326
5/21/2025 6:50:00 PM,59.807096
5/21/2025 6:55:00 PM,65.647863
5/21/2025 7:00:00 PM,32.004370
5/21/2025 7:05:00 PM,34.633550
5/21/2025 7:10:00 PM,35.788453
5/21/2025 7:15:00 PM,35.739866
5/21/2025 7:20:00 PM,31.568356
5/21/2025 7:25:00 PM,32.269063
5/21/2025 7:30:00 PM,37.602853
5/21/2025 7:35:00 PM,37.444196
5/21/2025 7:40:00 PM,37.368876
5/21/2025 7:45:00 PM,40.280080
5/21/2025 7:50:00 PM,40.322256
5/21/2025 7:55:00 PM,40.322256
5/21/2025 8:00:00 PM,35.216560
5/21/2025 8:05:00 PM,35.276323
5/21/2025 8:10:00 PM,34.609870
5/21/2025 8:15:00 PM,34.234500
5/21/2025 8:20:00 PM,35.379253
5/21/2025 8:25:00 PM,35.044023
5/21/2025 8:30:00 PM,35.961233
5/21/2025 8:35:00 PM,35.517286
5/21/2025 8:40:00 PM,35.195930
5/21/2025 8:45:00 PM,35.071623
5/21/2025 8:50:00 PM,34.410573
5/21/2025 8:55:00 PM,34.421776
5/21/2025 9:00:00 PM,36.906156
5/21/2025 9:05:00 PM,36.511610
5/21/2025 9:10:00 PM,37.465940
5/21/2025 9:15:00 PM,36.579680
5/21/2025 9:20:00 PM,36.173400
5/21/2025 9:25:00 PM,35.901266
5/21/2025 9:30:00 PM,34.835046
5/21/2025 9:35:00 PM,34.687693
5/21/2025 9:40:00 PM,34.687693
5/21/2025 9:45:00 PM,34.486390
5/21/2025 9:50:00 PM,34.269943
5/21/2025 9:55:00 PM,33.874233
5/21/2025 10:00:00 PM,36.810670
5/21/2025 10:05:00 PM,36.282786
5/21/2025 10:10:00 PM,34.856896
5/21/2025 10:15:00 PM,33.643163
5/21/2025 10:20:00 PM,33.497526
5/21/2025 10:25:00 PM,33.546466
5/21/2025 10:30:00 PM,32.975823
5/21/2025 10:35:00 PM,31.998883
5/21/2025 10:40:00 PM,31.803913
5/21/2025 10:45:00 PM,31.254776
5/21/2025 10:50:00 PM,31.974026
5/21/2025 10:55:00 PM,32.113196
5/21/2025 11:00:00 PM,32.513970
5/21/2025 11:05:00 PM,32.522906
5/21/2025 11:10:00 PM,32.443713
5/21/2025 11:15:00 PM,31.752033
5/21/2025 11:20:00 PM,31.914900
5/21/2025 11:25:00 PM,31.936850
5/21/2025 11:30:00 PM,31.488983
5/21/2025 11:35:00 PM,31.086393
5/21/2025 11:40:00 PM,30.844286
5/21/2025 11:45:00 PM,30.443723
5/21/2025 11:50:00 PM,30.509830
5/21/2025 11:55:00 PM,30.540236
5/22/2025 12:00:00 AM,31.352276
5/22/2025 12:05:00 AM,32.147626
5/22/2025 12:10:00 AM,33.407566
5/22/2025 12:15:00 AM,32.579016
5/22/2025 12:20:00 AM,32.892226
5/22/2025 12:25:00 AM,32.833223
5/22/2025 12:30:00 AM,32.757013
5/22/2025 12:35:00 AM,31.218620
5/22/2025 12:40:00 AM,30.169670
5/22/2025 12:45:00 AM,30.125986
5/22/2025 12:50:00 AM,30.039976
5/22/2025 12:55:00 AM,30.031530
5/22/2025 1:00:00 AM,32.633796
5/22/2025 1:05:00 AM,32.648773
5/22/2025 1:10:00 AM,32.337120
5/22/2025 1:15:00 AM,31.226556
5/22/2025 1:20:00 AM,30.622280
5/22/2025 1:25:00 AM,30.915550
5/22/2025 1:30:00 AM,30.288990
5/22/2025 1:35:00 AM,30.015196
5/22/2025 1:40:00 AM,28.965663
5/22/2025 1:45:00 AM,28.901803
5/22/2025 1:50:00 AM,28.791040
5/22/2025 1:55:00 AM,28.642873
5/22/2025 2:00:00 AM,30.738126
5/22/2025 2:05:00 AM,30.738126
5/22/2025 2:10:00 AM,30.315843
5/22/2025 2:15:00 AM,29.882070
5/22/2025 2:20:00 AM,29.498730
5/22/2025 2:25:00 AM,29.552573
5/22/2025 2:30:00 AM,29.400516
5/22/2025 2:35:00 AM,29.257583
5/22/2025 2:40:00 AM,28.991486
5/22/2025 2:45:00 AM,29.496500
5/22/2025 2:50:00 AM,29.707826
5/22/2025 2:55:00 AM,29.024566
5/22/2025 3:00:00 AM,29.770210
5/22/2025 3:05:00 AM,29.151943
5/22/2025 3:10:00 AM,29.059290
5/22/2025 3:15:00 AM,29.783190
5/22/2025 3:20:00 AM,29.754900
5/22/2025 3:25:00 AM,29.389520
5/22/2025 3:30:00 AM,29.518646
5/22/2025 3:35:00 AM,29.343836
5/22/2025 3:40:00 AM,28.666523
5/22/2025 3:45:00 AM,28.904526
5/22/2025 3:50:00 AM,29.614400
5/22/2025 3:55:00 AM,29.887850
5/22/2025 4:00:00 AM,28.151716
5/22/2025 4:05:00 AM,27.477413
5/22/2025 4:10:00 AM,28.315890
5/22/2025 4:15:00 AM,29.087116
5/22/2025 4:20:00 AM,29.822230
5/22/2025 4:25:00 AM,29.821130
5/22/2025 4:30:00 AM,29.987966
5/22/2025 4:35:00 AM,29.514710
5/22/2025 4:40:00 AM,30.214066
5/22/2025 4:45:00 AM,30.979386
5/22/2025 4:50:00 AM,31.446350
5/22/2025 4:55:00 AM,32.950286
5/22/2025 5:00:00 AM,24.912093
5/22/2025 5:05:00 AM,24.912093
5/22/2025 5:10:00 AM,25.593066
5/22/2025 5:15:00 AM,25.852506
5/22/2025 5:20:00 AM,25.852506
5/22/2025 5:25:00 AM,28.208016
5/22/2025 5:30:00 AM,28.044796
5/22/2025 5:35:00 AM,27.059006
5/22/2025 5:40:00 AM,27.633426
5/22/2025 5:45:00 AM,27.798616
5/22/2025 5:50:00 AM,26.836456
5/22/2025 5:55:00 AM,27.734313
5/22/2025 6:00:00 AM,29.928720
5/22/2025 6:05:00 AM,29.915263
5/22/2025 6:10:00 AM,29.303370
5/22/2025 6:15:00 AM,27.062413
5/22/2025 6:20:00 AM,25.321586
5/22/2025 6:25:00 AM,23.960593
5/22/2025 6:30:00 AM,19.658073
5/22/2025 6:35:00 AM,16.547353
5/22/2025 6:40:00 AM,13.569470
5/22/2025 6:45:00 AM,12.074450
5/22/2025 6:50:00 AM,10.365596
5/22/2025 6:55:00 AM,10.099650
5/22/2025 7:00:00 AM,12.825483
5/22/2025 7:05:00 AM,10.487523
5/22/2025 7:10:00 AM,8.785663
5/22/2025 7:15:00 AM,10.934723
5/22/2025 7:20:00 AM,9.074166
5/22/2025 7:25:00 AM,6.609143
5/22/2025 7:30:00 AM,6.761453
5/22/2025 7:35:00 AM,8.291650
5/22/2025 7:40:00 AM,6.593530
5/22/2025 7:45:00 AM,8.681246
5/22/2025 7:50:00 AM,7.447843
5/22/2025 7:55:00 AM,6.620910
5/22/2025 8:00:00 AM,7.323276
5/22/2025 8:05:00 AM,7.680270
5/22/2025 8:10:00 AM,7.526436
5/22/2025 8:15:00 AM,9.791206
5/22/2025 8:20:00 AM,7.961173
5/22/2025 8:25:00 AM,7.269463
5/22/2025 8:30:00 AM,4.735733
5/22/2025 8:35:00 AM,5.705216
5/22/2025 8:40:00 AM,5.477020
5/22/2025 8:45:00 AM,5.702403
5/22/2025 8:50:00 AM,5.805563
5/22/2025 8:55:00 AM,3.818380
5/22/2025 9:00:00 AM,7.686560
5/22/2025 9:05:00 AM,7.235566
5/22/2025 9:10:00 AM,6.618050
5/22/2025 9:15:00 AM,5.049600
5/22/2025 9:20:00 AM,4.949946
5/22/2025 9:25:00 AM,4.951373
5/22/2025 9:30:00 AM,4.073490
5/22/2025 9:35:00 AM,4.065356
5/22/2025 9:40:00 AM,4.060070
5/22/2025 9:45:00 AM,4.365110
5/22/2025 9:50:00 AM,4.354070
5/22/2025 9:55:00 AM,3.925310
5/22/2025 10:00:00 AM,7.760833
5/22/2025 10:05:00 AM,7.272096
5/22/2025 10:10:00 AM,7.314826
5/22/2025 10:15:00 AM,7.236323
5/22/2025 10:20:00 AM,7.327906
5/22/2025 10:25:00 AM,6.217676
5/22/2025 10:30:00 AM,6.361913
5/22/2025 10:35:00 AM,7.277463
5/22/2025 10:40:00 AM,5.990536
5/22/2025 10:45:00 AM,7.299076
5/22/2025 10:50:00 AM,7.368296
5/22/2025 10:55:00 AM,7.226883
5/22/2025 11:00:00 AM,7.844073
5/22/2025 11:05:00 AM,8.245913
5/22/2025 11:10:00 AM,7.726620
5/22/2025 11:15:00 AM,8.114330
5/22/2025 11:20:00 AM,7.963176
5/22/2025 11:25:00 AM,9.243696
5/22/2025 11:30:00 AM,8.720413
5/22/2025 11:35:00 AM,7.807476
5/22/2025 11:40:00 AM,7.807476
5/22/2025 11:45:00 AM,7.807476
5/22/2025 11:50:00 AM,7.807476
5/22/2025 11:55:00 AM,7.807476
5/22/2025 12:00:00 PM,8.839020
5/22/2025 12:05:00 PM,8.092466
5/22/2025 12:10:00 PM,7.117946
5/22/2025 12:15:00 PM,7.988356
5/22/2025 12:20:00 PM,6.859193
5/22/2025 12:25:00 PM,3.977206
5/22/2025 12:30:00 PM,7.525756
5/22/2025 12:35:00 PM,8.220920
5/22/2025 12:40:00 PM,8.326713
5/22/2025 12:45:00 PM,6.273173
5/22/2025 12:50:00 PM,6.153236
5/22/2025 12:55:00 PM,3.859966
5/22/2025 1:00:00 PM,-1.434650
5/22/2025 1:05:00 PM,-1.259673
5/22/2025 1:10:00 PM,-0.380976
5/22/2025 1:15:00 PM,-1.209840
5/22/2025 1:20:00 PM,-0.255996
5/22/2025 1:25:00 PM,0.921060
5/22/2025 1:30:00 PM,3.689156
5/22/2025 1:35:00 PM,3.465513
5/22/2025 1:40:00 PM,8.852500
5/22/2025 1:45:00 PM,9.493536
5/22/2025 1:50:00 PM,10.670623
5/22/2025 1:55:00 PM,11.738596
5/22/2025 2:00:00 PM,11.863126
5/22/2025 2:05:00 PM,11.934286
5/22/2025 2:10:00 PM,11.944923
5/22/2025 2:15:00 PM,11.993930
5/22/2025 2:20:00 PM,12.459970
5/22/2025 2:25:00 PM,12.638180
5/22/2025 2:30:00 PM,12.619500
5/22/2025 2:35:00 PM,12.682093
5/22/2025 2:40:00 PM,13.205410
5/22/2025 2:45:00 PM,12.815350
5/22/2025 2:50:00 PM,12.953553
5/22/2025 2:55:00 PM,12.861400
5/22/2025 3:00:00 PM,18.685416
5/22/2025 3:05:00 PM,17.791220
5/22/2025 3:10:00 PM,18.741473
5/22/2025 3:15:00 PM,19.877766
5/22/2025 3:20:00 PM,19.223496
5/22/2025 3:25:00 PM,19.499036
5/22/2025 3:30:00 PM,14.715476
5/22/2025 3:35:00 PM,15.486520
5/22/2025 3:40:00 PM,17.999790
5/22/2025 3:45:00 PM,17.254536
5/22/2025 3:50:00 PM,17.015913
5/22/2025 3:55:00 PM,14.287093
5/22/2025 4:00:00 PM,8.288633
5/22/2025 4:05:00 PM,8.329380
5/22/2025 4:10:00 PM,8.606183
5/22/2025 4:15:00 PM,8.924600
5/22/2025 4:20:00 PM,12.018946
5/22/2025 4:25:00 PM,14.133473
5/22/2025 4:30:00 PM,18.959703
5/22/2025 4:35:00 PM,19.155466
5/22/2025 4:40:00 PM,23.535266
5/22/2025 4:45:00 PM,23.804473
5/22/2025 4:50:00 PM,21.824376
5/22/2025 4:55:00 PM,20.807043
5/22/2025 5:00:00 PM,15.154753
5/22/2025 5:05:00 PM,15.559863
5/22/2025 5:10:00 PM,14.129010
5/22/2025 5:15:00 PM,14.761773
5/22/2025 5:20:00 PM,13.636406
5/22/2025 5:25:00 PM,14.468903
5/22/2025 5:30:00 PM,20.448730
5/22/2025 5:35:00 PM,23.735863
5/22/2025 5:40:00 PM,25.251120
5/22/2025 5:45:00 PM,25.466543
5/22/2025 5:50:00 PM,31.824210
5/22/2025 5:55:00 PM,30.362913
5/22/2025 6:00:00 PM,19.561446
5/22/2025 6:05:00 PM,18.951003
5/22/2025 6:10:00 PM,20.118480
5/22/2025 6:15:00 PM,21.316613
5/22/2025 6:20:00 PM,24.496286
5/22/2025 6:25:00 PM,27.047393
5/22/2025 6:30:00 PM,33.189610
5/22/2025 6:35:00 PM,34.806460
5/22/2025 6:40:00 PM,37.709293
5/22/2025 6:45:00 PM,42.339146
5/22/2025 6:50:00 PM,45.463816
5/22/2025 6:55:00 PM,44.869760
5/22/2025 7:00:00 PM,26.590256
5/22/2025 7:05:00 PM,27.023526
5/22/2025 7:10:00 PM,29.519393
5/22/2025 7:15:00 PM,29.131600
5/22/2025 7:20:00 PM,30.212293
5/22/2025 7:25:00 PM,30.114196
5/22/2025 7:30:00 PM,32.232593
5/22/2025 7:35:00 PM,32.347316
5/22/2025 7:40:00 PM,32.693843
5/22/2025 7:45:00 PM,34.515170
5/22/2025 7:50:00 PM,34.595586
5/22/2025 7:55:00 PM,34.041486
5/22/2025 8:00:00 PM,34.013330
5/22/2025 8:05:00 PM,32.481493
5/22/2025 8:10:00 PM,32.474073
5/22/2025 8:15:00 PM,31.846903
5/22/2025 8:20:00 PM,31.723703
5/22/2025 8:25:00 PM,31.442893
5/22/2025 8:30:00 PM,31.600836
5/22/2025 8:35:00 PM,31.747976
5/22/2025 8:40:00 PM,32.048940
5/22/2025 8:45:00 PM,31.969280
5/22/2025 8:50:00 PM,31.528240
5/22/2025 8:55:00 PM,31.092793
5/22/2025 9:00:00 PM,30.401253
5/22/2025 9:05:00 PM,30.055766
5/22/2025 9:10:00 PM,30.240783
5/22/2025 9:15:00 PM,30.360933
5/22/2025 9:20:00 PM,30.053393
5/22/2025 9:25:00 PM,30.279616
5/22/2025 9:30:00 PM,30.607063
5/22/2025 9:35:00 PM,30.974563
5/22/2025 9:40:00 PM,32.070940
5/22/2025 9:45:00 PM,31.765270
5/22/2025 9:50:00 PM,31.594060
5/22/2025 9:55:00 PM,30.654303
5/22/2025 10:00:00 PM,33.750896
5/22/2025 10:05:00 PM,33.000093
5/22/2025 10:10:00 PM,33.564226
5/22/2025 10:15:00 PM,31.843170
5/22/2025 10:20:00 PM,31.982756
5/22/2025 10:25:00 PM,31.950816
5/22/2025 10:30:00 PM,31.863283
5/22/2025 10:35:00 PM,32.741653
5/22/2025 10:40:00 PM,32.730320
5/22/2025 10:45:00 PM,32.221520
5/22/2025 10:50:00 PM,31.962676
5/22/2025 10:55:00 PM,31.770373
5/22/2025 11:00:00 PM,33.281023
5/22/2025 11:05:00 PM,33.487923
5/22/2025 11:10:00 PM,34.112243
5/22/2025 11:15:00 PM,32.235010
5/22/2025 11:20:00 PM,35.793473
5/22/2025 11:25:00 PM,33.799433
5/22/2025 11:30:00 PM,35.237590
5/22/2025 11:35:00 PM,34.860040
5/22/2025 11:40:00 PM,32.284106
5/22/2025 11:45:00 PM,32.284106
5/22/2025 11:50:00 PM,33.205320
5/22/2025 11:55:00 PM,36.268566
5/23/2025 12:00:00 AM,35.094963
5/23/2025 12:05:00 AM,35.521560
5/23/2025 12:10:00 AM,35.319800
5/23/2025 12:15:00 AM,35.543083
5/23/2025 12:20:00 AM,36.239386
5/23/2025 12:25:00 AM,35.623633
5/23/2025 12:30:00 AM,35.676393
5/23/2025 12:35:00 AM,35.524260
5/23/2025 12:40:00 AM,35.657473
5/23/2025 12:45:00 AM,34.868656
5/23/2025 12:50:00 AM,35.261730
5/23/2025 12:55:00 AM,35.765616
5/23/2025 1:00:00 AM,35.986626
5/23/2025 1:05:00 AM,35.595143
5/23/2025 1:10:00 AM,35.413343
5/23/2025 1:15:00 AM,34.929336
5/23/2025 1:20:00 AM,34.080336
5/23/2025 1:25:00 AM,35.645120
5/23/2025 1:30:00 AM,35.931726
5/23/2025 1:35:00 AM,35.539900
5/23/2025 1:40:00 AM,35.165976
5/23/2025 1:45:00 AM,34.185063
5/23/2025 1:50:00 AM,34.512756
5/23/2025 1:55:00 AM,34.491020
5/23/2025 2:00:00 AM,33.189056
5/23/2025 2:05:00 AM,33.353430
5/23/2025 2:10:00 AM,32.751560
5/23/2025 2:15:00 AM,33.051883
5/23/2025 2:20:00 AM,33.143670
5/23/2025 2:25:00 AM,32.811090
5/23/2025 2:30:00 AM,32.543663
5/23/2025 2:35:00 AM,32.580393
5/23/2025 2:40:00 AM,31.864713
5/23/2025 2:45:00 AM,31.320996
5/23/2025 2:50:00 AM,30.903570
5/23/2025 2:55:00 AM,30.709663
5/23/2025 3:00:00 AM,29.427953
5/23/2025 3:05:00 AM,29.145403
5/23/2025 3:10:00 AM,28.160320
5/23/2025 3:15:00 AM,28.064143
5/23/2025 3:20:00 AM,28.304560
5/23/2025 3:25:00 AM,28.394590
5/23/2025 3:30:00 AM,28.051606
5/23/2025 3:35:00 AM,28.043426
5/23/2025 3:40:00 AM,28.063000
5/23/2025 3:45:00 AM,28.137256
5/23/2025 3:50:00 AM,28.068690
5/23/2025 3:55:00 AM,28.482863
5/23/2025 4:00:00 AM,28.015330
5/23/2025 4:05:00 AM,27.747826
5/23/2025 4:10:00 AM,28.272970
5/23/2025 4:15:00 AM,28.394770
5/23/2025 4:20:00 AM,28.756083
5/23/2025 4:25:00 AM,29.306953
5/23/2025 4:30:00 AM,29.848093
5/23/2025 4:35:00 AM,29.953746
5/23/2025 4:40:00 AM,30.715510
5/23/2025 4:45:00 AM,31.148730
5/23/2025 4:50:00 AM,30.896160
5/23/2025 4:55:00 AM,31.594710
5/23/2025 5:00:00 AM,25.500230
5/23/2025 5:05:00 AM,25.740423
5/23/2025 5:10:00 AM,26.941840
5/23/2025 5:15:00 AM,27.847700
5/23/2025 5:20:00 AM,28.681453
5/23/2025 5:25:00 AM,28.898880
5/23/2025 5:30:00 AM,28.979263
5/23/2025 5:35:00 AM,28.979263
5/23/2025 5:40:00 AM,29.096693
5/23/2025 5:45:00 AM,29.113760
5/23/2025 5:50:00 AM,30.004783
5/23/2025 5:55:00 AM,32.132820
5/23/2025 6:00:00 AM,36.783846
5/23/2025 6:05:00 AM,37.117676
5/23/2025 6:10:00 AM,36.939083
5/23/2025 6:15:00 AM,34.890650
5/23/2025 6:20:00 AM,32.413520
5/23/2025 6:25:00 AM,30.116616
5/23/2025 6:30:00 AM,28.483546
5/23/2025 6:35:00 AM,25.201320
5/23/2025 6:40:00 AM,24.372473
5/23/2025 6:45:00 AM,19.398936
5/23/2025 6:50:00 AM,15.192023
5/23/2025 6:55:00 AM,8.588560
5/23/2025 7:00:00 AM,20.988486
5/23/2025 7:05:00 AM,20.499016
5/23/2025 7:10:00 AM,19.928933
5/23/2025 7:15:00 AM,15.940470
5/23/2025 7:20:00 AM,15.521950
5/23/2025 7:25:00 AM,14.372843
5/23/2025 7:30:00 AM,12.279810
5/23/2025 7:35:00 AM,10.028606
5/23/2025 7:40:00 AM,10.480790
5/23/2025 7:45:00 AM,8.656073
5/23/2025 7:50:00 AM,7.574806
5/23/2025 7:55:00 AM,7.181146
5/23/2025 8:00:00 AM,10.161823
5/23/2025 8:05:00 AM,9.606333
5/23/2025 8:10:00 AM,9.507716
5/23/2025 8:15:00 AM,7.639413
5/23/2025 8:20:00 AM,5.984543
5/23/2025 8:25:00 AM,6.382786
5/23/2025 8:30:00 AM,7.675833
5/23/2025 8:35:00 AM,7.629676
5/23/2025 8:40:00 AM,7.551420
5/23/2025 8:45:00 AM,6.827496
5/23/2025 8:50:00 AM,5.740220
5/23/2025 8:55:00 AM,6.618223
5/23/2025 9:00:00 AM,5.314340
5/23/2025 9:05:00 AM,5.321210
5/23/2025 9:10:00 AM,5.351610
5/23/2025 9:15:00 AM,5.935770
5/23/2025 9:20:00 AM,5.387146
5/23/2025 9:25:00 AM,4.317080
5/23/2025 9:30:00 AM,4.630243
5/23/2025 9:35:00 AM,4.884126
5/23/2025 9:40:00 AM,3.925093
5/23/2025 9:45:00 AM,3.462406
5/23/2025 9:50:00 AM,3.000460
5/23/2025 9:55:00 AM,1.666756
5/23/2025 10:00:00 AM,7.733036
5/23/2025 10:05:00 AM,7.042150
5/23/2025 10:10:00 AM,7.048370
5/23/2025 10:15:00 AM,7.059360
5/23/2025 10:20:00 AM,5.515183
5/23/2025 10:25:00 AM,5.492806
5/23/2025 10:30:00 AM,0.805790
5/23/2025 10:35:00 AM,2.764610
5/23/2025 10:40:00 AM,1.622683
5/23/2025 10:45:00 AM,2.753243
5/23/2025 10:50:00 AM,2.587376
5/23/2025 10:55:00 AM,2.526486
5/23/2025 11:00:00 AM,3.044366
5/23/2025 11:05:00 AM,3.241513
5/23/2025 11:10:00 AM,3.396763
5/23/2025 11:15:00 AM,4.605390
5/23/2025 11:20:00 AM,1.958000
5/23/2025 11:25:00 AM,1.479750
5/23/2025 11:30:00 AM,1.789376
5/23/2025 11:35:00 AM,2.531763
5/23/2025 11:40:00 AM,2.709106
5/23/2025 11:45:00 AM,3.509493
5/23/2025 11:50:00 AM,3.436290
5/23/2025 11:55:00 AM,2.994850
5/23/2025 12:00:00 PM,6.092543
5/23/2025 12:05:00 PM,5.923466
5/23/2025 12:10:00 PM,5.982383
5/23/2025 12:15:00 PM,5.768896
5/23/2025 12:20:00 PM,5.970933
5/23/2025 12:25:00 PM,5.860630
5/23/2025 12:30:00 PM,5.550500
5/23/2025 12:35:00 PM,5.133316
5/23/2025 12:40:00 PM,5.593436
5/23/2025 12:45:00 PM,3.824740
5/23/2025 12:50:00 PM,3.940250
5/23/2025 12:55:00 PM,4.027766
5/23/2025 1:00:00 PM,5.255596
5/23/2025 1:05:00 PM,5.319216
5/23/2025 1:10:00 PM,5.394586
5/23/2025 1:15:00 PM,2.047903
5/23/2025 1:20:00 PM,1.208313
5/23/2025 1:25:00 PM,1.609936
5/23/2025 1:30:00 PM,2.525276
5/23/2025 1:35:00 PM,2.489746
5/23/2025 1:40:00 PM,2.572583
5/23/2025 1:45:00 PM,2.206793
5/23/2025 1:50:00 PM,2.810276
5/23/2025 1:55:00 PM,2.788840
5/23/2025 2:00:00 PM,3.440696
5/23/2025 2:05:00 PM,3.403213
5/23/2025 2:10:00 PM,3.152596
5/23/2025 2:15:00 PM,3.062433
5/23/2025 2:20:00 PM,3.092020
5/23/2025 2:25:00 PM,2.950100
5/23/2025 2:30:00 PM,6.072923
5/23/2025 2:35:00 PM,5.610963
5/23/2025 2:40:00 PM,5.587553
5/23/2025 2:45:00 PM,4.082306
5/23/2025 2:50:00 PM,3.999150
5/23/2025 2:55:00 PM,4.074500
5/23/2025 3:00:00 PM,6.474620
5/23/2025 3:05:00 PM,7.050686
5/23/2025 3:10:00 PM,6.430446
5/23/2025 3:15:00 PM,3.263606
5/23/2025 3:20:00 PM,4.931073
5/23/2025 3:25:00 PM,2.151500
5/23/2025 3:30:00 PM,5.991586
5/23/2025 3:35:00 PM,8.381886
5/23/2025 3:40:00 PM,8.507953
5/23/2025 3:45:00 PM,9.645816
5/23/2025 3:50:00 PM,10.095820
5/23/2025 3:55:00 PM,8.280930
5/23/2025 4:00:00 PM,3.946153
5/23/2025 4:05:00 PM,3.948623
5/23/2025 4:10:00 PM,3.823840
5/23/2025 4:15:00 PM,7.582343
5/23/2025 4:20:00 PM,8.793003
5/23/2025 4:25:00 PM,8.773893
5/23/2025 4:30:00 PM,10.632783
5/23/2025 4:35:00 PM,10.216123
5/23/2025 4:40:00 PM,10.726403
5/23/2025 4:45:00 PM,10.569953
5/23/2025 4:50:00 PM,11.419806
5/23/2025 4:55:00 PM,12.654673
5/23/2025 5:00:00 PM,8.204926
5/23/2025 5:05:00 PM,8.380696
5/23/2025 5:10:00 PM,14.372863
5/23/2025 5:15:00 PM,14.107410
5/23/2025 5:20:00 PM,20.200536
5/23/2025 5:25:00 PM,20.786366
5/23/2025 5:30:00 PM,25.700776
5/23/2025 5:35:00 PM,27.782570
5/23/2025 5:40:00 PM,28.381973
5/23/2025 5:45:00 PM,30.355623
5/23/2025 5:50:00 PM,31.414276
5/23/2025 5:55:00 PM,31.167750
5/23/2025 6:00:00 PM,18.663596
5/23/2025 6:05:00 PM,16.521313
5/23/2025 6:10:00 PM,20.708073
5/23/2025 6:15:00 PM,27.952273
5/23/2025 6:20:00 PM,29.991666
5/23/2025 6:25:00 PM,34.184530
5/23/2025 6:30:00 PM,35.286696
5/23/2025 6:35:00 PM,34.333193
5/23/2025 6:40:00 PM,39.222763
5/23/2025 6:45:00 PM,47.543920
5/23/2025 6:50:00 PM,52.737883
5/23/2025 6:55:00 PM,54.075463
5/23/2025 7:00:00 PM,31.562973
5/23/2025 7:05:00 PM,32.213953
5/23/2025 7:10:00 PM,35.045730
5/23/2025 7:15:00 PM,35.040646
5/23/2025 7:20:00 PM,37.797386
5/23/2025 7:25:00 PM,40.607183
5/23/2025 7:30:00 PM,36.051113
5/23/2025 7:35:00 PM,40.417903
5/23/2025 7:40:00 PM,40.611823
5/23/2025 7:45:00 PM,38.482013
5/23/2025 7:50:00 PM,38.587273
5/23/2025 7:55:00 PM,39.206013
5/23/2025 8:00:00 PM,36.030363
5/23/2025 8:05:00 PM,36.328000
5/23/2025 8:10:00 PM,34.518710
5/23/2025 8:15:00 PM,33.775546
5/23/2025 8:20:00 PM,33.944156
5/23/2025 8:25:00 PM,34.497146
5/23/2025 8:30:00 PM,36.072080
5/23/2025 8:35:00 PM,36.084983
5/23/2025 8:40:00 PM,38.629286
5/23/2025 8:45:00 PM,39.791973
5/23/2025 8:50:00 PM,40.087320
5/23/2025 8:55:00 PM,40.323403
5/23/2025 9:00:00 PM,38.166603
5/23/2025 9:05:00 PM,37.584433
5/23/2025 9:10:00 PM,35.243223
5/23/2025 9:15:00 PM,31.620426
5/23/2025 9:20:00 PM,35.067960
5/23/2025 9:25:00 PM,36.823050
5/23/2025 9:30:00 PM,35.689186
5/23/2025 9:35:00 PM,35.719750
5/23/2025 9:40:00 PM,35.320120
5/23/2025 9:45:00 PM,39.407576
5/23/2025 9:50:00 PM,39.572620
5/23/2025 9:55:00 PM,41.181100
5/23/2025 10:00:00 PM,43.129603
5/23/2025 10:05:00 PM,35.373543
5/23/2025 10:10:00 PM,42.735336
5/23/2025 10:15:00 PM,41.354436
5/23/2025 10:20:00 PM,46.528690
5/23/2025 10:25:00 PM,47.545150
5/23/2025 10:30:00 PM,52.834336
5/23/2025 10:35:00 PM,43.743550
5/23/2025 10:40:00 PM,41.519200
5/23/2025 10:45:00 PM,37.618180
5/23/2025 10:50:00 PM,39.610693
5/23/2025 10:55:00 PM,38.639353
5/23/2025 11:00:00 PM,38.037556
5/23/2025 11:05:00 PM,38.254700
5/23/2025 11:10:00 PM,35.432813
5/23/2025 11:15:00 PM,34.545500
5/23/2025 11:20:00 PM,35.373913
5/23/2025 11:25:00 PM,40.330540
5/23/2025 11:30:00 PM,39.267236
5/23/2025 11:35:00 PM,39.349660
5/23/2025 11:40:00 PM,39.972546
5/23/2025 11:45:00 PM,40.845256
5/23/2025 11:50:00 PM,42.707270
5/23/2025 11:55:00 PM,50.497093
5/24/2025 12:00:00 AM,43.967293
5/24/2025 12:05:00 AM,45.797863
5/24/2025 12:10:00 AM,42.149216
5/24/2025 12:15:00 AM,42.566780
5/24/2025 12:20:00 AM,42.896283
5/24/2025 12:25:00 AM,45.378043
5/24/2025 12:30:00 AM,45.341793
5/24/2025 12:35:00 AM,45.290163
5/24/2025 12:40:00 AM,45.283556
5/24/2025 12:45:00 AM,45.532626
5/24/2025 12:50:00 AM,46.300196
5/24/2025 12:55:00 AM,47.012993
5/24/2025 1:00:00 AM,50.320930
5/24/2025 1:05:00 AM,49.016906
5/24/2025 1:10:00 AM,47.111816
5/24/2025 1:15:00 AM,45.443093
5/24/2025 1:20:00 AM,45.433740
5/24/2025 1:25:00 AM,43.878306
5/24/2025 1:30:00 AM,43.863776
5/24/2025 1:35:00 AM,43.886076
5/24/2025 1:40:00 AM,42.756076
5/24/2025 1:45:00 AM,41.558306
5/24/2025 1:50:00 AM,41.950430
5/24/2025 1:55:00 AM,41.950430
5/24/2025 2:00:00 AM,45.307523
5/24/2025 2:05:00 AM,45.668960
5/24/2025 2:10:00 AM,43.444056
5/24/2025 2:15:00 AM,41.887253
5/24/2025 2:20:00 AM,40.354530
5/24/2025 2:25:00 AM,39.525906
5/24/2025 2:30:00 AM,39.017623
5/24/2025 2:35:00 AM,37.906383
5/24/2025 2:40:00 AM,35.815030
5/24/2025 2:45:00 AM,33.116173
5/24/2025 2:50:00 AM,32.829600
5/24/2025 2:55:00 AM,32.309783
5/24/2025 3:00:00 AM,39.875453
5/24/2025 3:05:00 AM,39.763660
5/24/2025 3:10:00 AM,36.704470
5/24/2025 3:15:00 AM,36.710926
5/24/2025 3:20:00 AM,39.435496
5/24/2025 3:25:00 AM,38.512093
5/24/2025 3:30:00 AM,38.752723
5/24/2025 3:35:00 AM,38.503393
5/24/2025 3:40:00 AM,38.022436
5/24/2025 3:45:00 AM,38.009480
5/24/2025 3:50:00 AM,38.115593
5/24/2025 3:55:00 AM,38.137180
5/24/2025 4:00:00 AM,36.941620
5/24/2025 4:05:00 AM,36.160340
5/24/2025 4:10:00 AM,36.859200
5/24/2025 4:15:00 AM,37.718773
5/24/2025 4:20:00 AM,38.648973
5/24/2025 4:25:00 AM,38.695060
5/24/2025 4:30:00 AM,38.418010
5/24/2025 4:35:00 AM,38.532313
5/24/2025 4:40:00 AM,39.125566
5/24/2025 4:45:00 AM,39.109770
5/24/2025 4:50:00 AM,41.375550
5/24/2025 4:55:00 AM,40.527736
5/24/2025 5:00:00 AM,36.746773
5/24/2025 5:05:00 AM,36.934973
5/24/2025 5:10:00 AM,37.532693
5/24/2025 5:15:00 AM,38.727943
5/24/2025 5:20:00 AM,39.505880
5/24/2025 5:25:00 AM,38.083056
5/24/2025 5:30:00 AM,37.349436
5/24/2025 5:35:00 AM,36.700246
5/24/2025 5:40:00 AM,37.317550
5/24/2025 5:45:00 AM,36.246546
5/24/2025 5:50:00 AM,37.206506
5/24/2025 5:55:00 AM,35.867060
5/24/2025 6:00:00 AM,41.405200
5/24/2025 6:05:00 AM,39.622120
5/24/2025 6:10:00 AM,40.255990
5/24/2025 6:15:00 AM,39.594950
5/24/2025 6:20:00 AM,36.345326
5/24/2025 6:25:00 AM,34.651583
5/24/2025 6:30:00 AM,34.566596
5/24/2025 6:35:00 AM,29.762906
5/24/2025 6:40:00 AM,23.919203
5/24/2025 6:45:00 AM,17.291953
5/24/2025 6:50:00 AM,12.536953
5/24/2025 6:55:00 AM,10.291796
5/24/2025 7:00:00 AM,17.243673
5/24/2025 7:05:00 AM,14.738996
5/24/2025 7:10:00 AM,16.307443
5/24/2025 7:15:00 AM,12.958156
5/24/2025 7:20:00 AM,9.813463
5/24/2025 7:25:00 AM,4.301723
5/24/2025 7:30:00 AM,3.870340
5/24/2025 7:35:00 AM,2.642653
5/24/2025 7:40:00 AM,2.539666
5/24/2025 7:45:00 AM,-1.700293
5/24/2025 7:50:00 AM,-2.840696
5/24/2025 7:55:00 AM,-2.297726
5/24/2025 8:00:00 AM,-0.009303
5/24/2025 8:05:00 AM,-0.092113
5/24/2025 8:10:00 AM,-1.670630
5/24/2025 8:15:00 AM,-2.093733
5/24/2025 8:20:00 AM,-2.046306
5/24/2025 8:25:00 AM,-2.206943
5/24/2025 8:30:00 AM,-1.828123
5/24/2025 8:35:00 AM,-1.832760
5/24/2025 8:40:00 AM,-1.845573
5/24/2025 8:45:00 AM,-1.592573
5/24/2025 8:50:00 AM,-1.527230
5/24/2025 8:55:00 AM,-1.589340
5/24/2025 9:00:00 AM,-1.290570
5/24/2025 9:05:00 AM,-1.820610
5/24/2025 9:10:00 AM,-1.949510
5/24/2025 9:15:00 AM,-1.887176
5/24/2025 9:20:00 AM,-1.935546
5/24/2025 9:25:00 AM,-2.252520
5/24/2025 9:30:00 AM,-3.583216
5/24/2025 9:35:00 AM,-3.562970
5/24/2025 9:40:00 AM,-3.745430
5/24/2025 9:45:00 AM,-5.326553
5/24/2025 9:50:00 AM,-6.538443
5/24/2025 9:55:00 AM,-4.442686
5/24/2025 10:00:00 AM,-3.100863
5/24/2025 10:05:00 AM,-3.828000
5/24/2025 10:10:00 AM,-3.818960
5/24/2025 10:15:00 AM,-5.452230
5/24/2025 10:20:00 AM,-7.604153
5/24/2025 10:25:00 AM,-8.040133
5/24/2025 10:30:00 AM,-11.029560
5/24/2025 10:35:00 AM,-10.315300
5/24/2025 10:40:00 AM,-8.103920
5/24/2025 10:45:00 AM,-8.151483
5/24/2025 10:50:00 AM,-8.129060
5/24/2025 10:55:00 AM,-10.594330
5/24/2025 11:00:00 AM,-9.945100
5/24/2025 11:05:00 AM,-10.337316
5/24/2025 11:10:00 AM,-10.348866
5/24/2025 11:15:00 AM,-11.152640
5/24/2025 11:20:00 AM,-10.885990
5/24/2025 11:25:00 AM,-10.649680
5/24/2025 11:30:00 AM,-11.122793
5/24/2025 11:35:00 AM,-11.226820
5/24/2025 11:40:00 AM,-11.213200
5/24/2025 11:45:00 AM,-11.392463
5/24/2025 11:50:00 AM,-11.514630
5/24/2025 11:55:00 AM,-12.495150
5/24/2025 12:00:00 PM,-15.191640
5/24/2025 12:05:00 PM,-15.119533
5/24/2025 12:10:00 PM,-15.126303
5/24/2025 12:15:00 PM,-14.870846
5/24/2025 12:20:00 PM,-14.900083
5/24/2025 12:25:00 PM,-14.968290
5/24/2025 12:30:00 PM,-12.665040
5/24/2025 12:35:00 PM,-12.745770
5/24/2025 12:40:00 PM,-12.722226
5/24/2025 12:45:00 PM,-15.236033
5/24/2025 12:50:00 PM,-15.107836
5/24/2025 12:55:00 PM,-15.478516
5/24/2025 1:00:00 PM,-14.865383
5/24/2025 1:05:00 PM,-14.615490
5/24/2025 1:10:00 PM,-14.378523
5/24/2025 1:15:00 PM,-13.491923
5/24/2025 1:20:00 PM,-13.696636
5/24/2025 1:25:00 PM,-13.739976
5/24/2025 1:30:00 PM,-13.565623
5/24/2025 1:35:00 PM,-12.492190
5/24/2025 1:40:00 PM,-12.504330
5/24/2025 1:45:00 PM,-12.858426
5/24/2025 1:50:00 PM,-12.832576
5/24/2025 1:55:00 PM,-12.527336
5/24/2025 2:00:00 PM,-12.825593
5/24/2025 2:05:00 PM,-12.824326
5/24/2025 2:10:00 PM,-12.813990
5/24/2025 2:15:00 PM,-12.946006
5/24/2025 2:20:00 PM,-12.819530
5/24/2025 2:25:00 PM,-12.550186
5/24/2025 2:30:00 PM,-12.723973
5/24/2025 2:35:00 PM,-12.732023
5/24/2025 2:40:00 PM,-12.512913
5/24/2025 2:45:00 PM,-12.833116
5/24/2025 2:50:00 PM,-12.955820
5/24/2025 2:55:00 PM,-12.917893
5/24/2025 3:00:00 PM,-12.866506
5/24/2025 3:05:00 PM,-12.726343
5/24/2025 3:10:00 PM,-10.632066
5/24/2025 3:15:00 PM,-11.603690
5/24/2025 3:20:00 PM,-11.364900
5/24/2025 3:25:00 PM,-10.965766
5/24/2025 3:30:00 PM,-10.878440
5/24/2025 3:35:00 PM,-10.428080
5/24/2025 3:40:00 PM,-8.758963
5/24/2025 3:45:00 PM,-8.276030
5/24/2025 3:50:00 PM,-8.266853
5/24/2025 3:55:00 PM,-8.201370
5/24/2025 4:00:00 PM,-10.450886
5/24/2025 4:05:00 PM,-10.407213
5/24/2025 4:10:00 PM,-11.557566
5/24/2025 4:15:00 PM,-9.151523
5/24/2025 4:20:00 PM,-11.100973
5/24/2025 4:25:00 PM,-9.097050
5/24/2025 4:30:00 PM,-8.360326
5/24/2025 4:35:00 PM,-8.240090
5/24/2025 4:40:00 PM,-5.775843
5/24/2025 4:45:00 PM,-4.634390
5/24/2025 4:50:00 PM,-3.428636
5/24/2025 4:55:00 PM,-3.694166
5/24/2025 5:00:00 PM,-5.143883
5/24/2025 5:05:00 PM,-6.457900
5/24/2025 5:10:00 PM,-5.776640
5/24/2025 5:15:00 PM,-5.854996
5/24/2025 5:20:00 PM,-2.975886
5/24/2025 5:25:00 PM,-2.285373
5/24/2025 5:30:00 PM,0.510383
5/24/2025 5:35:00 PM,1.802810
5/24/2025 5:40:00 PM,4.535163
5/24/2025 5:45:00 PM,4.661370
5/24/2025 5:50:00 PM,8.523863
5/24/2025 5:55:00 PM,8.727263
5/24/2025 6:00:00 PM,5.516780
5/24/2025 6:05:00 PM,6.198353
5/24/2025 6:10:00 PM,7.993610
5/24/2025 6:15:00 PM,10.857400
5/24/2025 6:20:00 PM,13.770926
5/24/2025 6:25:00 PM,24.022790
5/24/2025 6:30:00 PM,33.015330
5/24/2025 6:35:00 PM,35.150076
5/24/2025 6:40:00 PM,41.374246
5/24/2025 6:45:00 PM,49.797570
5/24/2025 6:50:00 PM,56.887936
5/24/2025 6:55:00 PM,69.331210
5/24/2025 7:00:00 PM,27.755866
5/24/2025 7:05:00 PM,29.291336
5/24/2025 7:10:00 PM,29.108493
5/24/2025 7:15:00 PM,31.020113
5/24/2025 7:20:00 PM,33.642403
5/24/2025 7:25:00 PM,32.570660
5/24/2025 7:30:00 PM,37.758640
5/24/2025 7:35:00 PM,38.807280
5/24/2025 7:40:00 PM,40.544516
5/24/2025 7:45:00 PM,41.072320
5/24/2025 7:50:00 PM,40.391096
5/24/2025 7:55:00 PM,40.295810
5/24/2025 8:00:00 PM,33.239900
5/24/2025 8:05:00 PM,30.795756
5/24/2025 8:10:00 PM,30.571960
5/24/2025 8:15:00 PM,31.005130
5/24/2025 8:20:00 PM,30.327876
5/24/2025 8:25:00 PM,30.689400
5/24/2025 8:30:00 PM,31.172326
5/24/2025 8:35:00 PM,30.798296
5/24/2025 8:40:00 PM,31.145370
5/24/2025 8:45:00 PM,31.448483
5/24/2025 8:50:00 PM,31.913640
5/24/2025 8:55:00 PM,33.719510
5/24/2025 9:00:00 PM,35.254116
5/24/2025 9:05:00 PM,33.993520
5/24/2025 9:10:00 PM,33.287846
5/24/2025 9:15:00 PM,32.236510
5/24/2025 9:20:00 PM,33.408996
5/24/2025 9:25:00 PM,33.303903
5/24/2025 9:30:00 PM,33.248763
5/24/2025 9:35:00 PM,33.432623
5/24/2025 9:40:00 PM,32.915300
5/24/2025 9:45:00 PM,33.903390
5/24/2025 9:50:00 PM,33.648293
5/24/2025 9:55:00 PM,31.330830
5/24/2025 10:00:00 PM,34.127303
5/24/2025 10:05:00 PM,33.520356
5/24/2025 10:10:00 PM,32.580626
5/24/2025 10:15:00 PM,31.259923
5/24/2025 10:20:00 PM,33.868633
5/24/2025 10:25:00 PM,34.529063
5/24/2025 10:30:00 PM,34.457010
5/24/2025 10:35:00 PM,34.721843
5/24/2025 10:40:00 PM,34.652166
5/24/2025 10:45:00 PM,35.375250
5/24/2025 10:50:00 PM,36.216520
5/24/2025 10:55:00 PM,36.571896
5/24/2025 11:00:00 PM,36.450160
5/24/2025 11:05:00 PM,35.896743
5/24/2025 11:10:00 PM,35.686940
5/24/2025 11:15:00 PM,36.597770
5/24/2025 11:20:00 PM,37.026153
5/24/2025 11:25:00 PM,37.130833
5/24/2025 11:30:00 PM,36.592416
5/24/2025 11:35:00 PM,37.438153
5/24/2025 11:40:00 PM,36.865426
5/24/2025 11:45:00 PM,36.683820
5/24/2025 11:50:00 PM,36.003873
5/24/2025 11:55:00 PM,35.595086
5/25/2025 12:00:00 AM,27.518650
5/25/2025 12:05:00 AM,27.676596
5/25/2025 12:10:00 AM,27.013450
5/25/2025 12:15:00 AM,26.982130
5/25/2025 12:20:00 AM,26.894346
5/25/2025 12:25:00 AM,26.728216
5/25/2025 12:30:00 AM,25.909533
5/25/2025 12:35:00 AM,25.761496
5/25/2025 12:40:00 AM,25.527166
5/25/2025 12:45:00 AM,25.078636
5/25/2025 12:50:00 AM,25.015966
5/25/2025 12:55:00 AM,25.015490
5/25/2025 1:00:00 AM,26.281876
5/25/2025 1:05:00 AM,26.281876
5/25/2025 1:10:00 AM,25.874380
5/25/2025 1:15:00 AM,25.926526
5/25/2025 1:20:00 AM,26.128676
5/25/2025 1:25:00 AM,26.033226
5/25/2025 1:30:00 AM,25.621310
5/25/2025 1:35:00 AM,25.203243
5/25/2025 1:40:00 AM,24.958343
5/25/2025 1:45:00 AM,24.677856
5/25/2025 1:50:00 AM,24.172110
5/25/2025 1:55:00 AM,24.109846
5/25/2025 2:00:00 AM,26.659743
5/25/2025 2:05:00 AM,26.659743
5/25/2025 2:10:00 AM,26.488120
5/25/2025 2:15:00 AM,26.390710
5/25/2025 2:20:00 AM,25.647840
5/25/2025 2:25:00 AM,25.175110
5/25/2025 2:30:00 AM,24.895200
5/25/2025 2:35:00 AM,24.383246
5/25/2025 2:40:00 AM,24.243780
5/25/2025 2:45:00 AM,23.829093
5/25/2025 2:50:00 AM,23.797203
5/25/2025 2:55:00 AM,23.797203
5/25/2025 3:00:00 AM,25.465896
5/25/2025 3:05:00 AM,25.467433
5/25/2025 3:10:00 AM,24.660566
5/25/2025 3:15:00 AM,25.049986
5/25/2025 3:20:00 AM,25.049986
5/25/2025 3:25:00 AM,25.336883
5/25/2025 3:30:00 AM,25.717386
5/25/2025 3:35:00 AM,28.881166
5/25/2025 3:40:00 AM,29.452946
5/25/2025 3:45:00 AM,29.047816
5/25/2025 3:50:00 AM,28.407926
5/25/2025 3:55:00 AM,29.047816
5/25/2025 4:00:00 AM,28.941053
5/25/2025 4:05:00 AM,28.941053
5/25/2025 4:10:00 AM,28.941053
5/25/2025 4:15:00 AM,28.978476
5/25/2025 4:20:00 AM,29.242666
5/25/2025 4:25:00 AM,32.089743
5/25/2025 4:30:00 AM,32.053346
5/25/2025 4:35:00 AM,32.281706
5/25/2025 4:40:00 AM,32.357376
5/25/2025 4:45:00 AM,32.221913
5/25/2025 4:50:00 AM,32.789206
5/25/2025 4:55:00 AM,34.451583
5/25/2025 5:00:00 AM,26.700656
5/25/2025 5:05:00 AM,29.664280
5/25/2025 5:10:00 AM,29.306640
5/25/2025 5:15:00 AM,29.321436
5/25/2025 5:20:00 AM,34.020790
5/25/2025 5:25:00 AM,31.499553
5/25/2025 5:30:00 AM,30.265216
5/25/2025 5:35:00 AM,30.279086
5/25/2025 5:40:00 AM,29.561513
5/25/2025 5:45:00 AM,29.008976
5/25/2025 5:50:00 AM,29.279433
5/25/2025 5:55:00 AM,29.825900
5/25/2025 6:00:00 AM,44.837703
5/25/2025 6:05:00 AM,44.005400
5/25/2025 6:10:00 AM,42.141886
5/25/2025 6:15:00 AM,37.244563
5/25/2025 6:20:00 AM,31.105110
5/25/2025 6:25:00 AM,25.009916
5/25/2025 6:30:00 AM,23.875766
5/25/2025 6:35:00 AM,15.493960
5/25/2025 6:40:00 AM,8.888726
5/25/2025 6:45:00 AM,7.936253
5/25/2025 6:50:00 AM,7.354790
5/25/2025 6:55:00 AM,3.154343
5/25/2025 7:00:00 AM,12.202180
5/25/2025 7:05:00 AM,1.887353
5/25/2025 7:10:00 AM,1.317933
5/25/2025 7:15:00 AM,-2.599436
5/25/2025 7:20:00 AM,-3.821856
5/25/2025 7:25:00 AM,-4.987816
5/25/2025 7:30:00 AM,-7.200003
5/25/2025 7:35:00 AM,-7.286206
5/25/2025 7:40:00 AM,-8.641886
5/25/2025 7:45:00 AM,-9.199386
5/25/2025 7:50:00 AM,-9.646283
5/25/2025 7:55:00 AM,-9.802306
5/25/2025 8:00:00 AM,-7.875316
5/25/2025 8:05:00 AM,-8.058500
5/25/2025 8:10:00 AM,-9.222916
5/25/2025 8:15:00 AM,-10.163493
5/25/2025 8:20:00 AM,-10.232720
5/25/2025 8:25:00 AM,-11.558993
5/25/2025 8:30:00 AM,-10.810550
5/25/2025 8:35:00 AM,-11.293433
5/25/2025 8:40:00 AM,-10.972680
5/25/2025 8:45:00 AM,-13.920793
5/25/2025 8:50:00 AM,-13.920626
5/25/2025 8:55:00 AM,-13.787420
5/25/2025 9:00:00 AM,-6.426880
5/25/2025 9:05:00 AM,-6.031530
5/25/2025 9:10:00 AM,-6.510896
5/25/2025 9:15:00 AM,-8.458253
5/25/2025 9:20:00 AM,-8.680970
5/25/2025 9:25:00 AM,-10.230886
5/25/2025 9:30:00 AM,-12.427136
5/25/2025 9:35:00 AM,-12.420363
5/25/2025 9:40:00 AM,-12.433910
5/25/2025 9:45:00 AM,-13.159443
5/25/2025 9:50:00 AM,-12.907573
5/25/2025 9:55:00 AM,-12.924156
5/25/2025 10:00:00 AM,-9.444556
5/25/2025 10:05:00 AM,-10.552763
5/25/2025 10:10:00 AM,-12.265500
5/25/2025 10:15:00 AM,-11.857820
5/25/2025 10:20:00 AM,-11.798826
5/25/2025 10:25:00 AM,-12.628683
5/25/2025 10:30:00 AM,-15.759586
5/25/2025 10:35:00 AM,-15.698200
5/25/2025 10:40:00 AM,-16.383736
5/25/2025 10:45:00 AM,-16.427253
5/25/2025 10:50:00 AM,-16.935316
5/25/2025 10:55:00 AM,-16.931876
5/25/2025 11:00:00 AM,-16.855573
5/25/2025 11:05:00 AM,-18.041956
5/25/2025 11:10:00 AM,-16.697983
5/25/2025 11:15:00 AM,-16.766580
5/25/2025 11:20:00 AM,-16.833946
5/25/2025 11:25:00 AM,-16.833843
5/25/2025 11:30:00 AM,-16.813256
5/25/2025 11:35:00 AM,-16.769403
5/25/2025 11:40:00 AM,-16.719280
5/25/2025 11:45:00 AM,-16.623740
5/25/2025 11:50:00 AM,-17.826846
5/25/2025 11:55:00 AM,-17.886320
5/25/2025 12:00:00 PM,-16.165803
5/25/2025 12:05:00 PM,-16.937490
5/25/2025 12:10:00 PM,-16.175186
5/25/2025 12:15:00 PM,-16.149273
5/25/2025 12:20:00 PM,-16.335806
5/25/2025 12:25:00 PM,-16.779643
5/25/2025 12:30:00 PM,-16.165890
5/25/2025 12:35:00 PM,-16.137116
5/25/2025 12:40:00 PM,-16.121783
5/25/2025 12:45:00 PM,-16.145090
5/25/2025 12:50:00 PM,-16.930210
5/25/2025 12:55:00 PM,-16.868140
5/25/2025 1:00:00 PM,-17.340676
5/25/2025 1:05:00 PM,-17.316370
5/25/2025 1:10:00 PM,-17.089900
5/25/2025 1:15:00 PM,-16.080453
5/25/2025 1:20:00 PM,-16.209660
5/25/2025 1:25:00 PM,-16.223393
5/25/2025 1:30:00 PM,-17.299990
5/25/2025 1:35:00 PM,-17.400036
5/25/2025 1:40:00 PM,-17.397720
5/25/2025 1:45:00 PM,-18.015700
5/25/2025 1:50:00 PM,-18.015700
5/25/2025 1:55:00 PM,-18.847113
5/25/2025 2:00:00 PM,-17.814936
5/25/2025 2:05:00 PM,-19.163873
5/25/2025 2:10:00 PM,-18.989253
5/25/2025 2:15:00 PM,-17.009736
5/25/2025 2:20:00 PM,-17.529826
5/25/2025 2:25:00 PM,-18.709440
5/25/2025 2:30:00 PM,-16.685670
5/25/2025 2:35:00 PM,-16.555563
5/25/2025 2:40:00 PM,-16.690913
5/25/2025 2:45:00 PM,-16.564546
5/25/2025 2:50:00 PM,-17.539260
5/25/2025 2:55:00 PM,-17.464646
5/25/2025 3:00:00 PM,-19.007476
5/25/2025 3:05:00 PM,-18.675520
5/25/2025 3:10:00 PM,-15.405193
5/25/2025 3:15:00 PM,-14.793610
5/25/2025 3:20:00 PM,-14.523973
5/25/2025 3:25:00 PM,-14.451263
5/25/2025 3:30:00 PM,-14.555743
5/25/2025 3:35:00 PM,-14.845923
5/25/2025 3:40:00 PM,-15.319053
5/25/2025 3:45:00 PM,-14.259816
5/25/2025 3:50:00 PM,-14.156733
5/25/2025 3:55:00 PM,-15.432670
5/25/2025 4:00:00 PM,-14.609736
5/25/2025 4:05:00 PM,-14.615930
5/25/2025 4:10:00 PM,-14.589163
5/25/2025 4:15:00 PM,-14.765410
5/25/2025 4:20:00 PM,-14.346816
5/25/2025 4:25:00 PM,-14.656306
5/25/2025 4:30:00 PM,-13.217346
5/25/2025 4:35:00 PM,-13.934373
5/25/2025 4:40:00 PM,-11.892840
5/25/2025 4:45:00 PM,-11.143843
5/25/2025 4:50:00 PM,-11.829496
5/25/2025 4:55:00 PM,-12.303556
5/25/2025 5:00:00 PM,-15.082890
5/25/2025 5:05:00 PM,-14.305930
5/25/2025 5:10:00 PM,-13.852030
5/25/2025 5:15:00 PM,-9.382873
5/25/2025 5:20:00 PM,-8.400513
5/25/2025 5:25:00 PM,-7.253643
5/25/2025 5:30:00 PM,-4.722440
5/25/2025 5:35:00 PM,-0.522056
5/25/2025 5:40:00 PM,0.464370
5/25/2025 5:45:00 PM,7.187216
5/25/2025 5:50:00 PM,8.406163
5/25/2025 5:55:00 PM,10.231880
5/25/2025 6:00:00 PM,0.393546
5/25/2025 6:05:00 PM,2.623696
5/25/2025 6:10:00 PM,3.312030
5/25/2025 6:15:00 PM,6.171000
5/25/2025 6:20:00 PM,12.607563
5/25/2025 6:25:00 PM,15.370306
5/25/2025 6:30:00 PM,20.776696
5/25/2025 6:35:00 PM,25.601286
5/25/2025 6:40:00 PM,26.461583
5/25/2025 6:45:00 PM,28.544443
5/25/2025 6:50:00 PM,33.115106
5/25/2025 6:55:00 PM,36.973240
5/25/2025 7:00:00 PM,19.814796
5/25/2025 7:05:00 PM,21.454633
5/25/2025 7:10:00 PM,24.570510
5/25/2025 7:15:00 PM,23.216640
5/25/2025 7:20:00 PM,26.430020
5/25/2025 7:25:00 PM,26.874863
5/25/2025 7:30:00 PM,27.525350
5/25/2025 7:35:00 PM,27.525350
5/25/2025 7:40:00 PM,28.051273
5/25/2025 7:45:00 PM,27.797560
5/25/2025 7:50:00 PM,27.823676
5/25/2025 7:55:00 PM,28.070133
5/25/2025 8:00:00 PM,26.256303
5/25/2025 8:05:00 PM,25.692743
5/25/2025 8:10:00 PM,25.692743
5/25/2025 8:15:00 PM,25.497330
5/25/2025 8:20:00 PM,25.500363
5/25/2025 8:25:00 PM,25.387060
5/25/2025 8:30:00 PM,25.696776
5/25/2025 8:35:00 PM,25.696776
5/25/2025 8:40:00 PM,25.304466
5/25/2025 8:45:00 PM,24.873396
5/25/2025 8:50:00 PM,24.890320
5/25/2025 8:55:00 PM,24.502796
5/25/2025 9:00:00 PM,25.219216
5/25/2025 9:05:00 PM,25.396263
5/25/2025 9:10:00 PM,25.005423
5/25/2025 9:15:00 PM,24.405406
5/25/2025 9:20:00 PM,24.456896
5/25/2025 9:25:00 PM,24.458853
5/25/2025 9:30:00 PM,24.121680
5/25/2025 9:35:00 PM,23.821800
5/25/2025 9:40:00 PM,23.645190
5/25/2025 9:45:00 PM,23.301426
5/25/2025 9:50:00 PM,22.915290
5/25/2025 9:55:00 PM,22.437133
5/25/2025 10:00:00 PM,23.220066
5/25/2025 10:05:00 PM,23.109920
5/25/2025 10:10:00 PM,22.996763
5/25/2025 10:15:00 PM,22.594520
5/25/2025 10:20:00 PM,23.084140
5/25/2025 10:25:00 PM,23.346813
5/25/2025 10:30:00 PM,23.460713
5/25/2025 10:35:00 PM,23.493880
5/25/2025 10:40:00 PM,23.651393
5/25/2025 10:45:00 PM,23.822683
5/25/2025 10:50:00 PM,23.795910
5/25/2025 10:55:00 PM,24.042753
5/25/2025 11:00:00 PM,22.858620
5/25/2025 11:05:00 PM,24.017163
5/25/2025 11:10:00 PM,23.544566
5/25/2025 11:15:00 PM,22.280126
5/25/2025 11:20:00 PM,22.126080
5/25/2025 11:25:00 PM,22.104746
5/25/2025 11:30:00 PM,23.695300
5/25/2025 11:35:00 PM,23.736650
5/25/2025 11:40:00 PM,24.070300
5/25/2025 11:45:00 PM,23.367936
5/25/2025 11:50:00 PM,23.366836
5/25/2025 11:55:00 PM,23.537513
5/26/2025 12:00:00 AM,22.163826
5/26/2025 12:05:00 AM,23.046216
5/26/2025 12:10:00 AM,21.100546
5/26/2025 12:15:00 AM,21.530280
5/26/2025 12:20:00 AM,22.855883
5/26/2025 12:25:00 AM,23.202303
5/26/2025 12:30:00 AM,23.027916
5/26/2025 12:35:00 AM,22.374653
5/26/2025 12:40:00 AM,21.872216
5/26/2025 12:45:00 AM,21.919450
5/26/2025 12:50:00 AM,19.544646
5/26/2025 12:55:00 AM,20.225900
5/26/2025 1:00:00 AM,21.324493
5/26/2025 1:05:00 AM,20.121906
5/26/2025 1:10:00 AM,19.790626
5/26/2025 1:15:00 AM,21.033493
5/26/2025 1:20:00 AM,20.849463
5/26/2025 1:25:00 AM,20.314193
5/26/2025 1:30:00 AM,20.001376
5/26/2025 1:35:00 AM,20.001376
5/26/2025 1:40:00 AM,19.987823
5/26/2025 1:45:00 AM,19.860163
5/26/2025 1:50:00 AM,19.768123
5/26/2025 1:55:00 AM,19.438750
5/26/2025 2:00:00 AM,19.912623
5/26/2025 2:05:00 AM,20.369060
5/26/2025 2:10:00 AM,20.869193
5/26/2025 2:15:00 AM,20.710166
5/26/2025 2:20:00 AM,21.338553
5/26/2025 2:25:00 AM,21.641046
5/26/2025 2:30:00 AM,23.698156
5/26/2025 2:35:00 AM,23.698156
5/26/2025 2:40:00 AM,23.886110
5/26/2025 2:45:00 AM,23.922026
5/26/2025 2:50:00 AM,23.108463
5/26/2025 2:55:00 AM,23.271043
5/26/2025 3:00:00 AM,18.837340
5/26/2025 3:05:00 AM,18.373030
5/26/2025 3:10:00 AM,16.450610
5/26/2025 3:15:00 AM,16.259990
5/26/2025 3:20:00 AM,15.159543
5/26/2025 3:25:00 AM,15.059553
5/26/2025 3:30:00 AM,12.548036
5/26/2025 3:35:00 AM,12.495213
5/26/2025 3:40:00 AM,12.495213
5/26/2025 3:45:00 AM,13.535806
5/26/2025 3:50:00 AM,14.182630
5/26/2025 3:55:00 AM,15.803140
5/26/2025 4:00:00 AM,16.125556
5/26/2025 4:05:00 AM,16.267363
5/26/2025 4:10:00 AM,18.545986
5/26/2025 4:15:00 AM,18.285676
5/26/2025 4:20:00 AM,17.062973
5/26/2025 4:25:00 AM,18.649310
5/26/2025 4:30:00 AM,19.353306
5/26/2025 4:35:00 AM,19.353306
5/26/2025 4:40:00 AM,19.366860
5/26/2025 4:45:00 AM,19.107090
5/26/2025 4:50:00 AM,19.195946
5/26/2025 4:55:00 AM,20.739436
5/26/2025 5:00:00 AM,13.631186
5/26/2025 5:05:00 AM,13.786863
5/26/2025 5:10:00 AM,13.810680
5/26/2025 5:15:00 AM,13.897080
5/26/2025 5:20:00 AM,13.850050
5/26/2025 5:25:00 AM,13.962446
5/26/2025 5:30:00 AM,13.991656
5/26/2025 5:35:00 AM,15.114793
5/26/2025 5:40:00 AM,14.036746
5/26/2025 5:45:00 AM,13.165823
5/26/2025 5:50:00 AM,13.738593
5/26/2025 5:55:00 AM,13.898996
5/26/2025 6:00:00 AM,25.238796
5/26/2025 6:05:00 AM,24.678603
5/26/2025 6:10:00 AM,21.090026
5/26/2025 6:15:00 AM,18.060103
5/26/2025 6:20:00 AM,15.331353
5/26/2025 6:25:00 AM,10.427723
5/26/2025 6:30:00 AM,11.538256
5/26/2025 6:35:00 AM,8.254190
5/26/2025 6:40:00 AM,7.852260
5/26/2025 6:45:00 AM,6.748070
5/26/2025 6:50:00 AM,5.131393
5/26/2025 6:55:00 AM,4.970623
5/26/2025 7:00:00 AM,9.000486
5/26/2025 7:05:00 AM,7.083866
5/26/2025 7:10:00 AM,7.064306
5/26/2025 7:15:00 AM,5.802893
5/26/2025 7:20:00 AM,-3.756263
5/26/2025 7:25:00 AM,-7.316420
5/26/2025 7:30:00 AM,-3.364380
5/26/2025 7:35:00 AM,-6.072293
5/26/2025 7:40:00 AM,-9.669476
5/26/2025 7:45:00 AM,-10.595430
5/26/2025 7:50:00 AM,-12.579716
5/26/2025 7:55:00 AM,-15.960426
5/26/2025 8:00:00 AM,-12.465483
5/26/2025 8:05:00 AM,-11.868243
5/26/2025 8:10:00 AM,-12.052080
5/26/2025 8:15:00 AM,-12.608186
5/26/2025 8:20:00 AM,-12.019370
5/26/2025 8:25:00 AM,-14.588376
5/26/2025 8:30:00 AM,-11.967253
5/26/2025 8:35:00 AM,-11.742466
5/26/2025 8:40:00 AM,-12.015423
5/26/2025 8:45:00 AM,-11.989163
5/26/2025 8:50:00 AM,-11.960920
5/26/2025 8:55:00 AM,-12.038240
5/26/2025 9:00:00 AM,-11.586823
5/26/2025 9:05:00 AM,-11.167176
5/26/2025 9:10:00 AM,-11.167176
5/26/2025 9:15:00 AM,-12.110943
5/26/2025 9:20:00 AM,-12.818663
5/26/2025 9:25:00 AM,-12.340226
5/26/2025 9:30:00 AM,-12.626303
5/26/2025 9:35:00 AM,-13.754120
5/26/2025 9:40:00 AM,-13.133353
5/26/2025 9:45:00 AM,-13.835740
5/26/2025 9:50:00 AM,-13.324080
5/26/2025 9:55:00 AM,-13.522473
5/26/2025 10:00:00 AM,-10.308810
5/26/2025 10:05:00 AM,-10.069250
5/26/2025 10:10:00 AM,-10.464500
5/26/2025 10:15:00 AM,-10.926953
5/26/2025 10:20:00 AM,-11.989803
5/26/2025 10:25:00 AM,-11.826953
5/26/2025 10:30:00 AM,-12.000266
5/26/2025 10:35:00 AM,-12.093126
5/26/2025 10:40:00 AM,-12.083013
5/26/2025 10:45:00 AM,-13.614006
5/26/2025 10:50:00 AM,-14.061060
5/26/2025 10:55:00 AM,-14.000443
5/26/2025 11:00:00 AM,-12.890043
5/26/2025 11:05:00 AM,-12.533436
5/26/2025 11:10:00 AM,-13.014226
5/26/2025 11:15:00 AM,-14.211220
5/26/2025 11:20:00 AM,-13.047036
5/26/2025 11:25:00 AM,-12.854346
5/26/2025 11:30:00 AM,-13.538430
5/26/2025 11:35:00 AM,-12.958623
5/26/2025 11:40:00 AM,-12.187120
5/26/2025 11:45:00 AM,-14.322426
5/26/2025 11:50:00 AM,-15.288826
5/26/2025 11:55:00 AM,-14.124916
5/26/2025 12:00:00 PM,-12.392996
5/26/2025 12:05:00 PM,-13.326983
5/26/2025 12:10:00 PM,-12.494963
5/26/2025 12:15:00 PM,-12.128676
5/26/2025 12:20:00 PM,-12.449673
5/26/2025 12:25:00 PM,-12.564863
5/26/2025 12:30:00 PM,-12.505380
5/26/2025 12:35:00 PM,-12.505320
5/26/2025 12:40:00 PM,-12.087936
5/26/2025 12:45:00 PM,-11.807086
5/26/2025 12:50:00 PM,-12.155513
5/26/2025 12:55:00 PM,-12.138296
5/26/2025 1:00:00 PM,-12.294306
5/26/2025 1:05:00 PM,-12.533000
5/26/2025 1:10:00 PM,-12.182480
5/26/2025 1:15:00 PM,-14.575996
5/26/2025 1:20:00 PM,-15.035870
5/26/2025 1:25:00 PM,-13.995693
5/26/2025 1:30:00 PM,-12.887260
5/26/2025 1:35:00 PM,-12.963916
5/26/2025 1:40:00 PM,-12.331833
5/26/2025 1:45:00 PM,-12.308803
5/26/2025 1:50:00 PM,-11.496280
5/26/2025 1:55:00 PM,-10.572586
5/26/2025 2:00:00 PM,-13.975330
5/26/2025 2:05:00 PM,-14.302100
5/26/2025 2:10:00 PM,-12.094443
5/26/2025 2:15:00 PM,-14.033123
5/26/2025 2:20:00 PM,-14.627026
5/26/2025 2:25:00 PM,-11.542110
5/26/2025 2:30:00 PM,-11.926400
5/26/2025 2:35:00 PM,-9.087200
5/26/2025 2:40:00 PM,-5.948143
5/26/2025 2:45:00 PM,-5.922013
5/26/2025 2:50:00 PM,-5.878780
5/26/2025 2:55:00 PM,-5.454693
5/26/2025 3:00:00 PM,-5.425710
5/26/2025 3:05:00 PM,-5.625956
5/26/2025 3:10:00 PM,-5.447206
5/26/2025 3:15:00 PM,-5.125480
5/26/2025 3:20:00 PM,-5.561973
5/26/2025 3:25:00 PM,-5.993056
5/26/2025 3:30:00 PM,-0.918503
5/26/2025 3:35:00 PM,-0.237666
5/26/2025 3:40:00 PM,-0.041426
5/26/2025 3:45:00 PM,-2.231526
5/26/2025 3:50:00 PM,-3.188706
5/26/2025 3:55:00 PM,-4.223716
5/26/2025 4:00:00 PM,-6.126150
5/26/2025 4:05:00 PM,-6.108746
5/26/2025 4:10:00 PM,-6.604183
5/26/2025 4:15:00 PM,-6.479153
5/26/2025 4:20:00 PM,-6.491003
5/26/2025 4:25:00 PM,-6.733143
5/26/2025 4:30:00 PM,-6.831866
5/26/2025 4:35:00 PM,-6.240010
5/26/2025 4:40:00 PM,-4.699550
5/26/2025 4:45:00 PM,-1.057516
5/26/2025 4:50:00 PM,-0.304213
5/26/2025 4:55:00 PM,-0.271176
5/26/2025 5:00:00 PM,-0.561770
5/26/2025 5:05:00 PM,-2.488196
5/26/2025 5:10:00 PM,-0.796500
5/26/2025 5:15:00 PM,-0.382423
5/26/2025 5:20:00 PM,2.038730
5/26/2025 5:25:00 PM,3.266883
5/26/2025 5:30:00 PM,6.544516
5/26/2025 5:35:00 PM,10.301593
5/26/2025 5:40:00 PM,15.063366
5/26/2025 5:45:00 PM,16.142400
5/26/2025 5:50:00 PM,17.599166
5/26/2025 5:55:00 PM,17.484073
5/26/2025 6:00:00 PM,9.661770
5/26/2025 6:05:00 PM,10.751873
5/26/2025 6:10:00 PM,9.650093
5/26/2025 6:15:00 PM,11.293370
5/26/2025 6:20:00 PM,13.763963
5/26/2025 6:25:00 PM,17.067876
5/26/2025 6:30:00 PM,24.530216
5/26/2025 6:35:00 PM,25.801663
5/26/2025 6:40:00 PM,27.808716
5/26/2025 6:45:00 PM,33.349226
5/26/2025 6:50:00 PM,37.252290
5/26/2025 6:55:00 PM,40.225223
5/26/2025 7:00:00 PM,22.321226
5/26/2025 7:05:00 PM,24.961726
5/26/2025 7:10:00 PM,28.350366
5/26/2025 7:15:00 PM,29.186913
5/26/2025 7:20:00 PM,29.976630
5/26/2025 7:25:00 PM,32.240193
5/26/2025 7:30:00 PM,35.289973
5/26/2025 7:35:00 PM,35.699473
5/26/2025 7:40:00 PM,35.753443
5/26/2025 7:45:00 PM,36.357766
5/26/2025 7:50:00 PM,37.044893
5/26/2025 7:55:00 PM,37.420046
5/26/2025 8:00:00 PM,30.833716
5/26/2025 8:05:00 PM,29.852620
5/26/2025 8:10:00 PM,29.852620
5/26/2025 8:15:00 PM,29.669006
5/26/2025 8:20:00 PM,28.876223
5/26/2025 8:25:00 PM,28.876223
5/26/2025 8:30:00 PM,29.537970
5/26/2025 8:35:00 PM,30.053953
5/26/2025 8:40:00 PM,29.185146
5/26/2025 8:45:00 PM,29.380920
5/26/2025 8:50:00 PM,28.843670
5/26/2025 8:55:00 PM,30.087943
5/26/2025 9:00:00 PM,36.135950
5/26/2025 9:05:00 PM,36.431606
5/26/2025 9:10:00 PM,35.699343
5/26/2025 9:15:00 PM,35.580650
5/26/2025 9:20:00 PM,35.567190
5/26/2025 9:25:00 PM,34.648250
5/26/2025 9:30:00 PM,33.669316
5/26/2025 9:35:00 PM,32.642713
5/26/2025 9:40:00 PM,31.625206
5/26/2025 9:45:00 PM,31.027873
5/26/2025 9:50:00 PM,31.182750
5/26/2025 9:55:00 PM,31.516573
5/26/2025 10:00:00 PM,31.584700
5/26/2025 10:05:00 PM,31.390193
5/26/2025 10:10:00 PM,30.895983
5/26/2025 10:15:00 PM,30.010000
5/26/2025 10:20:00 PM,31.233873
5/26/2025 10:25:00 PM,31.464243
5/26/2025 10:30:00 PM,31.655516
5/26/2025 10:35:00 PM,31.939493
5/26/2025 10:40:00 PM,32.753983
5/26/2025 10:45:00 PM,32.742696
5/26/2025 10:50:00 PM,33.536380
5/26/2025 10:55:00 PM,34.107630
5/26/2025 11:00:00 PM,34.143346
5/26/2025 11:05:00 PM,34.955620
5/26/2025 11:10:00 PM,34.271123
5/26/2025 11:15:00 PM,33.378270
5/26/2025 11:20:00 PM,32.206033
5/26/2025 11:25:00 PM,33.163730
5/26/2025 11:30:00 PM,33.839283
5/26/2025 11:35:00 PM,33.739443
5/26/2025 11:40:00 PM,32.778096
5/26/2025 11:45:00 PM,31.066706
5/26/2025 11:50:00 PM,31.347110
5/26/2025 11:55:00 PM,31.926853
5/27/2025 12:00:00 AM,35.730840
5/27/2025 12:05:00 AM,32.345716
5/27/2025 12:10:00 AM,32.523976
5/27/2025 12:15:00 AM,32.758940
5/27/2025 12:20:00 AM,31.874616
5/27/2025 12:25:00 AM,31.937296
5/27/2025 12:30:00 AM,32.242736
5/27/2025 12:35:00 AM,32.156543
5/27/2025 12:40:00 AM,31.645133
5/27/2025 12:45:00 AM,31.268353
5/27/2025 12:50:00 AM,31.244526
5/27/2025 12:55:00 AM,31.604376
5/27/2025 1:00:00 AM,32.072993
5/27/2025 1:05:00 AM,32.262820
5/27/2025 1:10:00 AM,31.863446
5/27/2025 1:15:00 AM,30.778036
5/27/2025 1:20:00 AM,30.308450
5/27/2025 1:25:00 AM,30.756366
5/27/2025 1:30:00 AM,31.423773
5/27/2025 1:35:00 AM,31.107813
5/27/2025 1:40:00 AM,31.314510
5/27/2025 1:45:00 AM,31.047393
5/27/2025 1:50:00 AM,31.464550
5/27/2025 1:55:00 AM,31.557706
5/27/2025 2:00:00 AM,31.827663
5/27/2025 2:05:00 AM,31.964530
5/27/2025 2:10:00 AM,31.453690
5/27/2025 2:15:00 AM,31.562043
5/27/2025 2:20:00 AM,31.446443
5/27/2025 2:25:00 AM,31.466576
5/27/2025 2:30:00 AM,30.038290
5/27/2025 2:35:00 AM,31.076126
5/27/2025 2:40:00 AM,31.135276
5/27/2025 2:45:00 AM,31.122966
5/27/2025 2:50:00 AM,31.603660
5/27/2025 2:55:00 AM,32.413506
5/27/2025 3:00:00 AM,32.892976
5/27/2025 3:05:00 AM,31.473620
5/27/2025 3:10:00 AM,31.089370
5/27/2025 3:15:00 AM,31.195726
5/27/2025 3:20:00 AM,32.344220
5/27/2025 3:25:00 AM,32.434916
5/27/2025 3:30:00 AM,32.660433
5/27/2025 3:35:00 AM,32.660433
5/27/2025 3:40:00 AM,32.660433
5/27/2025 3:45:00 AM,32.660433
5/27/2025 3:50:00 AM,32.188843
5/27/2025 3:55:00 AM,32.188843
5/27/2025 4:00:00 AM,31.691223
5/27/2025 4:05:00 AM,31.252480
5/27/2025 4:10:00 AM,31.440346
5/27/2025 4:15:00 AM,28.880766
5/27/2025 4:20:00 AM,31.696543
5/27/2025 4:25:00 AM,31.696543
5/27/2025 4:30:00 AM,31.901043
5/27/2025 4:35:00 AM,31.484696
5/27/2025 4:40:00 AM,32.712250
5/27/2025 4:45:00 AM,32.751730
5/27/2025 4:50:00 AM,32.386440
5/27/2025 4:55:00 AM,32.991940
5/27/2025 5:00:00 AM,24.955390
5/27/2025 5:05:00 AM,24.801410
5/27/2025 5:10:00 AM,26.092340
5/27/2025 5:15:00 AM,26.580436
5/27/2025 5:20:00 AM,27.908723
5/27/2025 5:25:00 AM,28.839633
5/27/2025 5:30:00 AM,27.094446
5/27/2025 5:35:00 AM,27.437690
5/27/2025 5:40:00 AM,27.437690
5/27/2025 5:45:00 AM,29.863366
5/27/2025 5:50:00 AM,30.594036
5/27/2025 5:55:00 AM,29.660670
5/27/2025 6:00:00 AM,35.152826
5/27/2025 6:05:00 AM,34.851916
5/27/2025 6:10:00 AM,34.970146
5/27/2025 6:15:00 AM,34.358000
5/27/2025 6:20:00 AM,33.243443
5/27/2025 6:25:00 AM,28.312100
5/27/2025 6:30:00 AM,27.736443
5/27/2025 6:35:00 AM,26.173760
5/27/2025 6:40:00 AM,24.734470
5/27/2025 6:45:00 AM,19.855640
5/27/2025 6:50:00 AM,18.082983
5/27/2025 6:55:00 AM,16.177843
5/27/2025 7:00:00 AM,17.217793
5/27/2025 7:05:00 AM,12.366496
5/27/2025 7:10:00 AM,10.849223
5/27/2025 7:15:00 AM,11.082333
5/27/2025 7:20:00 AM,11.397296
5/27/2025 7:25:00 AM,9.026893
5/27/2025 7:30:00 AM,10.579350
5/27/2025 7:35:00 AM,8.987173
5/27/2025 7:40:00 AM,8.579300
5/27/2025 7:45:00 AM,8.077220
5/27/2025 7:50:00 AM,7.999030
5/27/2025 7:55:00 AM,8.052533
5/27/2025 8:00:00 AM,9.313290
5/27/2025 8:05:00 AM,9.222560
5/27/2025 8:10:00 AM,9.738730
5/27/2025 8:15:00 AM,9.581866
5/27/2025 8:20:00 AM,9.394293
5/27/2025 8:25:00 AM,8.852173
5/27/2025 8:30:00 AM,10.628633
5/27/2025 8:35:00 AM,10.025213
5/27/2025 8:40:00 AM,10.291423
5/27/2025 8:45:00 AM,9.147666
5/27/2025 8:50:00 AM,9.219703
5/27/2025 8:55:00 AM,8.681546
5/27/2025 9:00:00 AM,12.309976
5/27/2025 9:05:00 AM,11.163056
5/27/2025 9:10:00 AM,10.569136
5/27/2025 9:15:00 AM,12.602600
5/27/2025 9:20:00 AM,12.277996
5/27/2025 9:25:00 AM,12.948210
5/27/2025 9:30:00 AM,10.307960
5/27/2025 9:35:00 AM,10.261336
5/27/2025 9:40:00 AM,10.024246
5/27/2025 9:45:00 AM,8.530870
5/27/2025 9:50:00 AM,8.283216
5/27/2025 9:55:00 AM,8.326000
5/27/2025 10:00:00 AM,12.595630
5/27/2025 10:05:00 AM,12.676950
5/27/2025 10:10:00 AM,13.297726
5/27/2025 10:15:00 AM,12.663820
5/27/2025 10:20:00 AM,11.635980
5/27/2025 10:25:00 AM,12.082550
5/27/2025 10:30:00 AM,12.021920
5/27/2025 10:35:00 AM,11.802633
5/27/2025 10:40:00 AM,10.779746
5/27/2025 10:45:00 AM,9.944516
5/27/2025 10:50:00 AM,10.146483
5/27/2025 10:55:00 AM,9.419326
5/27/2025 11:00:00 AM,5.863920
5/27/2025 11:05:00 AM,5.782293
5/27/2025 11:10:00 AM,5.654100
5/27/2025 11:15:00 AM,5.943473
5/27/2025 11:20:00 AM,5.740230
5/27/2025 11:25:00 AM,5.835610
5/27/2025 11:30:00 AM,9.278673
5/27/2025 11:35:00 AM,9.128620
5/27/2025 11:40:00 AM,9.482036
5/27/2025 11:45:00 AM,8.874020
5/27/2025 11:50:00 AM,9.089893
5/27/2025 11:55:00 AM,9.074190
5/27/2025 12:00:00 PM,10.645326
5/27/2025 12:05:00 PM,10.905863
5/27/2025 12:10:00 PM,11.136770
5/27/2025 12:15:00 PM,11.319193
5/27/2025 12:20:00 PM,10.452326
5/27/2025 12:25:00 PM,8.894080
5/27/2025 12:30:00 PM,9.033210
5/27/2025 12:35:00 PM,9.104160
5/27/2025 12:40:00 PM,9.024090
5/27/2025 12:45:00 PM,9.035953
5/27/2025 12:50:00 PM,6.091366
5/27/2025 12:55:00 PM,6.172950
5/27/2025 1:00:00 PM,4.306803
5/27/2025 1:05:00 PM,4.759926
5/27/2025 1:10:00 PM,5.241886
5/27/2025 1:15:00 PM,4.819533
5/27/2025 1:20:00 PM,4.670370
5/27/2025 1:25:00 PM,4.554900
5/27/2025 1:30:00 PM,4.714603
5/27/2025 1:35:00 PM,5.054836
5/27/2025 1:40:00 PM,5.946063
5/27/2025 1:45:00 PM,5.493040
5/27/2025 1:50:00 PM,5.609843
5/27/2025 1:55:00 PM,5.914743
5/27/2025 2:00:00 PM,4.666373
5/27/2025 2:05:00 PM,5.323670
5/27/2025 2:10:00 PM,4.430570
5/27/2025 2:15:00 PM,4.013263
5/27/2025 2:20:00 PM,3.453186
5/27/2025 2:25:00 PM,3.492090
5/27/2025 2:30:00 PM,4.017190
5/27/2025 2:35:00 PM,4.491186
5/27/2025 2:40:00 PM,5.642213
5/27/2025 2:45:00 PM,6.165303
5/27/2025 2:50:00 PM,6.846223
5/27/2025 2:55:00 PM,7.498540
5/27/2025 3:00:00 PM,8.609266
5/27/2025 3:05:00 PM,9.104543
5/27/2025 3:10:00 PM,9.134820
5/27/2025 3:15:00 PM,9.626276
5/27/2025 3:20:00 PM,9.454683
5/27/2025 3:25:00 PM,9.901436
5/27/2025 3:30:00 PM,12.140516
5/27/2025 3:35:00 PM,14.704910
5/27/2025 3:40:00 PM,13.429456
5/27/2025 3:45:00 PM,17.839000
5/27/2025 3:50:00 PM,20.360330
5/27/2025 3:55:00 PM,19.887473
5/27/2025 4:00:00 PM,14.581060
5/27/2025 4:05:00 PM,14.946236
5/27/2025 4:10:00 PM,14.398980
5/27/2025 4:15:00 PM,14.426120
5/27/2025 4:20:00 PM,13.993943
5/27/2025 4:25:00 PM,13.715166
5/27/2025 4:30:00 PM,14.479383
5/27/2025 4:35:00 PM,16.266933
5/27/2025 4:40:00 PM,15.048463
5/27/2025 4:45:00 PM,19.558346
5/27/2025 4:50:00 PM,19.722150
5/27/2025 4:55:00 PM,20.788713
5/27/2025 5:00:00 PM,11.883250
5/27/2025 5:05:00 PM,11.377623
5/27/2025 5:10:00 PM,11.745773
5/27/2025 5:15:00 PM,12.178596
5/27/2025 5:20:00 PM,17.209716
5/27/2025 5:25:00 PM,20.833143
5/27/2025 5:30:00 PM,21.719460
5/27/2025 5:35:00 PM,21.687263
5/27/2025 5:40:00 PM,24.608040
5/27/2025 5:45:00 PM,33.189360
5/27/2025 5:50:00 PM,39.940840
5/27/2025 5:55:00 PM,37.560090
5/27/2025 6:00:00 PM,21.824923
5/27/2025 6:05:00 PM,19.055356
5/27/2025 6:10:00 PM,19.147390
5/27/2025 6:15:00 PM,23.819530
5/27/2025 6:20:00 PM,25.441110
5/27/2025 6:25:00 PM,27.628563
5/27/2025 6:30:00 PM,24.719090
5/27/2025 6:35:00 PM,30.327403
5/27/2025 6:40:00 PM,36.064913
5/27/2025 6:45:00 PM,40.493430
5/27/2025 6:50:00 PM,49.701226
5/27/2025 6:55:00 PM,48.095443
5/27/2025 7:00:00 PM,37.073156
5/27/2025 7:05:00 PM,38.674776
5/27/2025 7:10:00 PM,40.865206
5/27/2025 7:15:00 PM,42.046506
5/27/2025 7:20:00 PM,46.739233
5/27/2025 7:25:00 PM,54.215920
5/27/2025 7:30:00 PM,58.236403
5/27/2025 7:35:00 PM,52.368376
5/27/2025 7:40:00 PM,52.891186
5/27/2025 7:45:00 PM,54.007526
5/27/2025 7:50:00 PM,54.492723
5/27/2025 7:55:00 PM,54.878330
5/27/2025 8:00:00 PM,50.627376
5/27/2025 8:05:00 PM,51.125420
5/27/2025 8:10:00 PM,50.480576
5/27/2025 8:15:00 PM,50.444216
5/27/2025 8:20:00 PM,53.271593
5/27/2025 8:25:00 PM,57.872943
5/27/2025 8:30:00 PM,55.933693
5/27/2025 8:35:00 PM,51.099273
5/27/2025 8:40:00 PM,50.848236
5/27/2025 8:45:00 PM,49.109003
5/27/2025 8:50:00 PM,47.166660
5/27/2025 8:55:00 PM,47.818606
5/27/2025 9:00:00 PM,56.558170
5/27/2025 9:05:00 PM,56.603936
5/27/2025 9:10:00 PM,56.491156
5/27/2025 9:15:00 PM,53.353883
5/27/2025 9:20:00 PM,53.178013
5/27/2025 9:25:00 PM,53.462510
5/27/2025 9:30:00 PM,54.104186
5/27/2025 9:35:00 PM,53.704006
5/27/2025 9:40:00 PM,53.138370
5/27/2025 9:45:00 PM,53.184183
5/27/2025 9:50:00 PM,52.468640
5/27/2025 9:55:00 PM,55.028303
5/27/2025 10:00:00 PM,51.420036
5/27/2025 10:05:00 PM,50.852630
5/27/2025 10:10:00 PM,50.629630
5/27/2025 10:15:00 PM,48.502683
5/27/2025 10:20:00 PM,52.355550
5/27/2025 10:25:00 PM,53.898910
5/27/2025 10:30:00 PM,56.777986
5/27/2025 10:35:00 PM,56.437506
5/27/2025 10:40:00 PM,57.211883
5/27/2025 10:45:00 PM,57.781243
5/27/2025 10:50:00 PM,56.483576
5/27/2025 10:55:00 PM,56.252983
5/27/2025 11:00:00 PM,58.248183
5/27/2025 11:05:00 PM,58.658890
5/27/2025 11:10:00 PM,57.418353
5/27/2025 11:15:00 PM,56.528293
5/27/2025 11:20:00 PM,56.545176
5/27/2025 11:25:00 PM,58.286270
5/27/2025 11:30:00 PM,55.994403
5/27/2025 11:35:00 PM,55.376190
5/27/2025 11:40:00 PM,55.610803
5/27/2025 11:45:00 PM,54.240386
5/27/2025 11:50:00 PM,53.356283
5/27/2025 11:55:00 PM,53.221993
5/28/2025 12:00:00 AM,53.874126
5/28/2025 12:05:00 AM,49.854966
5/28/2025 12:10:00 AM,48.961920
5/28/2025 12:15:00 AM,48.179133
5/28/2025 12:20:00 AM,48.343446
5/28/2025 12:25:00 AM,48.342316
5/28/2025 12:30:00 AM,47.776366
5/28/2025 12:35:00 AM,44.674700
5/28/2025 12:40:00 AM,43.554330
5/28/2025 12:45:00 AM,40.926416
5/28/2025 12:50:00 AM,39.647366
5/28/2025 12:55:00 AM,40.879193
5/28/2025 1:00:00 AM,41.662316
5/28/2025 1:05:00 AM,41.601916
5/28/2025 1:10:00 AM,40.827586
5/28/2025 1:15:00 AM,40.533116
5/28/2025 1:20:00 AM,41.425660
5/28/2025 1:25:00 AM,39.254783
5/28/2025 1:30:00 AM,38.807720
5/28/2025 1:35:00 AM,38.669766
5/28/2025 1:40:00 AM,38.690333
5/28/2025 1:45:00 AM,38.928806
5/28/2025 1:50:00 AM,38.661206
5/28/2025 1:55:00 AM,38.403533
5/28/2025 2:00:00 AM,39.305800
5/28/2025 2:05:00 AM,39.354063
5/28/2025 2:10:00 AM,39.401216
5/28/2025 2:15:00 AM,39.103693
5/28/2025 2:20:00 AM,40.243230
5/28/2025 2:25:00 AM,39.990826
5/28/2025 2:30:00 AM,39.307543
5/28/2025 2:35:00 AM,38.834950
5/28/2025 2:40:00 AM,38.513466
5/28/2025 2:45:00 AM,38.258436
5/28/2025 2:50:00 AM,38.508956
5/28/2025 2:55:00 AM,39.134386
5/28/2025 3:00:00 AM,41.112086
5/28/2025 3:05:00 AM,41.086253
5/28/2025 3:10:00 AM,40.944013
5/28/2025 3:15:00 AM,40.850796
5/28/2025 3:20:00 AM,40.692233
5/28/2025 3:25:00 AM,40.126346
5/28/2025 3:30:00 AM,40.378726
5/28/2025 3:35:00 AM,40.552030
5/28/2025 3:40:00 AM,40.405250
5/28/2025 3:45:00 AM,40.105810
5/28/2025 3:50:00 AM,40.154756
5/28/2025 3:55:00 AM,40.500156
5/28/2025 4:00:00 AM,38.185283
5/28/2025 4:05:00 AM,38.697216
5/28/2025 4:10:00 AM,38.842900
5/28/2025 4:15:00 AM,36.059713
5/28/2025 4:20:00 AM,38.778390
5/28/2025 4:25:00 AM,39.902216
5/28/2025 4:30:00 AM,40.880530
5/28/2025 4:35:00 AM,41.018013
5/28/2025 4:40:00 AM,41.880196
5/28/2025 4:45:00 AM,42.275560
5/28/2025 4:50:00 AM,45.145003
5/28/2025 4:55:00 AM,47.824610
5/28/2025 5:00:00 AM,32.213740
5/28/2025 5:05:00 AM,32.168323
5/28/2025 5:10:00 AM,34.841163
5/28/2025 5:15:00 AM,35.836486
5/28/2025 5:20:00 AM,39.200826
5/28/2025 5:25:00 AM,39.107030
5/28/2025 5:30:00 AM,38.861743
5/28/2025 5:35:00 AM,38.157726
5/28/2025 5:40:00 AM,38.615970
5/28/2025 5:45:00 AM,38.440456
5/28/2025 5:50:00 AM,38.500036
5/28/2025 5:55:00 AM,38.675856
5/28/2025 6:00:00 AM,39.484463
5/28/2025 6:05:00 AM,39.673873
5/28/2025 6:10:00 AM,37.748336
5/28/2025 6:15:00 AM,37.750700
5/28/2025 6:20:00 AM,35.595536
5/28/2025 6:25:00 AM,35.595536
5/28/2025 6:30:00 AM,34.191540
5/28/2025 6:35:00 AM,31.848283
5/28/2025 6:40:00 AM,29.320153
5/28/2025 6:45:00 AM,29.152450
5/28/2025 6:50:00 AM,28.801996
5/28/2025 6:55:00 AM,28.469410
5/28/2025 7:00:00 AM,31.616960
5/28/2025 7:05:00 AM,31.113063
5/28/2025 7:10:00 AM,28.232013
5/28/2025 7:15:00 AM,28.217126
5/28/2025 7:20:00 AM,24.841196
5/28/2025 7:25:00 AM,22.124673
5/28/2025 7:30:00 AM,16.377403
5/28/2025 7:35:00 AM,15.615920
5/28/2025 7:40:00 AM,14.921300
5/28/2025 7:45:00 AM,15.698546
5/28/2025 7:50:00 AM,14.557646
5/28/2025 7:55:00 AM,14.580360
5/28/2025 8:00:00 AM,22.435970
5/28/2025 8:05:00 AM,25.645563
5/28/2025 8:10:00 AM,25.288830
5/28/2025 8:15:00 AM,27.415406
5/28/2025 8:20:00 AM,26.592933
5/28/2025 8:25:00 AM,25.116943
5/28/2025 8:30:00 AM,22.637916
5/28/2025 8:35:00 AM,21.157263
5/28/2025 8:40:00 AM,22.154046
5/28/2025 8:45:00 AM,20.780330
5/28/2025 8:50:00 AM,20.465070
5/28/2025 8:55:00 AM,19.275186
5/28/2025 9:00:00 AM,23.960573
5/28/2025 9:05:00 AM,23.876210
5/28/2025 9:10:00 AM,20.782230
5/28/2025 9:15:00 AM,21.519276
5/28/2025 9:20:00 AM,20.729933
5/28/2025 9:25:00 AM,20.257360
5/28/2025 9:30:00 AM,20.588470
5/28/2025 9:35:00 AM,20.034253
5/28/2025 9:40:00 AM,19.458263
5/28/2025 9:45:00 AM,17.231283
5/28/2025 9:50:00 AM,16.578873
5/28/2025 9:55:00 AM,15.105033
5/28/2025 10:00:00 AM,25.635756
5/28/2025 10:05:00 AM,23.310030
5/28/2025 10:10:00 AM,24.491036
5/28/2025 10:15:00 AM,21.743566
5/28/2025 10:20:00 AM,21.773076
5/28/2025 10:25:00 AM,21.773073
5/28/2025 10:30:00 AM,20.910350
5/28/2025 10:35:00 AM,21.145873
5/28/2025 10:40:00 AM,22.541123
5/28/2025 10:45:00 AM,16.241940
5/28/2025 10:50:00 AM,20.530830
5/28/2025 10:55:00 AM,19.151633
5/28/2025 11:00:00 AM,20.708110
5/28/2025 11:05:00 AM,20.341496
5/28/2025 11:10:00 AM,20.502536
5/28/2025 11:15:00 AM,20.651013
5/28/2025 11:20:00 AM,21.668526
5/28/2025 11:25:00 AM,22.910230
5/28/2025 11:30:00 AM,22.703043
5/28/2025 11:35:00 AM,21.508320
5/28/2025 11:40:00 AM,21.257750
5/28/2025 11:45:00 AM,22.976610
5/28/2025 11:50:00 AM,25.098596
5/28/2025 11:55:00 AM,23.733283
5/28/2025 12:00:00 PM,30.576443
5/28/2025 12:05:00 PM,28.978393
5/28/2025 12:10:00 PM,27.709833
5/28/2025 12:15:00 PM,26.703896
5/28/2025 12:20:00 PM,26.889610
5/28/2025 12:25:00 PM,27.948700
5/28/2025 12:30:00 PM,17.330300
5/28/2025 12:35:00 PM,18.230400
5/28/2025 12:40:00 PM,20.307736
5/28/2025 12:45:00 PM,20.386740
5/28/2025 12:50:00 PM,22.213720
5/28/2025 12:55:00 PM,17.996613
5/28/2025 1:00:00 PM,15.355450
5/28/2025 1:05:00 PM,20.945556
5/28/2025 1:10:00 PM,17.632220
5/28/2025 1:15:00 PM,18.899650
5/28/2025 1:20:00 PM,28.426926
5/28/2025 1:25:00 PM,27.255973
5/28/2025 1:30:00 PM,16.329590
5/28/2025 1:35:00 PM,13.053483
5/28/2025 1:40:00 PM,12.431900
5/28/2025 1:45:00 PM,18.474136
5/28/2025 1:50:00 PM,19.849333
5/28/2025 1:55:00 PM,21.359393
5/28/2025 2:00:00 PM,21.036500
5/28/2025 2:05:00 PM,21.989260
5/28/2025 2:10:00 PM,21.734886
5/28/2025 2:15:00 PM,23.360543
5/28/2025 2:20:00 PM,21.721933
5/28/2025 2:25:00 PM,19.405220
5/28/2025 2:30:00 PM,9.877716
5/28/2025 2:35:00 PM,9.880020
5/28/2025 2:40:00 PM,17.951426
5/28/2025 2:45:00 PM,10.131910
5/28/2025 2:50:00 PM,4.284946
5/28/2025 2:55:00 PM,4.981263
5/28/2025 3:00:00 PM,10.773093
5/28/2025 3:05:00 PM,12.310350
5/28/2025 3:10:00 PM,10.095670
5/28/2025 3:15:00 PM,11.130313
5/28/2025 3:20:00 PM,11.616590
5/28/2025 3:25:00 PM,11.047043
5/28/2025 3:30:00 PM,13.765656
5/28/2025 3:35:00 PM,15.551123
5/28/2025 3:40:00 PM,16.382133
5/28/2025 3:45:00 PM,22.650153
5/28/2025 3:50:00 PM,27.684646
5/28/2025 3:55:00 PM,23.378383
5/28/2025 4:00:00 PM,14.844460
5/28/2025 4:05:00 PM,12.094226
5/28/2025 4:10:00 PM,13.931840
5/28/2025 4:15:00 PM,16.241473
5/28/2025 4:20:00 PM,16.038370
5/28/2025 4:25:00 PM,22.049153
5/28/2025 4:30:00 PM,16.970246
5/28/2025 4:35:00 PM,16.515146
5/28/2025 4:40:00 PM,18.092303
5/28/2025 4:45:00 PM,25.524890
5/28/2025 4:50:00 PM,26.146210
5/28/2025 4:55:00 PM,25.337596
5/28/2025 5:00:00 PM,22.914100
5/28/2025 5:05:00 PM,22.569410
5/28/2025 5:10:00 PM,23.248966
5/28/2025 5:15:00 PM,24.648286
5/28/2025 5:20:00 PM,27.433513
5/28/2025 5:25:00 PM,28.581040
5/28/2025 5:30:00 PM,29.304236
5/28/2025 5:35:00 PM,29.930186
5/28/2025 5:40:00 PM,29.989096
5/28/2025 5:45:00 PM,31.734606
5/28/2025 5:50:00 PM,32.089783
5/28/2025 5:55:00 PM,34.445770
5/28/2025 6:00:00 PM,34.445770
5/28/2025 6:05:00 PM,34.445770
5/28/2025 6:10:00 PM,29.286790
5/28/2025 6:15:00 PM,31.942163
5/28/2025 6:20:00 PM,33.248490
5/28/2025 6:25:00 PM,33.859790
5/28/2025 6:30:00 PM,34.909993
5/28/2025 6:35:00 PM,36.296726
5/28/2025 6:40:00 PM,37.667873
5/28/2025 6:45:00 PM,39.093326
5/28/2025 6:50:00 PM,43.216240
5/28/2025 6:55:00 PM,49.527650
5/28/2025 7:00:00 PM,38.402860
5/28/2025 7:05:00 PM,40.228590
5/28/2025 7:10:00 PM,41.598870
5/28/2025 7:15:00 PM,45.499330
5/28/2025 7:20:00 PM,47.573040
5/28/2025 7:25:00 PM,50.655543
5/28/2025 7:30:00 PM,54.420953
5/28/2025 7:35:00 PM,51.433333
5/28/2025 7:40:00 PM,50.379946
5/28/2025 7:45:00 PM,50.320383
5/28/2025 7:50:00 PM,48.809606
5/28/2025 7:55:00 PM,49.119500
5/28/2025 8:00:00 PM,44.425970
5/28/2025 8:05:00 PM,44.063810
5/28/2025 8:10:00 PM,42.115910
5/28/2025 8:15:00 PM,40.891626
5/28/2025 8:20:00 PM,43.516750
5/28/2025 8:25:00 PM,42.970233
5/28/2025 8:30:00 PM,41.656840
5/28/2025 8:35:00 PM,40.521860
5/28/2025 8:40:00 PM,40.174323
5/28/2025 8:45:00 PM,40.307323
5/28/2025 8:50:00 PM,39.697413
5/28/2025 8:55:00 PM,39.093196
5/28/2025 9:00:00 PM,39.136363
5/28/2025 9:05:00 PM,38.391800
5/28/2025 9:10:00 PM,38.267203
5/28/2025 9:15:00 PM,37.301163
5/28/2025 9:20:00 PM,38.717346
5/28/2025 9:25:00 PM,38.641190
5/28/2025 9:30:00 PM,38.792660
5/28/2025 9:35:00 PM,38.702200
5/28/2025 9:40:00 PM,38.687700
5/28/2025 9:45:00 PM,37.766986
5/28/2025 9:50:00 PM,37.913136
5/28/2025 9:55:00 PM,37.512430
5/28/2025 10:00:00 PM,39.348653
5/28/2025 10:05:00 PM,39.348653
5/28/2025 10:10:00 PM,39.183036
5/28/2025 10:15:00 PM,38.406123
5/28/2025 10:20:00 PM,39.131140
5/28/2025 10:25:00 PM,38.675843
5/28/2025 10:30:00 PM,38.176986
5/28/2025 10:35:00 PM,38.286016
5/28/2025 10:40:00 PM,37.820836
5/28/2025 10:45:00 PM,37.616883
5/28/2025 10:50:00 PM,35.850540
5/28/2025 10:55:00 PM,35.850540
5/28/2025 11:00:00 PM,38.547603
5/28/2025 11:05:00 PM,38.563320
5/28/2025 11:10:00 PM,38.563320
5/28/2025 11:15:00 PM,37.787793
5/28/2025 11:20:00 PM,37.258326
5/28/2025 11:25:00 PM,35.689256
5/28/2025 11:30:00 PM,35.599193
5/28/2025 11:35:00 PM,35.034330
5/28/2025 11:40:00 PM,35.336703
5/28/2025 11:45:00 PM,34.554646
5/28/2025 11:50:00 PM,33.942880
5/28/2025 11:55:00 PM,35.453096
5/29/2025 12:00:00 AM,38.038743
5/29/2025 12:05:00 AM,38.040596
5/29/2025 12:10:00 AM,38.065083
5/29/2025 12:15:00 AM,36.906170
5/29/2025 12:20:00 AM,37.540283
5/29/2025 12:25:00 AM,37.205946
5/29/2025 12:30:00 AM,37.536730
5/29/2025 12:35:00 AM,36.867510
5/29/2025 12:40:00 AM,36.850730
5/29/2025 12:45:00 AM,35.460170
5/29/2025 12:50:00 AM,35.057990
5/29/2025 12:55:00 AM,34.823986
5/29/2025 1:00:00 AM,37.896446
5/29/2025 1:05:00 AM,37.578236
5/29/2025 1:10:00 AM,36.933130
5/29/2025 1:15:00 AM,35.655120
5/29/2025 1:20:00 AM,35.330476
5/29/2025 1:25:00 AM,35.330690
5/29/2025 1:30:00 AM,35.138933
5/29/2025 1:35:00 AM,36.121743
5/29/2025 1:40:00 AM,36.087376
5/29/2025 1:45:00 AM,34.980623
5/29/2025 1:50:00 AM,33.588720
5/29/2025 1:55:00 AM,32.718200
5/29/2025 2:00:00 AM,33.000770
5/29/2025 2:05:00 AM,34.564733
5/29/2025 2:10:00 AM,36.112086
5/29/2025 2:15:00 AM,31.993380
5/29/2025 2:20:00 AM,30.207766
5/29/2025 2:25:00 AM,30.486066
5/29/2025 2:30:00 AM,30.738316
5/29/2025 2:35:00 AM,30.161250
5/29/2025 2:40:00 AM,30.099313
5/29/2025 2:45:00 AM,32.147543
5/29/2025 2:50:00 AM,31.774696
5/29/2025 2:55:00 AM,31.151750
5/29/2025 3:00:00 AM,35.546290
5/29/2025 3:05:00 AM,35.281873
5/29/2025 3:10:00 AM,32.109783
5/29/2025 3:15:00 AM,32.218940
5/29/2025 3:20:00 AM,34.900383
5/29/2025 3:25:00 AM,33.399196
5/29/2025 3:30:00 AM,34.495946
5/29/2025 3:35:00 AM,34.986346
5/29/2025 3:40:00 AM,36.144830
5/29/2025 3:45:00 AM,35.273206
5/29/2025 3:50:00 AM,35.273206
5/29/2025 3:55:00 AM,35.387196
5/29/2025 4:00:00 AM,30.858660
5/29/2025 4:05:00 AM,30.206940
5/29/2025 4:10:00 AM,30.855760
5/29/2025 4:15:00 AM,30.877936
5/29/2025 4:20:00 AM,32.165790
5/29/2025 4:25:00 AM,32.369170
5/29/2025 4:30:00 AM,31.980526
5/29/2025 4:35:00 AM,32.287833
5/29/2025 4:40:00 AM,33.361053
5/29/2025 4:45:00 AM,34.968366
5/29/2025 4:50:00 AM,35.190246
5/29/2025 4:55:00 AM,34.971673
5/29/2025 5:00:00 AM,30.057776
5/29/2025 5:05:00 AM,29.639336
5/29/2025 5:10:00 AM,30.131703
5/29/2025 5:15:00 AM,30.298943
5/29/2025 5:20:00 AM,32.336630
5/29/2025 5:25:00 AM,32.037680
5/29/2025 5:30:00 AM,34.553760
5/29/2025 5:35:00 AM,33.615500
5/29/2025 5:40:00 AM,36.192363
5/29/2025 5:45:00 AM,52.665220
5/29/2025 5:50:00 AM,53.114923
5/29/2025 5:55:00 AM,52.542366
5/29/2025 6:00:00 AM,44.882270
5/29/2025 6:05:00 AM,36.270223
5/29/2025 6:10:00 AM,37.988893
5/29/2025 6:15:00 AM,35.405710
5/29/2025 6:20:00 AM,34.648423
5/29/2025 6:25:00 AM,32.596073
5/29/2025 6:30:00 AM,30.828933
5/29/2025 6:35:00 AM,30.061550
5/29/2025 6:40:00 AM,27.355550
5/29/2025 6:45:00 AM,25.584220
5/29/2025 6:50:00 AM,24.723003
5/29/2025 6:55:00 AM,24.875633
5/29/2025 7:00:00 AM,32.989970
5/29/2025 7:05:00 AM,33.051163
5/29/2025 7:10:00 AM,33.035986
5/29/2025 7:15:00 AM,27.773056
5/29/2025 7:20:00 AM,26.633726
5/29/2025 7:25:00 AM,24.211103
5/29/2025 7:30:00 AM,22.977383
5/29/2025 7:35:00 AM,20.968970
5/29/2025 7:40:00 AM,19.649840
5/29/2025 7:45:00 AM,18.111360
5/29/2025 7:50:00 AM,17.466740
5/29/2025 7:55:00 AM,17.463723
5/29/2025 8:00:00 AM,25.783303
5/29/2025 8:05:00 AM,24.096090
5/29/2025 8:10:00 AM,23.182103
5/29/2025 8:15:00 AM,23.181896
5/29/2025 8:20:00 AM,21.675426
5/29/2025 8:25:00 AM,21.666150
5/29/2025 8:30:00 AM,23.127350
5/29/2025 8:35:00 AM,23.127350
5/29/2025 8:40:00 AM,22.516880
5/29/2025 8:45:00 AM,22.826316
5/29/2025 8:50:00 AM,22.756533
5/29/2025 8:55:00 AM,23.107053
5/29/2025 9:00:00 AM,23.111156
5/29/2025 9:05:00 AM,21.259103
5/29/2025 9:10:00 AM,20.844986
5/29/2025 9:15:00 AM,20.866850
5/29/2025 9:20:00 AM,19.338560
5/29/2025 9:25:00 AM,20.189113
5/29/2025 9:30:00 AM,20.390110
5/29/2025 9:35:00 AM,19.156796
5/29/2025 9:40:00 AM,19.174510
5/29/2025 9:45:00 AM,14.277136
5/29/2025 9:50:00 AM,13.861103
5/29/2025 9:55:00 AM,10.551493
5/29/2025 10:00:00 AM,18.332780
5/29/2025 10:05:00 AM,18.404973
5/29/2025 10:10:00 AM,18.467856
5/29/2025 10:15:00 AM,23.120510
5/29/2025 10:20:00 AM,23.090566
5/29/2025 10:25:00 AM,23.196956
5/29/2025 10:30:00 AM,23.284550
5/29/2025 10:35:00 AM,22.178503
5/29/2025 10:40:00 AM,21.843686
5/29/2025 10:45:00 AM,23.186356
5/29/2025 10:50:00 AM,23.720023
5/29/2025 10:55:00 AM,23.322686
5/29/2025 11:00:00 AM,25.583966
5/29/2025 11:05:00 AM,26.080913
5/29/2025 11:10:00 AM,25.971760
5/29/2025 11:15:00 AM,24.132030
5/29/2025 11:20:00 AM,22.967896
5/29/2025 11:25:00 AM,22.824713
5/29/2025 11:30:00 AM,25.371263
5/29/2025 11:35:00 AM,24.824580
5/29/2025 11:40:00 AM,24.938470
5/29/2025 11:45:00 AM,25.033250
5/29/2025 11:50:00 AM,25.314916
5/29/2025 11:55:00 AM,25.161346
5/29/2025 12:00:00 PM,25.908130
5/29/2025 12:05:00 PM,26.325473
5/29/2025 12:10:00 PM,26.342010
5/29/2025 12:15:00 PM,26.015966
5/29/2025 12:20:00 PM,26.193716
5/29/2025 12:25:00 PM,26.462046
5/29/2025 12:30:00 PM,26.193100
5/29/2025 12:35:00 PM,26.076830
5/29/2025 12:40:00 PM,26.580670
5/29/2025 12:45:00 PM,25.764713
5/29/2025 12:50:00 PM,27.210526
5/29/2025 12:55:00 PM,28.072666
5/29/2025 1:00:00 PM,26.066200
5/29/2025 1:05:00 PM,27.907940
5/29/2025 1:10:00 PM,28.055203
5/29/2025 1:15:00 PM,28.748506
5/29/2025 1:20:00 PM,26.879930
5/29/2025 1:25:00 PM,26.145433
5/29/2025 1:30:00 PM,9.310486
5/29/2025 1:35:00 PM,7.405760
5/29/2025 1:40:00 PM,9.171333
5/29/2025 1:45:00 PM,7.506130
5/29/2025 1:50:00 PM,6.086063
5/29/2025 1:55:00 PM,5.775250
5/29/2025 2:00:00 PM,-4.027086
5/29/2025 2:05:00 PM,-1.514693
5/29/2025 2:10:00 PM,2.071280
5/29/2025 2:15:00 PM,6.295780
5/29/2025 2:20:00 PM,9.632956
5/29/2025 2:25:00 PM,12.412763
5/29/2025 2:30:00 PM,10.537993
5/29/2025 2:35:00 PM,7.178270
5/29/2025 2:40:00 PM,11.459696
5/29/2025 2:45:00 PM,11.388170
5/29/2025 2:50:00 PM,10.247470
5/29/2025 2:55:00 PM,9.180646
5/29/2025 3:00:00 PM,17.446403
5/29/2025 3:05:00 PM,19.005466
5/29/2025 3:10:00 PM,17.176746
5/29/2025 3:15:00 PM,7.202993
5/29/2025 3:20:00 PM,5.374456
5/29/2025 3:25:00 PM,7.494750
5/29/2025 3:30:00 PM,16.883466
5/29/2025 3:35:00 PM,18.750553
5/29/2025 3:40:00 PM,20.087863
5/29/2025 3:45:00 PM,26.273866
5/29/2025 3:50:00 PM,26.503710
5/29/2025 3:55:00 PM,26.284006
5/29/2025 4:00:00 PM,18.569553
5/29/2025 4:05:00 PM,21.303236
5/29/2025 4:10:00 PM,18.188183
5/29/2025 4:15:00 PM,19.003200
5/29/2025 4:20:00 PM,16.259563
5/29/2025 4:25:00 PM,15.307863
5/29/2025 4:30:00 PM,10.620783
5/29/2025 4:35:00 PM,9.456203
5/29/2025 4:40:00 PM,13.154366
5/29/2025 4:45:00 PM,19.283150
5/29/2025 4:50:00 PM,20.666406
5/29/2025 4:55:00 PM,16.003516
5/29/2025 5:00:00 PM,16.348333
5/29/2025 5:05:00 PM,17.862446
5/29/2025 5:10:00 PM,18.292376
5/29/2025 5:15:00 PM,18.627226
5/29/2025 5:20:00 PM,19.083620
5/29/2025 5:25:00 PM,22.256956
5/29/2025 5:30:00 PM,21.552773
5/29/2025 5:35:00 PM,24.864060
5/29/2025 5:40:00 PM,27.720500
5/29/2025 5:45:00 PM,28.672876
5/29/2025 5:50:00 PM,33.573656
5/29/2025 5:55:00 PM,35.120976
5/29/2025 6:00:00 PM,25.458863
5/29/2025 6:05:00 PM,26.072270
5/29/2025 6:10:00 PM,27.053213
5/29/2025 6:15:00 PM,26.967943
5/29/2025 6:20:00 PM,28.428143
5/29/2025 6:25:00 PM,31.190380
5/29/2025 6:30:00 PM,33.026166
5/29/2025 6:35:00 PM,34.980216
5/29/2025 6:40:00 PM,38.152420
5/29/2025 6:45:00 PM,43.315766
5/29/2025 6:50:00 PM,49.178630
5/29/2025 6:55:00 PM,50.466020
5/29/2025 7:00:00 PM,34.006326
5/29/2025 7:05:00 PM,34.355693
5/29/2025 7:10:00 PM,34.664096
5/29/2025 7:15:00 PM,34.664096
5/29/2025 7:20:00 PM,35.555783
5/29/2025 7:25:00 PM,37.535870
5/29/2025 7:30:00 PM,39.350513
5/29/2025 7:35:00 PM,40.631673
5/29/2025 7:40:00 PM,40.813976
5/29/2025 7:45:00 PM,40.611896
5/29/2025 7:50:00 PM,40.457140
5/29/2025 7:55:00 PM,40.514613
5/29/2025 8:00:00 PM,39.059086
5/29/2025 8:05:00 PM,39.699753
5/29/2025 8:10:00 PM,39.521826
5/29/2025 8:15:00 PM,39.840613
5/29/2025 8:20:00 PM,39.069493
5/29/2025 8:25:00 PM,38.869176
5/29/2025 8:30:00 PM,39.481626
5/29/2025 8:35:00 PM,39.100436
5/29/2025 8:40:00 PM,39.102296
5/29/2025 8:45:00 PM,39.005403
5/29/2025 8:50:00 PM,38.507330
5/29/2025 8:55:00 PM,38.833626
5/29/2025 9:00:00 PM,38.374340
5/29/2025 9:05:00 PM,40.155460
5/29/2025 9:10:00 PM,40.500323
5/29/2025 9:15:00 PM,35.511086
5/29/2025 9:20:00 PM,35.610533
5/29/2025 9:25:00 PM,35.982840
5/29/2025 9:30:00 PM,40.949610
5/29/2025 9:35:00 PM,40.805843
5/29/2025 9:40:00 PM,41.014910
5/29/2025 9:45:00 PM,41.232826
5/29/2025 9:50:00 PM,41.903613
5/29/2025 9:55:00 PM,41.238973
5/29/2025 10:00:00 PM,44.336676
5/29/2025 10:05:00 PM,42.549676
5/29/2025 10:10:00 PM,41.942310
5/29/2025 10:15:00 PM,43.619626
5/29/2025 10:20:00 PM,42.757000
5/29/2025 10:25:00 PM,43.212396
5/29/2025 10:30:00 PM,42.616213
5/29/2025 10:35:00 PM,42.144043
5/29/2025 10:40:00 PM,42.315903
5/29/2025 10:45:00 PM,41.980796
5/29/2025 10:50:00 PM,42.083573
5/29/2025 10:55:00 PM,42.452460
5/29/2025 11:00:00 PM,43.674256
5/29/2025 11:05:00 PM,43.688150
5/29/2025 11:10:00 PM,43.056616
5/29/2025 11:15:00 PM,43.756223
5/29/2025 11:20:00 PM,43.212280
5/29/2025 11:25:00 PM,42.898256
5/29/2025 11:30:00 PM,42.863516
5/29/2025 11:35:00 PM,43.259150
5/29/2025 11:40:00 PM,41.151340
5/29/2025 11:45:00 PM,41.742736
5/29/2025 11:50:00 PM,40.510253
5/29/2025 11:55:00 PM,40.588286
5/30/2025 12:00:00 AM,45.734786
5/30/2025 12:05:00 AM,43.500486
5/30/2025 12:10:00 AM,43.706416
5/30/2025 12:15:00 AM,42.160183
5/30/2025 12:20:00 AM,41.947426
5/30/2025 12:25:00 AM,42.092830
5/30/2025 12:30:00 AM,43.019573
5/30/2025 12:35:00 AM,40.692053
5/30/2025 12:40:00 AM,38.820146
5/30/2025 12:45:00 AM,38.830010
5/30/2025 12:50:00 AM,38.883736
5/30/2025 12:55:00 AM,38.882106
5/30/2025 1:00:00 AM,40.161040
5/30/2025 1:05:00 AM,40.161040
5/30/2025 1:10:00 AM,38.261643
5/30/2025 1:15:00 AM,38.192096
5/30/2025 1:20:00 AM,38.689906
5/30/2025 1:25:00 AM,37.084743
5/30/2025 1:30:00 AM,37.041680
5/30/2025 1:35:00 AM,36.934586
5/30/2025 1:40:00 AM,36.580480
5/30/2025 1:45:00 AM,36.387713
5/30/2025 1:50:00 AM,34.651290
5/30/2025 1:55:00 AM,35.063946
5/30/2025 2:00:00 AM,36.620096
5/30/2025 2:05:00 AM,36.359853
5/30/2025 2:10:00 AM,36.132806
5/30/2025 2:15:00 AM,35.554213
5/30/2025 2:20:00 AM,34.680720
5/30/2025 2:25:00 AM,34.646606
5/30/2025 2:30:00 AM,34.523386
5/30/2025 2:35:00 AM,34.439580
5/30/2025 2:40:00 AM,36.097370
5/30/2025 2:45:00 AM,36.661146
5/30/2025 2:50:00 AM,36.574830
5/30/2025 2:55:00 AM,36.029306
5/30/2025 3:00:00 AM,36.234076
5/30/2025 3:05:00 AM,36.176173
5/30/2025 3:10:00 AM,36.061993
5/30/2025 3:15:00 AM,36.027636
5/30/2025 3:20:00 AM,36.266883
5/30/2025 3:25:00 AM,35.781723
5/30/2025 3:30:00 AM,36.771276
5/30/2025 3:35:00 AM,36.200530
5/30/2025 3:40:00 AM,35.592623
5/30/2025 3:45:00 AM,35.693680
5/30/2025 3:50:00 AM,36.793616
5/30/2025 3:55:00 AM,36.826696
5/30/2025 4:00:00 AM,36.746206
5/30/2025 4:05:00 AM,36.144306
5/30/2025 4:10:00 AM,36.144306
5/30/2025 4:15:00 AM,36.286426
5/30/2025 4:20:00 AM,37.360440
5/30/2025 4:25:00 AM,36.822820
5/30/2025 4:30:00 AM,37.899570
5/30/2025 4:35:00 AM,37.904793
5/30/2025 4:40:00 AM,37.904793
5/30/2025 4:45:00 AM,38.324116
5/30/2025 4:50:00 AM,38.324116
5/30/2025 4:55:00 AM,38.324116
5/30/2025 5:00:00 AM,34.666400
5/30/2025 5:05:00 AM,34.712160
5/30/2025 5:10:00 AM,34.201006
5/30/2025 5:15:00 AM,36.964726
5/30/2025 5:20:00 AM,37.008470
5/30/2025 5:25:00 AM,36.980170
5/30/2025 5:30:00 AM,37.229450
5/30/2025 5:35:00 AM,36.726770
5/30/2025 5:40:00 AM,36.943966
5/30/2025 5:45:00 AM,36.954730
5/30/2025 5:50:00 AM,37.098070
5/30/2025 5:55:00 AM,36.799606
5/30/2025 6:00:00 AM,38.890146
5/30/2025 6:05:00 AM,38.890146
5/30/2025 6:10:00 AM,37.672360
5/30/2025 6:15:00 AM,37.804506
5/30/2025 6:20:00 AM,36.631606
5/30/2025 6:25:00 AM,36.085073
5/30/2025 6:30:00 AM,34.123333
5/30/2025 6:35:00 AM,31.498893
5/30/2025 6:40:00 AM,27.892816
5/30/2025 6:45:00 AM,25.426656
5/30/2025 6:50:00 AM,22.633143
5/30/2025 6:55:00 AM,22.543933
5/30/2025 7:00:00 AM,26.700806
5/30/2025 7:05:00 AM,24.309076
5/30/2025 7:10:00 AM,23.110463
5/30/2025 7:15:00 AM,22.337126
5/30/2025 7:20:00 AM,20.672266
5/30/2025 7:25:00 AM,19.763050
5/30/2025 7:30:00 AM,18.006513
5/30/2025 7:35:00 AM,11.467650
5/30/2025 7:40:00 AM,9.089510
5/30/2025 7:45:00 AM,8.601473
5/30/2025 7:50:00 AM,9.576383
5/30/2025 7:55:00 AM,11.162050
5/30/2025 8:00:00 AM,25.491893
5/30/2025 8:05:00 AM,25.830403
5/30/2025 8:10:00 AM,25.914453
5/30/2025 8:15:00 AM,26.292953
5/30/2025 8:20:00 AM,23.906276
5/30/2025 8:25:00 AM,23.753493
5/30/2025 8:30:00 AM,22.655256
5/30/2025 8:35:00 AM,20.422166
5/30/2025 8:40:00 AM,14.435030
5/30/2025 8:45:00 AM,6.544930
5/30/2025 8:50:00 AM,5.631773
5/30/2025 8:55:00 AM,10.641983
5/30/2025 9:00:00 AM,19.429883
5/30/2025 9:05:00 AM,19.529653
5/30/2025 9:10:00 AM,19.360430
5/30/2025 9:15:00 AM,17.833310
5/30/2025 9:20:00 AM,17.283610
5/30/2025 9:25:00 AM,18.071723
5/30/2025 9:30:00 AM,17.322603
5/30/2025 9:35:00 AM,17.315226
5/30/2025 9:40:00 AM,11.322606
5/30/2025 9:45:00 AM,12.452416
5/30/2025 9:50:00 AM,12.806850
5/30/2025 9:55:00 AM,9.543280
5/30/2025 10:00:00 AM,19.703056
5/30/2025 10:05:00 AM,19.652100
5/30/2025 10:10:00 AM,17.495020
5/30/2025 10:15:00 AM,19.173436
5/30/2025 10:20:00 AM,16.355780
5/30/2025 10:25:00 AM,8.829893
5/30/2025 10:30:00 AM,7.965136
5/30/2025 10:35:00 AM,6.953800
5/30/2025 10:40:00 AM,5.736706
5/30/2025 10:45:00 AM,6.408526
5/30/2025 10:50:00 AM,5.429333
5/30/2025 10:55:00 AM,3.794156
5/30/2025 11:00:00 AM,5.505316
5/30/2025 11:05:00 AM,5.546040
5/30/2025 11:10:00 AM,5.966323
5/30/2025 11:15:00 AM,5.132710
5/30/2025 11:20:00 AM,4.215170
5/30/2025 11:25:00 AM,4.821553
5/30/2025 11:30:00 AM,3.794620
5/30/2025 11:35:00 AM,3.798206
5/30/2025 11:40:00 AM,5.966793
5/30/2025 11:45:00 AM,6.038820
5/30/2025 11:50:00 AM,9.492000
5/30/2025 11:55:00 AM,7.886643
5/30/2025 12:00:00 PM,12.835990
5/30/2025 12:05:00 PM,11.099406
5/30/2025 12:10:00 PM,8.666083
5/30/2025 12:15:00 PM,11.842296
5/30/2025 12:20:00 PM,10.504776
5/30/2025 12:25:00 PM,13.165670
5/30/2025 12:30:00 PM,17.101973
5/30/2025 12:35:00 PM,12.953750
5/30/2025 12:40:00 PM,7.737356
5/30/2025 12:45:00 PM,7.272030
5/30/2025 12:50:00 PM,8.056790
5/30/2025 12:55:00 PM,8.084070
5/30/2025 1:00:00 PM,14.385076
5/30/2025 1:05:00 PM,15.610633
5/30/2025 1:10:00 PM,16.185710
5/30/2025 1:15:00 PM,12.816220
5/30/2025 1:20:00 PM,17.505666
5/30/2025 1:25:00 PM,18.064173
5/30/2025 1:30:00 PM,16.037123
5/30/2025 1:35:00 PM,18.032226
5/30/2025 1:40:00 PM,18.693213
5/30/2025 1:45:00 PM,16.828773
5/30/2025 1:50:00 PM,21.407613
5/30/2025 1:55:00 PM,23.638940
5/30/2025 2:00:00 PM,11.633513
5/30/2025 2:05:00 PM,18.914910
5/30/2025 2:10:00 PM,15.739010
5/30/2025 2:15:00 PM,12.757643
5/30/2025 2:20:00 PM,14.946406
5/30/2025 2:25:00 PM,23.062346
5/30/2025 2:30:00 PM,31.870043
5/30/2025 2:35:00 PM,31.870043
5/30/2025 2:40:00 PM,31.870043
5/30/2025 2:45:00 PM,31.870043
5/30/2025 2:50:00 PM,29.742640
5/30/2025 2:55:00 PM,28.472713
5/30/2025 3:00:00 PM,22.136440
5/30/2025 3:05:00 PM,16.405303
5/30/2025 3:10:00 PM,25.066543
5/30/2025 3:15:00 PM,30.331590
5/30/2025 3:20:00 PM,33.616930
5/30/2025 3:25:00 PM,34.877120
5/30/2025 3:30:00 PM,40.621156
5/30/2025 3:35:00 PM,45.478900
5/30/2025 3:40:00 PM,45.570640
5/30/2025 3:45:00 PM,54.446990
5/30/2025 3:50:00 PM,58.617903
5/30/2025 3:55:00 PM,52.981920
5/30/2025 4:00:00 PM,50.557903
5/30/2025 4:05:00 PM,50.346976
5/30/2025 4:10:00 PM,48.705386
5/30/2025 4:15:00 PM,44.916300
5/30/2025 4:20:00 PM,36.987040
5/30/2025 4:25:00 PM,39.514136
5/30/2025 4:30:00 PM,33.804346
5/30/2025 4:35:00 PM,27.615840
5/30/2025 4:40:00 PM,29.922083
5/30/2025 4:45:00 PM,30.154910
5/30/2025 4:50:00 PM,29.642340
5/30/2025 4:55:00 PM,31.249883
5/30/2025 5:00:00 PM,26.722923
5/30/2025 5:05:00 PM,27.215680
5/30/2025 5:10:00 PM,26.435186
5/30/2025 5:15:00 PM,26.047420
5/30/2025 5:20:00 PM,23.543480
5/30/2025 5:25:00 PM,16.617850
5/30/2025 5:30:00 PM,36.545770
5/30/2025 5:35:00 PM,40.204296
5/30/2025 5:40:00 PM,38.325896
5/30/2025 5:45:00 PM,41.885683
5/30/2025 5:50:00 PM,44.255170
5/30/2025 5:55:00 PM,39.521586
5/30/2025 6:00:00 PM,31.281246
5/30/2025 6:05:00 PM,33.026393
5/30/2025 6:10:00 PM,35.333946
5/30/2025 6:15:00 PM,33.999216
5/30/2025 6:20:00 PM,33.864713
5/30/2025 6:25:00 PM,42.784893
5/30/2025 6:30:00 PM,51.886840
5/30/2025 6:35:00 PM,60.491876
5/30/2025 6:40:00 PM,76.236780
5/30/2025 6:45:00 PM,74.810176
5/30/2025 6:50:00 PM,76.109776
5/30/2025 6:55:00 PM,74.202783
5/30/2025 7:00:00 PM,57.647900
5/30/2025 7:05:00 PM,57.402703
5/30/2025 7:10:00 PM,58.808056
5/30/2025 7:15:00 PM,63.716050
5/30/2025 7:20:00 PM,69.423280
5/30/2025 7:25:00 PM,75.832603
5/30/2025 7:30:00 PM,71.815866
5/30/2025 7:35:00 PM,64.101843
5/30/2025 7:40:00 PM,63.484620
5/30/2025 7:45:00 PM,61.567686
5/30/2025 7:50:00 PM,60.400933
5/30/2025 7:55:00 PM,60.719203
5/30/2025 8:00:00 PM,53.924306
5/30/2025 8:05:00 PM,46.726743
5/30/2025 8:10:00 PM,48.058500
5/30/2025 8:15:00 PM,45.390260
5/30/2025 8:20:00 PM,45.817250
5/30/2025 8:25:00 PM,46.114000
5/30/2025 8:30:00 PM,50.526260
5/30/2025 8:35:00 PM,49.334090
5/30/2025 8:40:00 PM,49.157026
5/30/2025 8:45:00 PM,50.085296
5/30/2025 8:50:00 PM,50.189436
5/30/2025 8:55:00 PM,49.200596
5/30/2025 9:00:00 PM,49.713880
5/30/2025 9:05:00 PM,48.837990
5/30/2025 9:10:00 PM,48.560083
5/30/2025 9:15:00 PM,48.066500
5/30/2025 9:20:00 PM,48.040070
5/30/2025 9:25:00 PM,47.380206
5/30/2025 9:30:00 PM,46.467526
5/30/2025 9:35:00 PM,45.396173
5/30/2025 9:40:00 PM,46.256496
5/30/2025 9:45:00 PM,46.311510
5/30/2025 9:50:00 PM,46.321396
5/30/2025 9:55:00 PM,46.396470
5/30/2025 10:00:00 PM,43.231533
5/30/2025 10:05:00 PM,42.710530
5/30/2025 10:10:00 PM,41.337310
5/30/2025 10:15:00 PM,41.153503
5/30/2025 10:20:00 PM,41.173256
5/30/2025 10:25:00 PM,42.011700
5/30/2025 10:30:00 PM,46.255580
5/30/2025 10:35:00 PM,46.399800
5/30/2025 10:40:00 PM,48.245510
5/30/2025 10:45:00 PM,45.091613
5/30/2025 10:50:00 PM,46.731110
5/30/2025 10:55:00 PM,43.679420
5/30/2025 11:00:00 PM,41.590676
5/30/2025 11:05:00 PM,43.988310
5/30/2025 11:10:00 PM,43.071846
5/30/2025 11:15:00 PM,42.406723
5/30/2025 11:20:00 PM,41.901560
5/30/2025 11:25:00 PM,40.831783
5/30/2025 11:30:00 PM,43.887530
5/30/2025 11:35:00 PM,43.568716
5/30/2025 11:40:00 PM,43.503736
5/30/2025 11:45:00 PM,43.125293
5/30/2025 11:50:00 PM,42.692190
5/30/2025 11:55:00 PM,41.514876
5/31/2025 12:00:00 AM,44.709626
5/31/2025 12:05:00 AM,44.709626
5/31/2025 12:10:00 AM,44.655896
5/31/2025 12:15:00 AM,44.439106
5/31/2025 12:20:00 AM,44.310770
5/31/2025 12:25:00 AM,44.278646
5/31/2025 12:30:00 AM,38.168910
5/31/2025 12:35:00 AM,38.151266
5/31/2025 12:40:00 AM,38.123616
5/31/2025 12:45:00 AM,37.897763
5/31/2025 12:50:00 AM,37.546733
5/31/2025 12:55:00 AM,37.572150
5/31/2025 1:00:00 AM,43.326446
5/31/2025 1:05:00 AM,43.541003
5/31/2025 1:10:00 AM,43.622526
5/31/2025 1:15:00 AM,43.600220
5/31/2025 1:20:00 AM,43.602233
5/31/2025 1:25:00 AM,42.755320
5/31/2025 1:30:00 AM,37.998553
5/31/2025 1:35:00 AM,37.764756
5/31/2025 1:40:00 AM,37.703756
5/31/2025 1:45:00 AM,39.421880
5/31/2025 1:50:00 AM,38.150276
5/31/2025 1:55:00 AM,38.103096
5/31/2025 2:00:00 AM,37.948416
5/31/2025 2:05:00 AM,37.948416
5/31/2025 2:10:00 AM,37.948416
5/31/2025 2:15:00 AM,37.797883
5/31/2025 2:20:00 AM,36.458810
5/31/2025 2:25:00 AM,35.906310
5/31/2025 2:30:00 AM,38.380110
5/31/2025 2:35:00 AM,36.842023
5/31/2025 2:40:00 AM,37.162963
5/31/2025 2:45:00 AM,42.310220
5/31/2025 2:50:00 AM,42.310900
5/31/2025 2:55:00 AM,42.312933
5/31/2025 3:00:00 AM,39.350810
5/31/2025 3:05:00 AM,39.350810
5/31/2025 3:10:00 AM,38.971400
5/31/2025 3:15:00 AM,39.611433
5/31/2025 3:20:00 AM,39.611433
5/31/2025 3:25:00 AM,39.611433
5/31/2025 3:30:00 AM,40.667500
5/31/2025 3:35:00 AM,40.664266
5/31/2025 3:40:00 AM,39.887186
5/31/2025 3:45:00 AM,38.519823
5/31/2025 3:50:00 AM,38.467893
5/31/2025 3:55:00 AM,38.536790
5/31/2025 4:00:00 AM,33.718553
5/31/2025 4:05:00 AM,36.480376
5/31/2025 4:10:00 AM,36.476713
5/31/2025 4:15:00 AM,35.843410
5/31/2025 4:20:00 AM,36.369616
5/31/2025 4:25:00 AM,34.901400
5/31/2025 4:30:00 AM,34.001430
5/31/2025 4:35:00 AM,34.130033
5/31/2025 4:40:00 AM,33.868853
5/31/2025 4:45:00 AM,34.759270
5/31/2025 4:50:00 AM,34.562020
5/31/2025 4:55:00 AM,37.428373
5/31/2025 5:00:00 AM,32.833870
5/31/2025 5:05:00 AM,34.991990
5/31/2025 5:10:00 AM,34.960296
5/31/2025 5:15:00 AM,34.636530
5/31/2025 5:20:00 AM,34.493950
5/31/2025 5:25:00 AM,32.956876
5/31/2025 5:30:00 AM,37.745566
5/31/2025 5:35:00 AM,37.626500
5/31/2025 5:40:00 AM,37.112856
5/31/2025 5:45:00 AM,36.462673
5/31/2025 5:50:00 AM,36.140580
5/31/2025 5:55:00 AM,34.515426
5/31/2025 6:00:00 AM,40.980030
5/31/2025 6:05:00 AM,41.599820
5/31/2025 6:10:00 AM,40.980030
5/31/2025 6:15:00 AM,39.521643
5/31/2025 6:20:00 AM,37.465870
5/31/2025 6:25:00 AM,36.109866
5/31/2025 6:30:00 AM,34.152643
5/31/2025 6:35:00 AM,32.320773
5/31/2025 6:40:00 AM,29.694430
5/31/2025 6:45:00 AM,28.742750
5/31/2025 6:50:00 AM,28.744646
5/31/2025 6:55:00 AM,28.738533
5/31/2025 7:00:00 AM,34.232866
5/31/2025 7:05:00 AM,32.661503
5/31/2025 7:10:00 AM,31.704220
5/31/2025 7:15:00 AM,30.318863
5/31/2025 7:20:00 AM,29.004216
5/31/2025 7:25:00 AM,29.118860
5/31/2025 7:30:00 AM,28.773556
5/31/2025 7:35:00 AM,25.991770
5/31/2025 7:40:00 AM,25.116190
5/31/2025 7:45:00 AM,24.699166
5/31/2025 7:50:00 AM,24.717393
5/31/2025 7:55:00 AM,22.773930
5/31/2025 8:00:00 AM,28.706076
5/31/2025 8:05:00 AM,28.782193
5/31/2025 8:10:00 AM,27.580263
5/31/2025 8:15:00 AM,22.798376
5/31/2025 8:20:00 AM,21.531220
5/31/2025 8:25:00 AM,19.457430
5/31/2025 8:30:00 AM,21.437983
5/31/2025 8:35:00 AM,21.620390
5/31/2025 8:40:00 AM,17.742436
5/31/2025 8:45:00 AM,17.539436
5/31/2025 8:50:00 AM,14.937316
5/31/2025 8:55:00 AM,14.963496
5/31/2025 9:00:00 AM,21.105803
5/31/2025 9:05:00 AM,21.163466
5/31/2025 9:10:00 AM,20.770320
5/31/2025 9:15:00 AM,22.954870
5/31/2025 9:20:00 AM,23.002746
5/31/2025 9:25:00 AM,22.180240
5/31/2025 9:30:00 AM,25.063030
5/31/2025 9:35:00 AM,24.216183
5/31/2025 9:40:00 AM,23.495300
5/31/2025 9:45:00 AM,19.474550
5/31/2025 9:50:00 AM,17.099233
5/31/2025 9:55:00 AM,14.835890
5/31/2025 10:00:00 AM,19.438126
5/31/2025 10:05:00 AM,18.882616
5/31/2025 10:10:00 AM,18.468193
5/31/2025 10:15:00 AM,18.035053
5/31/2025 10:20:00 AM,16.846610
5/31/2025 10:25:00 AM,16.890046
5/31/2025 10:30:00 AM,18.360210
5/31/2025 10:35:00 AM,18.991983
5/31/2025 10:40:00 AM,18.958836
5/31/2025 10:45:00 AM,19.072936
5/31/2025 10:50:00 AM,18.965393
5/31/2025 10:55:00 AM,18.895610
5/31/2025 11:00:00 AM,28.045293
5/31/2025 11:05:00 AM,24.452453
5/31/2025 11:10:00 AM,21.952326
5/31/2025 11:15:00 AM,18.595560
5/31/2025 11:20:00 AM,20.650246
5/31/2025 11:25:00 AM,21.483283
5/31/2025 11:30:00 AM,21.220186
5/31/2025 11:35:00 AM,29.249130
5/31/2025 11:40:00 AM,15.721823
5/31/2025 11:45:00 AM,21.249703
5/31/2025 11:50:00 AM,22.958643
5/31/2025 11:55:00 AM,25.854146
5/31/2025 12:00:00 PM,18.652420
5/31/2025 12:05:00 PM,21.285783
5/31/2025 12:10:00 PM,18.245986
5/31/2025 12:15:00 PM,16.218976
5/31/2025 12:20:00 PM,15.273286
5/31/2025 12:25:00 PM,15.566370
5/31/2025 12:30:00 PM,19.087833
5/31/2025 12:35:00 PM,18.964840
5/31/2025 12:40:00 PM,24.948453
5/31/2025 12:45:00 PM,19.442216
5/31/2025 12:50:00 PM,20.052390
5/31/2025 12:55:00 PM,10.738750
5/31/2025 1:00:00 PM,18.648550
5/31/2025 1:05:00 PM,19.353840
5/31/2025 1:10:00 PM,14.324166
5/31/2025 1:15:00 PM,18.932833
5/31/2025 1:20:00 PM,11.390980
5/31/2025 1:25:00 PM,17.261210
5/31/2025 1:30:00 PM,9.762030
5/31/2025 1:35:00 PM,17.638573
5/31/2025 1:40:00 PM,17.646816
5/31/2025 1:45:00 PM,20.590653
5/31/2025 1:50:00 PM,16.214720
5/31/2025 1:55:00 PM,22.332286
5/31/2025 2:00:00 PM,9.768503
5/31/2025 2:05:00 PM,9.303966
5/31/2025 2:10:00 PM,10.442183
5/31/2025 2:15:00 PM,13.589110
5/31/2025 2:20:00 PM,20.553866
5/31/2025 2:25:00 PM,13.908766
5/31/2025 2:30:00 PM,21.157383
5/31/2025 2:35:00 PM,13.548216
5/31/2025 2:40:00 PM,13.380763
5/31/2025 2:45:00 PM,15.241630
5/31/2025 2:50:00 PM,16.532923
5/31/2025 2:55:00 PM,16.908066
5/31/2025 3:00:00 PM,1.716223
5/31/2025 3:05:00 PM,3.918696
5/31/2025 3:10:00 PM,9.861796
5/31/2025 3:15:00 PM,9.861796
5/31/2025 3:20:00 PM,9.861796
5/31/2025 3:25:00 PM,9.861796
5/31/2025 3:30:00 PM,9.861796
5/31/2025 3:35:00 PM,9.861796
5/31/2025 3:40:00 PM,9.861796
5/31/2025 3:45:00 PM,9.861796
5/31/2025 3:50:00 PM,9.861796
5/31/2025 3:55:00 PM,36.737356
5/31/2025 4:00:00 PM,-9.188873
5/31/2025 4:05:00 PM,-9.188873
5/31/2025 4:10:00 PM,-9.188873
5/31/2025 4:15:00 PM,-15.288560
5/31/2025 4:20:00 PM,-12.919046
5/31/2025 4:25:00 PM,-8.758493
5/31/2025 4:30:00 PM,12.710856
5/31/2025 4:35:00 PM,19.785733
5/31/2025 4:40:00 PM,29.591766
5/31/2025 4:45:00 PM,19.697086
5/31/2025 4:50:00 PM,31.552013
5/31/2025 4:55:00 PM,22.562660
5/31/2025 5:00:00 PM,28.109146
5/31/2025 5:05:00 PM,28.527700
5/31/2025 5:10:00 PM,26.450660
5/31/2025 5:15:00 PM,39.303993
5/31/2025 5:20:00 PM,41.584463
5/31/2025 5:25:00 PM,34.602640
5/31/2025 5:30:00 PM,41.551586
5/31/2025 5:35:00 PM,41.899353
5/31/2025 5:40:00 PM,36.593510
5/31/2025 5:45:00 PM,38.422513
5/31/2025 5:50:00 PM,46.219493
5/31/2025 5:55:00 PM,49.444973
5/31/2025 6:00:00 PM,33.639300
5/31/2025 6:05:00 PM,37.182393
5/31/2025 6:10:00 PM,37.205173
5/31/2025 6:15:00 PM,31.810216
5/31/2025 6:20:00 PM,32.273760
5/31/2025 6:25:00 PM,35.474370
5/31/2025 6:30:00 PM,45.622423
5/31/2025 6:35:00 PM,47.307686
5/31/2025 6:40:00 PM,49.416210
5/31/2025 6:45:00 PM,49.116686
5/31/2025 6:50:00 PM,56.604476
5/31/2025 6:55:00 PM,61.040216
5/31/2025 7:00:00 PM,26.977706
5/31/2025 7:05:00 PM,22.004716
5/31/2025 7:10:00 PM,24.244026
5/31/2025 7:15:00 PM,26.232186
5/31/2025 7:20:00 PM,31.034823
5/31/2025 7:25:00 PM,26.394346
5/31/2025 7:30:00 PM,45.358676
5/31/2025 7:35:00 PM,41.475516
5/31/2025 7:40:00 PM,45.579283
5/31/2025 7:45:00 PM,37.911256
5/31/2025 7:50:00 PM,34.959546
5/31/2025 7:55:00 PM,41.241526
5/31/2025 8:00:00 PM,42.163616
5/31/2025 8:05:00 PM,41.945033
5/31/2025 8:10:00 PM,42.019493
5/31/2025 8:15:00 PM,42.598316
5/31/2025 8:20:00 PM,41.422093
5/31/2025 8:25:00 PM,41.755013
5/31/2025 8:30:00 PM,40.090083
5/31/2025 8:35:00 PM,37.876016
5/31/2025 8:40:00 PM,36.573570
5/31/2025 8:45:00 PM,42.596540
5/31/2025 8:50:00 PM,41.532990
5/31/2025 8:55:00 PM,45.461406
5/31/2025 9:00:00 PM,42.916793
5/31/2025 9:05:00 PM,42.909703
5/31/2025 9:10:00 PM,42.378920
5/31/2025 9:15:00 PM,42.173746
5/31/2025 9:20:00 PM,40.562563
5/31/2025 9:25:00 PM,42.468383
5/31/2025 9:30:00 PM,39.598833
5/31/2025 9:35:00 PM,39.505140
5/31/2025 9:40:00 PM,40.367516
5/31/2025 9:45:00 PM,36.046570
5/31/2025 9:50:00 PM,36.892513
5/31/2025 9:55:00 PM,40.867090
5/31/2025 10:00:00 PM,32.559276
5/31/2025 10:05:00 PM,33.272263
5/31/2025 10:10:00 PM,39.463266
5/31/2025 10:15:00 PM,39.505666
5/31/2025 10:20:00 PM,32.748110
5/31/2025 10:25:00 PM,33.449203
5/31/2025 10:30:00 PM,31.600690
5/31/2025 10:35:00 PM,30.289153
5/31/2025 10:40:00 PM,34.432923
5/31/2025 10:45:00 PM,34.761206
5/31/2025 10:50:00 PM,33.787626
5/31/2025 10:55:00 PM,30.779626
5/31/2025 11:00:00 PM,32.293440
5/31/2025 11:05:00 PM,32.330030
5/31/2025 11:10:00 PM,31.534186
5/31/2025 11:15:00 PM,30.136613
5/31/2025 11:20:00 PM,29.303100
5/31/2025 11:25:00 PM,29.367686
5/31/2025 11:30:00 PM,29.211570
5/31/2025 11:35:00 PM,29.198286
5/31/2025 11:40:00 PM,29.102463
5/31/2025 11:45:00 PM,29.221356
5/31/2025 11:50:00 PM,29.221356
5/31/2025 11:55:00 PM,29.221356
6/1/2025 12:00:00 AM,33.861103
6/1/2025 12:05:00 AM,35.300576
6/1/2025 12:10:00 AM,35.453343
6/1/2025 12:15:00 AM,32.847260
6/1/2025 12:20:00 AM,33.157860
6/1/2025 12:25:00 AM,32.436613
6/1/2025 12:30:00 AM,35.260723
6/1/2025 12:35:00 AM,35.260723
6/1/2025 12:40:00 AM,33.972113
6/1/2025 12:45:00 AM,32.626663
6/1/2025 12:50:00 AM,32.626663
6/1/2025 12:55:00 AM,31.477740
6/1/2025 1:00:00 AM,35.566823
6/1/2025 1:05:00 AM,34.564040
6/1/2025 1:10:00 AM,34.054750
6/1/2025 1:15:00 AM,33.710810
6/1/2025 1:20:00 AM,33.360740
6/1/2025 1:25:00 AM,31.553570
6/1/2025 1:30:00 AM,34.485026
6/1/2025 1:35:00 AM,33.934573
6/1/2025 1:40:00 AM,30.939063
6/1/2025 1:45:00 AM,30.975456
6/1/2025 1:50:00 AM,30.858226
6/1/2025 1:55:00 AM,30.487703
6/1/2025 2:00:00 AM,30.603003
6/1/2025 2:05:00 AM,29.242596
6/1/2025 2:10:00 AM,29.254093
6/1/2025 2:15:00 AM,29.365016
6/1/2025 2:20:00 AM,29.043673
6/1/2025 2:25:00 AM,29.280270
6/1/2025 2:30:00 AM,29.283126
6/1/2025 2:35:00 AM,28.182726
6/1/2025 2:40:00 AM,30.164763
6/1/2025 2:45:00 AM,30.882333
6/1/2025 2:50:00 AM,31.042543
6/1/2025 2:55:00 AM,30.683726
6/1/2025 3:00:00 AM,34.217940
6/1/2025 3:05:00 AM,34.217940
6/1/2025 3:10:00 AM,34.217940
6/1/2025 3:15:00 AM,33.583103
6/1/2025 3:20:00 AM,33.583103
6/1/2025 3:25:00 AM,33.583103
6/1/2025 3:30:00 AM,30.835450
6/1/2025 3:35:00 AM,31.816836
6/1/2025 3:40:00 AM,33.789600
6/1/2025 3:45:00 AM,33.775513
6/1/2025 3:50:00 AM,33.775513
6/1/2025 3:55:00 AM,33.775513
6/1/2025 4:00:00 AM,33.165523
6/1/2025 4:05:00 AM,33.077600
6/1/2025 4:10:00 AM,33.503160
6/1/2025 4:15:00 AM,33.904283
6/1/2025 4:20:00 AM,33.904283
6/1/2025 4:25:00 AM,33.904283
6/1/2025 4:30:00 AM,33.797906
6/1/2025 4:35:00 AM,34.251420
6/1/2025 4:40:00 AM,32.207010
6/1/2025 4:45:00 AM,33.287016
6/1/2025 4:50:00 AM,33.269393
6/1/2025 4:55:00 AM,32.230480
6/1/2025 5:00:00 AM,31.223930
6/1/2025 5:05:00 AM,28.501580
6/1/2025 5:10:00 AM,28.275560
6/1/2025 5:15:00 AM,30.962443
6/1/2025 5:20:00 AM,30.329176
6/1/2025 5:25:00 AM,29.227743
6/1/2025 5:30:00 AM,31.215516
6/1/2025 5:35:00 AM,30.662273
6/1/2025 5:40:00 AM,30.571710
6/1/2025 5:45:00 AM,30.142753
6/1/2025 5:50:00 AM,30.142753
6/1/2025 5:55:00 AM,30.143533
6/1/2025 6:00:00 AM,32.503160
6/1/2025 6:05:00 AM,33.205033
6/1/2025 6:10:00 AM,32.655356
6/1/2025 6:15:00 AM,31.947970
6/1/2025 6:20:00 AM,26.881756
6/1/2025 6:25:00 AM,30.655613
6/1/2025 6:30:00 AM,32.290800
6/1/2025 6:35:00 AM,29.430543
6/1/2025 6:40:00 AM,28.445390
6/1/2025 6:45:00 AM,27.873386
6/1/2025 6:50:00 AM,27.368976
6/1/2025 6:55:00 AM,25.834913
6/1/2025 7:00:00 AM,29.311180
6/1/2025 7:05:00 AM,29.691653
6/1/2025 7:10:00 AM,29.691653
6/1/2025 7:15:00 AM,29.343653
6/1/2025 7:20:00 AM,27.147836
6/1/2025 7:25:00 AM,24.006283
6/1/2025 7:30:00 AM,19.777580
6/1/2025 7:35:00 AM,23.912550
6/1/2025 7:40:00 AM,17.346523
6/1/2025 7:45:00 AM,16.092056
6/1/2025 7:50:00 AM,12.516970
6/1/2025 7:55:00 AM,12.044053
6/1/2025 8:00:00 AM,21.576906
6/1/2025 8:05:00 AM,22.293893
6/1/2025 8:10:00 AM,20.896093
6/1/2025 8:15:00 AM,21.734310
6/1/2025 8:20:00 AM,17.849120
6/1/2025 8:25:00 AM,19.505926
6/1/2025 8:30:00 AM,22.985996
6/1/2025 8:35:00 AM,22.755033
6/1/2025 8:40:00 AM,22.131506
6/1/2025 8:45:00 AM,20.100586
6/1/2025 8:50:00 AM,19.765123
6/1/2025 8:55:00 AM,19.810343
6/1/2025 9:00:00 AM,22.429210
6/1/2025 9:05:00 AM,24.183163
6/1/2025 9:10:00 AM,20.880563
6/1/2025 9:15:00 AM,22.998903
6/1/2025 9:20:00 AM,22.150383
6/1/2025 9:25:00 AM,21.565486
6/1/2025 9:30:00 AM,20.425323
6/1/2025 9:35:00 AM,20.571486
6/1/2025 9:40:00 AM,22.721980
6/1/2025 9:45:00 AM,21.279000
6/1/2025 9:50:00 AM,21.182626
6/1/2025 9:55:00 AM,21.915473
6/1/2025 10:00:00 AM,20.391830
6/1/2025 10:05:00 AM,12.383383
6/1/2025 10:10:00 AM,12.522123
6/1/2025 10:15:00 AM,11.820150
6/1/2025 10:20:00 AM,6.867986
6/1/2025 10:25:00 AM,11.481053
6/1/2025 10:30:00 AM,18.297123
6/1/2025 10:35:00 AM,12.558936
6/1/2025 10:40:00 AM,17.642113
6/1/2025 10:45:00 AM,17.462906
6/1/2025 10:50:00 AM,12.530296
6/1/2025 10:55:00 AM,16.737043
6/1/2025 11:00:00 AM,15.286886
6/1/2025 11:05:00 AM,14.411363
6/1/2025 11:10:00 AM,25.169883
6/1/2025 11:15:00 AM,22.729616
6/1/2025 11:20:00 AM,19.843633
6/1/2025 11:25:00 AM,22.696996
6/1/2025 11:30:00 AM,23.004393
6/1/2025 11:35:00 AM,24.344990
6/1/2025 11:40:00 AM,25.442403
6/1/2025 11:45:00 AM,23.261286
6/1/2025 11:50:00 AM,23.566830
6/1/2025 11:55:00 AM,24.591603
6/1/2025 12:00:00 PM,18.277890
6/1/2025 12:05:00 PM,17.389620
6/1/2025 12:10:00 PM,17.899443
6/1/2025 12:15:00 PM,18.157280
6/1/2025 12:20:00 PM,19.126336
6/1/2025 12:25:00 PM,19.801696
6/1/2025 12:30:00 PM,20.859383
6/1/2025 12:35:00 PM,21.729926
6/1/2025 12:40:00 PM,21.742000
6/1/2025 12:45:00 PM,20.663613
6/1/2025 12:50:00 PM,21.150080
6/1/2025 12:55:00 PM,22.292653
6/1/2025 1:00:00 PM,19.428653
6/1/2025 1:05:00 PM,19.649233
6/1/2025 1:10:00 PM,19.885920
6/1/2025 1:15:00 PM,24.367556
6/1/2025 1:20:00 PM,25.756510
6/1/2025 1:25:00 PM,27.858010
6/1/2025 1:30:00 PM,28.095963
6/1/2025 1:35:00 PM,26.567740
6/1/2025 1:40:00 PM,27.868426
6/1/2025 1:45:00 PM,26.729060
6/1/2025 1:50:00 PM,29.182706
6/1/2025 1:55:00 PM,30.776770
6/1/2025 2:00:00 PM,29.023576
6/1/2025 2:05:00 PM,32.732980
6/1/2025 2:10:00 PM,31.367670
6/1/2025 2:15:00 PM,31.655066
6/1/2025 2:20:00 PM,25.091060
6/1/2025 2:25:00 PM,29.367163
6/1/2025 2:30:00 PM,22.491890
6/1/2025 2:35:00 PM,27.736520
6/1/2025 2:40:00 PM,23.536976
6/1/2025 2:45:00 PM,27.669416
6/1/2025 2:50:00 PM,26.168873
6/1/2025 2:55:00 PM,23.797393
6/1/2025 3:00:00 PM,27.517650
6/1/2025 3:05:00 PM,29.606613
6/1/2025 3:10:00 PM,31.300180
6/1/2025 3:15:00 PM,30.791883
6/1/2025 3:20:00 PM,30.864816
6/1/2025 3:25:00 PM,30.099633
6/1/2025 3:30:00 PM,34.457906
6/1/2025 3:35:00 PM,34.923793
6/1/2025 3:40:00 PM,37.820556
6/1/2025 3:45:00 PM,36.161326
6/1/2025 3:50:00 PM,39.365970
6/1/2025 3:55:00 PM,39.786570
6/1/2025 4:00:00 PM,35.585076
6/1/2025 4:05:00 PM,30.857540
6/1/2025 4:10:00 PM,27.658616
6/1/2025 4:15:00 PM,31.424143
6/1/2025 4:20:00 PM,31.516580
6/1/2025 4:25:00 PM,32.007480
6/1/2025 4:30:00 PM,31.070146
6/1/2025 4:35:00 PM,29.583660
6/1/2025 4:40:00 PM,27.533543
6/1/2025 4:45:00 PM,31.690610
6/1/2025 4:50:00 PM,29.700996
6/1/2025 4:55:00 PM,28.738320
6/1/2025 5:00:00 PM,29.115873
6/1/2025 5:05:00 PM,29.270890
6/1/2025 5:10:00 PM,29.453783
6/1/2025 5:15:00 PM,29.473433
6/1/2025 5:20:00 PM,29.438396
6/1/2025 5:25:00 PM,30.873110
6/1/2025 5:30:00 PM,30.537326
6/1/2025 5:35:00 PM,33.479080
6/1/2025 5:40:00 PM,34.605280
6/1/2025 5:45:00 PM,37.329543
6/1/2025 5:50:00 PM,36.912313
6/1/2025 5:55:00 PM,38.878976
6/1/2025 6:00:00 PM,34.385013
6/1/2025 6:05:00 PM,35.136230
6/1/2025 6:10:00 PM,35.743980
6/1/2025 6:15:00 PM,36.292516
6/1/2025 6:20:00 PM,36.595813
6/1/2025 6:25:00 PM,34.622843
6/1/2025 6:30:00 PM,36.836756
6/1/2025 6:35:00 PM,37.372643
6/1/2025 6:40:00 PM,38.949226
6/1/2025 6:45:00 PM,40.630066
6/1/2025 6:50:00 PM,42.061686
6/1/2025 6:55:00 PM,43.862026
6/1/2025 7:00:00 PM,38.254596
6/1/2025 7:05:00 PM,39.325013
6/1/2025 7:10:00 PM,39.569853
6/1/2025 7:15:00 PM,40.169320
6/1/2025 7:20:00 PM,40.851210
6/1/2025 7:25:00 PM,41.448140
6/1/2025 7:30:00 PM,42.403236
6/1/2025 7:35:00 PM,42.934790
6/1/2025 7:40:00 PM,43.213610
6/1/2025 7:45:00 PM,43.581630
6/1/2025 7:50:00 PM,43.205113
6/1/2025 7:55:00 PM,43.118263
6/1/2025 8:00:00 PM,41.764740
6/1/2025 8:05:00 PM,41.727196
6/1/2025 8:10:00 PM,41.727196
6/1/2025 8:15:00 PM,42.341566
6/1/2025 8:20:00 PM,42.580223
6/1/2025 8:25:00 PM,42.705393
6/1/2025 8:30:00 PM,37.334380
6/1/2025 8:35:00 PM,38.859380
6/1/2025 8:40:00 PM,43.266756
6/1/2025 8:45:00 PM,42.711786
6/1/2025 8:50:00 PM,43.588420
6/1/2025 8:55:00 PM,43.613970
6/1/2025 9:00:00 PM,42.488506
6/1/2025 9:05:00 PM,42.566303
6/1/2025 9:10:00 PM,42.689616
6/1/2025 9:15:00 PM,41.811233
6/1/2025 9:20:00 PM,42.378296
6/1/2025 9:25:00 PM,41.934240
6/1/2025 9:30:00 PM,41.413760
6/1/2025 9:35:00 PM,40.810346
6/1/2025 9:40:00 PM,40.644803
6/1/2025 9:45:00 PM,40.230903
6/1/2025 9:50:00 PM,40.230903
6/1/2025 9:55:00 PM,40.201660
6/1/2025 10:00:00 PM,41.333446
6/1/2025 10:05:00 PM,41.910163
6/1/2025 10:10:00 PM,41.286210
6/1/2025 10:15:00 PM,41.017476
6/1/2025 10:20:00 PM,40.619236
6/1/2025 10:25:00 PM,40.396133
6/1/2025 10:30:00 PM,39.712906
6/1/2025 10:35:00 PM,38.575570
6/1/2025 10:40:00 PM,38.059593
6/1/2025 10:45:00 PM,37.641133
6/1/2025 10:50:00 PM,37.702383
6/1/2025 10:55:00 PM,37.683950
6/1/2025 11:00:00 PM,40.518720
6/1/2025 11:05:00 PM,40.376143
6/1/2025 11:10:00 PM,39.530716
6/1/2025 11:15:00 PM,39.026786
6/1/2025 11:20:00 PM,39.026786
6/1/2025 11:25:00 PM,38.675056
6/1/2025 11:30:00 PM,37.325376
6/1/2025 11:35:00 PM,36.372150
6/1/2025 11:40:00 PM,35.568823
6/1/2025 11:45:00 PM,35.390596
6/1/2025 11:50:00 PM,35.490573
6/1/2025 11:55:00 PM,37.024630
