price,profit,profit_actual,P_ESS,P_ESS_controlled,P_ESS_passive,P_ESS_actual,SOC_controlled,P_natural_gas,P_natural_gas_actual,P_renewable_absorbed,marginal_price_gas,marginal_price_gas_actual,marginal_price_gas_withoutESS,cost,cost_actual,cost_withoutESS,carbon,carbon_actual,carbon_withoutESS,total_profit,total_profit_actual,total_cost,total_cost_actual,total_cost_withoutESS,total_carbon,total_carbon_actual,total_carbon_withoutESS,total_absorb
43.629278750000005,104789.53031070514,62618.92232593751,2401.8167000000003,1253.6167,1148.2,1435.25,-2.5425883481977607e-09,6628.599966666667,7595.166666666667,0.0,36.81294353290304,36.91444713464553,37.67408287333122,220682.71918089758,256351.26310895284,309695.29943606415,2236.2252245067034,2597.4615978871825,3143.6801108822315,36100152.11872314,29899782.03574772,180335492.784883,182765156.38485706,190825396.17999622,1826055.5231213712,1850645.429328646,1931672.1455205712,75599.71236666669
42.428809916666665,51058.82985371667,63823.537317145834,1203.4,0.0,1203.4,1504.25,-2.5425883481977607e-09,7651.766666666666,7350.916666666667,0.0,36.91444713464553,36.91444713464553,37.38267504946703,258440.62081677376,247334.90939631566,303136.10452056077,2618.8988738161147,2504.95179849422,3076.684198401118,36100152.11872314,29899782.03574772,180335492.784883,182765156.38485706,190825396.17999622,1826055.5231213712,1850645.429328646,1931672.1455205712,75599.71236666669
42.702231000000005,35784.469578000004,44730.58697250001,838.0,0.0,838.0,1047.5,-2.5425883481977607e-09,7416.416666666667,7206.916666666667,0.0,36.91444713464553,36.8984215940507,36.91444713464553,249752.80568363494,242021.05244835408,280687.11238246795,2529.7599535003164,2451.209943839119,2847.1528373951087,36100152.11872314,29899782.03574772,180335492.784883,182765156.38485706,190825396.17999622,1826055.5231213712,1850645.429328646,1931672.1455205712,75599.71236666669
43.97750675,18995.351082216668,23744.188852770832,431.93333333333334,0.0,431.93333333333334,539.9166666666666,-2.5425883481977607e-09,7333.150000000001,7225.166666666667,0.0,36.91444713464553,36.8984215940507,36.91444713464553,246679.06271889014,242694.4486424455,262623.6429179147,2498.2226653551616,2457.994112544596,2661.8176132274257,36100152.11872314,29899782.03574772,180335492.784883,182765156.38485706,190825396.17999622,1826055.5231213712,1850645.429328646,1931672.1455205712,75599.71236666669
40.81211325,9849.323331000001,12311.654163750001,241.33333333333337,0.0,241.33333333333337,301.6666666666667,-2.5425883481977607e-09,7306.083333333333,7245.75,0.0,36.8984215940507,36.8984215940507,36.91444713464553,245680.1459230974,243453.9411535897,254588.59825827353,2488.073691599472,2465.6456635503164,2579.376263512509,36100152.11872314,29899782.03574772,180335492.784883,182765156.38485706,190825396.17999622,1826055.5231213712,1850645.429328646,1931672.1455205712,75599.71236666669
40.26669858333333,15038.269697588888,18797.837121986107,373.4666666666667,0.0,373.4666666666667,466.8333333333333,-2.5425883481977607e-09,7371.95,7278.583333333333,0.0,36.91444713464553,36.8984215940507,36.91444713464553,248111.34326771437,244665.43932926102,261897.6587909333,2512.918183129765,2477.8509716323156,2654.3688542179607,36100152.11872314,29899782.03574772,180335492.784883,182765156.38485706,190825396.17999622,1826055.5231213712,1850645.429328646,1931672.1455205712,75599.71236666669
41.997894083333335,32189.985885072227,40237.48235634028,766.4666666666667,0.0,766.4666666666667,958.0833333333334,-2.5425883481977607e-09,7506.366666666667,7314.75,0.0,36.91444713464553,36.8984215940507,37.18587104120103,253073.26020339632,245999.93224357918,281368.8855029648,2563.828557207162,2491.2953972860914,2854.072901317882,36100152.11872314,29899782.03574772,180335492.784883,182765156.38485706,190825396.17999622,1826055.5231213712,1850645.429328646,1931672.1455205712,75599.71236666669
35.10759508333333,-54579.99226972176,511.9857616319444,-1554.6491333333333,-1566.3158,11.666666666666668,14.583333333333334,0.10782608513857107,8037.649133333333,6468.416666666667,0.0,36.91444713464553,36.81294353290304,36.81294353290304,272685.25873272703,214785.9004030835,215322.75582960498,2765.0520348420923,2175.4344577199304,2180.968942373702,36100152.11872314,29899782.03574772,180335492.784883,182765156.38485706,190825396.17999622,1826055.5231213712,1850645.429328646,1931672.1455205712,75599.71236666669
27.455276666666666,-110298.82848066668,-82276.60035083334,-4017.4,-1620.0,-2397.4,-2996.75,0.21934782426900584,4570.483333333334,3549.833333333333,0.0,36.52346033887948,35.70685327864115,23.72897249884988,145186.08542392158,108270.7883961528,11109.556499185484,1467.597542328646,1093.4618769092901,113.5240243194323,36100152.11872314,29899782.03574772,180335492.784883,182765156.38485706,190825396.17999622,1826055.5231213712,1850645.429328646,1931672.1455205712,75599.71236666669
20.390155333333336,-131411.83243595558,-122974.72599494446,-6444.866666666667,-1620.0,-4824.866666666667,-6031.083333333333,0.3308695633994406,2859.2833333333338,2445.5,0.0,34.6926525275873,34.40678741940975,0.0,83794.79347516973,69545.43650619852,0.0,855.3832787678252,708.559113041319,0.0,36100152.11872314,29899782.03574772,180335492.784883,182765156.38485706,190825396.17999622,1826055.5231213712,1850645.429328646,1931672.1455205712,75599.71236666669
21.545394666666667,-139253.63116924444,-130437.61476155555,-6463.266666666666,-1620.0,-4843.266666666666,-6054.083333333333,0.4423913025298754,2684.0166666666664,2276.833333333333,2.0,34.40678741940975,34.40678741940975,0.0,77752.02875218472,63742.15836145805,0.0,793.1614980262323,648.732676311019,0.0,36100152.11872314,29899782.03574772,180335492.784883,182765156.38485706,190825396.17999622,1826055.5231213712,1850645.429328646,1931672.1455205712,75599.71236666669
24.48335933333333,-156939.9655506222,-146596.15428827776,-6410.066666666667,-1620.0,-4790.066666666667,-5987.583333333333,0.5539130416603102,2755.7333333333336,2333.25,0.0,34.40678741940975,34.40678741940975,0.0,80219.5688566134,65683.27461836976,0.0,818.5995570430784,668.7437917588517,0.0,36100152.11872314,29899782.03574772,180335492.784883,182765156.38485706,190825396.17999622,1826055.5231213712,1850645.429328646,1931672.1455205712,75599.71236666669
23.93106408333333,-158881.52525779442,-150141.50180349304,-6639.133333333334,-1620.0,-5019.133333333334,-6273.916666666667,0.665434780790745,2690.966666666667,2331.75,6.0,34.40678741940975,34.40678741940975,0.0,77991.15592474965,65631.66443724064,0.0,795.626678274902,668.211738467772,0.0,36100152.11872314,29899782.03574772,180335492.784883,182765156.38485706,190825396.17999622,1826055.5231213712,1850645.429328646,1931672.1455205712,75599.71236666669
16.06272966666667,-98232.15870082226,-90263.1708010278,-6115.533333333334,-1620.0,-4495.533333333334,-5619.416666666667,0.7769565199211799,2534.616666666667,2369.5,331.0,34.40678741940975,34.40678741940975,0.0,72611.65471172491,66930.52066232337,0.0,740.16899023469,681.6017462932788,0.0,36100152.11872314,29899782.03574772,180335492.784883,182765156.38485706,190825396.17999622,1826055.5231213712,1850645.429328646,1931672.1455205712,75599.71236666669
7.225079833333333,-32531.162785577777,-26033.16681947222,-4502.533333333333,-1620.0,-2882.5333333333333,-3603.1666666666665,0.8884782590516147,2575.0,2575.0,899.3666666666663,34.40678741940975,34.40678741940975,0.0,74001.11547701208,74001.11547701208,0.0,754.4930471712036,754.4930471712036,0.0,36100152.11872314,29899782.03574772,180335492.784883,182765156.38485706,190825396.17999622,1826055.5231213712,1850645.429328646,1931672.1455205712,75599.71236666669
19.837632666666668,-43363.742500488894,-14033.471975611112,-2185.9333333333334,-1620.0,-565.9333333333333,-707.4166666666666,0.9999999981820495,4152.016666666666,3224.5,551.0,36.05783602834195,35.51660800667222,34.40678741940975,129980.7756137059,96715.74119070456,72008.38903897126,1312.3168177181033,981.667868944962,733.9498784322913,36100152.11872314,29899782.03574772,180335492.784883,182765156.38485706,190825396.17999622,1826055.5231213712,1850645.429328646,1931672.1455205712,75599.71236666669
40.44952516666667,94972.78845632223,113154.1758599861,2347.9333333333334,110.0,2237.9333333333334,2797.4166666666665,0.99160945661073,5218.566666666666,4769.083333333333,0.0,36.54519337464469,36.54519337464469,36.91444713464553,168869.09735618343,152442.6420208369,255293.04895775966,1707.6978940978536,1541.4059955250327,2586.6040847547433,36100152.11872314,29899782.03574772,180335492.784883,182765156.38485706,190825396.17999622,1826055.5231213712,1850645.429328646,1931672.1455205712,75599.71236666669
43.1475705,225233.19451469998,211426.691080875,5220.066666666667,1300.0,3920.0666666666666,4900.083333333333,0.8924485107678619,5122.099999999999,5442.083333333333,0.0,36.54519337464469,36.60593305519212,37.69420731834162,165343.70436864274,177039.3571385465,359127.3498138202,1672.008861914996,1790.5374820278498,3632.4003555306354,36100152.11872314,29899782.03574772,180335492.784883,182765156.38485706,190825396.17999622,1826055.5231213712,1850645.429328646,1931672.1455205712,75599.71236666669
40.38621941666666,195824.70070753334,179153.26933233332,4848.8,1300.0,3548.8,4436.0,0.7932875649249939,5086.116666666667,5498.916666666667,0.0,36.54519337464469,36.75289233779517,37.69420731834162,164028.68649371178,179126.5569101711,343776.3838834257,1658.6963842918467,1811.688203721304,3485.096350451066,36100152.11872314,29899782.03574772,180335492.784883,182765156.38485706,190825396.17999622,1826055.5231213712,1850645.429328646,1931672.1455205712,75599.71236666669
41.057082916666666,172959.80463361111,149481.99605243056,4212.666666666667,1300.0,2912.666666666667,3640.8333333333335,0.6941266190821258,5128.75,5700.583333333333,0.0,36.54519337464469,36.75289233779517,37.67408287333122,165586.72990458415,186538.39019829308,321411.9392096701,1674.469111369205,1886.5764857123802,3262.8650085039994,36100152.11872314,29899782.03574772,180335492.784883,182765156.38485706,190825396.17999622,1826055.5231213712,1850645.429328646,1931672.1455205712,75599.71236666669
42.02813908333333,158286.37741565,129562.24575914582,3766.2000000000003,1300.0,2466.2000000000003,3082.75,0.5949656732392578,5100.883333333333,5784.333333333333,0.0,36.54519337464469,36.75289233779517,37.38267504946703,164568.33718254403,189616.44493158345,303581.5813982335,1664.1594946087112,1917.6767846384264,3081.2418288953263,36100152.11872314,29899782.03574772,180335492.784883,182765156.38485706,190825396.17999622,1826055.5231213712,1850645.429328646,1931672.1455205712,75599.71236666669
41.29396566666667,136578.4149769778,103620.32451288891,3307.466666666667,1300.0,2007.466666666667,2509.3333333333335,0.4958047273963897,4968.199999999999,5766.333333333333,0.0,36.54519337464469,36.75289233779517,37.19079073772711,159719.39910828488,188954.89286950312,281474.2472748035,1615.0716602604507,1910.9925412871567,2855.1343747944547,36100152.11872314,29899782.03574772,180335492.784883,182765156.38485706,190825396.17999622,1826055.5231213712,1850645.429328646,1931672.1455205712,75599.71236666669
39.86422916666666,54513.00457777777,68141.25572222221,1367.4666666666667,0.0,1367.4666666666667,1709.3333333333333,0.4958047273963897,6226.783333333334,5884.916666666667,0.0,36.81294353290304,36.75289233779517,36.91444713464553,205890.66614741637,193313.17335256003,256317.42486574608,2083.732790850929,1955.0280889207527,2597.1144099672497,36100152.11872314,29899782.03574772,180335492.784883,182765156.38485706,190825396.17999622,1826055.5231213712,1850645.429328646,1931672.1455205712,75599.71236666669
40.53815050000001,83530.21037693335,38538.26840866667,2060.5333333333333,1300.0,760.5333333333333,950.6666666666666,0.39664378155352165,4899.216666666666,6009.083333333333,0.0,36.54519337464469,36.75289233779517,36.8984215940507,157198.38985199068,197876.6574845029,232900.99257769118,1589.550425947243,2001.1369898160845,2359.3293758918862,36100152.11872314,29899782.03574772,180335492.784883,182765156.38485706,190825396.17999622,1826055.5231213712,1850645.429328646,1931672.1455205712,75599.71236666669
41.60376841666667,65229.16170821111,13930.328458180555,1567.8666666666668,1300.0,267.8666666666667,334.8333333333333,0.2974828357106536,5242.216666666666,6475.25,0.0,36.54519337464469,36.81294353290304,36.8984215940507,169733.3911794938,215037.455517225,227378.52881244826,1716.4475030590622,2178.0277591005547,2303.6929969191183,36100152.11872314,29899782.03574772,180335492.784883,182765156.38485706,190825396.17999622,1826055.5231213712,1850645.429328646,1931672.1455205712,75599.71236666669
40.41494641666667,60304.4887131889,9706.32296440278,1492.1333333333332,1300.0,192.13333333333333,240.16666666666666,0.19832188986778554,4847.616666666667,6099.583333333333,0.0,36.54519337464469,36.81294353290304,36.81294353290304,155312.65787385902,201208.0597300311,210049.30166851665,1570.4603700318792,2035.4594344194063,2126.604490260371,36100152.11872314,29899782.03574772,180335492.784883,182765156.38485706,190825396.17999622,1826055.5231213712,1850645.429328646,1931672.1455205712,75599.71236666669
39.40940558333333,-754.0332934944445,-942.5416168680556,-19.133333333333336,0.0,-19.133333333333336,-23.916666666666668,0.19832188986778554,5915.716666666666,5920.5,0.0,36.75289233779517,36.75289233779517,36.75289233779517,194445.1624365641,194620.9637715799,193741.95709650093,1966.4655719884804,1968.2418477679382,1959.3604688706494,36100152.11872314,29899782.03574772,180335492.784883,182765156.38485706,190825396.17999622,1826055.5231213712,1850645.429328646,1931672.1455205712,75599.71236666669
39.13510458333334,-9392.4251,-11740.531375,-240.0,0.0,-240.0,-300.0,0.19832188986778554,6111.416666666667,6171.416666666667,0.0,36.81294353290304,36.81294353290304,36.75289233779517,201643.6795618371,203852.4561738113,192817.0093059998,2039.9502733956094,2062.7207245425543,1950.0149064073005,36100152.11872314,29899782.03574772,180335492.784883,182765156.38485706,190825396.17999622,1826055.5231213712,1850645.429328646,1931672.1455205712,75599.71236666669
37.911318083333335,500.2044582127064,6590.250793486111,13.194066666666686,-125.8726,139.0666666666667,173.83333333333334,0.20698703262140872,6440.4726,6279.833333333333,0.0,36.81294353290304,36.81294353290304,36.81294353290304,213757.1970548038,207843.59280183684,214242.90948597316,2164.829474305259,2103.8656647400194,2169.836721812973,36100152.11872314,29899782.03574772,180335492.784883,182765156.38485706,190825396.17999622,1826055.5231213712,1850645.429328646,1931672.1455205712,75599.71236666669
41.317802416666666,43375.428977016665,54219.286221270835,1049.8,0.0,1049.8,1312.25,0.20698703262140872,6692.366666666667,6429.916666666667,0.0,36.8984215940507,36.81294353290304,36.91444713464553,223034.96961713527,213368.60207706672,261777.68683774574,2259.9335598718285,2160.8234182339743,2653.1379152291092,36100152.11872314,29899782.03574772,180335492.784883,182765156.38485706,190825396.17999622,1826055.5231213712,1850645.429328646,1931672.1455205712,75599.71236666669
43.0341955,157622.78233103332,127097.91022629167,3662.733333333333,1300.0,2362.733333333333,2953.4166666666665,0.10782608677854068,6314.933333333333,7024.25,0.0,36.81294353290304,36.8984215940507,37.69420731834162,209135.72711984176,235280.94077050747,345387.8112462847,2117.186378660982,2383.3063009057632,3500.559201813009,36100152.11872314,29899782.03574772,180335492.784883,182765156.38485706,190825396.17999622,1826055.5231213712,1850645.429328646,1931672.1455205712,75599.71236666669
38.9625295,61745.219249633345,77181.52406204167,1584.7333333333336,0.0,1584.7333333333336,1980.9166666666667,0.10782608677854068,7411.683333333333,7015.5,0.0,36.91444713464553,36.8984215940507,37.38267504946703,249578.07730053095,234958.07958155952,308416.40737129794,2527.967201331937,2380.0536172798493,3130.706461951361,36100152.11872314,29899782.03574772,180335492.784883,182765156.38485706,190825396.17999622,1826055.5231213712,1850645.429328646,1931672.1455205712,75599.71236666669
30.883926833333334,-112627.50437580001,-78244.42863225,-3646.8,-1620.0,-2026.8000000000002,-2533.5,0.21934782590897545,6054.633333333333,4956.333333333333,15.0,36.81294353290304,36.54519337464469,34.40678741940975,199553.31791822708,159285.72948023913,68765.54932469188,2018.4005714351536,1610.6814406830158,700.5191966427806,36100152.11872314,29899782.03574772,180335492.784883,182765156.38485706,190825396.17999622,1826055.5231213712,1850645.429328646,1931672.1455205712,75599.71236666669
24.78969825,-146579.8331057,-133025.652425875,-5912.933333333333,-1620.0,-4292.933333333333,-5366.166666666667,0.33086956503941023,4286.599999999999,3860.833333333333,121.0,36.14366306779496,36.05783602834195,0.0,134835.82643394082,119481.33472618653,0.0,1361.3727477500386,1206.437004572013,0.0,36100152.11872314,29899782.03574772,180335492.784883,182765156.38485706,190825396.17999622,1826055.5231213712,1850645.429328646,1931672.1455205712,75599.71236666669
21.825549,-137412.2014674,-127568.51510925,-6295.933333333333,-1620.0,-4675.933333333333,-5844.916666666667,0.442391304169845,3668.4333333333334,3466.416666666667,249.0,36.05783602834195,35.51660800667222,0.0,112543.80707433356,105307.80061098536,0.0,1136.4766953190529,1064.786770147806,0.0,36100152.11872314,29899782.03574772,180335492.784883,182765156.38485706,190825396.17999622,1826055.5231213712,1850645.429328646,1931672.1455205712,75599.71236666669
21.929098749999998,-152060.75655225,-145669.5207215625,-6934.200000000001,-1620.0,-5314.200000000001,-6642.75,0.5539130433002798,3509.2000000000007,3461.75,244.0,35.51660800667222,35.51660800667222,0.0,106827.31949020417,105142.05644028755,0.0,1079.4864752382437,1063.1833741893631,0.0,36100152.11872314,29899782.03574772,180335492.784883,182765156.38485706,190825396.17999622,1826055.5231213712,1850645.429328646,1931672.1455205712,75599.71236666669
21.389166583333335,-145085.5688236278,-138043.89869828473,-6783.133333333334,-1620.0,-5163.133333333334,-6453.916666666667,0.6654347824307145,3489.883333333334,3399.666666666667,239.0,35.51660800667222,35.51660800667222,0.0,106141.25701220862,102937.06702654,0.0,1072.8495612531183,1041.8524815279377,0.0,36100152.11872314,29899782.03574772,180335492.784883,182765156.38485706,190825396.17999622,1826055.5231213712,1850645.429328646,1931672.1455205712,75599.71236666669
18.812023166666666,-113027.65172484444,-103190.21774355555,-6008.266666666666,-1620.0,-4388.266666666666,-5485.333333333333,0.7769565215611494,3741.1000000000004,3392.166666666667,174.0,36.05783602834195,35.51660800667222,0.0,115164.00982572642,102670.69246648994,0.0,1162.899681142243,1039.2755951661547,0.0,36100152.11872314,29899782.03574772,180335492.784883,182765156.38485706,190825396.17999622,1826055.5231213712,1850645.429328646,1931672.1455205712,75599.71236666669
11.170582916666667,-55147.67844852779,-46314.16765440972,-4936.866666666667,-1620.0,-3316.866666666667,-4146.083333333333,0.8884782606915842,3954.7000000000007,3542.916666666667,379.0,36.05783602834195,35.51660800667222,0.0,122865.96360138027,108024.82112349579,0.0,1240.5687146995836,1091.0710110379923,0.0,36100152.11872314,29899782.03574772,180335492.784883,182765156.38485706,190825396.17999622,1826055.5231213712,1850645.429328646,1931672.1455205712,75599.71236666669
25.82413166666667,-51844.526734000014,-12511.791792500002,-2007.6,-1620.0,-387.6,-484.5,0.999999999822019,5468.35,4187.25,242.0,36.75289233779517,36.05783602834195,36.05783602834195,178003.14350104582,131251.21336977117,113781.19181403948,1800.337368252574,1325.128329651641,1148.954889770876,36100152.11872314,29899782.03574772,180335492.784883,182765156.38485706,190825396.17999622,1826055.5231213712,1850645.429328646,1931672.1455205712,75599.71236666669
44.902280499999996,130034.01084263333,156368.44998454166,2895.9333333333334,110.0,2785.9333333333334,3482.4166666666665,0.9916094582506995,6610.15,6023.666666666667,0.0,36.81294353290304,36.81294353290304,37.67408287333122,220003.5215998136,198413.34376682487,327615.60485614534,2229.2233234292685,2006.648488593203,3325.9704098171337,36100152.11872314,29899782.03574772,180335492.784883,182765156.38485706,190825396.17999622,1826055.5231213712,1850645.429328646,1931672.1455205712,75599.71236666669
47.712304416666676,266209.21208264446,255229.02042622227,5579.466666666666,1300.0,4279.466666666666,5349.333333333333,0.8924485124078314,6978.283333333334,7208.416666666667,0.0,36.8984215940507,36.8984215940507,38.21983657836123,233584.84332456763,242076.40008074514,443319.58592031593,2366.2188695909645,2451.7675467464187,4483.352708071922,36100152.11872314,29899782.03574772,180335492.784883,182765156.38485706,190825396.17999622,1826055.5231213712,1850645.429328646,1931672.1455205712,75599.71236666669
44.540112416666666,167078.86969740002,208848.58712175,3751.2000000000003,0.0,3751.2000000000003,4689.0,0.8924485124078314,8284.3,7346.5,0.0,37.32648290634192,36.91444713464553,38.18856658576986,281795.6994274889,247171.87058813765,423359.2981562616,2858.364849944597,2503.2789839709076,4280.316697151696,36100152.11872314,29899782.03574772,180335492.784883,182765156.38485706,190825396.17999622,1826055.5231213712,1850645.429328646,1931672.1455205712,75599.71236666669
44.919610666666664,214964.2941656889,195711.0003737778,4785.533333333334,1300.0,3485.5333333333338,4356.916666666667,0.7932875665649634,7101.216666666666,7529.833333333333,0.0,36.8984215940507,36.91444713464553,38.10229658768639,238120.88928586288,253939.51922948932,417691.25371285056,2411.917525638084,2572.7165679574373,4223.175243622726,36100152.11872314,29899782.03574772,180335492.784883,182765156.38485706,190825396.17999622,1826055.5231213712,1850645.429328646,1931672.1455205712,75599.71236666669
44.816407166666664,168688.95657533332,138034.5340733333,3764.0,1300.0,2464.0,3080.0,0.6941266207220953,6891.166666666667,7575.166666666667,0.0,36.8984215940507,36.91444713464553,37.85179447916236,230370.37583003257,255612.97416625993,370928.58857901377,2333.8345318525835,2589.886588725016,3746.295549049037,36100152.11872314,29899782.03574772,180335492.784883,182765156.38485706,190825396.17999622,1826055.5231213712,1850645.429328646,1931672.1455205712,75599.71236666669
44.410590083333325,142131.6525027,105497.35674295832,3200.4,1300.0,1900.4,2375.5,0.5949656748792272,6934.266666666666,7759.166666666667,0.0,36.8984215940507,36.91444713464553,37.69420731834162,231960.69780073612,262405.23243903473,351305.8017952644,2349.8563220556543,2659.5766730169507,3557.3467495048267,36100152.11872314,29899782.03574772,180335492.784883,182765156.38485706,190825396.17999622,1826055.5231213712,1850645.429328646,1931672.1455205712,75599.71236666669
44.132556,59034.649076,73793.311345,1337.6666666666667,0.0,1337.6666666666667,1672.0833333333333,0.5949656748792272,8140.166666666666,7805.75,0.0,36.91444713464553,36.91444713464553,37.67408287333122,276469.63679733465,264124.8304347236,326551.3120149737,2803.8805975562295,2677.2201318571647,3315.144128923838,36100152.11872314,29899782.03574772,180335492.784883,182765156.38485706,190825396.17999622,1826055.5231213712,1850645.429328646,1931672.1455205712,75599.71236666669
42.67787566666667,18388.474028911118,22985.592536138895,430.86666666666673,0.0,430.86666666666673,538.5833333333334,0.5949656748792272,7866.466666666666,7758.75,0.0,36.91444713464553,36.91444713464553,37.38267504946703,266366.15261658217,262389.85141939524,282282.8022887997,2700.216597171976,2659.4188603260723,2863.3360968050524,36100152.11872314,29899782.03574772,180335492.784883,182765156.38485706,190825396.17999622,1826055.5231213712,1850645.429328646,1931672.1455205712,75599.71236666669
46.26754450000001,51810.39633110001,-10421.764398625002,1119.8,1300.0,-180.20000000000002,-225.25,0.4958047290363592,6443.783333333333,7788.833333333333,0.0,36.81294353290304,36.91444713464553,36.91444713464553,213879.0748940563,263500.3610373625,255185.3818202836,2166.085922499046,2670.812936607498,2585.499395918594,36100152.11872314,29899782.03574772,180335492.784883,182765156.38485706,190825396.17999622,1826055.5231213712,1850645.429328646,1931672.1455205712,75599.71236666669
45.822529083333336,-35316.95058216112,-44146.18822770139,-770.7333333333333,0.0,-770.7333333333333,-963.4166666666666,0.4958047290363592,7575.566666666667,7768.25,0.0,36.91444713464553,36.91444713464553,36.8984215940507,255627.73994511378,262740.5386671744,227184.81209907949,2590.038088908259,2663.0169896781017,2301.74138674357,36100152.11872314,29899782.03574772,180335492.784883,182765156.38485706,190825396.17999622,1826055.5231213712,1850645.429328646,1931672.1455205712,75599.71236666669
45.02256241666666,-40274.18283378889,-50342.72854223611,-894.5333333333334,0.0,-894.5333333333334,-1118.1666666666667,0.4958047290363592,7290.2,7513.833333333333,0.0,36.8984215940507,36.91444713464553,36.81294353290304,245094.07599344524,253348.88807533498,212107.7587610648,2482.169296369957,2566.6565606277036,2147.82528570426,36100152.11872314,29899782.03574772,180335492.784883,182765156.38485706,190825396.17999622,1826055.5231213712,1850645.429328646,1931672.1455205712,75599.71236666669
45.14856558333333,-42445.67145707778,-53057.08932134722,-940.1333333333334,0.0,-940.1333333333334,-1175.1666666666667,0.4958047290363592,7281.716666666667,7516.75,0.0,36.8984215940507,36.91444713464553,36.81294353290304,244781.05438358907,253456.55521281104,210116.7920649936,2479.0157421497856,2567.7612494638533,2127.3002540454168,36100152.11872314,29899782.03574772,180335492.784883,182765156.38485706,190825396.17999622,1826055.5231213712,1850645.429328646,1931672.1455205712,75599.71236666669
45.9429715,28432.573628966664,-39116.61165129166,618.8666666666667,1300.0,-681.1333333333333,-851.4166666666666,0.39664378319349114,6082.966666666667,7553.25,0.0,36.81294353290304,36.91444713464553,36.8984215940507,200596.35131832602,254803.9325332256,223384.27467489228,2029.1532844767667,2581.5856411848076,2263.4526537756738,36100152.11872314,29899782.03574772,180335492.784883,182765156.38485706,190825396.17999622,1826055.5231213712,1850645.429328646,1931672.1455205712,75599.71236666669
46.58717116666666,69793.79403048888,11538.089392277774,1498.1333333333332,1300.0,198.13333333333333,247.66666666666666,0.2974828373506231,6424.866666666667,7675.333333333333,0.0,36.81294353290304,36.91444713464553,36.91444713464553,213182.69671222556,259310.57128758024,268453.0493612608,2158.9069052624395,2627.8247596122014,2721.6286230703677,36100152.11872314,29899782.03574772,180335492.784883,182765156.38485706,190825396.17999622,1826055.5231213712,1850645.429328646,1931672.1455205712,75599.71236666669
45.318721333333336,133082.9570674667,92710.77416766668,2936.6000000000004,1300.0,1636.6000000000001,2045.75,0.19832189150775503,6718.066666666667,7608.916666666667,0.0,36.8984215940507,36.91444713464553,37.67408287333122,223983.25905210237,256858.8367570542,333213.34566974116,2269.487156350226,2602.6694166861726,3382.912176285412,36100152.11872314,29899782.03574772,180335492.784883,182765156.38485706,190825396.17999622,1826055.5231213712,1850645.429328646,1931672.1455205712,75599.71236666669
44.726316749999995,133567.69058775,94279.34851593748,2986.333333333333,1300.0,1686.3333333333333,2107.9166666666665,0.09916094566488699,6600.916666666666,7479.333333333333,0.0,36.81294353290304,36.91444713464553,37.67408287333122,219663.61542119313,252075.3396491897,330673.4845826974,2225.719204002766,2553.589669822966,3357.0760074279597,36100152.11872314,29899782.03574772,180335492.784883,182765156.38485706,190825396.17999622,1826055.5231213712,1850645.429328646,1931672.1455205712,75599.71236666669
43.05159891666667,-654.3843035333334,-817.9803794166668,-15.200000000000001,0.0,-15.200000000000001,-19.0,0.09916094566488699,7389.533333333333,7393.333333333333,0.0,36.91444713464553,36.91444713464553,36.91444713464553,248760.42229649852,248900.6971956102,248199.32270005194,2519.577878684837,2521.0171304256482,2513.82087172159,36100152.11872314,29899782.03574772,180335492.784883,182765156.38485706,190825396.17999622,1826055.5231213712,1850645.429328646,1931672.1455205712,75599.71236666669
47.47328641666666,26119.80218644999,-44494.337694020825,550.1999999999999,1300.0,-749.8000000000001,-937.25,-1.7798104656741032e-10,5448.883333333333,6936.333333333333,0.0,36.60593305519212,36.8984215940507,36.75289233779517,177288.2774833218,232036.95453869717,197509.12856112496,1793.0914597752653,2350.624574950156,1997.4235212876015,36100152.11872314,29899782.03574772,180335492.784883,182765156.38485706,190825396.17999622,1826055.5231213712,1850645.429328646,1931672.1455205712,75599.71236666669
39.31922075,-66048.42701585,-82560.5337698125,-1679.8000000000002,0.0,-1679.8000000000002,-2099.75,-1.7798104656741032e-10,5677.883333333333,6097.833333333333,0.0,36.75289233779517,36.81294353290304,36.05783602834195,185704.09954222516,201143.6370788485,124430.27272107647,1878.1469121527234,2034.7952962609538,1256.3437220614558,36100152.11872314,29899782.03574772,180335492.784883,182765156.38485706,190825396.17999622,1826055.5231213712,1850645.429328646,1931672.1455205712,75599.71236666669
35.19084916666666,-100286.88195516665,-125358.60244395831,-2849.8,0.0,-2849.8,-3562.25,-1.7798104656741032e-10,4543.716666666667,5256.166666666667,0.0,36.52346033887948,36.54519337464469,31.50941732619797,144208.47413551758,170243.1966270701,44398.628774991535,1457.538374024864,1721.6084774780418,450.93275243508924,36100152.11872314,29899782.03574772,180335492.784883,182765156.38485706,190825396.17999622,1826055.5231213712,1850645.429328646,1931672.1455205712,75599.71236666669
31.672524166666665,-157993.1080513889,-133354.5236267361,-4988.333333333334,-1620.0,-3368.333333333334,-4210.416666666667,0.11152173895245374,5716.083333333334,4956.166666666667,18.0,36.75289233779517,36.54519337464469,28.12786816854401,187108.06002952895,159279.63861467672,16145.039613295292,1892.3323619315292,1610.6197802956926,164.75989950806536,36100152.11872314,29899782.03574772,180335492.784883,182765156.38485706,190825396.17999622,1826055.5231213712,1850645.429328646,1931672.1455205712,75599.71236666669
33.27847008333334,-153282.85176850558,-124214.66279188197,-4606.0666666666675,-1620.0,-2986.066666666667,-3732.5833333333335,0.22304347808288852,5916.1500000000015,5052.666666666667,10.0,36.75289233779517,36.54519337464469,30.49979550102249,194461.08868991054,162806.24977532992,32744.832307046603,1966.6264889580486,1646.3211445560148,332.3990413538879,36100152.11872314,29899782.03574772,180335492.784883,182765156.38485706,190825396.17999622,1826055.5231213712,1850645.429328646,1931672.1455205712,75599.71236666669
31.824945333333336,-139694.53670915557,-110172.65658644446,-4389.466666666667,-1620.0,-2769.466666666667,-3461.8333333333335,0.33456521721332333,6160.300000000001,5233.666666666667,1.0,36.81294353290304,36.54519337464469,31.50941732619797,203443.21895153722,169420.9297761406,46853.73754165779,2058.501865955051,1713.2843251893655,476.2426631299462,36100152.11872314,29899782.03574772,180335492.784883,182765156.38485706,190825396.17999622,1826055.5231213712,1850645.429328646,1931672.1455205712,75599.71236666669
36.222598166666664,-38982.76014696666,-48728.45018370833,-1076.2,0.0,-1076.2,-1345.25,0.33456521721332333,5037.2,5306.25,0.0,36.54519337464469,36.54519337464469,36.05783602834195,162241.0174511354,172073.50172858356,123093.12796835879,1640.5990606123914,1740.1374238687615,1242.8595148466397,36100152.11872314,29899782.03574772,180335492.784883,182765156.38485706,190825396.17999622,1826055.5231213712,1850645.429328646,1931672.1455205712,75599.71236666669
40.83337291666667,111828.99729444445,73432.01562847222,2738.666666666667,1300.0,1438.6666666666667,1798.3333333333333,0.23540427137045528,5040.583333333333,5980.916666666667,0.0,36.54519337464469,36.75289233779517,36.91444713464553,162364.66202205294,196841.45101698837,263146.5975856555,1641.850766475059,1990.6773867941906,2667.1832447172933,36100152.11872314,29899782.03574772,180335492.784883,182765156.38485706,190825396.17999622,1826055.5231213712,1850645.429328646,1931672.1455205712,75599.71236666669
41.254142083333335,152483.5599684167,123566.46907510418,3696.2000000000003,1300.0,2396.2000000000003,2995.25,0.13624332552758722,5857.133333333333,6558.083333333333,0.0,36.75289233779517,36.81294353290304,37.67408287333122,192292.05549377494,218086.79433986713,329395.7052719102,1944.7108355257835,2209.463631933975,3344.0780831696366,36100152.11872314,29899782.03574772,180335492.784883,182765156.38485706,190825396.17999622,1826055.5231213712,1850645.429328646,1931672.1455205712,75599.71236666669
40.23130091666666,93769.10461152083,92763.32208860415,2330.75,486.15,1844.6000000000001,2305.75,0.09916094566488699,6822.166666666667,6847.166666666667,0.0,36.8984215940507,36.8984215940507,37.67408287333122,227824.38474004305,228746.84527989433,314310.3745880472,2308.1847981168085,2317.4781799051325,3190.625930685018,36100152.11872314,29899782.03574772,180335492.784883,182765156.38485706,190825396.17999622,1826055.5231213712,1850645.429328646,1931672.1455205712,75599.71236666669
39.86084025,91823.43159990001,50005.424093625006,2303.6,1300.0,1003.6,1254.5,-1.7798104656741032e-10,5898.65,6947.75,0.0,36.75289233779517,36.8984215940507,36.91444713464553,193817.91307399905,232458.21151856257,278761.40872361057,1960.1279190332025,2354.8685526334907,2827.394688497123,36100152.11872314,29899782.03574772,180335492.784883,182765156.38485706,190825396.17999622,1826055.5231213712,1850645.429328646,1931672.1455205712,75599.71236666669
38.91082866666667,29349.14103564445,36686.42629455556,754.2666666666668,0.0,754.2666666666668,942.8333333333334,-1.7798104656741032e-10,6888.066666666667,6699.5,0.0,36.8984215940507,36.8984215940507,36.91444713464553,230255.990723091,223298.1783578395,258092.39453213694,2332.682152510831,2262.5852714754305,2615.325994494626,36100152.11872314,29899782.03574772,180335492.784883,182765156.38485706,190825396.17999622,1826055.5231213712,1850645.429328646,1931672.1455205712,75599.71236666669
37.71102216666667,28858.988230077786,36073.73528759723,765.2666666666668,0.0,765.2666666666668,956.5833333333334,-1.7798104656741032e-10,6839.733333333334,6648.416666666667,0.0,36.8984215940507,36.8984215940507,36.91444713464553,228472.5670127119,221413.28398807676,256714.25517244352,2314.714947720071,2243.5957946879544,2601.1859773919145,36100152.11872314,29899782.03574772,180335492.784883,182765156.38485706,190825396.17999622,1826055.5231213712,1850645.429328646,1931672.1455205712,75599.71236666669
36.57835600000001,15701.868952266672,19627.33619033334,429.2666666666667,0.0,429.2666666666667,536.5833333333334,-1.7798104656741032e-10,6536.816666666667,6429.5,0.0,36.81294353290304,36.81294353290304,36.8984215940507,217303.90574073407,213353.26335059467,233134.68258112017,2201.3927720274473,2160.6652901010093,2361.683699278262,36100152.11872314,29899782.03574772,180335492.784883,182765156.38485706,190825396.17999622,1826055.5231213712,1850645.429328646,1931672.1455205712,75599.71236666669
34.75300383333334,-9457.450776511114,-11821.813470638892,-272.1333333333334,0.0,-272.1333333333334,-340.1666666666667,-1.7798104656741032e-10,6271.549999999999,6339.583333333333,0.0,36.81294353290304,36.81294353290304,36.75289233779517,207538.65891957263,210043.1661779278,197521.37952523754,2100.722077456677,2126.541239007185,1997.547303571884,36100152.11872314,29899782.03574772,180335492.784883,182765156.38485706,190825396.17999622,1826055.5231213712,1850645.429328646,1931672.1455205712,75599.71236666669
31.388239083333332,35066.9407039,43833.675879874994,1117.2,0.0,1117.2,1396.5,-1.7798104656741032e-10,5372.133333333333,5092.833333333333,0.0,36.54519337464469,36.54519337464469,36.81294353290304,174481.2208854164,164274.14837587814,215555.90447198003,1764.5117749777519,1661.1812979009846,2183.372489994768,36100152.11872314,29899782.03574772,180335492.784883,182765156.38485706,190825396.17999622,1826055.5231213712,1850645.429328646,1931672.1455205712,75599.71236666669
30.401482583333333,-19748.80308613333,36876.99837358333,-649.5999999999999,-1620.0,970.4000000000001,1213.0,0.11152173895245374,6305.516666666666,4442.916666666667,0.0,36.81294353290304,36.52346033887948,36.75289233779517,208789.07190157357,140526.90933335852,184896.76100720494,2113.6126828559754,1419.6567738372707,1869.989659618489,36100152.11872314,29899782.03574772,180335492.784883,182765156.38485706,190825396.17999622,1826055.5231213712,1850645.429328646,1931672.1455205712,75599.71236666669
29.276378250000004,-23725.576933800003,29627.694789000005,-810.4,-1620.0,809.6,1012.0,0.22304347808288852,5797.15,3974.75,0.0,36.75289233779517,36.05783602834195,36.54519337464469,190087.49450171285,123588.9232137485,160397.3124453846,1922.436213469099,1247.859277072358,1621.9344613695598,36100152.11872314,29899782.03574772,180335492.784883,182765156.38485706,190825396.17999622,1826055.5231213712,1850645.429328646,1931672.1455205712,75599.71236666669
29.775561,-32246.932562999995,19986.84532125,-1083.0,-1620.0,537.0,671.25,0.33456521721332333,5601.25,3847.0,0.0,36.75289233779517,36.05783602834195,36.52346033887948,182887.6028927388,118982.53466112781,143278.3433455541,1849.6893649961146,1201.406940757048,1447.9677581044534,36100152.11872314,29899782.03574772,180335492.784883,182765156.38485706,190825396.17999622,1826055.5231213712,1850645.429328646,1931672.1455205712,75599.71236666669
33.541401666666665,10898.719448222224,13623.399310277779,324.9333333333334,0.0,324.9333333333334,406.1666666666667,0.33456521721332333,4136.316666666667,4055.083333333333,0.0,36.05783602834195,36.05783602834195,36.52346033887948,129414.66758806094,126485.56937469196,141196.50610623797,1306.6079983040104,1277.0700091062515,1426.546615141231,36100152.11872314,29899782.03574772,180335492.784883,182765156.38485706,190825396.17999622,1826055.5231213712,1850645.429328646,1931672.1455205712,75599.71236666669
35.16747616666666,23885.749812399998,29857.187265499993,679.2,0.0,679.2,849.0,0.33456521721332333,4488.3,4318.5,0.0,36.52346033887948,36.14366306779496,36.54519337464469,142184.46570840466,135988.8092858035,167002.85614785162,1436.71226281062,1373.1237408872369,1688.805151421925,36100152.11872314,29899782.03574772,180335492.784883,182765156.38485706,190825396.17999622,1826055.5231213712,1850645.429328646,1931672.1455205712,75599.71236666669
36.579680833333335,99087.03944133334,64416.8179475,2708.8,1300.0,1408.8000000000002,1761.0,0.23540427137045528,3459.366666666667,4407.166666666667,0.0,35.51660800667222,36.52346033887948,36.81294353290304,105057.40852453832,139221.1956262436,203732.81410732938,1062.36449696773,1406.221583294548,2061.487325105428,36100152.11872314,29899782.03574772,180335492.784883,182765156.38485706,190825396.17999622,1826055.5231213712,1850645.429328646,1931672.1455205712,75599.71236666669
37.74019383333334,86664.06510594448,47002.26640326391,2296.3333333333335,1300.0,996.3333333333335,1245.4166666666667,0.13624332552758722,3280.583333333333,4331.5,0.0,35.51660800667222,36.19696376649519,36.75289233779517,98707.63095641209,136458.78350708226,181993.2825125191,1000.9372525169612,1377.897362961556,1840.6532582434725,36100152.11872314,29899782.03574772,180335492.784883,182765156.38485706,190825396.17999622,1826055.5231213712,1850645.429328646,1931672.1455205712,75599.71236666669
19.805280166666666,-83172.93423592222,-63860.475457402776,-4199.533333333333,-1620.0,-2579.5333333333333,-3224.4166666666665,0.247765064658022,4128.866666666667,3203.75,50.0,36.05783602834195,35.51660800667222,0.0,129146.03670964981,95978.77157456611,0.0,1303.8990362253487,974.5384833440291,0.0,36100152.11872314,29899782.03574772,180335492.784883,182765156.38485706,190825396.17999622,1826055.5231213712,1850645.429328646,1931672.1455205712,75599.71236666669
9.830476833333334,-61874.331919244454,-57436.19931155556,-6294.133333333334,-1620.0,-4674.133333333334,-5842.666666666667,0.3592868037884568,3045.883333333334,2735.416666666667,141.0,35.51660800667222,34.40678741940975,0.0,90371.88305724614,79520.5376255424,0.0,920.2978886355666,811.393190800565,0.0,36100152.11872314,29899782.03574772,180335492.784883,182765156.38485706,190825396.17999622,1826055.5231213712,1850645.429328646,1931672.1455205712,75599.71236666669
12.854936416666668,-78277.9928198889,-71816.24478111112,-6089.333333333334,-1620.0,-4469.333333333334,-5586.666666666667,0.47080854291889157,3287.75,2821.083333333333,36.0,35.51660800667222,34.6926525275873,0.0,98962.16664712658,82469.53414861587,0.0,1003.3996105959984,841.785834192796,0.0,36100152.11872314,29899782.03574772,180335492.784883,182765156.38485706,190825396.17999622,1826055.5231213712,1850645.429328646,1931672.1455205712,75599.71236666669
16.896506416666664,-99102.51586879442,-89662.71934224304,-5865.266666666666,-1620.0,-4245.266666666666,-5306.583333333333,0.5823302820493264,3379.3500000000004,2877.666666666667,57.0,35.51660800667222,34.6926525275873,0.0,102215.48794053777,84432.56007080188,0.0,1034.8719826945744,861.9269006553718,0.0,36100152.11872314,29899782.03574772,180335492.784883,182765156.38485706,190825396.17999622,1826055.5231213712,1850645.429328646,1931672.1455205712,75599.71236666669
9.103763833333334,-56445.76343702222,-52122.08253377778,-6200.266666666666,-1620.0,-4580.266666666666,-5725.333333333333,0.6938520211797612,2903.6000000000004,2873.666666666667,445.0,34.6926525275873,34.6926525275873,0.0,85332.2561930173,84293.78946069152,0.0,871.1579755937423,860.5030844695049,0.0,36100152.11872314,29899782.03574772,180335492.784883,182765156.38485706,190825396.17999622,1826055.5231213712,1850645.429328646,1931672.1455205712,75599.71236666669
2.564583666666666,-13745.142619866665,-11988.14634983333,-5359.6,-1620.0,-3739.6000000000004,-4674.5,0.805373760310196,2877.833333333333,2877.833333333333,685.1000000000004,34.6926525275873,34.6926525275873,0.0,84438.34217955645,84438.34217955645,0.0,861.9862263297828,861.9862263297828,0.0,36100152.11872314,29899782.03574772,180335492.784883,182765156.38485706,190825396.17999622,1826055.5231213712,1850645.429328646,1931672.1455205712,75599.71236666669
10.921088916666669,-44797.57866357223,-33881.76827321528,-4101.933333333333,-1620.0,-2481.9333333333334,-3102.4166666666665,0.9168954994406309,3383.016666666667,2679.5,296.0,35.51660800667222,34.40678741940975,0.0,102345.71550322889,77596.62476234039,0.0,1036.1317938047794,791.5594264497589,0.0,36100152.11872314,29899782.03574772,180335492.784883,182765156.38485706,190825396.17999622,1826055.5231213712,1850645.429328646,1931672.1455205712,75599.71236666669
32.108461,-17002.574230993625,27198.542172083333,-529.5356333333332,-1207.2023,677.6666666666667,847.0833333333334,1.000000005600051,4137.452299999999,2790.833333333333,30.0,36.05783602834195,34.40678741940975,36.05783602834195,129455.61606858256,81427.24709503466,111443.4421115353,1307.0209362416294,831.0496040543442,1125.3802533368828,36100152.11872314,29899782.03574772,180335492.784883,182765156.38485706,190825396.17999622,1826055.5231213712,1850645.429328646,1931672.1455205712,75599.71236666669
42.51900941666667,187242.3790684889,164959.5835335278,4403.733333333334,1300.0,3103.7333333333336,3879.6666666666665,0.900839059757183,3188.516666666666,3712.583333333333,0.0,35.51660800667222,36.05783602834195,36.91444713464553,95437.73524593111,114135.76053498483,256243.59597147678,969.3045408225408,1152.5304773019955,2596.356909051033,36100152.11872314,29899782.03574772,180335492.784883,182765156.38485706,190825396.17999622,1826055.5231213712,1850645.429328646,1931672.1455205712,75599.71236666669
42.73883891666666,253589.4760840777,247536.23186551384,5933.466666666666,1300.0,4633.466666666666,5791.833333333333,0.801678113914315,4738.366666666667,4880.0,0.0,36.54519337464469,36.54519337464469,37.85179447916236,151320.0954976791,156496.11305264127,371559.4518203331,1530.041986141307,1582.4409832888405,3752.7991742004383,36100152.11872314,29899782.03574772,180335492.784883,182765156.38485706,190825396.17999622,1826055.5231213712,1850645.429328646,1931672.1455205712,75599.71236666669
42.71082008333334,224542.17073010554,211272.6307772153,5257.266666666666,1300.0,3957.2666666666664,4946.583333333333,0.7025171680714469,5037.816666666667,5348.5,0.0,36.54519337464469,36.54519337464469,37.69420731834162,162263.55365371646,173617.5361486623,357352.58088591497,1640.8272040454885,1755.7683320552758,3615.3701196251805,36100152.11872314,29899782.03574772,180335492.784883,182765156.38485706,190825396.17999622,1826055.5231213712,1850645.429328646,1931672.1455205712,75599.71236666669
41.824354916666664,118440.99654334444,148051.24567918055,2831.866666666667,0.0,2831.866666666667,3539.8333333333335,0.7025171680714469,6287.549999999999,5579.583333333333,0.0,36.81294353290304,36.75289233779517,37.67408287333122,208127.66601609907,182091.29022541989,313048.29281179054,2106.794197762529,1841.6435165177343,3177.787686085888,36100152.11872314,29899782.03574772,180335492.784883,182765156.38485706,190825396.17999622,1826055.5231213712,1850645.429328646,1931672.1455205712,75599.71236666669
41.344102416666665,94385.83367816579,112297.47284740277,2282.9334333333336,110.0001,2172.9333333333334,2716.1666666666665,0.6941266188723623,5800.8999,5367.666666666667,0.0,36.75289233779517,36.54519337464469,36.91444713464553,190225.31417269036,174317.985688343,274390.122942083,1923.828727032595,1762.8592765974815,2782.54432174946,36100152.11872314,29899782.03574772,180335492.784883,182765156.38485706,190825396.17999622,1826055.5231213712,1850645.429328646,1931672.1455205712,75599.71236666669
43.14665783333333,149385.23519442222,116618.22501386111,3462.266666666667,1300.0,2162.266666666667,2702.8333333333335,0.5949656730294942,4863.316666666667,5622.75,0.0,36.54519337464469,36.75289233779517,37.38267504946703,155886.41740984094,183677.7900780014,283338.8628589472,1576.2687785177552,1857.6733223323533,2874.140549515101,36100152.11872314,29899782.03574772,180335492.784883,182765156.38485706,190825396.17999622,1826055.5231213712,1850645.429328646,1931672.1455205712,75599.71236666669
44.662695583333324,128202.77891543886,87676.59332138192,2870.4666666666667,1300.0,1570.4666666666667,1963.0833333333333,0.49580472718662616,5256.033333333334,6163.416666666667,0.0,36.54519337464469,36.81294353290304,36.91444713464553,170238.32393462016,203557.9526255481,275965.13935316115,1721.559149168183,2059.6846643896283,2798.704341295416,36100152.11872314,29899782.03574772,180335492.784883,182765156.38485706,190825396.17999622,1826055.5231213712,1850645.429328646,1931672.1455205712,75599.71236666669
40.52179350000001,28097.81161290001,35122.264516125004,693.4000000000001,0.0,693.4000000000001,866.75,0.49580472718662616,6570.1833333333325,6396.833333333333,0.0,36.81294353290304,36.81294353290304,36.8984215940507,218532.23095661524,212150.70719518652,244111.96300535026,2214.055672915276,2148.2680444765615,2472.274942559321,36100152.11872314,29899782.03574772,180335492.784883,182765156.38485706,190825396.17999622,1826055.5231213712,1850645.429328646,1931672.1455205712,75599.71236666669
44.87009774999999,88750.06200964999,38023.66866831249,1977.9333333333334,1300.0,677.9333333333334,847.4166666666666,0.3966437813437581,5422.066666666666,6552.583333333333,0.0,36.60593305519212,36.81294353290304,36.91444713464553,176306.62837855838,217884.32315043616,249146.79350984117,1783.019523021364,2207.3763405788386,2523.5421334797043,36100152.11872314,29899782.03574772,180335492.784883,182765156.38485706,190825396.17999622,1826055.5231213712,1850645.429328646,1931672.1455205712,75599.71236666669
42.46073075,74297.78666635,23873.5458641875,1749.8,1300.0,449.8,562.25,0.29748283550089005,5277.2,6464.75,0.0,36.54519337464469,36.81294353290304,36.8984215940507,171011.86386105014,214650.91961012952,235382.4114298911,1729.3900183582707,2174.0429301498393,2384.3285729024788,36100152.11872314,29899782.03574772,180335492.784883,182765156.38485706,190825396.17999622,1826055.5231213712,1850645.429328646,1931672.1455205712,75599.71236666669
41.55791408333334,371.25069914444447,464.0633739305556,8.933333333333334,0.0,8.933333333333334,11.166666666666666,0.29748283550089005,6335.733333333334,6333.5,0.0,36.81294353290304,36.81294353290304,36.81294353290304,209901.43634532616,209819.220771436,210230.29864088676,2125.08013505859,2124.232568265898,2128.470402229357,36100152.11872314,29899782.03574772,180335492.784883,182765156.38485706,190825396.17999622,1826055.5231213712,1850645.429328646,1931672.1455205712,75599.71236666669
44.34293025,60078.75809805,3041.1859663125,1354.8666666666666,1300.0,54.86666666666667,68.58333333333333,0.198321889658022,4806.383333333333,6092.666666666667,0.0,36.54519337464469,36.81294353290304,36.81294353290304,153805.77773371118,200953.43687059518,203478.19124789344,1555.2055902080383,2032.8345074121892,2058.8623980982106,36100152.11872314,29899782.03574772,180335492.784883,182765156.38485706,190825396.17999622,1826055.5231213712,1850645.429328646,1931672.1455205712,75599.71236666669
42.252694166666664,2839.381048,3549.22631,67.2,0.0,67.2,84.0,0.198321889658022,6092.883333333333,6076.083333333333,0.0,36.81294353290304,36.81294353290304,36.81294353290304,200961.41300836063,200342.95555700787,203435.2428137717,2032.9167340413308,2026.5410077201864,2058.419639325909,36100152.11872314,29899782.03574772,180335492.784883,182765156.38485706,190825396.17999622,1826055.5231213712,1850645.429328646,1931672.1455205712,75599.71236666669
39.509161,-38041.36142757714,29803.077114333333,-962.8491333333334,-1566.3158,603.4666666666667,754.3333333333334,0.3061479773391814,7681.015799999999,5963.833333333333,0.0,36.91444713464553,36.75289233779517,36.8984215940507,259520.33640294126,196213.58910621767,223986.94889426176,2629.9769964653865,1984.3335447246984,2269.524329877379,36100152.11872314,29899782.03574772,180335492.784883,182765156.38485706,190825396.17999622,1826055.5231213712,1850645.429328646,1931672.1455205712,75599.71236666669
44.26373725,114917.51464845,71718.3202793125,2596.2,1300.0,1296.2,1620.25,0.20698703149631337,5080.55,6056.5,0.0,36.54519337464469,36.81294353290304,36.91444713464553,163825.25158392626,199622.03541282186,259362.86675435433,1656.636927355241,2019.1089854708364,2628.361322761188,36100152.11872314,29899782.03574772,180335492.784883,182765156.38485706,190825396.17999622,1826055.5231213712,1850645.429328646,1931672.1455205712,75599.71236666669
45.177230333333334,73208.19584748888,18097.245517694442,1620.4666666666667,1300.0,320.4666666666667,400.5833333333333,0.10782608565344533,4754.7,5974.583333333333,0.0,36.54519337464469,36.75289233779517,36.81294353290304,151917.0003227983,196608.68269884898,211353.09341864026,1536.0847040990125,1988.3255233928178,2140.045381562387,36100152.11872314,29899782.03574772,180335492.784883,182765156.38485706,190825396.17999622,1826055.5231213712,1850645.429328646,1931672.1455205712,75599.71236666669
26.497487833333334,-91411.03352743335,-60606.37904679167,-3449.8,-1620.0,-1829.8000000000002,-2287.25,0.2193478247838801,4236.8,3081.25,7.0,36.05783602834195,35.51660800667222,28.48330343373304,133037.8791449755,91627.98709374876,17517.914929380855,1343.145654617775,932.4493394349073,178.4509255649678,36100152.11872314,29899782.03574772,180335492.784883,182765156.38485706,190825396.17999622,1826055.5231213712,1850645.429328646,1931672.1455205712,75599.71236666669
19.3588125,-100931.686025,-86963.01221875,-5213.733333333334,-1620.0,-3593.7333333333336,-4492.166666666667,0.3308695639143149,2816.3166666666666,2097.75,3.0,34.6926525275873,34.13948634071171,0.0,82304.16583823437,57589.47651272781,0.0,840.089119904638,585.5910994130295,0.0,36100152.11872314,29899782.03574772,180335492.784883,182765156.38485706,190825396.17999622,1826055.5231213712,1850645.429328646,1931672.1455205712,75599.71236666669
15.99193591666667,-98633.99621775557,-90908.82504094446,-6167.733333333334,-1620.0,-4547.733333333334,-5684.666666666667,0.44239130304474966,2487.2333333333336,2025.166666666667,21.0,34.40678741940975,34.13948634071171,0.0,70981.34643450189,55111.51879583116,0.0,723.3620179398044,560.6509797901396,0.0,36100152.11872314,29899782.03574772,180335492.784883,182765156.38485706,190825396.17999622,1826055.5231213712,1850645.429328646,1931672.1455205712,75599.71236666669
19.379054333333332,-128121.38788244445,-120909.14982805555,-6611.333333333334,-1620.0,-4991.333333333334,-6239.166666666667,0.5539130421751844,2306.916666666667,1935.75,1.0,34.40678741940975,32.03152896725441,0.0,64777.229216325315,52078.381013763625,0.0,659.4033006487851,530.0694915653864,0.0,36100152.11872314,29899782.03574772,180335492.784883,182765156.38485706,190825396.17999622,1826055.5231213712,1850645.429328646,1931672.1455205712,75599.71236666669
20.4204575,-146899.3257996667,-142272.73081208335,-7193.733333333334,-1620.0,-5573.733333333334,-6967.166666666667,0.6654347813056192,2143.0666666666666,1929.5,13.0,34.40678741940975,32.03152896725441,0.0,59139.67709765502,51878.18395771828,0.0,601.2853461531745,528.0036874573703,0.0,36100152.11872314,29899782.03574772,180335492.784883,182765156.38485706,190825396.17999622,1826055.5231213712,1850645.429328646,1931672.1455205712,75599.71236666669
18.425670249999996,-119951.11332749997,-112626.90940312497,-6510.0,-1620.0,-4890.0,-6112.5,0.776956520436054,2305.833333333333,1926.333333333333,18.0,34.40678741940975,32.03152896725441,0.0,64739.95519662094,51776.750782655305,0.0,659.0190399385607,526.9570133759755,0.0,36100152.11872314,29899782.03574772,180335492.784883,182765156.38485706,190825396.17999622,1826055.5231213712,1850645.429328646,1931672.1455205712,75599.71236666669
20.337038916666668,-103887.01799671112,-88676.26868963889,-5108.266666666666,-1620.0,-3488.2666666666664,-4360.333333333333,0.8884782595664888,2699.6000000000004,2023.666666666667,72.0,34.40678741940975,34.13948634071171,0.0,78288.20118947054,55060.30956632009,0.0,798.6889405502276,560.1355697405276,0.0,36100152.11872314,29899782.03574772,180335492.784883,182765156.38485706,190825396.17999622,1826055.5231213712,1850645.429328646,1931672.1455205712,75599.71236666669
32.09632025,-62046.466552616665,-12563.034684520833,-1933.1333333333334,-1620.0,-313.1333333333334,-391.4166666666667,0.9999999986969237,4270.549999999999,2876.833333333333,148.0,36.14366306779496,34.6926525275873,34.40678741940975,134255.7206417027,84403.64952702886,70918.84077068995,1355.4604142123574,861.630272283316,722.7176422872744,36100152.11872314,29899782.03574772,180335492.784883,182765156.38485706,190825396.17999622,1826055.5231213712,1850645.429328646,1931672.1455205712,75599.71236666669
50.42520066666666,174252.68510377777,217815.8563797222,3455.6666666666665,0.0,3455.6666666666665,4319.583333333333,0.9999999986969237,5434.75,4570.833333333333,0.0,36.60593305519212,36.52346033887948,37.38267504946703,176770.9136294751,145198.86863504018,304453.8438160544,1787.7831923002448,1467.7290756626305,3090.16586063224,36100152.11872314,29899782.03574772,180335492.784883,182765156.38485706,190825396.17999622,1826055.5231213712,1850645.429328646,1931672.1455205712,75599.71236666669
50.27109741666667,237450.50153788336,296813.12692235416,4723.400000000001,0.0,4723.400000000001,5904.25,0.9999999986969237,6732.516666666666,5551.666666666667,0.0,36.8984215940507,36.75289233779517,38.10229658768639,224516.4412441364,181065.27198098978,401275.51426632237,2274.858731023877,1831.2767502090526,4057.6333939027663,36100152.11872314,29899782.03574772,180335492.784883,182765156.38485706,190825396.17999622,1826055.5231213712,1850645.429328646,1931672.1455205712,75599.71236666669
49.819344,287208.51816,278054.2137,5765.0,1300.0,4465.0,5581.25,0.9008390528540556,5556.0,5739.75,0.0,36.75289233779517,36.75289233779517,38.08692246057826,181224.53451445355,187977.87848152342,396134.879418367,1832.8859199047283,1901.1209041156058,4005.793499377308,36100152.11872314,29899782.03574772,180335492.784883,182765156.38485706,190825396.17999622,1826055.5231213712,1850645.429328646,1931672.1455205712,75599.71236666669
49.76348158333334,216099.5775583445,270124.4719479306,4342.533333333334,0.0,4342.533333333334,5428.166666666667,0.9008390528540556,6799.133333333333,5713.5,0.0,36.8984215940507,36.75289233779517,37.85179447916236,226974.4910959934,187013.11505765628,389343.48659312626,2299.622495695832,1891.3730492283375,3936.13636721847,36100152.11872314,29899782.03574772,180335492.784883,182765156.38485706,190825396.17999622,1826055.5231213712,1850645.429328646,1931672.1455205712,75599.71236666669
52.629797,244619.78780286672,220251.31462858335,4647.933333333334,1300.0,3347.933333333334,4184.916666666667,0.8016781070111876,5380.816666666666,5843.833333333333,0.0,36.54519337464469,36.75289233779517,37.69420731834162,174798.55498121952,191803.24202568224,347313.3570034633,1767.7242811573074,1939.7719223829008,3519.0362542201665,36100152.11872314,29899782.03574772,180335492.784883,182765156.38485706,190825396.17999622,1826055.5231213712,1850645.429328646,1931672.1455205712,75599.71236666669
55.38900433333334,201250.40834473335,161555.87838925002,3633.4,1300.0,2333.4,2916.75,0.7025171611683195,5498.6,6215.25,0.0,36.75289233779517,36.81294353290304,37.67408287333122,179114.91849426413,205466.0901986702,313522.35835461336,1811.5706105512354,2079.355804130461,3182.6100117935216,36100152.11872314,29899782.03574772,180335492.784883,182765156.38485706,190825396.17999622,1826055.5231213712,1850645.429328646,1931672.1455205712,75599.71236666669
52.41591450000001,134932.5415002,83489.81581275,2574.2666666666664,1300.0,1274.2666666666667,1592.8333333333333,0.6033562153254515,5773.983333333334,6755.416666666667,0.0,36.75289233779517,36.8984215940507,37.38267504946703,189236.05249588727,225361.41509864017,284186.20349340176,1913.8333447114464,2283.3714687419824,2882.809608916674,36100152.11872314,29899782.03574772,180335492.784883,182765156.38485706,190825396.17999622,1826055.5231213712,1850645.429328646,1931672.1455205712,75599.71236666669
49.02742441666667,18963.80776436667,23704.759705458335,386.8,0.0,386.8,483.5,0.6033562153254515,7235.116666666667,7138.416666666667,0.0,36.8984215940507,36.8984215940507,36.91444713464553,243061.5879373063,239493.5105691616,257338.72456980462,2461.6928784963493,2425.7460777391107,2607.5931726415806,36100152.11872314,29899782.03574772,180335492.784883,182765156.38485706,190825396.17999622,1826055.5231213712,1850645.429328646,1931672.1455205712,75599.71236666669
50.898924916666665,23403.325676683333,22255.5549198125,459.8,110.0,349.8,437.25,0.5949656737541319,7543.783333333333,7566.333333333333,0.0,36.91444713464553,36.91444713464553,36.91444713464553,254454.4757670176,255286.89654990387,271427.7385595276,2578.0001368480484,2586.540959678392,2752.149597486265,36100152.11872314,29899782.03574772,180335492.784883,182765156.38485706,190825396.17999622,1826055.5231213712,1850645.429328646,1931672.1455205712,75599.71236666669
54.86593066666666,70850.20513422221,-594.3809155555555,1291.3333333333333,1300.0,-8.666666666666668,-10.833333333333334,0.49580472791126384,6022.75,7324.916666666667,0.0,36.81294353290304,36.91444713464553,36.8984215940507,198379.59856858637,246375.1337708149,245975.33329584985,2006.30060670068,2495.104286583403,2491.047573771736,36100152.11872314,29899782.03574772,180335492.784883,182765156.38485706,190825396.17999622,1826055.5231213712,1850645.429328646,1931672.1455205712,75599.71236666669
50.385430583333324,-9435.511633905555,-11794.389542381943,-187.26666666666668,0.0,-187.26666666666668,-234.08333333333334,0.49580472791126384,7007.016666666666,7053.833333333333,0.0,36.8984215940507,36.8984215940507,36.8984215940507,234645.05797170333,236372.5190759981,227735.2135545241,2376.900063059678,2394.30346935528,2307.28643787727,36100152.11872314,29899782.03574772,180335492.784883,182765156.38485706,190825396.17999622,1826055.5231213712,1850645.429328646,1931672.1455205712,75599.71236666669
52.01078025,68921.21860195001,1634.0053461875002,1325.1333333333334,1300.0,25.133333333333336,31.416666666666668,0.3966437820683958,5633.950000000001,6927.666666666667,0.0,36.75289233779517,36.8984215940507,36.8984215940507,184089.4224721847,231717.1682182154,232876.39362996185,1861.8324070842546,2347.402869263537,2359.0815523775314,36100152.11872314,29899782.03574772,180335492.784883,182765156.38485706,190825396.17999622,1826055.5231213712,1850645.429328646,1931672.1455205712,75599.71236666669
55.24831975000001,84971.9157755,16436.375125625003,1538.0,1300.0,238.0,297.5,0.29748283622552774,6053.916666666667,7294.416666666667,0.0,36.81294353290304,36.8984215940507,36.91444713464553,199526.9353086952,245249.6643378335,256231.29115576524,2018.1285910464542,2483.7367800982543,2596.2306588983306,36100152.11872314,29899782.03574772,180335492.784883,182765156.38485706,190825396.17999622,1826055.5231213712,1850645.429328646,1931672.1455205712,75599.71236666669
61.778928416666666,119204.50167757223,48614.86841988194,1929.5333333333333,1300.0,629.5333333333333,786.9166666666666,0.19832189038265968,6465.966666666666,7608.583333333333,0.0,36.81294353290304,36.91444713464553,37.38267504946703,214695.70869142786,256846.53194134263,285952.53488948906,2174.5046642980965,2602.5431665334695,2900.8807731839233,36100152.11872314,29899782.03574772,180335492.784883,182765156.38485706,190825396.17999622,1826055.5231213712,1850645.429328646,1931672.1455205712,75599.71236666669
65.52292708333333,155804.78421388887,88281.22375694444,2377.866666666667,1300.0,1077.8666666666666,1347.3333333333333,0.09916094453979164,7237.05,8267.583333333334,0.0,36.8984215940507,37.1509780914025,37.67408287333122,243132.92488572147,281173.7394576572,331715.80087552627,2462.4115666879793,2852.1120829392776,3367.678736798385,36100152.11872314,29899782.03574772,180335492.784883,182765156.38485706,190825396.17999622,1826055.5231213712,1850645.429328646,1931672.1455205712,75599.71236666669
58.23697741666666,109508.81233429999,42250.92711579167,1880.4,1300.0,580.4,725.5,-1.3030763967858405e-09,7102.933333333334,8257.833333333334,0.0,36.8984215940507,36.91444713464553,37.38267504946703,238184.23157626606,280813.2367435113,307927.31737273413,2412.5556711875493,2848.446901460312,3125.7026298703063,36100152.11872314,29899782.03574772,180335492.784883,182765156.38485706,190825396.17999622,1826055.5231213712,1850645.429328646,1931672.1455205712,75599.71236666669
39.84747116666667,-135696.5783109667,-88929.59377620835,-3405.4,-1620.0,-1785.4,-2231.75,0.11152173782735839,7256.0666666666675,6213.416666666667,131.0,36.8984215940507,36.81294353290304,36.05783602834195,243834.60986970167,205398.59980219323,123838.32324627787,2469.480732434965,2078.6600403454154,1250.3743089798406,36100152.11872314,29899782.03574772,180335492.784883,182765156.38485706,190825396.17999622,1826055.5231213712,1850645.429328646,1931672.1455205712,75599.71236666669
32.00998691666667,-162512.56957678893,-138320.48846473612,-5076.933333333334,-1620.0,-3456.933333333334,-4321.166666666667,0.22304347695779317,4468.183333333334,3872.416666666667,160.0,36.52346033887948,36.05783602834195,0.0,141449.73543125423,119899.00466018151,0.0,1429.1522278525474,1210.6489254773153,0.0,36100152.11872314,29899782.03574772,180335492.784883,182765156.38485706,190825396.17999622,1826055.5231213712,1850645.429328646,1931672.1455205712,75599.71236666669
28.10047266666666,-155275.7184966222,-137191.19097077777,-5525.733333333334,-1620.0,-3905.7333333333336,-4882.166666666667,0.334565216088228,3664.3999999999996,3133.833333333333,113.0,36.05783602834195,35.51660800667222,0.0,112398.37380235255,93495.56873143294,0.0,1135.0100983995087,950.5161760380745,0.0,36100152.11872314,29899782.03574772,180335492.784883,182765156.38485706,190825396.17999622,1826055.5231213712,1850645.429328646,1931672.1455205712,75599.71236666669
30.53721991666667,-190794.51422467225,-176655.2724495903,-6247.933333333333,-1620.0,-4627.933333333333,-5784.916666666667,0.44608695521866276,3520.5166666666664,3083.5,26.0,35.51660800667222,35.51660800667222,0.0,107229.2491041463,91707.89946176378,0.0,1083.374710437467,933.2224053434422,0.0,36100152.11872314,29899782.03574772,180335492.784883,182765156.38485706,190825396.17999622,1826055.5231213712,1850645.429328646,1931672.1455205712,75599.71236666669
32.22082833333333,-210850.9525581111,-198316.51332263887,-6543.933333333334,-1620.0,-4923.933333333334,-6154.916666666667,0.5576086943490975,3449.9333333333343,3095.916666666667,35.0,35.51660800667222,35.51660800667222,0.0,104722.36852234206,92148.8973445133,0.0,1059.1233465660212,937.4885838757275,0.0,36100152.11872314,29899782.03574772,180335492.784883,182765156.38485706,190825396.17999622,1826055.5231213712,1850645.429328646,1931672.1455205712,75599.71236666669
35.67223241666667,-210380.55790053334,-190739.42673191667,-5897.6,-1620.0,-4277.6,-5347.0,0.6691304334795323,3581.8500000000004,3162.25,131.0,36.05783602834195,35.51660800667222,0.0,109421.79943821295,94504.83234228921,0.0,1104.9933440916511,960.2797121421634,0.0,36100152.11872314,29899782.03574772,180335492.784883,182765156.38485706,190825396.17999622,1826055.5231213712,1850645.429328646,1931672.1455205712,75599.71236666669
37.640773,-172512.68142873334,-139418.2864609167,-4583.133333333333,-1620.0,-2963.133333333333,-3703.9166666666665,0.7806521726099671,3833.2999999999997,3261.083333333333,307.0,36.05783602834195,35.51660800667222,0.0,118488.54230753952,98015.05710028198,0.0,1196.4253594848776,994.2373479763255,0.0,36100152.11872314,29899782.03574772,180335492.784883,182765156.38485706,190825396.17999622,1826055.5231213712,1850645.429328646,1931672.1455205712,75599.71236666669
46.81064575,6590.1587441708325,-1033.7350936458333,140.78333333333333,158.45,-17.666666666666668,-22.083333333333332,0.7685659788647344,3923.133333333333,4086.0,0.0,36.05783602834195,36.05783602834195,36.05783602834195,121727.73791075224,127600.35747190155,126804.08025960898,1229.0904726929039,1288.3118987168061,1280.28197756641,36100152.11872314,29899782.03574772,180335492.784883,182765156.38485706,190825396.17999622,1826055.5231213712,1850645.429328646,1931672.1455205712,75599.71236666669
59.067961749999995,252736.05687178334,219934.63324597914,4278.733333333334,1300.0,2978.7333333333336,3723.4166666666665,0.6694050330218664,5274.85,5830.166666666667,0.0,36.54519337464469,36.75289233779517,37.67408287333122,170925.98265661974,191300.95249706574,329405.1237926286,1728.5206068970092,1934.6968487273075,3344.173890965153,36100152.11872314,29899782.03574772,180335492.784883,182765156.38485706,190825396.17999622,1826055.5231213712,1850645.429328646,1931672.1455205712,75599.71236666669
60.46256783333334,350848.15778541117,340308.5245025973,5802.733333333334,1300.0,4502.733333333334,5628.416666666667,0.5702440871789983,6434.433333333333,6608.75,0.0,36.81294353290304,36.81294353290304,38.21983657836123,213534.8738720237,219951.98347886757,431066.9433105697,2162.5375271953135,2228.6920129025066,4358.715482435507,36100152.11872314,29899782.03574772,180335492.784883,182765156.38485706,190825396.17999622,1826055.5231213712,1850645.429328646,1931672.1455205712,75599.71236666669
56.212427166666664,271131.27370055555,247568.89797986113,4823.333333333334,1300.0,3523.333333333334,4404.166666666667,0.4710831413361303,6627.25,7046.416666666667,0.0,36.81294353290304,36.8984215940507,38.10229658768639,220633.02293422626,236098.85578250894,401072.3020178547,2235.712902006148,2391.5464327580776,4055.5841330938533,36100152.11872314,29899782.03574772,180335492.784883,182765156.38485706,190825396.17999622,1826055.5231213712,1850645.429328646,1931672.1455205712,75599.71236666669
57.96443491666667,218985.77081950556,179540.0067847986,3777.9333333333334,1300.0,2477.9333333333334,3097.4166666666665,0.3719221954932622,6454.15,7134.666666666667,0.0,36.81294353290304,36.8984215940507,37.69420731834162,214260.70240868072,239355.1414881839,354977.8458248595,2170.0201504472125,2424.352070470862,3592.5827597233692,36100152.11872314,29899782.03574772,180335492.784883,182765156.38485706,190825396.17999622,1826055.5231213712,1850645.429328646,1931672.1455205712,75599.71236666669
57.538954999999994,134292.08503966668,74364.30442458333,2333.9333333333334,1300.0,1033.9333333333334,1292.4166666666667,0.27276124965039417,6228.816666666667,7270.333333333333,0.0,36.81294353290304,36.8984215940507,37.38267504946703,205965.51913259993,244361.0273511101,292204.7872915124,2084.5044561397976,2474.7841556421686,2964.846957812442,36100152.11872314,29899782.03574772,180335492.784883,182765156.38485706,190825396.17999622,1826055.5231213712,1850645.429328646,1931672.1455205712,75599.71236666669
51.878998833333334,101496.07331753334,42566.71854275,1956.4,1300.0,656.4000000000001,820.5,0.1736003038075261,6271.016666666666,7406.916666666667,0.0,36.81294353290304,36.91444713464553,36.91444713464553,207519.02534968843,249402.1184358558,279690.42230983253,2100.519673446482,2526.161824148287,2836.926575026183,36100152.11872314,29899782.03574772,180335492.784883,182765156.38485706,190825396.17999622,1826055.5231213712,1850645.429328646,1931672.1455205712,75599.71236666669
46.48073016666667,-19528.104100688888,-24410.13012586111,-420.1333333333333,0.0,-420.1333333333333,-525.1666666666666,0.1736003038075261,7350.216666666667,7455.25,0.0,36.91444713464553,36.91444713464553,36.8984215940507,247309.06928332144,251186.31671403034,231806.33940373434,2504.686673173544,2544.4680962901903,2348.301229503075,36100152.11872314,29899782.03574772,180335492.784883,182765156.38485706,190825396.17999622,1826055.5231213712,1850645.429328646,1931672.1455205712,75599.71236666669
40.51754075,-92533.95956485001,-33619.4294373125,-2283.8,-1620.0,-663.8000000000001,-829.75,0.2851220429379609,8688.8,7397.75,163.0,37.38267504946703,36.91444713464553,36.81294353290304,296916.8734814977,249063.73600378822,218451.85602990177,3013.0558521169246,2522.68994494896,2213.22708149854,36100152.11872314,29899782.03574772,180335492.784883,182765156.38485706,190825396.17999622,1826055.5231213712,1850645.429328646,1931672.1455205712,75599.71236666669
45.86170691666666,-16819.016649905556,-21023.770812381943,-366.73333333333335,0.0,-366.73333333333335,-458.4166666666667,0.2851220429379609,7273.566666666667,7365.25,0.0,36.8984215940507,36.91444713464553,36.8984215940507,244480.33224759754,247864.01647191224,230948.45110167266,2475.986099686792,2510.3805550604393,2339.658384439933,36100152.11872314,29899782.03574772,180335492.784883,182765156.38485706,190825396.17999622,1826055.5231213712,1850645.429328646,1931672.1455205712,75599.71236666669
43.692639083333326,-20506.411943111107,-25633.014928888882,-469.3333333333333,0.0,-469.3333333333333,-586.6666666666666,0.2851220429379609,7047.333333333334,7164.666666666667,0.0,36.8984215940507,36.8984215940507,36.81294353290304,236132.6793356368,240462.09413600544,218819.9854652308,2391.887190090316,2435.504128616851,2217.0221566896976,36100152.11872314,29899782.03574772,180335492.784883,182765156.38485706,190825396.17999622,1826055.5231213712,1850645.429328646,1931672.1455205712,75599.71236666669
44.63957274999999,-18159.3781947,-22699.222743374998,-406.8,0.0,-406.8,-508.5,0.2851220429379609,7191.966666666667,7293.666666666667,0.0,36.8984215940507,36.8984215940507,36.8984215940507,241469.42104552302,245221.99052163796,226459.1431410632,2445.6525015297016,2483.4579786446047,2294.4305930700884,36100152.11872314,29899782.03574772,180335492.784883,182765156.38485706,190825396.17999622,1826055.5231213712,1850645.429328646,1931672.1455205712,75599.71236666669
45.95847275,-12243.3371406,-15304.171425749999,-266.40000000000003,0.0,-266.40000000000003,-333.0,0.2851220429379609,7380.233333333333,7446.833333333333,0.0,36.91444713464553,36.91444713464553,36.8984215940507,248417.11793814632,250875.62011731372,238586.42437164116,2516.055499424429,2541.280279934445,2416.6075856472585,36100152.11872314,29899782.03574772,180335492.784883,182765156.38485706,190825396.17999622,1826055.5231213712,1850645.429328646,1931672.1455205712,75599.71236666669
47.68108391666666,47065.203249409715,-8991.857741951388,987.0833333333334,1137.95,-150.86666666666667,-188.58333333333334,0.1983218903826596,6278.5,7454.166666666667,0.0,36.81294353290304,36.91444713464553,36.8984215940507,207794.50887712633,251146.32606296783,244185.75984853838,2103.3596547145316,2544.057783293906,2473.018413102387,36100152.11872314,29899782.03574772,180335492.784883,182765156.38485706,190825396.17999622,1826055.5231213712,1850645.429328646,1931672.1455205712,75599.71236666669
46.455557166666665,25256.337912944447,31570.422391180557,543.6666666666667,0.0,543.6666666666667,679.5833333333334,0.1983218903826596,7250.25,7250.25,135.91666666666663,36.8984215940507,36.8984215940507,36.91444713464553,243619.98405076293,243619.98405076293,268705.2980833475,2467.318472272215,2467.318472272215,2724.2167512007745,36100152.11872314,29899782.03574772,180335492.784883,182765156.38485706,190825396.17999622,1826055.5231213712,1850645.429328646,1931672.1455205712,75599.71236666669
44.13560083333334,72932.60919038892,91165.76148798614,1652.466666666667,0.0,1652.466666666667,2065.5833333333335,0.1983218903826596,7765.116666666667,7512.0,160.0,36.91444713464553,36.91444713464553,37.67408287333122,262624.87339948583,253281.2115889215,330309.3017815885,2661.8302382426955,2565.9621847878384,3353.3714393346786,36100152.11872314,29899782.03574772,180335492.784883,182765156.38485706,190825396.17999622,1826055.5231213712,1850645.429328646,1931672.1455205712,75599.71236666669
49.75838633333333,164866.1200511111,125225.2722722222,3313.333333333333,1300.0,2013.3333333333333,2516.6666666666665,0.09916094453979156,7300.25,8096.916666666667,0.0,36.8984215940507,36.91444713464553,37.69420731834162,245464.90513046546,274873.0869587612,369358.1859168068,2485.9052358488634,2787.499640243044,3730.57288357323,36100152.11872314,29899782.03574772,180335492.784883,182765156.38485706,190825396.17999622,1826055.5231213712,1850645.429328646,1931672.1455205712,75599.71236666669
51.90949833333334,90242.93253588889,28450.73087819445,1738.4666666666667,1300.0,438.4666666666667,548.0833333333334,-1.3030764800525674e-09,5661.033333333334,6851.416666666667,0.0,36.75289233779517,36.8984215940507,36.91444713464553,185084.81330633332,228903.66357166905,249128.33628627384,1871.8897176822297,2319.058054809148,2523.35275825065,36100152.11872314,29899782.03574772,180335492.784883,182765156.38485706,190825396.17999622,1826055.5231213712,1850645.429328646,1931672.1455205712,75599.71236666669
38.30979691666666,-125648.47192728333,-79483.25115285417,-3279.8,-1620.0,-1659.8000000000002,-2074.75,0.1115217378273583,4930.216666666667,3868.166666666667,143.0,36.54519337464469,36.05783602834195,31.50941732619797,158331.2908466047,119745.75885706107,47533.815798948235,1601.0192579894194,1209.1035444257295,483.25364373953767,36100152.11872314,29899782.03574772,180335492.784883,182765156.38485706,190825396.17999622,1826055.5231213712,1850645.429328646,1931672.1455205712,75599.71236666669
30.623492749999997,-138912.24624636665,-111627.73498920831,-4536.133333333333,-1620.0,-2916.133333333333,-3645.1666666666665,0.22304347695779309,3614.5499999999997,3089.583333333333,366.0,36.05783602834195,35.51660800667222,0.0,110600.89067633971,91923.95882713769,0.0,1116.8836877120864,935.3125465035549,0.0,36100152.11872314,29899782.03574772,180335492.784883,182765156.38485706,190825396.17999622,1826055.5231213712,1850645.429328646,1931672.1455205712,75599.71236666669
34.27892116666667,-195312.15176202226,-174725.3743400278,-5697.733333333334,-1620.0,-4077.7333333333336,-5097.166666666667,0.33456521608822787,3419.7333333333336,2929.166666666667,110.0,35.51660800667222,35.51660800667222,0.0,103649.76696054054,86226.5029594007,0.0,1048.7470841492413,880.1958104320862,0.0,36100152.11872314,29899782.03574772,180335492.784883,182765156.38485706,190825396.17999622,1826055.5231213712,1850645.429328646,1931672.1455205712,75599.71236666669
24.61031708333333,-142938.36230780554,-128837.06079100692,-5808.066666666667,-1620.0,-4188.066666666667,-5235.083333333333,0.44608695521866265,3032.0666666666666,2685.083333333333,226.0,35.51660800667222,34.40678741940975,0.0,89881.16192328726,77788.72932543208,0.0,915.5506913157484,793.5398470332223,0.0,36100152.11872314,29899782.03574772,180335492.784883,182765156.38485706,190825396.17999622,1826055.5231213712,1850645.429328646,1931672.1455205712,75599.71236666669
23.231713833333334,-124269.53485634446,-108292.69805793057,-5349.133333333333,-1620.0,-3729.1333333333337,-4661.416666666667,0.5576086943490974,3143.383333333333,2735.666666666667,280.0,35.51660800667222,34.40678741940975,0.0,93834.75233789666,79529.13932239724,0.0,953.7974113387448,811.4818663490782,0.0,36100152.11872314,29899782.03574772,180335492.784883,182765156.38485706,190825396.17999622,1826055.5231213712,1850645.429328646,1931672.1455205712,75599.71236666669
27.893288000000002,-118615.27744373336,-91785.18860466668,-4252.466666666667,-1620.0,-2632.466666666667,-3290.5833333333335,0.6691304334795323,4026.4666666666667,3196.583333333333,132.0,36.05783602834195,35.51660800667222,0.0,125453.71430034758,95724.23588385162,0.0,1266.6644433589083,972.076125264992,0.0,36100152.11872314,29899782.03574772,180335492.784883,182765156.38485706,190825396.17999622,1826055.5231213712,1850645.429328646,1931672.1455205712,75599.71236666669
42.05500750000001,-91677.11268283335,-29435.000666041673,-2179.9333333333334,-1620.0,-559.9333333333333,-699.9166666666666,0.7806521726099671,5100.016666666666,3629.0,9.0,36.54519337464469,36.05783602834195,35.51660800667222,164536.66468161932,111121.92640694926,86223.54324206681,1663.8388605946288,1122.1379832874777,880.1671783613996,36100152.11872314,29899782.03574772,180335492.784883,182765156.38485706,190825396.17999622,1826055.5231213712,1850645.429328646,1931672.1455205712,75599.71236666669
54.524715833333325,210123.7148974444,174051.98039263886,3853.7333333333336,1300.0,2553.7333333333336,3192.1666666666665,0.6814912267670991,4722.266666666666,5383.833333333333,0.0,36.54519337464469,36.54519337464469,37.38267504946703,150731.7178843473,174908.79964789975,292700.10773591785,1524.085592725854,1768.8403341678636,2969.914532977332,36100152.11872314,29899782.03574772,180335492.784883,182765156.38485706,190825396.17999622,1826055.5231213712,1850645.429328646,1931672.1455205712,75599.71236666669
55.3897355,291667.5765468667,274576.15049608337,5265.733333333334,1300.0,3965.7333333333336,4957.166666666667,0.582330280924231,5878.1,6186.666666666667,0.0,36.75289233779517,36.81294353290304,37.85179447916236,193062.6411364574,204413.85356268808,389425.4988144978,1952.49674120717,2068.508214209069,3936.981838488152,36100152.11872314,29899782.03574772,180335492.784883,182765156.38485706,190825396.17999622,1826055.5231213712,1850645.429328646,1931672.1455205712,75599.71236666669
47.693067750000004,202612.86995340002,175764.85234800001,4248.266666666666,1300.0,2948.266666666667,3685.3333333333335,0.48316933508136295,5749.733333333334,6312.666666666667,0.0,36.75289233779517,36.81294353290304,37.69420731834162,188344.79485669575,209052.28444783387,346154.2601284243,1904.8281835298749,2116.3261616176533,3507.9138523633296,36100152.11872314,29899782.03574772,180335492.784883,182765156.38485706,190825396.17999622,1826055.5231213712,1850645.429328646,1931672.1455205712,75599.71236666669
48.05221133333333,156682.24375422223,117767.96127611112,3260.666666666667,1300.0,1960.666666666667,2450.8333333333335,0.3840083892384949,6071.25,6881.083333333333,0.0,36.81294353290304,36.8984215940507,37.67408287333122,200165.02632993218,229998.31674562587,321054.03542237345,2024.7067213777937,2330.086201197959,3259.2243122743957,36100152.11872314,29899782.03574772,180335492.784883,182765156.38485706,190825396.17999622,1826055.5231213712,1850645.429328646,1931672.1455205712,75599.71236666669
44.74469633333333,77673.8098549111,97092.26231863888,1735.9333333333334,0.0,1735.9333333333334,2169.9166666666665,0.3840083892384949,6976.733333333334,6695.75,153.0,36.8984215940507,36.8984215940507,37.38267504946703,233527.6507710968,223159.8092768618,303528.6226085801,2365.642679920088,2261.1912642071816,3080.7000126827284,36100152.11872314,29899782.03574772,180335492.784883,182765156.38485706,190825396.17999622,1826055.5231213712,1850645.429328646,1931672.1455205712,75599.71236666669
46.43594325,66777.98212305,83472.4776538125,1438.0666666666666,0.0,1438.0666666666666,1797.5833333333333,0.3840083892384949,6940.933333333333,6733.416666666667,152.0,36.8984215940507,36.8984215940507,37.38267504946703,232206.6872780298,224549.64982357106,291017.88735869183,2352.3345571992077,2275.193292768257,2952.7039003418563,36100152.11872314,29899782.03574772,180335492.784883,182765156.38485706,190825396.17999622,1826055.5231213712,1850645.429328646,1931672.1455205712,75599.71236666669
51.40064466666667,103061.71926631112,45301.10149955556,2005.0666666666666,1300.0,705.0666666666667,881.3333333333334,0.28484744339562684,5493.683333333334,6617.416666666667,0.0,36.75289233779517,36.81294353290304,36.91444713464553,178934.21677360332,220271.02898948605,252792.09516438743,1809.7448218580648,2231.9810780681764,2560.943741217903,36100152.11872314,29899782.03574772,180335492.784883,182765156.38485706,190825396.17999622,1826055.5231213712,1850645.429328646,1931672.1455205712,75599.71236666669
53.584201,95590.64230393333,32413.976254916666,1783.9333333333334,1300.0,483.93333333333334,604.9166666666666,0.1856864975527588,5205.4,6384.416666666667,0.0,36.54519337464469,36.81294353290304,36.8984215940507,168387.91897675063,211693.61314631964,233992.57088318188,1702.826723499295,2143.555826114208,2370.326544341404,36100152.11872314,29899782.03574772,180335492.784883,182765156.38485706,190825396.17999622,1826055.5231213712,1850645.429328646,1931672.1455205712,75599.71236666669
47.32889375,-1234.4953119791671,-10917.198158333333,-26.083333333333343,158.45,-184.53333333333333,-230.66666666666666,0.17360030380752614,6672.333333333334,6876.916666666667,0.0,36.8984215940507,36.8984215940507,36.8984215940507,222295.7712378678,229844.57332231733,221333.3374079563,2252.4864632654517,2328.5373042332385,2242.7903682662995,36100152.11872314,29899782.03574772,180335492.784883,182765156.38485706,190825396.17999622,1826055.5231213712,1850645.429328646,1931672.1455205712,75599.71236666669
42.450651,-25159.6107990507,-21709.97043225,-592.6790333333333,-183.5457,-409.1333333333334,-511.4166666666667,0.18623569619883049,6456.916666666667,6456.916666666667,81.26236666666665,36.81294353290304,36.81294353290304,36.75289233779517,214362.55155245512,214362.55155245512,195539.78608002476,2171.0701212500994,2171.0701212500994,1977.5255190891462,36100152.11872314,29899782.03574772,180335492.784883,182765156.38485706,190825396.17999622,1826055.5231213712,1850645.429328646,1931672.1455205712,75599.71236666669
43.19051858333333,-83544.32565694797,-26878.89939836111,-1934.320966666667,-1436.4543,-497.86666666666673,-622.3333333333334,0.28512204293796095,7639.487633333334,6478.5,151.0,36.91444713464553,36.81294353290304,36.75289233779517,257987.3470899259,215157.09758370693,192256.52769784842,2614.2481843159876,2179.261158537681,1944.3518669013636,36100152.11872314,29899782.03574772,180335492.784883,182765156.38485706,190825396.17999622,1826055.5231213712,1850645.429328646,1931672.1455205712,75599.71236666669
39.58780716666667,-89521.22793955557,-31736.225411944448,-2261.3333333333335,-1620.0,-641.3333333333334,-801.6666666666666,0.39664378206839573,7708.666666666667,6379.0,130.0,36.91444713464553,36.81294353290304,36.75289233779517,260541.05285873511,211494.20970218309,182008.59621765983,2640.4497748824797,2141.500160385664,1840.8079860988257,36100152.11872314,29899782.03574772,180335492.784883,182765156.38485706,190825396.17999622,1826055.5231213712,1850645.429328646,1931672.1455205712,75599.71236666669
43.40327158333333,-10764.011352666665,-13455.014190833332,-248.0,0.0,-248.0,-310.0,0.39664378206839573,6644.583333333333,6706.583333333333,0.0,36.8984215940507,36.8984215940507,36.81294353290304,221271.84003863286,223559.542177464,212141.50395930329,2242.170809480411,2265.2183963154553,2148.1731675967826,36100152.11872314,29899782.03574772,180335492.784883,182765156.38485706,190825396.17999622,1826055.5231213712,1850645.429328646,1931672.1455205712,75599.71236666669
52.458089166666674,84163.75825900001,19960.30292791667,1604.4,1300.0,304.40000000000003,380.5,0.2974828362255277,6021.4333333333325,7245.333333333333,0.0,36.81294353290304,36.8984215940507,36.91444713464553,198331.12819293467,243438.56681125882,257483.30615441527,2005.8009218005107,2465.490773853844,2609.076611935838,36100152.11872314,29899782.03574772,180335492.784883,182765156.38485706,190825396.17999622,1826055.5231213712,1850645.429328646,1931672.1455205712,75599.71236666669
55.16054166666666,174763.3054777778,128818.25163888888,3168.266666666667,1300.0,1868.2666666666669,2335.3333333333335,0.19832189038265963,6577.733333333334,7410.666666666667,0.0,36.81294353290304,36.91444713464553,37.69420731834162,218810.16868028868,249540.54761261074,336655.31988420227,2216.9209546846,2527.5821383661932,3416.764412756082,36100152.11872314,29899782.03574772,180335492.784883,182765156.38485706,190825396.17999622,1826055.5231213712,1850645.429328646,1931672.1455205712,75599.71236666669
60.134312916666666,225740.20173497224,184456.99367913193,3753.9333333333334,1300.0,2453.9333333333334,3067.4166666666665,0.09916094453979159,6843.733333333334,7530.25,0.0,36.8984215940507,36.91444713464553,37.69420731834162,228620.1606990881,253954.90024912875,368758.2197836565,2316.201888806203,2572.8743806483158,3724.815759576872,36100152.11872314,29899782.03574772,180335492.784883,182765156.38485706,190825396.17999622,1826055.5231213712,1850645.429328646,1931672.1455205712,75599.71236666669
52.81099991666667,85106.68673237223,20565.483550881945,1611.5333333333333,1300.0,311.53333333333336,389.4166666666667,-1.3030764522969918e-09,5893.633333333333,7115.75,0.0,36.75289233779517,36.8984215940507,36.91444713464553,193633.53606410447,238657.1463463631,253028.96286683474,1958.2649956547468,2417.32007825103,2563.3740566574315,36100152.11872314,29899782.03574772,180335492.784883,182765156.38485706,190825396.17999622,1826055.5231213712,1850645.429328646,1931672.1455205712,75599.71236666669
40.1377285,-119680.00299273335,-68321.10352841667,-2981.7333333333336,-1620.0,-1361.7333333333336,-1702.1666666666667,0.11152173782735833,6915.066666666667,5635.5,0.0,36.8984215940507,36.75289233779517,36.05783602834195,231252.24810613037,184146.38945530826,122095.52783824132,2342.7190048422212,1862.4079947061693,1232.7993872167094,36100152.11872314,29899782.03574772,180335492.784883,182765156.38485706,190825396.17999622,1826055.5231213712,1850645.429328646,1931672.1455205712,75599.71236666669
35.256820749999996,-169810.95146029998,-140868.62730662499,-4816.4,-1620.0,-3196.4,-3995.5,0.2230434769577931,5085.733333333333,4267.833333333333,3.0,36.54519337464469,36.14366306779496,22.1447587705548,164014.67750291814,134157.5303570352,4734.01677991121,1658.5545654010023,1354.459676552293,48.454657880483225,36100152.11872314,29899782.03574772,180335492.784883,182765156.38485706,190825396.17999622,1826055.5231213712,1850645.429328646,1931672.1455205712,75599.71236666669
34.59131916666667,-192486.85463483338,-170561.1469810417,-5564.6,-1620.0,-3944.6000000000004,-4930.75,0.33456521608822787,4282.1,3648.25,0.0,36.14366306779496,36.05783602834195,0.0,134673.1799501358,111816.03975049485,0.0,1359.7150841413434,1129.1376504034833,0.0,36100152.11872314,29899782.03574772,180335492.784883,182765156.38485706,190825396.17999622,1826055.5231213712,1850645.429328646,1931672.1455205712,75599.71236666669
26.71641766666667,-162186.4661817778,-148632.33695222222,-6070.666666666667,-1620.0,-4450.666666666667,-5563.333333333333,0.44608695521866265,3823.083333333334,3315.75,0.0,36.05783602834195,35.51660800667222,0.0,118120.15141611666,99956.6316713134,0.0,1192.710384643223,1013.0199863466548,0.0,36100152.11872314,29899782.03574772,180335492.784883,182765156.38485706,190825396.17999622,1826055.5231213712,1850645.429328646,1931672.1455205712,75599.71236666669
19.495674416666667,-118372.5362114889,-108486.92957061112,-6071.733333333334,-1620.0,-4451.733333333334,-5564.666666666667,0.5576086943490974,3814.7333333333336,3367.666666666667,60.0,36.05783602834195,35.51660800667222,0.0,117819.06848527999,101800.53557032648,0.0,1189.6741654006958,1030.8577663843303,0.0,36100152.11872314,29899782.03574772,180335492.784883,182765156.38485706,190825396.17999622,1826055.5231213712,1850645.429328646,1931672.1455205712,75599.71236666669
18.802278583333333,-107374.79904846112,-96143.8846793264,-5710.733333333334,-1620.0,-4090.7333333333336,-5113.416666666667,0.6691304334795323,4020.6499999999996,3440.333333333333,17.0,36.05783602834195,35.51660800667222,0.0,125243.97788744938,104381.40908547796,0.0,1264.549392429483,1055.8249320229384,0.0,36100152.11872314,29899782.03574772,180335492.784883,182765156.38485706,190825396.17999622,1826055.5231213712,1850645.429328646,1931672.1455205712,75599.71236666669
25.247465833333333,-83722.27986772223,-53526.73152215278,-3316.0666666666666,-1620.0,-1696.0666666666668,-2120.0833333333335,0.7806521726099671,5290.483333333334,4110.5,16.0,36.54519337464469,36.05783602834195,34.13948634071171,171497.30584637666,128483.77445459591,53925.17164549141,1734.304351227956,1297.2205659553588,548.7106469741288,36100152.11872314,29899782.03574772,180335492.784883,182765156.38485706,190825396.17999622,1826055.5231213712,1850645.429328646,1931672.1455205712,75599.71236666669
47.71228316666666,120667.54494737776,73301.97103838887,2529.0666666666666,1300.0,1229.0666666666666,1536.3333333333333,0.6814912267670991,5677.516666666666,6670.25,0.0,36.75289233779517,36.8984215940507,36.91444713464553,185690.62348170127,222218.89952621353,278921.3713278607,1878.0107516400124,2251.712014783091,2829.0359404822593,36100152.11872314,29899782.03574772,180335492.784883,182765156.38485706,190825396.17999622,1826055.5231213712,1850645.429328646,1931672.1455205712,75599.71236666669
50.4578195,222576.16952376664,196226.25521720832,4411.133333333333,1300.0,3111.133333333333,3888.9166666666665,0.582330280924231,7383.950000000001,7906.166666666667,0.0,36.91444713464553,36.91444713464553,38.10229658768639,248554.31663333013,267831.6561678276,414198.54319231265,2517.4631886270654,2715.2529903588775,4187.953573469544,36100152.11872314,29899782.03574772,180335492.784883,182765156.38485706,190825396.17999622,1826055.5231213712,1850645.429328646,1931672.1455205712,75599.71236666669
46.772998583333326,195289.74188503885,168316.53315200692,4175.266666666666,1296.4,2878.866666666667,3598.5833333333335,0.48344393462369706,7503.5666666666675,8080.25,0.0,36.91444713464553,36.91444713464553,38.10229658768639,252969.89975141932,274257.8461731838,409769.15121399413,2562.7680559244586,2781.187132607905,4143.28609177528,36100152.11872314,29899782.03574772,180335492.784883,182765156.38485706,190825396.17999622,1826055.5231213712,1850645.429328646,1931672.1455205712,75599.71236666669
48.082513500000005,176283.31649460003,142220.06118075002,3666.266666666667,1300.0,2366.266666666667,2957.8333333333335,0.384282988780829,7527.650000000001,8236.083333333334,0.0,36.91444713464553,36.91444713464553,37.85179447916236,253858.9226865787,280010.34751833277,391321.2428546625,2571.8896294572346,2840.209078996455,3956.5252320681157,36100152.11872314,29899782.03574772,180335492.784883,182765156.38485706,190825396.17999622,1826055.5231213712,1850645.429328646,1931672.1455205712,75599.71236666669
50.73716883333333,163664.57674464444,122132.82157663887,3225.7333333333336,1300.0,1925.7333333333333,2407.1666666666665,0.28512204293796095,7446.766666666666,8265.333333333334,0.0,36.91444713464553,37.06889790398919,37.85179447916236,250873.15915417142,281090.2701412264,371584.6863499859,2541.2550299039044,2851.277010193793,3753.059319206495,36100152.11872314,29899782.03574772,180335492.784883,182765156.38485706,190825396.17999622,1826055.5231213712,1850645.429328646,1931672.1455205712,75599.71236666669
51.31917741666666,113579.60345856666,58580.841021124994,2213.2,1300.0,913.2,1141.5,0.1859610970950929,7405.05,8476.75,0.0,36.91444713464553,37.38267504946703,37.67408287333122,249333.21146787115,288989.87723725825,331841.38115177065,2525.4548232931515,2931.9555265535328,3368.95617407193,36100152.11872314,29899782.03574772,180335492.784883,182765156.38485706,190825396.17999622,1826055.5231213712,1850645.429328646,1931672.1455205712,75599.71236666669
48.595071083333345,96130.76961705001,41196.47151089584,1978.2,1300.0,678.2,847.75,0.08680015125222486,7240.883333333334,8371.333333333334,0.0,36.8984215940507,37.38267504946703,37.67408287333122,243274.36883516534,285049.1202424603,316803.1430714993,2463.836551895523,2891.6380260278347,3215.9830605648904,36100152.11872314,29899782.03574772,180335492.784883,182765156.38485706,190825396.17999622,1826055.5231213712,1850645.429328646,1931672.1455205712,75599.71236666669
46.44694675,-1802.1415339000002,-2252.676917375,-38.800000000000004,0.0,-38.800000000000004,-48.5,0.08680015125222486,8322.466666666665,8332.166666666666,0.0,37.38267504946703,37.38267504946703,37.29059014205358,283222.3535217096,283584.96546968946,281772.06769662653,2872.948553847384,2876.658401326587,2858.1277059257477,36100152.11872314,29899782.03574772,180335492.784883,182765156.38485706,190825396.17999622,1826055.5231213712,1850645.429328646,1931672.1455205712,75599.71236666669
44.950368583333336,-2981.707782694445,-3727.134728368056,-66.33333333333334,0.0,-66.33333333333334,-82.91666666666667,0.08680015125222486,8534.75,8551.333333333334,0.0,37.38267504946703,37.38267504946703,37.38267504946703,291158.07239012734,291778.0017513644,288678.3549451794,2954.1381197281457,2960.480556569738,2928.7683723617783,36100152.11872314,29899782.03574772,180335492.784883,182765156.38485706,190825396.17999622,1826055.5231213712,1850645.429328646,1931672.1455205712,75599.71236666669
43.02415741666666,-5366.546568438888,-6708.18321054861,-124.73333333333333,0.0,-124.73333333333333,-155.91666666666666,0.08680015125222486,8386.983333333334,8418.166666666666,0.0,37.38267504946703,37.38267504946703,36.91444713464553,285634.15910698444,286799.8755239436,280976.27555168926,2897.62350159995,2909.549832585496,2850.1197159836233,36100152.11872314,29899782.03574772,180335492.784883,182765156.38485706,190825396.17999622,1826055.5231213712,1850645.429328646,1931672.1455205712,75599.71236666669
44.10354949999999,-16018.4091784,-20023.011472999995,-363.20000000000005,0.0,-363.20000000000005,-454.0,0.08680015125222486,8072.2,8163.0,0.0,36.91444713464553,36.91444713464553,36.91444713464553,273960.6848737499,277312.51667357574,260553.35767444666,2778.1381914201324,2812.52873301637,2640.5760250351823,36100152.11872314,29899782.03574772,180335492.784883,182765156.38485706,190825396.17999622,1826055.5231213712,1850645.429328646,1931672.1455205712,75599.71236666669
45.21822958333333,39542.58813346528,-14891.87027611111,874.4833333333333,1137.95,-263.46666666666664,-329.3333333333333,-1.303076438419204e-09,7045.683333333333,8249.5,0.0,36.8984215940507,36.91444713464553,36.91444713464553,236071.7969400066,280505.61635072256,268348.4584277126,2391.2738268922863,2845.290647642742,2720.5554967723942,36100152.11872314,29899782.03574772,180335492.784883,182765156.38485706,190825396.17999622,1826055.5231213712,1850645.429328646,1931672.1455205712,75599.71236666669
43.70048808333333,-3766.9820727833335,-4708.727590979167,-86.2,0.0,-86.2,-107.75,-1.303076438419204e-09,8462.7,8484.25,0.0,37.38267504946703,37.38267504946703,37.38267504946703,288464.65065281326,289270.24730012927,285242.26406354917,2926.5819845862343,2934.8239653261116,2893.6140616267226,36100152.11872314,29899782.03574772,180335492.784883,182765156.38485706,190825396.17999622,1826055.5231213712,1850645.429328646,1931672.1455205712,75599.71236666669
45.64186850000001,30141.88995740001,37677.362446750005,660.4000000000001,0.0,660.4000000000001,825.5,-1.303076438419204e-09,8764.6,8599.5,0.0,37.38267504946703,37.38267504946703,37.67408287333122,299750.48025024735,293578.6005995803,324560.8646364994,3042.0462066451264,2978.9023077980805,3294.896748138146,36100152.11872314,29899782.03574772,180335492.784883,182765156.38485706,190825396.17999622,1826055.5231213712,1850645.429328646,1931672.1455205712,75599.71236666669
42.66613133333333,78935.18737542223,98668.98421927779,1850.0666666666668,0.0,1850.0666666666668,2312.5833333333335,-1.303076438419204e-09,8991.766666666666,8529.25,0.0,37.38267504946703,37.38267504946703,37.85179447916236,308242.5779323179,290952.4676773553,377994.25688179076,3128.9280299123616,2952.0345979615877,3819.1361507447423,36100152.11872314,29899782.03574772,180335492.784883,182765156.38485706,190825396.17999622,1826055.5231213712,1850645.429328646,1931672.1455205712,75599.71236666669
41.24213633333333,66397.0900209111,82996.36252613888,1609.9333333333334,0.0,1609.9333333333334,2012.4166666666667,-1.303076438419204e-09,8575.566666666666,8173.083333333333,0.0,37.38267504946703,36.91444713464553,37.69420731834162,292683.9085767297,277684.73734885006,353221.9240006134,2969.7488009593603,2816.3478001356293,3575.733375880627,36100152.11872314,29899782.03574772,180335492.784883,182765156.38485706,190825396.17999622,1826055.5231213712,1850645.429328646,1931672.1455205712,75599.71236666669
27.949975166666665,-95655.99501039999,-62971.29405049999,-3422.4,-1620.0,-1802.4,-2253.0,0.11152173782735834,6683.483333333334,5533.083333333333,19.0,36.8984215940507,36.75289233779517,35.51660800667222,222707.18863864147,180382.2807317124,98689.87265240875,2256.631311543044,1824.3758878602878,1000.7654600928423,36100152.11872314,29899782.03574772,180335492.784883,182765156.38485706,190825396.17999622,1826055.5231213712,1850645.429328646,1931672.1455205712,75599.71236666669
18.308090583333335,-86882.87467226668,-71529.70990908334,-4745.6,-1620.0,-3125.6000000000004,-3907.0,0.22304347695779314,4788.183333333333,4222.583333333333,273.0,36.54519337464469,36.05783602834195,22.1447587705548,153140.65521429264,132525.25690943922,5691.777596737706,1548.4722759123092,1337.9762034922746,58.375097358141645,36100152.11872314,29899782.03574772,180335492.784883,182765156.38485706,190825396.17999622,1826055.5231213712,1850645.429328646,1931672.1455205712,75599.71236666669
16.386241666666667,-87819.33117222223,-76592.02459027778,-5359.333333333334,-1620.0,-3739.333333333334,-4674.166666666667,0.3345652160882279,3621.916666666667,3212.75,276.0,36.05783602834195,35.51660800667222,0.0,110866.51673508185,96298.42104662616,0.0,1119.5623482015017,977.6307469781686,0.0,36100152.11872314,29899782.03574772,180335492.784883,182765156.38485706,190825396.17999622,1826055.5231213712,1850645.429328646,1931672.1455205712,75599.71236666669
12.659709666666666,-72261.62277733334,-64691.116396666665,-5708.0,-1620.0,-4088.0,-5110.0,0.4460869552186627,3306.916666666667,3024.916666666667,316.0,35.51660800667222,35.51660800667222,0.0,99642.90163392114,89627.21817603958,0.0,1009.9849868538882,913.0940596508487,0.0,36100152.11872314,29899782.03574772,180335492.784883,182765156.38485706,190825396.17999622,1826055.5231213712,1850645.429328646,1931672.1455205712,75599.71236666669
8.113569499999999,-50025.0241092,-46101.30189899999,-6165.6,-1620.0,-4545.6,-5682.0,0.5576086943490974,3174.9333333333334,3016.333333333333,325.0,35.51660800667222,35.51660800667222,0.0,94955.30132050718,89322.36729064895,0.0,964.6375133006453,910.1449563701414,0.0,36100152.11872314,29899782.03574772,180335492.784883,182765156.38485706,190825396.17999622,1826055.5231213712,1850645.429328646,1931672.1455205712,75599.71236666669
5.516689333333333,-31761.05160915555,-28530.01861144444,-5757.266666666666,-1620.0,-4137.266666666666,-5171.583333333333,0.6691304334795323,3016.416666666667,3016.416666666667,585.6833333333334,35.51660800667222,35.51660800667222,0.0,89325.32700798287,89325.32700798287,0.0,910.173588440828,910.173588440828,0.0,36100152.11872314,29899782.03574772,180335492.784883,182765156.38485706,190825396.17999622,1826055.5231213712,1850645.429328646,1931672.1455205712,75599.71236666669
4.202937166666667,-18012.38771727778,-14004.536884097222,-4285.666666666667,-1620.0,-2665.666666666667,-3332.0833333333335,0.7806521726099671,3051.666666666667,3051.666666666667,953.5833333333335,35.51660800667222,35.51660800667222,0.0,90577.28744021806,90577.28744021806,0.0,922.2849543412079,922.2849543412079,0.0,36100152.11872314,29899782.03574772,180335492.784883,182765156.38485706,190825396.17999622,1826055.5231213712,1850645.429328646,1931672.1455205712,75599.71236666669
21.319230333333334,-48056.38773537778,-16899.043244222223,-2254.133333333333,-1620.0,-634.1333333333333,-792.6666666666666,0.892173911740402,4807.049999999999,3801.583333333333,456.0,36.54519337464469,36.05783602834195,35.51660800667222,153830.14119596092,117344.90794150726,89058.9524479328,1555.4522317573321,1184.8925746175541,907.5967020790449,36100152.11872314,29899782.03574772,180335492.784883,182765156.38485706,190825396.17999622,1826055.5231213712,1850645.429328646,1931672.1455205712,75599.71236666669
49.17177883333333,138552.96027797778,93287.05974330555,2817.7333333333336,1300.0,1517.7333333333336,1897.1666666666667,0.7930129658975339,5474.016666666666,6394.583333333333,0.0,36.75289233779517,36.81294353290304,37.38267504946703,178211.40989095997,212067.87807223748,282074.0823531069,1802.441667085381,2147.414152558551,2861.2007034965764,36100152.11872314,29899782.03574772,180335492.784883,182765156.38485706,190825396.17999622,1826055.5231213712,1850645.429328646,1931672.1455205712,75599.71236666669
47.80174233333333,220958.7737616,198520.6359103333,4622.4,1300.0,3322.4,4153.0,0.6938520200546658,7735.6,8205.0,0.0,36.91444713464553,36.91444713464553,38.21983657836123,261535.28196822823,278862.9234532308,435685.1735637883,2650.6507872208645,2828.436252256921,4405.693381362671,36100152.11872314,29899782.03574772,180335492.784883,182765156.38485706,190825396.17999622,1826055.5231213712,1850645.429328646,1931672.1455205712,75599.71236666669
44.06785399999999,177984.1865921333,150869.97049016663,4038.866666666667,1300.0,2738.866666666667,3423.5833333333335,0.5946910742117978,8066.550000000001,8681.833333333334,0.0,36.91444713464553,37.38267504946703,38.21983657836123,273752.1182474392,296656.4408453198,426031.4798413706,2775.998251331821,3010.391391212618,4307.493373329406,36100152.11872314,29899782.03574772,180335492.784883,182765156.38485706,190825396.17999622,1826055.5231213712,1850645.429328646,1931672.1455205712,75599.71236666669
44.790140750000006,162047.74322411668,129775.70031139585,3617.9333333333334,1300.0,2317.9333333333334,2897.4166666666665,0.49553012836892973,8448.066666666668,9168.583333333334,0.0,37.38267504946703,37.67408287333122,38.21983657836123,287917.61750792275,314900.60188639606,424524.9812829068,2920.985341825513,3196.6298858706805,4292.168858713853,36100152.11872314,29899782.03574772,180335492.784883,182765156.38485706,190825396.17999622,1826055.5231213712,1850645.429328646,1931672.1455205712,75599.71236666669
47.36223775000001,162569.30233561673,126247.99157577088,3432.4666666666667,1300.0,2132.4666666666667,2665.5833333333335,0.3963691825260617,8244.533333333333,9011.416666666666,0.0,36.91444713464553,37.67408287333122,38.10229658768639,280322.27459662047,308979.4918614708,409699.29700358334,2843.4095203674706,3136.3987184230227,4142.581658372215,36100152.11872314,29899782.03574772,180335492.784883,182765156.38485706,190825396.17999622,1826055.5231213712,1850645.429328646,1931672.1455205712,75599.71236666669
44.07735016666666,121054.03449773332,79691.84910133333,2746.4,1300.0,1446.4,1808.0,0.2972082366831936,8140.266666666666,9078.666666666666,0.0,36.91444713464553,37.67408287333122,37.85179447916236,276473.3282420481,311513.0739347023,379691.2790009398,2803.9184726020403,3162.1710154167977,3836.6309024020143,36100152.11872314,29899782.03574772,180335492.784883,182765156.38485706,190825396.17999622,1826055.5231213712,1850645.429328646,1931672.1455205712,75599.71236666669
43.38809058333334,85303.87862620557,36124.201084840286,1966.0666666666666,1300.0,666.0666666666667,832.5833333333334,0.19804729084032557,7926.266666666666,9059.75,0.0,36.91444713464553,37.67408287333122,37.69420731834162,268573.63655523397,310800.4058670152,342171.23888845294,2722.865874566855,3154.921558889429,3469.6937831100263,36100152.11872314,29899782.03574772,180335492.784883,182765156.38485706,190825396.17999622,1826055.5231213712,1850645.429328646,1931672.1455205712,75599.71236666669
41.76659133333333,10805.713287788887,5234.746113777777,258.71666666666664,158.45,100.26666666666667,125.33333333333333,0.18596109709509293,8167.950000000001,8301.333333333334,0.0,36.91444713464553,37.38267504946703,37.38267504946703,277495.24318689224,282432.3329889976,287117.6282618642,2814.403547784007,2864.8659308170945,2912.800729861087,36100152.11872314,29899782.03574772,180335492.784883,182765156.38485706,190825396.17999622,1826055.5231213712,1850645.429328646,1931672.1455205712,75599.71236666669
38.110980833333336,-17621.62319964978,46593.84998381945,-462.3765333333333,-1440.4432,978.0666666666666,1222.5833333333333,0.28512204202262914,8334.626533333334,6649.666666666667,0.0,37.38267504946703,36.8984215940507,36.91444713464553,283676.92186595453,221459.40701506933,266579.64116917754,2877.599198249526,2244.060463777371,2702.4070373213694,36100152.11872314,29899782.03574772,180335492.784883,182765156.38485706,190825396.17999622,1826055.5231213712,1850645.429328646,1931672.1455205712,75599.71236666669
37.05438308333334,-15128.06946682222,56125.03891022224,-408.26666666666665,-1620.0,1211.7333333333333,1514.6666666666667,0.3966437811530639,7655.683333333333,5732.75,0.0,36.91444713464553,36.75289233779517,36.8984215940507,258585.20240138448,187720.60823515884,243515.43852291311,2620.3823131103723,1898.5214761456677,2466.2652223362047,36100152.11872314,29899782.03574772,180335492.784883,182765156.38485706,190825396.17999622,1826055.5231213712,1850645.429328646,1931672.1455205712,75599.71236666669
38.53993775,42519.828654983336,53149.785818729164,1103.2666666666667,0.0,1103.2666666666667,1379.0833333333333,0.3966437811530639,5788.983333333334,5513.166666666667,0.0,36.75289233779517,36.75289233779517,36.8984215940507,189787.3458809542,179650.28562598466,230410.34912009278,1919.4035475041712,1816.9798963743924,2334.2372450634107,36100152.11872314,29899782.03574772,180335492.784883,182765156.38485706,190825396.17999622,1826055.5231213712,1850645.429328646,1931672.1455205712,75599.71236666669
39.505478000000004,33632.33027066667,42040.41283833334,851.3333333333335,0.0,851.3333333333335,1064.1666666666667,0.3966437811530639,6039.833333333333,5827.0,0.0,36.81294353290304,36.75289233779517,36.8984215940507,199008.48635394013,191184.56833799605,230370.37583003257,2012.7838601522405,1933.5209170266212,2333.8345318525835,36100152.11872314,29899782.03574772,180335492.784883,182765156.38485706,190825396.17999622,1826055.5231213712,1850645.429328646,1931672.1455205712,75599.71236666669
42.52713683333334,83599.84558696668,35393.20962954167,1965.8000000000002,1300.0,665.8000000000001,832.25,0.29748283531019587,5065.033333333333,6198.583333333333,0.0,36.54519337464469,36.81294353290304,36.8984215940507,163258.19200006302,204852.5411397885,235523.85537933494,1650.8963452954204,2073.030678811865,2385.7535581100215,36100152.11872314,29899782.03574772,180335492.784883,182765156.38485706,190825396.17999622,1826055.5231213712,1850645.429328646,1931672.1455205712,75599.71236666669
42.90216425,107921.82424301667,65186.26339752084,2515.5333333333338,1300.0,1215.5333333333335,1519.4166666666667,0.19832188946732782,6077.05,7073.166666666667,0.0,36.81294353290304,36.8984215940507,37.38267504946703,200378.54140242303,237085.8885601498,293320.0370971549,2026.907864988665,2401.490351271584,2976.2569698189245,36100152.11872314,29899782.03574772,180335492.784883,182765156.38485706,190825396.17999622,1826055.5231213712,1850645.429328646,1931672.1455205712,75599.71236666669
46.58451416666667,190018.23328583335,161822.95608645835,4079.0,1300.0,2779.0,3473.75,0.09916094362445978,6956.25,7561.5,0.0,36.8984215940507,36.91444713464553,37.85179447916236,232771.848102112,255108.47672208643,385315.42479730205,2358.0283024415207,2584.7103324642017,3894.6107206267657,36100152.11872314,29899782.03574772,180335492.784883,182765156.38485706,190825396.17999622,1826055.5231213712,1850645.429328646,1931672.1455205712,75599.71236666669
46.865744250000006,152657.350937,114664.854265,3257.333333333333,1300.0,1957.3333333333333,2446.6666666666665,-2.2184082626441892e-09,6964.083333333334,7774.75,0.0,36.8984215940507,36.91444713464553,37.69420731834162,233060.8857379321,262980.4825735496,354575.77428013046,2360.940228735196,2665.478867655806,3588.7245823854955,36100152.11872314,29899782.03574772,180335492.784883,182765156.38485706,190825396.17999622,1826055.5231213712,1850645.429328646,1931672.1455205712,75599.71236666669
29.565838000000003,-89501.70479360002,-52006.30904200001,-3027.2,-1620.0,-1407.2,-1759.0,0.11152173691202652,6422.783333333333,5162.583333333333,8.0,36.81294353290304,36.54519337464469,35.51660800667222,213106.00307986533,166823.1756137596,103076.17374123276,2158.116264597615,1686.9861699958808,1043.1981888502019,36100152.11872314,29899782.03574772,180335492.784883,182765156.38485706,190825396.17999622,1826055.5231213712,1850645.429328646,1931672.1455205712,75599.71236666669
17.242274,-92410.54224546667,-80597.57295683333,-5359.533333333334,-1620.0,-3739.5333333333338,-4674.416666666667,0.2230434760424613,4081.45,3583.333333333333,187.0,36.05783602834195,36.05783602834195,0.0,127436.29431797258,109475.28522832163,0.0,1286.6574319439321,1105.5327123802435,0.0,36100152.11872314,29899782.03574772,180335492.784883,182765156.38485706,190825396.17999622,1826055.5231213712,1850645.429328646,1931672.1455205712,75599.71236666669
14.92837708333333,-89425.9548548611,-81552.47997482638,-5990.333333333334,-1620.0,-4370.333333333334,-5462.916666666667,0.33456521517289606,3114.5,2677.083333333333,90.0,35.51660800667222,34.40678741940975,0.0,92808.91430997061,77513.4750260768,0.0,943.8735356388119,790.702229480797,0.0,36100152.11872314,29899782.03574772,180335492.784883,182765156.38485706,190825396.17999622,1826055.5231213712,1850645.429328646,1931672.1455205712,75599.71236666669
11.478484583333334,-73119.47726044446,-68155.41529430557,-6370.133333333334,-1620.0,-4750.133333333334,-5937.666666666667,0.44608695430333084,2953.55,2614.083333333333,93.0,35.51660800667222,34.40678741940975,0.0,87092.51625129672,75345.847418654,0.0,888.5735543149494,768.3559912554479,0.0,36100152.11872314,29899782.03574772,180335492.784883,182765156.38485706,190825396.17999622,1826055.5231213712,1850645.429328646,1931672.1455205712,75599.71236666669
9.201908583333335,-60808.66576095556,-57376.96731994445,-6608.266666666666,-1620.0,-4988.266666666666,-6235.333333333333,0.5576086934337656,2753.0166666666664,2593.083333333333,213.0,34.40678741940975,34.40678741940975,0.0,80126.09708412399,74623.3048828464,0.0,817.6359494159004,760.9072451803314,0.0,36100152.11872314,29899782.03574772,180335492.784883,182765156.38485706,190825396.17999622,1826055.5231213712,1850645.429328646,1931672.1455205712,75599.71236666669
1.5852639166666667,-9465.188109372222,-8621.325705465279,-5970.733333333334,-1620.0,-4350.733333333334,-5438.416666666667,0.6691304325642005,2452.166666666667,2452.166666666667,532.3166666666666,34.40678741940975,34.40678741940975,0.0,69774.81508899458,69774.81508899458,0.0,710.923794335007,710.923794335007,0.0,36100152.11872314,29899782.03574772,180335492.784883,182765156.38485706,190825396.17999622,1826055.5231213712,1850645.429328646,1931672.1455205712,75599.71236666669
-3.0810101666666667,15919.784931844444,13660.685577305554,-5167.066666666667,-1620.0,-3547.0666666666666,-4433.833333333333,0.7806521716946353,2514.833333333333,2514.833333333333,733.2333333333336,34.40678741940975,34.40678741940975,0.0,71930.97376727758,71930.97376727758,0.0,733.1517984956715,733.1517984956715,0.0,36100152.11872314,29899782.03574772,180335492.784883,182765156.38485706,190825396.17999622,1826055.5231213712,1850645.429328646,1931672.1455205712,75599.71236666669
13.373883583333333,-34834.50877338889,-16461.02171048611,-2604.6666666666665,-1620.0,-984.6666666666666,-1230.8333333333333,0.8921739108250701,3639.416666666666,3059.583333333333,794.0,36.05783602834195,35.51660800667222,32.03152896725441,111497.52886557781,90858.46058693752,48651.0074142674,1125.9256819433247,925.0050010564231,494.70292523615234,36100152.11872314,29899782.03574772,180335492.784883,182765156.38485706,190825396.17999622,1826055.5231213712,1850645.429328646,1931672.1455205712,75599.71236666669
40.884867416666665,90221.31834281528,104678.88887580555,2206.7166666666667,158.45,2048.266666666667,2560.3333333333335,0.8800877170798375,4479.283333333334,4126.666666666667,1.0,36.52346033887948,36.05783602834195,36.8984215940507,141855.1458410158,129066.70947038746,222836.94808791386,1433.3237135874904,1303.0990742692338,2257.938580581268,36100152.11872314,29899782.03574772,180335492.784883,182765156.38485706,190825396.17999622,1826055.5231213712,1850645.429328646,1931672.1455205712,75599.71236666669
42.10169666666667,200558.44902111113,250698.06127638888,4763.666666666667,0.0,4763.666666666667,5954.583333333333,0.8800877170798375,6027.833333333333,4836.916666666667,0.0,36.81294353290304,36.54519337464469,37.85179447916236,198566.7310315453,154921.62430475035,376089.0498930062,2008.2297699228516,1566.5017731657088,3799.4952027875074,36100152.11872314,29899782.03574772,180335492.784883,182765156.38485706,190825396.17999622,1826055.5231213712,1850645.429328646,1931672.1455205712,75599.71236666669
42.83728241666666,238960.64041430556,229090.21659079858,5578.333333333334,1300.0,4278.333333333334,5347.916666666667,0.7809267712369694,4619.416666666666,4849.833333333333,0.0,36.52346033887948,36.54519337464469,37.69420731834162,146973.30008317073,155393.6663858395,353683.67804026307,1485.9871551181254,1571.280453183282,3580.1642514170903,36100152.11872314,29899782.03574772,180335492.784883,182765156.38485706,190825396.17999622,1826055.5231213712,1850645.429328646,1931672.1455205712,75599.71236666669
43.13613683333333,196890.58296206666,176017.00634841665,4564.4,1300.0,3264.4,4080.5,0.6817658253941014,4575.516666666667,5059.416666666667,0.0,36.52346033887948,36.54519337464469,37.67408287333122,145369.92017429398,163052.92983060877,313820.6115106939,1469.489116941188,1648.8183902426176,3185.6439253181916,36100152.11872314,29899782.03574772,180335492.784883,182765156.38485706,190825396.17999622,1826055.5231213712,1850645.429328646,1931672.1455205712,75599.71236666669
43.374353000000006,192741.16661433337,170443.1346429167,4443.666666666667,1300.0,3143.666666666667,3929.5833333333335,0.5826048795512333,4205.916666666666,4720.0,0.0,36.05783602834195,36.54519337464469,37.38267504946703,131924.29297563352,150648.88211269813,295450.8495749745,1331.915885642919,1523.247011458254,2998.057104490527,36100152.11872314,29899782.03574772,180335492.784883,182765156.38485706,190825396.17999622,1826055.5231213712,1850645.429328646,1931672.1455205712,75599.71236666669
44.97061866666667,164334.63277297778,132341.0356328889,3654.266666666667,1300.0,2354.266666666667,2942.8333333333335,0.48344393370836525,3742.7333333333336,4454.166666666667,0.0,36.05783602834195,36.52346033887948,36.91444713464553,115222.90429123936,140937.79826217092,249036.05016843724,1163.49359229148,1423.8846310010647,2522.405882105379,36100152.11872314,29899782.03574772,180335492.784883,182765156.38485706,190825396.17999622,1826055.5231213712,1850645.429328646,1931672.1455205712,75599.71236666669
46.118783916666665,136957.4153045278,96253.7452660764,2969.666666666667,1300.0,1669.666666666667,2087.0833333333335,0.3842829878654972,2758.9166666666665,3641.5,0.0,34.40678741940975,36.05783602834195,36.75289233779517,80329.09712989851,111572.64935730354,187567.4711837514,819.7286923608142,1126.6832216744942,1896.9741975921334,36100152.11872314,29899782.03574772,180335492.784883,182765156.38485706,190825396.17999622,1826055.5231213712,1850645.429328646,1931672.1455205712,75599.71236666669
45.95707733333333,100655.19077546666,51138.73780266666,2190.2,1300.0,890.2,1112.75,0.28512204202262914,2250.633333333333,3328.083333333333,0.0,34.40678741940975,35.51660800667222,36.52346033887948,62840.700531069524,100394.66983672901,140450.81879098585,639.4394788268262,1017.2575328082534,1418.8738373254569,36100152.11872314,29899782.03574772,180335492.784883,182765156.38485706,190825396.17999622,1826055.5231213712,1850645.429328646,1931672.1455205712,75599.71236666669
43.333648916666675,101221.6260494778,56109.8530722639,2335.866666666667,1300.0,1035.8666666666666,1294.8333333333333,0.1859610961797611,1970.0499999999995,3011.083333333333,0.0,34.02199170124481,35.51660800667222,36.14366306779496,53231.19767117685,89135.90509861392,135534.00152553373,541.7259551520084,908.3411359168932,1368.488422277736,36100152.11872314,29899782.03574772,180335492.784883,182765156.38485706,190825396.17999622,1826055.5231213712,1850645.429328646,1931672.1455205712,75599.71236666669
42.839215083333336,82476.91282610556,33482.41652221528,1925.2666666666669,1300.0,625.2666666666668,781.5833333333334,0.08680015033689305,1296.8166666666666,2440.5,0.0,29.88469993208707,34.40678741940975,35.51660800667222,32043.804818095086,69373.40256910145,96629.90938802177,325.3641421181118,706.7856020710533,980.8375388950542,36100152.11872314,29899782.03574772,180335492.784883,182765156.38485706,190825396.17999622,1826055.5231213712,1850645.429328646,1931672.1455205712,75599.71236666669
39.808902499999995,9238.319306833331,11547.899133541665,232.06666666666666,0.0,232.06666666666666,290.0833333333333,0.08680015033689305,2055.6833333333334,1997.666666666667,0.0,34.13948634071171,34.13948634071171,34.40678741940975,56153.342120661866,54172.68292146159,64117.76579078664,571.1367109105784,551.2017955472535,652.604841929433,36100152.11872314,29899782.03574772,180335492.784883,182765156.38485706,190825396.17999622,1826055.5231213712,1850645.429328646,1931672.1455205712,75599.71236666669
38.240964416666664,-58457.68760494444,4365.843437569444,-1528.6666666666667,-1620.0,91.33333333333334,114.16666666666667,0.19832188946732782,3335.5000000000005,1695.666666666667,3.0,35.51660800667222,31.50941732619797,31.50941732619797,100658.0846794452,44453.77025531238,48051.09540005332,1019.80578709935,451.50121032235336,488.5863201105397,36100152.11872314,29899782.03574772,180335492.784883,182765156.38485706,190825396.17999622,1826055.5231213712,1850645.429328646,1931672.1455205712,75599.71236666669
38.83863925,-63511.53214421667,-741.1706990208332,-1635.2666666666667,-1620.0,-15.266666666666666,-19.083333333333332,0.3098436285977626,3011.7666666666664,1537.583333333333,142.0,35.51660800667222,31.02773964720205,31.02773964720205,89160.17478075181,39488.07824668509,38895.96554841765,908.5759188965224,400.552178001472,394.5926890948104,36100152.11872314,29899782.03574772,180335492.784883,182765156.38485706,190825396.17999622,1826055.5231213712,1850645.429328646,1931672.1455205712,75599.71236666669
43.80889216666667,18755.31688475278,20790.970074097226,428.1166666666667,48.45,379.6666666666667,474.5833333333333,0.30614797642384955,1615.333333333333,1615.333333333333,46.46666666666664,31.50941732619797,31.50941732619797,34.13948634071171,41922.51373010779,41922.51373010779,57322.05053639223,425.4062863546075,425.4062863546075,582.8995135983891,36100152.11872314,29899782.03574772,180335492.784883,182765156.38485706,190825396.17999622,1826055.5231213712,1850645.429328646,1931672.1455205712,75599.71236666669
64.56990266666666,191729.5643182222,134735.86356444441,2969.333333333333,1300.0,1669.3333333333333,2086.6666666666665,0.2069870305809815,954.0000000000005,1836.666666666667,0.0,28.89990849804915,32.03152896725441,36.05783602834195,22123.05227570835,48904.590351924846,121734.94947795793,224.9439319449548,497.31961043963946,1229.1631965070962,36100152.11872314,29899782.03574772,180335492.784883,182765156.38485706,190825396.17999622,1826055.5231213712,1850645.429328646,1931672.1455205712,75599.71236666669
69.66402275,161035.3549889,88090.156767375,2311.6,1300.0,1011.6,1264.5,0.10782608473811346,926.8166666666671,1973.916666666667,0.0,28.89990849804915,34.02199170124481,35.51660800667222,21337.456429703045,53362.74937242169,97210.01398546409,217.00637564201827,543.049992011186,986.4494247496038,36100152.11872314,29899782.03574772,180335492.784883,182765156.38485706,190825396.17999622,1826055.5231213712,1850645.429328646,1931672.1455205712,75599.71236666669
21.748872499999994,-68001.4746833333,-40960.37654166665,-3126.666666666667,-1620.0,-1506.6666666666667,-1883.3333333333333,0.21934782386854823,2597.166666666667,1543.833333333333,190.0,34.40678741940975,31.02773964720205,0.0,74763.799264809,39682.0016194801,0.0,762.3556124727154,402.5039756783262,0.0,36100152.11872314,29899782.03574772,180335492.784883,182765156.38485706,190825396.17999622,1826055.5231213712,1850645.429328646,1931672.1455205712,75599.71236666669
-1.3205254999999998,8096.582015666666,7446.663382083332,-6131.333333333334,-1620.0,-4511.333333333334,-5639.166666666667,0.330869562998983,1404.75,1404.75,492.16666666666697,30.9979838150309,30.9979838150309,0.0,35367.002037656166,35367.002037656166,0.0,359.03393601217294,359.03393601217294,0.0,36100152.11872314,29899782.03574772,180335492.784883,182765156.38485706,190825396.17999622,1826055.5231213712,1850645.429328646,1931672.1455205712,75599.71236666669
-3.8642319999999994,28536.32285813333,27845.333772666665,-7384.733333333334,-1620.0,-5764.733333333334,-7205.916666666667,0.4423913021294178,1375.5,1375.5,178.8166666666666,30.9979838150309,30.9979838150309,0.0,34460.311011066515,34460.311011066515,0.0,349.82854413743814,349.82854413743814,0.0,36100152.11872314,29899782.03574772,180335492.784883,182765156.38485706,190825396.17999622,1826055.5231213712,1850645.429328646,1931672.1455205712,75599.71236666669
-5.581943249999999,44897.058077949994,44817.88751618749,-8043.266666666666,-1620.0,-6423.266666666666,-8029.083333333333,0.5539130412598525,1245.0,1245.0,14.183333333333394,28.89990849804915,28.89990849804915,0.0,30532.925648640638,30532.925648640638,0.0,309.9161778365989,309.9161778365989,0.0,36100152.11872314,29899782.03574772,180335492.784883,182765156.38485706,190825396.17999622,1826055.5231213712,1850645.429328646,1931672.1455205712,75599.71236666669
-9.369042083333335,68942.40847161112,67205.70037076391,-7358.533333333334,-1620.0,-5738.533333333334,-7173.166666666667,0.6654347803902874,1215.5,1215.5,185.3666666666668,28.89990849804915,28.89990849804915,0.0,29680.378347948186,29680.378347948186,0.0,301.30215290943903,301.30215290943903,0.0,36100152.11872314,29899782.03574772,180335492.784883,182765156.38485706,190825396.17999622,1826055.5231213712,1850645.429328646,1931672.1455205712,75599.71236666669
-28.232696999999998,185927.3671834,175237.99755425,-6585.533333333334,-1620.0,-4965.533333333334,-6206.916666666667,0.7769565195207222,1201.25,1201.25,378.6166666666668,28.89990849804915,28.89990849804915,0.0,29268.554651850987,29268.554651850987,0.0,297.1411408683534,297.1411408683534,0.0,36100152.11872314,29899782.03574772,180335492.784883,182765156.38485706,190825396.17999622,1826055.5231213712,1850645.429328646,1931672.1455205712,75599.71236666669
-34.48108991666667,180605.05276551668,155932.10887564585,-5237.8,-1620.0,-3617.8,-4522.25,0.888478258651157,1221.833333333333,1221.833333333333,715.5500000000002,28.89990849804915,28.89990849804915,0.0,29863.411101769158,29863.411101769158,0.0,303.1514915943659,303.1514915943659,0.0,36100152.11872314,29899782.03574772,180335492.784883,182765156.38485706,190825396.17999622,1826055.5231213712,1850645.429328646,1931672.1455205712,75599.71236666669
0.8968900000000003,-2009.0336000000007,-695.0897500000002,-2240.0,-1620.0,-620.0,-775.0,0.9999999977815919,1481.583333333333,1290.583333333333,1274.0,31.02773964720205,29.84689357615021,23.72897249884988,37750.52482644177,31857.561958313607,10219.720030478615,383.0640708168581,323.52011485900937,104.3506296976618,36100152.11872314,29899782.03574772,180335492.784883,182765156.38485706,190825396.17999622,1826055.5231213712,1850645.429328646,1931672.1455205712,75599.71236666669
43.23678433333333,110481.51378082224,138101.8922260278,2555.266666666667,0.0,2555.266666666667,3194.0833333333335,0.9999999977815919,2470.6499999999996,1886.833333333333,55.0,34.40678741940975,32.03152896725441,36.54519337464469,70410.76720979666,50511.50538844876,163838.65148816362,717.479873221756,513.9011314133144,1656.7725802073523,36100152.11872314,29899782.03574772,180335492.784883,182765156.38485706,190825396.17999622,1826055.5231213712,1850645.429328646,1931672.1455205712,75599.71236666669
47.13682908333334,221288.5578146167,270129.38326931256,4694.6,110.0,4584.6,5730.75,0.9916094562102723,3369.3999999999996,2402.25,69.0,35.51660800667222,34.40678741940975,36.91444713464553,101862.09769087135,68057.34295030904,276205.08325953636,1031.4533134546089,693.2182431485198,2801.16621927312,36100152.11872314,29899782.03574772,180335492.784883,182765156.38485706,190825396.17999622,1826055.5231213712,1850645.429328646,1931672.1455205712,75599.71236666669
50.4695825,294574.1298583334,286204.59076041664,5836.666666666667,1300.0,4536.666666666667,5670.833333333333,0.8924485103674042,2668.999999999999,2834.833333333333,0.0,34.40678741940975,34.6926525275873,37.38267504946703,77235.35349443655,82946.55812087019,290070.85959077196,787.8350534122004,846.6802023317134,2943.0149515989215,36100152.11872314,29899782.03574772,180335492.784883,182765156.38485706,190825396.17999622,1826055.5231213712,1850645.429328646,1931672.1455205712,75599.71236666669
53.615250499999995,290104.9717554333,275506.4326317916,5410.866666666667,1300.0,4110.866666666667,5138.583333333333,0.7932875645245362,2280.9666666666662,2553.25,0.0,34.40678741940975,34.40678741940975,36.91444713464553,63884.37308279161,73252.76785063991,259919.65966530188,650.1987787131053,746.7782744505473,2634.074142170989,36100152.11872314,29899782.03574772,180335492.784883,182765156.38485706,190825396.17999622,1826055.5231213712,1850645.429328646,1931672.1455205712,75599.71236666669
55.2001685,281071.8979795333,261639.59866191662,5091.866666666667,1300.0,3791.866666666667,4739.833333333333,0.6941266186816681,2496.883333333333,2848.916666666667,0.0,34.40678741940975,34.6926525275873,36.91444713464553,71313.37193309917,83435.14631063373,256114.39540650553,726.7848941124173,851.6932218194534,2595.031282447654,36100152.11872314,29899782.03574772,180335492.784883,182765156.38485706,190825396.17999622,1826055.5231213712,1850645.429328646,1931672.1455205712,75599.71236666669
60.84382991666667,253824.23339102225,218409.06812419445,4171.733333333334,1300.0,2871.7333333333336,3589.6666666666665,0.5949656728388001,2870.1,3452.166666666667,0.0,34.6926525275873,35.51660800667222,36.8984215940507,84170.0523333431,104801.68894689028,235929.73801686955,859.2335150371068,1059.8906860604184,2389.842646096885,36100152.11872314,29899782.03574772,180335492.784883,182765156.38485706,190825396.17999622,1826055.5231213712,1850645.429328646,1931672.1455205712,75599.71236666669
55.04021125,182333.54248158334,138476.58482072916,3312.7333333333336,1300.0,2012.7333333333333,2515.9166666666665,0.49580472699593203,2785.1,3581.916666666667,0.0,34.40678741940975,36.05783602834195,36.81294353290304,81229.98151383006,109424.20329394817,201143.63707884852,829.0159781417728,1105.0175853630485,2034.795296260954,36100152.11872314,29899782.03574772,180335492.784883,182765156.38485706,190825396.17999622,1826055.5231213712,1850645.429328646,1931672.1455205712,75599.71236666669
50.31858716666665,117285.91754054441,64839.6927798472,2330.866666666667,1300.0,1030.8666666666666,1288.5833333333333,0.396643781153064,3105.5499999999993,4147.833333333333,0.0,35.51660800667222,36.05783602834195,36.60593305519212,92491.04066831087,129829.93366632066,176831.9235179004,940.7984512470839,1310.7956779379151,1788.4091672383365,36100152.11872314,29899782.03574772,180335492.784883,182765156.38485706,190825396.17999622,1826055.5231213712,1850645.429328646,1931672.1455205712,75599.71236666669
46.39603733333334,52418.242979200004,65522.803724000005,1129.8,0.0,1129.8,1412.25,0.396643781153064,5657.366666666667,5500.916666666667,126.0,36.75289233779517,36.75289233779517,36.8984215940507,184950.05270109474,179200.06269484668,231182.14110510168,1870.5281125551192,1812.4308974270007,2342.012707826309,36100152.11872314,29899782.03574772,180335492.784883,182765156.38485706,190825396.17999622,1826055.5231213712,1850645.429328646,1931672.1455205712,75599.71236666669
46.70655516666667,71130.96974848889,13225.73953802778,1522.9333333333334,1296.4,226.53333333333336,283.1666666666667,0.29775743485253003,5021.316666666667,6261.083333333333,0.0,36.54519337464469,36.81294353290304,36.81294353290304,161660.5579630348,207153.3501105949,217577.5486209953,1634.7228257004592,2096.749898756599,2204.213777919541,36100152.11872314,29899782.03574772,180335492.784883,182765156.38485706,190825396.17999622,1826055.5231213712,1850645.429328646,1931672.1455205712,75599.71236666669
46.11793875000001,-13395.72394225,-16744.654927812502,-290.46666666666664,0.0,-290.46666666666664,-363.0833333333333,0.29775743485253003,6332.55,6405.166666666667,0.0,36.81294353290304,36.81294353290304,36.81294353290304,209784.24847507974,212457.48172462737,199091.3154768892,2123.872036122738,2151.4306071358596,2013.6377520702513,36100152.11872314,29899782.03574772,180335492.784883,182765156.38485706,190825396.17999622,1826055.5231213712,1850645.429328646,1931672.1455205712,75599.71236666669
45.158732500000006,-16145.752159833337,-20182.190199791672,-357.53333333333336,0.0,-357.53333333333336,-446.9166666666667,0.29775743485253003,6452.95,6542.333333333333,0.0,36.81294353290304,36.81294353290304,36.81294353290304,214216.52687644126,217506.9904792239,201054.67246531064,2169.5647414242735,2203.4863885079026,2033.8781530897572,36100152.11872314,29899782.03574772,180335492.784883,182765156.38485706,190825396.17999622,1826055.5231213712,1850645.429328646,1931672.1455205712,75599.71236666669
46.58157033333334,-4981.122587644445,-6226.403234555556,-106.93333333333334,0.0,-106.93333333333334,-133.66666666666666,0.29775743485253003,6414.516666666666,6441.25,0.0,36.81294353290304,36.81294353290304,36.81294353290304,212801.68274666002,213785.8154371063,208865.15198487492,2154.9790024395916,2165.124503450619,2114.396998395481,36100152.11872314,29899782.03574772,180335492.784883,182765156.38485706,190825396.17999622,1826055.5231213712,1850645.429328646,1931672.1455205712,75599.71236666669
47.86828233333333,34155.615054244445,42694.518817805554,713.5333333333333,0.0,713.5333333333333,891.9166666666666,0.29775743485253003,6522.633333333333,6428.25,84.0,36.81294353290304,36.81294353290304,36.8984215940507,216781.7754916257,213307.24717117855,246199.79869388032,2196.0100903813222,2160.190905702115,2493.3089633402283,36100152.11872314,29899782.03574772,180335492.784883,182765156.38485706,190825396.17999622,1826055.5231213712,1850645.429328646,1931672.1455205712,75599.71236666669
49.115511500000004,139104.9516703,100821.86623162501,2832.2,1190.0,1642.2,2052.75,0.20698703058098158,5644.8,6424.25,0.0,36.75289233779517,36.81294353290304,37.38267504946703,184488.19135404978,213159.99539704694,288999.22290602064,1865.8615204376586,2158.6728756256516,2932.0511411792854,36100152.11872314,29899782.03574772,180335492.784883,182765156.38485706,190825396.17999622,1826055.5231213712,1850645.429328646,1931672.1455205712,75599.71236666669
54.94439683333334,108745.95021253335,46647.79291150001,1979.2,1300.0,679.2,849.0,0.10782608473811355,4746.716666666667,5876.916666666667,0.0,36.54519337464469,36.75289233779517,36.8984215940507,151625.24786235738,193019.15021385768,224272.91166161568,1533.1311715462157,1952.0573140979661,2272.40527823176,36100152.11872314,29899782.03574772,180335492.784883,182765156.38485706,190825396.17999622,1826055.5231213712,1850645.429328646,1931672.1455205712,75599.71236666669
26.25381783333334,-90393.64505468891,-59828.07520586113,-3443.0666666666666,-1620.0,-1823.0666666666668,-2278.8333333333335,0.21934782386854834,3538.816666666666,2412.583333333333,38.0,35.51660800667222,34.40678741940975,20.79501316182893,107879.2030306684,68412.87975364293,1708.2258984647274,1089.6623131602173,696.8834991537357,17.27697453966845,36100152.11872314,29899782.03574772,180335492.784883,182765156.38485706,190825396.17999622,1826055.5231213712,1850645.429328646,1931672.1455205712,75599.71236666669
11.732165083333333,-64184.32873790001,-56472.776628625,-5470.8,-1620.0,-3850.8,-4813.5,0.3308695629989831,2162.633333333333,1824.333333333333,319.0,34.40678741940975,31.78930433039294,0.0,59812.90323816147,48509.793200941334,0.0,608.2256857501479,493.2537087593132,0.0,36100152.11872314,29899782.03574772,180335492.784883,182765156.38485706,190825396.17999622,1826055.5231213712,1850645.429328646,1931672.1455205712,75599.71236666669
12.601537666666667,-78344.59977617778,-72412.63594522222,-6217.066666666667,-1620.0,-4597.066666666667,-5746.333333333333,0.4423913021294179,2001.9833333333336,1877.25,346.0,34.13948634071171,32.03152896725441,0.0,54320.05170416566,50204.53656917924,0.0,552.6850311344701,510.7335651143566,0.0,36100152.11872314,29899782.03574772,180335492.784883,182765156.38485706,190825396.17999622,1826055.5231213712,1850645.429328646,1931672.1455205712,75599.71236666669
19.234777499999996,-128317.76533949998,-121446.78223687498,-6671.133333333334,-1620.0,-5051.133333333334,-6313.916666666667,0.5539130412598527,2064.883333333334,1892.666666666667,185.0,34.13948634071171,32.03152896725441,0.0,56467.42539499644,50698.35597409109,0.0,574.2978925481987,515.8292152474628,0.0,36100152.11872314,29899782.03574772,180335492.784883,182765156.38485706,190825396.17999622,1826055.5231213712,1850645.429328646,1931672.1455205712,75599.71236666669
17.270273916666664,-118746.94939621665,-113461.38206402081,-6875.8,-1620.0,-5255.8,-6569.75,0.6654347803902876,2040.3833333333332,1966.333333333333,232.0,34.13948634071171,34.02199170124481,0.0,55631.00797964897,53104.749268687236,0.0,565.8795284045362,540.4532817916786,0.0,36100152.11872314,29899782.03574772,180335492.784883,182765156.38485706,190825396.17999622,1826055.5231213712,1850645.429328646,1931672.1455205712,75599.71236666669
14.568445416666664,-94879.42885027776,-89098.1840940972,-6512.666666666667,-1620.0,-4892.666666666667,-6115.833333333333,0.7769565195207224,2038.333333333334,1986.5,345.0,34.13948634071171,34.13948634071171,0.0,55561.02203265054,53791.45865732363,0.0,565.1751346700669,547.3648540668088,0.0,36100152.11872314,29899782.03574772,180335492.784883,182765156.38485706,190825396.17999622,1826055.5231213712,1850645.429328646,1931672.1455205712,75599.71236666669
11.257780666666667,-65885.78609231111,-59560.226765388885,-5852.466666666666,-1620.0,-4232.466666666666,-5290.583333333333,0.8884782586511573,2356.05,2153.166666666667,359.0,34.40678741940975,34.40678741940975,0.0,66467.7493715323,59487.18565059107,0.0,676.8310017832638,604.8678383131115,0.0,36100152.11872314,29899782.03574772,180335492.784883,182765156.38485706,190825396.17999622,1826055.5231213712,1850645.429328646,1931672.1455205712,75599.71236666669
25.780139083333335,-76787.00359767779,-43778.97285334723,-2978.5333333333338,-1620.0,-1358.5333333333335,-1698.1666666666667,0.9999999977815921,4066.7,3072.333333333333,286.0,36.05783602834195,35.51660800667222,30.9979838150309,126904.44123655453,91311.2973390226,34418.98036597979,1281.2940506472523,929.3857078714541,349.40892513460113,36100152.11872314,29899782.03574772,180335492.784883,182765156.38485706,190825396.17999622,1826055.5231213712,1850645.429328646,1931672.1455205712,75599.71236666669
61.790216333333326,252944.4295821333,215771.43543599997,4093.6000000000004,1300.0,2793.6000000000004,3492.0,0.900839051938724,5183.066666666667,5784.666666666667,0.0,36.54519337464469,36.75289233779517,37.67408287333122,167571.7429913836,189628.69589569606,318972.54234362196,1694.5642315979426,1917.8005669227093,3238.0507894653842,36100152.11872314,29899782.03574772,180335492.784883,182765156.38485706,190825396.17999622,1826055.5231213712,1850645.429328646,1931672.1455205712,75599.71236666669
59.72441775000001,384557.56263655005,383644.7744519375,6438.866666666667,1300.0,5138.866666666667,6423.583333333333,0.801678106095856,7262.216666666666,7277.5,0.0,36.8984215940507,36.8984215940507,39.81518965358454,244061.53516250505,244625.4660392008,488047.765591106,2471.766904354892,2477.4482584214884,4934.8653697330665,36100152.11872314,29899782.03574772,180335492.784883,182765156.38485706,190825396.17999622,1826055.5231213712,1850645.429328646,1931672.1455205712,75599.71236666669
52.984125000000006,337406.440275,335658.84721875004,6368.066666666667,1300.0,5068.066666666667,6335.083333333333,0.7025171602529879,7814.933333333333,7847.916666666667,0.0,36.91444713464553,36.91444713464553,40.29294351772499,264463.82810757676,265681.3896222345,507409.3832148947,2680.698323564126,2693.1907761740663,5132.570181418561,36100152.11872314,29899782.03574772,180335492.784883,182765156.38485706,190825396.17999622,1826055.5231213712,1850645.429328646,1931672.1455205712,75599.71236666669
53.836266583333334,278642.1594975778,260818.76617405558,5175.733333333334,1300.0,3875.7333333333336,4844.666666666667,0.6033562144101199,7975.849999999999,8306.916666666666,0.0,36.91444713464553,37.38267504946703,39.81518965358454,270403.9778923268,282641.0529246904,466169.3188764613,2741.6455847813936,2867.0013241255697,4715.304891978035,36100152.11872314,29899782.03574772,180335492.784883,182765156.38485706,190825396.17999622,1826055.5231213712,1850645.429328646,1931672.1455205712,75599.71236666669
56.706307,238389.53420753335,205839.16888441666,4203.933333333333,1300.0,2903.9333333333334,3629.9166666666665,0.5041952685672518,8346.316666666668,8920.333333333334,0.0,37.38267504946703,37.38267504946703,38.21983657836123,284113.93032163946,305572.2088446177,443032.9371459782,2882.0701891441868,3101.60774418064,4480.43683848334,36100152.11872314,29899782.03574772,180335492.784883,182765156.38485706,190825396.17999622,1826055.5231213712,1850645.429328646,1931672.1455205712,75599.71236666669
58.77597925,216428.8291929667,175025.07020995833,3682.266666666667,1300.0,2382.266666666667,2977.8333333333335,0.4050343227243838,8306.733333333334,9011.166666666666,0.0,37.38267504946703,37.67408287333122,38.10229658768639,282634.1994342647,308970.07334075245,421587.2135389415,2866.9312067333517,3136.302910627507,4262.463415693595,36100152.11872314,29899782.03574772,180335492.784883,182765156.38485706,190825396.17999622,1826055.5231213712,1850645.429328646,1931672.1455205712,75599.71236666669
54.03573516666666,119631.51527665555,61731.32444998611,2213.9333333333334,1300.0,913.9333333333334,1142.4166666666667,0.3058733768815157,8806.983333333334,9878.5,0.0,37.38267504946703,37.69420731834162,37.85179447916236,301334.8826277606,341649.8023538825,384772.88240976736,3058.256072864391,3464.6902093749723,3889.0176029965596,36100152.11872314,29899782.03574772,180335492.784883,182765156.38485706,190825396.17999622,1826055.5231213712,1850645.429328646,1931672.1455205712,75599.71236666669
49.08231758333333,-7984.056993555556,-9980.071241944444,-162.66666666666669,0.0,-162.66666666666669,-203.33333333333334,0.3058733768815157,9655.166666666668,9695.833333333334,0.0,37.67408287333122,37.69420731834162,37.67408287333122,333232.18271117785,334764.3271503988,327103.86523044924,3383.1037918764437,3398.618922463899,3320.7648529274366,36100152.11872314,29899782.03574772,180335492.784883,182765156.38485706,190825396.17999622,1826055.5231213712,1850645.429328646,1931672.1455205712,75599.71236666669
54.80974291666667,61452.68375816667,-12249.977541875001,1121.2,1300.0,-178.8,-223.5,0.20671243103864767,8003.133333333334,9347.833333333334,0.0,36.91444713464553,37.67408287333122,37.67408287333122,271411.12705831707,321653.6812414407,313233.52371925116,2751.979159780117,3265.3240752555744,3179.6719060643677,36100152.11872314,29899782.03574772,180335492.784883,182765156.38485706,190825396.17999622,1826055.5231213712,1850645.429328646,1931672.1455205712,75599.71236666669
52.15026166666667,52480.54665722223,-19143.491886805557,1006.3333333333333,1300.0,-293.6666666666667,-367.0833333333333,0.10755148519577963,7717.5,9090.916666666666,0.0,36.91444713464553,37.67408287333122,37.38267504946703,260867.13047509114,311974.58144990064,298226.51319739735,2643.795403929103,3166.8655973970763,3026.4546483390614,36100152.11872314,29899782.03574772,180335492.784883,182765156.38485706,190825396.17999622,1826055.5231213712,1850645.429328646,1931672.1455205712,75599.71236666669
50.42633966666667,-34323.528533111115,-42904.410666388896,-680.6666666666667,0.0,-680.6666666666667,-850.8333333333334,0.10755148519577963,8878.583333333334,9048.75,0.0,37.38267504946703,37.67408287333122,36.91444713464553,304011.48216130247,310385.9909554085,278601.4461193604,3085.6401016799487,3150.7060158867293,2825.7534365119864,36100152.11872314,29899782.03574772,180335492.784883,182765156.38485706,190825396.17999622,1826055.5231213712,1850645.429328646,1931672.1455205712,75599.71236666669
50.31342966666667,-36185.418616266674,-45231.77327033334,-719.2,0.0,-719.2,-899.0,0.10755148519577963,8844.45,9024.25,0.0,37.38267504946703,37.67408287333122,36.91444713464553,302735.48685294733,309462.9759250119,275918.99629424285,3072.585518110521,3141.316851926172,2798.2309032227804,36100152.11872314,29899782.03574772,180335492.784883,182765156.38485706,190825396.17999622,1826055.5231213712,1850645.429328646,1931672.1455205712,75599.71236666669
51.70353025,-14090.935444133334,-17613.669305166666,-272.53333333333336,0.0,-272.53333333333336,-340.6666666666667,0.10755148519577963,9098.616666666667,9166.75,0.0,37.67408287333122,37.67408287333122,37.38267504946703,312264.6718880253,314831.5327344616,302048.89172120544,3169.816477498966,3195.9272953702302,3065.5610302718933,36100152.11872314,29899782.03574772,180335492.784883,182765156.38485706,190825396.17999622,1826055.5231213712,1850645.429328646,1931672.1455205712,75599.71236666669
49.04372575,13101.213938683335,16376.517423354167,267.1333333333334,0.0,267.1333333333334,333.9166666666667,0.10755148519577963,9162.449999999999,9095.666666666666,0.0,37.67408287333122,37.67408287333122,37.67408287333122,314669.53417810623,312153.53334354894,324733.53751633543,3194.2794012873564,3168.6859455118783,3296.6532243892702,36100152.11872314,29899782.03574772,180335492.784883,182765156.38485706,190825396.17999622,1826055.5231213712,1850645.429328646,1931672.1455205712,75599.71236666669
49.59453666666667,98279.84016111113,122849.8002013889,1981.666666666667,0.0,1981.666666666667,2477.0833333333335,0.10755148519577963,9726.583333333332,9268.166666666666,37.0,37.69420731834162,37.67408287333122,38.10229658768639,335923.42402543774,318652.3126391986,412299.7787456929,3409.7413243207347,3234.7933244178435,4168.805792786267,36100152.11872314,29899782.03574772,180335492.784883,182765156.38485706,190825396.17999622,1826055.5231213712,1850645.429328646,1931672.1455205712,75599.71236666669
46.68953916666666,68076.97432587527,85329.02362201388,1458.0776666666666,-3.989,1462.0666666666666,1827.5833333333333,0.1078260902682434,9659.255666666666,9432.75,143.0,37.67408287333122,37.67408287333122,37.85179447916236,333386.2320360468,324852.83877876773,393835.23287132016,3384.670824179901,3297.8667897991386,3982.4421782964537,36100152.11872314,29899782.03574772,180335492.784883,182765156.38485706,190825396.17999622,1826055.5231213712,1850645.429328646,1931672.1455205712,75599.71236666669
29.65957700000001,-89036.0728488667,-51234.44763608335,-3001.9333333333334,-1620.0,-1381.9333333333334,-1727.4166666666667,0.2193478293986782,7075.433333333333,6137.916666666667,337.0,36.8984215940507,36.81294353290304,36.52346033887948,237169.52498242963,202619.22256545906,139342.94049403985,2402.3329512203923,2050.0072226521766,1407.4742817134497,36100152.11872314,29899782.03574772,180335492.784883,182765156.38485706,190825396.17999622,1826055.5231213712,1850645.429328646,1931672.1455205712,75599.71236666669
19.907715833333334,-98678.56584266668,-83035.08274083334,-4956.8,-1620.0,-3336.8,-4171.0,0.330869568529113,4201.466666666667,3783.666666666667,368.0,36.05783602834195,36.05783602834195,0.0,131763.83560530745,116698.87171266616,0.0,1330.2977807771415,1178.3777329294971,0.0,36100152.11872314,29899782.03574772,180335492.784883,182765156.38485706,190825396.17999622,1826055.5231213712,1850645.429328646,1931672.1455205712,75599.71236666669
19.775971333333334,-110498.89902404445,-98077.28183005557,-5587.533333333334,-1620.0,-3967.5333333333338,-4959.416666666667,0.44239130765954776,3609.116666666667,3367.0,386.0,36.05783602834195,35.51660800667222,0.0,110404.97643391907,101776.85783165535,0.0,1114.9080240931967,1030.6287098188384,0.0,36100152.11872314,29899782.03574772,180335492.784883,182765156.38485706,190825396.17999622,1826055.5231213712,1850645.429328646,1931672.1455205712,75599.71236666669
21.699626416666664,-131800.6375713111,-120809.05347038887,-6073.866666666667,-1620.0,-4453.866666666667,-5567.333333333333,0.5539130467899825,3511.616666666667,3191.083333333333,186.0,35.51660800667222,35.51660800667222,0.0,106913.15129288693,95528.89453981492,0.0,1080.3168052881513,970.1864085996845,0.0,36100152.11872314,29899782.03574772,180335492.784883,182765156.38485706,190825396.17999622,1826055.5231213712,1850645.429328646,1931672.1455205712,75599.71236666669
26.464047166666674,-159583.49722443338,-145889.6760180417,-6030.2,-1620.0,-4410.2,-5512.75,0.6654347859204173,3591.283333333333,3174.833333333333,101.0,36.05783602834195,35.51660800667222,0.0,109761.94502474695,94951.74965970649,0.0,1108.423483994386,964.6031548158214,0.0,36100152.11872314,29899782.03574772,180335492.784883,182765156.38485706,190825396.17999622,1826055.5231213712,1850645.429328646,1931672.1455205712,75599.71236666669
27.36028408333333,-164995.2811550722,-150839.52617509026,-6030.466666666666,-1620.0,-4410.466666666666,-5513.083333333333,0.7769565250508521,3319.2166666666662,3269.833333333333,468.0,35.51660800667222,35.51660800667222,0.0,100079.75591240318,98325.82742034036,0.0,1014.211080487212,997.2437153984056,0.0,36100152.11872314,29899782.03574772,180335492.784883,182765156.38485706,190825396.17999622,1826055.5231213712,1850645.429328646,1931672.1455205712,75599.71236666669
25.183922499999998,-135024.43994783334,-117783.10687229167,-5361.533333333334,-1620.0,-3741.5333333333338,-4676.916666666667,0.888478264181287,3465.7833333333338,3343.166666666667,562.0,35.51660800667222,35.51660800667222,0.0,105285.3067592478,100930.378674163,0.0,1064.5691664105889,1022.439937602506,0.0,36100152.11872314,29899782.03574772,180335492.784883,182765156.38485706,190825396.17999622,1826055.5231213712,1850645.429328646,1931672.1455205712,75599.71236666669
39.481896416666665,-102252.84746631111,-47865.21908913888,-2589.866666666667,-1620.0,-969.8666666666667,-1212.3333333333333,1.0000000033117218,5307.283333333334,4187.75,258.0,36.54519337464469,36.05783602834195,35.51660800667222,172111.2650950707,131269.24228778534,87869.1460797093,1740.5197182701677,1325.3101391871216,896.0866096630812,36100152.11872314,29899782.03574772,180335492.784883,182765156.38485706,190825396.17999622,1826055.5231213712,1850645.429328646,1931672.1455205712,75599.71236666669
61.01038033333333,154917.5577424,193646.947178,2539.2000000000003,0.0,2539.2000000000003,3174.0,1.0000000033117218,8245.966666666667,7612.166666666667,1.0,36.91444713464553,36.91444713464553,37.85179447916236,280375.18530418014,256978.8087102418,375887.17365578405,2843.9523960240926,2603.9003556750245,3797.414042739059,36100152.11872314,29899782.03574772,180335492.784883,182765156.38485706,190825396.17999622,1826055.5231213712,1850645.429328646,1931672.1455205712,75599.71236666669
64.95796241666667,422135.81456095004,422113.0792741042,6498.6,1300.0,5198.6,6498.25,0.9008390574688537,9235.4,9235.75,0.0,37.67408287333122,37.67408287333122,41.5298700120919,317417.85852371575,317431.0444527214,570838.3195544875,3222.236116018894,3222.3702469326163,5775.720515503321,36100152.11872314,29899782.03574772,180335492.784883,182765156.38485706,190825396.17999622,1826055.5231213712,1850645.429328646,1931672.1455205712,75599.71236666669
61.69965299999999,285525.42753299995,356906.78441624995,4627.666666666667,0.0,4627.666666666667,5784.583333333333,0.9008390574688537,10705.416666666666,9548.5,0.0,37.85179447916236,37.67408287333122,41.5298700120919,372830.6412515916,329213.6138713558,554188.3025021396,3765.9039788805144,3342.2257991229962,5608.793325099249,36100152.11872314,29899782.03574772,180335492.784883,182765156.38485706,190825396.17999622,1826055.5231213712,1850645.429328646,1931672.1455205712,75599.71236666669
62.359112083333336,322134.70120008336,301334.8193646875,5165.8,1300.0,3865.8,4832.25,0.8016781116259857,9363.2,9696.75,0.0,37.67408287333122,37.69420731834162,40.29294351772499,322232.6063149276,334798.8801737739,521350.74167202757,3271.213061086618,3398.950484578872,5275.611573686783,36100152.11872314,29899782.03574772,180335492.784883,182765156.38485706,190825396.17999622,1826055.5231213712,1850645.429328646,1931672.1455205712,75599.71236666669
70.17650574999999,325829.51619724993,293250.0734028125,4643.0,1300.0,3343.0,4178.75,0.7025171657831176,9269.083333333334,9733.333333333334,0.0,37.67408287333122,37.69420731834162,40.29294351772499,318686.84721516585,336177.8599248366,496493.35326688434,3235.1446196680686,3412.182827167358,5020.569322491782,36100152.11872314,29899782.03574772,180335492.784883,182765156.38485706,190825396.17999622,1826055.5231213712,1850645.429328646,1931672.1455205712,75599.71236666669
73.14346916666666,258142.8076142778,203820.37212201388,3529.266666666667,1300.0,2229.266666666667,2786.5833333333335,0.6033562199402496,9343.316666666666,10086.0,0.0,37.67408287333122,37.69420731834162,38.21983657836123,321483.5199671294,349471.3503724384,455352.4644697367,3263.5931477499203,3539.7438154007814,4605.754433690425,36100152.11872314,29899782.03574772,180335492.784883,182765156.38485706,190825396.17999622,1826055.5231213712,1850645.429328646,1931672.1455205712,75599.71236666669
74.560436,196382.24703253334,124317.10029066665,2633.866666666667,1300.0,1333.8666666666668,1667.3333333333333,0.5041952740973815,9190.716666666667,10157.25,0.0,37.67408287333122,37.69420731834162,38.10229658768639,315734.45492065913,352157.06264387025,415322.5609416494,3205.1120693670205,3565.5152343373543,4199.288547318841,36100152.11872314,29899782.03574772,180335492.784883,182765156.38485706,190825396.17999622,1826055.5231213712,1850645.429328646,1931672.1455205712,75599.71236666669
74.1208135,141022.2597651,55831.502768875,1902.6,1300.0,602.6,753.25,0.40503432825451346,8908.4,10057.75,0.0,37.38267504946703,37.69420731834162,37.85179447916236,305126.1089223607,348406.48901569523,376827.15988534986,3097.0437393780467,3529.5256738575085,3807.104444214648,36100152.11872314,29899782.03574772,180335492.784883,182765156.38485706,190825396.17999622,1826055.5231213712,1850645.429328646,1931672.1455205712,75599.71236666669
64.28644166666668,85539.53928166667,2458.95639375,1330.6,1300.0,30.6,38.25,0.3058733824116454,8745.06666666667,10037.41666666667,0.0,37.38267504946703,37.69420731834162,37.69420731834162,299020.27199761453,347640.04013355577,349081.84356348234,3034.575517219654,3522.1710233071894,3536.006206104718,36100152.11872314,29899782.03574772,180335492.784883,182765156.38485706,190825396.17999622,1826055.5231213712,1850645.429328646,1931672.1455205712,75599.71236666669
62.179118416666675,-4572.237840905557,-5715.2973011319455,-73.53333333333335,0.0,-73.53333333333335,-91.91666666666667,0.3058733824116454,10068.449999999997,10086.83333333333,0.0,37.69420731834162,37.69420731834162,37.69420731834162,348809.8170340014,349502.7622118702,346038.03632252605,3533.395907999561,3540.0452355053017,3506.7985979766,36100152.11872314,29899782.03574772,180335492.784883,182765156.38485706,190825396.17999622,1826055.5231213712,1850645.429328646,1931672.1455205712,75599.71236666669
61.99657783333334,-25836.040535744447,-32295.050669680557,-416.73333333333335,0.0,-416.73333333333335,-520.9166666666666,0.3058733824116454,10279.983333333337,10384.16666666667,0.0,37.69420731834162,37.69420731834162,37.69420731834162,356783.39835540816,360710.5065211907,341074.96569227794,3609.9083873312557,3647.591928798511,3459.174221462233,36100152.11872314,29899782.03574772,180335492.784883,182765156.38485706,190825396.17999622,1826055.5231213712,1850645.429328646,1931672.1455205712,75599.71236666669
62.94707975,-20260.56673553334,-33980.93188504167,-321.86666666666673,110.0,-431.86666666666673,-539.8333333333334,0.29748284084032584,10399.700000000003,10617.66666666667,0.0,37.69420731834162,37.69420731834162,37.69420731834162,361296.0232082022,369512.10393002344,349163.5143460054,3653.2103995467883,3732.049842085385,3536.789898376473,36100152.11872314,29899782.03574772,180335492.784883,182765156.38485706,190825396.17999622,1826055.5231213712,1850645.429328646,1931672.1455205712,75599.71236666669
62.26082041666666,-5296.3204567777775,-6620.400570972221,-85.06666666666666,0.0,-85.06666666666666,-106.33333333333333,0.29748284084032584,10688.150000000003,10709.41666666667,0.0,37.85179447916236,37.85179447916236,37.69420731834162,372177.0669335849,372982.0484295084,368962.39673996426,3759.166223223663,3767.464848916852,3726.774990256262,36100152.11872314,29899782.03574772,180335492.784883,182765156.38485706,190825396.17999622,1826055.5231213712,1850645.429328646,1931672.1455205712,75599.71236666669
69.61775349999999,130955.63551706666,50565.69495883333,1881.0666666666666,1300.0,581.0666666666667,726.3333333333334,0.19832189499745778,9801.016666666666,10955.75,0.0,37.69420731834162,37.85179447916236,38.10229658768639,338729.1295234997,382306.2071362086,409892.9836779041,3436.6641680565795,3863.588428654577,4144.53486008071,36100152.11872314,29899782.03574772,180335492.784883,182765156.38485706,190825396.17999622,1826055.5231213712,1850645.429328646,1931672.1455205712,75599.71236666669
86.94421974999999,225643.43537651666,140769.93712689582,2595.2666666666664,1300.0,1295.2666666666667,1619.0833333333333,0.09916094915458974,10725.649999999998,11701.83333333333,0.0,37.85179447916236,38.10229658768639,39.81518965358454,373596.50922655326,410645.50403551076,472911.3576578016,3773.799379814316,4152.123529013713,4782.9644143920805,36100152.11872314,29899782.03574772,180335492.784883,182765156.38485706,190825396.17999622,1826055.5231213712,1850645.429328646,1931672.1455205712,75599.71236666669
79.02389375,152336.99411166666,62007.41529583333,1927.7333333333333,1300.0,627.7333333333333,784.6666666666666,3.311721702425885e-09,10598.350000000002,11741.41666666667,0.0,37.69420731834162,38.10229658768639,38.21983657836123,368783.9774919908,412153.7199421069,442109.29109533457,3725.062924062581,4167.332886579863,4471.041258697907,36100152.11872314,29899782.03574772,180335492.784883,182765156.38485706,190825396.17999622,1826055.5231213712,1850645.429328646,1931672.1455205712,75599.71236666669
42.79824416666667,-159346.42268133338,-112516.58391416668,-3723.2000000000003,-1620.0,-2103.2000000000003,-2629.0,0.11152174244215649,9541.45,8635.25,188.0,37.67408287333122,37.38267504946703,36.75289233779517,328948.0115870988,294915.03123259876,197772.52428954584,3339.5240192894485,2992.5751992807086,2000.084840399681,36100152.11872314,29899782.03574772,180335492.784883,182765156.38485706,190825396.17999622,1826055.5231213712,1850645.429328646,1931672.1455205712,75599.71236666669
29.560203416666667,-159292.05349150556,-139255.65494563195,-5388.733333333334,-1620.0,-3768.7333333333336,-4710.916666666667,0.22304348157259127,6532.233333333334,6096.416666666667,242.0,36.81294353290304,36.81294353290304,30.9979838150309,217135.1797495416,201091.48540884358,34770.29084921682,2199.6533625648335,2034.2576606088733,352.975686658715,36100152.11872314,29899782.03574772,180335492.784883,182765156.38485706,190825396.17999622,1826055.5231213712,1850645.429328646,1931672.1455205712,75599.71236666669
24.522415750000004,-151540.3551964167,-139767.55210177085,-6179.666666666667,-1620.0,-4559.666666666667,-5699.583333333333,0.3345652207030261,5674.833333333334,5538.75,344.0,36.75289233779517,36.75289233779517,0.0,185592.0032205949,180590.5471216266,0.0,1877.0143042515365,1826.480186693095,0.0,36100152.11872314,29899782.03574772,180335492.784883,182765156.38485706,190825396.17999622,1826055.5231213712,1850645.429328646,1931672.1455205712,75599.71236666669
25.524168833333334,-163432.9546510889,-152604.75142636112,-6403.066666666667,-1620.0,-4783.066666666667,-5978.833333333333,0.44608695983346086,5356.066666666667,5075.833333333333,144.0,36.54519337464469,36.54519337464469,0.0,173894.06144519712,163652.88008850918,0.0,1758.567713639764,1654.891938393985,0.0,36100152.11872314,29899782.03574772,180335492.784883,182765156.38485706,190825396.17999622,1826055.5231213712,1850645.429328646,1931672.1455205712,75599.71236666669
20.658671166666664,-136716.3312915111,-129061.60500188886,-6617.866666666667,-1620.0,-4997.866666666667,-6247.333333333333,0.5576086989638956,5164.616666666667,4971.083333333333,177.0,36.54519337464469,36.54519337464469,0.0,166897.4841736214,159824.77108251516,0.0,1687.738426721228,1616.138384961148,0.0,36100152.11872314,29899782.03574772,180335492.784883,182765156.38485706,190825396.17999622,1826055.5231213712,1850645.429328646,1931672.1455205712,75599.71236666669
12.656077666666667,-85535.67904091111,-81291.04152613888,-6758.466666666667,-1620.0,-5138.466666666667,-6423.083333333333,0.6691304380943304,5141.583333333333,5141.583333333333,335.3833333333341,36.54519337464469,36.54519337464469,0.0,166055.72655289207,166055.72655289207,0.0,1679.2169611931165,1679.2169611931165,0.0,36100152.11872314,29899782.03574772,180335492.784883,182765156.38485706,190825396.17999622,1826055.5231213712,1850645.429328646,1931672.1455205712,75599.71236666669
8.842691916666666,-51738.00089162222,-46766.04998327778,-5850.933333333333,-1620.0,-4230.933333333333,-5288.666666666667,0.7806521772247652,5324.0,5324.0,562.2666666666664,36.54519337464469,36.54519337464469,5.783902299492413,172722.1789109835,172722.1789109835,204.36454791539686,1746.7042551187174,1746.7042551187174,2.034919150594177,36100152.11872314,29899782.03574772,180335492.784883,182765156.38485706,190825396.17999622,1826055.5231213712,1850645.429328646,1931672.1455205712,75599.71236666669
24.35251275,-76237.97641515,-45983.6322001875,-3130.6000000000004,-1620.0,-1510.6000000000001,-1888.25,0.8921739163552,6367.85,6016.5,891.0,36.81294353290304,36.81294353290304,36.05783602834195,211083.74538179123,198149.51767150572,129123.80104409899,2137.268651547524,2003.9286847062065,1303.6748044649225,36100152.11872314,29899782.03574772,180335492.784883,182765156.38485706,190825396.17999622,1826055.5231213712,1850645.429328646,1931672.1455205712,75599.71236666669
54.99822691666666,180390.51773820556,136116.02843317357,3279.9333333333334,1300.0,1979.9333333333334,2474.9166666666665,0.793012970512332,8429.816666666668,9234.833333333334,0.0,37.38267504946703,37.67408287333122,38.10229658768639,287235.38368826994,317396.50987675425,410947.14721683005,2914.00547414557,3222.0189516823916,4155.165400526944,36100152.11872314,29899782.03574772,180335492.784883,182765156.38485706,190825396.17999622,1826055.5231213712,1850645.429328646,1931672.1455205712,75599.71236666669
56.675416250000005,263722.04689450003,237555.00721187502,4653.200000000001,1300.0,3353.2000000000003,4191.5,0.6938520246694639,10425.38333333333,10887.08333333333,0.0,37.69420731834162,37.85179447916236,40.92615399131757,362264.13609949476,379707.0505819727,543753.525758717,3662.500167168133,3836.7934930307983,5502.8230743840395,36100152.11872314,29899782.03574772,180335492.784883,182765156.38485706,190825396.17999622,1826055.5231213712,1850645.429328646,1931672.1455205712,75599.71236666669
56.166344083333335,285785.5919648167,265961.6808206042,5088.200000000001,1300.0,3788.2000000000003,4735.25,0.5946910788265959,10700.216666666669,11053.16666666667,0.0,37.85179447916236,37.85179447916236,41.5298700120919,372633.81192030007,385993.60278172046,573098.2366476456,3763.8748478332777,3901.6021176645245,5798.377646106909,36100152.11872314,29899782.03574772,180335492.784883,182765156.38485706,190825396.17999622,1826055.5231213712,1850645.429328646,1931672.1455205712,75599.71236666669
59.94280466666667,276052.6002379111,247658.69271405553,4605.266666666666,1300.0,3305.2666666666664,4131.583333333333,0.49553013298372783,10679.649999999998,11153.33333333333,0.0,37.85179447916236,37.85179447916236,40.92615399131757,371855.3266805118,389785.09086204966,552197.9555322588,3755.849374396446,3940.6889048244498,5588.722146755914,36100152.11872314,29899782.03574772,180335492.784883,182765156.38485706,190825396.17999622,1826055.5231213712,1850645.429328646,1931672.1455205712,75599.71236666669
56.04624208333333,236806.5820505,204933.08417770834,4225.200000000001,1300.0,2925.2000000000003,3656.5,0.3963691871408598,10678.55,11247.25,0.0,37.85179447916236,37.85179447916236,40.92615399131757,371813.6897065848,393340.00522688444,536598.2698359018,3755.4201351364536,3977.3368325526026,5430.037834547129,36100152.11872314,29899782.03574772,180335492.784883,182765156.38485706,190825396.17999622,1826055.5231213712,1850645.429328646,1931672.1455205712,75599.71236666669
60.29809641666666,201343.38368143886,153694.82292471526,3339.133333333333,1300.0,2039.1333333333332,2548.9166666666665,0.2972082412979917,10773.950000000003,11564.16666666667,0.0,37.85179447916236,38.10229658768639,40.29294351772499,375424.750899897,405400.0878719395,504592.2349139472,3792.6468855030816,4099.226984383662,5103.665622624478,36100152.11872314,29899782.03574772,180335492.784883,182765156.38485706,190825396.17999622,1826055.5231213712,1850645.429328646,1931672.1455205712,75599.71236666669
58.9737005,148055.44089526666,89237.03780658334,2510.5333333333338,1300.0,1210.5333333333335,1513.1666666666667,0.19804729545512367,10652.800000000003,11650.16666666667,0.0,37.85179447916236,38.10229658768639,39.81518965358454,370839.0059987465,408676.88537848054,466637.14735489106,3745.3720342775387,4132.271314927376,4719.999770255782,36100152.11872314,29899782.03574772,180335492.784883,182765156.38485706,190825396.17999622,1826055.5231213712,1850645.429328646,1931672.1455205712,75599.71236666669
54.84054858333334,93835.83466265557,28178.90188040278,1711.0666666666666,1300.0,411.0666666666667,513.8333333333334,0.09888634961225563,10262.099999999997,11459.33333333333,0.0,37.69420731834162,38.10229658768639,38.10229658768639,356109.30028119823,401405.69711299683,420983.92717630306,3603.4399118882257,4058.946201608474,4256.379672667135,36100152.11872314,29899782.03574772,180335492.784883,182765156.38485706,190825396.17999622,1826055.5231213712,1850645.429328646,1931672.1455205712,75599.71236666669
49.639190500000005,3348.990719066667,4186.238398833333,67.46666666666667,0.0,67.46666666666667,84.33333333333333,0.09888634961225563,11172.533333333336,11155.66666666667,0.0,37.85179447916236,37.85179447916236,37.85179447916236,390511.8453160498,389873.41171583463,393065.57971691067,3948.1810809988674,3941.5994123456485,3974.507755611744,36100152.11872314,29899782.03574772,180335492.784883,182765156.38485706,190825396.17999622,1826055.5231213712,1850645.429328646,1931672.1455205712,75599.71236666669
47.551272250000004,-6508.184128616667,-8135.230160770834,-136.86666666666667,0.0,-136.86666666666667,-171.08333333333334,0.09888634961225563,10805.283333333333,10839.5,0.0,37.85179447916236,37.85179447916236,37.85179447916236,376610.77379357733,377905.936028006,371430.12485586264,3804.8737007877166,3818.225643223546,3751.4659310444013,36100152.11872314,29899782.03574772,180335492.784883,182765156.38485706,190825396.17999622,1826055.5231213712,1850645.429328646,1931672.1455205712,75599.71236666669
47.36989066666667,-39506.488816000005,-49383.111020000004,-834.0,0.0,-834.0,-1042.5,0.09888634961225563,10470.16666666667,10678.66666666667,0.0,37.69420731834162,37.85179447916236,37.67408287333122,363952.2083505681,371818.10574927414,332516.3751365846,3678.6984835851113,3755.465660512515,3375.8223994172367,36100152.11872314,29899782.03574772,180335492.784883,182765156.38485706,190825396.17999622,1826055.5231213712,1850645.429328646,1931672.1455205712,75599.71236666669
46.97191491666666,-36330.68906928887,-45179.15349734722,-773.4555666666666,-3.9889,-769.4666666666667,-961.8333333333334,0.09916094780066143,10146.038900000003,10334.41666666667,0.0,37.69420731834162,37.69420731834162,37.67408287333122,351734.4691162037,358835.2197071032,322586.1147925557,3561.4601332167967,3629.5971485585883,3274.8090470116485,36100152.11872314,29899782.03574772,180335492.784883,182765156.38485706,190825396.17999622,1826055.5231213712,1850645.429328646,1931672.1455205712,75599.71236666669
48.03676883333333,-9431.21894761111,-11789.023684513888,-196.33333333333334,0.0,-196.33333333333334,-245.41666666666666,0.09916094780066143,10137.499999999996,10186.58333333333,0.0,37.69420731834162,37.69420731834162,37.69420731834162,351412.60204933287,353262.75939187483,344011.9726791652,3558.3715778601977,3576.125222016504,3487.3570012349746,36100152.11872314,29899782.03574772,180335492.784883,182765156.38485706,190825396.17999622,1826055.5231213712,1850645.429328646,1931672.1455205712,75599.71236666669
50.90791000000001,33975.93913400001,42469.923917500004,667.4000000000001,0.0,667.4000000000001,834.25,0.09916094780066143,10634.93333333333,10468.08333333333,0.0,37.73662867974176,37.69420731834162,37.90788998193134,370163.20842795435,363873.6787519879,395425.2392390395,3738.491505006272,3677.944933323806,3998.768834511705,36100152.11872314,29899782.03574772,180335492.784883,182765156.38485706,190825396.17999622,1826055.5231213712,1850645.429328646,1931672.1455205712,75599.71236666669
52.462297250000006,193799.22352798338,156997.7963787292,3694.066666666667,1300.0,2394.066666666667,2992.5833333333335,1.9577933857428675e-09,10032.849999999997,10734.33333333333,0.0,37.69420731834162,37.85179447916236,39.81518965358454,347467.9032534684,373925.1889752806,489076.3246571569,3520.51924113441,3777.187768518196,4945.187442542295,36100152.11872314,29899782.03574772,180335492.784883,182765156.38485706,190825396.17999622,1826055.5231213712,1850645.429328646,1931672.1455205712,75599.71236666669
47.581543333333336,90056.00101555558,112570.00126944446,1892.666666666667,0.0,1892.666666666667,2365.8333333333335,1.9577933857428675e-09,10809.166666666666,10348.0,12.0,37.85179447916236,37.69420731834162,38.21983657836123,376757.7649288047,359347.2326898439,449285.06541292183,3806.3890454479933,3634.5102962622846,4544.0351940654255,36100152.11872314,29899782.03574772,180335492.784883,182765156.38485706,190825396.17999622,1826055.5231213712,1850645.429328646,1931672.1455205712,75599.71236666669
29.708571583333327,-91926.24276458888,-54747.945999486095,-3094.2666666666664,-1620.0,-1474.2666666666667,-1842.8333333333333,0.11152174108822817,8532.433333333332,7511.0,230.0,37.38267504946703,36.91444713464553,36.75289233779517,291071.4691929294,253244.29714178684,185346.98393834292,2953.2520908628376,2565.58343432973,1874.538658565881,36100152.11872314,29899782.03574772,180335492.784883,182765156.38485706,190825396.17999622,1826055.5231213712,1850645.429328646,1931672.1455205712,75599.71236666669
12.889226916666667,-63400.38863949445,-53149.80129311805,-4918.866666666667,-1620.0,-3298.866666666667,-4123.583333333333,0.22304348021866294,6245.450000000001,5914.166666666667,464.0,36.81294353290304,36.75289233779517,31.50941732619797,206577.8410933639,194388.19545344054,47444.539116524014,2090.8169312077566,1965.8899843665658,482.3332833506339,36100152.11872314,29899782.03574772,180335492.784883,182765156.38485706,190825396.17999622,1826055.5231213712,1850645.429328646,1931672.1455205712,75599.71236666669
12.013219333333332,-67476.65123275555,-60019.04489094443,-5616.866666666667,-1620.0,-3996.866666666667,-4996.083333333333,0.3345652193490977,5661.116666666667,5631.333333333333,591.0,36.75289233779517,36.75289233779517,26.31679308934778,185087.87604736147,183993.25240390078,13177.059495996633,1871.9206632533003,1860.8607161526345,134.4608017907654,36100152.11872314,29899782.03574772,180335492.784883,182765156.38485706,190825396.17999622,1826055.5231213712,1850645.429328646,1931672.1455205712,75599.71236666669
14.600045999999999,-84840.867306,-76485.99098249999,-5811.0,-1620.0,-4191.0,-5238.75,0.4460869584795325,5477.666666666667,5393.416666666667,488.0,36.75289233779517,36.54519337464469,21.04517010497843,178345.55794799293,175259.02441774012,2144.855970053995,1803.7970830982774,1772.3858064389665,21.75963751108585,36100152.11872314,29899782.03574772,180335492.784883,182765156.38485706,190825396.17999622,1826055.5231213712,1850645.429328646,1931672.1455205712,75599.71236666669
11.443487166666666,-70687.9460267889,-65186.87102098611,-6177.133333333334,-1620.0,-4557.133333333334,-5696.416666666667,0.5576086976099672,5126.383333333334,4898.666666666667,253.0,36.54519337464469,36.54519337464469,0.0,165500.2396135975,157178.28999563464,0.0,1673.5935338692111,1589.3469466690756,0.0,36100152.11872314,29899782.03574772,180335492.784883,182765156.38485706,190825396.17999622,1826055.5231213712,1850645.429328646,1931672.1455205712,75599.71236666669
8.015160083333333,-50716.7269433,-47165.209510374996,-6327.6,-1620.0,-4707.6,-5884.5,0.6691304367404021,4854.166666666667,4854.166666666667,443.10000000000036,36.54519337464469,36.54519337464469,0.0,155552.02889046297,155552.02889046297,0.0,1572.8836232536937,1572.8836232536937,0.0,36100152.11872314,29899782.03574772,180335492.784883,182765156.38485706,190825396.17999622,1826055.5231213712,1850645.429328646,1931672.1455205712,75599.71236666669
-11.341416,61485.59660800001,53890.62836000001,-5421.333333333334,-1620.0,-3801.333333333334,-4751.666666666667,0.7806521758708369,5267.583333333333,5267.583333333333,669.666666666667,36.54519337464469,36.54519337464469,23.72897249884988,170660.42091809728,170660.42091809728,10227.629687978224,1725.8322140097032,1725.8322140097032,104.43217098318858,36100152.11872314,29899782.03574772,180335492.784883,182765156.38485706,190825396.17999622,1826055.5231213712,1850645.429328646,1931672.1455205712,75599.71236666669
13.510295583333333,-35636.557003344446,-17187.347697930556,-2637.7333333333336,-1620.0,-1017.7333333333335,-1272.1666666666667,0.8921739150012717,5987.15,5940.583333333333,1319.0,36.75289233779517,36.75289233779517,36.54519337464469,197070.54404589394,195359.08435936394,148763.7592211227,1992.9921155102782,1975.6997303959752,1504.1631215816221,36100152.11872314,29899782.03574772,180335492.784883,182765156.38485706,190825396.17999622,1826055.5231213712,1850645.429328646,1931672.1455205712,75599.71236666669
50.48818416666666,84002.24081650001,105002.80102062499,1663.8000000000002,0.0,1663.8000000000002,2079.75,0.8921739150012717,8555.033333333333,8140.083333333333,1.0,37.38267504946703,36.91444713464553,37.69420731834162,291916.31764904736,276466.5605934067,354516.0917852097,2961.895653030877,2803.849035018054,3588.151884186905,36100152.11872314,29899782.03574772,180335492.784883,182765156.38485706,190825396.17999622,1826055.5231213712,1850645.429328646,1931672.1455205712,75599.71236666669
54.664787249999996,292533.14248965,276836.1488308125,5351.4,1300.0,4051.4,5064.25,0.7930129691584037,9888.51666666667,10175.66666666667,0.0,37.69420731834162,37.69420731834162,40.92615399131757,342027.3726638547,352851.2642953165,550356.2786026498,3468.31327903132,3572.1766186472764,5569.988100277398,36100152.11872314,29899782.03574772,180335492.784883,182765156.38485706,190825396.17999622,1826055.5231213712,1850645.429328646,1931672.1455205712,75599.71236666669
51.73951825,218316.62190648337,272895.7773831042,4219.533333333334,0.0,4219.533333333334,5274.416666666667,0.7930129691584037,11602.383333333333,10547.5,0.0,38.10229658768639,37.69420731834162,41.5298700120919,406856.23063986545,366867.227049853,574489.4872930505,4113.911218867524,3706.670269284689,5812.325833706666,36100152.11872314,29899782.03574772,180335492.784883,182765156.38485706,190825396.17999622,1826055.5231213712,1850645.429328646,1931672.1455205712,75599.71236666669
54.381049333333344,269124.5623440889,248036.49776344447,4948.866666666667,1300.0,3648.866666666667,4561.083333333333,0.6938520233155356,10259.299999999996,10647.08333333333,0.0,37.69420731834162,37.85179447916236,40.92615399131757,356003.75650070683,370622.61990697373,549056.8732134253,3602.4271403370335,3743.1412908506054,5556.770189706441,36100152.11872314,29899782.03574772,180335492.784883,182765156.38485706,190825396.17999622,1826055.5231213712,1850645.429328646,1931672.1455205712,75599.71236666669
54.81742458333333,237611.60859891667,207936.19580072915,4334.6,1300.0,3034.6000000000004,3793.25,0.5946910774726676,10332.31666666667,10873.66666666667,0.0,37.69420731834162,37.85179447916236,40.3419018404908,358756.0618717347,379199.20567271084,526913.7153218782,3628.8375698951945,3831.5580747839217,5331.594119299513,36100152.11872314,29899782.03574772,180335492.784883,182765156.38485706,190825396.17999622,1826055.5231213712,1850645.429328646,1931672.1455205712,75599.71236666669
52.841689333333335,184449.20078693333,144693.755817,3490.6,1300.0,2190.6,2738.25,0.49553013162979953,10117.4,10869.75,0.0,37.69420731834162,37.85179447916236,39.81518965358454,350654.9484822343,379050.95281100064,484341.63502085157,3551.1013249391444,3830.029722873341,4897.672610610778,36100152.11872314,29899782.03574772,180335492.784883,182765156.38485706,190825396.17999622,1826055.5231213712,1850645.429328646,1931672.1455205712,75599.71236666669
49.060009083333334,60791.89258879445,75989.86573599307,1239.1333333333334,0.0,1239.1333333333334,1548.9166666666667,0.49553013162979953,10762.283333333333,10452.5,0.0,37.85179447916236,37.69420731834162,38.10229658768639,374983.1466309733,363286.27735461056,422060.31705490523,3788.094347897099,3672.3083773692583,4267.234351014345,36100152.11872314,29899782.03574772,180335492.784883,182765156.38485706,190825396.17999622,1826055.5231213712,1850645.429328646,1931672.1455205712,75599.71236666669
48.42325091666667,24072.812139038888,30091.01517379861,497.1333333333333,0.0,497.1333333333333,621.4166666666666,0.49553013162979953,10301.033333333333,10176.75,0.0,37.69420731834162,37.69420731834162,37.85179447916236,357576.8614194591,352892.0996865779,376341.39518953394,3617.522259171463,3572.568464783153,3802.096652848068,36100152.11872314,29899782.03574772,180335492.784883,182765156.38485706,190825396.17999622,1826055.5231213712,1850645.429328646,1931672.1455205712,75599.71236666669
51.02047949999999,884.354978,1105.4437225,17.333333333333336,0.0,17.333333333333336,21.666666666666668,0.49553013162979953,10558.500000000004,10554.16666666667,0.0,37.69420731834162,37.69420731834162,37.69420731834162,367281.8633303549,367118.52176530875,367935.2295905395,3710.6490146643714,3709.0816301208606,3716.9185528384146,36100152.11872314,29899782.03574772,180335492.784883,182765156.38485706,190825396.17999622,1826055.5231213712,1850645.429328646,1931672.1455205712,75599.71236666669
50.08962941666667,-2330.837422188889,-2913.546777736111,-46.53333333333333,0.0,-46.53333333333333,-58.166666666666664,0.49553013162979953,10529.783333333336,10541.41666666667,0.0,37.69420731834162,37.69420731834162,37.69420731834162,366199.4113435299,366637.9206219999,364445.3742296497,3700.262077862567,3704.469902521684,3683.430779226096,36100152.11872314,29899782.03574772,180335492.784883,182765156.38485706,190825396.17999622,1826055.5231213712,1850645.429328646,1931672.1455205712,75599.71236666669
53.39625083333334,59543.939179277775,-12338.983630069446,1115.1333333333332,1300.0,-184.86666666666667,-231.08333333333334,0.3963691857869315,8944.033333333333,10290.25,0.0,37.38267504946703,37.69420731834162,37.69420731834162,306458.17824329005,357170.3922172097,348459.8891427295,3110.67201070199,3613.6218830189573,3530.0380880351945,36100152.11872314,29899782.03574772,180335492.784883,182765156.38485706,190825396.17999622,1826055.5231213712,1850645.429328646,1931672.1455205712,75599.71236666669
54.292975750000004,68094.25018565002,-3108.2728616875,1254.2,1300.0,-45.800000000000004,-57.25,0.2972082399440634,9101.63333333333,10413.08333333333,0.0,37.67408287333122,37.69420731834162,37.69420731834162,312378.32203802635,361800.4973494792,359642.5039805041,3170.972558231523,3658.0512064253985,3637.343645244784,36100152.11872314,29899782.03574772,180335492.784883,182765156.38485706,190825396.17999622,1826055.5231213712,1850645.429328646,1931672.1455205712,75599.71236666669
52.393241916666675,75694.26303840557,9714.580272048612,1444.7333333333333,1296.4,148.33333333333334,185.41666666666666,0.19832189364352948,9428.100000000002,10687.41666666667,0.0,37.67408287333122,37.85179447916236,37.85179447916236,324677.6542934068,372149.30895096686,379167.6625106448,3296.0847648025438,3758.880063717001,3831.2328935263513,36100152.11872314,29899782.03574772,180335492.784883,182765156.38485706,190825396.17999622,1826055.5231213712,1850645.429328646,1931672.1455205712,75599.71236666669
52.57124883333333,47534.9231951,59418.65399387499,904.2,0.0,904.2,1130.25,0.19832189364352948,10959.38333333333,10733.33333333333,0.0,37.85179447916236,37.85179447916236,38.10229658768639,382443.7353228161,373887.3371808015,416808.55050856905,3865.006218937581,3776.7975510091123,4214.273766984012,36100152.11872314,29899782.03574772,180335492.784883,182765156.38485706,190825396.17999622,1826055.5231213712,1850645.429328646,1931672.1455205712,75599.71236666669
57.20796041666668,218419.99287083338,180062.05541145836,3818.0,1300.0,2518.0,3147.5,0.09916094780066144,10624.75,11295.25,0.0,37.6959122612594,37.85179447916236,40.29294351772499,369779.10482093634,395156.89136188425,517875.47529362375,3734.614622813643,3996.0672729886414,5239.954579226858,36100152.11872314,29899782.03574772,180335492.784883,182765156.38485706,190825396.17999622,1826055.5231213712,1850645.429328646,1931672.1455205712,75599.71236666669
59.83064016666666,169133.24233247776,114191.76264476388,2826.866666666667,1300.0,1526.8666666666668,1908.5833333333333,1.9577933996206554e-09,10506.799999999997,11425.08333333333,0.0,37.69420731834162,38.10229658768639,39.81518965358454,365333.07281199645,400100.69345486857,473419.0013258848,3691.948911379867,4045.7861048512395,4788.058856778572,36100152.11872314,29899782.03574772,180335492.784883,182765156.38485706,190825396.17999622,1826055.5231213712,1850645.429328646,1931672.1455205712,75599.71236666669
40.728779,-106391.71650380001,-50513.86815475,-2612.2,-1620.0,-992.2,-1240.25,0.11152174108822818,9252.283333333333,8243.333333333334,363.0,37.67408287333122,36.91444713464553,36.8984215940507,318053.9226228938,280277.9772600589,234499.9241801001,3228.7063358094006,2842.955019817741,2375.437904324982,36100152.11872314,29899782.03574772,180335492.784883,182765156.38485706,190825396.17999622,1826055.5231213712,1850645.429328646,1931672.1455205712,75599.71236666669
33.26230975,-132499.30214546667,-98267.95043808334,-3983.4666666666667,-1620.0,-2363.4666666666667,-2954.3333333333335,0.22304348021866297,5732.716666666666,4875.583333333333,172.0,36.75289233779517,36.54519337464469,32.03152896725441,187719.38313874757,156334.70511523657,51613.92384373842,1898.5090979172392,1580.8069830247669,525.2768260347891,36100152.11872314,29899782.03574772,180335492.784883,182765156.38485706,190825396.17999622,1826055.5231213712,1850645.429328646,1931672.1455205712,75599.71236666669
27.248861666666667,-135459.54111733334,-114145.48152166666,-4971.200000000001,-1620.0,-3351.2000000000003,-4189.0,0.3345652193490978,4783.116666666668,4122.916666666667,122.0,36.54519337464469,36.05783602834195,0.0,152955.4929011945,128931.49258528117,0.0,1546.5978001376743,1301.735502753129,0.0,36100152.11872314,29899782.03574772,180335492.784883,182765156.38485706,190825396.17999622,1826055.5231213712,1850645.429328646,1931672.1455205712,75599.71236666669
35.947061,-190742.2950782,-165635.07032275,-5306.200000000001,-1620.0,-3686.2000000000003,-4607.75,0.44608695847953256,4748.783333333334,4080.333333333333,30.0,36.54519337464469,36.05783602834195,0.0,151700.77459533166,127396.0297344076,0.0,1533.8957603490276,1286.2513906480253,0.0,36100152.11872314,29899782.03574772,180335492.784883,182765156.38485706,190825396.17999622,1826055.5231213712,1850645.429328646,1931672.1455205712,75599.71236666669
37.91334308333334,-195127.33906888892,-167134.65409236113,-5146.666666666666,-1620.0,-3526.6666666666665,-4408.333333333333,0.5576086976099673,4777.25,4050.916666666667,12.0,36.54519337464469,36.05783602834195,0.0,152741.09443339653,126335.32839124056,0.0,1544.4273545038857,1275.554929643913,0.0,36100152.11872314,29899782.03574772,180335492.784883,182765156.38485706,190825396.17999622,1826055.5231213712,1850645.429328646,1931672.1455205712,75599.71236666669
35.981843250000004,-190790.12564880002,-165624.42447975,-5302.4,-1620.0,-3682.4,-4603.0,0.6691304367404021,4862.4,4189.0,26.0,36.54519337464469,36.05783602834195,0.0,155852.9176492475,131314.31458282075,0.0,1575.9296463874757,1325.7646630258234,0.0,36100152.11872314,29899782.03574772,180335492.784883,182765156.38485706,190825396.17999622,1826055.5231213712,1850645.429328646,1931672.1455205712,75599.71236666669
34.50007216666667,-170563.7567823778,-143342.04984047223,-4943.866666666667,-1620.0,-3323.866666666667,-4154.833333333333,0.7806521758708369,5222.366666666667,4433.333333333333,0.0,36.54519337464469,36.52346033887948,22.1447587705548,169007.96909100714,140176.89283844424,4870.576125662971,1709.1037509288303,1416.0552658829276,49.86913287344423,36100152.11872314,29899782.03574772,180335492.784883,182765156.38485706,190825396.17999622,1826055.5231213712,1850645.429328646,1931672.1455205712,75599.71236666669
34.781038,-109687.80017266667,-66678.14826583334,-3153.666666666667,-1620.0,-1533.6666666666667,-1917.0833333333333,0.8921739150012717,6552.916666666667,5327.333333333333,11.0,36.81294353290304,36.54519337464469,35.51660800667222,217896.59413161382,172843.99622223232,103312.95112794393,2207.5028430852108,1747.9374628651876,1045.4887545051201,36100152.11872314,29899782.03574772,180335492.784883,182765156.38485706,190825396.17999622,1826055.5231213712,1850645.429328646,1931672.1455205712,75599.71236666669
49.41745408333333,138167.9071200611,92406.52101465972,2795.9333333333334,1300.0,1495.9333333333334,1869.9166666666667,0.7930129691584037,6493.400000000001,7419.416666666667,0.0,36.81294353290304,36.91444713464553,37.67408287333122,215705.6104423472,249863.5490250389,319449.7473933508,2184.9158205725057,2530.896204874641,3242.905051104856,36100152.11872314,29899782.03574772,180335492.784883,182765156.38485706,190825396.17999622,1826055.5231213712,1850645.429328646,1931672.1455205712,75599.71236666669
44.04979075,148124.02886548752,176430.42440143749,3362.65,158.45,3204.2000000000003,4005.25,0.780926775413171,8851.433333333334,8208.833333333334,0.0,37.38267504946703,36.91444713464553,38.21983657836123,302996.54253370943,279004.42883391364,430184.70208288584,3075.2563533232114,2829.888129013003,4349.741083812869,36100152.11872314,29899782.03574772,180335492.784883,182765156.38485706,190825396.17999622,1826055.5231213712,1850645.429328646,1931672.1455205712,75599.71236666669
49.809617333333335,215592.62702444446,188550.1556138889,4328.333333333334,1300.0,3028.3333333333335,3785.4166666666665,0.681765829570303,7543.833333333332,8086.75,0.0,36.91444713464553,36.91444713464553,38.10229658768639,254456.32148937433,274497.79007955897,417135.59522094677,2578.0190743709536,2783.649010585609,4217.571796098356,36100152.11872314,29899782.03574772,180335492.784883,182765156.38485706,190825396.17999622,1826055.5231213712,1850645.429328646,1931672.1455205712,75599.71236666669
54.440896333333335,206842.74152886667,170086.97036941667,3799.4,1300.0,2499.4,3124.25,0.5826048837274349,7714.016666666666,8389.166666666666,0.0,36.91444713464553,37.38267504946703,38.10229658768639,260738.54515090544,285715.7779475091,403466.39632011426,2642.476089833359,2898.4585359981897,4079.726986998853,36100152.11872314,29899782.03574772,180335492.784883,182765156.38485706,190825396.17999622,1826055.5231213712,1850645.429328646,1931672.1455205712,75599.71236666669
57.153099583333336,188117.52217522223,142273.11589611112,3291.466666666667,1300.0,1991.466666666667,2489.3333333333335,0.48344393788456685,7822.616666666667,8624.75,0.0,36.91444713464553,37.38267504946703,37.85179447916236,264747.454109728,294522.51314457937,388299.4079287427,2683.608389583925,2988.5593849990973,3925.3728675928987,36100152.11872314,29899782.03574772,180335492.784883,182765156.38485706,190825396.17999622,1826055.5231213712,1850645.429328646,1931672.1455205712,75599.71236666669
53.95797941666666,142985.04825553886,91049.59376734027,2649.9333333333334,1300.0,1349.9333333333334,1687.4166666666667,0.3842829920416988,7485.8166666666675,8448.333333333334,0.0,36.91444713464553,37.38267504946703,37.69420731834162,252314.66831477938,287927.5862212693,351346.6371865259,2556.0452352930356,2921.087330759649,3557.7385956407043,36100152.11872314,29899782.03574772,180335492.784883,182765156.38485706,190825396.17999622,1826055.5231213712,1850645.429328646,1931672.1455205712,75599.71236666669
47.7692875,88618.39755083332,33147.904751041664,1855.1333333333332,1300.0,555.1333333333333,693.9166666666666,0.28512204619883075,6852.783333333333,8014.0,0.0,36.8984215940507,36.91444713464553,37.38267504946703,228954.09141451423,271812.2640505135,297631.50561952667,2319.566093013576,2756.094914758227,3020.36718383281,36100152.11872314,29899782.03574772,180335492.784883,182765156.38485706,190825396.17999622,1826055.5231213712,1850645.429328646,1931672.1455205712,75599.71236666669
44.940901249999996,6294.7222350833335,7868.402793854167,140.0666666666667,0.0,140.0666666666667,175.08333333333334,0.28512204619883075,7502.266666666666,7467.25,0.0,36.91444713464553,36.91444713464553,36.91444713464553,252921.91097014426,251629.2900796461,258092.39453213694,2562.275680328917,2549.01310178749,2615.325994494626,36100152.11872314,29899782.03574772,180335492.784883,182765156.38485706,190825396.17999622,1826055.5231213712,1850645.429328646,1931672.1455205712,75599.71236666669
45.10140725,10836.364781933333,13545.455977416666,240.26666666666665,0.0,240.26666666666665,300.3333333333333,0.28512204619883075,6898.983333333334,6838.916666666667,0.0,36.8984215940507,36.8984215940507,36.8984215940507,230658.79849215937,228442.4333017434,239524.2592538233,2336.7402625583995,2314.4113639149855,2426.055857132055,36100152.11872314,29899782.03574772,180335492.784883,182765156.38485706,190825396.17999622,1826055.5231213712,1850645.429328646,1931672.1455205712,75599.71236666669
43.55573833333333,-1861.2818847777778,-2326.602355972222,-42.733333333333334,0.0,-42.733333333333334,-53.416666666666664,0.28512204619883075,6522.233333333334,6532.916666666667,0.0,36.81294353290304,36.81294353290304,36.81294353290304,216767.05031421257,217160.33526095576,215193.91052723984,2195.8582873736764,2199.912692702896,2179.6406660567964,36100152.11872314,29899782.03574772,180335492.784883,182765156.38485706,190825396.17999622,1826055.5231213712,1850645.429328646,1931672.1455205712,75599.71236666669
43.68856941666667,-82513.14477161111,-14672.077895763889,-1888.6666666666667,-1620.0,-268.6666666666667,-335.8333333333333,0.39664378532926553,7787.916666666666,6235.083333333333,0.0,36.91444713464553,36.81294353290304,36.75289233779517,263466.52279415575,206196.21357873944,193839.96480940175,2670.4657486875653,2086.8827032595896,1960.3507271449116,36100152.11872314,29899782.03574772,180335492.784883,182765156.38485706,190825396.17999622,1826055.5231213712,1850645.429328646,1931672.1455205712,75599.71236666669
43.918580166666665,-12376.255890966666,-15470.319863708333,-281.8,0.0,-281.8,-352.25,0.39664378532926553,6006.883333333333,6077.333333333333,0.0,36.75289233779517,36.81294353290304,36.75289233779517,197795.80112135975,200388.971736424,187438.83606056907,2000.3200267398183,2027.0153921190808,1895.674483607164,36100152.11872314,29899782.03574772,180335492.784883,182765156.38485706,190825396.17999622,1826055.5231213712,1850645.429328646,1931672.1455205712,75599.71236666669
44.0707975,-4224.920453666667,-5281.150567083333,-95.86666666666667,0.0,-95.86666666666667,-119.83333333333333,0.39664378532926553,6314.616666666667,6338.583333333333,0.0,36.81294353290304,36.81294353290304,36.81294353290304,209124.069687723,210006.35323439492,205594.93550103536,2117.066201279929,2126.1617314880696,2080.684080447366,36100152.11872314,29899782.03574772,180335492.784883,182765156.38485706,190825396.17999622,1826055.5231213712,1850645.429328646,1931672.1455205712,75599.71236666669
50.241767916666674,80524.15616563891,26146.653386631948,1602.7333333333333,1186.4,416.3333333333333,520.4166666666666,0.30614798060005116,5579.516666666666,6661.833333333333,0.0,36.75289233779517,36.8984215940507,36.8984215940507,182088.84003259736,221908.33781113024,241110.89138236747,1841.6187600608778,2248.583242914355,2442.0404738079724,36100152.11872314,29899782.03574772,180335492.784883,182765156.38485706,190825396.17999622,1826055.5231213712,1850645.429328646,1931672.1455205712,75599.71236666669
55.60087633333333,186592.83424957778,142889.61877030553,3355.9333333333334,1300.0,2055.9333333333334,2569.9166666666665,0.2069870347571831,6548.233333333334,7334.25,0.0,36.81294353290304,36.91444713464553,37.69420731834162,217724.18684606804,246719.66861073824,342617.2870083866,2205.7254828706855,2498.6392908590806,3473.9739485942287,36100152.11872314,29899782.03574772,180335492.784883,182765156.38485706,190825396.17999622,1826055.5231213712,1850645.429328646,1931672.1455205712,75599.71236666669
56.265200666666665,168461.7618093778,119146.25117838889,2994.0666666666666,1300.0,1694.0666666666668,2117.5833333333335,0.10782608891431507,6945.516666666666,7822.0,0.0,36.8984215940507,36.91444713464553,37.69420731834162,232375.80504366918,264724.6902006616,343952.2901842446,2354.0383438604003,2683.374826801425,3486.784303036385,36100152.11872314,29899782.03574772,180335492.784883,182765156.38485706,190825396.17999622,1826055.5231213712,1850645.429328646,1931672.1455205712,75599.71236666669
31.68082266666667,-102164.31693546669,-63551.73026933334,-3224.8,-1620.0,-1604.8000000000002,-2006.0,0.21934782804474984,6489.133333333333,6142.333333333333,872.0,36.81294353290304,36.81294353290304,36.05783602834195,215548.54188327346,202781.8130660627,129415.26855199474,2183.296588490945,2051.6833808616043,1306.6140586218598,36100152.11872314,29899782.03574772,180335492.784883,182765156.38485706,190825396.17999622,1826055.5231213712,1850645.429328646,1931672.1455205712,75599.71236666669
13.695997333333333,-69603.97151448889,-59270.569793111106,-5082.066666666667,-1620.0,-3462.0666666666666,-4327.583333333333,0.3308695671751846,5379.416666666667,5379.416666666667,754.4833333333336,36.54519337464469,36.54519337464469,28.89990849804915,174747.39171049508,174747.39171049508,24950.426657100827,1767.2063339037902,1767.2063339037902,253.51134794632662,36100152.11872314,29899782.03574772,180335492.784883,182765156.38485706,190825396.17999622,1826055.5231213712,1850645.429328646,1931672.1455205712,75599.71236666669
10.142179666666665,-61567.08744853333,-56420.94548566666,-6070.400000000001,-1620.0,-4450.400000000001,-5563.0,0.4423913063056194,4852.666666666667,4852.666666666667,507.40000000000055,36.54519337464469,36.54519337464469,0.0,155497.211100401,155497.211100401,0.0,1572.328679767782,1572.328679767782,0.0,36100152.11872314,29899782.03574772,180335492.784883,182765156.38485706,190825396.17999622,1826055.5231213712,1850645.429328646,1931672.1455205712,75599.71236666669
9.209058583333336,-58219.66836383335,-54126.241823541684,-6322.0,-1620.0,-4702.0,-5877.5,0.5539130454360541,4421.916666666667,4421.916666666667,444.5,36.52346033887948,36.52346033887948,0.0,139759.91666624206,139759.91666624206,0.0,1411.7647737981888,1411.7647737981888,0.0,36100152.11872314,29899782.03574772,180335492.784883,182765156.38485706,190825396.17999622,1826055.5231213712,1850645.429328646,1931672.1455205712,75599.71236666669
-1.9608409999999996,12519.054725866667,11678.115382333332,-6384.533333333334,-1620.0,-4764.533333333334,-5955.666666666667,0.665434784566489,4117.416666666667,4117.416666666667,428.8666666666668,36.05783602834195,36.05783602834195,0.0,128733.17448712529,128733.17448712529,0.0,1299.7355978628416,1299.7355978628416,0.0,36100152.11872314,29899782.03574772,180335492.784883,182765156.38485706,190825396.17999622,1826055.5231213712,1850645.429328646,1931672.1455205712,75599.71236666669
-5.837886416666667,34144.6300738,30859.0675985,-5848.8,-1620.0,-4228.8,-5286.0,0.7769565236969238,4068.5,4068.5,562.8000000000002,36.05783602834195,36.05783602834195,0.0,126969.34534140555,126969.34534140555,0.0,1281.948564974983,1281.948564974983,0.0,36100152.11872314,29899782.03574772,180335492.784883,182765156.38485706,190825396.17999622,1826055.5231213712,1850645.429328646,1931672.1455205712,75599.71236666669
-19.022744333333332,86862.92335782222,70057.59692227778,-4566.266666666666,-1620.0,-2946.266666666667,-3682.8333333333335,0.8884782628273586,4049.75,4049.75,883.4333333333329,36.05783602834195,36.05783602834195,22.68049909437667,126293.26091587414,126293.26091587414,6840.391123779356,1275.1307073944579,1275.1307073944579,70.12537122595131,36100152.11872314,29899782.03574772,180335492.784883,182765156.38485706,190825396.17999622,1826055.5231213712,1850645.429328646,1931672.1455205712,75599.71236666669
9.648539916666666,-25172.397406588887,-11927.20342698611,-2608.9333333333334,-1620.0,-988.9333333333334,-1236.1666666666667,1.0000000019577935,4504.416666666667,4504.416666666667,1372.7666666666667,36.52346033887948,36.52346033887948,35.51660800667222,142773.10214419963,142773.10214419963,98269.59279099647,1442.7690596660107,1442.7690596660107,996.6997060553626,36100152.11872314,29899782.03574772,180335492.784883,182765156.38485706,190825396.17999622,1826055.5231213712,1850645.429328646,1931672.1455205712,75599.71236666669
58.75395766666667,227193.7204359778,188516.96933663893,3866.866666666667,1300.0,2566.866666666667,3208.5833333333335,0.9008390561149254,5289.549999999999,5947.833333333333,0.0,36.54519337464469,36.75289233779517,37.67408287333122,171463.19699922696,195625.54282881296,314442.23387810384,1733.959053058944,1978.3919950791253,3191.9672398222397,36100152.11872314,29899782.03574772,180335492.784883,182765156.38485706,190825396.17999622,1826055.5231213712,1850645.429328646,1931672.1455205712,75599.71236666669
63.43119791666667,360052.3943611111,346989.79633680556,5676.266666666666,1300.0,4376.266666666666,5470.333333333333,0.8016781102720574,6502.483333333334,6708.416666666667,0.0,36.81294353290304,36.8984215940507,38.21983657836123,216039.99467943772,223627.18928371978,428834.26785711705,2188.36301387114,2265.899910979933,4336.004098195546,36100152.11872314,29899782.03574772,180335492.784883,182765156.38485706,190825396.17999622,1826055.5231213712,1850645.429328646,1931672.1455205712,75599.71236666669
56.96442691666667,272024.1266693889,247462.9645971528,4775.333333333334,1300.0,3475.333333333334,4344.166666666667,0.7025171644291893,6538.583333333333,6969.75,0.0,36.81294353290304,36.8984215940507,38.01,217368.94194097552,233269.9767936317,395865.2957672945,2202.0632353112182,2363.046728607216,4003.107307300943,36100152.11872314,29899782.03574772,180335492.784883,182765156.38485706,190825396.17999622,1826055.5231213712,1850645.429328646,1931672.1455205712,75599.71236666669
54.696081166666666,226551.1681923333,194307.82834458334,4142.0,1300.0,2842.0,3552.5,0.6033562185863213,6500.583333333333,7090.083333333333,0.0,36.81294353290304,36.8984215940507,37.85179447916236,215970.0500867252,237710.08685878245,370452.2868318176,2187.64194958482,2407.77887294835,3741.3853120597273,36100152.11872314,29899782.03574772,180335492.784883,182765156.38485706,190825396.17999622,1826055.5231213712,1850645.429328646,1931672.1455205712,75599.71236666669
56.486823416666674,184681.7862666778,139061.14478126392,3269.466666666667,1300.0,1969.466666666667,2461.8333333333335,0.5041952727434532,6528.616666666667,7336.25,0.0,36.81294353290304,36.91444713464553,37.69420731834162,217002.03960376425,246793.49750500752,338618.55984869925,2198.2808103706984,2499.396791775297,3435.603169288665,36100152.11872314,29899782.03574772,180335492.784883,182765156.38485706,190825396.17999622,1826055.5231213712,1850645.429328646,1931672.1455205712,75599.71236666669
57.30865191666666,159230.1790620611,105911.16446299304,2778.4666666666667,1300.0,1478.4666666666667,1848.0833333333333,0.40503432690058516,6633.783333333334,7564.166666666667,0.0,36.85930051998498,36.91444713464553,37.67408287333122,220873.57411561915,255206.91524777882,324080.5200798644,2238.167175503825,2585.720333685824,3290.0105505668357,36100152.11872314,29899782.03574772,180335492.784883,182765156.38485706,190825396.17999622,1826055.5231213712,1850645.429328646,1931672.1455205712,75599.71236666669
54.27920566666666,108475.18321797777,47390.26981413889,1998.4666666666667,1300.0,698.4666666666667,873.0833333333334,0.3058733810577171,6413.7,7539.083333333333,0.0,36.81294353290304,36.91444713464553,37.38267504946703,212771.6188427748,254280.97786548478,286575.5794736468,2154.6690712989803,2576.2200096949396,2907.2550815674326,36100152.11872314,29899782.03574772,180335492.784883,182765156.38485706,190825396.17999622,1826055.5231213712,1850645.429328646,1931672.1455205712,75599.71236666669
51.1216045,16219.181054366665,20273.97631795833,317.26666666666665,0.0,317.26666666666665,396.5833333333333,0.3058733810577171,8102.066666666667,8022.75,0.0,36.91444713464553,36.91444713464553,37.38267504946703,275063.19636150467,272135.26546294166,286843.4886448347,2789.450205102302,2759.4089812666753,2909.996034172342,36100152.11872314,29899782.03574772,180335492.784883,182765156.38485706,190825396.17999622,1826055.5231213712,1850645.429328646,1931672.1455205712,75599.71236666669
58.80222091666666,79712.29067463333,4086.754353708333,1355.6,1300.0,55.6,69.5,0.20671243521484906,6947.733333333334,8233.833333333334,0.0,36.8984215940507,36.91444713464553,37.38267504946703,232457.59654486936,279927.2900122798,282507.0983390965,2354.862357045632,2839.3568904657113,2865.630847823116,36100152.11872314,29899782.03574772,180335492.784883,182765156.38485706,190825396.17999622,1826055.5231213712,1850645.429328646,1931672.1455205712,75599.71236666669
52.68197566666668,65919.20008584447,-3209.2103510277784,1251.2666666666667,1300.0,-48.733333333333334,-60.916666666666664,0.10755148937198102,6482.983333333334,7795.166666666667,0.0,36.81294353290304,36.91444713464553,36.91444713464553,215322.14228054613,263734.15253588196,261485.44746459645,2180.962617248383,2673.211689508851,2650.139474102418,36100152.11872314,29899782.03574772,180335492.784883,182765156.38485706,190825396.17999622,1826055.5231213712,1850645.429328646,1931672.1455205712,75599.71236666669
50.37844991666666,-7906.058073588888,-9882.572591986109,-156.93333333333334,0.0,-156.93333333333334,-196.16666666666666,0.10755148937198102,7750.766666666666,7790.0,0.0,36.91444713464553,36.91444713464553,36.91444713464553,262095.15108310367,263543.4278923529,256302.04384610662,2656.3951691688408,2671.254812141958,2596.956597276371,36100152.11872314,29899782.03574772,180335492.784883,182765156.38485706,190825396.17999622,1826055.5231213712,1850645.429328646,1931672.1455205712,75599.71236666669
49.59203841666667,-8166.155659277779,-10207.694574097222,-164.66666666666669,0.0,-164.66666666666669,-205.83333333333334,0.10755148937198102,7818.0,7859.166666666667,0.0,36.91444713464553,36.91444713464553,36.91444713464553,264577.032412123,266096.67715249927,258498.45345061808,2681.8598249689917,2697.4517188277855,2619.4922495338183,36100152.11872314,29899782.03574772,180335492.784883,182765156.38485706,190825396.17999622,1826055.5231213712,1850645.429328646,1931672.1455205712,75599.71236666669
51.641379666666666,7959.657985955555,9949.572482444444,154.13333333333333,0.0,154.13333333333333,192.66666666666666,0.10755148937198102,8008.033333333334,7969.5,0.0,36.91444713464553,36.91444713464553,36.91444713464553,271592.0078492768,270169.5711530218,277281.75463429687,2753.835037024847,2739.2405193724057,2812.213107634613,36100152.11872314,29899782.03574772,180335492.784883,182765156.38485706,190825396.17999622,1826055.5231213712,1850645.429328646,1931672.1455205712,75599.71236666669
48.73367891666666,-18937.907627016662,75013.31527247916,-388.5999999999999,-1620.0,1231.4,1539.25,0.21907322850241578,9705.85,7778.0,0.0,37.69420731834162,36.91444713464553,37.67408287333122,335141.89746037085,263100.4545267372,320501.4822068979,3402.241992120245,2666.709806644658,3253.603588270797,36100152.11872314,29899782.03574772,180335492.784883,182765156.38485706,190825396.17999622,1826055.5231213712,1850645.429328646,1931672.1455205712,75599.71236666669
55.07251016666666,223153.8111953333,189449.43497333332,4052.0,1300.0,2752.0,3440.0,0.11991228265954774,6958.75,7570.75,0.0,36.8984215940507,36.91444713464553,37.85179447916236,232864.09415609716,255449.93535808192,384388.05583256256,2358.9576406203532,2588.213774201704,3885.0503916542043,36100152.11872314,29899782.03574772,180335492.784883,182765156.38485706,190825396.17999622,1826055.5231213712,1850645.429328646,1931672.1455205712,75599.71236666669
56.592168166666674,135495.79863304168,158160.9619837917,2394.25,158.45,2235.8,2794.75,0.1078260889143151,8290.666666666668,7890.166666666667,0.0,37.38267504946703,36.91444713464553,37.85179447916236,282033.5844551366,267241.0250136733,372054.67946476885,2860.7863734516486,2709.1929830291438,3757.9045199442903,36100152.11872314,29899782.03574772,180335492.784883,182765156.38485706,190825396.17999622,1826055.5231213712,1850645.429328646,1931672.1455205712,75599.71236666669
42.89568666666667,-92737.61486088889,-29058.253076111112,-2161.9333333333334,-1620.0,-541.9333333333333,-677.4166666666666,0.2193478280447499,6886.183333333334,5454.666666666667,53.0,36.8984215940507,36.75289233779517,36.54519337464469,230186.49869575555,177500.24142422364,152741.09443339653,2331.9820510827776,1795.2561054827663,1544.4273545038857,36100152.11872314,29899782.03574772,180335492.784883,182765156.38485706,190825396.17999622,1826055.5231213712,1850645.429328646,1931672.1455205712,75599.71236666669
25.691793916666665,-102505.11936871667,-76105.51652964583,-3989.8,-1620.0,-2369.8,-2962.25,0.3308695671751847,4932.883333333333,4025.333333333333,120.0,36.54519337464469,36.05783602834195,28.89990849804915,158428.74469560373,125412.84875284877,25275.550627703855,1602.0058241865956,1266.252341745152,256.7963574524466,36100152.11872314,29899782.03574772,180335492.784883,182765156.38485706,190825396.17999622,1826055.5231213712,1850645.429328646,1931672.1455205712,75599.71236666669
8.597903666666666,-41471.12854579999,-34428.155757249995,-4823.4,-1620.0,-3203.4,-4004.25,0.44239130630561946,4095.9833333333327,3360.833333333333,84.0,36.05783602834195,35.51660800667222,0.0,127960.33486825113,101557.83874894753,0.0,1291.9420291085698,1028.509936588039,0.0,36100152.11872314,29899782.03574772,180335492.784883,182765156.38485706,190825396.17999622,1826055.5231213712,1850645.429328646,1931672.1455205712,75599.71236666669
8.710976333333335,-46988.16780551112,-41095.4826818889,-5394.133333333333,-1620.0,-3774.1333333333337,-4717.666666666667,0.5539130454360542,3473.2166666666662,3051.75,255.0,35.51660800667222,35.51660800667222,0.0,105549.3135454307,90580.24715755193,0.0,1067.1231471158223,922.3135864118943,0.0,36100152.11872314,29899782.03574772,180335492.784883,182765156.38485706,190825396.17999622,1826055.5231213712,1850645.429328646,1931672.1455205712,75599.71236666669
3.9205465833333335,-22616.06502061667,-20330.974444520834,-5768.6,-1620.0,-4148.6,-5185.75,0.665434784566489,2957.6000000000004,2911.75,537.0,35.51660800667222,34.6926525275873,0.0,87236.35851372375,85615.00131111713,0.0,889.9650729503122,874.059001072446,0.0,36100152.11872314,29899782.03574772,180335492.784883,182765156.38485706,190825396.17999622,1826055.5231213712,1850645.429328646,1931672.1455205712,75599.71236666669
2.0420155833333333,-12002.831464461111,-10868.457774326389,-5877.933333333333,-1620.0,-4257.933333333333,-5322.416666666667,0.7769565236969238,2862.833333333333,2862.833333333333,555.5166666666664,34.6926525275873,34.6926525275873,0.0,83917.95239164264,83917.95239164264,0.0,856.6469156327818,856.6469156327818,0.0,36100152.11872314,29899782.03574772,180335492.784883,182765156.38485706,190825396.17999622,1826055.5231213712,1850645.429328646,1931672.1455205712,75599.71236666669
5.279747416666667,-29331.812764872222,-25973.27743734028,-5555.533333333334,-1620.0,-3935.5333333333338,-4919.416666666667,0.8884782628273586,3181.45,3056.333333333333,511.0,35.51660800667222,35.51660800667222,0.0,95186.75121601732,90743.03161091584,0.0,966.8765412283277,923.8883502996505,0.0,36100152.11872314,29899782.03574772,180335492.784883,182765156.38485706,190825396.17999622,1826055.5231213712,1850645.429328646,1931672.1455205712,75599.71236666669
24.385207583333337,-74370.00608765002,-43582.46225331251,-3049.8,-1620.0,-1429.8000000000002,-1787.25,1.0000000019577935,4535.05,3566.5,294.0,36.52346033887948,36.05783602834195,31.50941732619797,143891.93747924728,108868.3116551779,47087.43238682709,1454.2813581357188,1099.4117913523944,478.65184179501813,36100152.11872314,29899782.03574772,180335492.784883,182765156.38485706,190825396.17999622,1826055.5231213712,1850645.429328646,1931672.1455205712,75599.71236666669
60.775775333333335,105413.5564564889,131766.94557061113,1734.466666666667,0.0,1734.466666666667,2168.0833333333335,1.0000000019577935,6196.366666666667,5763.75,1.0,36.81294353290304,36.75289233779517,36.91444713464553,204770.93911495723,188859.9478976305,268779.12697761686,2072.189437144492,1910.0332285839654,2724.974252116992,36100152.11872314,29899782.03574772,180335492.784883,182765156.38485706,190825396.17999622,1826055.5231213712,1850645.429328646,1931672.1455205712,75599.71236666669
66.81115383333334,340892.77724227787,317547.8465736806,5102.333333333334,1300.0,3802.333333333334,4752.916666666667,0.9008390561149254,7407.583333333333,7757.0,0.0,36.91444713464553,36.91444713464553,38.21983657836123,249426.7280672789,262325.25113690965,441491.4037373177,2526.414324453692,2658.756047024383,4464.7559398069625,36100152.11872314,29899782.03574772,180335492.784883,182765156.38485706,190825396.17999622,1826055.5231213712,1850645.429328646,1931672.1455205712,75599.71236666669
64.93511133333332,242385.4545776444,302981.81822205556,3732.7333333333336,0.0,3732.7333333333336,4665.916666666667,0.9008390561149254,9270.433333333334,8337.25,0.0,37.67408287333122,37.38267504946703,38.74096153846154,318737.70722704486,283774.9940678576,460344.7078140366,3235.661981763855,2878.6025653835572,4656.517785738237,36100152.11872314,29899782.03574772,180335492.784883,182765156.38485706,190825396.17999622,1826055.5231213712,1850645.429328646,1931672.1455205712,75599.71236666669
62.12255041666668,225620.82010661115,282026.0251332639,3631.866666666667,0.0,3631.866666666667,4539.833333333333,0.9008390561149254,9430.8,8522.833333333334,0.0,37.67408287333122,37.38267504946703,39.45526625461276,324779.3743171647,290712.5955124546,462657.11516796896,3297.1194889941144,2949.5804892339365,4679.9262489437415,36100152.11872314,29899782.03574772,180335492.784883,182765156.38485706,190825396.17999622,1826055.5231213712,1850645.429328646,1931672.1455205712,75599.71236666669
68.6549015,288643.51387973333,249240.17741216667,4204.266666666666,1300.0,2904.266666666667,3630.3333333333335,0.8016781102720574,8293.483333333334,8867.416666666666,0.0,37.38267504946703,37.38267504946703,38.21983657836123,282138.87898985925,303594.04228991666,441026.3957256143,2861.8636315684616,3081.3693150629965,4460.025751363261,36100152.11872314,29899782.03574772,180335492.784883,182765156.38485706,190825396.17999622,1826055.5231213712,1850645.429328646,1931672.1455205712,75599.71236666669
70.81418691666666,284026.2618311611,239959.77354936802,4010.866666666667,1300.0,2710.866666666667,3388.5833333333335,0.7025171644291893,8557.383333333333,9179.666666666666,0.0,37.38267504946703,37.67408287333122,38.21983657836123,292004.1669354136,315318.1563049088,443720.8942043887,2962.7944305129517,3200.877364805218,4487.434925495938,36100152.11872314,29899782.03574772,180335492.784883,182765156.38485706,190825396.17999622,1826055.5231213712,1850645.429328646,1931672.1455205712,75599.71236666669
69.06486416666667,224212.1750306667,168034.8145175,3246.4,1300.0,1946.4,2433.0,0.6033562185863213,8290.433333333334,9103.833333333334,0.0,37.38267504946703,37.67408287333122,38.10229658768639,282024.8618309584,312461.20502034784,404358.62509854266,2860.6971331342793,3171.8156668320644,4088.724522737985,36100152.11872314,29899782.03574772,180335492.784883,182765156.38485706,190825396.17999622,1826055.5231213712,1850645.429328646,1931672.1455205712,75599.71236666669
68.15563491666667,94095.66956595001,108248.18715639584,1380.6000000000001,110.0,1270.6000000000001,1588.25,0.5949656770150017,9439.066666666666,9231.416666666666,0.0,37.67408287333122,37.67408287333122,37.85179447916236,325090.8134022509,317267.79009360366,377155.20877083595,3300.2875334325063,3220.709578477007,3810.486329293377,36100152.11872314,29899782.03574772,180335492.784883,182765156.38485706,190825396.17999622,1826055.5231213712,1850645.429328646,1931672.1455205712,75599.71236666669
69.69278133333334,149769.78708533334,73961.46419000001,2149.0,1300.0,849.0,1061.25,0.49580473117213364,8661.083333333334,9748.833333333334,0.0,37.38267504946703,37.69420731834162,37.85179447916236,295880.7503380434,336762.1201382709,376792.4624070773,3002.4553772751487,3417.789241111455,3806.746744831321,36100152.11872314,29899782.03574772,180335492.784883,182765156.38485706,190825396.17999622,1826055.5231213712,1850645.429328646,1931672.1455205712,75599.71236666669
69.77391616666667,127142.0300389,45544.923777791664,1822.2,1300.0,522.2,652.75,0.3966437853292656,8701.383333333333,9870.833333333334,0.0,37.38267504946703,37.69420731834162,37.69420731834162,297387.2721425369,341360.8134311086,365965.70725815604,3017.8684549464747,3461.9171444133763,3698.0195122849273,36100152.11872314,29899782.03574772,180335492.784883,182765156.38485706,190825396.17999622,1826055.5231213712,1850645.429328646,1931672.1455205712,75599.71236666669
69.01425108333333,93551.11781849444,4790.73926270139,1355.5333333333333,1300.0,55.53333333333334,69.41666666666667,0.29748283948639753,8812.633333333333,10098.75,0.0,37.38267504946703,37.69420731834162,37.69420731834162,301546.0947417901,349951.95151574723,352568.5577404288,3060.416963406401,3544.3555429999574,3569.4638377065835,36100152.11872314,29899782.03574772,180335492.784883,182765156.38485706,190825396.17999622,1826055.5231213712,1850645.429328646,1931672.1455205712,75599.71236666669
70.62971233333333,89351.29474915555,-3084.164105222222,1265.0666666666666,1300.0,-34.93333333333333,-43.666666666666664,0.19832189364352948,8887.599999999997,10196.33333333333,0.0,37.38267504946703,37.69420731834162,37.69420731834162,304348.54928133165,353630.27791322867,351984.2975269944,3089.088602515426,3579.651837239403,3563.857423762486,36100152.11872314,29899782.03574772,180335492.784883,182765156.38485706,190825396.17999622,1826055.5231213712,1850645.429328646,1931672.1455205712,75599.71236666669
65.42332983333333,-3436.9055939111113,-4296.131992388889,-52.53333333333334,0.0,-52.53333333333334,-65.66666666666667,0.19832189364352948,10032.283333333336,10045.41666666667,0.0,37.69420731834162,37.69420731834162,37.69420731834162,347446.5432026549,347941.5937921025,345466.3408448647,3520.314275463338,3525.064656310594,3501.312752074314,36100152.11872314,29899782.03574772,180335492.784883,182765156.38485706,190825396.17999622,1826055.5231213712,1850645.429328646,1931672.1455205712,75599.71236666669
67.88672599999998,20035.635733466665,25044.544666833328,295.1333333333334,0.0,295.1333333333334,368.9166666666667,0.19832189364352948,10098.616666666663,10024.83333333333,0.0,37.69420731834162,37.69420731834162,37.69420731834162,349946.925621438,347165.7213581331,361071.7426746579,3544.3073157832328,3517.619579728915,3651.0582600005037,36100152.11872314,29899782.03574772,180335492.784883,182765156.38485706,190825396.17999622,1826055.5231213712,1850645.429328646,1931672.1455205712,75599.71236666669
82.08942191666667,168994.7565857778,77848.13511763889,2058.666666666667,1300.0,758.6666666666667,948.3333333333334,0.09916094780066144,9185.499999999996,10295.83333333333,0.0,37.67408287333122,37.69420731834162,37.85179447916236,315537.9217883364,357380.8515414036,393223.29552724026,3203.1128800339206,3615.6413977192487,3976.1336618995924,36100152.11872314,29899782.03574772,180335492.784883,182765156.38485706,190825396.17999622,1826055.5231213712,1850645.429328646,1931672.1455205712,75599.71236666669
73.164346,112741.37956293333,22034.662203666667,1540.9333333333334,1300.0,240.93333333333337,301.1666666666667,1.9577933996206554e-09,8531.483333333334,9771.25,0.0,37.38267504946703,37.69420731834162,37.69420731834162,291035.9556516324,337607.0986189904,348959.33738969755,2952.8887552849783,3425.897441923078,3534.8306676970833,36100152.11872314,29899782.03574772,180335492.784883,182765156.38485706,190825396.17999622,1826055.5231213712,1850645.429328646,1931672.1455205712,75599.71236666669
45.481050833333335,-119812.24824527779,-57666.18236909723,-2634.3333333333335,-1620.0,-1014.3333333333335,-1267.9166666666667,0.11152174108822818,7001.916666666667,5639.5,4.0,36.8984215940507,36.75289233779517,36.52346033887948,234456.87602157367,184293.40102465946,137921.56916251843,2375.00421317486,1863.8933821175624,1392.8490276727703,36100152.11872314,29899782.03574772,180335492.784883,182765156.38485706,190825396.17999622,1826055.5231213712,1850645.429328646,1931672.1455205712,75599.71236666669
32.209007416666665,-127901.96845158332,-94654.22054572916,-3971.0,-1620.0,-2351.0,-2938.75,0.22304348021866297,4581.083333333333,3694.833333333333,146.0,36.52346033887948,36.05783602834195,28.48330343373304,145573.23410351368,113495.73394548177,16437.92300751847,1471.581123300754,1146.076238792432,167.68656851128483,36100152.11872314,29899782.03574772,180335492.784883,182765156.38485706,190825396.17999622,1826055.5231213712,1850645.429328646,1931672.1455205712,75599.71236666669
30.173968416666668,-132353.08346497224,-104339.06828746527,-4386.333333333334,-1620.0,-2766.3333333333335,-3457.9166666666665,0.3345652193490978,4081.1666666666674,3178.75,26.0,36.05783602834195,35.51660800667222,0.0,127426.07793109791,95090.8563743993,0.0,1286.5544065404933,965.9488621380859,0.0,36100152.11872314,29899782.03574772,180335492.784883,182765156.38485706,190825396.17999622,1826055.5231213712,1850645.429328646,1931672.1455205712,75599.71236666669
32.371385249999996,-177941.18853455,-156874.43053693746,-5496.866666666667,-1620.0,-3876.866666666667,-4846.083333333333,0.44608695847953256,3639.866666666667,2991.083333333333,2.0,36.05783602834195,35.51660800667222,0.0,111513.75489179058,88425.57293848047,0.0,1126.0893105252576,901.4694389521387,0.0,36100152.11872314,29899782.03574772,180335492.784883,182765156.38485706,190825396.17999622,1826055.5231213712,1850645.429328646,1931672.1455205712,75599.71236666669
21.462213750000004,-135221.96232475003,-125566.47006218751,-6300.466666666666,-1620.0,-4680.466666666666,-5850.583333333333,0.5576086976099673,3248.55,2872.666666666667,74.0,35.51660800667222,34.6926525275873,0.0,97569.91561326504,84259.09680816393,0.0,989.9310845450794,860.1471304230382,0.0,36100152.11872314,29899782.03574772,180335492.784883,182765156.38485706,190825396.17999622,1826055.5231213712,1850645.429328646,1931672.1455205712,75599.71236666669
12.707690583333331,-85194.0520294111,-80759.49160551387,-6704.133333333334,-1620.0,-5084.133333333334,-6355.166666666667,0.6691304367404021,2863.75,2863.75,348.96666666666715,34.6926525275873,34.6926525275873,0.0,83949.75398979294,83949.75398979294,0.0,856.973206842043,856.973206842043,0.0,36100152.11872314,29899782.03574772,180335492.784883,182765156.38485706,190825396.17999622,1826055.5231213712,1850645.429328646,1931672.1455205712,75599.71236666669
16.592664083333332,-106282.65051938333,-99253.16838047915,-6405.400000000001,-1620.0,-4785.400000000001,-5981.75,0.7806521758708369,3001.4833333333336,2863.833333333333,286.0,35.51660800667222,34.6926525275873,0.0,88794.94566174988,83952.64504417022,0.0,905.0427213738112,857.0028696792485,0.0,36100152.11872314,29899782.03574772,180335492.784883,182765156.38485706,190825396.17999622,1826055.5231213712,1850645.429328646,1931672.1455205712,75599.71236666669
27.347292999999997,-109219.61878339999,-81146.25515424999,-3993.8,-1620.0,-2373.8,-2967.25,0.8921739150012717,4843.966666666667,3991.416666666667,174.0,36.54519337464469,36.05783602834195,28.89990849804915,155179.2679180416,124189.88714755421,24150.862521988125,1569.110007549494,1253.9195949217137,245.4326579016456,36100152.11872314,29899782.03574772,180335492.784883,182765156.38485706,190825396.17999622,1826055.5231213712,1850645.429328646,1931672.1455205712,75599.71236666669
60.77593758333333,-32392.51520473812,78502.25271180556,-532.9825666666666,-1566.3159,1033.3333333333335,1291.6666666666667,1.0000000095664892,8153.0659000000005,6328.416666666667,0.0,36.91444713464553,36.81294353290304,36.91444713464553,276945.80486429547,209632.08830847708,257271.0480833911,2808.766188090476,2122.3034050437263,2606.8987968017154,36100152.11872314,29899782.03574772,180335492.784883,182765156.38485706,190825396.17999622,1826055.5231213712,1850645.429328646,1931672.1455205712,75599.71236666669
66.00169941666667,223389.35184565003,279236.6898070625,3384.6000000000004,0.0,3384.6000000000004,4230.75,1.0000000095664892,8575.733333333334,7729.583333333333,0.0,37.38267504946703,36.91444713464553,38.10229658768639,292690.1390225713,261313.18004463476,420494.94770342775,2969.812544043196,2648.3719719645787,4251.44863884569,36100152.11872314,29899782.03574772,180335492.784883,182765156.38485706,190825396.17999622,1826055.5231213712,1850645.429328646,1931672.1455205712,75599.71236666669
64.62188533333334,234435.2756122667,293044.09451533336,3627.8,0.0,3627.8,4534.75,1.0000000095664892,9328.116666666665,8421.166666666666,0.0,37.67408287333122,37.38267504946703,38.21983657836123,320910.8739074548,286912.023549092,458537.45085126674,3257.7680337825536,2910.697208094528,4638.152984674676,36100152.11872314,29899782.03574772,180335492.784883,182765156.38485706,190825396.17999622,1826055.5231213712,1850645.429328646,1931672.1455205712,75599.71236666669
67.14954025000002,201663.49927880007,252079.37409850006,3003.2000000000003,0.0,3003.2000000000003,3754.0,1.0000000095664892,9317.466666666665,8566.666666666666,0.0,37.67408287333122,37.38267504946703,38.21983657836123,320509.6449248538,292351.2027687895,434258.2996648628,3253.686621693577,2966.3449202825664,4391.178830521726,36100152.11872314,29899782.03574772,180335492.784883,182765156.38485706,190825396.17999622,1826055.5231213712,1850645.429328646,1931672.1455205712,75599.71236666669
68.85601266666667,156973.34727662223,196216.68409577777,2279.733333333333,0.0,2279.733333333333,2849.6666666666665,1.0000000095664892,9244.349999999999,8674.416666666666,0.0,37.67408287333122,37.38267504946703,38.10229658768639,317755.04156543204,296379.1860053695,403872.8208170496,3225.6660350983625,3007.554823981956,4083.825508616678,36100152.11872314,29899782.03574772,180335492.784883,182765156.38485706,190825396.17999622,1826055.5231213712,1850645.429328646,1931672.1455205712,75599.71236666669
69.79126216666667,214282.43860572221,154442.24723631944,3070.333333333333,1300.0,1770.3333333333333,2212.9166666666665,0.9008390637236211,7851.083333333334,8708.5,0.0,36.91444713464553,37.38267504946703,37.85179447916236,265798.28537149425,297653.31217997224,381006.6288590907,2694.3901526247428,3020.5902846262334,3850.1909608426877,36100152.11872314,29899782.03574772,180335492.784883,182765156.38485706,190825396.17999622,1826055.5231213712,1850645.429328646,1931672.1455205712,75599.71236666669
72.07920266666666,170227.05029777775,95655.10853888888,2361.666666666667,1300.0,1061.6666666666667,1327.0833333333333,0.801678117880753,7839.25,8873.833333333334,0.0,36.91444713464553,37.38267504946703,37.69420731834162,265361.4644137342,303833.9144548175,353803.04303010454,2689.908272203794,3083.823423790648,3581.309647814272,36100152.11872314,29899782.03574772,180335492.784883,182765156.38485706,190825396.17999622,1826055.5231213712,1850645.429328646,1931672.1455205712,75599.71236666669
67.51308433333334,129571.11145253334,52255.127274000006,1919.2,1300.0,619.2,774.0,0.702517172037885,7618.716666666666,8763.916666666666,0.0,36.91444713464553,37.38267504946703,37.67408287333122,257220.5983389737,299724.93542229687,328814.8964942797,2606.381171175634,3041.784860001402,3338.16993577949,36100152.11872314,29899782.03574772,180335492.784883,182765156.38485706,190825396.17999622,1826055.5231213712,1850645.429328646,1931672.1455205712,75599.71236666669
74.35617616666666,132304.42279255553,44551.7422198611,1779.3333333333333,1300.0,479.3333333333333,599.1666666666666,0.6033562261950169,7859.75,9039.916666666666,0.0,36.91444713464553,37.67408287333122,37.67408287333122,266118.2105799945,310053.20322336076,332626.25787829835,2697.6726565950153,3147.3208071118347,3376.940157031587,36100152.11872314,29899782.03574772,180335492.784883,182765156.38485706,190825396.17999622,1826055.5231213712,1850645.429328646,1931672.1455205712,75599.71236666669
75.35146966666666,124706.68229833333,33437.21466458333,1655.0,1300.0,355.0,443.75,0.5041952803521489,7956.083333333334,9167.333333333334,0.0,36.91444713464553,37.67408287333122,37.67408287333122,269674.302320632,314853.5092828044,331571.38355784514,2734.158950726119,3196.150846893101,3366.2096839338083,36100152.11872314,29899782.03574772,180335492.784883,182765156.38485706,190825396.17999622,1826055.5231213712,1850645.429328646,1931672.1455205712,75599.71236666669
76.85538666666666,95362.16377599999,-5687.2986133333325,1240.8,1300.0,-59.2,-74.0,0.40503433450928084,7909.033333333334,9223.833333333334,0.0,36.91444713464553,37.67408287333122,37.67408287333122,267937.47758294694,316982.0949651476,314194.2128325211,2716.3387416721216,3217.8034086796924,3189.4443012069887,36100152.11872314,29899782.03574772,180335492.784883,182765156.38485706,190825396.17999622,1826055.5231213712,1850645.429328646,1931672.1455205712,75599.71236666669
75.941411,91777.72657386668,-8682.634657666667,1208.5333333333333,1300.0,-91.46666666666667,-114.33333333333333,0.3058733886664128,7905.299999999999,9228.166666666666,0.0,36.91444713464553,37.67408287333122,37.67408287333122,267799.6636469775,317145.3493242653,312837.9458490811,2714.92473996185,3219.4640771353006,3175.6479786526993,36100152.11872314,29899782.03574772,180335492.784883,182765156.38485706,190825396.17999622,1826055.5231213712,1850645.429328646,1931672.1455205712,75599.71236666669
67.92259625,25566.065228500003,31957.581535625,376.40000000000003,0.0,376.40000000000003,470.5,0.3058733886664128,9014.35,8920.25,0.0,37.67408287333122,37.38267504946703,37.67408287333122,309090.0025045659,305569.09362169687,323270.5272980878,3137.522863223743,3101.575872638722,3281.771080152469,36100152.11872314,29899782.03574772,180335492.784883,182765156.38485706,190825396.17999622,1826055.5231213712,1850645.429328646,1931672.1455205712,75599.71236666669
69.46582891666667,91009.49799135556,113761.87248919444,1310.1333333333334,0.0,1310.1333333333334,1637.6666666666667,0.3058733886664128,9253.033333333333,8925.5,0.0,37.67408287333122,37.38267504946703,37.69420731834162,318082.17818504886,305765.3526657066,367457.7696311737,3228.993759195948,3103.583779779528,3712.3369672496897,36100152.11872314,29899782.03574772,180335492.784883,182765156.38485706,190825396.17999622,1826055.5231213712,1850645.429328646,1931672.1455205712,75599.71236666669
76.70053516666667,290204.14485660003,238116.81142491667,3783.6000000000004,1300.0,2483.6000000000004,3104.5,0.20671244282354473,8503.983333333334,9183.083333333334,0.0,37.38267504946703,37.67408287333122,38.21983657836123,290007.93208777206,315446.8760880594,432993.86007139535,2942.3711464521875,3202.1867380106023,4378.3166057809785,36100152.11872314,29899782.03574772,180335492.784883,182765156.38485706,190825396.17999622,1826055.5231213712,1850645.429328646,1931672.1455205712,75599.71236666669
75.81031716666665,207396.8116834222,136054.2492084444,2735.7333333333336,1300.0,1435.7333333333336,1794.6666666666667,0.10755149698067669,8010.599999999999,8951.666666666666,0.0,36.91444713464553,37.38267504946703,37.85179447916236,271686.7549302557,306743.5326628343,374379.4105090307,2754.8071632006586,3113.5914439416374,3781.8703786272067,36100152.11872314,29899782.03574772,180335492.784883,182765156.38485706,190825396.17999622,1826055.5231213712,1850645.429328646,1931672.1455205712,75599.71236666669
54.37859950000001,-149831.16782233334,-77172.29579041668,-2755.3333333333335,-1620.0,-1135.3333333333335,-1419.1666666666667,0.21907323611111146,6975.416666666667,5824.25,185.0,36.8984215940507,36.75289233779517,36.52346033887948,233479.06784933133,191083.4978840671,139145.1050838709,2365.1532284792365,1932.4997131812881,1405.4386467827342,36100152.11872314,29899782.03574772,180335492.784883,182765156.38485706,190825396.17999622,1826055.5231213712,1850645.429328646,1931672.1455205712,75599.71236666669
43.29122066666667,-192928.7679416889,-153496.2380771111,-4456.533333333333,-1620.0,-2836.5333333333333,-3545.6666666666665,0.33059497524154624,4254.699999999999,3524.833333333333,181.0,36.05783602834195,35.51660800667222,0.0,133683.3144098828,107382.56246204177,0.0,1349.6544359879824,1084.8578516990265,0.0,36100152.11872314,29899782.03574772,180335492.784883,182765156.38485706,190825396.17999622,1826055.5231213712,1850645.429328646,1931672.1455205712,75599.71236666669
36.310069999999996,-165869.24110266665,-133808.65962833332,-4568.133333333333,-1620.0,-2948.133333333333,-3685.1666666666665,0.442116714371981,2977.3833333333337,2219.416666666667,125.0,35.51660800667222,34.40678741940975,0.0,87938.9954087891,61766.635317126966,0.0,896.762326531282,628.3668586691335,0.0,36100152.11872314,29899782.03574772,180335492.784883,182765156.38485706,190825396.17999622,1826055.5231213712,1850645.429328646,1931672.1455205712,75599.71236666669
41.35358658333333,-215380.50654908887,-185484.62035511108,-5208.266666666666,-1620.0,-3588.2666666666664,-4485.333333333333,0.5536384535024158,2698.0166666666664,2135.083333333333,160.0,34.40678741940975,34.40587607572514,0.0,78233.72377605646,58864.998538304986,0.0,798.1273287429765,598.456202014966,0.0,36100152.11872314,29899782.03574772,180335492.784883,182765156.38485706,190825396.17999622,1826055.5231213712,1850645.429328646,1931672.1455205712,75599.71236666669
31.184816833333333,-192666.0353597,-177683.290112125,-6178.2,-1620.0,-4558.2,-5697.75,0.6651601926328505,2407.116666666667,2098.666666666667,172.0,34.40678741940975,34.13948634071171,0.0,68224.78931575017,57620.77104187347,0.0,694.944460492912,585.9060722211258,0.0,36100152.11872314,29899782.03574772,180335492.784883,182765156.38485706,190825396.17999622,1826055.5231213712,1850645.429328646,1931672.1455205712,75599.71236666669
4.8855250833333335,-32088.454449005556,-30217.379767506944,-6568.066666666667,-1620.0,-4948.066666666667,-6185.083333333333,0.7766819317632854,2223.8166666666666,2145.833333333333,305.0,34.40678741940975,34.40678741940975,0.0,61918.025181772355,59234.869209515375,0.0,629.9275483229673,602.2666888900548,0.0,36100152.11872314,29899782.03574772,180335492.784883,182765156.38485706,190825396.17999622,1826055.5231213712,1850645.429328646,1931672.1455205712,75599.71236666669
2.1105069999999997,-13330.243612933333,-12389.027841166666,-6316.133333333334,-1620.0,-4696.133333333334,-5870.166666666667,0.8882036708937202,2461.583333333333,2461.583333333333,445.96666666666715,34.40678741940975,34.40678741940975,0.0,70098.812337194,70098.812337194,0.0,714.2639066623407,714.2639066623407,0.0,36100152.11872314,29899782.03574772,180335492.784883,182765156.38485706,190825396.17999622,1826055.5231213712,1850645.429328646,1931672.1455205712,75599.71236666669
26.659203,-97460.71432740001,-67841.00683425,-3655.8,-1620.0,-2035.8000000000002,-2544.75,0.999725410024155,4181.8,3282.75,212.0,36.05783602834195,35.51660800667222,27.72162838440518,131054.6981634167,98784.58360709321,15929.113169610646,1323.1466057149019,1001.6816863548097,162.61144134040615,36100152.11872314,29899782.03574772,180335492.784883,182765156.38485706,190825396.17999622,1826055.5231213712,1850645.429328646,1931672.1455205712,75599.71236666669
71.83360641666665,131479.4442779722,164349.30534746524,1830.3333333333333,0.0,1830.3333333333333,2287.9166666666665,0.999725410024155,6255.25,5797.666666666667,0.0,36.81294353290304,36.75289233779517,36.91444713464553,206938.60793998634,190106.4834960874,274454.7232245686,2094.536104895091,1922.6280760097375,2783.2071350511496,36100152.11872314,29899782.03574772,180335492.784883,182765156.38485706,190825396.17999622,1826055.5231213712,1850645.429328646,1931672.1455205712,75599.71236666669
86.58260366666667,480856.69207035564,460374.13412961113,5553.733333333334,1300.0,4253.733333333334,5317.166666666667,0.900564464181287,7375.266666666666,7611.833333333333,0.0,36.91444713464553,36.91444713464553,38.21983657836123,248233.77618404428,256966.50389453024,457508.70025003253,2514.1743721491575,2603.7741055223214,4627.688252706763,36100152.11872314,29899782.03574772,180335492.784883,182765156.38485706,190825396.17999622,1826055.5231213712,1850645.429328646,1931672.1455205712,75599.71236666669
82.47297733333332,424136.5296313777,396152.0738725555,5142.733333333334,1300.0,3842.7333333333336,4803.416666666667,0.8014035183384189,8126.349999999999,8465.666666666666,0.0,36.91444713464553,37.38267504946703,39.81518965358454,275959.60218609095,288575.5525887933,470847.6036607575,2798.6475287266994,2927.7166114784986,4762.253674755498,36100152.11872314,29899782.03574772,180335492.784883,182765156.38485706,190825396.17999622,1826055.5231213712,1850645.429328646,1931672.1455205712,75599.71236666669
84.30711491666668,383001.6025920889,341752.9415005278,4542.933333333333,1300.0,3242.9333333333334,4053.6666666666665,0.7022425724955509,8865.983333333334,9355.25,0.0,37.38267504946703,37.67408287333122,39.81518965358454,303540.46045567916,321933.09735608456,476415.0943473171,3080.8211245420152,3268.166373189212,4818.126055961586,36100152.11872314,29899782.03574772,180335492.784883,182765156.38485706,190825396.17999622,1826055.5231213712,1850645.429328646,1931672.1455205712,75599.71236666669
86.73650299999998,336069.2545238,279139.75077974994,3874.6000000000004,1300.0,2574.6000000000004,3218.25,0.6030816266526828,9088.4,9744.75,0.0,37.67408287333122,37.69420731834162,38.21983657836123,311879.7683413361,336608.2021250543,458808.17469369684,3165.90113225555,3416.3122825993,4640.906861508338,36100152.11872314,29899782.03574772,180335492.784883,182765156.38485706,190825396.17999622,1826055.5231213712,1850645.429328646,1931672.1455205712,75599.71236666669
82.35343416666667,266649.43937377783,199487.4686963889,3237.866666666667,1300.0,1937.8666666666668,2422.3333333333335,0.5039206808098148,9402.133333333337,10217.66666666667,0.0,37.67408287333122,37.69420731834162,38.21983657836123,323699.3839414627,354434.42100268684,446463.1674788863,3286.1335284416273,3587.3681919151513,4515.33007789338,36100152.11872314,29899782.03574772,180335492.784883,182765156.38485706,190825396.17999622,1826055.5231213712,1850645.429328646,1931672.1455205712,75599.71236666669
78.132428,185627.0224424,105068.582553,2375.8,1300.0,1075.8,1344.75,0.4047597349669467,9243.116666666669,10274.16666666667,0.0,37.67408287333122,37.69420731834162,38.10229658768639,317708.5768632217,356564.14371617313,407486.1886101153,3225.193383307152,3607.8044750016966,4120.263927375155,36100152.11872314,29899782.03574772,180335492.784883,182765156.38485706,190825396.17999622,1826055.5231213712,1850645.429328646,1931672.1455205712,75599.71236666669
73.10194883333332,19011.38015992222,23764.225199902772,260.06666666666666,0.0,260.06666666666666,325.0833333333333,0.4047597349669467,10659.183333333336,10594.16666666667,0.0,37.85179447916236,37.69420731834162,37.85179447916236,371080.6266201718,368626.29005804245,380924.61663771933,3747.8629227105257,3723.549795137884,3849.3454895730074,36100152.11872314,29899782.03574772,180335492.784883,182765156.38485706,190825396.17999622,1826055.5231213712,1850645.429328646,1931672.1455205712,75599.71236666669
80.72653641666666,105590.309633,807.2653641666666,1308.0,1300.0,8.0,10.0,0.3055987891240787,9535.25,10833.25,0.0,37.67408287333122,37.85179447916236,37.85179447916236,328714.4322732842,377669.36231251125,378047.88025730284,3337.1479859606543,3815.78678379177,3819.6889588826116,36100152.11872314,29899782.03574772,180335492.784883,182765156.38485706,190825396.17999622,1826055.5231213712,1850645.429328646,1931672.1455205712,75599.71236666669
72.86345583333333,-22966.56127866667,-28708.201598333333,-315.20000000000005,0.0,-315.20000000000005,-394.0,0.3055987891240787,11006.2,11085.0,0.0,37.85179447916236,37.85179447916236,37.85179447916236,384215.8301676824,387198.55157264037,372284.9445478504,3883.274901987872,3914.0240417037016,3760.2783431245516,36100152.11872314,29899782.03574772,180335492.784883,182765156.38485706,190825396.17999622,1826055.5231213712,1850645.429328646,1931672.1455205712,75599.71236666669
74.94337883333334,-47269.27964847323,-69054.07831334723,-630.7332333333334,106.4001,-737.1333333333333,-921.4166666666666,0.2974828394673281,10792.649899999997,11083.33333333333,0.0,37.85179447916236,37.85179447916236,37.69420731834162,376132.57567147765,387135.4652485083,352332.9689446891,3799.943913901202,3913.37367918856,3567.2031869226726,36100152.11872314,29899782.03574772,180335492.784883,182765156.38485706,190825396.17999622,1826055.5231213712,1850645.429328646,1931672.1455205712,75599.71236666669
75.83286174999999,-36157.1084824,-45196.385602999995,-476.8,0.0,-476.8,-596.0,0.2974828394673281,10959.8,11079.0,0.0,37.85179447916236,37.85179447916236,37.69420731834162,382459.5069038492,386971.4408057654,364435.95067782,3865.168809566367,3911.6827366491966,3683.340353194739,36100152.11872314,29899782.03574772,180335492.784883,182765156.38485706,190825396.17999622,1826055.5231213712,1850645.429328646,1931672.1455205712,75599.71236666669
73.02638500000002,-4527.635870000001,-5659.544837500001,-62.0,0.0,-62.0,-77.5,0.2974828394673281,11063.08333333333,11078.58333333333,0.0,37.85179447916236,37.85179447916236,37.85179447916236,386368.9664103053,386955.66922473226,384022.1551525972,3905.4717746296064,3911.5201460204103,3881.27828906639,36100152.11872314,29899782.03574772,180335492.784883,182765156.38485706,190825396.17999622,1826055.5231213712,1850645.429328646,1931672.1455205712,75599.71236666669
78.18445908333334,148508.77388015558,58586.22133977778,1899.4666666666667,1300.0,599.4666666666667,749.3333333333334,0.19832189362446007,10092.783333333336,11242.91666666667,0.0,37.69420731834162,37.85179447916236,38.10229658768639,349727.0427454146,393175.9807841415,421711.0460028516,3542.197375051586,3975.6458900132393,4263.712183999028,36100152.11872314,29899782.03574772,180335492.784883,182765156.38485706,190825396.17999622,1826055.5231213712,1850645.429328646,1931672.1455205712,75599.71236666669
82.79991166666666,311035.10817877774,254244.02876513888,3756.4666666666667,1300.0,2456.4666666666667,3070.5833333333335,0.09916094778159203,10675.116666666667,11361.0,0.0,37.85179447916236,38.10229658768639,40.29294351772499,371683.731878873,397658.97128187446,517425.53742434253,3754.0803883552653,4021.1629554441515,5235.338118108375,36100152.11872314,29899782.03574772,180335492.784883,182765156.38485706,190825396.17999622,1826055.5231213712,1850645.429328646,1931672.1455205712,75599.71236666669
81.89892525,235945.34371690004,161845.926114875,2880.9333333333334,1300.0,1580.9333333333334,1976.1666666666667,1.9387239869050887e-09,10388.066666666664,11292.83333333333,0.0,37.69420731834162,37.85179447916236,39.81518965358454,360857.513929732,395065.4161918928,470844.28572828625,3649.0025748876687,3995.124247341687,4762.220377746435,36100152.11872314,29899782.03574772,180335492.784883,182765156.38485706,190825396.17999622,1826055.5231213712,1850645.429328646,1931672.1455205712,75599.71236666669
47.279380749999994,-139868.16805208335,-79094.46404635416,-2958.3333333333335,-1620.0,-1338.3333333333335,-1672.9166666666667,0.11152174106915877,9365.416666666666,8195.0,115.0,37.67408287333122,36.91444713464553,36.81294353290304,322316.11719863006,278493.77898188436,216761.5283726826,3272.062556873525,2824.648747675837,2195.8013612458085,36100152.11872314,29899782.03574772,180335492.784883,182765156.38485706,190825396.17999622,1826055.5231213712,1850645.429328646,1931672.1455205712,75599.71236666669
33.86243475,-166280.35709205,-139279.0159963125,-4910.466666666667,-1620.0,-3290.4666666666667,-4113.083333333333,0.22304348019959355,6880.550000000001,6180.166666666667,97.0,36.8984215940507,36.81294353290304,34.13948634071171,229978.6375874424,204174.56942972422,56542.532264946,2329.8879423864755,2066.041415334817,575.0538272876295,36100152.11872314,29899782.03574772,180335492.784883,182765156.38485706,190825396.17999622,1826055.5231213712,1850645.429328646,1931672.1455205712,75599.71236666669
24.810123833333336,-156618.04171855559,-145532.05138569445,-6312.666666666667,-1620.0,-4692.666666666667,-5865.833333333333,0.33456521933002836,5903.666666666667,5492.833333333333,36.0,36.75289233779517,36.75289233779517,0.0,194002.2900838937,178902.97681511616,0.0,1961.9908424116584,1809.4291770331433,0.0,36100152.11872314,29899782.03574772,180335492.784883,182765156.38485706,190825396.17999622,1826055.5231213712,1850645.429328646,1931672.1455205712,75599.71236666669
23.70224125,-149227.73076058333,-138537.6249194792,-6295.933333333333,-1620.0,-4675.933333333333,-5844.916666666667,0.44608695846046315,5318.849999999999,5022.833333333333,155.0,36.54519337464469,36.54519337464469,0.0,172533.97116510407,161715.984839653,0.0,1744.79894915042,1635.2839352251033,0.0,36100152.11872314,29899782.03574772,180335492.784883,182765156.38485706,190825396.17999622,1826055.5231213712,1850645.429328646,1931672.1455205712,75599.71236666669
26.888511083333338,-172868.0303221556,-161635.80295894446,-6429.066666666667,-1620.0,-4809.066666666667,-6011.333333333333,0.5576086975908979,4965.833333333333,4965.833333333333,417.7333333333336,36.54519337464469,36.54519337464469,0.0,159632.90881729827,159632.90881729827,0.0,1614.1960827604569,1614.1960827604569,0.0,36100152.11872314,29899782.03574772,180335492.784883,182765156.38485706,190825396.17999622,1826055.5231213712,1850645.429328646,1931672.1455205712,75599.71236666669
12.331241250000003,-76583.58482450002,-70758.71749937502,-6210.533333333334,-1620.0,-4590.533333333334,-5738.166666666667,0.6691304367213327,4931.416666666667,4931.416666666667,472.3666666666668,36.54519337464469,36.54519337464469,0.0,158375.14507865426,158375.14507865426,0.0,1601.4632127781488,1601.4632127781488,0.0,36100152.11872314,29899782.03574772,180335492.784883,182765156.38485706,190825396.17999622,1826055.5231213712,1850645.429328646,1931672.1455205712,75599.71236666669
-1.0894539166666666,5882.179586866667,5146.580302333333,-5399.200000000001,-1620.0,-3779.2000000000003,-4724.0,0.7806521758517675,4968.333333333333,4968.333333333333,675.2000000000007,36.54519337464469,36.54519337464469,22.1447587705548,159724.27180073486,159724.27180073486,4113.963534335676,1615.1209885703097,1615.1209885703097,42.032176831363316,36100152.11872314,29899782.03574772,180335492.784883,182765156.38485706,190825396.17999622,1826055.5231213712,1850645.429328646,1931672.1455205712,75599.71236666669
21.857494000000003,-60011.93552640001,-30753.494058000004,-2745.6000000000004,-1620.0,-1125.6000000000001,-1407.0,0.8921739149822023,5993.433333333333,5591.833333333333,937.0,36.75289233779517,36.75289233779517,36.05783602834195,197301.4747194164,182541.51315655786,131164.07359936932,1995.3254115690086,1846.1925154651262,1324.2495835634843,36100152.11872314,29899782.03574772,180335492.784883,182765156.38485706,190825396.17999622,1826055.5231213712,1850645.429328646,1931672.1455205712,75599.71236666669
66.27772925000001,219803.46128470002,167053.016574625,3316.4,1300.0,2016.4,2520.5,0.7930129691393343,7131.6,7927.5,0.0,36.8984215940507,36.91444713464553,37.69420731834162,239241.98632862882,268619.1643733667,363116.65342167806,2423.2120823048276,2723.3330001318554,3670.680708804843,36100152.11872314,29899782.03574772,180335492.784883,182765156.38485706,190825396.17999622,1826055.5231213712,1850645.429328646,1931672.1455205712,75599.71236666669
78.05894075,468978.116026,459376.86631375004,6008.0,1300.0,4708.0,5885.0,0.6938520232964662,9271.666666666666,9394.666666666666,0.0,37.67408287333122,37.67408287333122,40.92615399131757,318784.17192925524,323418.084122675,551983.0932238045,3236.1346335550656,3283.272068948884,5586.536508000087,36100152.11872314,29899782.03574772,180335492.784883,182765156.38485706,190825396.17999622,1826055.5231213712,1850645.429328646,1931672.1455205712,75599.71236666669
78.28951141666666,498197.91555033886,495526.9383858402,6363.533333333334,1300.0,5063.533333333334,6329.416666666667,0.5946910774535982,10193.050000000003,10227.16666666667,0.0,37.69420731834162,37.69420731834162,45.34197507190797,353506.515265867,354792.5159722111,606181.2640073004,3578.4642420275914,3590.804381106694,6136.834732453157,36100152.11872314,29899782.03574772,180335492.784883,182765156.38485706,190825396.17999622,1826055.5231213712,1850645.429328646,1931672.1455205712,75599.71236666669
71.29461775,382700.0021329667,362521.2488224583,5367.866666666667,1300.0,4067.866666666667,5084.833333333333,0.4955301316107301,10473.716666666667,10756.75,0.0,37.69420731834162,37.85179447916236,41.5298700120919,364086.02278654807,374773.7000348553,575306.2414032882,3679.9825332303712,3785.9351443468336,5820.514321949309,36100152.11872314,29899782.03574772,180335492.784883,182765156.38485706,190825396.17999622,1826055.5231213712,1850645.429328646,1931672.1455205712,75599.71236666669
73.45580691666666,329841.0583248055,292935.6366664236,4490.333333333334,1300.0,3190.3333333333335,3987.9166666666665,0.39636918576786206,10355.083333333332,10857.5,0.0,37.69420731834162,37.85179447916236,40.92615399131757,359614.23332501546,378587.26832863095,534210.9108530749,3637.0723671507153,3825.2495583870605,5405.752959482382,36100152.11872314,29899782.03574772,180335492.784883,182765156.38485706,190825396.17999622,1826055.5231213712,1850645.429328646,1931672.1455205712,75599.71236666669
72.91012741666667,255389.5943151,200758.03584179166,3502.8,1300.0,2202.8,2753.5,0.297208239924994,10063.28333333333,10812.58333333333,0.0,37.69420731834162,37.85179447916236,39.81518965358454,348615.06362952327,376887.0918932751,482672.71498787205,3531.5271033515287,3807.72228860403,4880.924215052575,36100152.11872314,29899782.03574772,180335492.784883,182765156.38485706,190825396.17999622,1826055.5231213712,1850645.429328646,1931672.1455205712,75599.71236666669
70.59939716666666,196854.65243305557,131344.2951454861,2788.3333333333335,1300.0,1488.3333333333335,1860.4166666666667,0.19804729408212596,9476.083333333334,10404.0,0.0,37.67408287333122,37.69420731834162,38.21983657836123,326485.3823699454,361458.10829967103,432108.43385732995,3314.4734743552267,3654.7657272861175,4369.309808607357,36100152.11872314,29899782.03574772,180335492.784883,182765156.38485706,190825396.17999622,1826055.5231213712,1850645.429328646,1931672.1455205712,75599.71236666669
68.22848033333334,121037.32411133335,40425.374597500006,1774.0,1300.0,474.0,592.5,0.09888634823925792,9242.5,10424.0,0.0,37.67408287333122,37.69420731834162,37.85179447916236,317685.34451211646,362211.9924460378,384605.70365081774,3224.9570574115455,3661.999809794629,3887.2941423314383,36100152.11872314,29899782.03574772,180335492.784883,182765156.38485706,190825396.17999622,1826055.5231213712,1850645.429328646,1931672.1455205712,75599.71236666669
65.99722874999999,5570.1661065,6962.707633124999,84.4,0.0,84.4,105.5,0.09888634823925792,11233.6,11212.5,0.0,37.85179447916236,37.85179447916236,38.08692246057826,392823.3282322439,392024.65536873357,396020.6186509853,3972.0103635536043,3963.7767741119287,4004.6423724375086,36100152.11872314,29899782.03574772,180335492.784883,182765156.38485706,190825396.17999622,1826055.5231213712,1850645.429328646,1931672.1455205712,75599.71236666669
61.01034833333333,-112137.02023666666,-16625.31992083333,-1838.0,-1620.0,-218.0,-272.5,0.2104080873696927,12952.91666666667,11387.41666666667,0.0,38.21983657836123,38.10229658768639,37.85179447916236,458422.7913415318,398665.50695006596,388330.9510908087,4636.986636839245,4031.3132003882974,3925.6980488504696,36100152.11872314,29899782.03574772,180335492.784883,182765156.38485706,190825396.17999622,1826055.5231213712,1850645.429328646,1931672.1455205712,75599.71236666669
65.044988,-15545.752132000001,-19432.190165,-239.0,0.0,-239.0,-298.75,0.2104080873696927,11324.08333333333,11383.83333333333,0.0,38.10229658768639,38.10229658768639,37.85179447916236,396252.3614995122,398528.9737206265,387201.70588884683,4006.9782282824594,4029.9363532823068,3914.0565598294575,36100152.11872314,29899782.03574772,180335492.784883,182765156.38485706,190825396.17999622,1826055.5231213712,1850645.429328646,1931672.1455205712,75599.71236666669
64.90555208333333,-18627.893447916667,-23284.866809895833,-287.0,0.0,-287.0,-358.75,0.2104080873696927,11521.41666666667,11593.16666666667,0.0,38.10229658768639,38.10229658768639,37.85179447916236,403771.2146928159,406505.0544729824,392854.24053106864,4082.8008782122233,4110.369840032124,3972.3290411860244,36100152.11872314,29899782.03574772,180335492.784883,182765156.38485706,190825396.17999622,1826055.5231213712,1850645.429328646,1931672.1455205712,75599.71236666669
63.219369916666665,-92751.79071096583,-15983.96402726389,-1467.1419666666666,-1264.8753,-202.26666666666668,-252.83333333333334,0.2974828362827362,12875.308633333334,11661.0,0.0,38.21983657836123,38.10229658768639,38.10229658768639,455456.6249903637,409089.66025818035,399456.1296042603,4606.8139829423935,4136.433875945478,4039.286105722971,36100152.11872314,29899782.03574772,180335492.784883,182765156.38485706,190825396.17999622,1826055.5231213712,1850645.429328646,1931672.1455205712,75599.71236666669
80.97932316666667,166471.8939444889,76498.46728477778,2055.7333333333336,1300.0,755.7333333333333,944.6666666666666,0.19832189043986814,10673.350000000002,11784.41666666667,0.0,37.85179447916236,38.10229658768639,38.21983657836123,371616.86037529324,413792.11869537743,449867.91792074195,3753.3910040892174,4183.8550518517195,4549.9641288955445,36100152.11872314,29899782.03574772,180335492.784883,182765156.38485706,190825396.17999622,1826055.5231213712,1850645.429328646,1931672.1455205712,75599.71236666669
345.64843933333333,1129786.4888049334,850554.3970895,3268.6000000000004,1300.0,1968.6000000000001,2460.75,0.0991609445970001,12168.65,12976.5,0.0,38.21983657836123,38.21983657836123,41.5298700120919,428448.24750767555,459324.1424875047,558514.3306283992,4332.077393816255,4646.155426767787,5652.164555198,36100152.11872314,29899782.03574772,180335492.784883,182765156.38485706,190825396.17999622,1826055.5231213712,1850645.429328646,1931672.1455205712,75599.71236666669
273.8391613333333,730511.6027168889,468150.8662294444,2667.666666666667,1300.0,1367.6666666666667,1709.5833333333333,-1.2458679365945358e-09,12687.166666666666,13645.25,0.0,38.21983657836123,39.81518965358454,41.5298700120919,448265.8697708322,485824.7508354476,555091.5771749027,4533.667657750465,4912.556373661506,5617.8492379438685,36100152.11872314,29899782.03574772,180335492.784883,182765156.38485706,190825396.17999622,1826055.5231213712,1850645.429328646,1931672.1455205712,75599.71236666669
56.099552666666675,-66668.70838906668,-83335.88548633334,-1188.4,0.0,-1188.4,-1485.5,-1.2458679365945358e-09,10574.81666666667,10871.91666666667,0.0,37.69420731834162,37.85179447916236,37.67408287333122,367896.9071464325,379132.9650323723,323107.2729389701,3716.550820310899,3830.8751941430246,3280.1104116968613,36100152.11872314,29899782.03574772,180335492.784883,182765156.38485706,190825396.17999622,1826055.5231213712,1850645.429328646,1931672.1455205712,75599.71236666669
44.035767666666665,-154503.89443526667,-103957.43851908333,-3508.6000000000004,-1620.0,-1888.6000000000001,-2360.75,0.11152173788456685,8580.516666666666,7601.666666666667,169.0,37.38267504946703,36.91444713464553,36.54519337464469,292868.9528182246,256591.20701532805,169685.8824281068,2971.641970549263,2599.9234758648868,1715.966552037939,36100152.11872314,29899782.03574772,180335492.784883,182765156.38485706,190825396.17999622,1826055.5231213712,1850645.429328646,1931672.1455205712,75599.71236666669
37.10464216666666,-162916.58918258885,-128508.83609073608,-4390.733333333334,-1620.0,-2770.7333333333336,-3463.4166666666665,0.22304347701500163,6594.8166666666675,5751.5,84.0,36.81294353290304,36.75289233779517,34.40678741940975,219439.05646564247,188409.7249664925,64129.23471992643,2223.404208136161,1905.4842296365734,652.7230759941173,36100152.11872314,29899782.03574772,180335492.784883,182765156.38485706,190825396.17999622,1826055.5231213712,1850645.429328646,1931672.1455205712,75599.71236666669
33.78081875,-181583.1610541667,-158572.79334895834,-5375.333333333334,-1620.0,-3755.333333333334,-4694.166666666667,0.33456521614543644,5444.75,4767.583333333333,4.0,36.60593305519212,36.54519337464469,16.53312931793944,177136.97296002702,152387.82423077495,563.4790094759987,1791.5390419287971,1540.851052039121,5.627423741260154,36100152.11872314,29899782.03574772,180335492.784883,182765156.38485706,190825396.17999622,1826055.5231213712,1850645.429328646,1931672.1455205712,75599.71236666669
16.305642666666667,-111838.22896497778,-106778.85980622222,-6858.866666666667,-1620.0,-5238.866666666667,-6548.583333333333,0.4460869552758712,4646.033333333334,4340.75,5.0,36.54519337464469,36.52346033887948,0.0,147945.75597608692,136795.42913540298,0.0,1495.8821315640728,1381.2615672979277,0.0,36100152.11872314,29899782.03574772,180335492.784883,182765156.38485706,190825396.17999622,1826055.5231213712,1850645.429328646,1931672.1455205712,75599.71236666669
13.704907333333336,-91525.02581395557,-86653.84491744445,-6678.266666666666,-1620.0,-5058.266666666666,-6322.833333333333,0.557608694406306,4615.1,4316.666666666667,57.0,36.52346033887948,36.14366306779496,0.0,146815.6404793746,135922.54590351257,0.0,1484.3649106656478,1372.4483964540648,0.0,36100152.11872314,29899782.03574772,180335492.784883,182765156.38485706,190825396.17999622,1826055.5231213712,1850645.429328646,1931672.1455205712,75599.71236666669
9.483334666666666,-55267.609992711106,-49880.759790888886,-5827.866666666667,-1620.0,-4207.866666666667,-5259.833333333333,0.6691304335367407,4898.366666666667,4552.333333333333,222.0,36.54519337464469,36.52346033887948,0.0,157167.32643762225,144523.1846187709,0.0,1589.2359579718932,1460.776599437725,0.0,36100152.11872314,29899782.03574772,180335492.784883,182765156.38485706,190825396.17999622,1826055.5231213712,1850645.429328646,1931672.1455205712,75599.71236666669
29.24519125,-99657.8633829167,-65350.81694739584,-3407.666666666667,-1620.0,-1787.666666666667,-2234.5833333333335,0.7806521726671756,6674.0,5604.916666666667,104.0,36.8984215940507,36.75289233779517,35.51660800667222,222357.26860719122,183022.36349797738,101895.24652501094,2253.1060220513396,1851.0509701232252,1031.7739926462975,36100152.11872314,29899782.03574772,180335492.784883,182765156.38485706,190825396.17999622,1826055.5231213712,1850645.429328646,1931672.1455205712,75599.71236666669
52.45645525,-16957.423433816657,85027.54258897917,-323.2666666666664,-1620.0,1296.7333333333336,1620.9166666666667,0.8921739117976104,10998.016666666666,9054.833333333334,1.0,37.85179447916236,37.67408287333122,37.85179447916236,383906.07631619455,310615.1749595546,371707.7046820432,3880.0816220385327,3153.03733891095,3754.3275261110184,36100152.11872314,29899782.03574772,180335492.784883,182765156.38485706,190825396.17999622,1826055.5231213712,1850645.429328646,1931672.1455205712,75599.71236666669
59.174940416666665,212520.88101241668,265651.10126552085,3591.4,0.0,3591.4,4489.25,0.8921739117976104,11758.93333333333,10861.08333333333,0.0,38.10229658768639,37.85179447916236,41.5298700120919,412821.1451706677,378722.9039255145,554904.6927598481,4174.063427549132,3826.6478377946105,5615.975600803601,36100152.11872314,29899782.03574772,180335492.784883,182765156.38485706,190825396.17999622,1826055.5231213712,1850645.429328646,1931672.1455205712,75599.71236666669
56.92123833333333,198446.4105761111,248058.01322013888,3486.333333333334,0.0,3486.333333333334,4357.916666666667,0.8921739117976104,12007.000000000004,11135.41666666667,0.0,38.10229658768639,37.85179447916236,41.5298700120919,422273.05487751996,389106.91287763155,560843.4641715774,4269.379670923676,3933.6975077866946,5675.515625483168,36100152.11872314,29899782.03574772,180335492.784883,182765156.38485706,190825396.17999622,1826055.5231213712,1850645.429328646,1931672.1455205712,75599.71236666669
63.51655516666668,275314.6255884223,240928.87983969448,4334.533333333333,1300.0,3034.5333333333333,3793.1666666666665,0.7930129659547424,10603.216666666664,11144.58333333333,0.0,37.69420731834162,37.85179447916236,40.92615399131757,368967.4226342732,389453.887660357,537989.7590716064,3726.8232174729833,3937.2745016199633,5444.192447442008,36100152.11872314,29899782.03574772,180335492.784883,182765156.38485706,190825396.17999622,1826055.5231213712,1850645.429328646,1931672.1455205712,75599.71236666669
65.08329066666666,260853.82899199997,220306.93890666662,4008.0,1300.0,2708.0,3385.0,0.6938520201118743,10625.41666666667,11248.41666666667,0.0,37.6959122612594,37.85179447916236,40.3419018404908,369804.23542911065,393384.1656537769,525562.2616102217,3734.867802629829,3977.792086313202,5318.031972448798,36100152.11872314,29899782.03574772,180335492.784883,182765156.38485706,190825396.17999622,1826055.5231213712,1850645.429328646,1931672.1455205712,75599.71236666669
63.476475,189963.93085,134305.6416875,2992.666666666667,1300.0,1692.666666666667,2115.8333333333335,0.5946910742690062,10130.666666666666,11007.5,0.0,37.69420731834162,37.85179447916236,39.5315934065934,351155.024965991,384265.0375005053,465052.18741420814,3555.899933003124,3883.7821847496807,4703.958529371813,36100152.11872314,29899782.03574772,180335492.784883,182765156.38485706,190825396.17999622,1826055.5231213712,1850645.429328646,1931672.1455205712,75599.71236666669
67.79993908333334,186124.3927715667,122480.58995404169,2745.2,1300.0,1445.2,1806.5,0.4955301284261382,9871.383333333331,10810.08333333333,0.0,37.69420731834162,37.85179447916236,38.21983657836123,341381.5452451336,376792.4624070772,445568.18630567606,3462.1160816823594,3806.7467448313196,4506.226085066803,36100152.11872314,29899782.03574772,180335492.784883,182765156.38485706,190825396.17999622,1826055.5231213712,1850645.429328646,1931672.1455205712,75599.71236666669
66.18615291666667,140288.16972216667,67807.713663125,2119.6,1300.0,819.6,1024.5,0.39636918258327014,9419.48333333333,10514.58333333333,0.0,37.67408287333122,37.69420731834162,38.10229658768639,324353.02927931474,365626.45939229085,404444.3552658648,3292.7825894504276,3694.7641751560955,4089.5890546417436,36100152.11872314,29899782.03574772,180335492.784883,182765156.38485706,190825396.17999622,1826055.5231213712,1850645.429328646,1931672.1455205712,75599.71236666669
58.93316358333333,8537.450964438889,10671.813705548611,144.86666666666667,0.0,144.86666666666667,181.08333333333334,0.39636918258327014,10772.549999999997,10736.33333333333,0.0,37.85179447916236,37.85179447916236,37.85179447916236,375371.758387626,374000.892564239,380855.22168117395,3792.100580990362,3777.9682035363644,3848.6300908063504,36100152.11872314,29899782.03574772,180335492.784883,182765156.38485706,190825396.17999622,1826055.5231213712,1850645.429328646,1931672.1455205712,75599.71236666669
59.45931225,2719.2725469,3399.090683625,45.733333333333334,0.0,45.733333333333334,57.166666666666664,0.39636918258327014,10740.683333333332,10729.25,0.0,37.85179447916236,37.85179447916236,37.85179447916236,374165.5478702234,373732.77568667836,375896.6366044038,3779.665649700881,3775.2041628470197,3797.5115971163295,36100152.11872314,29899782.03574772,180335492.784883,182765156.38485706,190825396.17999622,1826055.5231213712,1850645.429328646,1931672.1455205712,75599.71236666669
58.988948416666666,70027.74696370556,-8056.90720457639,1187.1333333333334,1296.4,-109.26666666666668,-136.58333333333334,0.2974828362827362,9627.283333333333,10951.0,0.0,37.67408287333122,37.85179447916236,37.85179447916236,332181.70370039303,382126.4111124326,376956.4868498203,3372.4180290832373,3861.734895486427,3808.437687370685,36100152.11872314,29899782.03574772,180335492.784883,182765156.38485706,190825396.17999622,1826055.5231213712,1850645.429328646,1931672.1455205712,75599.71236666669
58.37710283333333,-12426.539289788889,-15533.174112236109,-212.86666666666667,0.0,-212.86666666666667,-266.0833333333333,0.2974828362827362,10963.700000000003,11016.91666666667,0.0,37.85179447916236,37.85179447916236,37.85179447916236,382607.1289023181,384621.4752318508,374549.743584187,3866.6906578517965,3887.456732960224,3783.6263574180866,36100152.11872314,29899782.03574772,180335492.784883,182765156.38485706,190825396.17999622,1826055.5231213712,1850645.429328646,1931672.1455205712,75599.71236666669
63.21008008333333,87874.65333184999,7126.936529395833,1390.2,1300.0,90.2,112.75,0.19832189043986814,9845.8,11123.25,0.0,37.69420731834162,37.85179447916236,37.85179447916236,340417.2017745727,388646.3827114683,392914.1725389939,3452.8624844735555,3928.9498614261697,3972.946885575406,36100152.11872314,29899782.03574772,180335492.784883,182765156.38485706,190825396.17999622,1826055.5231213712,1850645.429328646,1931672.1455205712,75599.71236666669
66.54653983333333,121159.06685655555,43310.70634152777,1820.6666666666667,1300.0,520.6666666666667,650.8333333333334,0.0991609445970001,10085.249999999996,11255.08333333333,0.0,37.69420731834162,37.85179447916236,38.10229658768639,349443.0797169495,393636.51095030445,418421.54773078114,3539.472537306711,3980.3935363737605,4230.539774654754,36100152.11872314,29899782.03574772,180335492.784883,182765156.38485706,190825396.17999622,1826055.5231213712,1850645.429328646,1931672.1455205712,75599.71236666669
70.94305883333334,225253.67087034445,166284.6179837639,3175.133333333333,1300.0,1875.1333333333332,2343.9166666666665,-1.2458679365945358e-09,10502.116666666663,11333.33333333333,0.0,37.69420731834162,38.10229658768639,39.81518965358454,365156.5382743888,396604.80774294835,487098.83690436214,3690.2549303924566,4010.532414997917,4925.342425141324,36100152.11872314,29899782.03574772,180335492.784883,182765156.38485706,190825396.17999622,1826055.5231213712,1850645.429328646,1931672.1455205712,75599.71236666669
60.82709375000001,59034.72205416668,73793.40256770836,970.5333333333334,0.0,970.5333333333334,1213.1666666666667,-1.2458679365945358e-09,11479.383333333333,11236.75,0.0,38.10229658768639,37.85179447916236,38.21983657836123,402169.6481595801,392942.56138485327,439198.213542616,4066.6501414619806,3973.2395487072195,4441.428983098301,36100152.11872314,29899782.03574772,180335492.784883,182765156.38485706,190825396.17999622,1826055.5231213712,1850645.429328646,1931672.1455205712,75599.71236666669
40.752438,-121955.74595879999,-69920.9954985,-2992.6000000000004,-1620.0,-1372.6000000000001,-1715.75,0.11152173788456685,9140.266666666666,8465.416666666666,602.0,37.67408287333122,37.38267504946703,36.8984215940507,313833.7974396995,288566.20692003093,225149.24917447436,3185.7780562319135,2927.620996852746,2281.2339909306675,36100152.11872314,29899782.03574772,180335492.784883,182765156.38485706,190825396.17999622,1826055.5231213712,1850645.429328646,1931672.1455205712,75599.71236666669
22.522450916666667,-106637.79910350556,-87689.28577313194,-4734.733333333334,-1620.0,-3114.7333333333336,-3893.4166666666665,0.22304347701500163,6740.0,6740.0,841.3166666666671,36.8984215940507,36.8984215940507,34.6926525275873,224792.56443239856,224792.56443239856,83354.19678806936,2277.6405499725156,2277.6405499725156,850.8626623776977,36100152.11872314,29899782.03574772,180335492.784883,182765156.38485706,190825396.17999622,1826055.5231213712,1850645.429328646,1931672.1455205712,75599.71236666669
9.593683666666665,-55184.147608488885,-49552.975085611106,-5752.133333333334,-1620.0,-4132.133333333334,-5165.166666666667,0.33456521614543644,5545.75,5545.75,586.9666666666672,36.75289233779517,36.75289233779517,22.68049909437667,180847.81736799114,180847.81736799114,7150.357944735834,1829.0796146630332,1829.0796146630332,73.26632381935626,36100152.11872314,29899782.03574772,180335492.784883,182765156.38485706,190825396.17999622,1826055.5231213712,1850645.429328646,1931672.1455205712,75599.71236666669
12.660781333333333,-76139.40678240001,-69536.176278,-6013.8,-1620.0,-4393.8,-5492.25,0.4460869552758712,5234.716666666667,4961.166666666667,248.0,36.54519337464469,36.54519337464469,0.0,169459.302229184,159462.36458154995,0.0,1713.6727856295038,1612.4695919153983,0.0,36100152.11872314,29899782.03574772,180335492.784883,182765156.38485706,190825396.17999622,1826055.5231213712,1850645.429328646,1931672.1455205712,75599.71236666669
15.607659,-85324.9907318,-75050.72893975,-5466.866666666667,-1620.0,-3846.866666666667,-4808.583333333333,0.557608694406306,4749.666666666667,4749.666666666667,658.2833333333338,36.54519337464469,36.54519337464469,0.0,151733.05618281258,151733.05618281258,0.0,1534.2225604018422,1534.2225604018422,0.0,36100152.11872314,29899782.03574772,180335492.784883,182765156.38485706,190825396.17999622,1826055.5231213712,1850645.429328646,1931672.1455205712,75599.71236666669
12.852627166666666,-73047.47808084445,-65282.77758855555,-5683.466666666667,-1620.0,-4063.4666666666667,-5079.333333333333,0.6691304335367407,4788.583333333333,4788.583333333333,604.1333333333341,36.54519337464469,36.54519337464469,0.0,153155.2732916425,153155.2732916425,0.0,1548.6202608418855,1548.6202608418855,0.0,36100152.11872314,29899782.03574772,180335492.784883,182765156.38485706,190825396.17999622,1826055.5231213712,1850645.429328646,1931672.1455205712,75599.71236666669
12.538402416666665,-61770.0215589611,-51822.26205495138,-4926.466666666667,-1620.0,-3306.4666666666667,-4133.083333333333,0.7806521726671756,4980.75,4980.75,793.3833333333341,36.54519337464469,36.54519337464469,28.67198336378443,160178.04128513671,160178.04128513671,19051.10751771797,1619.7146874259126,1619.7146874259126,193.89347294327223,36100152.11872314,29899782.03574772,180335492.784883,182765156.38485706,190825396.17999622,1826055.5231213712,1850645.429328646,1931672.1455205712,75599.71236666669
20.899533833333333,-56391.1221891,-28167.346723874998,-2698.2,-1620.0,-1078.2,-1347.75,0.8921739117976104,5818.833333333333,5818.833333333333,1350.4499999999998,36.75289233779517,36.75289233779517,36.52346033887948,190884.41971723738,190884.41971723738,141555.65346623695,1930.488251061693,1930.488251061693,1430.2420754769914,36100152.11872314,29899782.03574772,180335492.784883,182765156.38485706,190825396.17999622,1826055.5231213712,1850645.429328646,1931672.1455205712,75599.71236666669
48.1088035,62628.040396300006,78285.050495375,1301.8000000000002,0.0,1301.8000000000002,1627.25,0.8921739117976104,10166.033333333333,9872.583333333334,32.0,37.69420731834162,37.69420731834162,38.10229658768639,352488.143431483,341426.7782939157,402948.84012479824,3568.6922022390086,3462.550126632871,4074.5077758761545,36100152.11872314,29899782.03574772,180335492.784883,182765156.38485706,190825396.17999622,1826055.5231213712,1850645.429328646,1931672.1455205712,75599.71236666669
59.59916558333333,271688.75622818334,242762.30121231248,4558.6,1300.0,3258.6000000000004,4073.25,0.7930129659547424,10789.65,11275.0,0.0,37.85179447916236,37.85179447916236,41.5298700120919,376019.02407321974,394390.3925236812,554818.172197323,3798.7733003957014,3988.1653684296875,5615.108176201627,36100152.11872314,29899782.03574772,180335492.784883,182765156.38485706,190825396.17999622,1826055.5231213712,1850645.429328646,1931672.1455205712,75599.71236666669
54.07088708333334,247496.86908363889,221505.89484413195,4577.266666666666,1300.0,3277.2666666666664,4096.583333333333,0.6938520201118743,11304.066666666666,11784.75,0.0,37.93019303952153,38.10229658768639,42.55261320293398,395490.97003826965,413804.81946090655,576992.7686288689,3999.428326953116,4183.983130652276,5837.816396896649,36100152.11872314,29899782.03574772,180335492.784883,182765156.38485706,190825396.17999622,1826055.5231213712,1850645.429328646,1931672.1455205712,75599.71236666669
52.72892575,218740.6755813,187741.34013287502,4148.4,1300.0,2848.4,3560.5,0.5946910742690062,11376.6,11964.5,0.0,38.10229658768639,38.10229658768639,41.5298700120919,398253.36710864236,420653.70727254316,562158.5767219602,4027.1570433102206,4253.049623852653,5688.700479433187,36100152.11872314,29899782.03574772,180335492.784883,182765156.38485706,190825396.17999622,1826055.5231213712,1850645.429328646,1931672.1455205712,75599.71236666669
52.665007666666675,177516.18584177783,136314.59484388892,3370.666666666667,1300.0,2070.666666666667,2588.3333333333335,0.4955301284261382,11312.999999999996,12095.33333333333,0.0,38.01,38.21983657836123,40.86874695715677,395830.45326729433,425646.09648920526,527593.3232700656,4002.766838967608,4303.573148660309,5338.452458926199,36100152.11872314,29899782.03574772,180335492.784883,182765156.38485706,190825396.17999622,1826055.5231213712,1850645.429328646,1931672.1455205712,75599.71236666669
53.40678433333333,141602.7479814,90217.41043508332,2651.4,1300.0,1351.4,1689.25,0.39636918258327014,11038.76666666667,12000.91666666667,0.0,37.85179447916236,38.10229658768639,39.81518965358454,385448.5369412205,422041.2659066115,487613.1164373879,3895.982985533713,4267.04223281351,4930.503461545942,36100152.11872314,29899782.03574772,180335492.784883,182765156.38485706,190825396.17999622,1826055.5231213712,1850645.429328646,1931672.1455205712,75599.71236666669
52.28621824999999,37806.42154263333,47258.02692829166,723.0666666666667,0.0,723.0666666666667,903.8333333333334,0.39636918258327014,11461.266666666666,11455.5,175.0,38.10229658768639,38.10229658768639,38.21983657836123,401479.36155306647,401259.63830941083,435736.13334589277,4059.689058651706,4057.4732954020697,4406.21175817842,36100152.11872314,29899782.03574772,180335492.784883,182765156.38485706,190825396.17999622,1826055.5231213712,1850645.429328646,1931672.1455205712,75599.71236666669
48.66218716666666,14877.652689755554,18597.065862194442,305.73333333333335,0.0,305.73333333333335,382.1666666666667,0.39636918258327014,11585.0,11585.0,76.43333333333334,38.10229658768639,38.10229658768639,38.10229658768639,406193.8857175162,406193.8857175162,420755.31339677697,4107.231909418475,4107.231909418475,4254.07425425711,36100152.11872314,29899782.03574772,180335492.784883,182765156.38485706,190825396.17999622,1826055.5231213712,1850645.429328646,1931672.1455205712,75599.71236666669
52.06236608333334,-2908.5508518555557,-3635.6885648194443,-55.86666666666667,0.0,-55.86666666666667,-69.83333333333333,0.39636918258327014,11346.283333333333,11360.25,0.0,38.10229658768639,38.10229658768639,37.85179447916236,397098.232483759,397630.3945594337,394973.9410219016,4015.508276399559,4020.8747781428983,3994.181221694734,36100152.11872314,29899782.03574772,180335492.784883,182765156.38485706,190825396.17999622,1826055.5231213712,1850645.429328646,1931672.1455205712,75599.71236666669
48.50129366666667,-7818.408539066668,-9773.010673833334,-161.20000000000002,0.0,-161.20000000000002,-201.5,0.39636918258327014,11082.533333333331,11122.83333333333,0.0,37.85179447916236,37.85179447916236,37.85179447916236,387105.183812925,388630.6111304352,381003.474542884,3913.061505181293,3928.7872707973834,3850.15844271693,36100152.11872314,29899782.03574772,180335492.784883,182765156.38485706,190825396.17999622,1826055.5231213712,1850645.429328646,1931672.1455205712,75599.71236666669
47.64351708333333,-16290.377764988154,-20125.415674618056,-341.9222333333334,-3.9889,-337.9333333333334,-422.4166666666667,0.39664378077167595,10981.838899999997,11062.33333333333,0.0,37.85179447916236,37.85179447916236,37.80100217864924,383293.7188171959,386340.5775644459,370351.4105832601,3873.7687742273206,3905.179111497793,3740.3684356516287,36100152.11872314,29899782.03574772,180335492.784883,182765156.38485706,190825396.17999622,1826055.5231213712,1850645.429328646,1931672.1455205712,75599.71236666669
47.75827425,-14970.6270349,-18713.283793625,-313.4666666666667,0.0,-313.4666666666667,-391.8333333333333,0.39664378077167595,10964.800000000003,11043.16666666667,0.0,37.85179447916236,37.85179447916236,37.85179447916236,382648.76587624516,385615.0848369289,370783.4900335104,3867.119897111789,3897.699942573683,3744.799715264215,36100152.11872314,29899782.03574772,180335492.784883,182765156.38485706,190825396.17999622,1826055.5231213712,1850645.429328646,1931672.1455205712,75599.71236666669
49.697887333333334,5542.971033911111,6928.713792388889,111.53333333333333,0.0,111.53333333333333,139.41666666666666,0.39664378077167595,10781.25,10781.25,27.883333333333326,37.85179447916236,37.85179447916236,37.85179447916236,375701.0689995948,375701.0689995948,380978.2400132313,3795.495473319395,3795.495473319395,3849.898297710875,36100152.11872314,29899782.03574772,180335492.784883,182765156.38485706,190825396.17999622,1826055.5231213712,1850645.429328646,1931672.1455205712,75599.71236666669
52.99834441666667,126821.50496612223,72404.57153056945,2392.9333333333334,1300.0,1092.9333333333334,1366.1666666666667,0.2974828349288079,9989.483333333334,11016.25,0.0,37.69420731834162,37.85179447916236,38.21983657836123,345833.2311294298,384596.24070219795,436618.37457357656,3504.833338895122,3887.196587954167,4415.186156801056,36100152.11872314,29899782.03574772,180335492.784883,182765156.38485706,190825396.17999622,1826055.5231213712,1850645.429328646,1931672.1455205712,75599.71236666669
55.72452666666666,213384.07248044445,176177.73476722222,3829.266666666667,1300.0,2529.266666666667,3161.5833333333335,0.19832188908593984,10795.066666666666,11462.75,0.0,37.85179447916236,38.10229658768639,40.3419018404908,376224.0546266485,401535.8799596715,525195.8226685039,3800.886978569907,4060.259009314185,5314.354673924598,36100152.11872314,29899782.03574772,180335492.784883,182765156.38485706,190825396.17999622,1826055.5231213712,1850645.429328646,1931672.1455205712,75599.71236666669
70.51725191666667,216187.0897759889,155643.32785540278,3065.7333333333336,1300.0,1765.7333333333333,2207.1666666666665,0.0991609432430718,10460.100000000002,11318.66666666667,0.0,37.69420731834162,38.08692246057826,39.81518965358454,363572.7533302301,396046.0099326258,481070.1536043155,3675.0573287224934,4004.898178424132,4864.841759675616,36100152.11872314,29899782.03574772,180335492.784883,182765156.38485706,190825396.17999622,1826055.5231213712,1850645.429328646,1931672.1455205712,75599.71236666669
58.20872025,-1750.1421888500045,-96776.84814231249,-30.066666666666606,1300.0,-1330.0666666666666,-1662.5833333333333,-2.5997962393997653e-09,8005.3166666666675,9637.833333333334,0.0,36.91444713464553,37.67408287333122,36.91444713464553,271491.72360122774,332579.1652747067,270381.829224046,2752.80609828032,3376.4611180540087,2741.418334506529,36100152.11872314,29899782.03574772,180335492.784883,182765156.38485706,190825396.17999622,1826055.5231213712,1850645.429328646,1931672.1455205712,75599.71236666669
21.4629095,-103640.09739359998,-86087.7300045,-4828.8,-1620.0,-3208.8,-4011.0,0.11152173653063854,7086.716666666667,6452.916666666667,184.0,36.8984215940507,36.81294353290304,34.40678741940975,237585.86217274918,214215.2997783235,69422.14551794564,2406.527364200856,2169.5520911736367,707.288096845962,36100152.11872314,29899782.03574772,180335492.784883,182765156.38485706,190825396.17999622,1826055.5231213712,1850645.429328646,1931672.1455205712,75599.71236666669
28.96807608333333,-139230.2296818611,-115377.43303357637,-4806.333333333334,-1620.0,-3186.3333333333335,-3982.9166666666665,0.22304347566107333,5125.5,4559.083333333333,257.0,36.54519337464469,36.52346033887948,25.17691361526449,165467.95802611654,144769.71797605834,11667.870683017398,1673.2667338163963,1463.3133137360014,119.213853001456,36100152.11872314,29899782.03574772,180335492.784883,182765156.38485706,190825396.17999622,1826055.5231213712,1850645.429328646,1931672.1455205712,75599.71236666669
29.977042333333333,-146505.79976095556,-122428.73897619445,-4887.266666666666,-1620.0,-3267.266666666667,-4084.0833333333335,0.33456521479150814,4661.9333333333325,3966.75,108.0,36.54519337464469,36.05783602834195,0.0,148526.8245507437,123300.46052552176,0.0,1501.7645325147369,1244.9503245046674,0.0,36100152.11872314,29899782.03574772,180335492.784883,182765156.38485706,190825396.17999622,1826055.5231213712,1850645.429328646,1931672.1455205712,75599.71236666669
33.113516749999995,-179726.92351229998,-157603.78297162498,-5427.6,-1620.0,-3807.6000000000004,-4759.5,0.4460869539219429,3894.6000000000004,3649.5,423.0,36.05783602834195,36.05783602834195,0.0,120698.8876560769,111861.11204553027,0.0,1218.7152085348075,1129.592174242185,0.0,36100152.11872314,29899782.03574772,180335492.784883,182765156.38485706,190825396.17999622,1826055.5231213712,1850645.429328646,1931672.1455205712,75599.71236666669
31.259940333333336,-170487.54658595557,-149808.05405744445,-5453.866666666667,-1620.0,-3833.866666666667,-4792.333333333333,0.5576086930523777,3781.4500000000007,3686.916666666667,567.0,36.05783602834195,36.05783602834195,0.0,116618.94350947002,113210.27607692408,0.0,1177.571710655533,1143.1975878139883,0.0,36100152.11872314,29899782.03574772,180335492.784883,182765156.38485706,190825396.17999622,1826055.5231213712,1850645.429328646,1931672.1455205712,75599.71236666669
31.57842766666666,-145130.24309897775,-117466.4878487222,-4595.866666666667,-1620.0,-2975.866666666667,-3719.8333333333335,0.6691304321828124,4251.033333333333,3946.0,571.0,36.05783602834195,36.05783602834195,22.1447587705548,133551.10234444556,122552.26042793367,3711.667083337267,1348.3211660611244,1237.4052287822199,37.865209960208176,36100152.11872314,29899782.03574772,180335492.784883,182765156.38485706,190825396.17999622,1826055.5231213712,1850645.429328646,1931672.1455205712,75599.71236666669
35.81033058333333,-103916.80464208889,-57380.0863713611,-2901.866666666667,-1620.0,-1281.8666666666668,-1602.3333333333333,0.7806521713132473,5883.783333333334,4983.25,399.0,36.75289233779517,36.54519337464469,35.51660800667222,193271.5200745772,160269.40426857333,102271.13062641489,1954.6072291541914,1620.6395932357657,1035.4102656234802,36100152.11872314,29899782.03574772,180335492.784883,182765156.38485706,190825396.17999622,1826055.5231213712,1850645.429328646,1931672.1455205712,75599.71236666669
49.21325408333333,53176.56147884445,66470.70184855556,1080.5333333333335,0.0,1080.5333333333335,1350.6666666666667,0.7806521713132473,8609.3,8339.166666666666,0.0,37.38267504946703,37.38267504946703,37.67408287333122,293944.95081506507,283846.64419503574,334538.2175841199,2982.650401127584,2879.335610847661,3396.389139521313,36100152.11872314,29899782.03574772,180335492.784883,182765156.38485706,190825396.17999622,1826055.5231213712,1850645.429328646,1931672.1455205712,75599.71236666669
52.71004775000001,247108.21785518335,223231.44472522917,4688.066666666667,1300.0,3388.0666666666666,4235.083333333333,0.6814912254703792,9178.433333333332,9631.416666666666,0.0,37.67408287333122,37.67408287333122,40.29294351772499,315271.6916026983,332337.42324293614,494656.66659153474,3200.404713014006,3374.0020513024333,5001.724514791706,36100152.11872314,29899782.03574772,180335492.784883,182765156.38485706,190825396.17999622,1826055.5231213712,1850645.429328646,1931672.1455205712,75599.71236666669
51.51668125,230238.35184249998,204083.332771875,4469.200000000001,1300.0,3169.2000000000003,3961.5,0.5823302796275112,9605.05,10112.75,0.0,37.67408287333122,37.69420731834162,40.29294351772499,331344.08325784263,350479.67041820404,503027.5256073421,3363.8975224686906,3549.419400755916,5087.611362316917,36100152.11872314,29899782.03574772,180335492.784883,182765156.38485706,190825396.17999622,1826055.5231213712,1850645.429328646,1931672.1455205712,75599.71236666669
49.72075641666667,139546.27495901668,174432.84369877083,2806.6000000000004,0.0,2806.6000000000004,3508.25,0.5823302796275112,10764.23333333333,10062.58333333333,0.0,37.85179447916236,37.69420731834162,39.81518965358454,375056.9576302076,348588.67768440046,482861.83713872655,3788.855272039812,3531.273910463731,4882.8221445691115,36100152.11872314,29899782.03574772,180335492.784883,182765156.38485706,190825396.17999622,1826055.5231213712,1850645.429328646,1931672.1455205712,75599.71236666669
52.934149999999995,201283.86984666664,165586.84355833332,3802.5333333333333,1300.0,2502.5333333333333,3128.1666666666665,0.4831693337846431,9413.383333333333,10087.75,0.0,37.67408287333122,37.69420731834162,39.81518965358454,324123.21737378754,349537.3152352455,468730.76274417527,3290.4448792398407,3540.376797620276,4741.010182973922,36100152.11872314,29899782.03574772,180335492.784883,182765156.38485706,190825396.17999622,1826055.5231213712,1850645.429328646,1931672.1455205712,75599.71236666669
53.6942105,192028.39481816668,152782.40146020832,3576.3333333333335,1300.0,2276.3333333333335,2845.4166666666665,0.38400838794177505,9310.166666666664,10041.08333333333,0.0,37.67408287333122,37.69420731834162,38.21983657836123,320234.62411987846,347778.25222705613,455884.3571954521,3250.8890340645125,3523.4972717670807,4611.1649917047935,36100152.11872314,29899782.03574772,180335492.784883,182765156.38485706,190825396.17999622,1826055.5231213712,1850645.429328646,1931672.1455205712,75599.71236666669
54.457046333333324,159758.8215932222,111205.82669986109,2933.666666666667,1300.0,1633.6666666666667,2042.0833333333333,0.284847442098907,8838.166666666666,9729.75,0.0,37.38267504946703,37.69420731834162,38.10229658768639,302500.59904471977,336042.7890152792,413312.66479664895,3070.182403849937,3410.8867207179164,4179.020077130691,36100152.11872314,29899782.03574772,180335492.784883,182765156.38485706,190825396.17999622,1826055.5231213712,1850645.429328646,1931672.1455205712,75599.71236666669
54.18255508333334,110398.76206746112,49951.80057390973,2037.5333333333333,1300.0,737.5333333333333,921.9166666666666,0.18568649625603895,8665.55,9781.166666666666,0.0,37.38267504946703,37.69420731834162,37.85179447916236,296047.7262865976,337980.89950823056,372742.3203978069,3004.1636919219286,3429.4843411668817,3764.9934713593175,36100152.11872314,29899782.03574772,180335492.784883,182765156.38485706,190825396.17999622,1826055.5231213712,1850645.429328646,1931672.1455205712,75599.71236666669
52.36493808333333,26576.951575227773,33221.18946903472,507.5333333333333,0.0,507.5333333333333,634.4166666666666,0.18568649625603895,9741.466666666667,9614.583333333334,0.0,37.69420731834162,37.67408287333122,37.69420731834162,336484.4394776925,331703.24284790177,355615.5061653281,3415.124687387486,3367.5509930710305,3598.7015878451516,36100152.11872314,29899782.03574772,180335492.784883,182765156.38485706,190825396.17999622,1826055.5231213712,1850645.429328646,1931672.1455205712,75599.71236666669
48.47166716666667,-68807.14726532223,12146.191930847224,-1419.5333333333333,-1620.0,200.4666666666667,250.58333333333334,0.29720823538647373,11113.45,9443.333333333334,0.0,37.85179447916236,37.67408287333122,37.69420731834162,388275.43512557255,325251.55615584383,334692.07991970534,3925.1257298371456,3301.922653142645,3397.9256562235,36100152.11872314,29899782.03574772,180335492.784883,182765156.38485706,190825396.17999622,1826055.5231213712,1850645.429328646,1931672.1455205712,75599.71236666669
45.07708225,-75840.68831621666,-3519.7688390208327,-1682.4666666666667,-1620.0,-62.46666666666667,-78.08333333333333,0.4087299745169085,10649.05,9044.666666666666,0.0,37.85179447916236,37.67408287333122,37.38267504946703,370697.0617694495,310232.15511700907,307301.1575656555,3743.9087186184715,3149.1411552266363,3119.2964499448785,36100152.11872314,29899782.03574772,180335492.784883,182765156.38485706,190825396.17999622,1826055.5231213712,1850645.429328646,1931672.1455205712,75599.71236666669
47.548657416666664,-80011.71079027222,-3728.607219090278,-1682.7333333333333,-1620.0,-62.73333333333334,-78.41666666666667,0.5202517136473432,10404.316666666666,8800.0,0.0,37.69420731834162,37.38267504946703,37.38267504946703,361470.04479865514,301073.8269469985,298142.4021785361,3654.8802669258353,3055.5852376517005,3025.5941167072883,36100152.11872314,29899782.03574772,180335492.784883,182765156.38485706,190825396.17999622,1826055.5231213712,1850645.429328646,1931672.1455205712,75599.71236666669
50.78474441666666,-87742.49575348888,-6839.01224811111,-1727.7333333333333,-1620.0,-107.73333333333333,-134.66666666666666,0.6317734527777781,10578.900000000001,8986.833333333334,1.0,37.69420731834162,37.38267504946703,37.38267504946703,368050.825159649,308058.15673540725,303023.9564954124,3718.027778823053,3127.041234630843,3075.536822892086,36100152.11872314,29899782.03574772,180335492.784883,182765156.38485706,190825396.17999622,1826055.5231213712,1850645.429328646,1931672.1455205712,75599.71236666669
48.98120216666667,-62519.60644553334,21037.426330583334,-1276.4,-1620.0,343.6,429.5,0.7432951919082129,10777.9,9072.0,0.0,37.85179447916236,37.67408287333122,37.67408287333122,375574.2654880896,311261.91338221345,327442.9319763092,3794.188244663963,3159.6161408697076,3324.213933566009,36100152.11872314,29899782.03574772,180335492.784883,182765156.38485706,190825396.17999622,1826055.5231213712,1850645.429328646,1931672.1455205712,75599.71236666669
51.62175766666667,58793.74053182222,73492.17566477778,1138.9333333333334,0.0,1138.9333333333334,1423.6666666666667,0.7432951919082129,9356.483333333334,9071.75,0.0,37.67408287333122,37.67408287333122,37.69420731834162,321979.562058295,311252.49486149516,364903.987085356,3268.639024980424,3159.5203330741915,3687.831512752106,36100152.11872314,29899782.03574772,180335492.784883,182765156.38485706,190825396.17999622,1826055.5231213712,1850645.429328646,1931672.1455205712,75599.71236666669
73.37089575,201378.6518685,132495.609241875,2744.666666666667,1300.0,1444.6666666666667,1805.8333333333333,0.6441342460653449,8074.0,9012.833333333334,0.0,36.91444713464553,37.67408287333122,37.85179447916236,274027.13087859226,309032.86347887473,377117.3569763568,2778.819942244728,3136.94162926428,3810.0961117842935,36100152.11872314,29899782.03574772,180335492.784883,182765156.38485706,190825396.17999622,1826055.5231213712,1850645.429328646,1931672.1455205712,75599.71236666669
119.92081658333332,221845.5159580611,82435.5679996597,1849.9333333333334,1300.0,549.9333333333333,687.4166666666666,0.5449733002224768,6425.483333333334,7588.0,0.0,36.81294353290304,36.91444713464553,37.19079073772711,213205.3980274042,256086.70957115453,281464.9495771191,2159.140934899228,2594.7472196040726,2855.040704582641,36100152.11872314,29899782.03574772,180335492.784883,182765156.38485706,190825396.17999622,1826055.5231213712,1850645.429328646,1931672.1455205712,75599.71236666669
45.465674666666665,-136442.48967466666,-78485.12089333333,-3001.0,-1620.0,-1381.0,-1726.25,0.6564950393529116,7790.5,6515.75,0.0,36.91444713464553,36.81294353290304,36.54519337464469,263561.8851159203,216528.37973030756,153188.77305223592,2671.444187371012,2193.3978136247424,1548.959392972165,36100152.11872314,29899782.03574772,180335492.784883,182765156.38485706,190825396.17999622,1826055.5231213712,1850645.429328646,1931672.1455205712,75599.71236666669
37.270450749999995,-125064.72453669999,-80858.24290212498,-3355.6000000000004,-1620.0,-1735.6000000000001,-2169.5,0.7680167784833465,5608.933333333333,4422.833333333333,0.0,36.75289233779517,36.52346033887948,34.40678741940975,183169.9876155342,139793.396504886,62933.598857101926,1852.5425466488325,1412.1092658633868,640.3971747507696,36100152.11872314,29899782.03574772,180335492.784883,182765156.38485706,190825396.17999622,1826055.5231213712,1850645.429328646,1931672.1455205712,75599.71236666669
39.63021966666666,-155495.77189877778,-114118.52004847222,-3923.666666666667,-1620.0,-2303.666666666667,-2879.5833333333335,0.8795385176137813,4892.833333333334,3848.75,0.0,36.54519337464469,36.05783602834195,28.89990849804915,156965.10970094922,119045.63587417742,22561.36755459541,1587.1888331127523,1202.0432741312302,229.37261142727974,36100152.11872314,29899782.03574772,180335492.784883,182765156.38485706,190825396.17999622,1826055.5231213712,1850645.429328646,1931672.1455205712,75599.71236666669
44.52219125,-197634.00695875002,-156885.0714171875,-4439.0,-1620.0,-2819.0,-3523.75,0.9910602567442162,4778.583333333333,3936.333333333333,73.0,36.54519337464469,36.05783602834195,22.68049909437667,152789.82135789606,122203.70134632634,7876.133915755888,1544.9206376024738,1233.8902444295934,80.62074940391427,36100152.11872314,29899782.03574772,180335492.784883,182765156.38485706,190825396.17999622,1826055.5231213712,1850645.429328646,1931672.1455205712,75599.71236666669
51.46308133333334,-107711.96333807979,-126286.11300188891,-2092.994833333333,-129.8615,-1963.1333333333332,-2453.9166666666665,0.9999999976862451,3680.4948333333336,4041.416666666667,0.0,36.05783602834195,36.05783602834195,31.50941732619797,112978.7186635894,125992.7789489713,41045.50161452864,1140.862486743453,1272.1005484697803,416.36509900478717,36100152.11872314,29899782.03574772,180335492.784883,182765156.38485706,190825396.17999622,1826055.5231213712,1850645.429328646,1931672.1455205712,75599.71236666669
55.18164666666666,-107438.66605999999,-134298.33257499998,-1947.0,0.0,-1947.0,-2433.75,0.9999999976862451,3744.916666666667,4231.666666666667,0.0,36.05783602834195,36.05783602834195,31.50941732619797,115301.63056656791,132852.78225336337,47675.608176916125,1164.2874939297456,1341.2790767201736,484.71539259250267,36100152.11872314,29899782.03574772,180335492.784883,182765156.38485706,190825396.17999622,1826055.5231213712,1850645.429328646,1931672.1455205712,75599.71236666669
58.57134866666666,-46919.555038577775,-58649.443798222215,-801.0666666666667,0.0,-801.0666666666667,-1001.3333333333334,0.9999999976862451,4629.400000000001,4829.666666666667,0.0,36.53288442885921,36.54519337464469,36.05783602834195,147337.93067426558,154656.67165278416,118309.45505526544,1489.7351084852864,1563.8195463171353,1194.6193847657698,36100152.11872314,29899782.03574772,180335492.784883,182765156.38485706,190825396.17999622,1826055.5231213712,1850645.429328646,1931672.1455205712,75599.71236666669
62.606801,148144.38631293335,83444.43126616666,2366.2666666666664,1300.0,1066.2666666666667,1332.8333333333333,0.9008390518433771,6666.233333333334,7699.666666666667,0.0,36.8984215940507,36.91444713464553,37.67408287333122,222070.69086614408,260208.8228345233,309773.7871087169,2250.2188781091004,2637.0410207595046,3144.4785091781964,36100152.11872314,29899782.03574772,180335492.784883,182765156.38485706,190825396.17999622,1826055.5231213712,1850645.429328646,1931672.1455205712,75599.71236666669
65.46710916666666,221409.76320166665,170378.15160624997,3382.0,1300.0,2082.0,2602.5,0.801678106000509,7854.083333333334,8633.583333333334,0.0,36.91444713464553,37.38267504946703,37.85179447916236,265909.02871289814,294852.72677418304,392917.3268552005,2695.526403999068,2991.937768442358,3972.9794037011634,36100152.11872314,29899782.03574772,180335492.784883,182765156.38485706,190825396.17999622,1826055.5231213712,1850645.429328646,1931672.1455205712,75599.71236666669
63.861504499999995,190315.79827726664,134119.8030340833,2980.133333333333,1300.0,1680.1333333333332,2100.1666666666665,0.702517160157641,8202.449999999999,9082.416666666666,0.0,36.91444713464553,37.67408287333122,37.85179447916236,278768.79161303747,311654.3517454773,390892.2558505652,2827.470438588744,3163.608132349536,3952.102766965161,36100152.11872314,29899782.03574772,180335492.784883,182765156.38485706,190825396.17999622,1826055.5231213712,1850645.429328646,1931672.1455205712,75599.71236666669
60.74646216666667,173038.32236382223,117584.90193394445,2848.5333333333338,1300.0,1548.5333333333335,1935.6666666666667,0.6033562143147729,8137.049999999999,9049.916666666666,0.0,36.91444713464553,37.67408287333122,37.85179447916236,276354.58677043166,310429.94405209407,383435.45233817026,2802.7001586284587,3151.15311893247,3875.2299176755864,36100152.11872314,29899782.03574772,180335492.784883,182765156.38485706,190825396.17999622,1826055.5231213712,1850645.429328646,1931672.1455205712,75599.71236666669
66.59119608333334,192794.8309004667,132782.8449901667,2895.2,1300.0,1595.2,1994.0,0.5041952684719049,8125.383333333334,9026.583333333334,0.0,36.91444713464553,37.67408287333122,37.85179447916236,275923.91822052747,309550.882118383,384760.265144941,2798.2814032838614,3142.211058017654,3888.887530493532,36100152.11872314,29899782.03574772,180335492.784883,182765156.38485706,190825396.17999622,1826055.5231213712,1850645.429328646,1931672.1455205712,75599.71236666669
73.89983408333335,203002.8442269167,133666.32489822918,2747.0,1300.0,1447.0,1808.75,0.4050343226290368,8106.333333333334,9044.583333333334,0.0,36.91444713464553,37.67408287333122,37.85179447916236,275220.6980026125,310229.015610103,378429.5525183011,2791.066207056898,3149.109219294798,3823.62365209921,36100152.11872314,29899782.03574772,180335492.784883,182765156.38485706,190825396.17999622,1826055.5231213712,1850645.429328646,1931672.1455205712,75599.71236666669
71.56618166666665,170022.16332488885,96232.65894777776,2375.7333333333336,1300.0,1075.7333333333333,1344.6666666666667,0.30587337678616877,8104.599999999999,9135.666666666666,0.0,36.91444713464553,37.67408287333122,37.69420731834162,275156.7129609124,313660.4966584822,364335.4327916377,2790.4097062628425,3184.0151927944207,3682.37580886027,36100152.11872314,29899782.03574772,180335492.784883,182765156.38485706,190825396.17999622,1826055.5231213712,1850645.429328646,1931672.1455205712,75599.71236666669
71.00077558333334,109762.46566679445,21826.82176057639,1545.9333333333334,1300.0,245.93333333333337,307.4166666666667,0.20671243094330072,7989.0666666666675,9227.583333333334,0.0,36.91444713464553,37.67408287333122,37.67408287333122,270891.8638352897,317123.3727759226,328705.01375256584,2746.6514033360595,3219.2405256124307,3337.0521781651382,36100152.11872314,29899782.03574772,180335492.784883,182765156.38485706,190825396.17999622,1826055.5231213712,1850645.429328646,1931672.1455205712,75599.71236666669
66.35598708333335,111385.15991808336,31402.970887187505,1678.6,1300.0,378.6,473.25,0.10755148510043268,8356.9,9562.25,0.0,37.38267504946703,37.67408287333122,37.69420731834162,284509.56363257964,329731.6325108641,347567.79290286213,2886.117874967715,3347.4952278763703,3521.4777570667893,36100152.11872314,29899782.03574772,180335492.784883,182765156.38485706,190825396.17999622,1826055.5231213712,1850645.429328646,1931672.1455205712,75599.71236666669
60.96357041666667,74432.45524072222,-6025.232876180556,1220.9333333333334,1300.0,-79.06666666666666,-98.83333333333333,0.008390539257564639,8416.483333333334,9736.25,0.0,37.38267504946703,37.69420731834162,37.67408287333122,286736.94802094373,336287.80136284843,332563.46774017613,2908.906027438762,3413.2377975331824,3376.301438394815,36100152.11872314,29899782.03574772,180335492.784883,182765156.38485706,190825396.17999622,1826055.5231213712,1850645.429328646,1931672.1455205712,75599.71236666669
57.15316716666666,-20003.602793016613,-32863.07112083333,-349.9999,110.0001,-460.0,-575.0,-9.94152002907478e-09,9553.4999,9778.5,0.0,37.67408287333122,37.69420731834162,37.67408287333122,329401.9805183142,337880.3816220483,316216.05528005655,3344.1419167101963,3428.5197968324137,3210.0110413110665,36100152.11872314,29899782.03574772,180335492.784883,182765156.38485706,190825396.17999622,1826055.5231213712,1850645.429328646,1931672.1455205712,75599.71236666669
53.71425608333334,-27505.280065072227,-34381.600081340286,-512.0666666666667,0.0,-512.0666666666667,-640.0833333333334,-9.94152002907478e-09,9623.733333333334,9751.75,0.0,37.67408287333122,37.69420731834162,37.67408287333122,332047.96070619277,336872.0615762827,312756.31866952224,3371.057558386912,3418.8442114772793,3174.817644424895,36100152.11872314,29899782.03574772,180335492.784883,182765156.38485706,190825396.17999622,1826055.5231213712,1850645.429328646,1931672.1455205712,75599.71236666669
49.532166666666676,-101540.94166666668,-26623.53958333334,-2050.0,-1620.0,-430.0,-537.5,0.11152172918891476,11212.166666666666,9699.666666666666,0.0,37.85179447916236,37.69420731834162,37.67408287333122,392012.03810390714,334908.82161178574,314658.8598546255,3963.6467016089005,3400.0054549446963,3194.1708191191055,36100152.11872314,29899782.03574772,180335492.784883,182765156.38485706,190825396.17999622,1826055.5231213712,1850645.429328646,1931672.1455205712,75599.71236666669
51.37050933333333,-19044.76016017778,-23805.95020022222,-370.73333333333335,0.0,-370.73333333333335,-463.4166666666667,0.11152172918891476,9558.066666666668,9650.75,0.0,37.67408287333122,37.67408287333122,37.67408287333122,329574.02926417737,333065.78884515393,315606.990940271,3345.8920440980714,3381.411187488996,3203.8154705343723,36100152.11872314,29899782.03574772,180335492.784883,182765156.38485706,190825396.17999622,1826055.5231213712,1850645.429328646,1931672.1455205712,75599.71236666669
57.98057549999999,87728.47610319998,15442.159941499996,1513.0666666666666,1300.0,213.06666666666666,266.3333333333333,0.01236078334604672,8573.516666666666,9820.25,0.0,37.38267504946703,37.69420731834162,37.69420731834162,292607.27409287833,339454.1147775891,349493.3386600408,2968.964761028189,3443.6209440689317,3539.954809473946,36100152.11872314,29899782.03574772,180335492.784883,182765156.38485706,190825396.17999622,1826055.5231213712,1850645.429328646,1931672.1455205712,75599.71236666669
52.923070249999995,10545.803798483334,13182.254748104166,199.26666666666668,0.0,199.26666666666668,249.08333333333334,0.01236078334604672,9744.650000000001,9694.833333333334,0.0,37.69420731834162,37.69420731834162,37.69420731834162,336604.43270432256,334726.63294308045,344115.63174929074,3416.276112186758,3398.257218338473,3488.3516875798964,36100152.11872314,29899782.03574772,180335492.784883,182765156.38485706,190825396.17999622,1826055.5231213712,1850645.429328646,1931672.1455205712,75599.71236666669
56.67687516666668,-17532.99133280834,-33396.848691958345,-309.35,162.05,-471.40000000000003,-589.25,-9.941520025605333e-09,7374.933333333333,7654.833333333333,0.0,36.91444713464553,36.91444713464553,36.8984215940507,248221.47136833274,258553.82512132,236806.0755297282,2514.048121996455,2620.0603752209804,2398.6713587957925,36100152.11872314,29899782.03574772,180335492.784883,182765156.38485706,190825396.17999622,1826055.5231213712,1850645.429328646,1931672.1455205712,75599.71236666669
49.302128583333335,-100135.54676897501,-91726.61022929168,-2031.0593000000001,-542.6593,-1488.4,-1860.5,0.03735697085558143,7033.725966666667,6919.166666666667,56.0,36.8984215940507,36.8984215940507,36.54519337464469,235630.5889835853,231403.53163466597,163025.5209355778,2386.8288519476337,2344.2431194555065,1648.540918499662,36100152.11872314,29899782.03574772,180335492.784883,182765156.38485706,190825396.17999622,1826055.5231213712,1850645.429328646,1931672.1455205712,75599.71236666669
39.54122891666666,-181104.10060218885,-146309.1371964861,-4580.133333333333,-1620.0,-2960.133333333333,-3700.1666666666665,0.1488787099860162,7028.799999999999,6393.833333333333,245.0,36.8984215940507,36.81294353290304,34.40678741940975,235448.82858876037,212040.2683645878,78084.05425078202,2384.9976963912377,2147.1295219192143,796.5843741988454,36100152.11872314,29899782.03574772,180335492.784883,182765156.38485706,190825396.17999622,1826055.5231213712,1850645.429328646,1931672.1455205712,75599.71236666669
39.38125525,-185968.78895856667,-152713.94431695834,-4722.266666666666,-1620.0,-3102.266666666667,-3877.8333333333335,0.260400449116451,6894.1833333333325,6215.75,166.0,36.8984215940507,36.81294353290304,34.40678741940975,230481.6860685079,205484.49667043667,65843.83962632701,2334.9559332550407,2079.5455578900187,670.399068664433,36100152.11872314,29899782.03574772,180335492.784883,182765156.38485706,190825396.17999622,1826055.5231213712,1850645.429328646,1931672.1455205712,75599.71236666669
45.341970333333336,-202179.84571633337,-160907.31722041668,-4459.0,-1620.0,-2839.0,-3548.75,0.3719221882468858,7294.666666666667,6430.416666666667,46.0,36.8984215940507,36.81294353290304,34.6926525275873,245258.888943232,213387.0085488332,84571.33068091222,2483.8297139161377,2161.013171993532,863.3507168412388,36100152.11872314,29899782.03574772,180335492.784883,182765156.38485706,190825396.17999622,1826055.5231213712,1850645.429328646,1931672.1455205712,75599.71236666669
41.5053285,-185725.2769499,-148108.305974875,-4474.733333333334,-1620.0,-2854.7333333333336,-3568.4166666666665,0.48344392737732056,7145.4,6270.083333333333,31.0,36.8984215940507,36.81294353290304,34.40678741940975,239751.1845466267,207484.66660239105,78359.3085501373,2428.3420290519825,2100.1654664286407,799.4219917512706,36100152.11872314,29899782.03574772,180335492.784883,182765156.38485706,190825396.17999622,1826055.5231213712,1850645.429328646,1931672.1455205712,75599.71236666669
47.53959991666667,-158287.85188253334,-101592.12502191667,-3329.6000000000004,-1620.0,-1709.6000000000001,-2137.0,0.5949656665077554,7731.35,6545.75,7.0,36.91444713464553,36.81294353290304,36.52346033887948,261378.39556790597,217632.76803629467,139279.0244384468,2649.041097773904,2204.7830391982147,1406.8166150435263,36100152.11872314,29899782.03574772,180335492.784883,182765156.38485706,190825396.17999622,1826055.5231213712,1850645.429328646,1931672.1455205712,75599.71236666669
50.90499725,-29423.0884105,-36778.860513125,-578.0,0.0,-578.0,-722.5,0.5949656665077554,7270.416666666667,7414.916666666667,0.0,36.8984215940507,36.91444713464553,36.8984215940507,244364.10221957628,249697.434012933,223036.814538215,2474.815133581463,2529.191827813154,2259.9521466354054,36100152.11872314,29899782.03574772,180335492.784883,182765156.38485706,190825396.17999622,1826055.5231213712,1850645.429328646,1931672.1455205712,75599.71236666669
55.046214,108782.32260217861,46527.8123835,1976.1999,1299.9999,676.2,845.25,0.49580472829265243,8580.0501,9711.0,0.0,37.38267504946703,37.69420731834162,37.69420731834162,292851.5113081357,335336.0226280603,367197.05136388855,2971.4635281603755,3404.1047683661864,3709.835180382163,36100152.11872314,29899782.03574772,180335492.784883,182765156.38485706,190825396.17999622,1826055.5231213712,1850645.429328646,1931672.1455205712,75599.71236666669
59.92153858333334,196426.79824540557,148160.9976088403,3278.0666666666666,1300.0,1978.0666666666668,2472.5833333333335,0.3966437824497844,9707.349999999997,10512.83333333333,0.0,37.69420731834162,37.69420731834162,38.21983657836123,335198.4387713482,365560.4945294837,459664.93603032833,3402.784548308382,3694.1311929366007,4649.622071723101,36100152.11872314,29899782.03574772,180335492.784883,182765156.38485706,190825396.17999622,1826055.5231213712,1850645.429328646,1931672.1455205712,75599.71236666669
66.43514458333334,216210.96354163892,162306.59447913198,3254.466666666667,1300.0,1954.466666666667,2443.0833333333335,0.2974828366069163,10118.283333333336,10929.66666666667,0.0,37.69420731834162,37.85179447916236,39.81518965358454,350688.2450320323,381318.9061635439,474975.11165484594,3551.4208302499383,3853.4102552926333,4803.675154028667,36100152.11872314,29899782.03574772,180335492.784883,182765156.38485706,190825396.17999622,1826055.5231213712,1850645.429328646,1931672.1455205712,75599.71236666669
67.60654441666668,198673.09852577784,138480.7384801389,2938.666666666667,1300.0,1638.666666666667,2048.3333333333335,0.19832189076404827,10377.583333333336,11267.91666666667,0.0,37.69420731834162,37.85179447916236,39.81518965358454,360462.3529896783,394122.2756461206,472725.55343941844,3645.2107099727923,3985.401327740343,4781.09978188461,36100152.11872314,29899782.03574772,180335492.784883,182765156.38485706,190825396.17999622,1826055.5231213712,1850645.429328646,1931672.1455205712,75599.71236666669
65.64718075,176989.17578071667,114559.80100714584,2696.0666666666666,1300.0,1396.0666666666666,1745.0833333333333,0.09916094492118023,10366.516666666666,11317.5,0.0,37.69420731834162,38.08692246057826,39.45526625461276,360045.20376202185,396001.575189755,462653.82722911437,3641.2078509847483,4004.4505179475423,4679.8934510472345,36100152.11872314,29899782.03574772,180335492.784883,182765156.38485706,190825396.17999622,1826055.5231213712,1850645.429328646,1931672.1455205712,75599.71236666669
60.573017666666665,129694.9072266889,63687.480325027784,2141.133333333333,1300.0,841.1333333333334,1051.4166666666667,-9.216878094076009e-10,10374.950000000003,11464.66666666667,0.0,37.69420731834162,38.10229658768639,38.21983657836123,360363.0915770733,401608.9093614647,441727.09272955096,3644.258222442505,4060.995462417389,4467.1534325797975,36100152.11872314,29899782.03574772,180335492.784883,182765156.38485706,190825396.17999622,1826055.5231213712,1850645.429328646,1931672.1455205712,75599.71236666669
50.97377258333333,7408.188282111111,9260.235352638887,145.33333333333334,0.0,145.33333333333334,181.66666666666666,-9.216878094076009e-10,11297.666666666664,11261.33333333333,0.0,37.86545138888889,37.85179447916236,38.10229658768639,395248.37973355484,393873.0846657992,400783.3596020646,3996.9979157946364,3982.8323958055366,4052.6703403811794,36100152.11872314,29899782.03574772,180335492.784883,182765156.38485706,190825396.17999622,1826055.5231213712,1850645.429328646,1931672.1455205712,75599.71236666669
47.70729025,-53424.5112404009,-13004.212200645832,-1119.8395666666668,-901.7729,-218.06666666666666,-272.5833333333333,0.06207856828121074,11624.839566666664,10777.58333333333,0.0,38.10229658768639,37.85179447916236,37.69420731834162,407711.8647025743,375562.2790865044,365265.22323882335,4122.53972115861,3794.064675786085,3691.2978439541002,36100152.11872314,29899782.03574772,180335492.784883,182765156.38485706,190825396.17999622,1826055.5231213712,1850645.429328646,1931672.1455205712,75599.71236666669
47.46534225,-97057.1318328,-25204.09673475,-2044.8,-1620.0,-424.8,-531.0,0.17360030741164553,12140.8,10627.0,0.0,38.21983657836123,37.70426335671883,37.69420731834162,427383.8250589682,369863.92229374324,349848.2924456218,4321.249798077318,3735.4683109685943,3543.360856655037,36100152.11872314,29899782.03574772,180335492.784883,182765156.38485706,190825396.17999622,1826055.5231213712,1850645.429328646,1931672.1455205712,75599.71236666669
44.24364991666666,-97728.32351259443,-32567.013309493053,-2208.866666666667,-1620.0,-588.8666666666667,-736.0833333333334,0.2851220465420803,11746.616666666663,10273.83333333333,0.0,38.10229658768639,37.69420731834162,37.67408287333122,412351.85188436264,356551.5789804001,328808.61748046736,4169.33091586855,3607.683906959886,3338.106063915812,36100152.11872314,29899782.03574772,180335492.784883,182765156.38485706,190825396.17999622,1826055.5231213712,1850645.429328646,1931672.1455205712,75599.71236666669
45.202678666666664,-96109.93538106667,-28601.994926333333,-2126.2,-1620.0,-506.20000000000005,-632.75,0.39664378567251507,11738.45,10245.0,0.0,38.10229658768639,37.69420731834162,37.67408287333122,412040.6831288967,355464.7293360547,331615.33665453066,4166.192985254904,3597.254771343449,3366.6567869795485,36100152.11872314,29899782.03574772,180335492.784883,182765156.38485706,190825396.17999622,1826055.5231213712,1850645.429328646,1931672.1455205712,75599.71236666669
47.49298733333333,-19304.316251422224,-24130.395314277775,-406.4666666666667,0.0,-406.4666666666667,-508.0833333333333,0.39664378567251507,10615.716666666664,10717.33333333333,0.0,37.69420731834162,37.85179447916236,37.69420731834162,369438.60022575245,373281.7084691349,354117.16142442386,3731.344519040803,3770.554070863766,3584.3238488594834,36100152.11872314,29899782.03574772,180335492.784883,182765156.38485706,190825396.17999622,1826055.5231213712,1850645.429328646,1931672.1455205712,75599.71236666669
51.143341416666665,-10136.610268783334,-12670.762835979167,-198.20000000000002,0.0,-198.20000000000002,-247.75,0.39664378567251507,11125.11666666667,11174.66666666667,0.0,37.85179447916236,37.85179447916236,37.85179447916236,388717.03939449624,390592.5958109387,381214.81372872624,3929.6782674431283,3949.013545018247,3852.337157142652,36100152.11872314,29899782.03574772,180335492.784883,182765156.38485706,190825396.17999622,1826055.5231213712,1850645.429328646,1931672.1455205712,75599.71236666669
65.725531,152789.95106466667,84183.45095583334,2324.666666666667,1300.0,1024.6666666666667,1280.8333333333333,0.297482839829647,10613.583333333336,11657.41666666667,0.0,37.69420731834162,38.10229658768639,38.21983657836123,369358.18591680686,408953.1270287413,457862.2337383825,3730.5728835732307,4135.057028839491,4631.284491866017,36100152.11872314,29899782.03574772,180335492.784883,182765156.38485706,190825396.17999622,1826055.5231213712,1850645.429328646,1931672.1455205712,75599.71236666669
74.50130566666667,263724.68855257775,208591.2389823889,3539.866666666667,1300.0,2239.866666666667,2799.8333333333335,0.19832189398677896,11184.133333333337,11924.16666666667,0.0,37.85179447916236,38.10229658768639,40.92615399131757,390950.92613200814,419116.91464350664,529241.7936559626,3952.7076041042437,4237.552088985254,5355.205726669047,36100152.11872314,29899782.03574772,180335492.784883,182765156.38485706,190825396.17999622,1826055.5231213712,1850645.429328646,1931672.1455205712,75599.71236666669
71.12952558333335,216124.6925007723,154570.38655304865,3038.466666666667,1300.0,1738.466666666667,2173.0833333333335,0.09916094814391092,11102.366666666667,11967.75,0.0,37.85179447916236,38.10229658768639,40.29294351772499,387855.91107009514,420777.53973645315,505710.36409656395,3920.8008191114627,4254.298392158084,5115.137873015931,36100152.11872314,29899782.03574772,180335492.784883,182765156.38485706,190825396.17999622,1826055.5231213712,1850645.429328646,1931672.1455205712,75599.71236666669
58.93047250000001,57582.92902883334,-23783.356526458334,977.1333333333333,1300.0,-322.8666666666667,-403.5833333333333,2.3010428840120056e-09,9702.366666666663,11083.08333333333,0.0,37.69420731834162,37.85179447916236,37.85179447916236,335010.59597154515,387126.0022998885,371849.6489113399,3400.9820560833446,3913.2761248112893,3755.7908417700824,36100152.11872314,29899782.03574772,180335492.784883,182765156.38485706,190825396.17999622,1826055.5231213712,1850645.429328646,1931672.1455205712,75599.71236666669
38.8453695,-170883.3701218,-134942.33941475,-4399.0666666666675,-1620.0,-2779.066666666667,-3473.8333333333335,0.11152174143147767,9200.566666666668,8499.333333333334,224.0,37.67408287333122,37.38267504946703,36.54519337464469,316105.5446369614,289834.1026487921,161813.43868865207,3208.886896510347,2940.5927144131883,1636.2705014222797,36100152.11872314,29899782.03574772,180335492.784883,182765156.38485706,190825396.17999622,1826055.5231213712,1850645.429328646,1931672.1455205712,75599.71236666669
28.062521333333333,-159080.82093440002,-142024.420468,-5668.8,-1620.0,-4048.8,-5061.0,0.22304348056191245,7637.3,7412.5,383.0,36.91444713464553,36.91444713464553,34.40678741940975,257906.59181489257,249608.22409902426,66311.198488774,2613.4196171888143,2528.2765142060584,675.2171068003219,36100152.11872314,29899782.03574772,180335492.784883,182765156.38485706,190825396.17999622,1826055.5231213712,1850645.429328646,1931672.1455205712,75599.71236666669
25.383043583333333,-160073.9338510278,-148691.75405753474,-6306.333333333334,-1620.0,-4686.333333333334,-5857.916666666667,0.3345652196923472,7249.833333333334,6958.416666666667,157.0,36.8984215940507,36.8984215940507,28.89990849804915,243604.60970843208,232851.79468223246,26356.888870672534,2467.163582575743,2358.833728863176,267.72205573576525,36100152.11872314,29899782.03574772,180335492.784883,182765156.38485706,190825396.17999622,1826055.5231213712,1850645.429328646,1931672.1455205712,75599.71236666669
25.6505245,-140963.31240723334,-124261.82839654168,-5495.533333333334,-1620.0,-3875.5333333333338,-4844.416666666667,0.446086958822782,7264.45,6700.333333333333,87.0,36.8984215940507,36.8984215940507,32.03152896725441,244143.94163739844,223328.9270425012,49521.19728454446,2472.597113127983,2262.8950508683743,503.68228709232847,36100152.11872314,29899782.03574772,180335492.784883,182765156.38485706,190825396.17999622,1826055.5231213712,1850645.429328646,1931672.1455205712,75599.71236666669
23.558119083333338,-119548.03110028338,-101729.84773160418,-5074.6,-1620.0,-3454.6000000000004,-4318.25,0.5576086979532168,7037.85,6359.5,78.0,36.8984215940507,36.81294353290304,34.13948634071171,235782.75930418656,210776.35730329147,55660.595534477594,2388.3619005986116,2134.099763762907,566.1773208776455,36100152.11872314,29899782.03574772,180335492.784883,182765156.38485706,190825396.17999622,1826055.5231213712,1850645.429328646,1931672.1455205712,75599.71236666669
20.519593249999996,-79811.64193231665,-58212.37608414582,-3889.5333333333333,-1620.0,-2269.5333333333333,-2836.9166666666665,0.6691304370836515,7252.033333333334,6450.416666666667,251.0,36.8984215940507,36.81294353290304,36.05783602834195,243685.78623593898,214123.26741949125,110563.02994850998,2467.981400173115,2168.6033223758473,1116.5018876875772,36100152.11872314,29899782.03574772,180335492.784883,182765156.38485706,190825396.17999622,1826055.5231213712,1850645.429328646,1931672.1455205712,75599.71236666669
26.826800333333335,-70037.62185691112,-33222.75664613889,-2610.7333333333336,-1620.0,-990.7333333333335,-1238.4166666666667,0.7806521762140863,8690.816666666668,7373.5,55.0,37.38267504946703,36.91444713464553,36.81294353290304,296992.2618761809,248168.56066077307,202514.91922544915,3013.8271434313297,2513.505246339833,2048.9319513480154,36100152.11872314,29899782.03574772,180335492.784883,182765156.38485706,190825396.17999622,1826055.5231213712,1850645.429328646,1931672.1455205712,75599.71236666669
49.08083250000001,27616.693217240758,34765.5896875,562.6777666666668,-3.9889,566.6666666666667,708.3333333333334,0.7809267744024921,10005.405566666666,9860.75,1.0,37.69420731834162,37.69420731834162,37.69420731834162,346433.4070936675,340980.7301739819,367680.7936911406,3510.592476377777,3458.2699611486682,3714.4770499917913,36100152.11872314,29899782.03574772,180335492.784883,182765156.38485706,190825396.17999622,1826055.5231213712,1850645.429328646,1931672.1455205712,75599.71236666669
61.107803749999995,219405.53243758332,174956.73445322918,3590.4666666666667,1300.0,2290.4666666666667,2863.0833333333335,0.6817658285596241,11343.616666666667,12071.0,0.0,38.10229658768639,38.21983657836123,40.92615399131757,396996.62635952514,424716.0804657986,537839.6965069717,4014.4836459951025,4294.112771772909,5442.6659695807975,36100152.11872314,29899782.03574772,180335492.784883,182765156.38485706,190825396.17999622,1826055.5231213712,1850645.429328646,1931672.1455205712,75599.71236666669
58.28677866666666,204815.85444942222,161303.80272844443,3513.9333333333334,1300.0,2213.9333333333334,2767.4166666666665,0.582604882716756,11472.983333333334,12219.5,0.0,38.10229658768639,38.21983657836123,40.92615399131757,401925.7934614189,430391.72619768523,540001.9616428463,4064.1910284912856,4351.846989626845,5464.661127853724,36100152.11872314,29899782.03574772,180335492.784883,182765156.38485706,190825396.17999622,1826055.5231213712,1850645.429328646,1931672.1455205712,75599.71236666669
64.28135391666667,246257.58143115556,203364.7766743611,3830.9333333333334,1300.0,2530.9333333333334,3163.6666666666665,0.483443936873888,11708.983333333334,12376.25,0.0,38.10229658768639,38.21983657836123,41.5298700120919,410917.93545611284,436382.68558134336,562778.0639496406,4154.870819285663,4412.788664028222,5694.911239583328,36100152.11872314,29899782.03574772,180335492.784883,182765156.38485706,190825396.17999622,1826055.5231213712,1850645.429328646,1931672.1455205712,75599.71236666669
66.54995975000001,227702.9056166167,176484.94742702084,3421.5333333333333,1300.0,2121.5333333333333,2651.9166666666665,0.3842829910310199,11668.883333333333,12438.5,0.0,38.10229658768639,38.21983657836123,40.92615399131757,409390.0333629466,438761.87040834635,544237.8185809477,4139.4629395786515,4436.990381613458,5507.749434754317,36100152.11872314,29899782.03574772,180335492.784883,182765156.38485706,190825396.17999622,1826055.5231213712,1850645.429328646,1931672.1455205712,75599.71236666669
67.229942,206292.83602893335,148617.38928616667,3068.466666666667,1300.0,1768.466666666667,2210.5833333333335,0.2851220451881519,11517.033333333336,12374.91666666667,0.0,38.10229658768639,38.21983657836123,40.3419018404908,403604.19962610654,436331.725799239,523629.21214703156,4081.1166419848983,4412.2702872124755,5298.633379316556,36100152.11872314,29899782.03574772,180335492.784883,182765156.38485706,190825396.17999622,1826055.5231213712,1850645.429328646,1931672.1455205712,75599.71236666669
66.96172058333333,164243.7082468,96491.83936058333,2452.8,1300.0,1152.8,1441.0,0.18596109934528382,11416.366666666669,12428.16666666667,0.0,38.10229658768639,38.21983657836123,40.29294351772499,399768.5684362794,438366.93209703674,494764.1144409154,4042.436844216675,4432.9729612914125,5002.826953267762,36100152.11872314,29899782.03574772,180335492.784883,182765156.38485706,190825396.17999622,1826055.5231213712,1850645.429328646,1931672.1455205712,75599.71236666669
63.808603749999996,94747.26875491666,14745.104849895833,1484.8666666666668,1300.0,184.86666666666667,231.08333333333334,0.08680015350241578,11228.549999999997,12482.33333333333,0.0,37.85179447916236,38.21983657836123,38.21983657836123,392632.176670124,440437.1732450311,449269.1404810141,3970.0397651327285,4454.0320194311735,4543.873201310504,36100152.11872314,29899782.03574772,180335492.784883,182765156.38485706,190825396.17999622,1826055.5231213712,1850645.429328646,1931672.1455205712,75599.71236666669
51.22412125,-4565.776674083334,-5707.220842604167,-89.13333333333334,0.0,-89.13333333333334,-111.41666666666667,0.08680015350241578,12320.883333333337,12343.16666666667,0.0,38.21983657836123,38.21983657836123,38.21983657836123,434266.5806294549,435118.245987876,430859.91919577034,4391.263066754287,4399.926439287476,4356.609576621531,36100152.11872314,29899782.03574772,180335492.784883,182765156.38485706,190825396.17999622,1826055.5231213712,1850645.429328646,1931672.1455205712,75599.71236666669
47.992601500000006,-87778.46814350001,-12538.067141875003,-1829.0,-1620.0,-209.0,-261.25,0.19832189263285055,13610.83333333333,12043.08333333333,0.0,39.81518965358454,38.21983657836123,38.10229658768639,484454.4447248699,423649.11002798594,413693.6877625257,4898.804708918886,4283.259257193184,4182.8624411474,36100152.11872314,29899782.03574772,180335492.784883,182765156.38485706,190825396.17999622,1826055.5231213712,1850645.429328646,1931672.1455205712,75599.71236666669
52.35736416666666,-29752.94481044445,-37191.18101305555,-568.2666666666668,0.0,-568.2666666666668,-710.3333333333334,0.19832189263285055,12102.766666666663,12244.83333333333,0.0,38.21983657836123,38.21983657836123,38.10229658768639,425930.19727443776,431359.9620576703,404269.71973983786,4306.4630994081035,4361.696149126056,4087.8279711340842,36100152.11872314,29899782.03574772,180335492.784883,182765156.38485706,190825396.17999622,1826055.5231213712,1850645.429328646,1931672.1455205712,75599.71236666669
50.428186916666675,-83554.96046033593,-13645.026909868056,-1656.9098666666666,-1440.4432,-216.46666666666667,-270.5833333333333,0.2974828375603868,13743.409866666663,12357.08333333333,0.0,39.81518965358454,38.21983657836123,38.21983657836123,489733.00454315136,435650.1387135913,425308.48793276306,4951.7775333006375,4405.336997301843,4300.138902255978,36100152.11872314,29899782.03574772,180335492.784883,182765156.38485706,190825396.17999622,1826055.5231213712,1850645.429328646,1931672.1455205712,75599.71236666669
52.006859166666665,26828.60508211111,33535.75635263889,515.8666666666667,0.0,515.8666666666667,644.8333333333334,0.2974828375603868,12515.883333333337,12386.91666666667,0.0,38.21983657836123,38.21983657836123,38.74096153846154,441719.44876223535,436790.3638381793,461452.05363134434,4467.075676057436,4416.935678554208,4667.771192704904,36100152.11872314,29899782.03574772,180335492.784883,182765156.38485706,190825396.17999622,1826055.5231213712,1850645.429328646,1931672.1455205712,75599.71236666669
57.902462750000005,146423.74780220003,88938.182784,2528.8,1300.0,1228.8000000000002,1536.0,0.19832189171751874,11562.7,12555.5,0.0,38.10229658768639,38.21983657836123,40.29294351772499,405344.2045036108,443233.5912880146,503722.5788830228,4098.66343766121,4482.477947195348,5094.742761208901,36100152.11872314,29899782.03574772,180335492.784883,182765156.38485706,190825396.17999622,1826055.5231213712,1850645.429328646,1931672.1455205712,75599.71236666669
65.2003785,245253.3970737,200616.131279625,3761.5333333333333,1300.0,2461.5333333333333,3076.9166666666665,0.0991609458746507,12046.216666666664,12730.83333333333,0.0,38.21983657836123,38.21983657836123,41.5298700120919,423768.86551593145,449934.80263475387,573901.1474678791,4284.477442710191,4550.644498466212,5806.427346413234,36100152.11872314,29899782.03574772,180335492.784883,182765156.38485706,190825396.17999622,1826055.5231213712,1850645.429328646,1931672.1455205712,75599.71236666669
55.73669158333333,177172.07942566113,130892.97545915972,3178.7333333333336,1300.0,1878.7333333333333,2348.4166666666665,3.178265983727613e-11,11656.516666666663,12486.83333333333,0.0,38.10229658768639,38.21983657836123,40.92615399131757,408918.83496181207,440609.1625096337,533794.8282874963,4134.711216077984,4455.781541184323,5401.520452685382,36100152.11872314,29899782.03574772,180335492.784883,182765156.38485706,190825396.17999622,1826055.5231213712,1850645.429328646,1931672.1455205712,75599.71236666669
35.942700499999994,-114230.69454906665,-70004.39967383332,-3178.133333333333,-1620.0,-1558.1333333333334,-1947.6666666666667,0.11152173916221744,10767.800000000001,9794.333333333334,257.0,37.85179447916236,37.69420731834162,36.91444713464553,375191.9623638501,338477.20657125546,265635.2465633162,3790.2470478222135,3434.246778818319,2692.717338101431,36100152.11872314,29899782.03574772,180335492.784883,182765156.38485706,190825396.17999622,1826055.5231213712,1850645.429328646,1931672.1455205712,75599.71236666669
23.470888416666668,-93781.84648352778,-69698.75906065972,-3995.666666666667,-1620.0,-2375.666666666667,-2969.5833333333335,0.22304347829265223,7472.25,6832.166666666667,386.0,36.91444713464553,36.8984215940507,36.05783602834195,251813.8623153193,228193.36895598358,119544.43593923615,2550.9068540780318,2311.902150832138,1207.0733379461954,36100152.11872314,29899782.03574772,180335492.784883,182765156.38485706,190825396.17999622,1826055.5231213712,1850645.429328646,1931672.1455205712,75599.71236666669
23.328495,-110483.75232,-90864.488025,-4736.0,-1620.0,-3116.0,-3895.0,0.334565217423087,6126.583333333333,5913.583333333333,628.0,36.81294353290304,36.75289233779517,34.13948634071171,202202.00920541945,194366.75626624346,54886.767177421454,2045.7061374355314,1965.6733653690708,558.3889023501757,36100152.11872314,29899782.03574772,180335492.784883,182765156.38485706,190825396.17999622,1826055.5231213712,1850645.429328646,1931672.1455205712,75599.71236666669
19.785565166666668,-101023.77670332225,-86213.9514166528,-5105.933333333334,-1620.0,-3485.933333333334,-4357.416666666667,0.44608695655352176,5300.85,5181.333333333333,629.0,36.54519337464469,36.54519337464469,28.67198336378443,171876.15768436049,167508.3979895342,18370.147912828066,1738.1396273194794,1693.9229635697777,186.9532555490212,36100152.11872314,29899782.03574772,180335492.784883,182765156.38485706,190825396.17999622,1826055.5231213712,1850645.429328646,1931672.1455205712,75599.71236666669
15.837924083333334,-80165.23654020001,-68134.7494065,-5061.6,-1620.0,-3441.6000000000004,-4302.0,0.5576086956839565,5081.75,5081.75,759.6000000000004,36.54519337464469,36.54519337464469,28.48330343373304,163869.10581597584,163869.10581597584,17112.02785545016,1657.0808821439703,1657.0808821439703,174.40541994699026,36100152.11872314,29899782.03574772,180335492.784883,182765156.38485706,190825396.17999622,1826055.5231213712,1850645.429328646,1931672.1455205712,75599.71236666669
15.451587166666664,-75807.54685128888,-63469.96955161111,-4906.133333333333,-1620.0,-3286.1333333333337,-4107.666666666667,0.6691304348143914,5140.833333333333,5140.833333333333,798.4666666666662,36.54519337464469,36.54519337464469,28.89990849804915,166028.31765786107,166028.31765786107,24410.961698470543,1678.9394894501606,1678.9394894501606,248.06066550654157,36100152.11872314,29899782.03574772,180335492.784883,182765156.38485706,190825396.17999622,1826055.5231213712,1850645.429328646,1931672.1455205712,75599.71236666669
19.99669583333333,-80581.3517561111,-60233.38063263887,-4029.733333333333,-1620.0,-2409.733333333333,-3012.1666666666665,0.7806521739448262,5625.066666666667,5283.5,676.0,36.75289233779517,36.54519337464469,34.40678741940975,183762.93427858394,171242.0985793104,63552.92103065131,1858.5336092081186,1731.7207809991,646.7818142437268,36100152.11872314,29899782.03574772,180335492.784883,182765156.38485706,190825396.17999622,1826055.5231213712,1850645.429328646,1931672.1455205712,75599.71236666669
18.776406500000004,-43641.37574773334,-16529.49652216667,-2324.266666666667,-1620.0,-704.2666666666668,-880.3333333333334,0.8921739130752611,7080.6,6225.666666666667,589.0,36.8984215940507,36.81294353290304,36.54519337464469,237360.16682733223,205849.5583604713,173501.80970297594,2404.253583456646,2083.3090074545835,1754.596784696129,36100152.11872314,29899782.03574772,180335492.784883,182765156.38485706,190825396.17999622,1826055.5231213712,1850645.429328646,1931672.1455205712,75599.71236666669
46.31817958333334,40216.53139288889,50270.66424111112,868.2666666666667,0.0,868.2666666666667,1085.3333333333333,0.8921739130752611,9812.483333333334,9599.416666666666,4.0,37.69420731834162,37.67408287333122,37.85179447916236,339161.3564340833,331131.85259098955,372048.37083235563,3440.811708694793,3361.7386534763996,3757.8394836927755,36100152.11872314,29899782.03574772,180335492.784883,182765156.38485706,190825396.17999622,1826055.5231213712,1850645.429328646,1931672.1455205712,75599.71236666669
53.61855975,192243.98412765004,153174.82056581252,3585.4,1300.0,2285.4,2856.75,0.793012967232393,10544.43333333333,11273.08333333333,0.0,37.69420731834162,37.85179447916236,40.29294351772499,366751.63148074335,394317.8432509294,505267.14171786886,3705.5610433000493,3987.417451537275,5110.590314302201,36100152.11872314,29899782.03574772,180335492.784883,182765156.38485706,190825396.17999622,1826055.5231213712,1850645.429328646,1931672.1455205712,75599.71236666669
56.56555808333332,232842.69225702772,199134.333435868,4116.333333333334,1300.0,2816.3333333333335,3520.4166666666665,0.693852021389525,10924.750000000002,11520.66666666667,0.0,37.85179447916236,38.10229658768639,40.92615399131757,381132.80150735466,403742.63797037513,542218.7949840428,3851.4916858729694,4082.5127009109697,5487.211368985276,36100152.11872314,29899782.03574772,180335492.784883,182765156.38485706,190825396.17999622,1826055.5231213712,1850645.429328646,1931672.1455205712,75599.71236666669
55.32839458333333,200152.31168502776,160281.74840836803,3617.5333333333333,1300.0,2317.5333333333333,2896.9166666666665,0.5946910755466569,11196.883333333333,11917.5,0.0,37.85179447916236,38.10229658768639,40.92615399131757,391433.5365116173,418862.8993329219,532942.200079344,3957.6828773450648,4234.990512974112,5392.847283019402,36100152.11872314,29899782.03574772,180335492.784883,182765156.38485706,190825396.17999622,1826055.5231213712,1850645.429328646,1931672.1455205712,75599.71236666669
50.97378474999999,170503.9117364333,130297.48945179164,3344.9333333333334,1300.0,2044.9333333333334,2556.1666666666665,0.49553012970378885,11180.233333333334,11969.0,0.0,37.85179447916236,38.10229658768639,40.29294351772499,390803.30413353926,420825.16760718776,521196.2853885429,3951.1857558188144,4254.778687660173,5274.026818377452,36100152.11872314,29899782.03574772,180335492.784883,182765156.38485706,190825396.17999622,1826055.5231213712,1850645.429328646,1931672.1455205712,75599.71236666669
51.95162208333335,133567.62037625004,82538.13958489585,2571.0,1300.0,1271.0,1588.75,0.3963691838609208,11138.83333333333,12121.08333333333,0.0,37.85179447916236,38.21983657836123,39.81518965358454,389236.2398421018,426630.2572810981,488396.1485005748,3935.03075094273,4313.584300914443,4938.361555684579,36100152.11872314,29899782.03574772,180335492.784883,182765156.38485706,190825396.17999622,1826055.5231213712,1850645.429328646,1931672.1455205712,75599.71236666669
51.272011083333325,115232.13584275554,60723.15179302776,2247.4666666666667,1300.0,947.4666666666667,1184.3333333333333,0.29720823801805274,11335.616666666667,12398.75,0.0,38.10229658768639,38.21983657836123,39.81518965358454,396691.80798682367,437242.63190435653,483349.57321198314,4011.4097547817337,4421.53627279397,4887.716804901231,36100152.11872314,29899782.03574772,180335492.784883,182765156.38485706,190825396.17999622,1826055.5231213712,1850645.429328646,1931672.1455205712,75599.71236666669
46.38667325,12499.662218433332,15624.577773041667,269.46666666666664,0.0,269.46666666666664,336.8333333333333,0.29720823801805274,12514.616666666667,12447.25,0.0,38.21983657836123,38.21983657836123,38.21983657836123,441671.036969236,439096.29397840705,451970.0089325517,4466.583218082474,4440.392229466805,4571.34717254515,36100152.11872314,29899782.03574772,180335492.784883,182765156.38485706,190825396.17999622,1826055.5231213712,1850645.429328646,1931672.1455205712,75599.71236666669
46.89437608333333,4786.352652238888,5982.94081529861,102.06666666666666,0.0,102.06666666666666,127.58333333333333,0.29720823801805274,12456.599999999997,12431.08333333333,0.0,38.21983657836123,38.21983657836123,38.21983657836123,439453.6494504146,438478.4066203901,443354.6207705127,4444.0273468872365,4434.106910575859,4483.709092132748,36100152.11872314,29899782.03574772,180335492.784883,182765156.38485706,190825396.17999622,1826055.5231213712,1850645.429328646,1931672.1455205712,75599.71236666669
47.66228008333332,-4499.319239866666,-5624.149049833332,-94.4,0.0,-94.4,-118.0,0.29720823801805274,12416.31666666667,12439.91666666667,0.0,38.21983657836123,38.21983657836123,38.21983657836123,437914.02703358314,438816.0151768325,434306.0744605859,4428.3658873414515,4437.541156980192,4391.664808786491,36100152.11872314,29899782.03574772,180335492.784883,182765156.38485706,190825396.17999622,1826055.5231213712,1850645.429328646,1931672.1455205712,75599.71236666669
47.45600525,-17429.008861483333,-21786.261076854164,-367.26666666666665,0.0,-367.26666666666665,-459.0833333333333,0.29720823801805274,12334.933333333332,12426.75,0.0,38.21983657836123,38.21983657836123,38.10229658768639,434803.5693333807,438312.7873285506,420774.3645450708,4396.72546245023,4432.422185924679,4254.266372457945,36100152.11872314,29899782.03574772,180335492.784883,182765156.38485706,190825396.17999622,1826055.5231213712,1850645.429328646,1931672.1455205712,75599.71236666669
47.449195,-15335.579824000004,-19169.47478,-323.20000000000005,0.0,-323.20000000000005,-404.0,0.29720823801805274,12497.533333333331,12578.33333333333,0.0,38.21983657836123,38.21983657836123,38.21983657836123,441018.1147610222,444106.2775565538,428665.46357889584,4459.941515130701,4491.355150165031,4334.28697499338,36100152.11872314,29899782.03574772,180335492.784883,182765156.38485706,190825396.17999622,1826055.5231213712,1850645.429328646,1931672.1455205712,75599.71236666669
46.798677250000004,9665.486808033336,12081.85851004167,206.53333333333336,0.0,206.53333333333336,258.1666666666667,0.29720823801805274,12812.216666666664,12760.58333333333,0.0,38.21983657836123,38.21983657836123,38.74096153846154,453045.26033495617,451071.8427729601,460948.42113134405,4582.284923357432,4562.21078116759,4662.653025104902,36100152.11872314,29899782.03574772,180335492.784883,182765156.38485706,190825396.17999622,1826055.5231213712,1850645.429328646,1931672.1455205712,75599.71236666669
50.4076145,106323.10101103334,51218.33696654167,2109.266666666667,1296.4,812.8666666666668,1016.0833333333334,0.1983218917175188,11888.566666666666,12981.75,0.0,38.10229658768639,38.21983657836123,40.29294351772499,417760.4728849848,459524.7966295411,499948.47317352926,4223.873273085762,4648.196535479794,5056.019609737446,36100152.11872314,29899782.03574772,180335492.784883,182765156.38485706,190825396.17999622,1826055.5231213712,1850645.429328646,1931672.1455205712,75599.71236666669
56.94313408333334,211957.52989392224,172414.31948198614,3722.266666666667,1300.0,2422.266666666667,3027.8333333333335,0.09916094587465075,12394.149999999998,13088.58333333333,0.0,38.21983657836123,39.45526625461276,42.55261320293398,437066.820656096,463679.66415173415,586996.1787826585,4419.747872779639,4690.126394757318,5940.844636102517,36100152.11872314,29899782.03574772,180335492.784883,182765156.38485706,190825396.17999622,1826055.5231213712,1850645.429328646,1931672.1455205712,75599.71236666669
52.75938825,163842.52156410002,119069.14604887502,3105.466666666667,1300.0,1805.466666666667,2256.8333333333335,3.178271534842736e-11,12158.116666666667,13006.75,0.0,38.21983657836123,38.74096153846154,40.92615399131757,428045.6652290502,460483.52959288267,551324.8642471109,4327.982216971845,4657.928562704903,5579.840821017951,36100152.11872314,29899782.03574772,180335492.784883,182765156.38485706,190825396.17999622,1826055.5231213712,1850645.429328646,1931672.1455205712,75599.71236666669
33.68827666666667,-93040.282498,-48081.5928725,-2761.8,-1620.0,-1141.8,-1427.25,0.1115217391622175,10612.383333333335,9613.833333333334,336.0,37.69420731834162,37.67408287333122,36.91444713464553,369312.9528680248,331674.9872857468,278183.08238516777,3730.1388386227195,3367.2635696844827,2821.460931320092,36100152.11872314,29899782.03574772,180335492.784883,182765156.38485706,190825396.17999622,1826055.5231213712,1850645.429328646,1931672.1455205712,75599.71236666669
19.245801583333336,-70925.9110483389,-49684.64060417362,-3685.266666666667,-1620.0,-2065.266666666667,-2581.5833333333335,0.22304347829265228,7946.85,7393.166666666667,550.0,36.91444713464553,36.91444713464553,36.54519337464469,269333.4589254221,248894.54478775445,153995.81273925936,2730.661821496252,2520.9540053492974,1557.1293942925327,36100152.11872314,29899782.03574772,180335492.784883,182765156.38485706,190825396.17999622,1826055.5231213712,1850645.429328646,1931672.1455205712,75599.71236666669
20.101790583333333,-91968.37215749445,-74254.33926561805,-4575.133333333333,-1620.0,-2955.133333333333,-3693.9166666666665,0.3345652174230871,6829.466666666667,6703.25,755.0,36.8984215940507,36.8984215940507,35.51660800667222,228093.74321767964,223436.5474388172,89073.75103460226,2310.8984655989993,2263.979278743679,907.7398624324774,36100152.11872314,29899782.03574772,180335492.784883,182765156.38485706,190825396.17999622,1826055.5231213712,1850645.429328646,1931672.1455205712,75599.71236666669
14.926627083333331,-75153.57714763888,-63715.5515907986,-5034.866666666667,-1620.0,-3414.866666666667,-4268.583333333333,0.4460869565535219,6004.666666666667,6004.666666666667,766.2833333333338,36.75289233779517,36.75289233779517,31.50941732619797,197714.332210011,197714.332210011,45727.275872246224,1999.496874549338,1999.496874549338,464.6298805758355,36100152.11872314,29899782.03574772,180335492.784883,182765156.38485706,190825396.17999622,1826055.5231213712,1850645.429328646,1931672.1455205712,75599.71236666669
6.56015325,-41522.271324099995,-38618.528823875,-6329.466666666666,-1620.0,-4709.466666666666,-5886.833333333333,0.5576086956839567,5557.166666666667,5557.166666666667,442.6333333333332,36.75289233779517,36.75289233779517,0.0,181267.41288884767,181267.41288884767,0.0,1833.3191578997182,1833.3191578997182,0.0,36100152.11872314,29899782.03574772,180335492.784883,182765156.38485706,190825396.17999622,1826055.5231213712,1850645.429328646,1931672.1455205712,75599.71236666669
-1.0734799166666666,6153.974100938889,5518.6707949236115,-5732.733333333334,-1620.0,-4112.733333333334,-5140.916666666667,0.6691304348143914,4958.833333333333,4958.833333333333,591.8166666666666,36.54519337464469,36.54519337464469,0.0,159377.09246367574,159377.09246367574,0.0,1611.6063464928689,1611.6063464928689,0.0,36100152.11872314,29899782.03574772,180335492.784883,182765156.38485706,190825396.17999622,1826055.5231213712,1850645.429328646,1931672.1455205712,75599.71236666669
-6.5526480000000005,32566.223716800007,27438.667446000003,-4969.933333333334,-1620.0,-3349.933333333334,-4187.416666666667,0.7806521739448262,5197.25,5197.25,782.5166666666673,36.54519337464469,36.54519337464469,28.89990849804915,168090.07565074728,168090.07565074728,23736.63050018274,1699.8115305591748,1699.8115305591748,241.24731245681073,36100152.11872314,29899782.03574772,180335492.784883,182765156.38485706,190825396.17999622,1826055.5231213712,1850645.429328646,1931672.1455205712,75599.71236666669
-5.747130666666668,14695.796256711114,6731.80572088889,-2557.0666666666666,-1620.0,-937.0666666666666,-1171.3333333333333,0.8921739130752611,6347.833333333333,6347.833333333333,1385.7333333333333,36.81294353290304,36.81294353290304,36.54519337464469,210346.87296207427,210346.87296207427,167331.76288822343,2129.67217603989,2129.67217603989,1692.1348123373955,36100152.11872314,29899782.03574772,180335492.784883,182765156.38485706,190825396.17999622,1826055.5231213712,1850645.429328646,1931672.1455205712,75599.71236666669
41.14703433333334,48553.50051333334,60691.87564166667,1180.0,0.0,1180.0,1475.0,0.8921739130752611,9463.75,9169.75,1.0,37.67408287333122,37.67408287333122,37.85179447916236,326020.735347841,314944.5549830816,370534.2990531891,3309.7469564431094,3197.0769889164208,3742.2307833294103,36100152.11872314,29899782.03574772,180335492.784883,182765156.38485706,190825396.17999622,1826055.5231213712,1850645.429328646,1931672.1455205712,75599.71236666669
51.79142958333333,235436.9333618889,210135.09362944445,4545.866666666667,1300.0,3245.866666666667,4057.3333333333335,0.793012967232393,10918.466666666667,11407.0,0.0,37.85179447916236,38.10229658768639,41.5298700120919,380894.96606537723,399411.676924908,559639.0979412267,3849.03981919089,4038.8378299210217,5663.441075023675,36100152.11872314,29899782.03574772,180335492.784883,182765156.38485706,190825396.17999622,1826055.5231213712,1850645.429328646,1931672.1455205712,75599.71236666669
49.2691525,226680.80143216666,203288.62897770831,4600.866666666667,1300.0,3300.866666666667,4126.083333333333,0.693852021389525,11323.716666666667,11798.5,0.0,38.10229658768639,38.10229658768639,42.55261320293398,396238.3906574302,414328.7260389872,578833.1691498958,4006.837341601848,4189.266381175253,5856.771255509852,36100152.11872314,29899782.03574772,180335492.784883,182765156.38485706,190825396.17999622,1826055.5231213712,1850645.429328646,1931672.1455205712,75599.71236666669
49.66758791666666,215712.95666713885,188931.36546934026,4343.133333333333,1300.0,3043.133333333333,3803.9166666666665,0.5946910755466569,11401.700000000003,11940.91666666667,0.0,38.10229658768639,38.10229658768639,41.5298700120919,399209.7347529934,419755.12811135035,571288.2264796186,4036.801376992166,4243.988048713245,5780.231123433591,36100152.11872314,29899782.03574772,180335492.784883,182765156.38485706,190825396.17999622,1826055.5231213712,1850645.429328646,1931672.1455205712,75599.71236666669
48.18673241666667,191008.9948508389,160457.8033864653,3963.9333333333334,1300.0,2663.9333333333334,3329.9166666666665,0.49553012970378885,11265.316666666664,11899.33333333333,0.0,37.85179447916236,38.10229658768639,40.92615399131757,394023.86098047456,418170.7076115788,549919.7329600755,3984.3867622167218,4228.010218343753,5565.547437408412,36100152.11872314,29899782.03574772,180335492.784883,182765156.38485706,190825396.17999622,1826055.5231213712,1850645.429328646,1931672.1455205712,75599.71236666669
45.24624683333334,154778.36116746668,120151.40846591668,3420.8,1296.4,2124.4,2655.5,0.3966437834032549,10956.2,11721.5,0.0,37.85179447916236,38.10229658768639,40.29294351772499,382323.24044372427,411394.8492017354,515226.21425733337,3863.764026533665,4159.680178246579,5212.77258055161,36100152.11872314,29899782.03574772,180335492.784883,182765156.38485706,190825396.17999622,1826055.5231213712,1850645.429328646,1931672.1455205712,75599.71236666669
44.04559283333333,59725.089788786114,65734.37683768055,1355.9833333333333,162.05,1193.9333333333334,1492.4166666666667,0.38428299011568817,11777.850000000002,11641.41666666667,0.0,38.10229658768639,38.10229658768639,39.5315934065934,413541.9136144516,408343.4902833383,465467.26914497744,4181.331899480746,4128.909246412753,4708.176799371814,36100152.11872314,29899782.03574772,180335492.784883,182765156.38485706,190825396.17999622,1826055.5231213712,1850645.429328646,1931672.1455205712,75599.71236666669
45.09386825000001,65422.184057100014,8500.194165125002,1450.8,1300.0,150.8,188.5,0.2851220442728201,10386.2,11648.5,0.0,37.69420731834162,38.10229658768639,38.10229658768639,360787.1514094046,408613.3815508343,415795.66445761314,3648.327393853542,4131.630920924589,4204.05948263959,36100152.11872314,29899782.03574772,180335492.784883,182765156.38485706,190825396.17999622,1826055.5231213712,1850645.429328646,1931672.1455205712,75599.71236666669
44.17981225,10485.342107333334,13106.677634166666,237.33333333333337,0.0,237.33333333333337,296.6666666666667,0.2851220442728201,10267.333333333334,10208.0,0.0,37.69420731834162,37.69420731834162,37.69420731834162,356306.56663283106,354070.0436652761,365252.6585030507,3605.332830144621,3583.8717187027028,3691.1772759122928,36100152.11872314,29899782.03574772,180335492.784883,182765156.38485706,190825396.17999622,1826055.5231213712,1850645.429328646,1931672.1455205712,75599.71236666669
43.066700499999996,-4490.421305466667,-5613.026631833333,-104.26666666666668,0.0,-104.26666666666668,-130.33333333333334,0.2851220442728201,9641.849999999999,9667.916666666666,0.0,37.67408287333122,37.67408287333122,37.67408287333122,332730.4895075812,333712.52726781275,328802.33846665523,3378.0004299686298,3387.9899894477535,3338.0421920521353,36100152.11872314,29899782.03574772,180335492.784883,182765156.38485706,190825396.17999622,1826055.5231213712,1850645.429328646,1931672.1455205712,75599.71236666669
41.10481741666667,-20031.74768772222,-25039.684609652777,-487.3333333333333,0.0,-487.3333333333333,-609.1666666666666,0.2851220442728201,9531.5,9653.333333333334,0.0,37.67408287333122,37.67408287333122,37.67408287333122,328573.15446250915,333163.1135592434,310213.31807557243,3335.7108690279156,3382.401201375994,3148.9495396356056,36100152.11872314,29899782.03574772,180335492.784883,182765156.38485706,190825396.17999622,1826055.5231213712,1850645.429328646,1931672.1455205712,75599.71236666669
41.327381249999995,-13230.272317500001,-16537.840396875,-320.1333333333334,0.0,-320.1333333333334,-400.1666666666667,0.2851220442728201,9823.466666666667,9903.5,0.0,37.69420731834162,37.69420731834162,37.67408287333122,339575.3644777965,342592.15753684106,327512.0011282437,3444.7844256723843,3473.732812510612,3324.916524066459,36100152.11872314,29899782.03574772,180335492.784883,182765156.38485706,190825396.17999622,1826055.5231213712,1850645.429328646,1931672.1455205712,75599.71236666669
40.891322333333335,760.072906047144,10331.874109555556,18.587633333333315,-183.5457,202.13333333333333,252.66666666666666,0.29775743666412446,10074.579033333333,9840.5,0.0,37.69420731834162,37.69420731834162,37.69420731834162,349040.8460871292,340217.42247578554,349741.4921915532,3535.6128046411,3450.9454526087998,3542.3360282996646,36100152.11872314,29899782.03574772,180335492.784883,182765156.38485706,190825396.17999622,1826055.5231213712,1850645.429328646,1931672.1455205712,75599.71236666669
45.849282916666674,107498.22872641668,59867.70116843751,2344.6000000000004,1300.0,1044.6000000000001,1305.75,0.1985964908212564,9347.4,10386.25,0.0,37.67408287333122,37.69420731834162,38.10229658768639,321637.3558055289,360789.0361197705,410270.8314523986,3265.1580084100133,3648.3454790598134,4148.345204397282,36100152.11872314,29899782.03574772,180335492.784883,182765156.38485706,190825396.17999622,1826055.5231213712,1850645.429328646,1931672.1455205712,75599.71236666669
52.751475,189177.339645,150750.52768125,3586.2000000000003,1300.0,2286.2000000000003,2857.75,0.09943554497838837,10396.13333333333,11124.58333333333,0.0,37.69420731834162,37.85179447916236,40.29294351772499,361161.58053543326,388696.85177077376,499323.9325490044,3651.9203214994345,3929.470151438281,5049.611686095372,36100152.11872314,29899782.03574772,180335492.784883,182765156.38485706,190825396.17999622,1826055.5231213712,1850645.429328646,1931672.1455205712,75599.71236666669
46.9490705,64195.02906366667,80243.78632958334,1367.3333333333335,0.0,1367.3333333333335,1709.1666666666667,0.09943554497838837,11274.166666666664,10945.33333333333,13.0,37.85179447916236,37.85179447916236,38.21983657836123,394358.84936161514,381911.9176103839,447017.35510927223,3987.8401871721167,3859.5236629349492,4520.967425764637,36100152.11872314,29899782.03574772,180335492.784883,182765156.38485706,190825396.17999622,1826055.5231213712,1850645.429328646,1931672.1455205712,75599.71236666669
27.68373141666667,-85264.0471812389,-50520.50285779862,-3079.9333333333334,-1620.0,-1459.9333333333334,-1824.9166666666667,0.21095728410882314,8418.183333333334,7449.166666666667,286.0,37.38267504946703,36.91444713464553,36.75289233779517,286800.4985685278,250961.7538272946,183732.91941650808,2909.5562068938802,2542.1640310033645,1858.2303426116257,36100152.11872314,29899782.03574772,180335492.784883,182765156.38485706,190825396.17999622,1826055.5231213712,1850645.429328646,1931672.1455205712,75599.71236666669
16.635782166666665,-71862.14275142222,-56140.21955177777,-4319.733333333334,-1620.0,-2699.7333333333336,-3374.6666666666665,0.3224790232392579,5968.0666666666675,5769.0,746.0,36.75289233779517,36.75289233779517,34.40678741940975,196369.1763504477,189052.90058240393,67784.95588323871,1985.90557973509,1911.982799561419,690.4101841122657,36100152.11872314,29899782.03574772,180335492.784883,182765156.38485706,190825396.17999622,1826055.5231213712,1850645.429328646,1931672.1455205712,75599.71236666669
17.580109999999998,-83641.47535066666,-68952.12143833333,-4757.733333333334,-1620.0,-3137.7333333333336,-3922.1666666666665,0.4340007623696927,5231.833333333333,5231.833333333333,835.5666666666671,36.54519337464469,36.54519337464469,29.88469993208707,169353.93025495374,169353.93025495374,32427.823212222404,1712.6060609288065,1712.6060609288065,329.15415614248,36100152.11872314,29899782.03574772,180335492.784883,182765156.38485706,190825396.17999622,1826055.5231213712,1850645.429328646,1931672.1455205712,75599.71236666669
22.043750833333334,-117109.63067716669,-101748.44290895834,-5312.6,-1620.0,-3692.6000000000004,-4615.75,0.5455225015001275,5024.5,5024.5,696.8500000000004,36.54519337464469,36.54519337464469,22.68049909437667,161776.89349527744,161776.89349527744,7789.192002560784,1635.9005390983386,1635.9005390983386,79.73975050576416,36100152.11872314,29899782.03574772,180335492.784883,182765156.38485706,190825396.17999622,1826055.5231213712,1850645.429328646,1931672.1455205712,75599.71236666669
19.01454875,-107062.05055516667,-95323.10197520834,-5630.533333333334,-1620.0,-4010.5333333333338,-5013.166666666667,0.6570442406305623,4728.75,4728.75,617.3666666666668,36.54519337464469,36.54519337464469,0.0,150968.65255472626,150968.65255472626,0.0,1526.4841817927393,1526.4841817927393,0.0,36100152.11872314,29899782.03574772,180335492.784883,182765156.38485706,190825396.17999622,1826055.5231213712,1850645.429328646,1931672.1455205712,75599.71236666669
9.5310155,-50101.371478333334,-43326.40796041667,-5256.666666666666,-1620.0,-3636.6666666666665,-4545.833333333333,0.7685659797609972,4396.666666666667,4396.666666666667,710.833333333333,36.52346033887948,36.52346033887948,0.0,138837.69929268534,138837.69929268534,0.0,1402.2755832750072,1402.2755832750072,0.0,36100152.11872314,29899782.03574772,180335492.784883,182765156.38485706,190825396.17999622,1826055.5231213712,1850645.429328646,1931672.1455205712,75599.71236666669
-3.1479969166666666,13980.464173377779,11100.886460472222,-4441.0666666666675,-1620.0,-2821.066666666667,-3526.3333333333335,0.880087718891432,4264.583333333333,4264.583333333333,914.733333333334,36.14366306779496,36.14366306779496,27.72162838440518,134040.06345206487,134040.06345206487,15936.043576706734,1353.262475057124,1353.262475057124,162.68099125575284,36100152.11872314,29899782.03574772,180335492.784883,182765156.38485706,190825396.17999622,1826055.5231213712,1850645.429328646,1931672.1455205712,75599.71236666669
-2.532789166666666,8414.76987472222,5389.564280902776,-3322.333333333333,-1620.0,-1702.3333333333333,-2127.9166666666665,0.9916094580218668,5119.916666666667,5119.916666666667,1194.4166666666665,36.54519337464469,36.54519337464469,35.51660800667222,165263.91402977478,165263.91402977478,88458.12982915329,1671.2011108410582,1671.2011108410582,901.7843917296901,36100152.11872314,29899782.03574772,180335492.784883,182765156.38485706,190825396.17999622,1826055.5231213712,1850645.429328646,1931672.1455205712,75599.71236666669
44.0428755,37574.4451849,46968.05648112501,853.1333333333334,0.0,853.1333333333334,1066.4166666666667,0.9916094580218668,8092.283333333333,7901.0,22.0,36.91444713464553,36.91444713464553,37.38267504946703,274702.0500203707,267640.93152429856,307332.3097948634,2785.744763120475,2713.296112991984,3119.615165364054,36100152.11872314,29899782.03574772,180335492.784883,182765156.38485706,190825396.17999622,1826055.5231213712,1850645.429328646,1931672.1455205712,75599.71236666669
54.613003333333324,254780.5831506666,229729.59852166663,4665.200000000001,1300.0,3365.2000000000003,4206.5,0.8924485121789988,9329.883333333333,9788.583333333334,0.0,37.67408287333122,37.69420731834162,40.29294351772499,320977.4314538644,338260.464879175,499837.66757885553,3258.4450755375333,3432.1669800971217,5054.882720059015,36100152.11872314,29899782.03574772,180335492.784883,182765156.38485706,190825396.17999622,1826055.5231213712,1850645.429328646,1931672.1455205712,75599.71236666669
52.424579916666666,278391.99421747227,262800.05040725693,5310.333333333334,1300.0,4010.333333333334,5012.916666666667,0.7932875663361307,9967.833333333332,10265.25,0.0,37.69420731834162,37.69420731834162,40.92615399131757,345017.15154098766,356228.03703425115,551921.7039928177,3497.0024445796575,3604.5792798833177,5585.912039784138,36100152.11872314,29899782.03574772,180335492.784883,182765156.38485706,190825396.17999622,1826055.5231213712,1850645.429328646,1931672.1455205712,75599.71236666669
54.890907750000004,274271.5690575,253641.736228125,4996.666666666666,1300.0,3696.6666666666665,4620.833333333333,0.6941266204932627,10099.749999999996,10475.58333333333,0.0,37.69420731834162,37.69420731834162,40.92615399131757,349989.6457230655,364156.3853068755,544483.3755048955,3544.7172471253816,3680.657714264498,5510.2473076181195,36100152.11872314,29899782.03574772,180335492.784883,182765156.38485706,190825396.17999622,1826055.5231213712,1850645.429328646,1931672.1455205712,75599.71236666669
61.63767766666667,285571.4698081778,256803.11105188887,4633.066666666667,1300.0,3333.0666666666666,4166.333333333333,0.5949656746503946,10051.849999999997,10518.58333333333,0.0,37.69420731834162,37.69420731834162,40.86874695715677,348184.0931925169,365777.23622156424,527644.4092037621,3527.391619517496,3696.210991657798,5338.971619962592,36100152.11872314,29899782.03574772,180335492.784883,182765156.38485706,190825396.17999622,1826055.5231213712,1850645.429328646,1931672.1455205712,75599.71236666669
60.27064200000001,222181.69466880005,179787.32508600003,3686.4,1300.0,2386.4,2983.0,0.4958047288075266,10051.6,10755.0,0.0,37.69420731834162,37.85179447916236,39.81518965358454,348174.66964068747,374707.4593945168,489517.60967581754,3527.301193486141,3785.2522637059365,4949.615944747547,36100152.11872314,29899782.03574772,180335492.784883,182765156.38485706,190825396.17999622,1826055.5231213712,1850645.429328646,1931672.1455205712,75599.71236666669
61.948962833333326,178041.31918299999,121884.58437458331,2874.0,1300.0,1574.0,1967.5,0.3966437829646585,9702.0,10608.5,0.0,37.69420731834162,37.69420731834162,38.21983657836123,334996.77476219524,369166.57369627187,444017.09793787106,3400.8494312373564,3728.73422093565,4490.447990737473,36100152.11872314,29899782.03574772,180335492.784883,182765156.38485706,190825396.17999622,1826055.5231213712,1850645.429328646,1931672.1455205712,75599.71236666669
54.377633833333334,94073.30653166668,29227.97818541667,1730.0,1300.0,430.0,537.5,0.29748283712179047,9386.91666666667,10579.41666666667,0.0,37.67408287333122,37.69420731834162,37.85179447916236,323126.1099804068,368070.30050009687,388406.6546797671,3280.302027287893,3718.2146592878566,3926.4784838686382,36100152.11872314,29899782.03574772,180335492.784883,182765156.38485706,190825396.17999622,1826055.5231213712,1850645.429328646,1931672.1455205712,75599.71236666669
54.908033499999995,78412.33237356666,8789.861029458332,1428.0666666666666,1300.0,128.0666666666667,160.08333333333334,0.1983218912789224,9218.766666666666,10486.75,0.0,37.67408287333122,37.69420731834162,37.85179447916236,316791.21294525603,364577.3039552638,370613.15695835405,3215.8617040239033,3684.6967436650843,3743.0437364733357,36100152.11872314,29899782.03574772,180335492.784883,182765156.38485706,190825396.17999622,1826055.5231213712,1850645.429328646,1931672.1455205712,75599.71236666669
46.27441408333333,-5148.799807005556,-6435.999758756945,-111.26666666666668,0.0,-111.26666666666668,-139.08333333333334,0.1983218912789224,10211.683333333332,10239.5,0.0,37.69420731834162,37.69420731834162,37.69420731834162,354208.8839955653,355257.41119580384,350014.7751946111,3585.2039955646865,3595.265398653609,3544.9583832089997,36100152.11872314,29899782.03574772,180335492.784883,182765156.38485706,190825396.17999622,1826055.5231213712,1850645.429328646,1931672.1455205712,75599.71236666669
44.540159916666674,-9314.832110572224,-11643.540138215281,-209.13333333333335,0.0,-209.13333333333335,-261.4166666666667,0.1983218912789224,9655.300000000001,9707.583333333334,0.0,37.67408287333122,37.69420731834162,37.67408287333122,333237.2059222276,335207.2340863893,325358.29939065163,3383.1548893673857,3402.868945937649,3303.008474825159,36100152.11872314,29899782.03574772,180335492.784883,182765156.38485706,190825396.17999622,1826055.5231213712,1850645.429328646,1931672.1455205712,75599.71236666669
42.9846705,-76876.6503669,-9051.855196125,-1788.4666666666667,-1620.0,-168.4666666666667,-210.58333333333334,0.3098436304093572,11282.966666666667,9705.083333333334,0.0,37.85179447916236,37.69420731834162,37.67408287333122,394691.9451530319,335112.99856809346,327179.2133961959,3991.274101252058,3401.964685624085,3321.5313152915637,36100152.11872314,29899782.03574772,180335492.784883,182765156.38485706,190825396.17999622,1826055.5231213712,1850645.429328646,1931672.1455205712,75599.71236666669
47.430812083333336,5438.73311888889,6798.416398611112,114.66666666666669,0.0,114.66666666666669,143.33333333333334,0.3098436304093572,9767.0,9738.333333333334,0.0,37.69420731834162,37.69420731834162,37.69420731834162,337446.8982378874,336366.33096142835,341769.167343724,3424.3601993900193,3413.991347794486,3465.8356057721535,36100152.11872314,29899782.03574772,180335492.784883,182765156.38485706,190825396.17999622,1826055.5231213712,1850645.429328646,1931672.1455205712,75599.71236666669
59.32838291666666,114523.55515680555,46745.82170642361,1930.3333333333335,1300.0,630.3333333333334,787.9166666666666,0.21068268456648914,8804.916666666668,9947.333333333334,0.0,37.38267504946703,37.69420731834162,37.85179447916236,301257.6250993251,344244.42029096175,373959.88645355334,3057.4656586248366,3489.5875100084336,3777.5454679015247,36100152.11872314,29899782.03574772,180335492.784883,182765156.38485706,190825396.17999622,1826055.5231213712,1850645.429328646,1931672.1455205712,75599.71236666669
72.18714958333334,202364.64266527782,135651.68525868058,2803.3333333333335,1300.0,1503.3333333333335,1879.1666666666667,0.1115217387236211,10087.916666666664,11012.08333333333,0.0,37.69420731834162,37.85179447916236,38.21983657836123,349543.5976031318,384438.524891868,456065.9014191993,3540.4370816411792,3885.5706816663155,4613.011709110896,36100152.11872314,29899782.03574772,180335492.784883,182765156.38485706,190825396.17999622,1826055.5231213712,1850645.429328646,1931672.1455205712,75599.71236666669
59.55342850000002,120226.46145580005,53508.75550725002,2018.8000000000002,1300.0,718.8000000000001,898.5,0.012360792880753063,10075.45,11195.75,0.0,37.69420731834162,37.85179447916236,38.21983657836123,349073.6764852299,391390.63781120756,425604.6916662455,3535.9278368775417,3957.2406308347695,4303.151967497515,36100152.11872314,29899782.03574772,180335492.784883,182765156.38485706,190825396.17999622,1826055.5231213712,1850645.429328646,1931672.1455205712,75599.71236666669
44.20932341666667,-124901.0529140821,-86447.64783100695,-2825.2197333333334,-1260.8864,-1564.3333333333335,-1955.4166666666667,0.09916094360539075,9679.303066666667,9147.5,338.0,37.67408287333122,37.67408287333122,36.8984215940507,334141.4994450417,314106.30663914996,241473.72586137563,3392.353612979203,3188.550095115507,2445.6958706447135,36100152.11872314,29899782.03574772,180335492.784883,182765156.38485706,190825396.17999622,1826055.5231213712,1850645.429328646,1931672.1455205712,75599.71236666669
47.7789505,-121559.20586210002,-151949.007327625,-2544.2000000000003,0.0,-2544.2000000000003,-3180.25,0.09916094360539075,6748.616666666667,7384.666666666667,0.0,36.8984215940507,36.91444713464553,36.05783602834195,225110.50583180063,248580.77198710997,131870.20622159104,2280.843668895558,2517.734626455376,1331.3704570364773,36100152.11872314,29899782.03574772,180335492.784883,182765156.38485706,190825396.17999622,1826055.5231213712,1850645.429328646,1931672.1455205712,75599.71236666669
51.89565891666667,-90969.63037032224,-198042.48370248612,-1752.9333333333334,1300.0,-3052.9333333333334,-3816.1666666666665,-2.2374772867816972e-09,4384.766666666666,6448.0,0.0,36.52346033887948,36.81294353290304,34.40678741940975,138403.07011465266,214034.3028059534,75956.56789534853,1397.803449919527,2167.6861792046507,774.6519551998916,36100152.11872314,29899782.03574772,180335492.784883,182765156.38485706,190825396.17999622,1826055.5231213712,1850645.429328646,1931672.1455205712,75599.71236666669
40.28246300000001,-200061.50974073337,-168504.8996009167,-4966.466666666667,-1620.0,-3346.4666666666667,-4183.083333333333,0.1115217368929575,6811.883333333334,6347.5,319.0,36.8984215940507,36.81294353290304,34.40678741940975,227444.9459713176,210334.60198089664,59874.26200905943,2304.3621204078777,2129.5456735335183,608.8582379962096,36100152.11872314,29899782.03574772,180335492.784883,182765156.38485706,190825396.17999622,1826055.5231213712,1850645.429328646,1931672.1455205712,75599.71236666669
34.37206083333333,-198118.2671726111,-178044.41077826387,-5763.933333333333,-1620.0,-4143.933333333333,-5179.916666666667,0.22304347602339228,5939.016666666666,5842.0,487.0,36.75289233779517,36.75289233779517,26.49577902471625,195301.50482803473,191735.86172306296,13886.356047997484,1975.117953659846,1939.0911198193457,141.82688177161853,36100152.11872314,29899782.03574772,180335492.784883,182765156.38485706,190825396.17999622,1826055.5231213712,1850645.429328646,1931672.1455205712,75599.71236666669
30.5007655,-163050.9922099,-142049.690124875,-5345.8,-1620.0,-3725.8,-4657.25,0.3345652151538271,5960.966666666667,5680.416666666667,408.0,36.75289233779517,36.75289233779517,28.89990849804915,196108.23081484935,185797.2068694809,24121.962613490075,1983.269017079867,1879.0876575132727,245.14065705665712,36100152.11872314,29899782.03574772,180335492.784883,182765156.38485706,190825396.17999622,1826055.5231213712,1850645.429328646,1931672.1455205712,75599.71236666669
34.86932825,-155738.0430739167,-124062.16413614583,-4466.333333333334,-1620.0,-2846.3333333333335,-3557.9166666666665,0.44608695428426187,6436.833333333334,6099.416666666667,571.0,36.81294353290304,36.81294353290304,34.40678741940975,213623.22493650267,201201.92423944228,72848.48809846186,2163.448345241192,2035.3961831662205,742.6105236704227,36100152.11872314,29899782.03574772,180335492.784883,182765156.38485706,190825396.17999622,1826055.5231213712,1850645.429328646,1931672.1455205712,75599.71236666669
43.010019416666665,-60016.87355532928,-36192.931339124996,-1395.4161,-722.2161,-673.2,-841.5,0.4958047292842619,6977.582766666666,6771.666666666667,348.0,36.8984215940507,36.8984215940507,36.75289233779517,233558.99352034618,225961.0144495435,194976.24173084524,2365.9584442509035,2289.4121669043934,1971.8315340121387,36100152.11872314,29899782.03574772,180335492.784883,182765156.38485706,190825396.17999622,1826055.5231213712,1850645.429328646,1931672.1455205712,75599.71236666669
54.00358258333333,201134.54321220558,163662.3573173403,3724.4666666666667,1300.0,2424.4666666666667,3030.5833333333335,0.39664378344139384,6623.366666666667,7317.25,0.0,36.81294353290304,36.8984215940507,37.69420731834162,220490.06600350683,246092.17829756433,359340.9503219575,2234.2391478069153,2492.224735464924,3634.4500122413806,36100152.11872314,29899782.03574772,180335492.784883,182765156.38485706,190825396.17999622,1826055.5231213712,1850645.429328646,1931672.1455205712,75599.71236666669
50.27352133333334,249088.54036622224,229666.20329111113,4954.666666666666,1300.0,3654.6666666666665,4568.333333333333,0.2974828375985258,7603.0,7989.333333333333,0.0,36.91444713464553,36.91444713464553,38.21983657836123,256640.4262781742,270901.70768785896,443316.4009339344,2600.428476475698,2746.752403458221,4483.320309520937,36100152.11872314,29899782.03574772,180335492.784883,182765156.38485706,190825396.17999622,1826055.5231213712,1850645.429328646,1931672.1455205712,75599.71236666669
45.61377933333333,145255.5598276889,181569.44978461112,3184.466666666667,0.0,3184.466666666667,3980.5833333333335,0.2974828375985258,9454.616666666667,8658.5,0.0,37.67408287333122,37.38267504946703,38.21983657836123,325676.6453909312,295784.1784274989,446428.13262868935,3306.2467783135953,3001.4673594757046,4514.973693832552,36100152.11872314,29899782.03574772,180335492.784883,182765156.38485706,190825396.17999622,1826055.5231213712,1850645.429328646,1931672.1455205712,75599.71236666669
46.92692283333333,127453.52241533333,159316.90301916664,2716.0,0.0,2716.0,3395.0,0.2974828375985258,9608.166666666666,8929.166666666666,0.0,37.67408287333122,37.38267504946703,38.21983657836123,331461.5008161312,305902.42247422127,434392.06909288705,3365.0919263194555,3104.9861276239,4392.539569663065,36100152.11872314,29899782.03574772,180335492.784883,182765156.38485706,190825396.17999622,1826055.5231213712,1850645.429328646,1931672.1455205712,75599.71236666669
48.21998725,163051.06488715002,125456.35182768751,3381.4,1300.0,2081.4,2601.75,0.19832189175565773,7941.766666666666,8721.416666666666,0.0,36.91444713464553,37.38267504946703,38.10229658768639,269145.810485821,298136.1717326945,396217.43439430697,2728.7365066675343,3025.5303736234528,4006.6260115809287,36100152.11872314,29899782.03574772,180335492.784883,182765156.38485706,190825396.17999622,1826055.5231213712,1850645.429328646,1931672.1455205712,75599.71236666669
48.39990108333333,129844.02796629445,83655.19569745139,2682.7333333333336,1300.0,1382.7333333333336,1728.4166666666667,0.09916094591278969,7767.766666666667,8722.083333333334,0.0,36.91444713464553,37.38267504946703,37.69420731834162,262722.6966843927,298161.09351606085,363210.8889399739,2662.8339269566827,3025.7853459587936,3671.584969118407,36100152.11872314,29899782.03574772,180335492.784883,182765156.38485706,190825396.17999622,1826055.5231213712,1850645.429328646,1931672.1455205712,75599.71236666669
49.01429433333333,99035.01551031112,44145.541096222216,2020.5333333333333,1300.0,720.5333333333333,900.6666666666666,6.992165180186305e-11,7091.133333333333,8211.0,0.0,36.8984215940507,36.91444713464553,37.67408287333122,237748.8302014562,279084.41013603867,312756.31866952224,2408.16919498346,2830.7087550055708,3174.817644424895,36100152.11872314,29899782.03574772,180335492.784883,182765156.38485706,190825396.17999622,1826055.5231213712,1850645.429328646,1931672.1455205712,75599.71236666669
47.4356065,15226.8296865,19033.537108124998,321.0,0.0,321.0,401.25,6.992165180186305e-11,8027.583333333333,7947.333333333333,0.0,36.91444713464553,36.91444713464553,37.38267504946703,272313.68529075914,269351.3009082038,284198.6643850849,2761.239608480865,2730.844884217671,2882.9370950843436,36100152.11872314,29899782.03574772,180335492.784883,182765156.38485706,190825396.17999622,1826055.5231213712,1850645.429328646,1931672.1455205712,75599.71236666669
