price,profit,profit_actual,P_ESS,P_ESS_controlled,P_ESS_passive,P_ESS_actual,SOC_controlled,P_natural_gas,P_natural_gas_actual,P_renewable_absorbed,marginal_price_gas,marginal_price_gas_actual,marginal_price_gas_withoutESS,cost,cost_actual,cost_withoutESS,carbon,carbon_actual,carbon_withoutESS,total_profit,total_profit_actual,total_cost,total_cost_actual,total_cost_withoutESS,total_carbon,total_carbon_actual,total_carbon_withoutESS,total_absorb
35.44805166666667,53011.96928503718,24716.15402458334,1495.4833,937.6833,557.8000000000001,697.25,0.036056142690058496,2374.5167,3172.75,0.0,6.726867748451722,18.45575082523466,22.54267874059992,3572.8721555151815,12352.564379714207,27076.888755991058,46.672936358298685,163.07277254118827,355.8525201319364,53013414.016751714,42544988.655126594,18202838.639359653,21074114.606961463,55063391.24055437,239126.56408446238,276835.0331151397,722186.3587169661,170102.23333333334
33.166672999999996,10087.090815066667,12608.863518833332,304.1333333333334,0.0,304.1333333333334,380.1666666666667,0.036056142690058496,3028.7000000000003,2952.666666666667,0.0,17.39733704012239,17.1284303663124,19.54019622199443,9810.314359683156,8488.513860980696,15380.078781047641,129.45910641929586,112.08757778568567,203.15213232042868,53013414.016751714,42544988.655126594,18202838.639359653,21074114.606961463,55063391.24055437,239126.56408446238,276835.0331151397,722186.3587169661,170102.23333333334
34.31482541666667,-24396.61125667257,1970.2428926736113,-710.9641666666666,-756.8975,45.93333333333334,57.416666666666664,0.08399298435672517,3766.0475,2997.666666666667,0.0,22.54267874059992,17.39733704012239,17.39733704012239,24733.520944208845,9270.417000204692,10269.314101925049,325.498275570104,122.36263079041649,135.49225406726362,53013414.016751714,42544988.655126594,18202838.639359653,21074114.606961463,55063391.24055437,239126.56408446238,276835.0331151397,722186.3587169661,170102.23333333334
31.3794705,-44473.0775573,107.213190875,-1417.2666666666667,-1420.0,2.7333333333333334,3.4166666666666665,0.1739263176900585,4251.516666666666,2830.833333333333,0.0,24.31424150686455,7.975883779865536,7.975883779865536,36012.019086822176,6817.857284045461,6845.108220293333,473.4288505027878,90.01455277045757,90.37898378864823,53013414.016751714,42544988.655126594,18202838.639359653,21074114.606961463,55063391.24055437,239126.56408446238,276835.0331151397,722186.3587169661,170102.23333333334
39.90446616666667,8382.598192744446,10478.247740930556,210.06666666666666,0.0,210.06666666666666,262.5833333333333,0.1739263176900585,3062.9333333333334,3010.416666666667,0.0,17.39733704012239,17.39733704012239,18.7737340514465,10405.883197690007,9492.233047466252,14234.074747725857,137.2873346371896,125.2782075122708,188.2015220713297,53013414.016751714,42544988.655126594,18202838.639359653,21074114.606961463,55063391.24055437,239126.56408446238,276835.0331151397,722186.3587169661,170102.23333333334
32.67084766666667,-9868.774051844448,45654.78704352778,-302.0666666666666,-1420.0,1117.9333333333334,1397.4166666666667,0.2638596510233918,4458.900000000001,2759.416666666667,0.0,25.11795777038495,7.975883779865536,24.31424150686455,41120.47538043563,6248.246250766735,33709.86565348057,539.9936866703218,82.39705563413061,442.641793789854,53013414.016751714,42544988.655126594,18202838.639359653,21074114.606961463,55063391.24055437,239126.56408446238,276835.0331151397,722186.3587169661,170102.23333333334
56.96049541666667,253029.91273991668,182430.22669572916,4442.200000000001,1880.0,2562.2000000000003,3202.75,0.1319298264619883,1723.1333333333323,2962.583333333333,0.0,2.726986341086646,17.39733704012239,37.04540704776583,1356.9940096964021,8660.06042571372,94759.70193169588,17.630047188796826,114.34003079106562,1245.923097396371,53013414.016751714,42544988.655126594,18202838.639359653,21074114.606961463,55063391.24055437,239126.56408446238,276835.0331151397,722186.3587169661,170102.23333333334
301.86002466666673,870906.4191666225,379261.96599161124,2885.133333333333,1880.0,1005.1333333333334,1256.4166666666667,1.9005848006514725e-09,687.1166666666666,2315.833333333333,0.0,0.06435851962640775,4.984897117165479,21.87279216787323,25.769180728685367,3221.956503135316,20379.17854239322,0.33468461594946575,42.033713149472085,268.68732086804266,53013414.016751714,42544988.655126594,18202838.639359653,21074114.606961463,55063391.24055437,239126.56408446238,276835.0331151397,722186.3587169661,170102.23333333334
3.8627219166666666,-12624.920312433333,-8924.818988458333,-3268.4,-1420.0,-1848.4,-2310.5,0.08993333523391814,2084.733333333333,1994.833333333333,868.0,2.987420255012056,2.987420255012056,0.0,2385.844200430352,2117.2751195047676,0.0,31.081260962074186,27.53065276643053,0.0,53013414.016751714,42544988.655126594,18202838.639359653,21074114.606961463,55063391.24055437,239126.56408446238,276835.0331151397,722186.3587169661,170102.23333333334
-6.5923914166666675,27598.387426733338,22796.489518833336,-4186.4,-1420.0,-2766.4,-3458.0,0.17986666856725148,1866.166666666667,1866.166666666667,728.3999999999996,2.726986341086646,2.726986341086646,0.0,1747.0439560164991,1747.0439560164991,0.0,22.677501146668288,22.677501146668288,0.0,53013414.016751714,42544988.655126594,18202838.639359653,21074114.606961463,55063391.24055437,239126.56408446238,276835.0331151397,722186.3587169661,170102.23333333334
-7.451608583333335,41096.1181109889,38143.54240331945,-5515.066666666667,-1420.0,-4095.0666666666666,-5118.833333333333,0.26980000190058484,1683.833333333333,1683.833333333333,396.2333333333336,2.726986341086646,2.726986341086646,0.0,1249.8234464916989,1249.8234464916989,0.0,16.243203046095758,16.243203046095758,0.0,53013414.016751714,42544988.655126594,18202838.639359653,21074114.606961463,55063391.24055437,239126.56408446238,276835.0331151397,722186.3587169661,170102.23333333334
-5.69068625,32132.270221083327,30064.369682604163,-5646.466666666666,-1420.0,-4226.466666666666,-5283.083333333333,0.35973333523391815,1473.5,1473.5,363.3833333333332,2.452441325406859,2.452441325406859,0.0,719.1587053672257,719.1587053672257,0.0,9.20053221379264,9.20053221379264,0.0,53013414.016751714,42544988.655126594,18202838.639359653,21074114.606961463,55063391.24055437,239126.56408446238,276835.0331151397,722186.3587169661,170102.23333333334
-6.7898171666666665,35280.79530695556,32049.06866286111,-5196.133333333333,-1420.0,-3776.1333333333337,-4720.166666666667,0.44966666856725146,1418.833333333333,1418.833333333333,475.96666666666624,2.452441325406859,2.452441325406859,0.0,585.0919129116501,585.0919129116501,0.0,7.404224309691784,7.404224309691784,0.0,53013414.016751714,42544988.655126594,18202838.639359653,21074114.606961463,55063391.24055437,239126.56408446238,276835.0331151397,722186.3587169661,170102.23333333334
-5.598304166666666,31669.606670833327,29650.01844270833,-5657.0,-1420.0,-4237.0,-5296.25,0.5396000019005848,1418.583333333333,1418.583333333333,360.75,2.452441325406859,2.452441325406859,0.0,584.4788025802983,584.4788025802983,0.0,7.396009486959616,7.396009486959616,0.0,53013414.016751714,42544988.655126594,18202838.639359653,21074114.606961463,55063391.24055437,239126.56408446238,276835.0331151397,722186.3587169661,170102.23333333334
-4.5940139166666665,26512.666848272223,24986.458858256945,-5771.133333333334,-1420.0,-4351.133333333334,-5438.916666666667,0.6295333352339181,1424.583333333333,1424.583333333333,332.21666666666715,2.452441325406859,2.452441325406859,0.0,599.1934505327395,599.1934505327395,0.0,7.59316523253166,7.59316523253166,0.0,53013414.016751714,42544988.655126594,18202838.639359653,21074114.606961463,55063391.24055437,239126.56408446238,276835.0331151397,722186.3587169661,170102.23333333334
-2.291741083333333,11029.691485866666,9719.273934416666,-4812.8,-1420.0,-3392.8,-4241.0,0.7194666685672514,1431.5,1431.5,571.8000000000002,2.452441325406859,2.452441325406859,0.0,616.1561697001376,616.1561697001376,0.0,7.8204419947883315,7.8204419947883315,0.0,53013414.016751714,42544988.655126594,18202838.639359653,21074114.606961463,55063391.24055437,239126.56408446238,276835.0331151397,722186.3587169661,170102.23333333334
-4.557193166666667,14590.309642400001,10148.869182166667,-3201.6000000000004,-1420.0,-1781.6000000000001,-2227.0,0.8094000019005847,1428.583333333333,1428.583333333333,974.6000000000004,2.452441325406859,2.452441325406859,0.0,609.0032158343669,609.0032158343669,0.0,7.724602396246356,7.724602396246356,0.0,53013414.016751714,42544988.655126594,18202838.639359653,21074114.606961463,55063391.24055437,239126.56408446238,276835.0331151397,722186.3587169661,170102.23333333334
23.980088416666664,-26363.70920528333,9610.020432979165,-1099.4,-1420.0,320.6,400.75,0.899333335233918,2348.733333333333,1323.583333333333,475.0,6.726867748451722,1.814173378373551,2.726986341086646,3399.430857838674,410.8026067451584,1360.266393305708,44.35789265993021,5.212698018986068,17.672393574833528,53013414.016751714,42544988.655126594,18202838.639359653,21074114.606961463,55063391.24055437,239126.56408446238,276835.0331151397,722186.3587169661,170102.23333333334
41.598637000000004,207993.185,162234.68430000002,5000.0,1880.0,3120.0,3900.0,0.7674035106725146,677.333333333333,1777.333333333333,0.0,0.06435851962640775,2.726986341086646,32.32072417038805,25.139539878340333,1504.7966693833005,77884.67310814759,0.32646462293967926,19.542692291453324,1023.7492041527566,53013414.016751714,42544988.655126594,18202838.639359653,21074114.606961463,55063391.24055437,239126.56408446238,276835.0331151397,722186.3587169661,170102.23333333334
37.22038575,265594.7472758,244525.52758225,7135.733333333334,1880.0,5255.733333333334,6569.666666666667,0.635473686111111,1502.0166666666664,2068.083333333333,0.0,2.452441325406859,2.987420255012056,44.03935801615658,789.0941571634107,2336.103653184401,197114.00994738497,10.137569660108653,30.423667786796464,2583.378510382029,53013414.016751714,42544988.655126594,18202838.639359653,21074114.606961463,55063391.24055437,239126.56408446238,276835.0331151397,722186.3587169661,170102.23333333334
36.20905766666667,245408.09530442228,221668.83361386118,6777.533333333334,1880.0,4897.533333333334,6121.916666666667,0.5035438615497074,1453.3000000000002,2108.916666666667,0.0,2.452441325406859,2.987420255012056,43.33706109539501,669.6193905940077,2458.0899802640615,179297.1331736241,8.53677453703343,32.03638378222232,2350.318901769664,53013414.016751714,42544988.655126594,18202838.639359653,21074114.606961463,55063391.24055437,239126.56408446238,276835.0331151397,722186.3587169661,170102.23333333334
39.646335416666666,221210.69309083335,183344.478134375,5579.6,1880.0,3699.6000000000004,4624.5,0.3716140369883039,1359.3999999999996,2314.5,0.0,1.814173378373551,4.984897117165479,40.56336769416088,475.78024991390436,3215.3099736457634,124992.647633962,6.027912828118487,41.94736523180669,1639.9798527532266,53013414.016751714,42544988.655126594,18202838.639359653,21074114.606961463,55063391.24055437,239126.56408446238,276835.0331151397,722186.3587169661,170102.23333333334
38.06462666666666,142856.54387999998,89118.80718333332,3753.0,1880.0,1873.0,2341.25,0.2396842124269004,1131.333333333333,2543.083333333333,0.0,0.2329054940317283,6.726867748451722,29.74892242460735,109.72935593048871,4706.797604750265,52754.42384865087,1.4311172591168841,61.808241506715426,692.9381901073951,53013414.016751714,42544988.655126594,18202838.639359653,21074114.606961463,55063391.24055437,239126.56408446238,276835.0331151397,722186.3587169661,170102.23333333334
32.38064241666667,-21656.173648266664,30405.423229250002,-668.8,-1420.0,751.2,939.0,0.3296175457602337,4450.883333333333,2843.083333333333,0.0,25.11795777038495,7.975883779865536,22.54267874059992,40919.113085643025,6915.561860348813,25095.011583379972,537.3546430582004,91.32117129909243,330.1807565758785,53013414.016751714,42544988.655126594,18202838.639359653,21074114.606961463,55063391.24055437,239126.56408446238,276835.0331151397,722186.3587169661,170102.23333333334
37.101275916666665,112340.19005727222,53237.23916742361,3027.9333333333334,1880.0,1147.9333333333334,1434.9166666666667,0.1976877211988302,1796.8166666666664,3389.833333333333,0.0,2.726986341086646,20.2102968360311,28.86981938291347,1557.9274532621384,16519.621517102572,50993.07730215929,20.23023292029878,218.00153911767634,669.5715404455694,53013414.016751714,42544988.655126594,18202838.639359653,21074114.606961463,55063391.24055437,239126.56408446238,276835.0331151397,722186.3587169661,170102.23333333334
36.09184691666666,88932.71692579443,26350.055903076387,2464.0666666666666,1880.0,584.0666666666667,730.0833333333334,0.0657578966374267,1719.35,3453.333333333333,0.0,2.726986341086646,20.89355881015782,24.31424150686455,1346.6769113726268,17818.46756634043,34356.21924020469,17.496538443931232,235.27304029688008,451.2855810556747,53013414.016751714,42544988.655126594,18202838.639359653,21074114.606961463,55063391.24055437,239126.56408446238,276835.0331151397,722186.3587169661,170102.23333333334
39.9802795,7828.138726100001,9785.173407625,195.8,0.0,195.8,244.75,0.0657578966374267,3532.7,3483.75,0.0,21.87279216787323,21.16951077001569,22.54267874059992,19514.10961215383,18456.14620303429,23887.099714196167,257.45984638668244,243.6720748630238,314.5343641905277,53013414.016751714,42544988.655126594,18202838.639359653,21074114.606961463,55063391.24055437,239126.56408446238,276835.0331151397,722186.3587169661,170102.23333333334
39.49643291666667,-3277.7721044167765,10117.669565486112,-82.98906666666662,-287.9224,204.93333333333337,256.1666666666667,0.08399298197076004,3507.989066666666,3168.833333333333,0.0,21.87279216787323,18.00995923074696,20.46319657202558,18973.61250307965,12281.468133234002,17236.596912648725,250.44489383521346,162.12874286241134,227.61231895665065,53013414.016751714,42544988.655126594,18202838.639359653,21074114.606961463,55063391.24055437,239126.56408446238,276835.0331151397,722186.3587169661,170102.23333333334
39.8115825,-51423.2940625,6386.441359375,-1291.6666666666667,-1420.0,128.33333333333334,160.41666666666666,0.17392631530409336,4810.083333333334,3358.0,0.0,28.73459949991579,20.05144506726853,21.87279216787323,50570.441149540646,15880.160412549263,19201.693230689376,664.0367913597474,209.64448674187378,253.40508632324978,53013414.016751714,42544988.655126594,18202838.639359653,21074114.606961463,55063391.24055437,239126.56408446238,276835.0331151397,722186.3587169661,170102.23333333334
39.88354350000001,-7176.378927100006,61822.816053625014,-179.9333333333334,-1420.0,1240.0666666666666,1550.0833333333333,0.2638596486374267,5056.849999999999,3326.833333333333,0.0,30.27619760479042,19.54019622199443,29.74892242460735,57940.06939087757,15262.837603715667,52533.786007335024,761.8891322714189,201.66032971389757,689.9903733080595,53013414.016751714,42544988.655126594,18202838.639359653,21074114.606961463,55063391.24055437,239126.56408446238,276835.0331151397,722186.3587169661,170102.23333333334
491.1462656666667,2224859.8403856223,1626881.076165361,4529.933333333333,1880.0,2649.9333333333334,3312.4166666666665,0.13192982407602322,2306.483333333333,3524.0,0.0,4.984897117165479,21.87279216787323,40.56336769416088,3175.347715089819,19323.816320293336,120831.5221646693,41.4281983768434,254.9900858813011,1587.5622450250098,53013414.016751714,42544988.655126594,18202838.639359653,21074114.606961463,55063391.24055437,239126.56408446238,276835.0331151397,722186.3587169661,170102.23333333334
217.06643574999998,581463.0969913832,216722.74722672915,2678.7333333333336,1880.0,798.7333333333333,998.4166666666666,-4.85380291515014e-10,2227.433333333333,3907.75,0.0,4.444041173682934,22.54267874059992,29.74892242460735,2813.5085836779976,27927.874878448703,53403.94198825482,36.73412752671586,366.8755617346797,701.6160328200461,53013414.016751714,42544988.655126594,18202838.639359653,21074114.606961463,55063391.24055437,239126.56408446238,276835.0331151397,722186.3587169661,170102.23333333334
28.895383250000005,-2820.1894052000007,-3525.236756500001,-97.60000000000001,0.0,-97.60000000000001,-122.0,-4.85380291515014e-10,2513.516666666667,2537.916666666667,0.0,6.726867748451722,6.726867748451722,6.726867748451722,4507.906548321046,4672.042121383269,3851.364256072159,59.15350187424853,61.34433548300367,50.39016743922802,53013414.016751714,42544988.655126594,18202838.639359653,21074114.606961463,55063391.24055437,239126.56408446238,276835.0331151397,722186.3587169661,170102.23333333334
3.506885833333334,-11317.889546111113,-7922.639578472223,-3227.333333333333,-1420.0,-1807.3333333333333,-2259.1666666666665,0.08993333284795305,2602.9166666666665,2051.75,417.0,6.726867748451722,2.987420255012056,0.0,5109.288525032628,2287.309122352538,0.0,67.18057255550704,29.778581388626144,0.0,53013414.016751714,42544988.655126594,18202838.639359653,21074114.606961463,55063391.24055437,239126.56408446238,276835.0331151397,722186.3587169661,170102.23333333334
-1.300662,5650.2491496,4754.136387,-4344.133333333333,-1420.0,-2924.133333333333,-3655.1666666666665,0.17986666618128638,1640.666666666667,1640.666666666667,688.9666666666667,2.726986341086646,2.726986341086646,0.0,1132.1085361014605,1132.1085361014605,0.0,14.71990943727651,14.71990943727651,0.0,53013414.016751714,42544988.655126594,18202838.639359653,21074114.606961463,55063391.24055437,239126.56408446238,276835.0331151397,722186.3587169661,170102.23333333334
-11.677364416666665,68610.74387560555,65036.108004923604,-5875.533333333334,-1420.0,-4455.533333333334,-5569.416666666667,0.26979999951461975,1368.833333333333,1368.833333333333,306.1166666666668,1.814173378373551,1.814173378373551,0.0,492.8939521165616,492.8939521165616,0.0,6.242622731314835,6.242622731314835,0.0,53013414.016751714,42544988.655126594,18202838.639359653,21074114.606961463,55063391.24055437,239126.56408446238,276835.0331151397,722186.3587169661,170102.23333333334
-13.316537750000002,80568.60446423334,77073.90107404167,-6050.266666666666,-1420.0,-4630.266666666666,-5787.833333333333,0.35973333284795306,1346.333333333333,1346.333333333333,262.4333333333334,1.814173378373551,1.814173378373551,0.0,452.07505110315674,452.07505110315674,0.0,5.730505471040862,5.730505471040862,0.0,53013414.016751714,42544988.655126594,18202838.639359653,21074114.606961463,55063391.24055437,239126.56408446238,276835.0331151397,722186.3587169661,170102.23333333334
-13.70682525,92019.40063335,90694.6359729375,-6713.400000000001,-1420.0,-5293.400000000001,-6616.75,0.44966666618128637,1342.666666666667,1342.666666666667,96.65000000000055,1.814173378373551,1.814173378373551,0.0,445.4230820491215,445.4230820491215,0.0,5.647049324922155,5.647049324922155,0.0,53013414.016751714,42544988.655126594,18202838.639359653,21074114.606961463,55063391.24055437,239126.56408446238,276835.0331151397,722186.3587169661,170102.23333333334
-20.88745575,133608.69945045002,129935.64035681251,-6396.6,-1420.0,-4976.6,-6220.75,0.5395999995146197,1351.583333333333,1351.583333333333,175.85000000000036,1.814173378373551,1.814173378373551,0.0,461.59946133961785,461.59946133961785,0.0,5.849999498438123,5.849999498438123,0.0,53013414.016751714,42544988.655126594,18202838.639359653,21074114.606961463,55063391.24055437,239126.56408446238,276835.0331151397,722186.3587169661,170102.23333333334
-20.70375875,116726.41158191665,109158.84269614583,-5637.933333333333,-1420.0,-4217.933333333333,-5272.416666666667,0.629533332847953,1360.166666666667,1360.166666666667,365.5166666666664,1.814173378373551,1.814173378373551,0.0,477.1711161706586,477.1711161706586,0.0,6.045362749579689,6.045362749579689,0.0,53013414.016751714,42544988.655126594,18202838.639359653,21074114.606961463,55063391.24055437,239126.56408446238,276835.0331151397,722186.3587169661,170102.23333333334
-14.542145666666668,59906.85381202223,49071.25870669445,-4119.533333333333,-1420.0,-2699.5333333333333,-3374.4166666666665,0.7194666661812863,1350.666666666667,1350.666666666667,745.1166666666663,1.814173378373551,1.814173378373551,0.0,459.93646907610986,459.93646907610986,0.0,5.829135461908456,5.829135461908456,0.0,53013414.016751714,42544988.655126594,18202838.639359653,21074114.606961463,55063391.24055437,239126.56408446238,276835.0331151397,722186.3587169661,170102.23333333334
9.714861083333332,-17664.855736527774,-4837.191247743055,-1818.3333333333335,-1420.0,-398.33333333333337,-497.9166666666667,0.8093999995146196,2302.25,1452.833333333333,471.0,4.984897117165479,2.452441325406859,0.2329054940317283,3154.244983960486,668.4749179754832,68.64094502505796,41.15404373825573,8.5214402012667,0.8905234415024983,53013414.016751714,42544988.655126594,18202838.639359653,21074114.606961463,55063391.24055437,239126.56408446238,276835.0331151397,722186.3587169661,170102.23333333334
27.916057500000004,50353.123448000006,62941.404310000005,1803.7333333333333,0.0,1803.7333333333333,2254.6666666666665,0.8093999995146196,2351.4333333333334,1904.5,4.0,6.726867748451722,2.726986341086646,24.31424150686455,3417.5934007594956,1851.5784324248198,33766.598883663224,44.600320969095755,24.03023292283983,443.40049612039587,53013414.016751714,42544988.655126594,18202838.639359653,21074114.606961463,55063391.24055437,239126.56408446238,276835.0331151397,722186.3587169661,170102.23333333334
28.813348833333336,133918.68270756668,167398.35338445834,4647.8,0.0,4647.8,5809.75,0.8093999995146196,3270.533333333333,2108.583333333333,0.0,18.7737340514465,2.987420255012056,42.67864751735718,14187.766203732272,2457.0941735123893,165875.9479369435,187.58281993427582,32.02321875368821,2172.5197242909403,53013414.016751714,42544988.655126594,18202838.639359653,21074114.606961463,55063391.24055437,239126.56408446238,276835.0331151397,722186.3587169661,170102.23333333334
26.82618391666667,128806.81628200557,161008.52035250695,4801.533333333334,0.0,4801.533333333334,6001.916666666667,0.8093999995146196,3594.633333333333,2394.25,0.0,22.29799400873425,6.726867748451722,44.00734847810429,20875.019476497844,3705.615454855703,186477.56972151608,275.1560563597551,48.44475508172685,2444.9240452011045,53013414.016751714,42544988.655126594,18202838.639359653,21074114.606961463,55063391.24055437,239126.56408446238,276835.0331151397,722186.3587169661,170102.23333333334
31.06236166666667,150801.03571330558,152117.56214194448,4854.783333333334,937.05,3917.7333333333336,4897.166666666667,0.7436421047777775,2674.2166666666662,2631.833333333333,0.0,6.726867748451722,6.726867748451722,42.16104933318046,5588.914195497234,5303.807117425356,149342.9382353167,73.58247568273,69.77694981724895,1955.3441080947205,53013414.016751714,42544988.655126594,18202838.639359653,21074114.606961463,55063391.24055437,239126.56408446238,276835.0331151397,722186.3587169661,170102.23333333334
28.043032166666674,62801.435769511125,78501.79471188891,2239.4666666666667,0.0,2239.4666666666667,2799.3333333333335,0.7436421047777775,3295.7833333333338,2735.916666666667,0.0,18.7737340514465,7.975883779865536,32.32072417038805,14661.802988531312,6060.812981939895,73292.43688227164,193.91615599938586,79.89048131389231,963.5051658257848,53013414.016751714,42544988.655126594,18202838.639359653,21074114.606961463,55063391.24055437,239126.56408446238,276835.0331151397,722186.3587169661,170102.23333333334
26.2704055,3846.9287213970892,29663.666210416668,146.43583333333345,-756.8975,903.3333333333335,1129.1666666666667,0.7915789464444442,3901.564166666666,2918.833333333333,0.0,22.54267874059992,16.36690594755028,22.95067322431902,27788.429624872464,7922.384498307812,31090.113431905247,365.0692915841903,104.65162079192724,407.8401144847974,53013414.016751714,42544988.655126594,18202838.639359653,21074114.606961463,55063391.24055437,239126.56408446238,276835.0331151397,722186.3587169661,170102.23333333334
30.581369249999995,19192.867341299996,23991.084176624994,627.6,0.0,627.6,784.5,0.7915789464444442,3732.233333333333,3575.333333333333,0.0,22.54267874059992,21.87279216787323,24.65932766745755,23971.259048161068,20446.61965157749,38658.80001496974,315.62450163821615,269.56261913144397,508.2238761277487,53013414.016751714,42544988.655126594,18202838.639359653,21074114.606961463,55063391.24055437,239126.56408446238,276835.0331151397,722186.3587169661,170102.23333333334
33.092835333333326,70264.91416875554,10062.979677611109,2123.2666666666664,1880.0,243.26666666666665,304.0833333333333,0.6596491218830407,2014.8166666666668,3834.0,0.0,2.987420255012056,22.54267874059992,24.31424150686455,2176.9737342674266,26265.35232132946,33253.97362522684,28.31989622704915,345.34048045779707,436.5450786337102,53013414.016751714,42544988.655126594,18202838.639359653,21074114.606961463,55063391.24055437,239126.56408446238,276835.0331151397,722186.3587169661,170102.23333333334
33.069701333333335,65687.45008177779,4395.514468888889,1986.3333333333333,1880.0,106.33333333333333,132.91666666666666,0.5277192973216371,2004.2500000000005,3857.666666666667,0.0,2.987420255012056,22.54267874059992,22.542812225147,2145.406660239467,26798.862384857,29795.162928442725,27.90256482251856,352.2511732065369,391.0630229825145,53013414.016751714,42544988.655126594,18202838.639359653,21074114.606961463,55063391.24055437,239126.56408446238,276835.0331151397,722186.3587169661,170102.23333333334
34.57583208333333,80112.20293708333,18887.048275520832,2317.0,1880.0,437.0,546.25,0.39578947276023363,2004.0,3774.75,0.0,2.987420255012056,22.54267874059992,24.44044850498339,2144.6598051757123,24929.698605948914,37701.80898553842,27.892691051117975,328.0394151607761,495.98512820406955,53013414.016751714,42544988.655126594,18202838.639359653,21074114.606961463,55063391.24055437,239126.56408446238,276835.0331151397,722186.3587169661,170102.23333333334
42.93699825000001,106709.89051745003,32485.417259312508,2485.266666666667,1880.0,605.2666666666668,756.5833333333334,0.2638596481988301,2532.1499999999996,4260.833333333333,0.0,6.726867748451722,24.31424150686455,30.27619760479042,4633.2505173671925,36238.54677019446,56746.177998662,60.82655650169946,476.45824052259593,746.090141297367,53013414.016751714,42544988.655126594,18202838.639359653,21074114.606961463,55063391.24055437,239126.56408446238,276835.0331151397,722186.3587169661,170102.23333333334
52.600959499999995,178205.03732473333,99144.04183091666,3387.866666666667,1880.0,1507.8666666666668,1884.8333333333333,0.1319298236374266,3076.7999999999993,4579.833333333333,0.0,17.39733704012239,25.86398386890221,38.65126493140946,10647.126271313025,44164.36907972629,106151.38786469,140.45826252291855,579.9475842079792,1396.3943856211738,53013414.016751714,42544988.655126594,18202838.639359653,21074114.606961463,55063391.24055437,239126.56408446238,276835.0331151397,722186.3587169661,170102.23333333334
51.22752091666666,245622.3021231722,186643.20349979858,4794.733333333334,1880.0,2914.7333333333336,3643.4166666666665,-9.239768949953486e-10,3827.683333333333,4979.0,0.0,22.54267874059992,30.11596286407184,44.03935801615658,26122.957733951327,55588.44412201326,196438.7397911372,343.49600682978826,730.7025512066837,2574.640155063841,53013414.016751714,42544988.655126594,18202838.639359653,21074114.606961463,55063391.24055437,239126.56408446238,276835.0331151397,722186.3587169661,170102.23333333334
22.61286366666667,-14173.742946266666,22420.654325500003,-626.8,-1420.0,793.2,991.5,0.08993333240935644,6049.8,4514.5,83.0,37.04540704776583,25.11795777038495,32.32072417038805,90479.72257077735,42517.03383246902,72347.05570028778,1188.849644464699,558.2969080633287,951.103020692197,53013414.016751714,42544988.655126594,18202838.639359653,21074114.606961463,55063391.24055437,239126.56408446238,276835.0331151397,722186.3587169661,170102.23333333334
-3.1495611666666665,9322.701053333334,6062.905245833333,-2960.0,-1420.0,-1540.0,-1925.0,0.17986666574268978,2464.666666666667,2464.666666666667,1035.0,6.726867748451722,6.726867748451722,0.06435851962640775,4179.299058809181,4179.299058809181,16.27951700977157,54.76734524360558,54.76734524360558,0.2107965782023121,53013414.016751714,42544988.655126594,18202838.639359653,21074114.606961463,55063391.24055437,239126.56408446238,276835.0331151397,722186.3587169661,170102.23333333334
-9.798291916666665,48420.545774322214,43133.71406581944,-4941.733333333334,-1420.0,-3521.7333333333336,-4402.166666666667,0.26979999907602314,2149.166666666667,2149.166666666667,539.5666666666666,2.987420255012056,2.987420255012056,0.0,2578.333645528297,2578.333645528297,0.0,33.6260609777135,33.6260609777135,0.0,53013414.016751714,42544988.655126594,18202838.639359653,21074114.606961463,55063391.24055437,239126.56408446238,276835.0331151397,722186.3587169661,170102.23333333334
-14.45987625,79092.63111225,73199.5085465625,-5469.8,-1420.0,-4049.8,-5062.25,0.35973333240935645,1514.25,1514.25,407.5500000000002,2.452441325406859,2.452441325406859,0.0,819.0956893775552,819.0956893775552,0.0,10.539548319136106,10.539548319136106,0.0,53013414.016751714,42544988.655126594,18202838.639359653,21074114.606961463,55063391.24055437,239126.56408446238,276835.0331151397,722186.3587169661,170102.23333333334
-13.939977166666667,85910.22061454445,82644.31629734722,-6162.866666666667,-1420.0,-4742.866666666667,-5928.583333333333,0.44966666574268976,1299.0,1299.0,234.28333333333376,1.814173378373551,1.814173378373551,0.0,366.2041778601425,366.2041778601425,0.0,4.653162493871919,4.653162493871919,0.0,53013414.016751714,42544988.655126594,18202838.639359653,21074114.606961463,55063391.24055437,239126.56408446238,276835.0331151397,722186.3587169661,170102.23333333334
-14.96429133333333,81245.12812635553,74994.79304127775,-5429.266666666666,-1420.0,-4009.2666666666664,-5011.583333333333,0.5395999990760231,1122.5,1122.5,417.6833333333334,0.2329054940317283,0.2329054940317283,0.0,107.67202406654185,107.67202406654185,0.0,1.404049264470156,1.404049264470156,0.0,53013414.016751714,42544988.655126594,18202838.639359653,21074114.606961463,55063391.24055437,239126.56408446238,276835.0331151397,722186.3587169661,170102.23333333334
-15.360968583333333,77020.92054140556,69010.43144134028,-5014.066666666667,-1420.0,-3594.0666666666666,-4492.583333333333,0.6295333324093564,1088.166666666667,1088.166666666667,521.4833333333336,0.2329054940317283,0.2329054940317283,0.0,99.67560210478592,99.67560210478592,0.0,1.2988415871640038,1.2988415871640038,0.0,53013414.016751714,42544988.655126594,18202838.639359653,21074114.606961463,55063391.24055437,239126.56408446238,276835.0331151397,722186.3587169661,170102.23333333334
-13.494133666666665,61374.91835164444,52766.56068122222,-4548.266666666666,-1420.0,-3128.266666666667,-3910.3333333333335,0.7194666657426897,1091.083333333333,1091.083333333333,637.9333333333329,0.2329054940317283,0.2329054940317283,0.0,100.35490979571165,100.35490979571165,0.0,1.3077791325662236,1.3077791325662236,0.0,53013414.016751714,42544988.655126594,18202838.639359653,21074114.606961463,55063391.24055437,239126.56408446238,276835.0331151397,722186.3587169661,170102.23333333334
-15.496915333333334,65666.62903346667,54576.26157516667,-4237.4,-1420.0,-2817.4,-3521.75,0.809399999076023,1108.583333333333,1108.583333333333,715.6499999999996,0.2329054940317283,0.2329054940317283,0.0,104.4307559412669,104.4307559412669,0.0,1.3614044049795542,1.3614044049795542,0.0,53013414.016751714,42544988.655126594,18202838.639359653,21074114.606961463,55063391.24055437,239126.56408446238,276835.0331151397,722186.3587169661,170102.23333333334
-11.450948166666668,42286.06138986668,32532.143741500004,-3692.8,-1420.0,-2272.8,-2841.0,0.8993333324093563,1249.916666666667,1249.916666666667,851.8000000000002,1.814173378373551,1.814173378373551,0.0,277.15850120497464,277.15850120497464,0.0,3.5359881742372234,3.5359881742372234,0.0,53013414.016751714,42544988.655126594,18202838.639359653,21074114.606961463,55063391.24055437,239126.56408446238,276835.0331151397,722186.3587169661,170102.23333333334
10.68220125,-21158.59208925,-7487.3328928125,-1980.7333333333333,-1420.0,-560.7333333333333,-700.9166666666666,0.9892666657426896,2344.3999999999996,1435.583333333333,371.0,6.726867748451722,2.452441325406859,0.1553934958319514,3370.281097595382,626.1703051122149,32.21289495256039,43.96881018842996,7.954617432747074,0.4180727475945044,53013414.016751714,42544988.655126594,18202838.639359653,21074114.606961463,55063391.24055437,239126.56408446238,276835.0331151397,722186.3587169661,170102.23333333334
29.098119416666666,56442.38460323706,76717.19184204166,1939.7262000000003,-169.4738,2109.2000000000003,2636.5,1.0000000064093564,2925.7738,2272.0,43.0,16.36690594755028,4.444041173682934,29.74892242460735,8035.978463473257,3011.564685318469,53473.35614057889,106.15194046381269,39.30211914094877,702.5434358580392,53013414.016751714,42544988.655126594,18202838.639359653,21074114.606961463,55063391.24055437,239126.56408446238,276835.0331151397,722186.3587169661,170102.23333333334
37.261927666666665,182198.40564744445,227748.00705930553,4889.666666666667,0.0,4889.666666666667,6112.083333333333,1.0000000064093564,4017.749999999999,2795.333333333333,0.0,22.542812225147,7.975883779865536,44.21379948192787,30407.575993892526,6534.713409860234,209000.74021568426,398.9957665612474,86.22802560584226,2737.929449437776,53013414.016751714,42544988.655126594,18202838.639359653,21074114.606961463,55063391.24055437,239126.56408446238,276835.0331151397,722186.3587169661,170102.23333333334
40.17292766666667,273125.0224249556,246999.89801452783,6798.733333333334,1880.0,4918.733333333334,6148.416666666667,0.8680701818479528,2418.6833333333334,3069.0,0.0,6.726867748451722,17.39733704012239,44.30583610456325,3869.975256842874,10511.427042400082,222732.05355038255,50.63858163257045,138.67461558719606,2921.589350103105,53013414.016751714,42544988.655126594,18202838.639359653,21074114.606961463,55063391.24055437,239126.56408446238,276835.0331151397,722186.3587169661,170102.23333333334
40.700828916666666,241285.36737237778,205959.76126130554,5928.266666666666,1880.0,4048.2666666666664,5060.333333333333,0.7361403572865493,2999.4833333333336,3867.416666666667,0.0,17.39733704012239,22.54267874059992,44.21379948192787,9302.022162494246,27018.653502577847,209899.7541384835,122.7780528331382,355.0981839516163,2749.80339249197,53013414.016751714,42544988.655126594,18202838.639359653,21074114.606961463,55063391.24055437,239126.56408446238,276835.0331151397,722186.3587169661,170102.23333333334
41.68076583333333,181458.60341427778,128873.45455951388,4353.533333333333,1880.0,2473.5333333333333,3091.9166666666665,0.6042105327251457,2895.5500000000006,4157.166666666667,0.0,16.36690594755028,24.31424150686455,41.46208207644711,7541.308371495698,33717.970400649516,137627.17982621831,99.61846600496814,442.7501798370742,1800.8974813887044,53013414.016751714,42544988.655126594,18202838.639359653,21074114.606961463,55063391.24055437,239126.56408446238,276835.0331151397,722186.3587169661,170102.23333333334
43.99211991666667,137742.26026707777,68796.34352968055,3131.0666666666666,1880.0,1251.0666666666666,1563.8333333333333,0.4722807081637422,2516.9333333333334,4084.166666666667,0.0,6.726867748451722,24.31424150686455,32.32072417038805,4530.890013128255,31943.030770648405,76936.59853248288,59.460278438316,419.0136354958224,1011.3117252723497,53013414.016751714,42544988.655126594,18202838.639359653,21074114.606961463,55063391.24055437,239126.56408446238,276835.0331151397,722186.3587169661,170102.23333333334
44.81146125000001,127410.93405675002,53956.73363343751,2843.2666666666664,1880.0,963.2666666666667,1204.0833333333333,0.34035088360233867,2589.8999999999996,4229.083333333333,0.0,6.726867748451722,24.31424150686455,32.32072417038805,5021.72712984028,35466.56960235151,69993.02962321116,66.01182866996211,466.1344695248597,920.221325972095,53013414.016751714,42544988.655126594,18202838.639359653,21074114.606961463,55063391.24055437,239126.56408446238,276835.0331151397,722186.3587169661,170102.23333333334
41.04615383333333,30473.35281304593,12871.389739569442,742.4167666666667,491.5501,250.86666666666667,313.5833333333333,0.30585613974268955,3884.4165666666668,4313.25,0.0,22.54267874059992,24.31424150686455,27.24529959316326,27401.876786900168,37513.01826251262,45424.07100512805,360.06217348651626,493.5019464479925,596.4867641569516,53013414.016751714,42544988.655126594,18202838.639359653,21074114.606961463,55063391.24055437,239126.56408446238,276835.0331151397,722186.3587169661,170102.23333333334
40.843880500000004,-9470.334425266668,-11837.918031583335,-231.86666666666667,0.0,-231.86666666666667,-289.8333333333333,0.30585613974268955,4362.450000000001,4420.416666666667,0.0,24.65932766745755,25.11795777038495,24.31424150686455,38723.325255699616,40153.85263890531,33071.61681392538,509.0473726267766,527.3251800167087,434.10639257125314,53013414.016751714,42544988.655126594,18202838.639359653,21074114.606961463,55063391.24055437,239126.56408446238,276835.0331151397,722186.3587169661,170102.23333333334
44.94591441666666,82784.3815669111,-2142.4219205277773,1841.8666666666666,1880.0,-38.13333333333333,-47.666666666666664,0.17392631518128604,2754.8833333333337,4644.416666666667,0.0,7.975883779865536,27.58371916508539,26.42102105977335,6212.088910964678,45906.13568362167,44607.60467274491,81.91351789292152,602.7221627292809,585.7641090129092,53013414.016751714,42544988.655126594,18202838.639359653,21074114.606961463,55063391.24055437,239126.56408446238,276835.0331151397,722186.3587169661,170102.23333333334
44.834230166666664,91769.6912538111,9351.673175597221,2046.8666666666668,1880.0,166.86666666666667,208.58333333333334,0.04199649061988253,3061.7999999999993,4900.083333333333,0.0,17.39733704012239,29.74892242460735,30.77259036144578,10386.16621571119,53222.96937683844,59528.74644496228,137.02817226191348,699.1981606138493,782.8710833128144,53013414.016751714,42544988.655126594,18202838.639359653,21074114.606961463,55063391.24055437,239126.56408446238,276835.0331151397,722186.3587169661,170102.23333333334
35.44726083333333,6047.30269816667,70478.01635187499,170.60000000000014,-1420.0,1590.6000000000001,1988.25,0.13192982395321587,6464.983333333333,4647.333333333333,0.0,38.65126493140946,27.67509776187702,39.11723780573604,106163.62743191827,45986.686356676204,112779.51938267036,1396.5551082214427,603.7676061553046,1483.712821555051,53013414.016751714,42544988.655126594,18202838.639359653,21074114.606961463,55063391.24055437,239126.56408446238,276835.0331151397,722186.3587169661,170102.23333333334
44.26995433333334,224203.70805602227,176220.24238669447,5064.466666666667,1880.0,3184.466666666667,3980.5833333333335,-6.081876391395014e-10,3839.7833333333333,4923.666666666667,0.0,22.54267874059992,29.74892242460735,44.21379948192787,26395.724146712593,53924.54813068544,208860.7298506582,347.02922016470745,708.5715556049952,2736.0802287981887,53013414.016751714,42544988.655126594,18202838.639359653,21074114.606961463,55063391.24055437,239126.56408446238,276835.0331151397,722186.3587169661,170102.23333333334
26.19823583333333,-10032.177775111115,33961.646385277774,-382.9333333333334,-1420.0,1037.0666666666666,1296.3333333333333,0.0899333327251457,5912.433333333333,4320.166666666667,87.0,34.14611469012679,24.44044850498339,32.32072417038805,85662.01234295135,37681.4419451176,75918.49572111566,1125.122992338152,495.717680537403,997.9555689746397,53013414.016751714,42544988.655126594,18202838.639359653,21074114.606961463,55063391.24055437,239126.56408446238,276835.0331151397,722186.3587169661,170102.23333333334
1.2703158333333333,-3279.1086044444446,-1844.075151388889,-2581.3333333333335,-1420.0,-1161.3333333333335,-1451.6666666666667,0.17986666605847904,2697.333333333333,2697.333333333333,1129.6666666666667,7.975883779865536,7.975883779865536,1.814173378373551,5753.076799433411,5753.076799433411,269.4482643468858,75.77507737676342,75.77507737676342,3.439254913963235,53013414.016751714,42544988.655126594,18202838.639359653,21074114.606961463,55063391.24055437,239126.56408446238,276835.0331151397,722186.3587169661,170102.23333333334
-0.019648666666666797,88.92462568888948,76.27939877777828,-4525.733333333334,-1420.0,-3105.7333333333336,-3882.1666666666665,0.2697999993918124,2253.5,2253.5,643.5666666666671,4.444041173682934,4.444041173682934,0.0,2929.3499236053344,2929.3499236053344,0.0,38.23612411783789,38.23612411783789,0.0,53013414.016751714,42544988.655126594,18202838.639359653,21074114.606961463,55063391.24055437,239126.56408446238,276835.0331151397,722186.3587169661,170102.23333333334
-6.444819499999999,35117.82145549999,32457.722206874994,-5449.0,-1420.0,-4029.0,-5036.25,0.35973333272514574,1725.5,1725.5,412.75,2.726986341086646,2.726986341086646,0.0,1363.44787737031,1363.44787737031,0.0,17.713563672369194,17.713563672369194,0.0,53013414.016751714,42544988.655126594,18202838.639359653,21074114.606961463,55063391.24055437,239126.56408446238,276835.0331151397,722186.3587169661,170102.23333333334
-11.33675875,66601.94608841666,63129.68582927083,-5874.866666666667,-1420.0,-4454.866666666667,-5568.583333333333,0.44966666605847905,1252.0,1252.0,306.28333333333376,1.814173378373551,1.814173378373551,0.0,280.9380290765856,280.9380290765856,0.0,3.583406439077399,3.583406439077399,0.0,53013414.016751714,42544988.655126594,18202838.639359653,21074114.606961463,55063391.24055437,239126.56408446238,276835.0331151397,722186.3587169661,170102.23333333334
-13.316321333333335,77421.97998675556,73141.00461677778,-5814.066666666667,-1420.0,-4394.066666666667,-5492.583333333333,0.5395999993918124,1103.333333333333,1103.333333333333,321.4833333333336,0.2329054940317283,0.2329054940317283,0.0,103.20800209760031,103.20800209760031,0.0,1.345316823255555,1.345316823255555,0.0,53013414.016751714,42544988.655126594,18202838.639359653,21074114.606961463,55063391.24055437,239126.56408446238,276835.0331151397,722186.3587169661,170102.23333333334
-11.11347075,60084.60916085,55379.35086981249,-5406.466666666667,-1420.0,-3986.4666666666667,-4983.083333333333,0.6295333327251457,989.75,989.75,423.3833333333341,0.2329054940317283,0.2329054940317283,0.0,76.75381973382991,76.75381973382991,0.0,0.9972632694490338,0.9972632694490338,0.0,53013414.016751714,42544988.655126594,18202838.639359653,21074114.606961463,55063391.24055437,239126.56408446238,276835.0331151397,722186.3587169661,170102.23333333334
-13.870032333333333,77854.34082464445,72698.61863913889,-5613.133333333334,-1420.0,-4193.133333333334,-5241.416666666667,0.719466666058479,997.6666666666666,997.6666666666666,371.71666666666715,0.2329054940317283,0.2329054940317283,0.0,78.59765489491443,78.59765489491443,0.0,1.0215223212550641,1.0215223212550641,0.0,53013414.016751714,42544988.655126594,18202838.639359653,21074114.606961463,55063391.24055437,239126.56408446238,276835.0331151397,722186.3587169661,170102.23333333334
-9.436202666666665,46701.025157688884,41627.02171377777,-4949.133333333333,-1420.0,-3529.1333333333337,-4411.416666666667,0.8093999993918123,1192.25,1192.25,537.7166666666662,1.814173378373551,1.814173378373551,0.0,172.54116971876596,172.54116971876596,0.0,2.223450603460961,2.223450603460961,0.0,53013414.016751714,42544988.655126594,18202838.639359653,21074114.606961463,55063391.24055437,239126.56408446238,276835.0331151397,722186.3587169661,170102.23333333334
-15.409602833333333,54562.32171226667,40850.85711116667,-3540.8,-1420.0,-2120.8,-2651.0,0.8993333327251456,1260.916666666667,1260.916666666667,889.8000000000002,1.814173378373551,1.814173378373551,0.0,297.1144083670837,297.1144083670837,0.0,3.7863566125933876,3.7863566125933876,0.0,53013414.016751714,42544988.655126594,18202838.639359653,21074114.606961463,55063391.24055437,239126.56408446238,276835.0331151397,722186.3587169661,170102.23333333334
0.7180295833333336,-1351.7624935833337,-415.2006065625001,-1882.6,-1420.0,-462.6,-578.25,0.9892666660584789,1970.6,1702.25,1036.0,2.987420255012056,2.726986341086646,0.2329054940317283,2044.8799686583095,1300.0454449400454,108.02138230758945,26.57355519200231,16.89310244290862,1.4086457163912989,53013414.016751714,42544988.655126594,18202838.639359653,21074114.606961463,55063391.24055437,239126.56408446238,276835.0331151397,722186.3587169661,170102.23333333334
31.18822358333334,68545.25531545513,92288.5526017153,2197.7928666666667,-169.4738,2367.266666666667,2959.0833333333335,1.0000000067251456,2896.707133333334,2211.416666666667,76.0,16.36690594755028,2.987420255012056,32.32072417038805,7560.247063931138,2764.300556402797,61503.452741122586,99.86860334967032,36.084630056454515,808.8493559975406,53013414.016751714,42544988.655126594,18202838.639359653,21074114.606961463,55063391.24055437,239126.56408446238,276835.0331151397,722186.3587169661,170102.23333333334
36.14483716666666,183191.67338391108,228989.59172988884,5068.266666666666,0.0,5068.266666666666,6335.333333333333,1.0000000067251456,3936.3999999999996,2669.333333333333,0.0,22.54267874059992,6.726867748451722,44.30583610456325,28573.722624366885,5556.064657992296,213305.98691913663,375.2413933086822,73.14400966677015,2795.293213049636,53013414.016751714,42544988.655126594,18202838.639359653,21074114.606961463,55063391.24055437,239126.56408446238,276835.0331151397,722186.3587169661,170102.23333333334
39.39330158333333,252673.88879571116,223268.10227380556,6414.133333333334,1880.0,4534.133333333334,5667.666666666667,0.868070182163742,2452.116666666666,3198.583333333333,0.0,6.726867748451722,18.7737340514465,44.21379948192787,4094.876868566104,12836.9960387307,207180.60547034492,53.64050254729906,169.53594746359653,2713.8895811231387,53013414.016751714,42544988.655126594,18202838.639359653,21074114.606961463,55063391.24055437,239126.56408446238,276835.0331151397,722186.3587169661,170102.23333333334
38.236468499999994,194967.7567051468,191612.50277062497,5099.0001,1090.0001,4009.0,5011.25,0.7915789470760227,3408.583233333333,3496.333333333333,0.0,20.46319657202558,21.22700961041436,44.03935801615658,16900.657389271648,18722.66912740195,191381.55351228185,223.19241501225233,247.15427912274552,2509.1974723004555,53013414.016751714,42544988.655126594,18202838.639359653,21074114.606961463,55063391.24055437,239126.56408446238,276835.0331151397,722186.3587169661,170102.23333333334
41.759956333333335,200751.24608268891,152803.16022002778,4807.266666666666,1880.0,2927.266666666667,3659.0833333333335,0.6596491225146193,2646.483333333334,3794.666666666667,0.0,6.726867748451722,22.54267874059992,42.01557585283346,5402.35572994018,25378.673624199204,146180.2187433325,71.09234786512864,333.8551037767931,1913.0910554848467,53013414.016751714,42544988.655126594,18202838.639359653,21074114.606961463,55063391.24055437,239126.56408446238,276835.0331151397,722186.3587169661,170102.23333333334
39.15022025,54489.27654395,68111.5956799375,1391.8000000000002,0.0,1391.8000000000002,1739.75,0.6596491225146193,4050.2,3702.25,0.0,22.95067322431902,22.54267874059992,32.32072417038805,31140.604912998748,23295.35439725542,70278.52935338294,408.48900387728884,306.86933526146777,923.9667031349451,53013414.016751714,42544988.655126594,18202838.639359653,21074114.606961463,55063391.24055437,239126.56408446238,276835.0331151397,722186.3587169661,170102.23333333334
40.2263685,64311.236199900006,80389.04524987501,1598.7333333333336,0.0,1598.7333333333336,1998.4166666666667,0.6596491225146193,4404.6,4004.916666666667,0.0,24.65932766745755,22.542812225147,35.89767525127627,39762.71591688294,30118.2765703365,88802.77746405565,522.3124850219408,395.2483968952204,1166.8268822662938,53013414.016751714,42544988.655126594,18202838.639359653,21074114.606961463,55063391.24055437,239126.56408446238,276835.0331151397,722186.3587169661,170102.23333333334
37.252819,28394.098641800003,35492.62330225,762.2,0.0,762.2,952.75,0.6596491225146193,4677.966666666667,4487.416666666667,0.0,28.02141170029222,25.11795777038495,32.32072417038805,46843.697038773986,41836.7558095211,70219.27469240391,615.1271964709427,549.3812201845409,923.1893607049197,53013414.016751714,42544988.655126594,18202838.639359653,21074114.606961463,55063391.24055437,239126.56408446238,276835.0331151397,722186.3587169661,170102.23333333334
40.686056,93057.1472832,20709.202504,2287.2,1880.0,407.20000000000005,509.0,0.5277192979532157,2927.3,4705.5,0.0,16.377733074871,28.10812633230105,32.32072417038805,8060.9652143195335,47615.846758986794,62925.56460461966,106.48181312187934,625.3626887869201,827.5055743181513,53013414.016751714,42544988.655126594,18202838.639359653,21074114.606961463,55063391.24055437,239126.56408446238,276835.0331151397,722186.3587169661,170102.23333333334
41.484011333333335,94685.87306795557,20869.914701611113,2282.4666666666667,1880.0,402.4666666666667,503.0833333333333,0.3957894733918122,3150.866666666667,4930.25,0.0,18.00995923074696,29.84346561591143,32.32072417038805,11957.889199054924,54120.468055601064,69998.4164105729,157.80147133767116,711.1340261774612,920.2919934657338,53013414.016751714,42544988.655126594,18202838.639359653,21074114.606961463,55063391.24055437,239126.56408446238,276835.0331151397,722186.3587169661,170102.23333333334
42.62515425,117264.6410187,46411.688785875,2751.0666666666666,1880.0,871.0666666666666,1088.8333333333333,0.2638596488304087,3471.0166666666664,5133.25,0.0,20.89355881015782,32.32072417038805,37.04540704776583,18187.935331300057,60299.50576577563,96862.02878165658,240.15287484697373,793.0551711692963,1273.957590649739,53013414.016751714,42544988.655126594,18202838.639359653,21074114.606961463,55063391.24055437,239126.56408446238,276835.0331151397,722186.3587169661,170102.23333333334
41.43422541666666,139818.41252769443,77402.58593045139,3374.4666666666667,1880.0,1494.4666666666667,1868.0833333333333,0.13192982426900518,3693.2833333333338,5199.666666666667,0.0,22.54267874059992,32.32072417038805,40.56336769416088,23093.221711214715,62446.14052942558,130215.1812245852,304.2510587130017,821.2161673843091,1705.767995677755,53013414.016751714,42544988.655126594,18202838.639359653,21074114.606961463,55063391.24055437,239126.56408446238,276835.0331151397,722186.3587169661,170102.23333333334
48.403454916666654,223398.07892538884,165499.4796025694,4615.333333333334,1880.0,2735.3333333333335,3419.1666666666665,-2.9239832777250285e-10,4041.8333333333326,5238.0,0.0,22.542812225147,32.32072417038805,44.03935801615658,30950.482054981487,63685.101622623784,197969.10748219863,406.0281680773638,837.4696909212047,2594.443927714299,53013414.016751714,42544988.655126594,18202838.639359653,21074114.606961463,55063391.24055437,239126.56408446238,276835.0331151397,722186.3587169661,170102.23333333334
32.23019958333334,-39353.07369125001,8017.262146354168,-1221.0,-1420.0,199.0,248.75,0.08993333304093501,5707.583333333333,4321.833333333333,84.0,32.32072417038805,24.44044850498339,25.14037360976136,78862.37501430183,37722.17602595923,43925.79053834316,1036.5753542481766,496.2525758707361,576.776526863405,53013414.016751714,42544988.655126594,18202838.639359653,21074114.606961463,55063391.24055437,239126.56408446238,276835.0331151397,722186.3587169661,170102.23333333334
-12.510940083333333,38803.09769979444,26296.953476826387,-3101.5333333333333,-1420.0,-1681.5333333333333,-2101.9166666666665,0.17986666637426835,2086.166666666667,2086.166666666667,999.6166666666668,2.987420255012056,2.987420255012056,0.0,2390.1261694625373,2390.1261694625373,0.0,31.137870584770788,31.137870584770788,0.0,53013414.016751714,42544988.655126594,18202838.639359653,21074114.606961463,55063391.24055437,239126.56408446238,276835.0331151397,722186.3587169661,170102.23333333334
-25.63725141666667,121811.12723105558,106757.78777423613,-4751.333333333334,-1420.0,-3331.333333333334,-4164.166666666667,0.2697999997076017,1594.25,1594.25,587.166666666667,2.452441325406859,2.452441325406859,0.0,1015.290995410104,1015.290995410104,0.0,13.168291593430027,13.168291593430027,0.0,53013414.016751714,42544988.655126594,18202838.639359653,21074114.606961463,55063391.24055437,239126.56408446238,276835.0331151397,722186.3587169661,170102.23333333334
-34.49031641666667,190919.99684724447,177429.68441947224,-5535.466666666666,-1420.0,-4115.466666666666,-5144.333333333333,0.359733333040935,1493.083333333333,1493.083333333333,391.1333333333332,2.452441325406859,2.452441325406859,0.0,767.1856813231093,767.1856813231093,0.0,9.84402666114583,9.84402666114583,0.0,53013414.016751714,42544988.655126594,18202838.639359653,21074114.606961463,55063391.24055437,239126.56408446238,276835.0331151397,722186.3587169661,170102.23333333334
-40.530243,260736.45725140002,253979.39023925,-6433.133333333334,-1420.0,-5013.133333333334,-6266.416666666667,0.44966666637426833,1442.5,1442.5,166.71666666666715,2.452441325406859,2.452441325406859,0.0,643.1330242796131,643.1330242796131,0.0,8.181894195003746,8.181894195003746,0.0,53013414.016751714,42544988.655126594,18202838.639359653,21074114.606961463,55063391.24055437,239126.56408446238,276835.0331151397,722186.3587169661,170102.23333333334
-46.72092899999999,296902.15960919997,288198.05053649994,-6354.8,-1420.0,-4934.8,-6168.5,0.5395999997076016,1379.333333333333,1379.333333333333,186.29999999999927,1.814173378373551,1.814173378373551,0.0,511.9427725894839,511.9427725894839,0.0,6.481610786109356,6.481610786109356,0.0,53013414.016751714,42544988.655126594,18202838.639359653,21074114.606961463,55063391.24055437,239126.56408446238,276835.0331151397,722186.3587169661,170102.23333333334
-52.12470775,330421.99740776664,320506.14050345833,-6339.066666666667,-1420.0,-4919.066666666667,-6148.833333333333,0.629533333040935,1373.75,1373.75,190.23333333333358,1.814173378373551,1.814173378373551,0.0,501.81363789356544,501.81363789356544,0.0,6.354529836337673,6.354529836337673,0.0,53013414.016751714,42544988.655126594,18202838.639359653,21074114.606961463,55063391.24055437,239126.56408446238,276835.0331151397,722186.3587169661,170102.23333333334
-52.95084183333333,274836.0494517333,249557.31756049997,-5190.4,-1420.0,-3770.4,-4713.0,0.7194666663742683,1378.416666666667,1378.416666666667,477.39999999999964,1.814173378373551,1.814173378373551,0.0,510.27978032597593,510.27978032597593,0.0,6.460746749579689,6.460746749579689,0.0,53013414.016751714,42544988.655126594,18202838.639359653,21074114.606961463,55063391.24055437,239126.56408446238,276835.0331151397,722186.3587169661,170102.23333333334
-42.670527916666664,191966.17099150002,164217.52668729165,-4498.8,-1420.0,-3078.8,-3848.5,0.8093999997076016,1588.083333333333,1588.083333333333,650.3000000000002,2.452441325406859,2.452441325406859,0.0,1000.1676072367609,1000.1676072367609,0.0,12.96565929936986,12.96565929936986,0.0,53013414.016751714,42544988.655126594,18202838.639359653,21074114.606961463,55063391.24055437,239126.56408446238,276835.0331151397,722186.3587169661,170102.23333333334
-35.174843333333335,114641.849392,80866.96482333334,-3259.2,-1420.0,-1839.2,-2299.0,0.8993333330409349,1469.0,1469.0,960.1999999999998,2.452441325406859,2.452441325406859,0.0,708.1227194028949,708.1227194028949,0.0,9.052665404613606,9.052665404613606,0.0,53013414.016751714,42544988.655126594,18202838.639359653,21074114.606961463,55063391.24055437,239126.56408446238,276835.0331151397,722186.3587169661,170102.23333333334
-3.1585450833333346,4369.320698611113,-144.76664965277786,-1383.3333333333333,-1420.0,36.66666666666667,45.833333333333336,0.9892666663742682,1682.666666666667,1682.666666666667,1429.1666666666665,2.726986341086646,2.726986341086646,2.726986341086646,1246.6419624270995,1246.6419624270995,1371.6288363935705,16.202032948560124,16.202032948560124,17.81942963746089,53013414.016751714,42544988.655126594,18202838.639359653,21074114.606961463,55063391.24055437,239126.56408446238,276835.0331151397,722186.3587169661,170102.23333333334
34.41429041666667,98427.16487769446,123033.95609711806,2860.066666666667,0.0,2860.066666666667,3575.0833333333335,0.9892666663742682,3328.6833333333334,2648.666666666667,35.0,19.54019622199443,6.726867748451722,37.04540704776583,15298.986966726363,5417.042724524297,96923.7711267362,202.1203021842447,71.28838557192296,1274.7809237849333,53013414.016751714,42544988.655126594,18202838.639359653,21074114.606961463,55063391.24055437,239126.56408446238,276835.0331151397,722186.3587169661,170102.23333333334
41.99262433333333,331165.0335258222,315273.6247239444,7886.266666666666,1880.0,6006.266666666666,7507.833333333333,0.8573368418128646,3155.4833333333336,3533.916666666667,0.0,18.00995923074696,21.87279216787323,45.41560198464936,12041.035177503541,19540.72150929142,304146.84675959684,158.9133954678688,257.8052343500788,3992.799279886762,53013414.016751714,42544988.655126594,18202838.639359653,21074114.606961463,55063391.24055437,239126.56408446238,276835.0331151397,722186.3587169661,170102.23333333334
35.24032066666667,181020.12984582226,211359.69658511115,5136.7333333333345,338.6,4798.133333333334,5997.666666666667,0.8335754383040926,5399.4333333333325,4538.5,0.0,32.32072417038805,25.11795777038495,44.68551919450886,68902.74386119674,43119.86481895826,281417.3741787766,905.9182252596266,566.1975791682238,3692.816466614951,53013414.016751714,42544988.655126594,18202838.639359653,21074114.606961463,55063391.24055437,239126.56408446238,276835.0331151397,722186.3587169661,170102.23333333334
36.16385941666667,214492.67204817221,183130.77043104862,5931.133333333333,1880.0,4051.1333333333337,5063.916666666667,0.7016456137426892,4054.7833333333338,4922.0,0.0,22.95067322431902,29.74892242460735,44.47862630744314,31245.795498610223,53874.96659331109,256848.28069654817,409.8408567783129,707.9091248635714,3370.13769362773,53013414.016751714,42544988.655126594,18202838.639359653,21074114.606961463,55063391.24055437,239126.56408446238,276835.0331151397,722186.3587169661,170102.23333333334
36.92496166666667,183827.22916133335,143010.37653500002,4978.4,1880.0,3098.4,3873.0,0.5697157891812856,4044.5166666666673,5149.916666666667,0.0,22.542812225147,32.32072417038805,44.30583610456325,31010.97193445233,60838.18450194878,214114.568428045,406.8117090075335,800.121920533164,2806.1270767451756,53013414.016751714,42544988.655126594,18202838.639359653,21074114.606961463,55063391.24055437,239126.56408446238,276835.0331151397,722186.3587169661,170102.23333333334
37.593393,147797.1714664,96401.990783,3931.4666666666667,1880.0,2051.4666666666667,2564.3333333333335,0.4377859646198821,3977.7,5344.833333333333,0.0,22.542812225147,32.32072417038805,42.67864751735718,29504.736364275406,67138.03232149356,165484.72700136772,387.3010531749311,882.7675543435964,2167.412315275225,53013414.016751714,42544988.655126594,18202838.639359653,21074114.606961463,55063391.24055437,239126.56408446238,276835.0331151397,722186.3587169661,170102.23333333334
42.080385416666665,148173.45312916668,86327.91068229167,3521.2,1880.0,1641.2,2051.5,0.3058561400584786,4106.633333333333,5576.333333333333,0.0,24.31424150686455,32.32072417038805,42.35444356833806,32489.290729835953,74620.2799669384,153520.66485660456,426.3188550784724,980.9247030077186,2010.0626621144488,53013414.016751714,42544988.655126594,18202838.639359653,21074114.606961463,55063391.24055437,239126.56408446238,276835.0331151397,722186.3587169661,170102.23333333334
39.05006591666666,99361.59105609442,32434.333915951385,2544.4666666666667,1880.0,664.4666666666667,830.5833333333334,0.1739263154970751,3985.366666666667,5699.25,0.0,22.542812225147,32.32072417038805,38.65126493140946,29677.564591334874,78593.03564621527,108670.16196272019,389.53974154684363,1033.0419795662428,1429.4694049396414,53013414.016751714,42544988.655126594,18202838.639359653,21074114.606961463,55063391.24055437,239126.56408446238,276835.0331151397,722186.3587169661,170102.23333333334
34.08641725,-1799.7628308,-2249.7035385,-52.800000000000004,0.0,-52.800000000000004,-66.0,0.1739263154970751,5480.55,5493.75,0.0,32.32072417038805,32.32072417038805,32.32072417038805,71524.4932701514,71951.12682920053,69817.95903395492,940.3120944135711,945.9089599097542,917.9246324288382,53013414.016751714,42544988.655126594,18202838.639359653,21074114.606961463,55063391.24055437,239126.56408446238,276835.0331151397,722186.3587169661,170102.23333333334
33.09679666666666,-42747.822574666665,5312.035864999999,-1291.6,-1420.0,128.4,160.5,0.26385964883040847,6778.6,5326.5,0.0,40.56336769416088,32.32072417038805,32.32072417038805,118486.2834558186,66545.48571170312,71732.96194105041,1558.0193236262803,874.994130043342,943.0469264173878,53013414.016751714,42544988.655126594,18202838.639359653,21074114.606961463,55063391.24055437,239126.56408446238,276835.0331151397,722186.3587169661,170102.23333333334
40.88425383333334,84251.54468281112,9236.434345180556,2060.7333333333336,1880.0,180.73333333333335,225.91666666666666,0.13192982426900496,3830.1833333333334,5665.0,0.0,22.54267874059992,32.32072417038805,33.74953782289809,26179.31443080284,77486.05084337947,84935.1870452455,344.22600958493695,1018.5198096234947,1115.783666120631,53013414.016751714,42544988.655126594,18202838.639359653,21074114.606961463,55063391.24055437,239126.56408446238,276835.0331151397,722186.3587169661,170102.23333333334
34.018600083333325,29346.712338555546,36683.39042319443,862.6666666666666,0.0,862.6666666666666,1078.3333333333333,0.13192982426900496,5620.5,5404.833333333333,0.0,32.32072417038805,32.32072417038805,38.65126493140946,76047.77861779722,69077.27577171684,106866.43626592107,999.6515888219681,908.20785205352,1405.7839691105596,53013414.016751714,42544988.655126594,18202838.639359653,21074114.606961463,55063391.24055437,239126.56408446238,276835.0331151397,722186.3587169661,170102.23333333334
39.241449583333335,153795.089207,100026.45498791667,3919.2,1880.0,2039.2,2549.0,-2.923985498171078e-10,3728.05,5098.25,0.0,22.54267874059992,30.77259036144578,42.35444356833806,23876.9555087629,59208.19862869724,154343.04696922313,314.402963694601,778.629213332895,2020.746581152422,53013414.016751714,42544988.655126594,18202838.639359653,21074114.606961463,55063391.24055437,239126.56408446238,276835.0331151397,722186.3587169661,170102.23333333334
12.896636833333332,-17269.45649562222,1304.7097596388887,-1339.0666666666666,-1420.0,80.93333333333334,101.16666666666667,0.08993333304093479,4486.733333333334,3368.5,322.0,25.11795777038495,20.05144506726853,20.89355881015782,41819.59187171134,16090.700585755581,18159.729026906345,549.1562705211376,212.3770255481409,239.7803332837715,53013414.016751714,42544988.655126594,18202838.639359653,21074114.606961463,55063391.24055437,239126.56408446238,276835.0331151397,722186.3587169661,170102.23333333334
-10.952957916666668,39843.940112055556,30363.424837986113,-3637.733333333333,-1420.0,-2217.733333333333,-2772.1666666666665,0.17986666637426812,1515.5,1515.5,865.5666666666666,2.452441325406859,2.452441325406859,0.0,822.1612410343139,822.1612410343139,0.0,10.580622432796948,10.580622432796948,0.0,53013414.016751714,42544988.655126594,18202838.639359653,21074114.606961463,55063391.24055437,239126.56408446238,276835.0331151397,722186.3587169661,170102.23333333334
-19.01225625,92470.544465,81841.4257375,-4863.733333333334,-1420.0,-3443.7333333333336,-4304.666666666667,0.2697999997076015,1346.416666666667,1346.416666666667,559.0666666666666,1.814173378373551,1.814173378373551,0.0,452.2262322180223,452.2262322180223,0.0,5.732402201634484,5.732402201634484,0.0,53013414.016751714,42544988.655126594,18202838.639359653,21074114.606961463,55063391.24055437,239126.56408446238,276835.0331151397,722186.3587169661,170102.23333333334
-26.993053416666665,146241.16526392222,134888.78676531944,-5417.733333333334,-1420.0,-3997.7333333333336,-4997.166666666667,0.3597333330409348,1341.416666666667,1341.416666666667,420.5666666666666,1.814173378373551,1.814173378373551,0.0,443.15536532615454,443.15536532615454,0.0,5.618598366018046,5.618598366018046,0.0,53013414.016751714,42544988.655126594,18202838.639359653,21074114.606961463,55063391.24055437,239126.56408446238,276835.0331151397,722186.3587169661,170102.23333333334
-32.704099083333325,195406.99202291662,186208.96415572913,-5975.0,-1420.0,-4555.0,-5693.75,0.4496666663742681,1222.916666666667,1222.916666666667,281.25,1.814173378373551,1.814173378373551,0.0,228.17581998888875,228.17581998888875,0.0,2.921447461908456,2.921447461908456,0.0,53013414.016751714,42544988.655126594,18202838.639359653,21074114.606961463,55063391.24055437,239126.56408446238,276835.0331151397,722186.3587169661,170102.23333333334
-37.234941416666665,226897.32134602778,217529.63066795137,-6093.666666666667,-1420.0,-4673.666666666667,-5842.083333333333,0.5395999997076014,1111.0,1111.0,251.58333333333394,0.2329054940317283,0.2329054940317283,0.0,104.99361088517698,104.99361088517698,0.0,1.368809799741396,1.368809799741396,0.0,53013414.016751714,42544988.655126594,18202838.639359653,21074114.606961463,55063391.24055437,239126.56408446238,276835.0331151397,722186.3587169661,170102.23333333334
-39.252256749999994,227995.4249238166,215321.5254235208,-5808.466666666666,-1420.0,-4388.466666666666,-5485.583333333333,0.6295333330409347,1085.25,1085.25,322.8833333333332,0.2329054940317283,0.2329054940317283,0.0,98.99629441385997,98.99629441385997,0.0,1.289904041761781,1.289904041761781,0.0,53013414.016751714,42544988.655126594,18202838.639359653,21074114.606961463,55063391.24055437,239126.56408446238,276835.0331151397,722186.3587169661,170102.23333333334
-38.91883525,208485.60584523334,191526.07473779167,-5356.933333333334,-1420.0,-3936.933333333334,-4921.166666666667,0.719466666374268,1087.583333333333,1087.583333333333,435.76666666666733,0.2329054940317283,0.2329054940317283,0.0,99.53974056660061,99.53974056660061,0.0,1.2970540780835575,1.2970540780835575,0.0,53013414.016751714,42544988.655126594,18202838.639359653,21074114.606961463,55063391.24055437,239126.56408446238,276835.0331151397,722186.3587169661,170102.23333333334
-36.0711265,152927.1479094,127132.68534925,-4239.6,-1420.0,-2819.6000000000004,-3524.5,0.8093999997076013,1238.25,1238.25,715.1000000000004,1.814173378373551,1.814173378373551,0.0,255.9931451239493,255.9931451239493,0.0,3.2704458911321934,3.2704458911321934,0.0,53013414.016751714,42544988.655126594,18202838.639359653,21074114.606961463,55063391.24055437,239126.56408446238,276835.0331151397,722186.3587169661,170102.23333333334
-28.9682615,90344.28274876667,61511.68927345833,-3118.7333333333336,-1420.0,-1698.7333333333333,-2123.4166666666665,0.8993333330409347,1383.583333333333,1383.583333333333,995.3166666666675,1.814173378373551,1.814173378373551,0.0,519.6530094475715,519.6530094475715,0.0,6.578344046383329,6.578344046383329,0.0,53013414.016751714,42544988.655126594,18202838.639359653,21074114.606961463,55063391.24055437,239126.56408446238,276835.0331151397,722186.3587169661,170102.23333333334
4.287471749999999,-5373.631259999998,893.2232812499998,-1253.3333333333333,-1420.0,166.66666666666669,208.33333333333334,0.989266666374268,1762.166666666667,1762.166666666667,1461.6666666666665,2.726986341086646,2.726986341086646,2.987420255012056,1463.437376543488,1463.437376543488,2044.5812266328094,19.007481023489817,19.007481023489817,26.569605683442095,53013414.016751714,42544988.655126594,18202838.639359653,21074114.606961463,55063391.24055437,239126.56408446238,276835.0331151397,722186.3587169661,170102.23333333334
34.3923795,111493.21586309999,139366.519828875,3241.8,0.0,3241.8,4052.25,0.989266666374268,3317.783333333333,2525.333333333333,18.0,19.54019622199443,6.726867748451722,38.65126493140946,15085.998827906613,4587.395702215247,110515.759863195,199.41019411571332,60.214499844608724,1453.7046812433266,53013414.016751714,42544988.655126594,18202838.639359653,21074114.606961463,55063391.24055437,239126.56408446238,276835.0331151397,722186.3587169661,170102.23333333334
40.269931166666666,316341.7866107889,300792.89502181945,7855.533333333334,1880.0,5975.533333333334,7469.416666666667,0.8573368418128644,2924.383333333333,3310.5,0.0,16.36690594755028,19.54019622199443,44.94810740163002,8013.220826316719,14943.681065423096,292361.3612886354,105.85136348631343,197.59931150723,3837.3174515056335,53013414.016751714,42544988.655126594,18202838.639359653,21074114.606961463,55063391.24055437,239126.56408446238,276835.0331151397,722186.3587169661,170102.23333333334
35.36778975000001,186692.41497435005,233365.51871793755,5278.6,0.0,5278.6,6598.25,0.8573368418128644,5033.066666666667,3713.416666666667,0.0,30.27619760479042,22.54267874059992,44.68551919450886,57220.000491176994,23547.08097652546,271385.4751196093,752.3603241057505,310.1300142344648,3561.083630612564,53013414.016751714,42544988.655126594,18202838.639359653,21074114.606961463,55063391.24055437,239126.56408446238,276835.0331151397,722186.3587169661,170102.23333333334
38.34746158333334,225439.61365353892,191682.9823460903,5878.866666666667,1880.0,3998.866666666667,4998.583333333333,0.7254070172514608,2970.133333333333,3850.416666666667,0.0,17.39733704012239,22.54267874059992,44.21379948192787,8791.410320366647,26635.427963987648,206417.91742928166,116.06650955577155,350.1341652166061,2703.816195007491,53013414.016751714,42544988.655126594,18202838.639359653,21074114.606961463,55063391.24055437,239126.56408446238,276835.0331151397,722186.3587169661,170102.23333333334
38.29501858333333,165442.13928371668,116809.38043381249,4320.200000000001,1880.0,2440.2000000000003,3050.25,0.5934771926900573,2430.4666666666662,3700.416666666667,0.0,6.726867748451722,22.54267874059992,40.56336769416088,3949.2401818121266,23254.02615289766,117353.21338489505,51.69658666084218,306.33399990769226,1543.746064397606,53013414.016751714,42544988.655126594,18202838.639359653,21074114.606961463,55063391.24055437,239126.56408446238,276835.0331151397,722186.3587169661,170102.23333333334
34.446283,40821.141773866664,51026.42721733333,1185.0666666666666,0.0,1185.0666666666666,1481.3333333333333,0.5934771926900573,4042.5166666666664,3746.25,0.0,22.542812225147,22.54267874059992,32.32072417038805,30965.886310002017,24287.23226184182,63348.427412515564,406.22770334529525,319.7173837520825,833.0529725687873,53013414.016751714,42544988.655126594,18202838.639359653,21074114.606961463,55063391.24055437,239126.56408446238,276835.0331151397,722186.3587169661,170102.23333333334
37.687799500000004,93817.49555533336,28705.54061916667,2489.3333333333335,1880.0,609.3333333333334,761.6666666666666,0.46154736812865377,2096.333333333333,3824.0,0.0,2.987420255012056,22.54267874059992,26.17240681407717,2420.4982753884915,26039.92553392346,44316.30946182261,31.539403955060457,342.4204694372028,581.943337406279,53013414.016751714,42544988.655126594,18202838.639359653,21074114.606961463,55063391.24055437,239126.56408446238,276835.0331151397,722186.3587169661,170102.23333333334
36.071586833333335,9159.778283211113,11449.72285401389,253.93333333333337,0.0,253.93333333333337,317.4166666666667,0.46154736812865377,3881.733333333333,3818.25,0.0,22.54267874059992,22.54267874059992,24.31424150686455,27341.38951988076,25910.305131165012,33195.21420825193,359.2786663961003,340.74146310036116,435.75927979136304,53013414.016751714,42544988.655126594,18202838.639359653,21074114.606961463,55063391.24055437,239126.56408446238,276835.0331151397,722186.3587169661,170102.23333333334
35.66542733333333,7732.264645866666,9665.330807333332,216.8,0.0,216.8,271.0,0.46154736812865377,3819.2,3765.0,0.0,22.54267874059992,22.54267874059992,22.542812225147,25931.720675968576,24709.907488228066,30818.98231700148,341.0188641473175,325.1924044156967,404.3248182291697,53013414.016751714,42544988.655126594,18202838.639359653,21074114.606961463,55063391.24055437,239126.56408446238,276835.0331151397,722186.3587169661,170102.23333333334
36.65860633333333,3954.2416698222223,4942.802087277778,107.86666666666667,0.0,107.86666666666667,134.83333333333334,0.46154736812865377,3773.2166666666667,3746.25,0.0,22.54267874059992,22.54267874059992,22.54267874059992,24895.13316521333,24287.23226184182,27326.73677869938,327.59168013761837,319.7173837520825,359.08886567976174,53013414.016751714,42544988.655126594,18202838.639359653,21074114.606961463,55063391.24055437,239126.56408446238,276835.0331151397,722186.3587169661,170102.23333333334
39.779678499999996,87785.79451379999,16249.998667249998,2206.8,1880.0,326.8,408.5,0.32961754356725026,2310.7,4109.0,0.0,4.984897117165479,24.31424150686455,25.11795777038495,3196.3673646005336,32546.834434735534,42592.38770578017,41.70127366646026,427.0883960137367,559.2844919514406,53013414.016751714,42544988.655126594,18202838.639359653,21074114.606961463,55063391.24055437,239126.56408446238,276835.0331151397,722186.3587169661,170102.23333333334
38.669218,122614.93438226669,62396.00567783333,3170.866666666667,1880.0,1290.8666666666668,1613.5833333333333,0.19768771900584675,2558.2999999999993,4115.583333333333,0.0,6.726867748451722,24.31424150686455,32.87745351378503,4809.158108989203,32706.903191322384,79570.15310042874,63.17451957009888,429.2290204463381,1046.2444129364785,53013414.016751714,42544988.655126594,18202838.639359653,21074114.606961463,55063391.24055437,239126.56408446238,276835.0331151397,722186.3587169661,170102.23333333334
48.420554083333336,233138.5118373722,177634.83770088197,4814.866666666667,1880.0,2934.866666666667,3668.5833333333335,0.06575789444444324,2907.6333333333337,4053.916666666667,0.0,16.36690594755028,22.95067322431902,42.37617359789305,7739.07515169526,31225.90491514914,157531.1945260676,102.23051841767065,409.58523368430104,2062.9399025907865,53013414.016751714,42544988.655126594,18202838.639359653,21074114.606961463,55063391.24055437,239126.56408446238,276835.0331151397,722186.3587169661,170102.23333333334
37.41396916666666,49697.60255163302,18298.548753263884,1328.3167666666668,937.0501,391.26666666666665,489.0833333333333,-7.3099427344569534e-09,2548.933233333333,3388.166666666667,0.0,6.726867748451722,20.2102968360311,22.54267874059992,4746.1491083919345,16485.937689042534,27240.323176860416,62.33349386441448,217.53007861202832,357.96952812186737,53013414.016751714,42544988.655126594,18202838.639359653,21074114.606961463,55063391.24055437,239126.56408446238,276835.0331151397,722186.3587169661,170102.23333333334
5.276353916666667,-13310.482147111114,-7272.574481805556,-2522.666666666667,-1420.0,-1102.6666666666667,-1378.3333333333333,0.0899333260233906,2340.916666666667,2002.583333333333,806.0,4.984897117165479,2.987420255012056,0.06435851962640775,3346.994339157553,2140.427626481111,21.72317512817186,43.658133350552674,27.836739679848087,0.28186380907908415,53013414.016751714,42544988.655126594,18202838.639359653,21074114.606961463,55063391.24055437,239126.56408446238,276835.0331151397,722186.3587169661,170102.23333333334
-1.296832,5257.356928,4269.8193599999995,-4054.0,-1420.0,-2634.0,-3292.5,0.17986665935672394,2111.666666666667,2111.666666666667,761.5,2.987420255012056,2.987420255012056,0.0,2466.3053859653446,2466.3053859653446,0.0,32.14499526762855,32.14499526762855,0.0,53013414.016751714,42544988.655126594,18202838.639359653,21074114.606961463,55063391.24055437,239126.56408446238,276835.0331151397,722186.3587169661,170102.23333333334
-8.697304749999999,48570.96810684999,45275.9942023125,-5584.6,-1420.0,-4164.6,-5205.75,0.2697999926900573,1755.166666666667,1755.166666666667,378.85000000000036,2.726986341086646,2.726986341086646,0.0,1444.3484721558814,1444.3484721558814,0.0,18.76046043827588,18.76046043827588,0.0,53013414.016751714,42544988.655126594,18202838.639359653,21074114.606961463,55063391.24055437,239126.56408446238,276835.0331151397,722186.3587169661,170102.23333333334
-10.1307075,59343.6583935,56197.567179375,-5857.8,-1420.0,-4437.8,-5547.25,0.3597333260233906,1695.166666666667,1695.166666666667,310.5500000000002,2.726986341086646,2.726986341086646,0.0,1280.7292916906827,1280.7292916906827,0.0,16.64314113644215,16.64314113644215,0.0,53013414.016751714,42544988.655126594,18202838.639359653,21074114.606961463,55063391.24055437,239126.56408446238,276835.0331151397,722186.3587169661,170102.23333333334
-9.587087583333334,60874.17131913334,59075.633688500006,-6349.6,-1420.0,-4929.6,-6162.0,0.4496666593567239,1627.166666666667,1627.166666666667,187.60000000000036,2.452441325406859,2.452441325406859,0.0,1096.0171890380805,1096.0171890380805,0.0,14.249909919832222,14.249909919832222,0.0,53013414.016751714,42544988.655126594,18202838.639359653,21074114.606961463,55063391.24055437,239126.56408446238,276835.0331151397,722186.3587169661,170102.23333333334
-6.124649333333333,36069.284853866666,34215.353500666664,-5889.2,-1420.0,-4469.2,-5586.5,0.5395999926900572,1490.75,1490.75,302.6999999999998,2.452441325406859,2.452441325406859,0.0,761.463318230494,761.463318230494,0.0,9.767354982312266,9.767354982312266,0.0,53013414.016751714,42544988.655126594,18202838.639359653,21074114.606961463,55063391.24055437,239126.56408446238,276835.0331151397,722186.3587169661,170102.23333333334
-11.09139775,63098.96179975,59186.4712434375,-5689.0,-1420.0,-4269.0,-5336.25,0.6295333260233905,1446.333333333333,1446.333333333333,352.75,2.452441325406859,2.452441325406859,0.0,652.5340493603387,652.5340493603387,0.0,8.30785481023032,8.30785481023032,0.0,53013414.016751714,42544988.655126594,18202838.639359653,21074114.606961463,55063391.24055437,239126.56408446238,276835.0331151397,722186.3587169661,170102.23333333334
-12.158335,58109.546298999994,51055.888248749994,-4779.4,-1420.0,-3359.4,-4199.25,0.7194666593567238,1346.75,1346.75,580.1499999999996,1.814173378373551,1.814173378373551,0.0,452.8309566774796,452.8309566774796,0.0,5.739989124008906,5.739989124008906,0.0,53013414.016751714,42544988.655126594,18202838.639359653,21074114.606961463,55063391.24055437,239126.56408446238,276835.0331151397,722186.3587169661,170102.23333333334
-0.9500530000000004,3008.437829800001,2074.203212250001,-3166.6000000000004,-1420.0,-1746.6000000000001,-2183.25,0.8093999926900571,1343.666666666667,1343.666666666667,983.3500000000004,1.814173378373551,1.814173378373551,0.0,447.23725542749503,447.23725542749503,0.0,5.669810092045442,5.669810092045442,0.0,53013414.016751714,42544988.655126594,18202838.639359653,21074114.606961463,55063391.24055437,239126.56408446238,276835.0331151397,722186.3587169661,170102.23333333334
25.251335333333333,-25714.276481111112,12678.274615277778,-1018.3333333333333,-1420.0,401.6666666666667,502.0833333333333,0.8993333260233904,3134.1666666666665,1701.75,88.0,18.00995923074696,2.726986341086646,2.987420255012056,11657.122879901444,1298.6819517695021,2741.645952802289,153.7792764695915,16.87545811539334,35.78512565730399,53013414.016751714,42544988.655126594,18202838.639359653,21074114.606961463,55063391.24055437,239126.56408446238,276835.0331151397,722186.3587169661,170102.23333333334
42.02796383333334,210969.17098631116,164945.74872455557,5019.733333333334,1880.0,3139.7333333333336,3924.6666666666665,0.7674035014619869,1219.683333333333,2314.75,0.0,1.814173378373551,4.984897117165479,37.04540704776583,222.30999273214633,3216.5561979250547,97504.14917048451,2.8478543148764768,41.96355546636896,1282.52025525576,53013414.016751714,42544988.655126594,18202838.639359653,21074114.606961463,55063391.24055437,239126.56408446238,276835.0331151397,722186.3587169661,170102.23333333334
33.60490083333333,196073.3947288889,245091.7434111111,5834.666666666667,0.0,5834.666666666667,7293.333333333333,0.7674035014619869,4075.499999999999,2616.833333333333,0.0,24.31424150686455,6.726867748451722,44.47862630744314,31732.30734425555,5202.90410119858,253479.02475375927,416.19559826809353,68.43012587744046,3325.85178952819,53013414.016751714,42544988.655126594,18202838.639359653,21074114.606961463,55063391.24055437,239126.56408446238,276835.0331151397,722186.3587169661,170102.23333333334
32.44645491666667,177549.16440099446,221936.45550124304,5472.066666666667,0.0,5472.066666666667,6840.083333333333,0.7674035014619869,3921.7666666666664,2553.75,0.0,22.54267874059992,6.726867748451722,44.30997890012151,28243.84809212944,4778.550860733752,230548.5156053358,370.9684438485459,62.765982975023704,3025.465875120399,53013414.016751714,42544988.655126594,18202838.639359653,21074114.606961463,55063391.24055437,239126.56408446238,276835.0331151397,722186.3587169661,170102.23333333334
39.281632916666666,231395.00563444445,196931.91968888888,5890.666666666666,1880.0,4010.6666666666665,5013.333333333333,0.6354736769005833,1988.166666666667,2865.5,0.0,2.987420255012056,8.06576402321083,42.67864751735718,2097.358984471356,7095.055654312227,164190.1413600079,27.267352195748785,93.70796097203498,2150.5114345323123,53013414.016751714,42544988.655126594,18202838.639359653,21074114.606961463,55063391.24055437,239126.56408446238,276835.0331151397,722186.3587169661,170102.23333333334
40.21230900000001,183719.31653860008,135150.21952325004,4568.733333333334,1880.0,2688.7333333333336,3360.9166666666665,0.5035438523391798,1584.183333333333,2792.0,0.0,2.452441325406859,7.975883779865536,37.04540704776583,990.603086067674,6508.127130594018,94299.72146085277,12.837508064748029,85.87248314907092,1239.7892655391731,53013414.016751714,42544988.655126594,18202838.639359653,21074114.606961463,55063391.24055437,239126.56408446238,276835.0331151397,722186.3587169661,170102.23333333334
36.083257499999995,94879.72282099999,33803.99840125,2629.4666666666667,1880.0,749.4666666666667,936.8333333333334,0.37161402777777625,1243.2833333333338,2935.916666666667,0.0,1.814173378373551,16.97316767448588,22.54267874059992,265.1244844617636,8203.585191390368,27138.881122527717,3.3850084189860845,108.35770733478914,356.65552316259993,53013414.016751714,42544988.655126594,18202838.639359653,21074114.606961463,55063391.24055437,239126.56408446238,276835.0331151397,722186.3587169661,170102.23333333334
33.57608525,18413.125151099997,23016.406438874998,548.4,0.0,548.4,685.5,0.37161402777777625,3425.266666666667,3288.166666666667,0.0,20.46319657202558,18.7737340514465,22.542812225147,17242.053765067947,14518.809714172792,29413.813688300655,227.6841139133418,192.0057041302405,386.1233084227512,53013414.016751714,42544988.655126594,18202838.639359653,21074114.606961463,55063391.24055437,239126.56408446238,276835.0331151397,722186.3587169661,170102.23333333334
34.1738015,55752.27547643652,4098.008363208334,1631.4332333333334,1535.4999,95.93333333333334,119.91666666666667,0.2638596488304078,1820.1501000000003,3331.666666666667,0.0,2.726986341086646,19.54019622199443,20.89355881015782,1621.557407252796,15357.281885455319,17781.903838422666,21.05363839987742,202.862059591381,234.79011604828472,53013414.016751714,42544988.655126594,18202838.639359653,21074114.606961463,55063391.24055437,239126.56408446238,276835.0331151397,722186.3587169661,170102.23333333334
35.00063958333333,-2564.380193472222,-3205.4752418402772,-73.26666666666667,0.0,-73.26666666666667,-91.58333333333333,0.2638596488304078,3172.1000000000004,3190.416666666667,0.0,18.45575082523466,18.7737340514465,17.39733704012239,12340.568141677812,12683.677210643898,11030.447597430404,162.91585576393717,167.48754173956775,145.49668399519507,53013414.016751714,42544988.655126594,18202838.639359653,21074114.606961463,55063391.24055437,239126.56408446238,276835.0331151397,722186.3587169661,170102.23333333334
35.06430983333333,-3466.691432188889,-4333.364290236111,-98.86666666666667,0.0,-98.86666666666667,-123.58333333333333,0.2638596488304078,3144.7000000000003,3169.416666666667,0.0,18.00995923074696,18.00995923074696,17.39733704012239,11846.827783798653,12291.973942785282,10108.388734303917,156.31622971971765,162.26923869113682,133.37703173964383,53013414.016751714,42544988.655126594,18202838.639359653,21074114.606961463,55063391.24055437,239126.56408446238,276835.0331151397,722186.3587169661,170102.23333333334
34.29423966666667,10871.273974333335,13589.092467916667,317.0,0.0,317.0,396.25,0.2638596488304078,3238.666666666667,3159.416666666667,0.0,18.7737340514465,18.00995923074696,21.87279216787323,13589.509878626191,12111.874350477814,20016.454738942663,179.58985719071825,159.8607387701311,263.97963561353225,53013414.016751714,42544988.655126594,18202838.639359653,21074114.606961463,55063391.24055437,239126.56408446238,276835.0331151397,722186.3587169661,170102.23333333334
36.92353683333334,106738.56027780002,46652.88878891667,2890.8,1880.0,1010.8000000000001,1263.5,0.1319298242690043,2080.866666666667,3708.166666666667,0.0,2.987420255012056,22.54267874059992,30.11596286407184,2374.2928421109727,23428.73191313731,55367.593727676736,30.928546631078774,308.5970084486528,727.7575149055269,53013414.016751714,42544988.655126594,18202838.639359653,21074114.606961463,55063391.24055437,239126.56408446238,276835.0331151397,722186.3587169661,170102.23333333334
36.16941958333333,158974.24424730556,113719.66928829861,4395.266666666666,1880.0,2515.266666666667,3144.0833333333335,-2.9239921595092255e-10,2686.983333333334,3938.166666666667,0.0,6.726867748451722,22.54267874059992,40.56336769416088,5674.793873752475,28613.54802347529,130803.35005615055,74.72877250261155,375.75726192232065,1713.177145754692,53013414.016751714,42544988.655126594,18202838.639359653,21074114.606961463,55063391.24055437,239126.56408446238,276835.0331151397,722186.3587169661,170102.23333333334
22.332986583333334,-23620.855476305554,10114.981840034723,-1057.6666666666665,-1420.0,362.33333333333337,452.9166666666667,0.08993333304093412,4569.166666666666,3233.583333333333,175.0,25.14037360976136,18.7737340514465,22.54267874059992,43890.17500906265,13494.076730531327,22940.307207090962,576.3006880186077,178.31482913800622,302.2703179040317,53013414.016751714,42544988.655126594,18202838.639359653,21074114.606961463,55063391.24055437,239126.56408446238,276835.0331151397,722186.3587169661,170102.23333333334
5.5521191666666665,-16138.529852388889,-10318.150794652778,-2906.7333333333336,-1420.0,-1486.7333333333336,-1858.4166666666667,0.17986666637426746,2258.333333333333,2258.333333333333,1048.3166666666668,4.444041173682934,4.444041173682934,0.05450289857695256,2950.829455944801,2950.829455944801,8.291508540779597,38.51462732207405,38.51462732207405,0.10714988483580587,53013414.016751714,42544988.655126594,18202838.639359653,21074114.606961463,55063391.24055437,239126.56408446238,276835.0331151397,722186.3587169661,170102.23333333334
-3.0813167500000005,14448.910504100004,12591.800898875003,-4689.200000000001,-1420.0,-3269.2000000000003,-4086.5,0.2697999997076008,2209.833333333333,2209.833333333333,602.7000000000007,2.987420255012056,2.987420255012056,0.0,2759.57047433236,2759.57047433236,0.0,36.02209617091757,36.02209617091757,0.0,53013414.016751714,42544988.655126594,18202838.639359653,21074114.606961463,55063391.24055437,239126.56408446238,276835.0331151397,722186.3587169661,170102.23333333334
-7.739274333333333,48446.3094718,46820.674898083336,-6259.8,-1420.0,-4839.8,-6049.75,0.35973333304093413,1810.916666666667,1810.916666666667,210.05000000000018,2.726986341086646,2.726986341086646,0.0,1596.3779606714618,1596.3779606714618,0.0,20.727802956229723,20.727802956229723,0.0,53013414.016751714,42544988.655126594,18202838.639359653,21074114.606961463,55063391.24055437,239126.56408446238,276835.0331151397,722186.3587169661,170102.23333333334
-11.371286666666665,73707.16400177777,71949.92116888888,-6481.866666666667,-1420.0,-5061.866666666667,-6327.333333333333,0.44966666637426744,1585.416666666667,1585.416666666667,154.53333333333376,2.452441325406859,2.452441325406859,0.0,993.627763702344,993.627763702344,0.0,12.878034523560082,12.878034523560082,0.0,53013414.016751714,42544988.655126594,18202838.639359653,21074114.606961463,55063391.24055437,239126.56408446238,276835.0331151397,722186.3587169661,170102.23333333334
-15.43887275,96396.20441826667,93091.25639158333,-6243.733333333334,-1420.0,-4823.733333333334,-6029.666666666667,0.5395999997076008,1519.083333333333,1519.083333333333,214.0666666666666,2.452441325406859,2.452441325406859,0.0,830.9491557836877,830.9491557836877,0.0,10.698368225291354,10.698368225291354,0.0,53013414.016751714,42544988.655126594,18202838.639359653,21074114.606961463,55063391.24055437,239126.56408446238,276835.0331151397,722186.3587169661,170102.23333333334
-18.3555135,113313.4796391,109060.813086375,-6173.266666666666,-1420.0,-4753.266666666666,-5941.583333333333,0.6295333330409341,1580.333333333333,1580.333333333333,231.6833333333334,2.452441325406859,2.452441325406859,0.0,981.1611869648577,981.1611869648577,0.0,12.710999794672636,12.710999794672636,0.0,53013414.016751714,42544988.655126594,18202838.639359653,21074114.606961463,55063391.24055437,239126.56408446238,276835.0331151397,722186.3587169661,170102.23333333334
-19.964036083333333,104204.28274056668,94819.18937779167,-5219.6,-1420.0,-3799.6000000000004,-4749.5,0.7194666663742674,1474.333333333333,1474.333333333333,470.10000000000036,2.452441325406859,2.452441325406859,0.0,721.2024064717307,721.2024064717307,0.0,9.227914956233192,9.227914956233192,0.0,53013414.016751714,42544988.655126594,18202838.639359653,21074114.606961463,55063391.24055437,239126.56408446238,276835.0331151397,722186.3587169661,170102.23333333334
-16.561816833333335,73116.00483467779,61997.78116418056,-4414.733333333334,-1420.0,-2994.7333333333336,-3743.4166666666665,0.8093999997076007,1451.833333333333,1451.833333333333,671.3166666666671,2.452441325406859,2.452441325406859,0.0,666.0224766500764,666.0224766500764,0.0,8.488580910338026,8.488580910338026,0.0,53013414.016751714,42544988.655126594,18202838.639359653,21074114.606961463,55063391.24055437,239126.56408446238,276835.0331151397,722186.3587169661,170102.23333333334
-21.792839333333333,72063.1082515111,51396.59549772222,-3306.7333333333336,-1420.0,-1886.7333333333333,-2358.4166666666665,0.899333333040934,1653.166666666667,1653.166666666667,948.3166666666671,2.726986341086646,2.726986341086646,0.0,1166.1958653650433,1166.1958653650433,0.0,15.161017625158538,15.161017625158538,0.0,53013414.016751714,42544988.655126594,18202838.639359653,21074114.606961463,55063391.24055437,239126.56408446238,276835.0331151397,722186.3587169661,170102.23333333334
-9.30050375,15330.9503815,2655.293820625,-1648.4,-1420.0,-228.4,-285.5,0.9892666663742673,1851.833333333333,1851.833333333333,1362.9,2.726986341086646,2.726986341086646,2.452441325406859,1707.9571517942554,1707.9571517942554,946.8270084091617,22.171697091230207,22.171697091230207,12.2509697216712,53013414.016751714,42544988.655126594,18202838.639359653,21074114.606961463,55063391.24055437,239126.56408446238,276835.0331151397,722186.3587169661,170102.23333333334
26.89834641666666,56612.0530916111,70765.06636451387,2104.666666666667,0.0,2104.666666666667,2630.8333333333335,0.9892666663742673,3105.3333333333335,2607.166666666667,28.0,17.39733704012239,6.726867748451722,32.32072417038805,11143.5302881912,5137.877712963551,63685.101622623784,146.9830564416306,67.56217267178616,837.4696909212047,53013414.016751714,42544988.655126594,18202838.639359653,21074114.606961463,55063391.24055437,239126.56408446238,276835.0331151397,722186.3587169661,170102.23333333334
31.710600666666668,229686.22274880004,212587.86686933335,7243.200000000001,1880.0,5363.200000000001,6704.0,0.8573368418128637,2632.2166666666662,3171.416666666667,0.0,6.726867748451722,18.00995923074696,44.47862630744314,5306.385750062262,12327.993861246776,251933.39248957572,69.81136865126626,162.75093867533798,3305.5358137201515,53013414.016751714,42544988.655126594,18202838.639359653,21074114.606961463,55063391.24055437,239126.56408446238,276835.0331151397,722186.3587169661,170102.23333333334
28.588106666666665,156479.86065066664,183499.90966666664,5473.6,338.6,5135.0,6418.75,0.8335754383040918,4026.8999999999996,3081.75,0.0,22.542812225147,17.39733704012239,44.30997890012151,30613.842725752635,10733.243089661644,235274.91335468215,401.66759246598656,141.59019230905037,3086.6279782086917,53013414.016751714,42544988.655126594,18202838.639359653,21074114.606961463,55063391.24055437,239126.56408446238,276835.0331151397,722186.3587169661,170102.23333333334
28.576808166666666,112832.66936526667,141040.83670658333,3948.4,0.0,3948.4,4935.5,0.8335754383040918,4269.766666666666,3282.666666666667,0.0,24.31424150686455,18.7737340514465,43.33706109539501,36455.753994322455,14415.554176889837,178748.1970664158,479.3629865881007,190.6261655814047,2343.0966349727046,53013414.016751714,42544988.655126594,18202838.639359653,21074114.606961463,55063391.24055437,239126.56408446238,276835.0331151397,722186.3587169661,170102.23333333334
29.42051325,135204.9106917,99867.932227125,4595.6,1880.0,2715.6000000000004,3394.5,0.7016456137426883,1892.1499999999996,3093.25,0.0,2.726986341086646,17.39733704012239,38.65126493140946,1817.9001511123986,10933.31246562305,107043.58789685671,23.59441803321237,144.2199281758209,1408.110217272345,53013414.016751714,42544988.655126594,18202838.639359653,21074114.606961463,55063391.24055437,239126.56408446238,276835.0331151397,722186.3587169661,170102.23333333334
30.106548749999998,96565.75156399999,49956.79989249999,3207.4666666666667,1880.0,1327.4666666666667,1659.3333333333333,0.5697157891812847,1679.1166666666666,3227.25,0.0,2.726986341086646,18.7737340514465,29.74892242460735,1236.9611609162407,13375.17641487217,52821.35892410624,16.07675822320161,176.72626959692263,693.8324716083172,53013414.016751714,42544988.655126594,18202838.639359653,21074114.606961463,55063391.24055437,239126.56408446238,276835.0331151397,722186.3587169661,170102.23333333334
36.35479491666666,108511.79186726664,50205.97177991666,2984.8,1880.0,1104.8,1381.0,0.43778596461988123,1987.6999999999998,3591.5,0.0,2.987420255012056,22.29799400873425,30.11596286407184,2095.9648550190154,20805.15242860381,55392.69036339679,27.248921155801042,274.24038251608727,728.0921781215674,53013414.016751714,42544988.655126594,18202838.639359653,21074114.606961463,55063391.24055437,239126.56408446238,276835.0331151397,722186.3587169661,170102.23333333334
32.81355741666667,78183.76947144445,20617.851910138892,2382.666666666667,1880.0,502.66666666666674,628.3333333333334,0.3058561400584777,2092.4166666666665,3846.75,0.0,2.987420255012056,22.54267874059992,25.11795777038495,2408.797546056361,26552.771475272108,41526.96766368634,31.384714869784926,349.06349450905475,545.3211530889696,53013414.016751714,42544988.655126594,18202838.639359653,21074114.606961463,55063391.24055437,239126.56408446238,276835.0331151397,722186.3587169661,170102.23333333334
28.9087825,-2543.97286,-3179.9660750000003,-88.0,0.0,-88.0,-110.0,0.3058561400584777,3800.333333333333,3822.333333333333,0.0,22.54267874059992,22.54267874059992,22.54267874059992,25506.41547039592,26002.35440268912,23522.659741223128,335.50977668846303,341.9338009337704,309.8136797072336,53013414.016751714,42544988.655126594,18202838.639359653,21074114.606961463,55063391.24055437,239126.56408446238,276835.0331151397,722186.3587169661,170102.23333333334
26.137852499999997,-31184.200555999996,7414.4374925,-1193.0666666666666,-1420.0,226.93333333333337,283.6666666666667,0.39578947339181103,5212.733333333334,3736.0,0.0,32.32072417038805,22.54267874059992,22.542812225147,62868.46465858532,24056.16980475067,30450.78305065741,826.7564988855813,316.72437245597337,399.5554386542258,53013414.016751714,42544988.655126594,18202838.639359653,21074114.606961463,55063391.24055437,239126.56408446238,276835.0331151397,722186.3587169661,170102.23333333334
30.580596666666665,61103.599876277774,10361.725503888887,1998.1166666666666,1727.05,271.06666666666666,338.8333333333333,0.27459298216374084,2317.7166666666667,3977.0,0.0,4.984897117165479,22.542812225147,24.32686049282893,3231.3447260393123,29488.956395717807,37575.840568893655,42.1556795831745,387.0966511931478,494.33459838545565,53013414.016751714,42544988.655126594,18202838.639359653,21074114.606961463,55063391.24055437,239126.56408446238,276835.0331151397,722186.3587169661,170102.23333333334
37.16098358333333,116871.29336958335,58760.805291145836,3145.0,1880.0,1265.0,1581.25,0.14266315760233733,2909.833333333333,4473.583333333333,0.0,16.36690594755028,25.11795777038495,37.04540704776583,7775.082344779859,41489.29072703076,90666.18445291775,102.70609209832809,544.8273611449137,1191.3361105329857,53013414.016751714,42544988.655126594,18202838.639359653,21074114.606961463,55063391.24055437,239126.56408446238,276835.0331151397,722186.3587169661,170102.23333333334
33.36260983333334,160396.30720872225,122093.25090256946,4807.666666666667,1880.0,2927.666666666667,3659.5833333333335,0.010733333040933823,3333.5833333333335,4481.666666666667,0.0,19.54019622199443,25.11795777038495,43.08707397581529,15394.733928214138,41692.32755234138,175418.63971818128,203.33860764624504,547.4883510656598,2299.2076968353877,53013414.016751714,42544988.655126594,18202838.639359653,21074114.606961463,55063391.24055437,239126.56408446238,276835.0331151397,722186.3587169661,170102.23333333334
20.743502833333334,-15474.653113666667,17476.401137083332,-746.0,-1420.0,674.0,842.5,0.10066666637426716,5172.666666666667,3739.166666666667,155.0,32.32072417038805,22.54267874059992,26.09483365000418,61573.48097682511,24127.554954095907,44211.91719836191,809.7680334148434,317.649042612495,580.5763952112341,53013414.016751714,42544988.655126594,18202838.639359653,21074114.606961463,55063391.24055437,239126.56408446238,276835.0331151397,722186.3587169661,170102.23333333334
1.2838203333333333,-3941.414011355556,-2647.986422527778,-3070.0666666666666,-1420.0,-1650.0666666666668,-2062.5833333333335,0.1905999997076005,2634.833333333333,2634.833333333333,1007.4833333333331,6.726867748451722,6.726867748451722,0.06435851962640775,5323.9877206707115,5323.9877206707115,18.376532107598642,70.04631460521064,70.04631460521064,0.23817321590952137,53013414.016751714,42544988.655126594,18202838.639359653,21074114.606961463,55063391.24055437,239126.56408446238,276835.0331151397,722186.3587169661,170102.23333333334
-3.0527502499999994,13167.936445033332,11041.288862541665,-4313.466666666667,-1420.0,-2893.466666666667,-3616.8333333333335,0.28053333304093386,2129.333333333333,2129.333333333333,696.6333333333337,2.987420255012056,2.987420255012056,0.0,2519.0831438038895,2519.0831438038895,0.0,32.84274177993521,32.84274177993521,0.0,53013414.016751714,42544988.655126594,18202838.639359653,21074114.606961463,55063391.24055437,239126.56408446238,276835.0331151397,722186.3587169661,170102.23333333334
-6.81599525,37081.286158416675,34253.21612927083,-5440.333333333334,-1420.0,-4020.333333333334,-5025.416666666667,0.3704666663742672,1657.416666666667,1657.416666666667,414.91666666666697,2.726986341086646,2.726986341086646,0.0,1177.7855573146617,1177.7855573146617,0.0,15.310994409038427,15.310994409038427,0.0,53013414.016751714,42544988.655126594,18202838.639359653,21074114.606961463,55063391.24055437,239126.56408446238,276835.0331151397,722186.3587169661,170102.23333333334
-7.564300583333335,48563.818318411126,47278.139362597234,-6420.133333333334,-1420.0,-5000.133333333334,-6250.166666666667,0.4603999997076005,1602.833333333333,1602.833333333333,169.96666666666715,2.452441325406859,2.452441325406859,0.0,1036.341116786512,1036.341116786512,0.0,13.4503338405678,13.4503338405678,0.0,53013414.016751714,42544988.655126594,18202838.639359653,21074114.606961463,55063391.24055437,239126.56408446238,276835.0331151397,722186.3587169661,170102.23333333334
-7.447639416666665,44154.571554944436,41973.65447909721,-5928.666666666667,-1420.0,-4508.666666666667,-5635.833333333333,0.5503333330409338,1578.083333333333,1578.083333333333,292.83333333333394,2.452441325406859,2.452441325406859,0.0,975.6431939826923,975.6431939826923,0.0,12.63706639008312,12.63706639008312,0.0,53013414.016751714,42544988.655126594,18202838.639359653,21074114.606961463,55063391.24055437,239126.56408446238,276835.0331151397,722186.3587169661,170102.23333333334
-8.08916625,45627.211872,42675.74474625,-5640.533333333334,-1420.0,-4220.533333333334,-5275.666666666667,0.6402666663742671,1602.75,1602.75,364.8666666666668,2.452441325406859,2.452441325406859,0.0,1036.1367466760623,1036.1367466760623,0.0,13.447595566323756,13.447595566323756,0.0,53013414.016751714,42544988.655126594,18202838.639359653,21074114.606961463,55063391.24055437,239126.56408446238,276835.0331151397,722186.3587169661,170102.23333333334
-7.410948499999999,37105.1369498,33226.98759975,-5006.8,-1420.0,-3586.8,-4483.5,0.7301999997076004,1582.416666666667,1582.416666666667,523.3000000000002,2.452441325406859,2.452441325406859,0.0,986.2704397261236,986.2704397261236,0.0,12.77945665077406,12.77945665077406,0.0,53013414.016751714,42544988.655126594,18202838.639359653,21074114.606961463,55063391.24055437,239126.56408446238,276835.0331151397,722186.3587169661,170102.23333333334
-5.8479219166666665,24751.134581561113,20558.856824868057,-4232.466666666667,-1420.0,-2812.466666666667,-3515.5833333333335,0.8201333330409337,1716.5,1716.5,716.8833333333337,2.726986341086646,2.726986341086646,0.0,1338.9050003005302,1338.9050003005302,0.0,17.395965777094133,17.395965777094133,0.0,53013414.016751714,42544988.655126594,18202838.639359653,21074114.606961463,55063391.24055437,239126.56408446238,276835.0331151397,722186.3587169661,170102.23333333334
-5.782951916666666,16524.20680668333,10390.518856270832,-2857.4,-1420.0,-1437.4,-1796.75,0.910066666374267,2191.25,2191.25,1060.65,2.987420255012056,2.987420255012056,0.05450289857695256,2704.05424792672,2704.05424792672,7.996284506821126,35.288145830142156,35.288145830142156,0.10332952866675366,53013414.016751714,42544988.655126594,18202838.639359653,21074114.606961463,55063391.24055437,239126.56408446238,276835.0331151397,722186.3587169661,170102.23333333334
6.426252666666667,-8126.2107054222215,1248.8351015555556,-1264.5333333333333,-1420.0,155.4666666666667,194.33333333333334,0.9999999997076003,3162.7833333333338,2875.916666666667,1172.0,18.00995923074696,16.14165532734679,17.39733704012239,12172.507879887997,7220.395673393506,10533.173713700244,160.67160041020304,95.37490557108232,138.96045644227993,53013414.016751714,42544988.655126594,18202838.639359653,21074114.606961463,55063391.24055437,239126.56408446238,276835.0331151397,722186.3587169661,170102.23333333334
39.599758833333325,199001.9880571111,155693.05181305553,5025.333333333334,1880.0,3145.3333333333335,3931.6666666666665,0.8680701751461968,3243.0833333333326,4336.75,0.0,18.7737340514465,24.65932766745755,43.39788809405341,13672.42720402006,38089.58053464594,180927.19926341367,180.69766844963158,500.9592732541614,2371.681869511581,53013414.016751714,42544988.655126594,18202838.639359653,21074114.606961463,55063391.24055437,239126.56408446238,276835.0331151397,722186.3587169661,170102.23333333334
41.10398075,322526.49535295,306563.76442868746,7846.6,1880.0,5966.6,7458.25,0.7361403505847932,5293.316666666667,5681.666666666667,0.0,32.32072417038805,32.32072417038805,46.78882750968028,65472.97634798241,78024.72957955263,400849.9362023262,860.9242320598814,1025.5865589873624,5245.523248461946,53013414.016751714,42544988.655126594,18202838.639359653,21074114.606961463,55063391.24055437,239126.56408446238,276835.0331151397,722186.3587169661,170102.23333333334
38.800775,270343.10645333334,246747.06181666665,6967.466666666667,1880.0,5087.466666666667,6359.333333333333,0.6042105260233896,5371.616666666666,5979.75,0.0,32.32072417038805,34.31500019415109,46.40733315210002,68003.68905052377,87970.4863212186,363551.46564208315,894.1238205713315,1155.8751498730126,4761.090990359624,53013414.016751714,42544988.655126594,18202838.639359653,21074114.606961463,55063391.24055437,239126.56408446238,276835.0331151397,722186.3587169661,170102.23333333334
40.35522825,239333.407008,204331.9723725,5930.666666666666,1880.0,4050.6666666666665,5063.333333333333,0.47228070146198614,5198.75,6066.083333333333,0.0,32.32072417038805,37.04540704776583,45.41560198464936,62416.51319893605,91082.94528220511,308128.2812002511,820.8274961692963,1196.8936091955475,4044.625125062733,53013414.016751714,42544988.655126594,18202838.639359653,21074114.606961463,55063391.24055437,239126.56408446238,276835.0331151397,722186.3587169661,170102.23333333334
44.93838391666666,227286.36228145554,178502.75064765275,5057.733333333334,1880.0,3177.7333333333336,3972.1666666666665,0.34035087690058263,4993.1833333333325,6078.75,0.0,30.11596286407184,37.04540704776583,44.47862630744314,56015.58886196865,91552.18710481016,259739.3914065319,736.3985191436934,1203.1509410230246,3408.1387994557167,53013414.016751714,42544988.655126594,18202838.639359653,21074114.606961463,55063391.24055437,239126.56408446238,276835.0331151397,722186.3587169661,170102.23333333334
41.33107675,145992.38470146665,85362.45051433334,3532.266666666667,1880.0,1652.2666666666669,2065.3333333333335,0.20842105233917912,4766.066666666667,6233.0,0.0,28.10812633230105,37.04540704776583,43.39788809405341,49318.26227717983,97266.44114192804,182225.51941556082,647.6744567526712,1279.350422685262,2388.6480245929474,53013414.016751714,42544988.655126594,18202838.639359653,21074114.606961463,55063391.24055437,239126.56408446238,276835.0331151397,722186.3587169661,170102.23333333334
38.23386408333333,110011.5715891111,47664.88389055555,2877.3333333333335,1880.0,997.3333333333335,1246.6666666666667,0.07649122777777562,5119.5,6750.166666666667,0.0,30.94270688731519,40.428726316437,42.71761368268996,59862.77962832885,117332.9765815072,169228.44803396874,787.2606974076987,1543.4866834804739,2217.063150102285,53013414.016751714,42544988.655126594,18202838.639359653,21074114.606961463,55063391.24055437,239126.56408446238,276835.0331151397,722186.3587169661,170102.23333333334
38.37433066666667,59633.71369343308,22257.111786666672,1554.0001,1090.0001,464.0,580.0,-7.309943678146524e-09,5590.4999,6564.5,0.0,32.32072417038805,38.65126493140946,40.56336769416088,75078.15366061314,110010.0724803424,133328.41969511207,986.9313975665099,1447.064300126959,1744.9853934987843,53013414.016751714,42544988.655126594,18202838.639359653,21074114.606961463,55063391.24055437,239126.56408446238,276835.0331151397,722186.3587169661,170102.23333333334
35.352031000000004,-25970.868753710834,-3161.0607719166674,-734.6358333333333,-663.1025,-71.53333333333335,-89.41666666666667,0.041996484356722985,7142.3025,6497.083333333333,0.0,40.56336769416088,38.65126493140946,38.65126493140946,133239.28169460414,107404.33303621653,103948.26576359966,1743.8625240302276,1412.847304438161,1367.4643175727958,53013414.016751714,42544988.655126594,18202838.639359653,21074114.606961463,55063391.24055437,239126.56408446238,276835.0331151397,722186.3587169661,170102.23333333334
35.283517249999996,-5172.563628849999,-6465.704536062499,-146.6,0.0,-146.6,-183.25,0.041996484356722985,6501.933333333333,6538.583333333333,0.0,38.65126493140946,38.65126493140946,38.65126493140946,107591.79167113388,109008.36053087002,101925.51623218924,1415.3088979475406,1433.9104241575942,1340.902793107326,53013414.016751714,42544988.655126594,18202838.639359653,21074114.606961463,55063391.24055437,239126.56408446238,276835.0331151397,722186.3587169661,170102.23333333334
38.83192875,2829.55320825,3536.9415103125,72.86666666666666,0.0,72.86666666666666,91.08333333333333,0.041996484356722985,6744.466666666666,6726.25,0.0,40.32284458053643,40.32284458053643,40.56336769416088,117103.044603227,116368.49678445158,120057.43789783907,1540.4670494268169,1530.7933717245455,1577.8111222226041,53013414.016751714,42544988.655126594,18202838.639359653,21074114.606961463,55063391.24055437,239126.56408446238,276835.0331151397,722186.3587169661,170102.23333333334
38.92561466666667,58756.26516603853,44326.54370166667,1509.4499,598.4499,911.0,1138.75,1.4619667282333992e-10,6367.1334333333325,6737.833333333333,0.0,38.65126493140946,40.32284458053643,42.67864751735718,102381.60502350634,116835.56973417611,164094.11440309384,1346.8918754928989,1536.9445208581947,2149.2577977739093,53013414.016751714,42544988.655126594,18202838.639359653,21074114.606961463,55063391.24055437,239126.56408446238,276835.0331151397,722186.3587169661,170102.23333333334
36.43791133333333,70164.84206346667,87706.05257933334,1925.6000000000001,0.0,1925.6000000000001,2407.0,1.4619667282333992e-10,7260.4,6779.0,0.0,41.46208207644711,40.56336769416088,44.30583610456325,138096.3923883834,118502.50880289625,221340.11186609746,1807.1663637570266,1558.2237139732301,2902.9392742436617,53013414.016751714,42544988.655126594,18202838.639359653,21074114.606961463,55063391.24055437,239126.56408446238,276835.0331151397,722186.3587169661,170102.23333333334
16.971808999999997,-24336.442652066664,-295.5923400833333,-1433.9333333333334,-1420.0,-13.933333333333335,-17.416666666666668,0.08993333347953,6320.349999999999,5396.833333333333,493.0,38.56728378589558,32.32072417038805,32.32072417038805,100573.73986343629,68818.70997835374,68255.7906990528,1323.1346124385418,904.8158123588636,897.4310592736217,53013414.016751714,42544988.655126594,18202838.639359653,21074114.606961463,55063391.24055437,239126.56408446238,276835.0331151397,722186.3587169661,170102.23333333334
2.2432503333333327,-7092.708903933331,-4884.1167882499985,-3161.8,-1420.0,-1741.8000000000002,-2177.25,0.17986666681286334,3084.75,3084.75,984.5500000000002,17.39733704012239,17.39733704012239,0.1553934958319514,10785.435100782011,10785.435100782011,59.07007081551603,142.27621036125137,142.27621036125137,0.7652771646949941,53013414.016751714,42544988.655126594,18202838.639359653,21074114.606961463,55063391.24055437,239126.56408446238,276835.0331151397,722186.3587169661,170102.23333333334
1.3276679999999998,-6585.7643472,-5875.594733999999,-4960.4,-1420.0,-3540.4,-4425.5,0.26980000014619665,2592.166666666667,2592.166666666667,534.8999999999996,6.726867748451722,6.726867748451722,0.0,5036.9746967367755,5036.9746967367755,0.0,66.21534873197768,66.21534873197768,0.0,53013414.016751714,42544988.655126594,18202838.639359653,21074114.606961463,55063391.24055437,239126.56408446238,276835.0331151397,722186.3587169661,170102.23333333334
0.5257451666666666,-2887.4275050111105,-2676.086710430555,-5492.066666666667,-1420.0,-4072.0666666666666,-5090.083333333333,0.35973333347952996,1902.75,1902.75,401.9833333333336,2.726986341086646,2.726986341086646,0.0,1846.806206327918,1846.806206327918,0.0,23.968477776536346,23.968477776536346,0.0,53013414.016751714,42544988.655126594,18202838.639359653,21074114.606961463,55063391.24055437,239126.56408446238,276835.0331151397,722186.3587169661,170102.23333333334
1.9917682499999998,-9881.95899555,-8817.060100687499,-4961.4,-1420.0,-3541.4,-4426.75,0.44966666681286327,1403.666666666667,1403.666666666667,534.6499999999996,1.814173378373551,1.814173378373551,0.0,556.087658129908,556.087658129908,0.0,7.035456119442703,7.035456119442703,0.0,53013414.016751714,42544988.655126594,18202838.639359653,21074114.606961463,55063391.24055437,239126.56408446238,276835.0331151397,722186.3587169661,170102.23333333334
6.063414750000001,-25430.365689150007,-21025.395930187504,-4194.0666666666675,-1420.0,-2774.066666666667,-3467.5833333333335,0.5396000001461966,1253.0,1253.0,726.483333333334,1.814173378373551,1.814173378373551,0.0,282.75220245495916,282.75220245495916,0.0,3.606167206200687,3.606167206200687,0.0,53013414.016751714,42544988.655126594,18202838.639359653,21074114.606961463,55063391.24055437,239126.56408446238,276835.0331151397,722186.3587169661,170102.23333333334
7.9399551666666675,-29541.3971931,-22833.32607054167,-3720.6,-1420.0,-2300.6,-2875.75,0.6295333334795299,1254.333333333333,1254.333333333333,844.8499999999999,1.814173378373551,1.814173378373551,0.0,285.17110029279,285.17110029279,0.0,3.636514895698397,3.636514895698397,0.0,53013414.016751714,42544988.655126594,18202838.639359653,21074114.606961463,55063391.24055437,239126.56408446238,276835.0331151397,722186.3587169661,170102.23333333334
16.777032000000002,-54387.78233760001,-38205.496122000004,-3241.8,-1420.0,-1821.8000000000002,-2277.25,0.7194666668128632,1370.083333333333,1370.083333333333,964.5500000000002,1.814173378373551,1.814173378373551,0.0,495.16166883952855,495.16166883952855,0.0,6.271073690218945,6.271073690218945,0.0,53013414.016751714,42544988.655126594,18202838.639359653,21074114.606961463,55063391.24055437,239126.56408446238,276835.0331151397,722186.3587169661,170102.23333333334
23.364825,-58947.895820000005,-32212.3054,-2522.9333333333334,-1420.0,-1102.9333333333334,-1378.6666666666667,0.8094000001461965,1630.583333333333,1630.583333333333,1144.2666666666667,2.726986341086646,2.726986341086646,0.02716269150674588,1104.611423828835,1104.611423828835,0.8561826645945665,14.364082165718319,14.364082165718319,0.010980678558049933,53013414.016751714,42544988.655126594,18202838.639359653,21074114.606961463,55063391.24055437,239126.56408446238,276835.0331151397,722186.3587169661,170102.23333333334
18.81094475,-48493.361502516665,-27227.274946895835,-2577.9333333333334,-1420.0,-1157.9333333333334,-1447.4166666666667,0.8993333334795298,2527.75,2527.75,1130.5166666666667,6.726867748451722,6.726867748451722,0.2329054940317283,4603.652299274008,4603.652299274008,97.85117573487062,60.43148814602234,60.43148814602234,1.2748378937980354,53013414.016751714,42544988.655126594,18202838.639359653,21074114.606961463,55063391.24055437,239126.56408446238,276835.0331151397,722186.3587169661,170102.23333333334
33.56818391666667,64364.754781280564,16026.010471548612,1917.4333333333334,1535.5,381.9333333333334,477.4166666666667,0.7915789475146175,1951.6500000000003,3391.666666666667,0.0,2.987420255012056,20.2102968360311,22.54267874059992,1988.2683548258324,16556.673727968642,27056.224633812177,25.8251233198394,218.52014567388952,355.58485245504863,53013414.016751714,42544988.655126594,18202838.639359653,21074114.606961463,55063391.24055437,239126.56408446238,276835.0331151397,722186.3587169661,170102.23333333334
45.29531525000001,243169.40976346674,197517.7713668334,5368.533333333334,1880.0,3488.5333333333338,4360.666666666667,0.659649122953214,3790.05,4797.916666666667,0.0,22.54267874059992,28.60500407516702,44.30583610456325,25274.601590680097,50221.40950860874,220125.3935262307,332.5070320222854,659.4704000533545,2886.663743851734,53013414.016751714,42544988.655126594,18202838.639359653,21074114.606961463,55063391.24055437,239126.56408446238,276835.0331151397,722186.3587169661,170102.23333333334
40.97571133333333,289736.5231239111,265877.7322715555,7070.933333333334,1880.0,5190.933333333334,6488.666666666667,0.5277192983918104,4905.816666666666,5488.083333333333,0.0,29.74892242460735,32.32072417038805,46.04017397596569,53393.52986540616,71767.97605890165,346817.46320708335,701.4769223643466,943.5062651260391,4544.552898663351,53013414.016751714,42544988.655126594,18202838.639359653,21074114.606961463,55063391.24055437,239126.56408446238,276835.0331151397,722186.3587169661,170102.23333333334
41.967265166666664,249500.9870511889,213253.16067231944,5945.133333333333,1880.0,4065.1333333333337,5081.416666666667,0.3957894738304069,4901.866666666667,5765.583333333333,0.0,29.74892242460735,32.94471252566736,44.94810740163002,53276.021621829,80767.4728744115,295376.63016016135,699.9069615071728,1062.7217910257161,3877.180708774164,53013414.016751714,42544988.655126594,18202838.639359653,21074114.606961463,55063391.24055437,239126.56408446238,276835.0331151397,722186.3587169661,170102.23333333334
37.76681383333334,162807.69886032224,114757.61106706946,4310.866666666667,1880.0,2430.866666666667,3038.5833333333335,0.2638596492690034,4525.633333333333,5797.916666666667,0.0,25.11795777038495,32.94471252566736,44.03935801615658,42796.6804289793,81832.68524607476,205866.83235309608,561.961941603655,1075.9233843257164,2696.644692087888,53013414.016751714,42544988.655126594,18202838.639359653,21074114.606961463,55063391.24055437,239126.56408446238,276835.0331151397,722186.3587169661,170102.23333333334
35.18696791666667,107749.53315441665,51997.541838854166,3062.2,1880.0,1182.2,1477.75,0.1319298247075999,3918.55,5503.0,0.0,22.54267874059992,32.32072417038805,40.56336769416088,28171.335808847187,72250.09352777661,126686.16823519321,370.02917363692154,949.8310058067009,1661.3130952161318,53013414.016751714,42544988.655126594,18202838.639359653,21074114.606961463,55063391.24055437,239126.56408446238,276835.0331151397,722186.3587169661,170102.23333333334
32.78066775,9268.18746185,11585.2343273125,282.73333333333335,0.0,282.73333333333335,353.4166666666667,0.1319298247075999,5160.1,5109.416666666667,20.0,32.32072417038805,30.77259036144578,32.32072417038805,61167.31720975057,59551.825887733394,70951.87777359938,804.4397043944873,783.176497951369,932.80013983978,53013414.016751714,42544988.655126594,18202838.639359653,21074114.606961463,55063391.24055437,239126.56408446238,276835.0331151397,722186.3587169661,170102.23333333334
33.17341158333333,4945.049886688889,6181.312358361111,149.0666666666667,0.0,149.0666666666667,186.33333333333334,0.1319298247075999,4535.933333333333,4503.666666666667,5.0,25.11795777038495,25.11795777038495,28.02141170029222,43055.39539401427,42244.92262328986,47180.888026234155,565.3526462861726,554.7306329118136,619.6322136134771,53013414.016751714,42544988.655126594,18202838.639359653,21074114.606961463,55063391.24055437,239126.56408446238,276835.0331151397,722186.3587169661,170102.23333333334
31.915390583333338,-7438.413698622223,-9298.017123277778,-233.06666666666666,0.0,-233.06666666666666,-291.3333333333333,0.1319298247075999,3910.3166666666666,3968.583333333333,0.0,22.54267874059992,22.54267874059992,22.54267874059992,27985.734420549576,29299.22116850186,22731.787428740412,367.62503122996554,384.6389621099613,299.569307709982,53013414.016751714,42544988.655126594,18202838.639359653,21074114.606961463,55063391.24055437,239126.56408446238,276835.0331151397,722186.3587169661,170102.23333333334
32.19667033333334,-20762.559475622227,-25953.19934452778,-644.8666666666668,0.0,-644.8666666666668,-806.0833333333334,0.1319298247075999,3666.9500000000003,3828.166666666667,0.0,22.54267874059992,22.54267874059992,17.39733704012239,22499.59783771225,26133.8533620093,9695.20197960101,296.5616963587701,343.63714069578384,127.94605549305248,53013414.016751714,42544988.655126594,18202838.639359653,21074114.606961463,55063391.24055437,239126.56408446238,276835.0331151397,722186.3587169661,170102.23333333334
33.27530725,-24572.705227216666,-30715.88153402083,-738.4666666666667,0.0,-738.4666666666667,-923.0833333333334,0.1319298247075999,3606.633333333333,3791.25,0.0,22.29799400873425,22.54267874059992,8.06576402321083,21142.595404602656,25301.652805168815,7116.564358374121,278.66289235678113,332.85743334475666,93.99094763870163,53013414.016751714,42544988.655126594,18202838.639359653,21074114.606961463,55063391.24055437,239126.56408446238,276835.0331151397,722186.3587169661,170102.23333333334
32.95726766666667,-1885.1557105333334,-2356.4446381666667,-57.2,0.0,-57.2,-71.5,0.1319298247075999,3776.95,3791.25,0.0,22.54267874059992,22.54267874059992,22.54267874059992,24979.29249917823,25301.652805168815,23689.85127521592,328.6818175853068,332.85743334475666,311.97935454750774,53013414.016751714,42544988.655126594,18202838.639359653,21074114.606961463,55063391.24055437,239126.56408446238,276835.0331151397,722186.3587169661,170102.23333333334
33.522526750000004,80395.39977818751,28125.399943250002,2398.25,1727.05,671.2,839.0,0.01073333347952972,2681.0,4240.25,0.0,6.726867748451722,24.31424150686455,30.77259036144578,5634.544781724235,35738.078632511504,58623.519411829766,74.19153939773233,469.7654021067408,770.8920424895215,53013414.016751714,42544988.655126594,18202838.639359653,21074114.606961463,55063391.24055437,239126.56408446238,276835.0331151397,722186.3587169661,170102.23333333334
32.50174,72613.762421,84553.27661,2234.15,152.95,2081.2000000000003,2601.5,1.461963865939664e-10,4666.4333333333325,4315.083333333333,16.0,28.02141170029222,24.32686049282893,40.56336769416088,46520.51675716391,37557.595423524035,124083.35214148455,610.8093684063523,494.0973357148549,1628.5254770595707,53013414.016751714,42544988.655126594,18202838.639359653,21074114.606961463,55063391.24055437,239126.56408446238,276835.0331151397,722186.3587169661,170102.23333333334
12.182170916666664,-21488.537352272215,-5237.318313256943,-1763.9333333333334,-1420.0,-343.9333333333334,-429.9166666666667,0.08993333347952973,4148.433333333333,3754.416666666667,940.0,24.31424150686455,22.54267874059992,19.54019622199443,33505.626024822894,24471.330804890058,15217.243812531027,439.9104653999015,322.1020594189012,201.08018425580238,53013414.016751714,42544988.655126594,18202838.639359653,21074114.606961463,55063391.24055437,239126.56408446238,276835.0331151397,722186.3587169661,170102.23333333334
1.957380416666667,-6652.3530840833355,-4841.091115520834,-3398.6000000000004,-1420.0,-1978.6000000000001,-2473.25,0.17986666681286306,2597.75,2597.75,925.3500000000004,6.726867748451722,6.726867748451722,0.0005557935623911118,5074.533041665629,5074.533041665629,0.06919629851769342,66.71666653179525,66.71666653179525,0.0008716642789820921,53013414.016751714,42544988.655126594,18202838.639359653,21074114.606961463,55063391.24055437,239126.56408446238,276835.0331151397,722186.3587169661,170102.23333333334
-1.1948660833333333,5224.671435983334,4409.9519970625,-4372.6,-1420.0,-2952.6000000000004,-3690.75,0.26980000014619643,2376.916666666667,2376.916666666667,681.8500000000004,6.726867748451722,6.726867748451722,0.0,3589.0164138825417,3589.0164138825417,0.0,46.888425195725965,46.888425195725965,0.0,53013414.016751714,42544988.655126594,18202838.639359653,21074114.606961463,55063391.24055437,239126.56408446238,276835.0331151397,722186.3587169661,170102.23333333334
-0.5252568333333333,3072.647423633333,2908.4784003749996,-5849.8,-1420.0,-4429.8,-5537.25,0.35973333347952974,1970.916666666667,1970.916666666667,312.5500000000002,2.987420255012056,2.987420255012056,0.0,2045.825985072398,2045.825985072398,0.0,26.58606196910971,26.58606196910971,0.0,53013414.016751714,42544988.655126594,18202838.639359653,21074114.606961463,55063391.24055437,239126.56408446238,276835.0331151397,722186.3587169661,170102.23333333334
-0.280483,1805.7869517333334,1759.3763646666666,-6438.133333333334,-1420.0,-5018.133333333334,-6272.666666666667,0.44966666681286305,1467.666666666667,1467.666666666667,165.46666666666715,2.452441325406859,2.452441325406859,0.0,704.8527976356864,704.8527976356864,0.0,9.008853016708718,9.008853016708718,0.0,53013414.016751714,42544988.655126594,18202838.639359653,21074114.606961463,55063391.24055437,239126.56408446238,276835.0331151397,722186.3587169661,170102.23333333334
3.252483833333333,-16882.342585299997,-15329.76942745833,-5190.6,-1420.0,-3770.6000000000004,-4713.25,0.5396000001461964,813.1666666666666,813.1666666666666,477.35000000000036,0.1553934958319514,0.1553934958319514,0.0,44.41128437536861,44.41128437536861,0.0,0.5757711858339749,0.5757711858339749,0.0,53013414.016751714,42544988.655126594,18202838.639359653,21074114.606961463,55063391.24055437,239126.56408446238,276835.0331151397,722186.3587169661,170102.23333333334
3.282430916666667,-18815.331671788896,-17692.84971265278,-5732.133333333334,-1420.0,-4312.133333333334,-5390.166666666667,0.6295333334795297,764.0833333333334,764.0833333333334,341.96666666666715,0.1553934958319514,0.1553934958319514,0.0,36.78405362161701,36.78405362161701,0.0,0.47716780990717267,0.47716780990717267,0.0,53013414.016751714,42544988.655126594,18202838.639359653,21074114.606961463,55063391.24055437,239126.56408446238,276835.0331151397,722186.3587169661,170102.23333333334
2.63833025,-13179.866708216668,-11791.797191520835,-4995.533333333334,-1420.0,-3575.5333333333338,-4469.416666666667,0.719466666812863,800.9166666666666,800.9166666666666,526.1166666666668,0.1553934958319514,0.1553934958319514,0.0,42.50771405142721,42.50771405142721,0.0,0.5511621938794079,0.5511621938794079,0.0,53013414.016751714,42544988.655126594,18202838.639359653,21074114.606961463,55063391.24055437,239126.56408446238,276835.0331151397,722186.3587169661,170102.23333333334
-0.42907158333333334,1752.5857892833335,1429.1301761875,-4084.6000000000004,-1420.0,-2664.6000000000004,-3330.75,0.8094000001461963,1157.6833333333338,988.8333333333334,585.0,0.2329054940317283,0.2329054940317283,0.0,115.86641569822496,76.54032303096751,0.0,1.5118615978649588,0.9944543266083357,0.0,53013414.016751714,42544988.655126594,18202838.639359653,21074114.606961463,55063391.24055437,239126.56408446238,276835.0331151397,722186.3587169661,170102.23333333334
1.2413900833333333,-3707.204585527778,-2430.538333993056,-2986.3333333333335,-1420.0,-1566.3333333333335,-1957.9166666666667,0.8993333334795296,1458.9166666666667,1192.5,762.0,2.452441325406859,1.814173378373551,0.0,683.3939360383758,172.99471306335934,0.0,8.721334221082813,2.2291407952417828,0.0,53013414.016751714,42544988.655126594,18202838.639359653,21074114.606961463,55063391.24055437,239126.56408446238,276835.0331151397,722186.3587169661,170102.23333333334
18.16475791666667,-22709.580347416668,3855.4698678125005,-1250.2,-1420.0,169.8,212.25,0.9892666668128629,2864.283333333333,1689.833333333333,288.0,8.06576402321083,2.726986341086646,2.726986341086646,7085.242308083983,1266.185364538219,1844.9882154338593,93.57884830536827,16.45493497627913,23.94495200651596,53013414.016751714,42544988.655126594,18202838.639359653,21074114.606961463,55063391.24055437,239126.56408446238,276835.0331151397,722186.3587169661,170102.23333333334
49.20417375,287024.34687500005,243150.62528125002,5833.333333333334,1880.0,3953.333333333334,4941.666666666667,0.8573368422514593,1506.666666666666,2398.333333333333,0.0,2.452441325406859,6.726867748451722,41.78381289587958,800.4980093265517,3733.0834981618787,141417.78314417752,10.290365362926973,48.81139048756358,1850.5347611847678,53013414.016751714,42544988.655126594,18202838.639359653,21074114.606961463,55063391.24055437,239126.56408446238,276835.0331151397,722186.3587169661,170102.23333333334
34.49221791666667,287612.2093575278,278458.54959274305,8338.466666666667,1880.0,6458.466666666667,8073.083333333333,0.7254070176900558,2762.116666666666,3027.5,0.0,7.975883779865536,17.39733704012239,45.41560198464936,6269.781136972363,9789.437555235003,306818.7980096937,82.68504502411533,129.1846991984154,4027.5797425238675,53013414.016751714,42544988.655126594,18202838.639359653,21074114.606961463,55063391.24055437,239126.56408446238,276835.0331151397,722186.3587169661,170102.23333333334
33.88679766666667,265482.7276397334,252219.43503300005,7834.400000000001,1880.0,5954.400000000001,7443.0,0.5934771931286522,2720.0999999999995,3111.5,0.0,7.975883779865536,17.39733704012239,44.68551919450886,5934.661086821681,11250.813866605284,282236.6086973425,78.20343235651198,148.39320466004375,3703.5741592357836,53013414.016751714,42544988.655126594,18202838.639359653,21074114.606961463,55063391.24055437,239126.56408446238,276835.0331151397,722186.3587169661,170102.23333333334
36.27257758333332,246660.7820821833,223085.42028189576,6800.200000000001,1880.0,4920.200000000001,6150.25,0.4615473685672487,2497.6333333333323,3147.583333333333,0.0,6.726867748451722,18.00995923074696,44.30583610456325,4401.06146558313,11898.75649958063,226294.98120379107,57.72736496909566,157.01068053027416,2969.3276079396082,53013414.016751714,42544988.655126594,18202838.639359653,21074114.606961463,55063391.24055437,239126.56408446238,276835.0331151397,722186.3587169661,170102.23333333334
39.70299266666667,198687.0096348889,155056.72927694445,5004.333333333334,1880.0,3124.3333333333335,3905.4166666666665,0.3296175440058452,2316.4999999999995,3415.416666666667,0.0,4.984897117165479,20.46319657202558,41.78381289587958,3225.279767880092,17040.4912788335,140616.92673033985,42.07688710830478,225.03218770056813,1840.1304917397058,53013414.016751714,42544988.655126594,18202838.639359653,21074114.606961463,55063391.24055437,239126.56408446238,276835.0331151397,722186.3587169661,170102.23333333334
38.76880524999999,132351.53194946665,74332.72259933331,3413.866666666667,1880.0,1533.8666666666668,1917.3333333333333,0.1976877194444417,1905.8833333333334,3402.416666666667,0.0,2.726986341086646,20.46319657202558,32.32072417038805,1855.3507635299898,16774.469723397164,66327.320823553,24.07904889563211,221.532183561882,872.1320965509757,53013414.016751714,42544988.655126594,18202838.639359653,21074114.606961463,55063391.24055437,239126.56408446238,276835.0331151397,722186.3587169661,170102.23333333334
36.74537616666667,90516.10995722222,26793.50345486111,2463.3333333333335,1880.0,583.3333333333334,729.1666666666666,0.06575789488303818,1630.666666666666,3364.833333333333,0.0,2.726986341086646,20.05144506726853,24.31424150686455,1104.8386726905915,16017.178620508925,32182.120812132554,14.367022886970856,211.42280564753958,422.21102388882184,53013414.016751714,42544988.655126594,18202838.639359653,21074114.606961463,55063391.24055437,239126.56408446238,276835.0331151397,722186.3587169661,170102.23333333334
32.0800605,38084.91636593105,10030.365583,1187.1834333333334,937.0501,250.13333333333335,312.6666666666667,-6.871347796311156e-09,1233.1499000000003,2107.666666666667,0.0,1.814173378373551,2.987420255012056,6.726867748451722,246.740679476907,2454.3557049452966,3881.0745886278196,3.154363702726722,31.98701492521949,50.78673226594939,53013414.016751714,42544988.655126594,18202838.639359653,21074114.606961463,55063391.24055437,239126.56408446238,276835.0331151397,722186.3587169661,170102.23333333334
24.27910633333333,-8034.765589244445,-10043.456986555555,-330.9333333333334,0.0,-330.9333333333334,-413.6666666666667,-6.871347796311156e-09,1715.4333333333336,1798.166666666667,0.0,2.726986341086646,2.726986341086646,1.814173378373551,1335.9962148700386,1561.6088848226073,521.3160017110815,17.358324545061542,20.27787260459006,6.599208082913021,53013414.016751714,42544988.655126594,18202838.639359653,21074114.606961463,55063391.24055437,239126.56408446238,276835.0331151397,722186.3587169661,170102.23333333334
18.52926975,-26965.82291287995,-14423.4923945625,-1455.3095333333333,-832.5762,-622.7333333333333,-778.4166666666666,0.0527298191286522,2188.7261999999996,1590.833333333333,79.0,2.987420255012056,2.452441325406859,0.1553934958319514,2696.5145966871196,1006.9118208816299,44.29473925349461,35.18846813309914,13.056022349423714,0.5742645128571642,53013414.016751714,42544988.655126594,18202838.639359653,21074114.606961463,55063391.24055437,239126.56408446238,276835.0331151397,722186.3587169661,170102.23333333334
19.901042416666666,-32186.619268555554,-4908.923796111111,-1617.3333333333333,-1420.0,-197.33333333333334,-246.66666666666666,0.14266315246198552,2958.6666666666665,1680.0,92.0,17.39733704012239,2.726986341086646,2.452441325406859,8591.92085563991,1239.3699988508677,620.6523121300501,113.44439611180323,16.107929868478614,7.880684028157565,53013414.016751714,42544988.655126594,18202838.639359653,21074114.606961463,55063391.24055437,239126.56408446238,276835.0331151397,722186.3587169661,170102.23333333334
19.88239725,4460.284449750001,5575.3555621875,224.33333333333337,0.0,224.33333333333337,280.4166666666667,0.14266315246198552,1796.583333333333,1796.583333333333,56.083333333333314,2.726986341086646,2.726986341086646,2.987420255012056,1557.2911564492183,1557.2911564492183,2362.7414837915912,20.221998900791647,20.221998900791647,30.775832300083323,53013414.016751714,42544988.655126594,18202838.639359653,21074114.606961463,55063391.24055437,239126.56408446238,276835.0331151397,722186.3587169661,170102.23333333334
23.223646083333335,74368.30540875762,38384.81636806945,3202.2665666666667,1879.9999,1322.2666666666667,1652.8333333333333,0.010733334918125864,241.06676666666658,1790.5,0.0,0.02716269150674588,2.726986341086646,20.46319657202558,0.5614701780155323,1540.7019895409421,17611.7555164692,0.007189442004620612,20.007326249355735,232.54822222915678,53013414.016751714,42544988.655126594,18202838.639359653,21074114.606961463,55063391.24055437,239126.56408446238,276835.0331151397,722186.3587169661,170102.23333333334
10.915892416666665,-21306.366545011108,-7257.249141680555,-1951.8666666666668,-1420.0,-531.8666666666667,-664.8333333333334,0.1006666682514592,2394.3666666666663,1258.333333333333,151.0,6.726867748451722,1.814173378373551,0.06435851962640775,3706.4002560930203,292.4277938062842,19.744150649659815,48.45523037903644,3.7275579641915475,0.2560275448490062,53013414.016751714,42544988.655126594,18202838.639359653,21074114.606961463,55063391.24055437,239126.56408446238,276835.0331151397,722186.3587169661,170102.23333333334
-4.815497166666666,18465.18440215555,14533.973031861107,-3834.5333333333333,-1420.0,-2414.5333333333333,-3018.1666666666665,0.19060000158479254,1184.25,1184.25,816.3666666666668,1.814173378373551,1.814173378373551,0.0,158.02778269177753,158.02778269177753,0.0,2.0413644664746595,2.0413644664746595,0.0,53013414.016751714,42544988.655126594,18202838.639359653,21074114.606961463,55063391.24055437,239126.56408446238,276835.0331151397,722186.3587169661,170102.23333333334
-4.525881750000001,22803.202609200005,20470.563155250005,-5038.4,-1420.0,-3618.4,-4523.0,0.2805333349181259,1160.0,1160.0,515.3999999999996,0.2329054940317283,0.2329054940317283,0.0,116.40598009273167,116.40598009273167,0.0,1.518960562498722,1.518960562498722,0.0,53013414.016751714,42544988.655126594,18202838.639359653,21074114.606961463,55063391.24055437,239126.56408446238,276835.0331151397,722186.3587169661,170102.23333333334
-12.127672166666668,66261.55816127779,61300.329605763895,-5463.666666666666,-1420.0,-4043.6666666666665,-5054.583333333333,0.37046666825145924,1166.333333333333,1166.333333333333,409.08333333333303,1.814173378373551,1.814173378373551,0.0,125.52384299591755,125.52384299591755,0.0,1.6335673888490816,1.6335673888490816,0.0,53013414.016751714,42544988.655126594,18202838.639359653,21074114.606961463,55063391.24055437,239126.56408446238,276835.0331151397,722186.3587169661,170102.23333333334
-22.556657916666666,155791.31734444445,154701.0788784722,-6906.666666666667,-1420.0,-5486.666666666667,-6858.333333333333,0.46040000158479255,1177.75,1177.75,48.33333333333394,1.814173378373551,1.814173378373551,0.0,146.23565573234947,146.23565573234947,0.0,1.8934194801732893,1.8934194801732893,0.0,53013414.016751714,42544988.655126594,18202838.639359653,21074114.606961463,55063391.24055437,239126.56408446238,276835.0331151397,722186.3587169661,170102.23333333334
-18.682142416666665,126895.33867480556,125458.3705539236,-6792.333333333334,-1420.0,-5372.333333333334,-6715.416666666667,0.5503333349181259,1036.166666666667,1036.166666666667,76.91666666666697,0.2329054940317283,0.2329054940317283,0.0,87.56451641513604,87.56451641513604,0.0,1.1394979205643927,1.1394979205643927,0.0,53013414.016751714,42544988.655126594,18202838.639359653,21074114.606961463,55063391.24055437,239126.56408446238,276835.0331151397,722186.3587169661,170102.23333333334
-33.09708383333333,212770.1196032222,207215.32569986107,-6428.666666666667,-1420.0,-5008.666666666667,-6260.833333333333,0.6402666682514592,1262.583333333333,1262.583333333333,167.83333333333394,1.814173378373551,1.814173378373551,0.0,300.13803066437185,300.13803066437185,0.0,3.82429122446552,3.82429122446552,0.0,53013414.016751714,42544988.655126594,18202838.639359653,21074114.606961463,55063391.24055437,239126.56408446238,276835.0331151397,722186.3587169661,170102.23333333334
-42.29964541666667,216032.74907200004,194959.06572541667,-5107.200000000001,-1420.0,-3687.2000000000003,-4609.0,0.7302000015847925,1294.333333333333,1294.333333333333,498.2000000000007,1.814173378373551,1.814173378373551,0.0,357.73803542773203,357.73803542773203,0.0,4.546945580629904,4.546945580629904,0.0,53013414.016751714,42544988.655126594,18202838.639359653,21074114.606961463,55063391.24055437,239126.56408446238,276835.0331151397,722186.3587169661,170102.23333333334
-22.513728833333335,79407.42251042224,59297.40945886112,-3527.066666666667,-1420.0,-2107.066666666667,-2633.8333333333335,0.8201333349181258,884.5833333333334,884.5833333333334,893.2333333333336,0.1553934958319514,0.1553934958319514,0.0,55.50896986936715,55.50896986936715,0.0,0.7192399348480151,0.7192399348480151,0.0,53013414.016751714,42544988.655126594,18202838.639359653,21074114.606961463,55063391.24055437,239126.56408446238,276835.0331151397,722186.3587169661,170102.23333333334
-16.754719666666666,44612.23356577777,26025.664548888886,-2662.666666666667,-1420.0,-1242.6666666666667,-1553.3333333333333,0.9100666682514591,1072.333333333333,1072.333333333333,1109.333333333334,0.2329054940317283,0.2329054940317283,0.0,95.98793178261676,95.98793178261676,0.0,1.2503234835519408,1.2503234835519408,0.0,53013414.016751714,42544988.655126594,18202838.639359653,21074114.606961463,55063391.24055437,239126.56408446238,276835.0331151397,722186.3587169661,170102.23333333334
1.1364679999999998,-2021.9281010666664,-510.17942633333325,-1779.1333333333334,-1420.0,-359.1333333333334,-448.9166666666667,1.0000000015847925,2148.8833333333337,1580.666666666667,762.0,2.987420255012056,2.452441325406859,0.2329054940317283,2577.4872097893767,981.9786674066615,109.8263998863354,33.61487070345952,12.72195289164888,1.432394051317203,53013414.016751714,42544988.655126594,18202838.639359653,21074114.606961463,55063391.24055437,239126.56408446238,276835.0331151397,722186.3587169661,170102.23333333334
21.993584166666665,39831.84716477778,49789.80895597222,1811.0666666666668,0.0,1811.0666666666668,2263.8333333333335,1.0000000015847925,2247.6833333333334,1820.916666666667,26.0,4.444041173682934,2.726986341086646,24.31424150686455,2903.500417445079,1623.6478240823283,31957.21407819408,37.9009599168778,21.080689506535347,419.20331107845806,53013414.016751714,42544988.655126594,18202838.639359653,21074114.606961463,55063391.24055437,239126.56408446238,276835.0331151397,722186.3587169661,170102.23333333334
25.409662583333333,172829.7489818111,156324.47915643055,6801.733333333334,1880.0,4921.733333333334,6152.166666666667,0.868070177023389,1578.6000000000004,2228.166666666667,0.0,2.452441325406859,4.444041173682934,43.46079399737179,976.9102886674875,2816.7675472053684,185786.50730751108,12.65404369039629,36.77638318528967,2435.7218705320383,53013414.016751714,42544988.655126594,18202838.639359653,21074114.606961463,55063391.24055437,239126.56408446238,276835.0331151397,722186.3587169661,170102.23333333334
27.023605,184102.81299666667,166623.0444958333,6812.666666666667,1880.0,4932.666666666667,6165.833333333333,0.7361403524619854,1995.749999999999,2642.583333333333,0.0,2.987420255012056,6.726867748451722,44.03935801615658,2120.0135880718603,5376.120945721212,204630.0603821423,27.56685659489925,70.74217364077836,2680.6402043583807,53013414.016751714,42544988.655126594,18202838.639359653,21074114.606961463,55063391.24055437,239126.56408446238,276835.0331151397,722186.3587169661,170102.23333333334
27.598895333333328,172090.15196146665,150255.28591849998,6235.400000000001,1880.0,4355.400000000001,5444.25,0.6042105279005818,2246.1833333333325,3037.333333333333,0.0,4.444041173682934,17.39733704012239,44.00734847810429,2896.8343556845507,9960.511369462869,190236.53073735404,37.814527887976865,131.4333139250742,2494.3801093573097,53013414.016751714,42544988.655126594,18202838.639359653,21074114.606961463,55063391.24055437,239126.56408446238,276835.0331151397,722186.3587169661,170102.23333333334
25.24095325,126967.04303815,99392.5636601875,5030.200000000001,1880.0,3150.2000000000003,3937.75,0.4722807033391783,1978.7166666666662,3071.166666666667,0.0,2.987420255012056,17.39733704012239,40.56336769416088,2069.1278630614897,10549.121272653687,127828.70309191209,26.89412363680735,139.1700730693413,1675.7055821471938,53013414.016751714,42544988.655126594,18202838.639359653,21074114.606961463,55063391.24055437,239126.56408446238,276835.0331151397,722186.3587169661,170102.23333333334
26.3875595,106408.71326906666,71000.12676133332,4032.5333333333333,1880.0,2152.5333333333333,2690.6666666666665,0.3403508787777748,2175.883333333333,3517.75,0.0,2.987420255012056,21.87279216787323,37.04540704776583,2658.1475566747013,19187.11136924413,96355.74155200378,34.68123801472067,253.21583264467654,1267.206258941145,53013414.016751714,42544988.655126594,18202838.639359653,21074114.606961463,55063391.24055437,239126.56408446238,276835.0331151397,722186.3587169661,170102.23333333334
24.87238016666667,86102.37658162779,52501.4491351389,3461.766666666667,1773.1,1688.666666666667,2110.8333333333335,0.2159228086023362,2578.3999999999996,3929.333333333333,0.0,6.726867748451722,22.54267874059992,36.52773791953202,4944.368150733085,28414.421027933313,90126.4996507925,64.97926364944227,373.1779188541289,1184.1491853191603,53013414.016751714,42544988.655126594,18202838.639359653,21074114.606961463,55063391.24055437,239126.56408446238,276835.0331151397,722186.3587169661,170102.23333333334
23.980247666666667,25379.095447222226,31723.86930902778,1058.3333333333335,0.0,1058.3333333333335,1322.9166666666667,0.2159228086023362,3949.0,3684.416666666667,0.0,22.54267874059992,22.54267874059992,30.11596286407184,28857.760376498452,22893.343293048063,56441.72973649531,378.92060719463103,301.66198227474143,742.0811005520625,53013414.016751714,42544988.655126594,18202838.639359653,21074114.606961463,55063391.24055437,239126.56408446238,276835.0331151397,722186.3587169661,170102.23333333334
23.614880499999998,2860.5491912333327,3575.6864890416664,121.13333333333333,0.0,121.13333333333333,151.41666666666666,0.2159228086023362,3419.5333333333333,3389.25,0.0,20.46319657202558,20.2102968360311,21.87279216787323,17124.731438054994,16507.83217728156,19688.362856424552,226.1405223444853,217.83652794069954,259.7214278456332,53013414.016751714,42544988.655126594,18202838.639359653,21074114.606961463,55063391.24055437,239126.56408446238,276835.0331151397,722186.3587169661,170102.23333333334
25.141812916666666,-12845.066195343556,13056.981508055556,-510.90453333333335,-926.3712,415.4666666666667,519.3333333333334,0.2745929846023362,4343.654533333334,3313.416666666667,0.0,24.65932766745755,19.54019622199443,22.54267874059992,38259.84168450351,15000.67330440392,26237.17397290372,503.1322130098634,198.3244933298493,344.97547908022295,53013414.016751714,42544988.655126594,18202838.639359653,21074114.606961463,55063391.24055437,239126.56408446238,276835.0331151397,722186.3587169661,170102.23333333334
27.86557158333333,66875.51409522777,18110.299398201387,2399.9333333333334,1880.0,519.9333333333333,649.9166666666666,0.1426631600409327,1803.5666666666662,3553.583333333333,0.0,2.726986341086646,21.87279216787323,24.31424150686455,1576.3346110644727,19970.886421926247,34844.53025713423,20.468431341755064,263.38821786799053,457.81584040069964,53013414.016751714,42544988.655126594,18202838.639359653,21074114.606961463,55063391.24055437,239126.56408446238,276835.0331151397,722186.3587169661,170102.23333333334
22.29947425,4146.215578883333,44764.33626735417,185.9333333333334,-1420.0,1605.9333333333334,2007.4166666666667,0.23259649337426605,5262.483333333334,3441.0,0.0,32.32072417038805,20.46319657202558,32.32072417038805,64476.42068606213,17564.008057801144,70485.92066680962,847.8507457367264,231.92001635811062,926.6874016400343,53013414.016751714,42544988.655126594,18202838.639359653,21074114.606961463,55063391.24055437,239126.56408446238,276835.0331151397,722186.3587169661,170102.23333333334
26.989867333333336,51259.156039466674,64073.94504933334,1899.2,0.0,1899.2,2374.0,0.23259649337426605,4037.8,3563.0,0.0,22.542812225147,21.87279216787323,34.31500019415109,30859.559379006747,20176.85521484039,86503.52006291864,404.850423325184,266.0614260778383,1136.257181436962,53013414.016751714,42544988.655126594,18202838.639359653,21074114.606961463,55063391.24055437,239126.56408446238,276835.0331151397,722186.3587169661,170102.23333333334
29.95524633333333,63547.05957153333,9038.995581083333,2121.4,1880.0,241.4,301.75,0.10066666881286254,0.0,1549.416666666667,-270.2333333333331,0.0,2.452441325406859,2.726986341086646,0.0,905.3398759876973,1706.1391609001994,0.0,11.695100050127818,22.148171321209855,53013414.016751714,42544988.655126594,18202838.639359653,21074114.606961463,55063391.24055437,239126.56408446238,276835.0331151397,722186.3587169661,170102.23333333334
-2.4890933333333334,8007.579192888889,5591.333324444445,-3217.0666666666666,-1420.0,-1797.0666666666668,-2246.3333333333335,0.19060000214619588,858.8166666666665,804.0833333333334,916.0,0.1553934958319514,0.1553934958319514,0.0,51.50499746009717,42.99979345489507,0.0,0.6674773476891568,0.5575237020037178,0.0,53013414.016751714,42544988.655126594,18202838.639359653,21074114.606961463,55063391.24055437,239126.56408446238,276835.0331151397,722186.3587169661,170102.23333333334
-5.937628749999999,30555.037547499996,27654.505903124995,-5146.0,-1420.0,-3726.0,-4657.5,0.2805333354795292,724.0,724.0,488.5,0.1553934958319514,0.1553934958319514,0.0,30.55536433035295,30.55536433035295,0.0,0.3966445097020929,0.3966445097020929,0.0,53013414.016751714,42544988.655126594,18202838.639359653,21074114.606961463,55063391.24055437,239126.56408446238,276835.0331151397,722186.3587169661,170102.23333333334
-9.490080333333333,56646.28950966667,53962.96929541667,-5969.0,-1420.0,-4549.0,-5686.25,0.3704666688128625,723.5833333333334,723.5833333333334,282.75,0.1553934958319514,0.1553934958319514,0.0,30.49061704042298,30.49061704042298,0.0,0.3958074691594206,0.3958074691594206,0.0,53013414.016751714,42544988.655126594,18202838.639359653,21074114.606961463,55063391.24055437,239126.56408446238,276835.0331151397,722186.3587169661,170102.23333333334
-15.359102,99120.47672706668,96638.18985883334,-6453.533333333334,-1420.0,-5033.533333333334,-6291.916666666667,0.4604000021461958,723.25,723.25,161.6166666666668,0.1553934958319514,0.1553934958319514,0.0,30.43881920847899,30.43881920847899,0.0,0.3951378367252827,0.3951378367252827,0.0,53013414.016751714,42544988.655126594,18202838.639359653,21074114.606961463,55063391.24055437,239126.56408446238,276835.0331151397,722186.3587169661,170102.23333333334
-22.729645500000004,154320.65515770004,152555.698184625,-6789.400000000001,-1420.0,-5369.400000000001,-6711.75,0.5503333354795291,725.8333333333334,725.8333333333334,77.65000000000055,0.1553934958319514,0.1553934958319514,0.0,30.84025240604487,30.84025240604487,0.0,0.4003274880898513,0.4003274880898513,0.0,53013414.016751714,42544988.655126594,18202838.639359653,21074114.606961463,55063391.24055437,239126.56408446238,276835.0331151397,722186.3587169661,170102.23333333334
-28.39262608333333,176244.38714968335,169908.57263918748,-6207.400000000001,-1420.0,-4787.400000000001,-5984.25,0.6402666688128624,728.1666666666666,728.1666666666666,223.15000000000055,0.1553934958319514,0.1553934958319514,0.0,31.202837229652744,31.202837229652744,0.0,0.40501491512881627,0.40501491512881627,0.0,53013414.016751714,42544988.655126594,18202838.639359653,21074114.606961463,55063391.24055437,239126.56408446238,276835.0331151397,722186.3587169661,170102.23333333334
-26.778057500000003,133502.8982681667,119347.57077270835,-4985.533333333334,-1420.0,-3565.5333333333338,-4456.916666666667,0.7302000021461957,735.4166666666666,735.4166666666666,528.6166666666668,0.1553934958319514,0.1553934958319514,0.0,32.329440074434395,32.329440074434395,0.0,0.4195794205713151,0.4195794205713151,0.0,53013414.016751714,42544988.655126594,18202838.639359653,21074114.606961463,55063391.24055437,239126.56408446238,276835.0331151397,722186.3587169661,170102.23333333334
-16.532725499999998,60050.1655611,45717.119188874996,-3632.2000000000003,-1420.0,-2212.2000000000003,-2765.25,0.820133335479529,824.5,824.5,866.9500000000003,0.1553934958319514,0.1553934958319514,0.0,46.17241066146407,46.17241066146407,0.0,0.5985386885946627,0.5985386885946627,0.0,53013414.016751714,42544988.655126594,18202838.639359653,21074114.606961463,55063391.24055437,239126.56408446238,276835.0331151397,722186.3587169661,170102.23333333334
-6.600280833333333,16829.39606883333,9321.246606875,-2549.8,-1420.0,-1129.8,-1412.25,0.9100666688128624,1491.2166666666672,1361.666666666667,1008.0,2.452441325406859,1.814173378373551,0.0,762.6077908490184,479.89237623821896,0.0,9.782689318078997,6.079503900264621,0.0,53013414.016751714,42544988.655126594,18202838.639359653,21074114.606961463,55063391.24055437,239126.56408446238,276835.0331151397,722186.3587169661,170102.23333333334
0.33463191666666664,-476.0250558555555,-1.0596677361111109,-1422.5333333333333,-1420.0,-2.533333333333333,-3.1666666666666665,1.0000000021461957,3046.7833333333338,1918.416666666667,291.0,17.39733704012239,2.726986341086646,2.726986341086646,10124.916204492038,1889.5289923382763,1880.8935355915019,133.59427078950756,24.521333372015164,24.40958596441838,53013414.016751714,42544988.655126594,18202838.639359653,21074114.606961463,55063391.24055437,239126.56408446238,276835.0331151397,722186.3587169661,170102.23333333334
26.048466833333336,57112.13181431111,71390.1647678889,2192.5333333333333,0.0,2192.5333333333333,2740.6666666666665,1.0000000021461957,3535.633333333333,3021.5,34.0,21.87279216787323,17.39733704012239,32.87745351378503,19578.269802512925,9685.053532994269,80655.10906638365,258.2925625724049,127.81266309401336,1061.1954651975127,53013414.016751714,42544988.655126594,18202838.639359653,21074114.606961463,55063391.24055437,239126.56408446238,276835.0331151397,722186.3587169661,170102.23333333334
29.687326833333334,170472.54729748887,213090.6841218611,5742.266666666666,0.0,5742.266666666666,7177.833333333333,1.0000000021461957,5738.733333333334,4303.166666666667,0.0,32.87745351378503,24.31424150686455,45.419280725989,79884.68073904398,37267.849660651744,324095.6966513691,1050.5787078848796,490.2232685195777,4252.463679493718,53013414.016751714,42544988.655126594,18202838.639359653,21074114.606961463,55063391.24055437,239126.56408446238,276835.0331151397,722186.3587169661,170102.23333333334
29.902193,162891.19962773335,203613.99953466665,5447.466666666667,0.0,5447.466666666667,6809.333333333333,1.0000000021461957,6304.116666666666,4942.25,0.0,38.56728378589558,30.11596286407184,46.04017397596569,99947.66428997858,54481.68248675862,336450.7507001617,1314.8496357659344,715.9439033792955,4414.491278303969,53013414.016751714,42544988.655126594,18202838.639359653,21074114.606961463,55063391.24055437,239126.56408446238,276835.0331151397,722186.3587169661,170102.23333333334
33.79464791666667,223272.22687930558,199672.8609949653,6606.733333333334,1880.0,4726.733333333334,5908.416666666667,0.8680701775847921,4901.266666666666,5599.583333333333,0.0,29.74892242460735,32.32072417038805,45.419280725989,53258.17226837423,75371.73680389991,325322.01723097084,699.6684864402602,990.7828183703139,4268.41094052313,53013414.016751714,42544988.655126594,18202838.639359653,21074114.606961463,55063391.24055437,239126.56408446238,276835.0331151397,722186.3587169661,170102.23333333334
33.540394416666665,147571.02735445,105643.85731389583,4399.8,1880.0,2519.8,3149.75,0.7361403530233885,4646.116666666667,5896.166666666667,0.0,27.66055631554947,33.74953782289809,44.30583610456325,45953.02928682149,85112.37211881572,215133.60265844996,603.3307809732851,1118.0584989656356,2819.7807131833883,53013414.016751714,42544988.655126594,18202838.639359653,21074114.606961463,55063391.24055437,239126.56408446238,276835.0331151397,722186.3587169661,170102.23333333334
32.07504858333333,66025.41834050554,38829.51923084027,2058.4666666666667,1090.0,968.4666666666667,1210.5833333333333,0.659649124953213,5404.116666666667,6252.0,0.0,32.32072417038805,37.04540704776583,42.01557585283346,69054.11258606141,97970.30387583558,146551.3563300325,907.9039818308739,1288.7364204264777,1918.0543362829687,53013414.016751714,42544988.655126594,18202838.639359653,21074114.606961463,55063391.24055437,239126.56408446238,276835.0331151397,722186.3587169661,170102.23333333334
33.119899,88644.30567686666,32973.61944608333,2676.4666666666667,1880.0,796.4666666666667,995.5833333333334,0.5277193003918095,5178.95,6859.833333333333,0.0,32.32072417038805,40.56336769416088,42.67864751735718,61776.56286036236,121781.38102484091,163190.74969730977,812.4321979250213,1599.5275965860408,2137.4643260467114,53013414.016751714,42544988.655126594,18202838.639359653,21074114.606961463,55063391.24055437,239126.56408446238,276835.0331151397,722186.3587169661,170102.23333333334
33.02806358333333,77591.72884087221,19373.71163025694,2349.266666666667,1880.0,469.2666666666667,586.5833333333334,0.39578947583040597,5165.733333333334,6928.416666666667,0.0,32.32072417038805,40.56336769416088,42.01557585283346,61349.390622577084,124563.35199253215,148753.67276431853,806.8282656794745,1634.5720248235082,1947.50625724541,53013414.016751714,42544988.655126594,18202838.639359653,21074114.606961463,55063391.24055437,239126.56408446238,276835.0331151397,722186.3587169661,170102.23333333334
34.16188208333333,60935.68780144444,-4110.8131440277775,1783.7333333333333,1880.0,-96.26666666666667,-120.33333333333333,0.26385965126900246,4999.016666666666,6903.083333333333,0.0,30.11596286407184,40.56336769416088,40.56336769416088,56191.26531200908,123535.74667761337,118654.62143174936,738.7411616559775,1621.6273028500084,1560.1398734758864,53013414.016751714,42544988.655126594,18202838.639359653,21074114.606961463,55063391.24055437,239126.56408446238,276835.0331151397,722186.3587169661,170102.23333333334
30.92861933333334,-6523.876771377781,-8154.845964222225,-210.93333333333337,0.0,-210.93333333333337,-263.6666666666667,0.26385965126900246,6706.766666666666,6759.5,0.0,40.32284458053643,40.56336769416088,38.65126493140946,115582.87336254078,117711.52313286012,107356.01895505226,1520.4470503760042,1548.2596845594182,1412.2128731213106,53013414.016751714,42544988.655126594,18202838.639359653,21074114.606961463,55063391.24055437,239126.56408446238,276835.0331151397,722186.3587169661,170102.23333333334
31.63622683333334,1124.1405934777779,1405.1757418472223,35.53333333333333,0.0,35.53333333333333,44.416666666666664,0.26385965126900246,6725.05,6716.166666666667,0.0,40.32284458053643,40.32284458053643,40.56336769416088,116320.10937095493,115961.90810159784,117755.46678119549,1530.1561303754481,1525.438774277268,1548.8132417490747,53013414.016751714,42544988.655126594,18202838.639359653,21074114.606961463,55063391.24055437,239126.56408446238,276835.0331151397,722186.3587169661,170102.23333333334
29.71592133333333,4388.051050222224,58230.82417944444,147.66666666666674,-1420.0,1567.6666666666667,1959.5833333333333,0.35379298460233577,8213.916666666666,6402.0,0.0,43.33706109539501,38.65126493140946,43.46079399737179,178564.0145567603,103729.24192898835,184971.61742006036,2340.673374402671,1364.5882289364076,2424.8034833685306,53013414.016751714,42544988.655126594,18202838.639359653,21074114.606961463,55063391.24055437,239126.56408446238,276835.0331151397,722186.3587169661,170102.23333333334
35.181242499999996,157794.908861,114567.71620124999,4485.200000000001,1880.0,2605.2000000000003,3256.5,0.22186316004093226,5725.549999999999,6954.25,0.0,32.87745351378503,40.56336769416088,44.68551919450886,79451.24631022055,125611.23899129796,266875.9614742301,1044.605838016961,1647.772234730695,3501.867422595157,53013414.016751714,42544988.655126594,18202838.639359653,21074114.606961463,55063391.24055437,239126.56408446238,276835.0331151397,722186.3587169661,170102.23333333334
39.70027841666667,127001.19065491669,65455.834039479174,3199.0,1880.0,1319.0,1648.75,0.08993333547952875,4186.583333333333,5736.833333333333,0.0,24.31424150686455,32.87745351378503,41.82965662453434,34433.21433830977,79822.21357736777,143322.9275479282,452.3152485042679,1049.7178897243957,1875.3258584920602,53013414.016751714,42544988.655126594,18202838.639359653,21074114.606961463,55063391.24055437,239126.56408446238,276835.0331151397,722186.3587169661,170102.23333333334
21.384316583333334,-46606.40518282222,-20300.844543111114,-2179.4666666666667,-1420.0,-759.4666666666667,-949.3333333333334,0.1798666688128621,5243.383333333333,4216.25,203.0,32.32072417038805,24.31424150686455,18.7737340514465,63859.094854407704,35154.53683634676,14119.867865579547,839.7522509657339,461.96160670687715,186.67566882792022,53013414.016751714,42544988.655126594,18202838.639359653,21074114.606961463,55063391.24055437,239126.56408446238,276835.0331151397,722186.3587169661,170102.23333333334
12.007663083333332,-38892.02021604444,-27301.423297138885,-3238.9333333333334,-1420.0,-1818.9333333333334,-2273.6666666666665,0.26980000214619543,3608.266666666667,3260.0,617.0,22.29799400873425,18.7737340514465,0.2329054940317283,21179.015461483596,13990.016205057043,75.95805929588822,279.1402117008209,184.9407945922631,0.9867935734064316,53013414.016751714,42544988.655126594,18202838.639359653,21074114.606961463,55063391.24055437,239126.56408446238,276835.0331151397,722186.3587169661,170102.23333333334
6.399337416666667,-34199.765644644445,-31390.883141222224,-5344.266666666666,-1420.0,-3924.2666666666664,-4905.333333333333,0.3597333354795288,2800.916666666667,2800.916666666667,438.9333333333334,7.975883779865536,7.975883779865536,0.0,6579.245427631155,6579.245427631155,0.0,86.82355922093441,86.82355922093441,0.0,53013414.016751714,42544988.655126594,18202838.639359653,21074114.606961463,55063391.24055437,239126.56408446238,276835.0331151397,722186.3587169661,170102.23333333334
9.624821583333333,-52746.58889575555,-48849.17780927777,-5480.266666666666,-1420.0,-4060.2666666666664,-5075.333333333333,0.4496666688128621,2686.75,2686.75,404.9333333333334,6.726867748451722,6.726867748451722,0.0,5673.224271277832,5673.224271277832,0.0,74.70782190799224,74.70782190799224,0.0,53013414.016751714,42544988.655126594,18202838.639359653,21074114.606961463,55063391.24055437,239126.56408446238,276835.0331151397,722186.3587169661,170102.23333333334
8.635623916666665,-48120.57500497222,-44822.48630413194,-5572.333333333334,-1420.0,-4152.333333333334,-5190.416666666667,0.5396000021461954,2675.083333333333,2675.083333333333,381.91666666666697,6.726867748451722,6.726867748451722,0.0,5594.744147545893,5594.744147545893,0.0,73.66029217703007,73.66029217703007,0.0,53013414.016751714,42544988.655126594,18202838.639359653,21074114.606961463,55063391.24055437,239126.56408446238,276835.0331151397,722186.3587169661,170102.23333333334
11.006711333333334,-67015.46262413333,-64232.4156635,-6088.6,-1420.0,-4668.6,-5835.75,0.6295333354795287,2720.416666666667,2720.416666666667,252.85000000000036,7.975883779865536,7.975883779865536,0.0,5937.186783351979,5937.186783351979,0.0,78.23720888990535,78.23720888990535,0.0,53013414.016751714,42544988.655126594,18202838.639359653,21074114.606961463,55063391.24055437,239126.56408446238,276835.0331151397,722186.3587169661,170102.23333333334
11.227990916666664,-62759.22949507221,-58519.35299175694,-5589.533333333334,-1420.0,-4169.533333333334,-5211.916666666667,0.719466668812862,2887.75,2887.75,377.6166666666668,16.36690594755028,16.36690594755028,0.0,7413.646505104795,7413.646505104795,0.0,97.93234113718206,97.93234113718206,0.0,53013414.016751714,42544988.655126594,18202838.639359653,21074114.606961463,55063391.24055437,239126.56408446238,276835.0331151397,722186.3587169661,170102.23333333334
15.70093458333333,-58494.355154694436,-45248.785057951376,-3725.5333333333333,-1420.0,-2305.5333333333333,-2881.9166666666665,0.8094000021461953,3594.0333333333338,3267.416666666667,517.0,22.29799400873425,18.7737340514465,0.05450289857695256,20861.640680092616,14129.254732605277,7.505758419628577,274.98071455990396,186.80108142326904,0.09698185995509753,53013414.016751714,42544988.655126594,18202838.639359653,21074114.606961463,55063391.24055437,239126.56408446238,276835.0331151397,722186.3587169661,170102.23333333334
17.1499085,-52894.89112293333,-35677.526316166666,-3084.266666666667,-1420.0,-1664.2666666666669,-2080.3333333333335,0.8993333354795287,4351.766666666666,3629.833333333333,282.0,24.65932766745755,22.50723964962192,2.452441325406859,38459.881438452256,21663.192979780808,905.544246098146,505.68519902246624,285.62802287551557,11.69783832437185,53013414.016751714,42544988.655126594,18202838.639359653,21074114.606961463,55063391.24055437,239126.56408446238,276835.0331151397,722186.3587169661,170102.23333333334
17.433850416666665,-41003.25392330556,-20308.98291454861,-2351.9333333333334,-1420.0,-931.9333333333334,-1164.9166666666667,0.989266668812862,5246.099999999999,4392.083333333333,333.0,32.32072417038805,24.65932766745755,18.7737340514465,63946.899488403906,39454.06333224525,13373.611937034539,840.9041311120441,518.373339348248,176.7053674976977,53013414.016751714,42544988.655126594,18202838.639359653,21074114.606961463,55063391.24055437,239126.56408446238,276835.0331151397,722186.3587169661,170102.23333333334
31.532449083333333,78429.60952333889,98037.01190417362,2487.266666666667,0.0,2487.266666666667,3109.0833333333335,0.989266668812862,6634.65,6029.833333333333,17.0,39.11723780573604,35.89767525127627,44.30583610456325,112743.00996071834,89754.06585821444,219254.04541617425,1483.2278272419478,1179.2581045620504,2874.988895303117,53013414.016751714,42544988.655126594,18202838.639359653,21074114.606961463,55063391.24055437,239126.56408446238,276835.0331151397,722186.3587169661,170102.23333333334
33.863090500000006,210327.6057893917,223245.24604545836,6211.116666666667,937.05,5274.066666666667,6592.583333333333,0.9235087740760198,7618.799999999999,7237.333333333333,0.0,42.35444356833806,41.46208207644711,47.69554602900813,153138.06304970387,137140.00036182,433173.80330529826,2005.0921178066535,1794.3885534510491,5666.659208036158,53013414.016751714,42544988.655126594,18202838.639359653,21074114.606961463,55063391.24055437,239126.56408446238,276835.0331151397,722186.3587169661,170102.23333333334
35.06551191666667,233627.47969598338,209630.39661581253,6662.6,1880.0,4782.6,5978.25,0.7915789495146164,6789.9,7474.25,0.0,40.56336769416088,42.01557585283346,46.82660595873644,118944.6495107626,147041.53804831556,415476.26188437245,1563.7933509276172,1924.6096128087904,5435.612517440095,53013414.016751714,42544988.655126594,18202838.639359653,21074114.606961463,55063391.24055437,239126.56408446238,276835.0331151397,722186.3587169661,170102.23333333334
36.043624666666666,210446.70988711112,178355.8693922222,5838.666666666666,1880.0,3958.6666666666665,4948.333333333333,0.6596491249532128,6929.083333333334,7819.416666666667,0.0,40.56336769416088,42.58778934785457,46.44253252838337,124590.39423766159,161654.52584617198,383459.2357964681,1634.9126754017584,2117.3915236838498,5019.047768813495,53013414.016751714,42544988.655126594,18202838.639359653,21074114.606961463,55063391.24055437,239126.56408446238,276835.0331151397,722186.3587169661,170102.23333333334
32.612525833333336,83970.73151566667,104963.41439458335,2574.8,0.0,2574.8,3218.5,0.6596491249532128,8279.283333333333,7743.583333333333,108.0,43.39788809405341,42.50975824601684,44.94810740163002,181398.78964736906,158427.1614013267,300549.40818696556,2377.844506343364,2074.7597814926185,3945.5672408087485,53013414.016751714,42544988.655126594,18202838.639359653,21074114.606961463,55063391.24055437,239126.56408446238,276835.0331151397,722186.3587169661,170102.23333333334
33.55701199999999,37901.526486933326,47376.908108666656,1129.4666666666667,0.0,1129.4666666666667,1411.8333333333333,0.6596491249532128,7916.7,7789.333333333333,155.0,42.67864751735718,42.58778934785457,44.30583610456325,165806.23947933182,160373.34318329068,222012.08371368333,2171.6096768663224,2100.437390787883,2911.942759141323,53013414.016751714,42544988.655126594,18202838.639359653,21074114.606961463,55063391.24055437,239126.56408446238,276835.0331151397,722186.3587169661,170102.23333333334
36.036953833333335,89467.74405022223,27147.838554444446,2482.666666666667,1880.0,602.6666666666667,753.3333333333334,0.5277193003918093,5865.916666666666,7595.25,0.0,33.74953782289809,42.35444356833806,43.46079399737179,84091.44859967302,152140.61590366956,184406.62709809453,1104.951128763467,1992.133853771756,2417.233401601832,53013414.016751714,42544988.655126594,18202838.639359653,21074114.606961463,55063391.24055437,239126.56408446238,276835.0331151397,722186.3587169661,170102.23333333334
34.764420916666666,70435.03440522778,6347.403852368056,2026.0666666666666,1880.0,146.0666666666667,182.58333333333334,0.39578947583040575,5441.266666666666,7284.75,0.0,32.32072417038805,41.78381289587958,42.01557585283346,70254.82748899132,139109.22748168017,146750.93031533345,923.6557661629348,1820.5433236105225,1920.7232702970532,53013414.016751714,42544988.655126594,18202838.639359653,21074114.606961463,55063391.24055437,239126.56408446238,276835.0331151397,722186.3587169661,170102.23333333334
33.8644885,54476.67383366667,-11485.705682916667,1608.6666666666665,1880.0,-271.33333333333337,-339.1666666666667,0.26385965126900224,4811.75,6759.583333333333,0.0,28.73615523560058,40.56336769416088,38.65126493140946,50618.332848788225,117714.90341350129,104441.06939147512,664.665066827973,1548.3022658816992,1373.9355170046697,53013414.016751714,42544988.655126594,18202838.639359653,21074114.606961463,55063391.24055437,239126.56408446238,276835.0331151397,722186.3587169661,170102.23333333334
32.98955966666667,-4330.429532244446,-5413.036915305557,-131.26666666666668,0.0,-131.26666666666668,-164.08333333333334,0.26385965126900224,6326.6,6359.416666666667,0.0,38.65126493140946,38.65126493140946,37.04540704776583,100814.93655316009,102083.34223065918,95871.06414312888,1326.3193319039917,1342.9752687423709,1260.7430938298698,53013414.016751714,42544988.655126594,18202838.639359653,21074114.606961463,55063391.24055437,239126.56408446238,276835.0331151397,722186.3587169661,170102.23333333334
35.33879658333333,72812.05648029999,7968.898629541665,2060.4,1880.0,180.4,225.5,0.13192982670759873,4763.85,6598.75,0.0,28.10812633230105,39.11723780573604,40.56336769416088,49255.95593047657,111338.70112349243,120338.00119105703,646.8578730599237,1464.5728674129434,1581.345371971948,53013414.016751714,42544988.655126594,18202838.639359653,21074114.606961463,55063391.24055437,239126.56408446238,276835.0331151397,722186.3587169661,170102.23333333334
33.62097616666667,31583.545010966674,39479.43126370834,939.4000000000001,0.0,939.4000000000001,1174.25,0.13192982670759873,6646.266666666666,6592.416666666667,181.0,39.11723780573604,39.11723780573604,42.50975824601684,113197.4218732283,111090.95861738945,159408.42832083895,1489.2642743175356,1461.2818345740293,2087.68264325414,53013414.016751714,42544988.655126594,18202838.639359653,21074114.606961463,55063391.24055437,239126.56408446238,276835.0331151397,722186.3587169661,170102.23333333334
36.01959883333333,154392.00713261112,108343.95165743055,4286.333333333334,1880.0,2406.3333333333335,3007.9166666666665,2.1461952215418023e-09,5218.5,6496.916666666667,0.0,32.32072417038805,38.65126493140946,44.30997890012151,63054.847501301214,107397.89115872799,235466.92326324937,829.2015941654795,1412.7627135959146,3089.112688646654,53013414.016751714,42544988.655126594,18202838.639359653,21074114.606961463,55063391.24055437,239126.56408446238,276835.0331151397,722186.3587169661,170102.23333333334
26.065030166666663,-31799.33680333333,6516.257541666666,-1220.0,-1420.0,200.0,250.0,0.08993333547952856,6598.416666666667,5305.416666666667,177.0,39.11723780573604,32.32072417038805,32.32072417038805,111325.66204422386,65864.05711044412,73944.23815304114,1464.3996551582638,866.0546920980496,972.0559325560648,53013414.016751714,42544988.655126594,18202838.639359653,21074114.606961463,55063391.24055437,239126.56408446238,276835.0331151397,722186.3587169661,170102.23333333334
5.823922666666667,-19057.816272888893,-13484.807607777779,-3272.333333333333,-1420.0,-1852.3333333333333,-2315.4166666666665,0.1798666688128619,4042.6666666666665,3646.75,561.0,22.542812225147,22.54267874059992,1.814173378373551,30969.26773183579,22044.235727152125,424.8624504275543,406.2715037699631,290.6632740971697,5.389093964191558,53013414.016751714,42544988.655126594,18202838.639359653,21074114.606961463,55063391.24055437,239126.56408446238,276835.0331151397,722186.3587169661,170102.23333333334
6.06049025,-23705.809629216667,-18874.891842770834,-3911.5333333333333,-1420.0,-2491.5333333333333,-3114.4166666666665,0.26980000214619526,2563.083333333333,2563.083333333333,797.1166666666668,6.726867748451722,6.726867748451722,0.0,4841.3349597193,4841.3349597193,0.0,63.6040067597934,63.6040067597934,0.0,53013414.016751714,42544988.655126594,18202838.639359653,21074114.606961463,55063391.24055437,239126.56408446238,276835.0331151397,722186.3587169661,170102.23333333334
6.098535833333332,-24810.876615277775,-20188.69466493055,-4068.3333333333335,-1420.0,-2648.3333333333335,-3310.4166666666665,0.35973333547952857,1848.916666666667,1848.916666666667,757.916666666667,2.726986341086646,2.726986341086646,0.0,1700.0034416327544,1700.0034416327544,0.0,22.06877184739109,22.06877184739109,0.0,53013414.016751714,42544988.655126594,18202838.639359653,21074114.606961463,55063391.24055437,239126.56408446238,276835.0331151397,722186.3587169661,170102.23333333334
5.36409975,-25388.28411675,-22214.0780896875,-4733.0,-1420.0,-3313.0,-4141.25,0.4496666688128619,1708.833333333333,1708.833333333333,591.75,2.726986341086646,2.726986341086646,0.0,1317.998105018865,1317.998105018865,0.0,17.12541942185981,17.12541942185981,0.0,53013414.016751714,42544988.655126594,18202838.639359653,21074114.606961463,55063391.24055437,239126.56408446238,276835.0331151397,722186.3587169661,170102.23333333334
7.6760771666666665,-34935.87413941111,-30044.805703430557,-4551.266666666666,-1420.0,-3131.266666666667,-3914.0833333333335,0.5396000021461952,1617.666666666667,1617.666666666667,637.1833333333329,2.452441325406859,2.452441325406859,0.0,1072.7189964467152,1072.7189964467152,0.0,13.937746656009818,13.937746656009818,0.0,53013414.016751714,42544988.655126594,18202838.639359653,21074114.606961463,55063391.24055437,239126.56408446238,276835.0331151397,722186.3587169661,170102.23333333334
4.457083083333333,-19911.572966483334,-16978.1437351875,-4467.4,-1420.0,-3047.4,-3809.25,0.6295333354795285,1658.666666666667,1658.666666666667,658.1499999999996,2.726986341086646,2.726986341086646,0.0,1181.19429024102,1181.19429024102,0.0,15.355105227826629,15.355105227826629,0.0,53013414.016751714,42544988.655126594,18202838.639359653,21074114.606961463,55063391.24055437,239126.56408446238,276835.0331151397,722186.3587169661,170102.23333333334
3.799092333333333,-18834.380151733334,-16799.586298,-4957.6,-1420.0,-3537.6000000000004,-4422.0,0.7194666688128618,1807.416666666667,1807.416666666667,535.6000000000004,2.726986341086646,2.726986341086646,0.0,1586.8335084776586,1586.8335084776586,0.0,20.604292663622758,20.604292663622758,0.0,53013414.016751714,42544988.655126594,18202838.639359653,21074114.606961463,55063391.24055437,239126.56408446238,276835.0331151397,722186.3587169661,170102.23333333334
4.651263833333333,-19458.40720462222,-16067.015701611112,-4183.466666666667,-1420.0,-2763.466666666667,-3454.3333333333335,0.8094000021461951,2106.3000000000006,1982.166666666667,605.0,2.987420255012056,2.987420255012056,0.0,2450.2728972634477,2079.4344629412835,0.0,31.93303830822974,27.030381682135193,0.0,53013414.016751714,42544988.655126594,18202838.639359653,21074114.606961463,55063391.24055437,239126.56408446238,276835.0331151397,722186.3587169661,170102.23333333334
5.345621416666667,-19866.4674329,-15344.606276541668,-3716.4,-1420.0,-2296.4,-2870.5,0.8993333354795284,3133.4,2562.5,275.0,18.00995923074696,6.726867748451722,0.0,11643.315244491208,4837.410953532705,0.0,153.59462480898114,63.55163027324532,0.0,53013414.016751714,42544988.655126594,18202838.639359653,21074114.606961463,55063391.24055437,239126.56408446238,276835.0331151397,722186.3587169661,170102.23333333334
19.77278383333333,-34595.780780388886,-8148.034671319443,-1749.6666666666667,-1420.0,-329.6666666666667,-412.0833333333333,0.9892666688128617,4084.4166666666665,2996.833333333333,250.0,24.31424150686455,17.39733704012239,6.726867748451722,31949.10933102511,9255.919219337911,4987.083760935753,419.0949250312375,122.17207022036052,65.54941911729452,53013414.016751714,42544988.655126594,18202838.639359653,21074114.606961463,55063391.24055437,239126.56408446238,276835.0331151397,722186.3587169661,170102.23333333334
38.02018908333334,185632.30585973896,142692.93797884032,4882.466666666667,1880.0,3002.466666666667,3753.0833333333335,0.8573368442514582,2501.6999999999994,3631.083333333333,0.0,6.726867748451722,22.50723964962192,41.82965662453434,4428.417394426836,21691.327029342836,143263.6688677101,58.092503903888215,286.00390592185835,1874.5507253965209,53013414.016751714,42544988.655126594,18202838.639359653,21074114.606961463,55063391.24055437,239126.56408446238,276835.0331151397,722186.3587169661,170102.23333333334
34.787679999999995,251781.63194666663,232975.99193333328,7237.666666666667,1880.0,5357.666666666667,6697.083333333333,0.7254070196900546,4204.499999999999,4745.083333333333,0.0,24.31424150686455,28.10812633230105,45.41560198464936,34868.844498641076,48728.4600929737,322332.0107209502,458.1409985423603,639.9445404431277,4229.513335086897,53013414.016751714,42544988.655126594,18202838.639359653,21074114.606961463,55063391.24055437,239126.56408446238,276835.0331151397,722186.3587169661,170102.23333333334
36.08447725,232083.32951291668,205305.6403536458,6431.666666666667,1880.0,4551.666666666667,5689.583333333333,0.593477195128651,4765.249999999999,5507.333333333333,0.0,28.10812633230105,32.32072417038805,45.41560198464936,49295.307307341754,72390.14999918162,311193.8343342149,647.373610129027,951.6683606413063,4084.5290552837755,53013414.016751714,42544988.655126594,18202838.639359653,21074114.606961463,55063391.24055437,239126.56408446238,276835.0331151397,722186.3587169661,170102.23333333334
42.18692141666667,236935.81298313895,197030.50089975697,5616.333333333334,1880.0,3736.333333333334,4670.416666666667,0.46154737056724754,5021.25,5967.166666666667,0.0,30.27619760479042,34.31500019415109,44.94810740163002,56862.23675614705,87538.68923544222,285963.7473351367,747.6259688223174,1150.1006601384247,3752.7380186924024,53013414.016751714,42544988.655126594,18202838.639359653,21074114.606961463,55063391.24055437,239126.56408446238,276835.0331151397,722186.3587169661,170102.23333333334
38.729760416666664,172365.5077423611,124441.94769878472,4450.466666666667,1880.0,2570.466666666667,3213.0833333333335,0.32961754600584403,4895.533333333333,6132.916666666667,0.0,29.74892242460735,37.04540704776583,44.30583610456325,53087.611779806466,93558.81331989748,228429.04564282758,697.3897246897625,1229.9092679168414,2997.9210929442715,53013414.016751714,42544988.655126594,18202838.639359653,21074114.606961463,55063391.24055437,239126.56408446238,276835.0331151397,722186.3587169661,170102.23333333334
34.44411099999999,95729.36956526665,38718.05110658332,2779.2666666666664,1880.0,899.2666666666667,1124.0833333333333,0.19768772144444052,4484.65,6139.833333333333,0.0,25.11795777038495,37.04540704776583,41.46208207644711,41767.262793023016,93815.04405197783,138242.20071035222,548.4704483766152,1233.3261004278977,1809.114425877374,53013414.016751714,42544988.655126594,18202838.639359653,21074114.606961463,55063391.24055437,239126.56408446238,276835.0331151397,722186.3587169661,170102.23333333334
37.82060391666666,77955.82879303333,8566.366787125,2061.2,1880.0,181.20000000000002,226.5,0.06575789688303701,4466.05,6300.75,0.0,25.11795777038495,38.56728378589558,38.65126493140946,41300.06877849387,99817.82110123277,108570.3128616474,542.3474282703218,1313.1313962506713,1428.1582468848173,53013414.016751714,42544988.655126594,18202838.639359653,21074114.606961463,55063391.24055437,239126.56408446238,276835.0331151397,722186.3587169661,170102.23333333334
32.510950666666666,30923.874424955553,574.3601284444445,951.1833333333333,937.05,14.133333333333335,17.666666666666668,2.1461949162304705e-09,4865.816666666667,5799.333333333333,0.0,29.74892242460735,32.94471252566736,33.01093875620714,52203.5729684219,81879.35692215277,82461.53911972619,685.5785845701777,1076.5018046507162,1083.7432265932512,53013414.016751714,42544988.655126594,18202838.639359653,21074114.606961463,55063391.24055437,239126.56408446238,276835.0331151397,722186.3587169661,170102.23333333334
32.53671441666666,-5186.352278016666,-6482.940347520833,-159.4,0.0,-159.4,-199.25,2.1461949162304705e-09,5480.9,5520.75,0.0,32.32072417038805,32.32072417038805,32.32072417038805,71535.80552361102,72823.78638180101,66383.88209085118,940.4604961502121,957.35709387922,872.8741052341818,53013414.016751714,42544988.655126594,18202838.639359653,21074114.606961463,55063391.24055437,239126.56408446238,276835.0331151397,722186.3587169661,170102.23333333334
32.395186249999995,-8792.05354825,-10990.066935312498,-271.40000000000003,0.0,-271.40000000000003,-339.25,2.1461949162304705e-09,5118.566666666667,5186.416666666667,0.0,30.94270688731519,32.32072417038805,29.74892242460735,59833.89976856735,62017.89093416794,51648.755565202984,786.885874226374,815.5981016400343,678.1659845736464,53013414.016751714,42544988.655126594,18202838.639359653,21074114.606961463,55063391.24055437,239126.56408446238,276835.0331151397,722186.3587169661,170102.23333333334
31.260646833333336,-13983.929350111111,-17479.91168763889,-447.3333333333333,0.0,-447.3333333333333,-559.1666666666666,2.1461949162304705e-09,4975.083333333334,5086.916666666667,0.0,30.11596286407184,30.77259036144578,25.11795777038495,55470.48993412899,58859.44260460086,42849.84677292662,729.1296340912934,774.0140587947425,562.6587369024895,53013414.016751714,42544988.655126594,18202838.639359653,21074114.606961463,55063391.24055437,239126.56408446238,276835.0331151397,722186.3587169661,170102.23333333334
32.42240808333333,17220.62167999444,21525.77709999305,531.1333333333333,0.0,531.1333333333333,663.9166666666666,2.1461949162304705e-09,4945.700000000001,4841.916666666667,29.0,30.11596286407184,29.43612688654419,32.32072417038805,54585.58255863969,51493.55493747399,72341.66891292606,717.3294090937037,676.1213877108584,951.0323531985586,53013414.016751714,42544988.655126594,18202838.639359653,21074114.606961463,55063391.24055437,239126.56408446238,276835.0331151397,722186.3587169661,170102.23333333334
31.193045416666667,70487.96449622222,88109.95562027777,2259.733333333333,0.0,2259.733333333333,2824.6666666666665,2.1461949162304705e-09,5433.433333333333,4868.5,0.0,32.32072417038805,29.74892242460735,42.37617359789305,70001.64848298996,52283.3992435946,156288.16010052938,920.3343939619172,686.6450980638699,2046.2849761711536,53013414.016751714,42544988.655126594,18202838.639359653,21074114.606961463,55063391.24055437,239126.56408446238,276835.0331151397,722186.3587169661,170102.23333333334
23.65825558333334,3747.467684400001,4684.334605500001,158.4,0.0,158.4,198.0,2.1461949162304705e-09,4138.35,4106.75,8.0,24.31424150686455,24.31424150686455,24.31424150686455,33260.45742296202,32492.12739134509,37306.34720970427,436.6317874714867,426.3567901949995,490.73810224387415,53013414.016751714,42544988.655126594,18202838.639359653,21074114.606961463,55063391.24055437,239126.56408446238,276835.0331151397,722186.3587169661,170102.23333333334
9.367313916666665,-26355.24994833889,-16317.080233340277,-2813.5333333333338,-1420.0,-1393.5333333333335,-1741.9166666666667,0.08993333547952825,3595.366666666667,3048.75,525.0,22.29799400873425,17.39733704012239,1.814173378373551,20891.37133877092,10159.130967337605,380.4152026574019,275.3703630040179,134.04399373483923,4.831455169671004,53013414.016751714,42544988.655126594,18202838.639359653,21074114.606961463,55063391.24055437,239126.56408446238,276835.0331151397,722186.3587169661,170102.23333333334
7.059306916666667,-27112.44476461112,-21360.28617868056,-3840.666666666667,-1420.0,-2420.666666666667,-3025.8333333333335,0.1798666688128616,2478.666666666667,2478.666666666667,814.8333333333335,6.726867748451722,6.726867748451722,0.0,4273.475207287504,4273.475207287504,0.0,56.024380920760166,56.024380920760166,0.0,53013414.016751714,42544988.655126594,18202838.639359653,21074114.606961463,55063391.24055437,239126.56408446238,276835.0331151397,722186.3587169661,170102.23333333334
4.627057833333333,-23593.367892166665,-21278.682211041665,-5099.0,-1420.0,-3679.0,-4598.75,0.26980000214619493,2036.0,2036.0,500.25,2.987420255012056,2.987420255012056,0.0,2240.257253336098,2240.257253336098,0.0,29.156533790390462,29.156533790390462,0.0,53013414.016751714,42544988.655126594,18202838.639359653,21074114.606961463,55063391.24055437,239126.56408446238,276835.0331151397,722186.3587169661,170102.23333333334
0.7204160833333334,-4276.197759711112,-4066.508651722223,-5935.733333333334,-1420.0,-4515.733333333334,-5644.666666666667,0.35973333547952824,1839.583333333333,1839.583333333333,291.0666666666666,2.726986341086646,2.726986341086646,0.0,1674.551569115944,1674.551569115944,0.0,21.73941106710582,21.73941106710582,0.0,53013414.016751714,42544988.655126594,18202838.639359653,21074114.606961463,55063391.24055437,239126.56408446238,276835.0331151397,722186.3587169661,170102.23333333334
-3.031087166666667,21099.801912122228,20994.57266931945,-6961.133333333334,-1420.0,-5541.133333333334,-6926.416666666667,0.44966666881286155,1813.25,1813.25,34.71666666666715,2.726986341086646,2.726986341086646,0.0,1602.7409288006631,1602.7409288006631,0.0,20.810143151301027,20.810143151301027,0.0,53013414.016751714,42544988.655126594,18202838.639359653,21074114.606961463,55063391.24055437,239126.56408446238,276835.0331151397,722186.3587169661,170102.23333333334
-6.559953916666668,46562.55290050001,46559.27292354168,-7098.0,-1420.0,-5678.0,-7097.5,0.5396000021461949,1780.416666666667,1780.416666666667,0.5,2.726986341086646,2.726986341086646,0.0,1513.2048772683193,1513.2048772683193,0.0,19.65149897779758,19.65149897779758,0.0,53013414.016751714,42544988.655126594,18202838.639359653,21074114.606961463,55063391.24055437,239126.56408446238,276835.0331151397,722186.3587169661,170102.23333333334
-8.27912175,52258.920368900006,50628.209354875,-6312.133333333334,-1420.0,-4892.133333333334,-6115.166666666667,0.6295333354795282,1743.833333333333,1743.833333333333,196.96666666666715,2.726986341086646,2.726986341086646,0.0,1413.4426269568976,1413.4426269568976,0.0,18.36052234792949,18.36052234792949,0.0,53013414.016751714,42544988.655126594,18202838.639359653,21074114.606961463,55063391.24055437,239126.56408446238,276835.0331151397,722186.3587169661,170102.23333333334
-5.4214029166666675,25868.766157166672,22712.967519375004,-4771.6,-1420.0,-3351.6000000000004,-4189.5,0.7194666688128615,1715.333333333333,1715.333333333333,582.1000000000004,2.726986341086646,2.726986341086646,0.0,1335.7235162359284,1335.7235162359284,0.0,17.354795679558467,17.354795679558467,0.0,53013414.016751714,42544988.655126594,18202838.639359653,21074114.606961463,55063391.24055437,239126.56408446238,276835.0331151397,722186.3587169661,170102.23333333334
-6.7426325,21675.765452166666,15126.534127708332,-3214.7333333333336,-1420.0,-1794.7333333333333,-2243.4166666666665,0.8094000021461948,1846.166666666667,1846.166666666667,971.3166666666671,2.726986341086646,2.726986341086646,0.0,1692.5042291947661,1692.5042291947661,0.0,21.971728046057045,21.971728046057045,0.0,53013414.016751714,42544988.655126594,18202838.639359653,21074114.606961463,55063391.24055437,239126.56408446238,276835.0331151397,722186.3587169661,170102.23333333334
7.849444666666666,-13711.933240044442,-3207.1522667222216,-1746.8666666666668,-1420.0,-326.8666666666667,-408.5833333333333,0.8993333354795281,2046.5,2046.5,1338.2833333333335,2.987420255012056,2.987420255012056,2.726986341086646,2271.625166013725,2271.625166013725,1124.6093236634715,29.57123218921425,29.57123218921425,14.622865635942455,53013414.016751714,42544988.655126594,18202838.639359653,21074114.606961463,55063391.24055437,239126.56408446238,276835.0331151397,722186.3587169661,170102.23333333334
21.28198466666667,1188.9535433777783,39261.71471255556,55.86666666666679,-1420.0,1475.8666666666668,1844.8333333333333,0.9892666688128614,3928.0499999999993,2332.083333333333,193.0,22.54267874059992,4.984897117165479,24.31424150686455,28385.491256882866,3302.9610812892547,34198.176670410074,372.80318410648584,43.08607839601929,449.1720531348783,53013414.016751714,42544988.655126594,18202838.639359653,21074114.606961463,55063391.24055437,239126.56408446238,276835.0331151397,722186.3587169661,170102.23333333334
23.25413875,114292.54168033334,142865.67710041668,4914.933333333333,0.0,4914.933333333333,6143.666666666667,0.9892666688128614,3728.8166666666666,2685.083333333333,185.0,22.54267874059992,6.726867748451722,44.03935801615658,23894.23822913069,5662.01282503041,205525.52732847087,314.6268312061798,74.55817480356905,2692.2280233672823,53013414.016751714,42544988.655126594,18202838.639359653,21074114.606961463,55063391.24055437,239126.56408446238,276835.0331151397,722186.3587169661,170102.23333333334
26.076003,187100.53672560002,172597.063857,7175.200000000001,1880.0,5295.200000000001,6619.0,0.857336844251458,2501.1333333333323,3057.333333333333,0.0,6.726867748451722,17.39733704012239,44.47862630744314,4424.6055027027105,10308.458110265317,243078.43930220214,58.04162388838431,136.0067676064143,3189.1452472803267,53013414.016751714,42544988.655126594,18202838.639359653,21074114.606961463,55063391.24055437,239126.56408446238,276835.0331151397,722186.3587169661,170102.23333333334
25.46836391666666,152738.8720810333,131072.93489712497,5997.2,1880.0,4117.2,5146.5,0.7254070196900544,2620.466666666667,3471.166666666667,0.0,6.726867748451722,20.89355881015782,44.03935801615658,5227.34505401796,18191.06936512159,196229.55284056053,68.75635656508302,240.19426835399636,2571.9331645576644,53013414.016751714,42544988.655126594,18202838.639359653,21074114.606961463,55063391.24055437,239126.56408446238,276835.0331151397,722186.3587169661,170102.23333333334
24.618919083333335,113455.46796490558,83964.87511029861,4608.466666666667,1880.0,2728.466666666667,3410.5833333333335,0.5934771951286508,2386.9499999999994,3584.833333333333,0.0,6.726867748451722,22.29799400873425,40.56336769416088,3656.509320292001,20656.499135212245,127281.09762804088,47.789300764353335,272.29214029551713,1668.8074079376313,53013414.016751714,42544988.655126594,18202838.639359653,21074114.606961463,55063391.24055437,239126.56408446238,276835.0331151397,722186.3587169661,170102.23333333334
25.975077916666663,83878.7216085,43806.96890645833,3229.2,1880.0,1349.2,1686.5,0.4615473705672473,2127.466666666667,3670.166666666667,0.0,2.987420255012056,22.54267874059992,32.32072417038805,2513.506625994536,22572.11012099451,67520.49422417651,32.76901762014435,297.5009665703946,887.7849463919426,53013414.016751714,42544988.655126594,18202838.639359653,21074114.606961463,55063391.24055437,239126.56408446238,276835.0331151397,722186.3587169661,170102.23333333334
24.97408516666667,18051.26875846667,22564.085948083335,722.8000000000001,0.0,722.8000000000001,903.5,0.4615473705672473,3787.033333333333,3607.333333333333,1.0,22.54267874059992,22.29799400873425,25.11795777038495,25206.59784314594,21158.204000408765,42424.9346539776,331.62616203107257,278.86745778994094,557.0898610889695,53013414.016751714,42544988.655126594,18202838.639359653,21074114.606961463,55063391.24055437,239126.56408446238,276835.0331151397,722186.3587169661,170102.23333333334
26.92604025,60615.9018108,12493.682676,2251.2,1880.0,371.20000000000005,464.0,0.3296175460058438,1753.7166666666672,3540.916666666667,0.0,2.726986341086646,21.87279216787323,22.542812225147,1440.394341961306,19693.831054466533,30118.2765703365,18.709291888481573,259.7923979750983,395.2483968952204,53013414.016751714,42544988.655126594,18202838.639359653,21074114.606961463,55063391.24055437,239126.56408446238,276835.0331151397,722186.3587169661,170102.23333333334
25.05810083333333,49063.76143166666,2443.1648312499997,1958.0,1880.0,78.0,97.5,0.1976877214444403,1667.333333333333,3527.833333333333,0.0,2.726986341086646,21.87279216787323,22.50723964962192,1204.8281718637693,19407.662023603512,21561.910401357512,15.66094023809148,256.0782945330974,284.2748439086817,53013414.016751714,42544988.655126594,18202838.639359653,21074114.606961463,55063391.24055437,239126.56408446238,276835.0331151397,722186.3587169661,170102.23333333334
22.604733750000005,-29698.708021579005,-2812.405624062501,-1313.8269333333333,-1214.2936,-99.53333333333335,-124.41666666666667,0.2745929827777736,4709.576933333334,3520.166666666667,0.0,28.10812633230105,21.87279216787323,20.2102968360311,47730.441716168505,19239.970616983162,16639.199106715772,626.8645642499665,253.9018772295048,219.67522391272766,53013414.016751714,42544988.655126594,18202838.639359653,21074114.606961463,55063391.24055437,239126.56408446238,276835.0331151397,722186.3587169661,170102.23333333334
22.20497233333333,-24514.289456,8770.964071666665,-1104.0,-1420.0,316.0,395.0,0.364526316111107,4904.166666666667,3405.166666666667,0.0,29.74892242460735,20.46319657202558,22.54267874059992,53344.4441434056,16830.743513970236,25502.658357272503,700.8211159303377,222.2725690527579,335.46110983811997,53013414.016751714,42544988.655126594,18202838.639359653,21074114.606961463,55063391.24055437,239126.56408446238,276835.0331151397,722186.3587169661,170102.23333333334
21.867909916666665,5513.629020322216,45707.576377486104,252.1333333333332,-1420.0,1672.1333333333332,2090.1666666666665,0.4544596494444403,5338.616666666667,3500.583333333333,0.0,32.32072417038805,21.50912364945978,32.32072417038805,66937.105152901,18813.543182903766,75086.23707372817,880.1316568308739,248.31984182065395,987.0374412074642,53013414.016751714,42544988.655126594,18202838.639359653,21074114.606961463,55063391.24055437,239126.56408446238,276835.0331151397,722186.3587169661,170102.23333333334
26.802695999999997,116021.72359839999,82040.81889799998,4328.733333333334,1880.0,2448.733333333333,3060.9166666666665,0.3225298248830368,2545.266666666666,3813.083333333333,0.0,6.726867748451722,22.54267874059992,40.56336769416088,4721.484599334382,25793.83462433857,122356.02873384154,62.00427921350973,339.2327907397207,1606.766421373853,53013414.016751714,42544988.655126594,18202838.639359653,21074114.606961463,55063391.24055437,239126.56408446238,276835.0331151397,722186.3587169661,170102.23333333334
23.014108500000003,-41387.038452500004,-10883.755478125002,-1798.3333333333335,-1420.0,-378.33333333333337,-472.9166666666667,0.41246315821637014,4772.083333333334,3738.666666666667,292.0,28.12642498860009,22.54267874059992,18.7737340514465,49487.41063604362,24116.28361472561,14097.96517585287,649.8799169397047,317.5030420614653,186.38303943877338,53013414.016751714,42544988.655126594,18202838.639359653,21074114.606961463,55063391.24055437,239126.56408446238,276835.0331151397,722186.3587169661,170102.23333333334
19.689516416666667,-79957.81353365556,-64998.375277486106,-4060.9333333333334,-1420.0,-2640.9333333333334,-3301.1666666666665,0.5023964915497035,2791.333333333333,2791.333333333333,759.7666666666669,7.975883779865536,7.975883779865536,0.0,6502.809874740772,6502.809874740772,0.0,85.8013746577166,85.8013746577166,0.0,53013414.016751714,42544988.655126594,18202838.639359653,21074114.606961463,55063391.24055437,239126.56408446238,276835.0331151397,722186.3587169661,170102.23333333334
28.930477416666672,-46884.73170145002,-126592.5365559792,-1620.6000000000004,1880.0,-3500.6000000000004,-4375.75,0.37046666698829994,0.0,2234.666666666667,-520.4833333333327,0.0,4.444041173682934,0.0,0.0,2845.6538148343075,0.0,0.0,37.15092197719349,0.0,53013414.016751714,42544988.655126594,18202838.639359653,21074114.606961463,55063391.24055437,239126.56408446238,276835.0331151397,722186.3587169661,170102.23333333334
17.272819833333333,-83647.66036754445,-73900.3202552639,-4842.733333333334,-1420.0,-3422.7333333333336,-4278.416666666667,0.4604000003216333,1760.5,1760.5,564.3166666666666,2.726986341086646,2.726986341086646,0.0,1458.8923993083426,1458.8923993083426,0.0,18.94866659843887,18.94866659843887,0.0,53013414.016751714,42544988.655126594,18202838.639359653,21074114.606961463,55063391.24055437,239126.56408446238,276835.0331151397,722186.3587169661,170102.23333333334
11.668979333333333,-59323.535066755554,-53441.980516777774,-5083.866666666667,-1420.0,-3663.866666666667,-4579.833333333333,0.5503333336549666,1444.0,1444.0,504.03333333333376,2.452441325406859,2.452441325406859,0.0,646.8116862677234,646.8116862677234,0.0,8.231183131396756,8.231183131396756,0.0,53013414.016751714,42544988.655126594,18202838.639359653,21074114.606961463,55063391.24055437,239126.56408446238,276835.0331151397,722186.3587169661,170102.23333333334
10.878620416666669,-52849.7884668889,-46752.68434402779,-4858.133333333333,-1420.0,-3438.1333333333337,-4297.666666666667,0.6402666669882999,1404.083333333333,1404.083333333333,560.4666666666662,1.814173378373551,1.814173378373551,0.0,556.8435637042293,556.8435637042293,0.0,7.044939772410726,7.044939772410726,0.0,53013414.016751714,42544988.655126594,18202838.639359653,21074114.606961463,55063391.24055437,239126.56408446238,276835.0331151397,722186.3587169661,170102.23333333334
10.82482925,-49841.122143416665,-43087.33076052083,-4604.333333333334,-1420.0,-3184.3333333333335,-3980.4166666666665,0.7302000003216332,1162.666666666667,1162.666666666667,623.9166666666674,1.814173378373551,1.814173378373551,0.0,118.87187394188228,118.87187394188228,0.0,1.5501112427303738,1.5501112427303738,0.0,53013414.016751714,42544988.655126594,18202838.639359653,21074114.606961463,55063391.24055437,239126.56408446238,276835.0331151397,722186.3587169661,170102.23333333334
16.466028833333333,-69271.48556657777,-57362.15577905555,-4206.933333333333,-1420.0,-2786.9333333333334,-3483.6666666666665,0.8201333336549665,1157.166666666667,1157.166666666667,723.2666666666669,0.2329054940317283,0.2329054940317283,0.0,115.74608119297517,115.74608119297517,0.0,1.5102783755365645,1.5102783755365645,0.0,53013414.016751714,42544988.655126594,18202838.639359653,21074114.606961463,55063391.24055437,239126.56408446238,276835.0331151397,722186.3587169661,170102.23333333334
19.322481333333332,-66621.33930648888,-48979.26976644444,-3447.866666666667,-1420.0,-2027.8666666666668,-2534.8333333333335,0.9100666669882999,1169.666666666667,1169.666666666667,913.0333333333333,1.814173378373551,1.814173378373551,0.0,131.57108759049714,131.57108759049714,0.0,1.7094366125933875,1.7094366125933875,0.0,53013414.016751714,42544988.655126594,18202838.639359653,21074114.606961463,55063391.24055437,239126.56408446238,276835.0331151397,722186.3587169661,170102.23333333334
23.166782999999995,-68494.9106178,-44497.59844724999,-2956.6000000000004,-1420.0,-1536.6000000000001,-1920.75,1.0000000003216332,1406.7666666666673,1305.916666666667,935.0,1.814173378373551,1.814173378373551,0.0,561.7115956028667,378.75221039389345,0.0,7.106014497524903,4.810591133141333,0.0,53013414.016751714,42544988.655126594,18202838.639359653,21074114.606961463,55063391.24055437,239126.56408446238,276835.0331151397,722186.3587169661,170102.23333333334
25.091003833333335,-8631.305318666668,-10789.131648333334,-344.0,0.0,-344.0,-430.0,1.0000000003216332,1398.75,1484.75,0.0,1.814173378373551,2.452441325406859,0.2329054940317283,547.1679723529043,746.7486702780529,91.89267684589225,6.923549014419865,9.570199236740223,1.1964428526985476,53013414.016751714,42544988.655126594,18202838.639359653,21074114.606961463,55063391.24055437,239126.56408446238,276835.0331151397,722186.3587169661,170102.23333333334
29.24257,57603.96389066667,72004.95486333333,1969.8666666666668,0.0,1969.8666666666668,2462.3333333333335,1.0000000003216332,2798.5499999999997,2309.083333333333,3.0,7.975883779865536,4.984897117165479,28.12642498860009,6560.369169352135,3188.308447594449,49468.659686051185,86.57112407662666,41.59657681629094,649.6365538906086,53013414.016751714,42544988.655126594,18202838.639359653,21074114.606961463,55063391.24055437,239126.56408446238,276835.0331151397,722186.3587169661,170102.23333333334
30.239556249999996,152308.58094958332,190385.72618697915,5036.733333333334,0.0,5036.733333333334,6295.916666666667,1.0000000003216332,4117.35,2858.166666666667,0.0,24.31424150686455,8.06576402321083,44.30583610456325,32749.858351317864,7035.906718142016,219926.01726376018,429.80346649660606,92.92974763870168,2883.9923802007797,53013414.016751714,42544988.655126594,18202838.639359653,21074114.606961463,55063391.24055437,239126.56408446238,276835.0331151397,722186.3587169661,170102.23333333334
28.73792908333333,138269.67199155,172837.0899894375,4811.400000000001,0.0,4811.400000000001,6014.25,1.0000000003216332,4037.2666666666664,2834.416666666667,0.0,22.542812225147,7.975883779865536,44.21379948192787,30847.536545819996,6846.43753425665,206403.17949612107,404.6946884819204,90.39676091148688,2703.6215402033245,53013414.016751714,42544988.655126594,18202838.639359653,21074114.606961463,55063391.24055437,239126.56408446238,276835.0331151397,722186.3587169661,170102.23333333334
28.768199083333332,121093.02146150554,151366.27682688192,4209.266666666666,0.0,4209.266666666666,5261.583333333333,1.0000000003216332,3869.0666666666666,2816.75,0.0,22.54267874059992,7.975883779865536,42.78347782358002,27055.84892249983,6705.5302541456895,172715.07973398283,355.5799857700143,88.51238589059848,2263.180002607505,53013414.016751714,42544988.655126594,18202838.639359653,21074114.606961463,55063391.24055437,239126.56408446238,276835.0331151397,722186.3587169661,170102.23333333334
30.901392750000003,86872.05539165002,108590.06923956251,2811.266666666667,0.0,2811.266666666667,3514.0833333333335,1.0000000003216332,3672.8999999999996,2979.083333333333,9.0,22.54267874059992,17.39733704012239,38.65126493140946,22633.726776218806,8947.116486875739,107252.94891523516,298.2991029160235,118.1131300781712,1410.8594196453628,53013414.016751714,42544988.655126594,18202838.639359653,21074114.606961463,55063391.24055437,239126.56408446238,276835.0331151397,722186.3587169661,170102.23333333334
32.1494525,52975.867829500006,66219.834786875,1647.8000000000002,0.0,1647.8000000000002,2059.75,1.0000000003216332,3305.033333333333,2896.083333333333,3.0,19.14512259347787,16.36690594755028,30.11596286407184,14837.440767398013,7550.037388001043,54890.75764899558,196.2367678184476,99.73375659421826,721.3989138007563,53013414.016751714,42544988.655126594,18202838.639359653,21074114.606961463,55063391.24055437,239126.56408446238,276835.0331151397,722186.3587169661,170102.23333333334
32.459594083333336,45350.380880294455,56687.97610036806,1397.1333333333334,0.0,1397.1333333333334,1746.4166666666667,1.0000000003216332,3445.0333333333333,3129.75,34.0,20.46319657202558,18.00995923074696,29.74892242460735,17646.542950641648,11577.578893298982,52511.47431551659,233.00591507806195,152.715522337814,689.6922794744191,53013414.016751714,42544988.655126594,18202838.639359653,21074114.606961463,55063391.24055437,239126.56408446238,276835.0331151397,722186.3587169661,170102.23333333334
33.40820883333333,89917.08046795556,33887.05982661111,2691.4666666666667,1880.0,811.4666666666667,1014.3333333333334,0.8680701757602296,1676.0333333333338,3353.166666666667,0.0,2.726986341086646,20.05144506726853,24.65932766745755,1228.5529530312251,15783.245094724138,38847.85486042026,15.967951536857397,208.38665141835406,510.63666841789336,53013414.016751714,42544988.655126594,18202838.639359653,21074114.606961463,55063391.24055437,239126.56408446238,276835.0331151397,722186.3587169661,170102.23333333334
33.84397558333334,75972.95638946668,15432.852866000003,2244.8,1880.0,364.8,456.0,0.736140351198826,1874.1999999999998,3663.0,0.0,2.726986341086646,22.54267874059992,24.31424150686455,1768.9507462898937,22410.55425668687,32789.97684980418,22.960986675413785,295.4082920056353,430.33997743034655,53013414.016751714,42544988.655126594,18202838.639359653,21074114.606961463,55063391.24055437,239126.56408446238,276835.0331151397,722186.3587169661,170102.23333333334
34.2548625,73577.16099250001,11472.524365625,2147.9333333333334,1880.0,267.93333333333334,334.9166666666667,0.6042105266374225,2094.9833333333336,3908.0,0.0,2.987420255012056,22.54267874059992,24.31424150686455,2416.465258044227,27933.510548133854,35802.916609863154,31.48608558949742,366.94856201019456,470.6324904845035,53013414.016751714,42544988.655126594,18202838.639359653,21074114.606961463,55063391.24055437,239126.56408446238,276835.0331151397,722186.3587169661,170102.23333333334
35.510400249999996,77677.81686686666,13647.830496083332,2187.4666666666667,1880.0,307.4666666666667,384.3333333333333,0.47228070207601897,2331.2,4134.333333333333,0.0,4.984897117165479,24.31424150686455,25.11795777038495,3298.557755502426,33162.795219576095,42621.6919898456,43.02887290056596,435.32573560248153,559.6685523523728,53013414.016751714,42544988.655126594,18202838.639359653,21074114.606961463,55063391.24055437,239126.56408446238,276835.0331151397,722186.3587169661,170102.23333333334
34.74804208333333,98160.90234927778,41043.22904076389,2824.9333333333334,1880.0,944.9333333333334,1181.1666666666667,0.34035087751461546,2781.4833333333336,4425.25,0.0,7.975883779865536,25.11795777038495,32.32072417038805,6424.247419509101,40275.25610146216,75592.59508573092,84.7507466979572,528.916287392,993.6801856095,53013414.016751714,42544988.655126594,18202838.639359653,21074114.606961463,55063391.24055437,239126.56408446238,276835.0331151397,722186.3587169661,170102.23333333334
39.287655916666665,151147.4698426,96608.34589908333,3847.2,1880.0,1967.2,2459.0,0.20842105295321195,3100.966666666667,4489.166666666667,0.0,17.39733704012239,25.11795777038495,40.56336769416088,11067.561916449336,41880.71223561927,125364.47850449181,145.98451905453808,549.9573107859395,1644.663798204164,53013414.016751714,42544988.655126594,18202838.639359653,21074114.606961463,55063391.24055437,239126.56408446238,276835.0331151397,722186.3587169661,170102.23333333334
33.99224225,-10313.24629865,-12891.557873312498,-303.40000000000003,0.0,-303.40000000000003,-379.25,0.20842105295321195,4009.816666666667,4085.666666666667,0.0,22.542812225147,24.31424150686455,22.54267874059992,30228.736350239724,31979.502132908703,23389.28222534126,396.67921076770364,419.5013727083139,308.0860065200488,53013414.016751714,42544988.655126594,18202838.639359653,21074114.606961463,55063391.24055437,239126.56408446238,276835.0331151397,722186.3587169661,170102.23333333334
48.728468416666665,-552.2559753888781,-115202.22074840276,-11.333333333333258,1880.0,-1891.3333333333333,-2364.1666666666665,0.07649122839180844,0.0,1886.333333333333,-466.5,0.0,2.726986341086646,0.0,0.0,1802.0381805617449,0.0,0.0,23.3891556897846,0.0,53013414.016751714,42544988.655126594,18202838.639359653,21074114.606961463,55063391.24055437,239126.56408446238,276835.0331151397,722186.3587169661,170102.23333333334
34.62153941666667,-28940.14479839167,-68438.12804189585,-835.9000000000001,745.5,-1581.4,-1976.75,0.024175438918124223,382.1500000000001,1523.0,0.0,0.05450289857695256,2.452441325406859,0.0,7.323173709395767,840.5545509748653,0.0,0.09461911660131406,10.827067114762002,0.0,53013414.016751714,42544988.655126594,18202838.639359653,21074114.606961463,55063391.24055437,239126.56408446238,276835.0331151397,722186.3587169661,170102.23333333334
15.574570000000001,-62517.362284666684,-50501.84110583334,-4014.066666666667,-1420.0,-2594.066666666667,-3242.5833333333335,0.11410877225145756,1513.75,1513.75,771.4833333333336,2.452441325406859,2.452441325406859,0.0,817.8694687148518,817.8694687148518,0.0,10.523118673671767,10.523118673671767,0.0,53013414.016751714,42544988.655126594,18202838.639359653,21074114.606961463,55063391.24055437,239126.56408446238,276835.0331151397,722186.3587169661,170102.23333333334
10.437827166666667,-42334.43527771111,-34390.90087630555,-4055.866666666667,-1420.0,-2635.866666666667,-3294.8333333333335,0.2040421055847909,1115.25,1115.25,761.0333333333333,0.2329054940317283,0.2329054940317283,0.0,105.98345923481182,105.98345923481182,0.0,1.3818330801846335,1.3818330801846335,0.0,53013414.016751714,42544988.655126594,18202838.639359653,21074114.606961463,55063391.24055437,239126.56408446238,276835.0331151397,722186.3587169661,170102.23333333334
6.296773416666667,-29197.718548188896,-25320.37537065278,-4636.933333333333,-1420.0,-3216.9333333333334,-4021.1666666666665,0.2939754389181243,1207.0166666666669,1087.25,496.0,1.814173378373551,0.2329054940317283,0.0,199.3304632727491,99.46210540192342,0.0,2.55955126464818,1.2960326443233046,0.0,53013414.016751714,42544988.655126594,18202838.639359653,21074114.606961463,55063391.24055437,239126.56408446238,276835.0331151397,722186.3587169661,170102.23333333334
5.285723833333334,-23198.337141322227,-19615.761622486112,-4388.866666666667,-1420.0,-2968.866666666667,-3711.0833333333335,0.3839087722514576,1132.6166666666663,1065.833333333333,611.0,0.2329054940317283,0.2329054940317283,0.0,110.02825131449609,94.47404607141051,0.0,1.4350497790938617,1.2304055252269894,0.0,53013414.016751714,42544988.655126594,18202838.639359653,21074114.606961463,55063391.24055437,239126.56408446238,276835.0331151397,722186.3587169661,170102.23333333334
5.927660500000001,-27918.88577763334,-24377.009834541674,-4709.933333333334,-1420.0,-3289.933333333334,-4112.416666666667,0.4738421055847909,984.6666666666666,984.6666666666666,597.5166666666673,0.2329054940317283,0.2329054940317283,0.0,75.56988347250196,75.56988347250196,0.0,0.9816864046051614,0.9816864046051614,0.0,53013414.016751714,42544988.655126594,18202838.639359653,21074114.606961463,55063391.24055437,239126.56408446238,276835.0331151397,722186.3587169661,170102.23333333334
14.8857975,-48787.705113,-34562.340828750006,-3277.466666666667,-1420.0,-1857.466666666667,-2321.8333333333335,0.5637754389181242,1541.0500000000002,855.4166666666666,270.0,2.452441325406859,0.1553934958319514,0.0,884.8211168984595,50.97665957426856,0.0,11.420177316024574,0.6606470968609507,0.0,53013414.016751714,42544988.655126594,18202838.639359653,21074114.606961463,55063391.24055437,239126.56408446238,276835.0331151397,722186.3587169661,170102.23333333334
21.93934775,-51928.97350106666,-25968.874620083334,-2366.9333333333334,-1420.0,-946.9333333333334,-1183.6666666666667,0.6537087722514575,1785.85,937.5833333333334,335.0,2.726986341086646,0.2329054940317283,0.0,1528.0215030548889,64.60391646184144,0.0,19.843234003463618,0.8374088859692959,0.0,53013414.016751714,42544988.655126594,18202838.639359653,21074114.606961463,55063391.24055437,239126.56408446238,276835.0331151397,722186.3587169661,170102.23333333334
18.995533333333334,-54429.80121333334,-34320.17985,-2865.4,-1420.0,-1445.4,-1806.75,0.7436421055847908,2381.983333333333,1383.333333333333,60.0,6.726867748451722,1.814173378373551,0.0,3623.099210474694,519.199466102978,0.0,47.34335239317234,6.572653854602507,0.0,53013414.016751714,42544988.655126594,18202838.639359653,21074114.606961463,55063391.24055437,239126.56408446238,276835.0331151397,722186.3587169661,170102.23333333334
29.649451,3755.5971266666675,57322.27193333333,126.66666666666674,-1420.0,1546.6666666666667,1933.3333333333333,0.8335754389181241,3753.4999999999995,1948.833333333333,2.0,22.54267874059992,2.987420255012056,22.54267874059992,24450.666682711155,1979.8537877742133,27351.158014001674,321.8343917420132,25.713878828726326,359.40520020699256,53013414.016751714,42544988.655126594,18202838.639359653,21074114.606961463,55063391.24055437,239126.56408446238,276835.0331151397,722186.3587169661,170102.23333333334
31.74153983333333,138727.4578929111,173409.3223661389,4370.533333333334,0.0,4370.533333333334,5463.166666666667,0.8335754389181241,3447.4666666666662,2359.833333333333,5.0,20.46319657202558,6.726867748451722,42.67864751735718,17696.3367289669,3474.0990898464875,161807.25020695545,233.6610440578672,45.354542375388476,2119.4026705274996,53013414.016751714,42544988.655126594,18202838.639359653,21074114.606961463,55063391.24055437,239126.56408446238,276835.0331151397,722186.3587169661,170102.23333333334
35.0531115,156315.84542310002,195394.806778875,4459.400000000001,0.0,4459.400000000001,5574.25,0.8335754389181241,3965.9333333333325,2851.083333333333,0.0,22.54267874059992,7.975883779865536,44.00734847810429,29239.483069839258,6979.368930587738,187761.11738546067,383.8651591895037,92.17447319534375,2461.811481742247,53013414.016751714,42544988.655126594,18202838.639359653,21074114.606961463,55063391.24055437,239126.56408446238,276835.0331151397,722186.3587169661,170102.23333333334
55.82661791666666,324925.80337311106,274964.7021122222,5820.266666666666,1880.0,3940.2666666666664,4925.333333333333,0.7016456143567207,2267.3166666666666,3162.25,0.0,4.444041173682934,18.00995923074696,42.78347782358002,2990.7517591550536,12162.902568298257,173110.82690385095,39.03225913960268,160.54314708108265,2268.4119643057534,53013414.016751714,42544988.655126594,18202838.639359653,21074114.606961463,55063391.24055437,239126.56408446238,276835.0331151397,722186.3587169661,170102.23333333334
55.00547741666667,209493.8612891167,132604.45468222917,3808.6000000000004,1880.0,1928.6000000000001,2410.75,0.5697157897953171,2236.2333333333327,3634.083333333333,0.0,4.444041173682934,22.50723964962192,36.52773791953202,2852.6161460064063,21758.848748291704,90296.96242775033,37.24119542960102,286.9060252330809,1186.4244725943895,53013414.016751714,42544988.655126594,18202838.639359653,21074114.606961463,55063391.24055437,239126.56408446238,276835.0331151397,722186.3587169661,170102.23333333334
37.559897916666664,103923.22954902778,41638.27683211805,2766.866666666667,1880.0,886.8666666666667,1108.5833333333333,0.4377859652339136,2186.9666666666662,3845.25,0.0,2.987420255012056,22.54267874059992,30.11596286407184,2691.2581311677504,26518.95745716121,54830.52572326744,35.118975213479104,348.6254928559656,720.595722082259,53013414.016751714,42544988.655126594,18202838.639359653,21074114.606961463,55063391.24055437,239126.56408446238,276835.0331151397,722186.3587169661,170102.23333333334
48.12236516666667,114274.57648244445,29755.662461388893,2374.666666666667,1880.0,494.66666666666674,618.3333333333334,0.3058561406725101,2424.8333333333335,4181.166666666667,0.0,6.726867748451722,24.31424150686455,28.60500407516702,3911.3454934958527,34301.51219681427,50266.70076506108,51.190779447891934,450.5539752369378,660.0645611668915,53013414.016751714,42544988.655126594,18202838.639359653,21074114.606961463,55063391.24055437,239126.56408446238,276835.0331151397,722186.3587169661,170102.23333333334
40.20787791666667,94346.4452688611,23444.543481909725,2346.4666666666667,1880.0,466.4666666666667,583.0833333333334,0.1739263161111066,2506.5333333333338,4269.916666666667,0.0,6.726867748451722,24.31424150686455,29.74892242460735,4460.93058854436,36459.4011305485,51822.290946013185,58.52648050671549,479.41176030935003,680.4844921686293,53013414.016751714,42544988.655126594,18202838.639359653,21074114.606961463,55063391.24055437,239126.56408446238,276835.0331151397,722186.3587169661,170102.23333333334
37.22349875,63096.31194783333,-8604.832127708332,1695.0666666666666,1880.0,-184.93333333333334,-231.16666666666666,0.041996491549703086,2289.8499999999995,4216.083333333333,0.0,4.984897117165479,24.31424150686455,22.542812225147,3092.4322597076316,35150.48446276227,29667.42032583355,40.351008103967374,461.9074136832669,389.40834027284,53013414.016751714,42544988.655126594,18202838.639359653,21074114.606961463,55063391.24055437,239126.56408446238,276835.0331151397,722186.3587169661,170102.23333333334
35.99188825,12099.872964845836,-11799.340697958334,336.1833333333334,598.45,-262.26666666666665,-327.8333333333333,3.216329078070679e-10,3683.9000000000005,4347.916666666667,0.0,22.54267874059992,24.65932766745755,22.542812225147,22881.696242365422,38364.94302693255,30460.17588908456,301.5111150386775,504.47355767676333,399.67710650052544,53013414.016751714,42544988.655126594,18202838.639359653,21074114.606961463,55063391.24055437,239126.56408446238,276835.0331151397,722186.3587169661,170102.23333333334
35.95231516666667,-1028.2362137666669,-1285.2952672083336,-28.6,0.0,-28.6,-35.75,3.216329078070679e-10,4408.516666666667,4415.666666666667,0.0,24.65932766745755,24.65932766745755,24.65932766745755,39859.298283580494,40035.612476402806,39154.041512291195,523.545107170167,525.7952982407581,514.5443428878015,53013414.016751714,42544988.655126594,18202838.639359653,21074114.606961463,55063391.24055437,239126.56408446238,276835.0331151397,722186.3587169661,170102.23333333334
31.814853,20690.259401,25862.82425125,650.3333333333334,0.0,650.3333333333334,812.9166666666666,3.216329078070679e-10,4486.916666666666,4324.333333333333,0.0,25.11795777038495,24.65932766745755,32.32072417038805,41824.19683063588,37783.393882775,60428.788662457184,549.2166228698553,497.0515987842533,794.7511910166245,53013414.016751714,42544988.655126594,18202838.639359653,21074114.606961463,55063391.24055437,239126.56408446238,276835.0331151397,722186.3587169661,170102.23333333334
23.17098333333333,36704.382332222216,45880.47791527777,1584.0666666666666,0.0,1584.0666666666666,1980.0833333333333,3.216329078070679e-10,3945.7666666666664,3549.75,0.0,22.54267874059992,21.87279216787323,32.32072417038805,28784.87238190384,19887.040718616074,73117.36629301535,377.9764702979721,262.30000921619427,961.2084722825277,53013414.016751714,42544988.655126594,18202838.639359653,21074114.606961463,55063391.24055437,239126.56408446238,276835.0331151397,722186.3587169661,170102.23333333334
-3.1257982500000003,7728.848752950002,4112.7690474375,-2472.6000000000004,-1420.0,-1052.6000000000001,-1315.75,0.08993333365496625,2054.2666666666673,1748.416666666667,851.0,2.987420255012056,2.726986341086646,0.05450289857695256,2294.8274633276537,1425.9413143535464,10.076478469174832,29.877977354058537,18.52226201681959,0.13024834598100063,53013414.016751714,42544988.655126594,18202838.639359653,21074114.606961463,55063391.24055437,239126.56408446238,276835.0331151397,722186.3587169661,170102.23333333334
-17.28753891666667,72167.40745892223,59523.87774656945,-4174.533333333333,-1420.0,-2754.5333333333333,-3443.1666666666665,0.1798666669882996,1490.583333333333,1490.583333333333,731.3666666666663,2.452441325406859,2.452441325406859,0.0,761.0545780095922,761.0545780095922,0.0,9.761878433824144,9.761878433824144,0.0,53013414.016751714,42544988.655126594,18202838.639359653,21074114.606961463,55063391.24055437,239126.56408446238,276835.0331151397,722186.3587169661,170102.23333333334
-17.6081425,84036.6208955,73791.32318187499,-4772.6,-1420.0,-3352.6000000000004,-4190.75,0.2698000003216329,1254.416666666667,1254.416666666667,581.8500000000004,1.814173378373551,1.814173378373551,0.0,285.3222814076556,285.3222814076556,0.0,3.638411626292018,3.638411626292018,0.0,53013414.016751714,42544988.655126594,18202838.639359653,21074114.606961463,55063391.24055437,239126.56408446238,276835.0331151397,722186.3587169661,170102.23333333334
-23.73502308333333,123805.04507241111,112626.64036759723,-5216.133333333333,-1420.0,-3796.1333333333337,-4745.166666666667,0.3597333336549663,1211.166666666667,1211.166666666667,470.96666666666624,1.814173378373551,1.814173378373551,0.0,206.85928279299952,206.85928279299952,0.0,2.654008448209826,2.654008448209826,0.0,53013414.016751714,42544988.655126594,18202838.639359653,21074114.606961463,55063391.24055437,239126.56408446238,276835.0331151397,722186.3587169661,170102.23333333334
-28.35097908333334,163477.4155903167,154023.7816149792,-5766.2,-1420.0,-4346.2,-5432.75,0.4496666669882996,1249.25,1249.25,333.4499999999998,1.814173378373551,1.814173378373551,0.0,275.94905228605836,275.94905228605836,0.0,3.520814329488358,3.520814329488358,0.0,53013414.016751714,42544988.655126594,18202838.639359653,21074114.606961463,55063391.24055437,239126.56408446238,276835.0331151397,722186.3587169661,170102.23333333334
-29.153667999999996,179815.93706826665,173022.1606353333,-6167.866666666667,-1420.0,-4747.866666666667,-5934.833333333333,0.5396000003216329,1256.666666666667,1256.666666666667,233.03333333333376,1.814173378373551,1.814173378373551,0.0,289.4041715089961,289.4041715089961,0.0,3.689623352319415,3.689623352319415,0.0,53013414.016751714,42544988.655126594,18202838.639359653,21074114.606961463,55063391.24055437,239126.56408446238,276835.0331151397,722186.3587169661,170102.23333333334
-29.052859666666667,180455.0588189111,173999.99761530553,-6211.266666666666,-1420.0,-4791.266666666666,-5989.083333333333,0.6295333336549662,1262.083333333333,1262.083333333333,222.1833333333334,1.814173378373551,1.814173378373551,0.0,299.230943975185,299.230943975185,0.0,3.8129108409038763,3.8129108409038763,0.0,53013414.016751714,42544988.655126594,18202838.639359653,21074114.606961463,55063391.24055437,239126.56408446238,276835.0331151397,722186.3587169661,170102.23333333334
-29.91839941666667,150595.26074377226,135138.91696513197,-5033.533333333334,-1420.0,-3613.5333333333338,-4516.916666666667,0.7194666669882995,1264.833333333333,1264.833333333333,516.6166666666668,1.814173378373551,1.814173378373551,0.0,304.21992076571235,304.21992076571235,0.0,3.8755029504929173,3.8755029504929173,0.0,53013414.016751714,42544988.655126594,18202838.639359653,21074114.606961463,55063391.24055437,239126.56408446238,276835.0331151397,722186.3587169661,170102.23333333334
-28.939338499999995,117223.61381733332,95162.19143416666,-4050.666666666667,-1420.0,-2630.666666666667,-3288.3333333333335,0.8094000003216328,1194.916666666667,1194.916666666667,762.3333333333339,1.814173378373551,1.814173378373551,0.0,177.37896539442931,177.37896539442931,0.0,2.284145982456401,2.284145982456401,0.0,53013414.016751714,42544988.655126594,18202838.639359653,21074114.606961463,55063391.24055437,239126.56408446238,276835.0331151397,722186.3587169661,170102.23333333334
-23.689412250000004,70760.27439075001,46401.63624468751,-2987.0,-1420.0,-1567.0,-1958.75,0.8993333336549661,1204.75,1204.75,1028.25,1.814173378373551,1.814173378373551,0.0,195.21833694843534,195.21833694843534,0.0,2.5079601925020567,2.5079601925020567,0.0,53013414.016751714,42544988.655126594,18202838.639359653,21074114.606961463,55063391.24055437,239126.56408446238,276835.0331151397,722186.3587169661,170102.23333333334
-18.16671,38177.946621999996,15476.523027499998,-2101.5333333333333,-1420.0,-681.5333333333333,-851.9166666666666,0.9892666669882995,907.4166666666666,907.4166666666666,1249.6166666666668,0.1553934958319514,0.1553934958319514,0.0005557935623911118,59.057121357530036,59.057121357530036,0.030846542712706707,0.7651097565864595,0.7651097565864595,0.00038857323279924583,53013414.016751714,42544988.655126594,18202838.639359653,21074114.606961463,55063391.24055437,239126.56408446238,276835.0331151397,722186.3587169661,170102.23333333334
14.541574083333336,18888.431566082654,26691.059229958337,1298.9262,-169.4738,1468.4,1835.5,1.0000000076549662,1710.9904666666669,1198.416666666667,24.0,2.726986341086646,1.814173378373551,17.39733704012239,1323.8805781547692,183.72857221873676,9901.070467909129,17.201541755914757,2.363808667387908,130.6520155878454,53013414.016751714,42544988.655126594,18202838.639359653,21074114.606961463,55063391.24055437,239126.56408446238,276835.0331151397,722186.3587169661,170102.23333333334
30.01064266666667,229629.4334282667,216511.78151866668,7651.6,1880.0,5771.6,7214.5,0.8680701830935627,975.3999999999996,1412.5,0.0,0.2329054940317283,1.814173378373551,44.03935801615658,73.41162589447454,572.1128563055406,196640.58684871127,0.9532905460701016,7.236509562365071,2577.2521634469954,53013414.016751714,42544988.655126594,18202838.639359653,21074114.606961463,55063391.24055437,239126.56408446238,276835.0331151397,722186.3587169661,170102.23333333334
33.91442775,259244.14668285,244356.2781410625,7644.066666666667,1880.0,5764.066666666667,7205.083333333333,0.7361403585321591,1291.5999999999995,1730.583333333333,0.0,1.814173378373551,2.726986341086646,44.21379948192787,352.7792948601773,1377.3100579374996,210249.78005104873,4.484732817159578,17.89294766877454,2754.4264440909383,53013414.016751714,42544988.655126594,18202838.639359653,21074114.606961463,55063391.24055437,239126.56408446238,276835.0331151397,722186.3587169661,170102.23333333334
26.497384999999998,167348.6511983333,146916.95924791665,6315.666666666667,1880.0,4435.666666666667,5544.583333333333,0.6042105339707555,1258.249999999999,2029.333333333333,0.0,1.814173378373551,2.987420255012056,42.34350629636665,292.2766126914187,2220.3411183026838,151237.09472649673,3.7256612335979264,28.893233219708684,1980.3898687079977,53013414.016751714,42544988.655126594,18202838.639359653,21074114.606961463,55063391.24055437,239126.56408446238,276835.0331151397,722186.3587169661,170102.23333333334
29.941198333333332,159526.70472,129046.56481666667,5328.0,1880.0,3448.0,4310.0,0.472280709409352,1331.166666666667,2349.166666666667,0.0,1.814173378373551,6.726867748451722,39.11723780573604,424.5600881978256,3402.3458338630066,113702.03424092232,5.385300503004347,44.39680090708028,1495.9675885736406,53013414.016751714,42544988.655126594,18202838.639359653,21074114.606961463,55063391.24055437,239126.56408446238,276835.0331151397,722186.3587169661,170102.23333333334
25.357536833333338,93941.22145522224,57836.31526069446,3704.666666666667,1880.0,1824.666666666667,2280.8333333333335,0.3403508848479485,1317.8333333333335,2741.666666666667,0.0,1.814173378373551,7.975883779865536,30.27619760479042,400.37110981951133,6106.674313674122,56900.08200315304,5.081823608027174,80.50379205182296,748.1267821456706,53013414.016751714,42544988.655126594,18202838.639359653,21074114.606961463,55063391.24055437,239126.56408446238,276835.0331151397,722186.3587169661,170102.23333333334
26.441541333333333,89353.01924302222,49553.65192044444,3379.2666666666664,1880.0,1499.2666666666667,1874.0833333333333,0.208421060286545,1572.6499999999999,3077.833333333333,0.0,2.452441325406859,17.39733704012239,30.11596286407184,962.3182627813155,10665.103519587825,54772.803461111296,12.458530909370662,140.69455762978788,719.8259966853657,53013414.016751714,42544988.655126594,18202838.639359653,21074114.606961463,55063391.24055437,239126.56408446238,276835.0331151397,722186.3587169661,170102.23333333334
27.933414499999998,71025.36193533333,23138.178344166667,2542.666666666667,1880.0,662.6666666666667,828.3333333333334,0.0764912357251415,1432.3333333333335,3146.666666666667,0.0,2.452441325406859,18.00995923074696,22.542812225147,618.1998708046438,11882.24737028579,29443.870771267524,7.8478247372288985,156.78990137084878,386.51264553090994,53013414.016751714,42544988.655126594,18202838.639359653,21074114.606961463,55063391.24055437,239126.56408446238,276835.0331151397,722186.3587169661,170102.23333333334
26.233902999999998,25142.577881980596,-4315.4770435,958.4001999999999,1090.0002,-131.6,-164.5,-6.380121667093341e-09,1767.3498,2890.25,0.0,2.726986341086646,16.36690594755028,7.975883779865536,1477.5717103475179,7454.563769973672,5979.724830177926,19.190386827667215,98.47276577429294,78.80607682073955,53013414.016751714,42544988.655126594,18202838.639359653,21074114.606961463,55063391.24055437,239126.56408446238,276835.0331151397,722186.3587169661,170102.23333333334
23.73814025,-5611.6963551,-7014.620443875,-236.4,0.0,-236.4,-295.5,-6.380121667093341e-09,2844.4,2903.5,0.0,7.975883779865536,16.36690594755028,6.726867748451722,6926.0634406589725,7671.425273778713,5143.483436087258,91.46161056951716,101.33701635098059,67.63699622399771,53013414.016751714,42544988.655126594,18202838.639359653,21074114.606961463,55063391.24055437,239126.56408446238,276835.0331151397,722186.3587169661,170102.23333333334
23.9916005,6317.788131666668,7897.235164583334,263.33333333333337,0.0,263.33333333333337,329.1666666666667,-6.380121667093341e-09,3014.4166666666665,2969.583333333333,21.0,17.39733704012239,17.39733704012239,18.7737340514465,9561.822395626734,8781.841784994576,14717.498399550586,126.19289824853871,115.94073957953465,194.660270731788,53013414.016751714,42544988.655126594,18202838.639359653,21074114.606961463,55063391.24055437,239126.56408446238,276835.0331151397,722186.3587169661,170102.23333333334
21.694348416666667,27723.93098660556,34654.913733256944,1277.9333333333334,0.0,1277.9333333333334,1597.4166666666667,-6.380121667093341e-09,3233.4833333333336,2914.0,0.0,18.7737340514465,16.36690594755028,25.11795777038495,13492.199357126192,7843.277786227991,42439.586796010335,178.2897466189366,103.60679982684628,557.281891289436,53013414.016751714,42544988.655126594,18202838.639359653,21074114.606961463,55063391.24055437,239126.56408446238,276835.0331151397,722186.3587169661,170102.23333333334
14.2963325,20735.300107128085,28947.690590416667,1450.3929666666668,-169.4737,1619.8666666666668,2024.8333333333333,0.010733327953211665,3492.4403666666667,2918.0,0.0,21.16951077001569,16.36690594755028,30.11596286407184,18640.117013779673,7908.745410018191,54499.25013176265,246.0761639472061,104.47147924622368,716.1781676305238,53013414.016751714,42544988.655126594,18202838.639359653,21074114.606961463,55063391.24055437,239126.56408446238,276835.0331151397,722186.3587169661,170102.23333333334
-9.518603416666666,24304.167390555558,13484.688173611112,-2553.3333333333335,-1420.0,-1133.3333333333335,-1416.6666666666667,0.100666661286545,1632.583333333333,1632.583333333333,1136.6666666666667,2.726986341086646,2.726986341086646,0.0005557935623911118,1110.0653965110082,1110.0653965110082,0.12000509334628068,14.434659475779444,14.434659475779444,0.0015117015708451115,53013414.016751714,42544988.655126594,18202838.639359653,21074114.606961463,55063391.24055437,239126.56408446238,276835.0331151397,722186.3587169661,170102.23333333334
-21.586203083333334,90662.05295000001,75012.05571458333,-4200.0,-1420.0,-2780.0,-3475.0,0.19059999461987834,1208.333333333333,1208.333333333333,725.0,1.814173378373551,1.814173378373551,0.0,201.71912488760668,201.71912488760668,0.0,2.589519608027164,2.589519608027164,0.0,53013414.016751714,42544988.655126594,18202838.639359653,21074114.606961463,55063391.24055437,239126.56408446238,276835.0331151397,722186.3587169661,170102.23333333334
-24.435788833333337,120339.74379381113,107051.15456309724,-4924.733333333334,-1420.0,-3504.7333333333336,-4380.916666666667,0.2805333279532117,916.0833333333334,916.0833333333334,543.8166666666666,0.1553934958319514,0.1553934958319514,0.0,60.40386498807362,60.40386498807362,0.0,0.7825201998740444,0.7825201998740444,0.0,53013414.016751714,42544988.655126594,18202838.639359653,21074114.606961463,55063391.24055437,239126.56408446238,276835.0331151397,722186.3587169661,170102.23333333334
-24.648249916666668,139762.14989414444,130952.04376559722,-5670.266666666666,-1420.0,-4250.266666666666,-5312.833333333333,0.37046666128654504,920.5833333333334,920.5833333333334,357.4333333333334,0.1553934958319514,0.1553934958319514,0.0,61.10313571931741,61.10313571931741,0.0,0.7915602377349058,0.7915602377349058,0.0,53013414.016751714,42544988.655126594,18202838.639359653,21074114.606961463,55063391.24055437,239126.56408446238,276835.0331151397,722186.3587169661,170102.23333333334
-28.026915416666668,166954.46667605557,158945.30848048613,-5956.933333333333,-1420.0,-4536.933333333333,-5671.166666666667,0.46039999461987835,913.9166666666666,913.9166666666666,285.7666666666664,0.1553934958319514,0.1553934958319514,0.0,60.06717908043771,60.06717908043771,0.0,0.778167589052148,0.778167589052148,0.0,53013414.016751714,42544988.655126594,18202838.639359653,21074114.606961463,55063391.24055437,239126.56408446238,276835.0331151397,722186.3587169661,170102.23333333334
-30.5112115,182662.48692743335,174170.70824679168,-5986.733333333334,-1420.0,-4566.733333333334,-5708.416666666667,0.5503333279532117,917.4166666666666,917.4166666666666,278.3166666666666,0.1553934958319514,0.1553934958319514,0.0,60.61105631584954,60.61105631584954,0.0,0.7851987296105958,0.7851987296105958,0.0,53013414.016751714,42544988.655126594,18202838.639359653,21074114.606961463,55063391.24055437,239126.56408446238,276835.0331151397,722186.3587169661,170102.23333333334
-29.259229750000003,164352.99473638338,153506.1106142292,-5617.133333333334,-1420.0,-4197.133333333334,-5246.416666666667,0.640266661286545,903.5833333333334,903.5833333333334,370.71666666666715,0.1553934958319514,0.1553934958319514,0.0,58.46144629017422,58.46144629017422,0.0,0.757408983593874,0.757408983593874,0.0,53013414.016751714,42544988.655126594,18202838.639359653,21074114.606961463,55063391.24055437,239126.56408446238,276835.0331151397,722186.3587169661,170102.23333333334
-27.70793966666667,126024.94558388891,108349.5890715278,-4548.333333333334,-1420.0,-3128.3333333333335,-3910.4166666666665,0.7301999946198783,890.0833333333334,890.0833333333334,637.9166666666679,0.1553934958319514,0.1553934958319514,0.0,56.36363409644288,56.36363409644288,0.0,0.7302888700112901,0.7302888700112901,0.0,53013414.016751714,42544988.655126594,18202838.639359653,21074114.606961463,55063391.24055437,239126.56408446238,276835.0331151397,722186.3587169661,170102.23333333334
-27.71989033333334,91782.40488635558,65525.2007662778,-3311.0666666666666,-1420.0,-1891.0666666666668,-2363.8333333333335,0.8201333279532116,752.4166666666666,752.4166666666666,947.2333333333336,0.1553934958319514,0.1553934958319514,0.0,34.971129503577565,34.971129503577565,0.0,0.4537306747123468,0.4537306747123468,0.0,53013414.016751714,42544988.655126594,18202838.639359653,21074114.606961463,55063391.24055437,239126.56408446238,276835.0331151397,722186.3587169661,170102.23333333334
-22.698544166666665,61414.69433361111,36478.45202118055,-2705.666666666667,-1420.0,-1285.6666666666667,-1607.0833333333333,0.9100666612865449,748.0833333333334,748.0833333333334,1098.583333333334,0.1553934958319514,0.1553934958319514,0.0,34.297757688305786,34.297757688305786,0.0,0.44502545306855457,0.44502545306855457,0.0,53013414.016751714,42544988.655126594,18202838.639359653,21074114.606961463,55063391.24055437,239126.56408446238,276835.0331151397,722186.3587169661,170102.23333333334
-11.792407583333334,19827.75411061667,3853.169177854167,-1681.4,-1420.0,-261.40000000000003,-326.75,0.9999999946198782,892.9166666666666,892.9166666666666,1354.65,0.1553934958319514,0.1553934958319514,0.06435851962640775,56.803915667966734,56.803915667966734,17.985017779871356,0.7359807457014618,0.7359807457014618,0.23306197664449277,53013414.016751714,42544988.655126594,18202838.639359653,21074114.606961463,55063391.24055437,239126.56408446238,276835.0331151397,722186.3587169661,170102.23333333334
24.56192808333333,53906.88229542777,67383.60286928472,2194.733333333333,0.0,2194.733333333333,2743.4166666666665,0.9999999946198782,1993.6833333333334,1469.0,24.0,2.987420255012056,2.452441325406859,24.31424150686455,2113.839586211505,708.1227194028949,35061.33224390376,27.48523341798794,9.052665404613606,460.7151671638432,53013414.016751714,42544988.655126594,18202838.639359653,21074114.606961463,55063391.24055437,239126.56408446238,276835.0331151397,722186.3587169661,170102.23333333334
31.841638749999998,189285.80571325,236607.25714156247,5944.6,0.0,5944.6,7430.75,0.9999999946198782,3544.7333333333327,2065.583333333333,7.0,21.87279216787323,2.987420255012056,44.30997890012151,19777.31221124056,2328.6351025468707,235090.28844259825,260.8758752849301,30.3249300727908,3084.238833556805,53013414.016751714,42544988.655126594,18202838.639359653,21074114.606961463,55063391.24055437,239126.56408446238,276835.0331151397,722186.3587169661,170102.23333333334
34.60023558333333,274502.1223415611,261817.09930611803,7933.533333333334,1880.0,6053.533333333334,7566.916666666667,0.8680701700584748,2382.883333333333,2749.5,0.0,6.726867748451722,7.975883779865536,44.68551919450886,3629.1533914483007,6169.152069949732,271597.73133578326,47.42416182956086,81.3393168252357,3563.870850973416,53013414.016751714,42544988.655126594,18202838.639359653,21074114.606961463,55063391.24055437,239126.56408446238,276835.0331151397,722186.3587169661,170102.23333333334
37.22815991666666,252037.12451316108,227560.22983728469,6770.066666666667,1880.0,4890.066666666667,6112.583333333333,0.7361403454970712,2621.5999999999995,3279.083333333333,0.0,6.726867748451722,18.7737340514465,44.30997890012151,5234.968837466198,14348.281629872143,230452.51065105223,68.8581165960907,189.7273753147388,3024.223519901418,53013414.016751714,42544988.655126594,18202838.639359653,21074114.606961463,55063391.24055437,239126.56408446238,276835.0331151397,722186.3587169661,170102.23333333334
36.78775041666666,171342.62634066667,127727.06944666665,4657.6,1880.0,2777.6000000000004,3472.0,0.6042105209356676,2315.0666666666666,3500.666666666667,0.0,4.984897117165479,21.50912364945978,40.56336769416088,3218.1347486788236,18815.335609874568,126358.28101299876,41.984063096814495,248.34378941869335,1657.182706954851,53013414.016751714,42544988.655126594,18202838.639359653,21074114.606961463,55063391.24055437,239126.56408446238,276835.0331151397,722186.3587169661,170102.23333333334
33.39662516666667,37853.96140557778,47317.45175697222,1133.4666666666667,0.0,1133.4666666666667,1416.8333333333333,0.6042105209356676,4056.45,3773.083333333333,0.0,22.95067322431902,22.54267874059992,32.32072417038805,31284.04662065074,24892.127474714573,62131.01346876427,410.3324396514123,327.5527466573437,817.0821190064461,53013414.016751714,42544988.655126594,18202838.639359653,21074114.606961463,55063391.24055437,239126.56408446238,276835.0331151397,722186.3587169661,170102.23333333334
37.185653166666675,94964.72105703336,31319.616379625008,2553.8,1880.0,673.8000000000001,842.25,0.4722806963742641,2104.2,3815.75,0.0,2.987420255012056,22.54267874059992,28.02141170029222,2443.99931472792,25853.948434313512,46284.202851824804,31.850098628464952,340.0114603452126,607.6521126250195,53013414.016751714,42544988.655126594,18202838.639359653,21074114.606961463,55063391.24055437,239126.56408446238,276835.0331151397,722186.3587169661,170102.23333333334
37.09578975,66787.2598659,-3691.0310801250002,1800.4,1880.0,-79.60000000000001,-99.5,0.3403508718128606,1968.5166666666669,3868.416666666667,0.0,2.987420255012056,22.54267874059992,22.54267874059992,2038.6561764603687,27041.196181318446,24798.199646628756,26.491273763664267,355.39018505367574,326.3360753987629,53013414.016751714,42544988.655126594,18202838.639359653,21074114.606961463,55063391.24055437,239126.56408446238,276835.0331151397,722186.3587169661,170102.23333333334
38.036168249999996,62539.06783664999,-11211.1605916875,1644.2,1880.0,-235.8,-294.75,0.2084210472514571,1932.466666666667,3871.416666666667,0.0,2.987420255012056,22.54267874059992,21.98402279767005,1930.9596762671842,27108.82421754025,20475.790789843315,25.067475927702606,356.266188359854,269.94114813601135,53013414.016751714,42544988.655126594,18202838.639359653,21074114.606961463,55063391.24055437,239126.56408446238,276835.0331151397,722186.3587169661,170102.23333333334
34.41887750000001,70496.74489550001,7236.568994375001,2048.2,1880.0,168.20000000000002,210.25,0.0764912226900536,2010.8000000000002,3848.75,0.0,2.987420255012056,22.54267874059992,22.95067322431902,2164.974262909795,26597.856832753307,31342.570837372758,28.161257633213385,349.6474967131736,411.08456144725477,53013414.016751714,42544988.655126594,18202838.639359653,21074114.606961463,55063391.24055437,239126.56408446238,276835.0331151397,722186.3587169661,170102.23333333334
34.83940058333334,48503.41349211667,13160.583570354167,1392.2,1090.0,302.2,377.75,-5.380121848030939e-09,2835.133333333333,3849.583333333333,0.0,7.975883779865536,22.54267874059992,24.31424150686455,6852.153584298883,26616.642398370466,35424.019679714496,90.47320253969268,349.8908309648897,465.565442776953,53013414.016751714,42544988.655126594,18202838.639359653,21074114.606961463,55063391.24055437,239126.56408446238,276835.0331151397,722186.3587169661,170102.23333333334
29.250595250000003,61972.26113633335,77465.32642041668,2118.666666666667,0.0,2118.666666666667,2648.3333333333335,-5.380121848030939e-09,4137.583333333334,3607.916666666667,0.0,24.31424150686455,22.29799400873425,37.04540704776583,33241.81650447343,21171.21116358054,98127.74685578859,436.38249956288,279.037928984241,1290.8359199212232,53013414.016751714,42544988.655126594,18202838.639359653,21074114.606961463,55063391.24055437,239126.56408446238,276835.0331151397,722186.3587169661,170102.23333333334
28.487110833333332,77365.09524182048,102741.13914631944,2715.792966666667,-169.4737,2885.266666666667,3606.5833333333335,0.010733328953211484,4602.1237,3711.333333333333,0.0,27.24529959316326,22.54267874059992,41.78381289587958,44750.84964212418,23500.117062482528,140495.05727606016,587.6635604910967,309.52167860517415,1838.5472333458913,53013414.016751714,42544988.655126594,18202838.639359653,21074114.606961463,55063391.24055437,239126.56408446238,276835.0331151397,722186.3587169661,170102.23333333334
8.571403166666668,-15635.38222975556,-4329.987166361112,-1824.1333333333334,-1420.0,-404.1333333333334,-505.1666666666667,0.10066666228654482,3675.2999999999997,2720.333333333333,364.0,22.54267874059992,7.975883779865536,2.987420255012056,22687.829205196245,5936.522126370319,2775.503382359091,298.99990556096617,78.228320328486,36.23273662746299,53013414.016751714,42544988.655126594,18202838.639359653,21074114.606961463,55063391.24055437,239126.56408446238,276835.0331151397,722186.3587169661,170102.23333333334
-4.930616833333334,18683.42201265556,14602.432636652778,-3789.266666666667,-1420.0,-2369.266666666667,-2961.5833333333335,0.19059999561987817,1795.583333333333,1795.583333333333,827.6833333333334,2.726986341086646,2.726986341086646,0.0,1554.5641701081317,1554.5641701081317,0.0,20.186710245761084,20.186710245761084,0.0,53013414.016751714,42544988.655126594,18202838.639359653,21074114.606961463,55063391.24055437,239126.56408446238,276835.0331151397,722186.3587169661,170102.23333333334
-2.2078617499999997,9623.922177466666,8110.948115583332,-4358.933333333333,-1420.0,-2938.9333333333334,-3673.6666666666665,0.2805333289532115,1440.583333333333,1440.583333333333,685.2666666666669,2.452441325406859,2.452441325406859,0.0,638.4325117392492,638.4325117392492,0.0,8.118913887390445,8.118913887390445,0.0,53013414.016751714,42544988.655126594,18202838.639359653,21074114.606961463,55063391.24055437,239126.56408446238,276835.0331151397,722186.3587169661,170102.23333333334
-4.213427416666667,24190.41037972778,22759.17931007639,-5741.266666666666,-1420.0,-4321.266666666666,-5401.583333333333,0.3704666622865448,1215.833333333333,1215.833333333333,339.6833333333334,1.814173378373551,1.814173378373551,0.0,215.3254252254083,215.3254252254083,0.0,2.7602253614518215,2.7602253614518215,0.0,53013414.016751714,42544988.655126594,18202838.639359653,21074114.606961463,55063391.24055437,239126.56408446238,276835.0331151397,722186.3587169661,170102.23333333334
-5.52618575,32938.2775443,31363.867224125,-5960.400000000001,-1420.0,-4540.400000000001,-5675.5,0.4603999956198781,1229.75,1229.75,284.90000000000055,1.814173378373551,1.814173378373551,0.0,240.57267140777412,240.57267140777412,0.0,3.0769793705842483,3.0769793705842483,0.0,53013414.016751714,42544988.655126594,18202838.639359653,21074114.606961463,55063391.24055437,239126.56408446238,276835.0331151397,722186.3587169661,170102.23333333334
-7.284121916666666,45208.1742636,43580.90142741666,-6206.400000000001,-1420.0,-4786.400000000001,-5983.0,0.5503333289532114,1221.916666666667,1221.916666666667,223.40000000000055,1.814173378373551,1.814173378373551,0.0,226.36164661051518,226.36164661051518,0.0,2.8986866947851686,2.8986866947851686,0.0,53013414.016751714,42544988.655126594,18202838.639359653,21074114.606961463,55063391.24055437,239126.56408446238,276835.0331151397,722186.3587169661,170102.23333333334
-8.338670333333333,52679.82778651111,51048.64489147222,-6317.533333333334,-1420.0,-4897.533333333334,-6121.916666666667,0.6402666622865447,1316.166666666667,1316.166666666667,195.6166666666668,1.814173378373551,1.814173378373551,0.0,397.34748752222237,397.34748752222237,0.0,5.043888996155031,5.043888996155031,0.0,53013414.016751714,42544988.655126594,18202838.639359653,21074114.606961463,55063391.24055437,239126.56408446238,276835.0331151397,722186.3587169661,170102.23333333334
-8.200232833333333,44894.63471593333,41562.88011575,-5474.8,-1420.0,-4054.8,-5068.5,0.730199995619878,1229.083333333333,1229.083333333333,406.3000000000002,1.814173378373551,1.814173378373551,0.0,239.36322248885787,239.36322248885787,0.0,3.061805525835383,3.061805525835383,0.0,53013414.016751714,42544988.655126594,18202838.639359653,21074114.606961463,55063391.24055437,239126.56408446238,276835.0331151397,722186.3587169661,170102.23333333334
-6.345145416666668,27117.45947205556,22634.191225486113,-4273.733333333334,-1420.0,-2853.7333333333336,-3567.1666666666665,0.8201333289532113,1127.75,1127.75,706.5666666666671,0.2329054940317283,0.2329054940317283,0.0,108.89477791020843,108.89477791020843,0.0,1.4201368461941555,1.4201368461941555,0.0,53013414.016751714,42544988.655126594,18202838.639359653,21074114.606961463,55063391.24055437,239126.56408446238,276835.0331151397,722186.3587169661,170102.23333333334
-7.396302833333333,20644.067381544446,12676.64669776389,-2791.133333333333,-1420.0,-1371.1333333333334,-1713.9166666666667,0.9100666622865446,1246.166666666667,1246.166666666667,1077.2166666666665,1.814173378373551,1.814173378373551,0.0,270.3553510360738,270.3553510360738,0.0,3.4506352975248946,3.4506352975248946,0.0,53013414.016751714,42544988.655126594,18202838.639359653,21074114.606961463,55063391.24055437,239126.56408446238,276835.0331151397,722186.3587169661,170102.23333333334
1.9291977499999995,-3066.909969766666,-409.3114559583332,-1589.7333333333333,-1420.0,-169.73333333333335,-212.16666666666666,0.999999995619878,1964.3999999999996,1768.833333333333,1182.0,2.987420255012056,2.726986341086646,2.452441325406859,2026.357963077234,1481.6172854840638,923.1200755968953,26.328685661268253,19.242738723693545,11.933329909360683,53013414.016751714,42544988.655126594,18202838.639359653,21074114.606961463,55063391.24055437,239126.56408446238,276835.0331151397,722186.3587169661,170102.23333333334
38.152518,103980.87255720001,129976.0906965,2725.4,0.0,2725.4,3406.75,0.999999995619878,3353.766666666667,2768.416666666667,96.0,20.05144506726853,7.975883779865536,37.04540704776583,15795.275961764497,6320.029204785525,95123.9817676656,208.54279649299787,83.35702026741336,1250.7807628940182,53013414.016751714,42544988.655126594,18202838.639359653,21074114.606961463,55063391.24055437,239126.56408446238,276835.0331151397,722186.3587169661,170102.23333333334
48.891199750000006,389953.75975689257,457401.61926112504,7975.9499000000005,491.5499,7484.400000000001,9355.5,0.9655052657953166,4891.5500999999995,3513.0,1.0,29.74892242460735,21.87279216787323,46.68533312447788,52969.11488037402,19083.21560644673,388160.7800038414,695.8065549636043,251.8674001848419,5080.382787540674,53013414.016751714,42544988.655126594,18202838.639359653,21074114.606961463,55063391.24055437,239126.56408446238,276835.0331151397,722186.3587169661,170102.23333333334
48.87208616666666,437698.4037086667,432273.60214416665,8956.0,1880.0,7076.0,8845.0,0.8335754412339131,3865.333333333333,3976.333333333333,0.0,22.54267874059992,22.542812225147,46.68533312447788,26971.689588534915,29473.927854234367,385958.78845813684,354.48984832232566,386.90198263906836,5051.635677019841,53013414.016751714,42544988.655126594,18202838.639359653,21074114.606961463,55063391.24055437,239126.56408446238,276835.0331151397,722186.3587169661,170102.23333333334
56.214080833333334,419810.5032687222,392660.0391275694,7468.066666666667,1880.0,5588.066666666667,6985.083333333333,0.7016456166725096,3944.0166666666664,4427.0,0.0,22.54267874059992,25.11795777038495,45.41560198464936,28745.422694107787,40319.21252756033,320965.75802791194,377.4654683693681,529.4923779933986,4211.728990877272,53013414.016751714,42544988.655126594,18202838.639359653,21074114.606961463,55063391.24055437,239126.56408446238,276835.0331151397,722186.3587169661,170102.23333333334
65.87686058333334,346507.89487762784,278324.2462262014,5259.933333333334,1880.0,3379.933333333334,4224.916666666667,0.569715792111106,3463.7333333333327,4498.75,0.0,20.89355881015782,25.11795777038495,44.03935801615658,18035.760577966066,42121.42599758546,200897.72479027312,238.14299011710472,553.1120926507413,2632.341794800789,53013414.016751714,42544988.655126594,18202838.639359653,21074114.606961463,55063391.24055437,239126.56408446238,276835.0331151397,722186.3587169661,170102.23333333334
64.14176566666666,188230.42552539997,84554.88259008332,2934.6000000000004,1880.0,1054.6000000000001,1318.25,0.4377859675497025,3646.1499999999996,5262.5,0.0,22.54267874059992,32.32072417038805,38.65126493140946,22030.710119907755,64476.95936479829,110638.1555354778,290.4880734359339,847.8578124860901,1455.3119072460145,53013414.016751714,42544988.655126594,18202838.639359653,21074114.606961463,55063391.24055437,239126.56408446238,276835.0331151397,722186.3587169661,170102.23333333334
58.133928416666656,150105.6787670611,51017.36667965972,2582.0666666666666,1880.0,702.0666666666667,877.5833333333334,0.305856142988299,3992.266666666667,5696.75,0.0,22.542812225147,32.32072417038805,38.65126493140946,29833.109995688388,78512.2338357893,110390.14325216791,391.5545610815648,1031.9819671616626,1452.0551598195154,53013414.016751714,42544988.655126594,18202838.639359653,21074114.606961463,55063391.24055437,239126.56408446238,276835.0331151397,722186.3587169661,170102.23333333334
51.30582983333334,106852.94159955558,12997.476891111113,2082.6666666666665,1880.0,202.66666666666669,253.33333333333334,0.1739263184268955,4185.166666666667,6014.5,0.0,24.31424150686455,35.89767525127627,37.23840788708117,34398.76916284172,89203.63483769489,98557.5573904747,451.8546078035817,1172.0651960638766,1296.520953490919,53013414.016751714,42544988.655126594,18202838.639359653,21074114.606961463,55063391.24055437,239126.56408446238,276835.0331151397,722186.3587169661,170102.23333333334
44.83612258333333,-79342.00252346665,-19593.385568916663,-1769.6,-1420.0,-349.6,-437.0,0.26385965176022885,7319.766666666666,5987.166666666667,0.0,41.78381289587958,34.31500019415109,32.32072417038805,140572.35732991755,88224.98923932524,73774.5543511466,1839.5514715271104,1159.2786570675712,969.8299065064465,53013414.016751714,42544988.655126594,18202838.639359653,21074114.606961463,55063391.24055437,239126.56408446238,276835.0331151397,722186.3587169661,170102.23333333334
38.93788425,-67079.59112695,-14734.744364937502,-1722.7333333333333,-1420.0,-302.73333333333335,-378.4166666666667,0.35379298509356216,7266.4,5922.083333333333,0.0,41.46208207644711,34.31500019415109,32.32072417038805,138345.16488084206,85991.65464335588,73564.46964403904,1810.4900716400841,1129.4119253939734,967.0738742545377,53013414.016751714,42544988.655126594,18202838.639359653,21074114.606961463,55063391.24055437,239126.56408446238,276835.0331151397,722186.3587169661,170102.23333333334
56.19135108333333,112427.65524753332,8484.894013583333,2000.8,1880.0,120.80000000000001,151.0,0.22186316053215865,4158.366666666667,6008.166666666667,0.0,24.31424150686455,35.89767525127627,37.04540704776583,33747.14749045775,88976.28289443681,94531.25525490133,443.1403696070673,1169.094212118979,1242.8767647961524,53013414.016751714,42544988.655126594,18202838.639359653,21074114.606961463,55063391.24055437,239126.56408446238,276835.0331151397,722186.3587169661,170102.23333333334
49.5276605,99581.13966230834,45136.20793566667,2010.6166666666668,1281.55,729.0666666666667,911.3333333333334,0.13192982719882532,5447.466666666667,6546.75,0.0,32.32072417038805,38.65126493140946,42.01557585283346,70455.21597884774,109324.01252780987,146362.28623869474,926.284596926294,1438.0553754276837,1915.5258724801517,53013414.016751714,42544988.655126594,18202838.639359653,21074114.606961463,55063391.24055437,239126.56408446238,276835.0331151397,722186.3587169661,170102.23333333334
53.29560391666667,161840.98389361112,77056.56066284723,3036.666666666667,1880.0,1156.6666666666667,1445.8333333333333,2.6374218087266144e-09,5898.749999999999,7489.583333333333,0.0,33.74953782289809,42.01557585283346,44.21379948192787,85199.55842485817,147685.776878059,210238.72660117823,1119.1778611592085,1933.22511909987,2754.280452987813,53013414.016751714,42544988.655126594,18202838.639359653,21074114.606961463,55063391.24055437,239126.56408446238,276835.0331151397,722186.3587169661,170102.23333333334
21.150973999999998,-40750.87657333333,-13395.616866666665,-1926.6666666666667,-1420.0,-506.66666666666674,-633.3333333333334,0.08993333597075515,5777.416666666666,4748.083333333333,264.0,32.94471252566736,28.10812633230105,24.31424150686455,81157.31863929855,48812.784471970604,32686.641323400007,1067.553301975716,641.049691305493,428.9580553282874,53013414.016751714,42544988.655126594,18202838.639359653,21074114.606961463,55063391.24055437,239126.56408446238,276835.0331151397,722186.3587169661,170102.23333333334
7.36994,-17730.110322666667,-9080.994403333334,-2405.7333333333336,-1420.0,-985.7333333333335,-1232.1666666666667,0.17986666930408848,3119.75,3119.75,1173.5666666666668,17.85655799258229,17.85655799258229,2.726986341086646,11397.76309328212,11397.76309328212,1805.4469134881037,150.31964475428478,150.31964475428478,23.433266508572814,53013414.016751714,42544988.655126594,18202838.639359653,21074114.606961463,55063391.24055437,239126.56408446238,276835.0331151397,722186.3587169661,170102.23333333334
5.2292578333333335,-16934.777184655555,-11886.538826652779,-3238.466666666667,-1420.0,-1818.466666666667,-2273.0833333333335,0.2698000026374218,2625.25,2625.25,965.3833333333337,6.726867748451722,6.726867748451722,0.05450289857695256,5259.5219047480505,5259.5219047480505,5.688995133730126,69.18584375477747,69.18584375477747,0.07347197583785103,53013414.016751714,42544988.655126594,18202838.639359653,21074114.606961463,55063391.24055437,239126.56408446238,276835.0331151397,722186.3587169661,170102.23333333334
2.3871585000000004,-9960.020981500002,-8212.819889375001,-4172.333333333334,-1420.0,-2752.3333333333335,-3440.4166666666665,0.3597333359707552,2230.166666666667,2230.166666666667,731.9166666666674,4.444041173682934,4.444041173682934,0.0,2825.655629552734,2825.655629552734,0.0,36.89162589049084,36.89162589049084,0.0,53013414.016751714,42544988.655126594,18202838.639359653,21074114.606961463,55063391.24055437,239126.56408446238,276835.0331151397,722186.3587169661,170102.23333333334
2.943400833333333,-14254.69400911111,-12593.831032222222,-4842.933333333334,-1420.0,-3422.933333333334,-4278.666666666667,0.4496666693040885,1782.25,1782.25,564.2666666666673,2.726986341086646,2.726986341086646,0.0,1518.204352226977,1518.204352226977,0.0,19.7161948453536,19.7161948453536,0.0,53013414.016751714,42544988.655126594,18202838.639359653,21074114.606961463,55063391.24055437,239126.56408446238,276835.0331151397,722186.3587169661,170102.23333333334
2.5013563333333333,-11781.888601266666,-10287.453259916667,-4710.200000000001,-1420.0,-3290.2000000000003,-4112.75,0.5396000026374218,1734.833333333333,1734.833333333333,597.4500000000007,2.726986341086646,2.726986341086646,0.0,1388.8997498871179,1388.8997498871179,0.0,18.04292445265443,18.04292445265443,0.0,53013414.016751714,42544988.655126594,18202838.639359653,21074114.606961463,55063391.24055437,239126.56408446238,276835.0331151397,722186.3587169661,170102.23333333334
2.248143916666667,-12601.895786744444,-11761.914281347223,-5605.466666666666,-1420.0,-4185.466666666666,-5231.833333333333,0.6295333359707551,1642.0,1642.0,373.6333333333332,2.726986341086646,2.726986341086646,0.0,1135.744517889575,1135.744517889575,0.0,14.766960977317249,14.766960977317249,0.0,53013414.016751714,42544988.655126594,18202838.639359653,21074114.606961463,55063391.24055437,239126.56408446238,276835.0331151397,722186.3587169661,170102.23333333334
-0.8841504166666666,4783.076924083333,4409.479165520833,-5409.8,-1420.0,-3989.8,-4987.25,0.7194666693040884,1617.416666666667,1617.416666666667,422.5500000000002,2.452441325406859,2.452441325406859,0.0,1072.1058861153635,1072.1058861153635,0.0,13.92953183327765,13.92953183327765,0.0,53013414.016751714,42544988.655126594,18202838.639359653,21074114.606961463,55063391.24055437,239126.56408446238,276835.0331151397,722186.3587169661,170102.23333333334
0.025635333333333343,-126.32921364444451,-112.40880038888893,-4927.933333333334,-1420.0,-3507.933333333334,-4384.916666666667,0.8094000026374217,1661.833333333333,1661.833333333333,543.0166666666673,2.726986341086646,2.726986341086646,0.0,1189.8297469877928,1189.8297469877928,0.0,15.466852635423388,15.466852635423388,0.0,53013414.016751714,42544988.655126594,18202838.639359653,21074114.606961463,55063391.24055437,239126.56408446238,276835.0331151397,722186.3587169661,170102.23333333334
0.5212915833333334,-2122.907843966667,-1728.3422445416668,-4072.4,-1420.0,-2652.4,-3315.5,0.899333335970755,2053.5,2053.5,756.9000000000001,2.987420255012056,2.987420255012056,0.0,2292.5371077988093,2292.5371077988093,0.0,29.847697788430107,29.847697788430107,0.0,53013414.016751714,42544988.655126594,18202838.639359653,21074114.606961463,55063391.24055437,239126.56408446238,276835.0331151397,722186.3587169661,170102.23333333334
14.894901583333334,-26671.80376855556,-6901.304400277778,-1790.6666666666667,-1420.0,-370.6666666666667,-463.3333333333333,0.9892666693040884,3689.0833333333335,2812.75,451.0,22.54267874059992,7.975883779865536,6.726867748451722,22998.54246050419,6673.626719026228,3404.0275508001164,303.02465408435205,88.08573494247281,44.41924797274371,53013414.016751714,42544988.655126594,18202838.639359653,21074114.606961463,55063391.24055437,239126.56408446238,276835.0331151397,722186.3587169661,170102.23333333334
45.164292749999994,202847.89350449998,147423.77891812497,4491.333333333334,1880.0,2611.3333333333335,3264.1666666666665,0.8573368447426848,3062.1666666666656,4289.333333333333,0.0,17.39733704012239,24.31424150686455,42.16104933318046,10392.545239292562,36931.5026531401,150375.88394397963,137.11201891273797,485.7252475599339,1969.0132743474112,53013414.016751714,42544988.655126594,18202838.639359653,21074114.606961463,55063391.24055437,239126.56408446238,276835.0331151397,722186.3587169661,170102.23333333334
55.68997408333333,472893.2712610944,460245.1499805347,8491.533333333333,1880.0,6611.533333333333,8264.416666666666,0.7254070201812812,5445.716666666666,5672.833333333333,0.0,32.32072417038805,32.32072417038805,48.01217082003045,70398.65471154953,77739.22984938085,438312.04357700876,925.5425882430874,1021.8411818245124,5733.352917112784,53013414.016751714,42544988.655126594,18202838.639359653,21074114.606961463,55063391.24055437,239126.56408446238,276835.0331151397,722186.3587169661,170102.23333333334
56.93315075,430065.42967873334,403788.88283591665,7553.866666666667,1880.0,5673.866666666667,7092.333333333333,0.5934771956198777,6517.549999999999,6979.083333333333,0.0,38.65126493140946,40.56336769416088,48.01217082003045,108195.39559181269,126618.5626223696,444753.67649536283,1423.235059866058,1660.4614687705068,5816.711076434817,53013414.016751714,42544988.655126594,18202838.639359653,21074114.606961463,55063391.24055437,239126.56408446238,276835.0331151397,722186.3587169661,170102.23333333334
55.72349574999999,317883.9687551666,266404.74593145825,5704.666666666666,1880.0,3824.6666666666665,4780.833333333333,0.46154737105847415,6104.416666666667,7028.25,0.0,37.04540704776583,40.56336769416088,46.04017397596569,92503.01921903616,128612.92820066586,339098.06070377975,1215.830271305018,1685.5844489164433,4447.704645457178,53013414.016751714,42544988.655126594,18202838.639359653,21074114.606961463,55063391.24055437,239126.56408446238,276835.0331151397,722186.3587169661,170102.23333333334
53.696633916666656,210659.0544062722,137136.72830367356,3923.133333333333,1880.0,2043.1333333333332,2553.9166666666665,0.32961754649707065,5542.783333333333,6912.0,0.0,32.32072417038805,40.56336769416088,44.30997890012151,73535.91967102187,123897.43670621965,233742.52658438624,966.6993365382527,1626.183504334102,3066.798077598034,53013414.016751714,42544988.655126594,18202838.639359653,21074114.606961463,55063391.24055437,239126.56408446238,276835.0331151397,722186.3587169661,170102.23333333334
54.73166650000001,151402.3846500667,60633.56453758334,2766.2666666666664,1880.0,886.2666666666667,1107.8333333333333,0.19768772193566714,4525.066666666667,6183.5,0.0,25.11795777038495,37.04540704776583,41.78381289587958,42782.44691957608,95432.69349306362,139384.30424991137,561.7753979803449,1254.8974285699899,1824.1169639851307,53013414.016751714,42544988.655126594,18202838.639359653,21074114.606961463,55063391.24055437,239126.56408446238,276835.0331151397,722186.3587169661,170102.23333333334
52.63726066666667,136141.01098826667,46478.70116866667,2586.4,1880.0,706.4000000000001,883.0,0.06575789737426363,4727.4333333333325,6430.833333333333,0.0,28.10812633230105,38.65126493140946,41.78381289587958,48232.351663208574,104843.68673451064,140324.44004006864,633.4425695362122,1379.2224446450898,1836.3306715945519,53013414.016751714,42544988.655126594,18202838.639359653,21074114.606961463,55063391.24055437,239126.56408446238,276835.0331151397,722186.3587169661,170102.23333333334
43.885070750000004,4836.134796650001,6045.168495812501,110.2,0.0,110.2,137.75,0.06575789737426363,6595.05,6567.5,0.0,39.11723780573604,38.65126493140946,40.32284458053643,111193.9673436112,110126.02627513662,115521.71704826031,1462.6502113859988,1448.5869352874001,1519.6416481153394,53013414.016751714,42544988.655126594,18202838.639359653,21074114.606961463,55063391.24055437,239126.56408446238,276835.0331151397,722186.3587169661,170102.23333333334
44.69542358333334,23973.88475591597,-22384.957977986112,536.3834333333334,937.0501,-400.6666666666667,-500.8333333333333,-4.380122348157656e-09,5474.533233333334,6511.75,0.0,32.32072417038805,38.65126493140946,35.89767525127627,71330.0270143205,107971.21825521055,89075.00150137782,937.7609554927187,1420.2912985558723,1170.3842446213687,53013414.016751714,42544988.655126594,18202838.639359653,21074114.606961463,55063391.24055437,239126.56408446238,276835.0331151397,722186.3587169661,170102.23333333334
36.620646583333325,-10602.897874094444,-13253.622342618053,-289.53333333333336,0.0,-289.53333333333336,-361.9166666666667,-4.380122348157656e-09,6525.2,6597.583333333333,0.0,38.65126493140946,39.11723780573604,37.04540704776583,108491.077768538,111293.06434605239,97365.22889405538,1427.1177795251826,1463.9666245215644,1280.6677557015728,53013414.016751714,42544988.655126594,18202838.639359653,21074114.606961463,55063391.24055437,239126.56408446238,276835.0331151397,722186.3587169661,170102.23333333334
36.183783166666664,-5581.951616511111,-6977.439520638889,-154.26666666666668,0.0,-154.26666666666668,-192.83333333333334,-4.380122348157656e-09,6425.016666666666,6463.583333333333,0.0,38.65126493140946,38.65126493140946,37.29692804274028,104618.86521015962,106109.51566101432,98666.20159956432,1376.2702242506793,1395.8445451465702,1297.9321360315578,53013414.016751714,42544988.655126594,18202838.639359653,21074114.606961463,55063391.24055437,239126.56408446238,276835.0331151397,722186.3587169661,170102.23333333334
35.858118749999996,12151.121173749998,15188.901467187497,338.8666666666667,0.0,338.8666666666667,423.5833333333333,-4.380122348157656e-09,6522.5,6522.5,84.71666666666664,38.65126493140946,38.65126493140946,40.56336769416088,108386.71935322319,108386.71935322319,125279.9714884623,1425.7474078807859,1425.7474078807859,1643.5992651471324,53013414.016751714,42544988.655126594,18202838.639359653,21074114.606961463,55063391.24055437,239126.56408446238,276835.0331151397,722186.3587169661,170102.23333333334
36.874507333333334,57062.07094808889,71327.58868511111,1547.4666666666667,0.0,1547.4666666666667,1934.3333333333333,-4.380122348157656e-09,6672.366666666667,6471.5,186.0,39.39585070078422,38.65126493140946,44.00734847810429,114222.05018307615,106415.50484172131,186902.97409013772,1502.7237204963126,1399.8626101532896,2450.521024169026,53013414.016751714,42544988.655126594,18202838.639359653,21074114.606961463,55063391.24055437,239126.56408446238,276835.0331151397,722186.3587169661,170102.23333333334
14.742725499999999,-23864.54119103333,-3662.3387262916663,-1618.7333333333333,-1420.0,-198.73333333333335,-248.41666666666666,0.08993332895321099,5509.15,4450.833333333333,312.0,32.32072417038805,25.11795777038495,24.31424150686455,72448.86598142449,40917.857187754504,34818.189828835115,952.4386363219678,537.3381833267318,457.46358574723337,53013414.016751714,42544988.655126594,18202838.639359653,21074114.606961463,55063391.24055437,239126.56408446238,276835.0331151397,722186.3587169661,170102.23333333334
-2.6910235,9322.961214966668,6877.134806208333,-3464.466666666667,-1420.0,-2044.466666666667,-2555.5833333333335,0.17986666228654433,3098.666666666667,3098.666666666667,908.8833333333337,17.39733704012239,17.39733704012239,0.06435851962640775,11027.548041257052,11027.548041257052,16.49940861849512,145.45857188118393,145.45857188118393,0.21366727422787618,53013414.016751714,42544988.655126594,18202838.639359653,21074114.606961463,55063391.24055437,239126.56408446238,276835.0331151397,722186.3587169661,170102.23333333334
-5.1612098333333325,20332.070017433332,16253.940067624997,-3939.4,-1420.0,-2519.4,-3149.25,0.26979999561987766,2354.916666666667,2354.916666666667,790.1500000000001,6.726867748451722,6.726867748451722,0.0,3441.025323416604,3441.025323416604,0.0,44.9130834173402,44.9130834173402,0.0,53013414.016751714,42544988.655126594,18202838.639359653,21074114.606961463,55063391.24055437,239126.56408446238,276835.0331151397,722186.3587169661,170102.23333333334
-2.1813302499999994,10444.93634708333,9184.309240104165,-4788.333333333334,-1420.0,-3368.333333333334,-4210.416666666667,0.359733328953211,1866.916666666667,1866.916666666667,577.916666666667,2.726986341086646,2.726986341086646,0.0,1749.089195772314,1749.089195772314,0.0,22.70396763794121,22.70396763794121,0.0,53013414.016751714,42544988.655126594,18202838.639359653,21074114.606961463,55063391.24055437,239126.56408446238,276835.0331151397,722186.3587169661,170102.23333333334
-4.585815083333333,27594.989403455555,26353.914981402777,-6017.466666666666,-1420.0,-4597.466666666666,-5746.833333333333,0.4496666622865443,1717.5,1717.5,270.6333333333332,2.726986341086646,2.726986341086646,0.0,1341.6319866416168,1341.6319866416168,0.0,17.431254432124696,17.431254432124696,0.0,53013414.016751714,42544988.655126594,18202838.639359653,21074114.606961463,55063391.24055437,239126.56408446238,276835.0331151397,722186.3587169661,170102.23333333334
-6.86649775,41259.869446716664,39386.80330214583,-6008.866666666667,-1420.0,-4588.866666666667,-5736.083333333333,0.5395999956198776,1288.5,1288.5,272.78333333333376,1.814173378373551,1.814173378373551,0.0,347.15535738722025,347.15535738722025,0.0,4.414174439077399,4.414174439077399,0.0,53013414.016751714,42544988.655126594,18202838.639359653,21074114.606961463,55063391.24055437,239126.56408446238,276835.0331151397,722186.3587169661,170102.23333333334
-8.633594666666667,57931.99578631112,57090.36419955556,-6710.066666666667,-1420.0,-5290.066666666667,-6612.583333333333,0.6295333289532109,1298.666666666667,1298.666666666667,97.48333333333358,1.814173378373551,1.814173378373551,0.0,365.5994534006852,365.5994534006852,0.0,4.645575571497497,4.645575571497497,0.0,53013414.016751714,42544988.655126594,18202838.639359653,21074114.606961463,55063391.24055437,239126.56408446238,276835.0331151397,722186.3587169661,170102.23333333334
-15.407424750000002,94856.32405420003,91222.22613650002,-6156.533333333334,-1420.0,-4736.533333333334,-5920.666666666667,0.7194666622865442,1386.166666666667,1386.166666666667,235.8666666666668,1.814173378373551,1.814173378373551,0.0,524.339624008371,524.339624008371,0.0,6.637142694785169,6.637142694785169,0.0,53013414.016751714,42544988.655126594,18202838.639359653,21074114.606961463,55063391.24055437,239126.56408446238,276835.0331151397,722186.3587169661,170102.23333333334
-17.49746391666667,77771.56111920558,66156.45294692363,-4444.733333333334,-1420.0,-3024.7333333333336,-3780.9166666666665,0.8093999956198775,1674.0,1674.0,663.8166666666675,2.726986341086646,2.726986341086646,0.0,1223.0080808043476,1223.0080808043476,0.0,15.89619793829524,15.89619793829524,0.0,53013414.016751714,42544988.655126594,18202838.639359653,21074114.606961463,55063391.24055437,239126.56408446238,276835.0331151397,722186.3587169661,170102.23333333334
-16.060008749999998,51624.362793249995,36023.9379603125,-3214.466666666667,-1420.0,-1794.466666666667,-2243.0833333333335,0.8993333289532108,2116.833333333333,2116.833333333333,971.3833333333337,2.987420255012056,2.987420255012056,0.0,2481.7403906162385,2481.7403906162385,0.0,32.3490532099069,32.3490532099069,0.0,53013414.016751714,42544988.655126594,18202838.639359653,21074114.606961463,55063391.24055437,239126.56408446238,276835.0331151397,722186.3587169661,170102.23333333334
-5.32051625,9618.074575666666,2578.6768758333333,-1807.7333333333333,-1420.0,-387.73333333333335,-484.6666666666667,0.9892666622865441,3042.416666666667,3042.416666666667,1323.0666666666666,17.39733704012239,17.39733704012239,6.726867748451722,10048.947832750167,10048.947832750167,4805.458331727563,132.59573340241494,132.59573340241494,63.12513602563934,53013414.016751714,42544988.655126594,18202838.639359653,21074114.606961463,55063391.24055437,239126.56408446238,276835.0331151397,722186.3587169661,170102.23333333334
29.74108891666667,113547.51200531112,72042.83105247223,3817.866666666667,1880.0,1937.8666666666668,2422.3333333333335,0.8573368377251407,2774.0499999999997,4169.583333333333,0.0,7.975883779865536,24.31424150686455,39.11723780573604,6364.960016745429,34019.87223269307,111071.39999848654,83.95788701935695,446.7875600960312,1461.0220161920092,53013414.016751714,42544988.655126594,18202838.639359653,21074114.606961463,55063391.24055437,239126.56408446238,276835.0331151397,722186.3587169661,170102.23333333334
36.095645749999996,263349.0186392333,244361.50578654162,7295.866666666667,1880.0,5415.866666666667,6769.833333333333,0.7254070131637371,4782.216666666666,5308.25,0.0,28.37676391333295,32.32072417038805,46.04017397596569,49773.973058089876,65955.63249559354,351482.8675033145,653.6269276852173,867.2560394899069,4603.085441356543,53013414.016751714,42544988.655126594,18202838.639359653,21074114.606961463,55063391.24055437,239126.56408446238,276835.0331151397,722186.3587169661,170102.23333333334
33.82669191666667,247872.97791415558,230348.4963885278,7327.733333333334,1880.0,5447.733333333334,6809.666666666667,0.5934771886023336,5423.85,5941.916666666667,0.0,32.32072417038805,34.31500019415109,46.44253252838337,69691.90820969042,86672.2354805399,382708.41485392593,916.2710130776934,1138.5134390153773,5009.331746099376,53013414.016751714,42544988.655126594,18202838.639359653,21074114.606961463,55063391.24055437,239126.56408446238,276835.0331151397,722186.3587169661,170102.23333333334
32.374349083333335,194390.69992590556,166908.6545615486,6004.466666666666,1880.0,4124.466666666666,5155.583333333333,0.46154736404093005,5146.866666666667,5995.75,0.0,32.32072417038805,35.89767525127627,45.41560198464936,60739.60629322909,88530.55342673344,309123.63981041464,798.8287053995762,1163.2695199112184,4057.5815863567254,53013414.016751714,42544988.655126594,18202838.639359653,21074114.606961463,55063391.24055437,239126.56408446238,276835.0331151397,722186.3587169661,170102.23333333334
29.787031000000002,68061.38003293335,85076.72504116668,2284.9333333333334,0.0,2284.9333333333334,2856.1666666666665,0.46154736404093005,5799.983333333334,5444.75,216.0,32.94471252566736,32.32072417038805,43.39788809405341,81900.77098529447,70367.41134485151,182337.6306264704,1076.7671975057165,925.1327167799833,2390.1130686250426,53013414.016751714,42544988.655126594,18202838.639359653,21074114.606961463,55063391.24055437,239126.56408446238,276835.0331151397,722186.3587169661,170102.23333333334
28.845175916666665,27325.996651722224,34157.49581465278,947.3333333333335,0.0,947.3333333333335,1184.1666666666667,0.46154736404093005,5668.833333333333,5604.0,172.0,32.32072417038805,32.32072417038805,40.56336769416088,77609.94695269929,75514.4866689858,118874.33967342608,1020.1451619771842,992.655506951739,1562.9076594241676,53013414.016751714,42544988.655126594,18202838.639359653,21074114.606961463,55063391.24055437,239126.56408446238,276835.0331151397,722186.3587169661,170102.23333333334
32.276143166666664,81910.39612836666,26539.058718791664,2537.8,1880.0,657.8000000000001,822.25,0.32961753947952654,4264.2,5979.75,0.0,24.31424150686455,34.31500019415109,40.56336769416088,36320.40471660091,87970.4863212186,119435.46625986196,477.55293959952127,1155.8751498730126,1569.9761589228547,53013414.016751714,42544988.655126594,18202838.639359653,21074114.606961463,55063391.24055437,239126.56408446238,276835.0331151397,722186.3587169661,170102.23333333334
31.390918250000002,72366.53020566667,16689.504869583332,2305.3333333333335,1880.0,425.3333333333333,531.6666666666666,0.19768771491812304,4455.916666666666,6229.583333333333,0.0,25.11795777038495,37.04540704776583,40.56336769416088,41045.54013975395,97139.86933451482,117782.5090263249,539.0115893593658,1277.6625897581134,1549.1538923273245,53013414.016751714,42544988.655126594,18202838.639359653,21074114.606961463,55063391.24055437,239126.56408446238,276835.0331151397,722186.3587169661,170102.23333333334
31.222426333333335,54699.60944091112,-4998.190082194445,1751.9333333333334,1880.0,-128.0666666666667,-160.08333333333334,0.06575789035671953,4154.150000000001,6066.166666666667,0.0,24.31424150686455,37.04540704776583,33.74953782289809,33644.622438770486,91086.03239945912,85447.05503555948,441.7692861097303,1196.9347758523074,1122.355405450644,53013414.016751714,42544988.655126594,18202838.639359653,21074114.606961463,55063391.24055437,239126.56408446238,276835.0331151397,722186.3587169661,170102.23333333334
30.93396266666667,29553.792365688892,708.9033111111112,955.3833333333333,937.05,18.333333333333336,22.916666666666668,-4.380122570202261e-09,5282.033333333333,6214.5,0.0,32.32072417038805,37.04540704776583,37.04540704776583,65108.29084359319,96581.10111154437,97430.05835638901,856.1400427405429,1270.2114248846046,1281.5322554935271,53013414.016751714,42544988.655126594,18202838.639359653,21074114.606961463,55063391.24055437,239126.56408446238,276835.0331151397,722186.3587169661,170102.23333333334
30.277634916666667,18598.541874811115,23248.17734351389,614.2666666666668,0.0,614.2666666666668,767.8333333333334,-4.380122570202261e-09,6239.15,6212.583333333333,127.0,37.04540704776583,37.04540704776583,40.56336769416088,97494.27039527179,96510.0974147028,126672.64711262847,1282.388521954129,1269.264591779131,1661.1427699270066,53013414.016751714,42544988.655126594,18202838.639359653,21074114.606961463,55063391.24055437,239126.56408446238,276835.0331151397,722186.3587169661,170102.23333333334
28.048190333333334,45120.18884955556,56400.236061944444,1608.6666666666667,0.0,1608.6666666666667,2010.8333333333333,-4.380122570202261e-09,6363.583333333334,6038.416666666667,77.0,38.65126493140946,36.52773791953202,42.78347782358002,102244.3891678734,90062.57610943336,171470.79358728038,1345.090039798539,1183.2959525909498,2246.72996087157,53013414.016751714,42544988.655126594,18202838.639359653,21074114.606961463,55063391.24055437,239126.56408446238,276835.0331151397,722186.3587169661,170102.23333333334
20.16409608333333,25223.939927177777,67321.19545688888,1250.9333333333334,-1420.0,2670.9333333333334,3338.6666666666665,0.08993332895321077,7391.566666666666,5316.833333333333,13.0,41.82965662453434,32.32072417038805,44.03935801615658,143573.20832673166,66233.0520447227,197895.70855217174,1878.5996559191017,870.8954154122987,2593.494106484062,53013414.016751714,42544988.655126594,18202838.639359653,21074114.606961463,55063391.24055437,239126.56408446238,276835.0331151397,722186.3587169661,170102.23333333334
9.013854166666667,-14475.648868055556,-2094.969939236111,-1605.9333333333334,-1420.0,-185.93333333333334,-232.41666666666666,0.1798666622865441,5237.016666666666,3907.5,44.0,32.32072417038805,22.54267874059992,22.54267874059992,63653.31957718956,27922.239208763553,22682.94495813579,837.0527527087363,366.80256145916485,298.9366386555201,53013414.016751714,42544988.655126594,18202838.639359653,21074114.606961463,55063391.24055437,239126.56408446238,276835.0331151397,722186.3587169661,170102.23333333334
7.352532166666666,-22986.956565866665,-15682.951111499999,-3126.4,-1420.0,-1706.4,-2133.0,0.26979999561987744,3810.983333333333,3162.583333333333,345.0,22.54267874059992,18.00995923074696,0.2329054940317283,25746.494998983315,12168.905888041834,86.03122191276036,338.61958842539593,160.62343041178275,1.119324603799376,53013414.016751714,42544988.655126594,18202838.639359653,21074114.606961463,55063391.24055437,239126.56408446238,276835.0331151397,722186.3587169661,170102.23333333334
9.35219025,-35949.19584165,-28336.3571083125,-3843.9333333333334,-1420.0,-2423.9333333333334,-3029.9166666666665,0.35973332895321075,2551.433333333334,2501.416666666667,764.0,6.726867748451722,6.726867748451722,0.0,4762.966950449843,4426.511448564781,0.0,62.55797349987556,58.06706389613636,0.0,53013414.016751714,42544988.655126594,18202838.639359653,21074114.606961463,55063391.24055437,239126.56408446238,276835.0331151397,722186.3587169661,170102.23333333334
7.493926666666667,-36667.28358488889,-32532.38464777778,-4892.933333333334,-1420.0,-3472.933333333334,-4341.166666666667,0.44966666228654406,1784.166666666667,1784.166666666667,551.7666666666673,2.726986341086646,2.726986341086646,0.0,1523.431076047394,1523.431076047394,0.0,19.783831434162188,19.783831434162188,0.0,53013414.016751714,42544988.655126594,18202838.639359653,21074114.606961463,55063391.24055437,239126.56408446238,276835.0331151397,722186.3587169661,170102.23333333334
6.09684525,-32598.205726350003,-29925.856839187505,-5346.733333333334,-1420.0,-3926.7333333333336,-4908.416666666667,0.5395999956198774,1364.5,1364.5,438.3166666666666,1.814173378373551,1.814173378373551,0.0,485.0325341436101,485.0325341436101,0.0,6.1439927404472625,6.1439927404472625,0.0,53013414.016751714,42544988.655126594,18202838.639359653,21074114.606961463,55063391.24055437,239126.56408446238,276835.0331151397,722186.3587169661,170102.23333333334
4.950686083333333,-27948.27316911111,-26147.873663472223,-5645.333333333334,-1420.0,-4225.333333333334,-5281.666666666667,0.6295333289532107,1156.166666666667,1156.166666666667,363.66666666666697,0.2329054940317283,0.2329054940317283,0.0,115.51317569894344,115.51317569894344,0.0,1.5072140742558027,1.5072140742558027,0.0,53013414.016751714,42544988.655126594,18202838.639359653,21074114.606961463,55063391.24055437,239126.56408446238,276835.0331151397,722186.3587169661,170102.23333333334
3.8440388333333337,-21370.036951522223,-19889.377260236113,-5559.266666666666,-1420.0,-4139.266666666666,-5174.083333333333,0.719466662286544,1121.416666666667,1121.416666666667,385.1833333333334,0.2329054940317283,0.2329054940317283,0.0,107.41970978134088,107.41970978134088,0.0,1.400729604749332,1.400729604749332,0.0,53013414.016751714,42544988.655126594,18202838.639359653,21074114.606961463,55063391.24055437,239126.56408446238,276835.0331151397,722186.3587169661,170102.23333333334
3.1894469166666664,-15803.922101877775,-14093.634350263887,-4955.066666666667,-1420.0,-3535.0666666666666,-4418.833333333333,0.8093999956198773,1205.75,1205.75,536.2333333333336,1.814173378373551,1.814173378373551,0.0,197.0325103268089,197.0325103268089,0.0,2.530720959625344,2.530720959625344,0.0,53013414.016751714,42544988.655126594,18202838.639359653,21074114.606961463,55063391.24055437,239126.56408446238,276835.0331151397,722186.3587169661,170102.23333333334
4.652334916666667,-18163.02567032778,-14445.88761082639,-3904.066666666667,-1420.0,-2484.066666666667,-3105.0833333333335,0.8993333289532106,1481.333333333333,1481.333333333333,798.9833333333336,2.452441325406859,2.452441325406859,0.0,738.3694957495787,738.3694957495787,0.0,9.45792999273391,9.45792999273391,0.0,53013414.016751714,42544988.655126594,18202838.639359653,21074114.606961463,55063391.24055437,239126.56408446238,276835.0331151397,722186.3587169661,170102.23333333334
13.205797499999997,-44527.3080105,-32218.844450624994,-3371.8,-1420.0,-1951.8000000000002,-2439.75,0.9892666622865439,2710.05,2413.0,635.0,7.975883779865536,6.726867748451722,0.0,5854.503454834039,3831.7442251391726,0.0,77.13147184934633,50.12828500648745,0.0,53013414.016751714,42544988.655126594,18202838.639359653,21074114.606961463,55063391.24055437,239126.56408446238,276835.0331151397,722186.3587169661,170102.23333333334
27.7866035,-6189.002819566666,-7736.253524458333,-222.73333333333335,0.0,-222.73333333333335,-278.4166666666667,0.9892666622865439,3329.9833333333336,3385.666666666667,0.0,19.54019622199443,20.19816670785267,17.39733704012239,15324.38922181496,16435.42569443106,11176.875184184773,202.44352608232649,216.84754723657892,147.4213457527591,53013414.016751714,42544988.655126594,18202838.639359653,21074114.606961463,55063391.24055437,239126.56408446238,276835.0331151397,722186.3587169661,170102.23333333334
34.8548125,95388.32719583335,119235.40899479167,2736.7333333333336,0.0,2736.7333333333336,3420.9166666666665,0.9892666622865439,5642.6,4958.416666666667,0.0,32.32072417038805,30.11596286407184,43.46079399737179,76762.0666219628,54968.55721972779,185743.04651351372,1009.0220984784567,722.4363697704823,2435.1395565499843,53013414.016751714,42544988.655126594,18202838.639359653,21074114.606961463,55063391.24055437,239126.56408446238,276835.0331151397,722186.3587169661,170102.23333333334
33.409718500000004,229912.31882960006,208877.56006200003,6881.6,1880.0,5001.6,6252.0,0.8573368377251405,5677.066666666667,6306.666666666667,0.0,32.32072417038805,38.56728378589558,46.44253252838337,77876.05424836883,100046.01086363266,373748.876286992,1023.6361361629349,1316.151074606704,4893.390547216964,53013414.016751714,42544988.655126594,18202838.639359653,21074114.606961463,55063391.24055437,239126.56408446238,276835.0331151397,722186.3587169661,170102.23333333334
34.03526241666667,229792.4777323667,207257.73048629166,6751.6,1880.0,4871.6,6089.5,0.7254070131637369,6277.4,6939.5,0.0,38.56728378589558,40.56336769416088,46.78882750968028,98917.2750248321,125012.92931780907,395660.2754177108,1301.2142994146107,1640.235340686914,5178.102137512891,53013414.016751714,42544988.655126594,18202838.639359653,21074114.606961463,55063391.24055437,239126.56408446238,276835.0331151397,722186.3587169661,170102.23333333334
34.750513833333336,209068.3580250222,179671.74002294446,6016.266666666666,1880.0,4136.266666666666,5170.333333333333,0.5934771886023333,6291.4,7137.333333333333,0.0,38.56728378589558,40.56336769416088,46.40733315210002,99457.21699783462,133037.71555997056,362093.5019255547,1308.3594538345185,1741.3233997825969,4741.593414317958,53013414.016751714,42544988.655126594,18202838.639359653,21074114.606961463,55063391.24055437,239126.56408446238,276835.0331151397,722186.3587169661,170102.23333333334
34.20438491666667,75457.15341849446,94321.44177311807,2206.066666666667,0.0,2206.066666666667,2757.5833333333335,0.5934771886023333,7943.933333333333,7419.416666666667,27.0,42.71761368268996,41.82965662453434,44.68551919450886,166968.68627015443,144738.164263725,265367.8252014154,2186.8430037937537,1893.8378606561134,3482.063488452259,53013414.016751714,42544988.655126594,18202838.639359653,21074114.606961463,55063391.24055437,239126.56408446238,276835.0331151397,722186.3587169661,170102.23333333334
34.74961883333333,101858.08272426666,45660.999146999995,2931.2,1880.0,1051.2,1314.0,0.46154736404092983,5826.883333333333,7444.083333333333,0.0,33.21328914174662,42.01557585283346,44.03935801615658,82788.16020930282,145774.06817675507,202413.41269532908,1087.936897074689,1907.6595406491658,2651.9556032051983,53013414.016751714,42544988.655126594,18202838.639359653,21074114.606961463,55063391.24055437,239126.56408446238,276835.0331151397,722186.3587169661,170102.23333333334
35.060340833333335,90448.66728183333,30669.033143958335,2579.8,1880.0,699.8000000000001,874.75,0.3296175394795263,5935.616666666667,7640.666666666667,0.0,34.31500019415109,42.35444356833806,44.03935801615658,86456.05097931674,154064.2135490649,191726.52848340853,1135.622369982696,2017.1241365000624,2513.6616320825747,53013414.016751714,42544988.655126594,18202838.639359653,21074114.606961463,55063391.24055437,239126.56408446238,276835.0331151397,722186.3587169661,170102.23333333334
35.43033775,88455.38122665,27307.9328208125,2496.6,1880.0,616.6,770.75,0.19768771491812281,5819.9,7545.75,0.0,33.01093875620714,42.16104933318046,43.39788809405341,82557.27084211918,150049.13581164746,183013.91438260276,1084.9613381496474,1964.6893544103357,2398.9505923025226,53013414.016751714,42544988.655126594,18202838.639359653,21074114.606961463,55063391.24055437,239126.56408446238,276835.0331151397,722186.3587169661,170102.23333333334
33.740863166666664,63221.38001082221,-264.3034281388889,1873.7333333333333,1880.0,-6.266666666666667,-7.833333333333333,0.0657578903567193,5615.933333333333,7497.5,0.0,32.32072417038805,42.01557585283346,42.01557585283346,75900.18064408578,148018.40018689394,147689.27817604676,997.7152994962682,1937.6733424566778,1933.2719425036262,53013414.016751714,42544988.655126594,18202838.639359653,21074114.606961463,55063391.24055437,239126.56408446238,276835.0331151397,722186.3587169661,170102.23333333334
32.4869335,-48812.70048153333,-3351.568639416667,-1502.5333333333333,-1420.0,-82.53333333333335,-103.16666666666667,0.15569122369005264,8812.699999999999,7426.333333333333,13.0,44.03935801615658,42.01557585283346,41.78381289587958,204818.69563231152,145028.2917053673,140714.42229376352,2683.0812449200916,1897.6861556491658,1841.3970984547561,53013414.016751714,42544988.655126594,18202838.639359653,21074114.606961463,55063391.24055437,239126.56408446238,276835.0331151397,722186.3587169661,170102.23333333334
34.29279975000001,85350.20620445002,26099.678343062507,2488.866666666667,1880.0,608.8666666666667,761.0833333333334,0.023761399128649136,5560.549999999999,7288.333333333333,0.0,32.32072417038805,41.78381289587958,42.78347782358002,74110.15120378243,139258.95281122372,171477.92416691763,974.2324913601357,1822.4884696372078,2246.8242304517184,53013414.016751714,42544988.655126594,18202838.639359653,21074114.606961463,55063391.24055437,239126.56408446238,276835.0331151397,722186.3587169661,170102.23333333334
33.62361108333334,3647.041015505558,64240.71094229862,108.4666666666667,-1420.0,1528.4666666666667,1910.5833333333333,0.11369473246198247,9081.699999999999,7279.583333333333,0.0,44.30583610456325,41.78381289587958,44.30583610456325,216719.01316039148,138893.34444838477,221524.71951653314,2841.0230011782005,1817.7386944557663,2905.4127591056563,53013414.016751714,42544988.655126594,18202838.639359653,21074114.606961463,55063391.24055437,239126.56408446238,276835.0331151397,722186.3587169661,170102.23333333334
35.110054833333336,66381.41033822224,82976.7629227778,1890.666666666667,0.0,1890.666666666667,2363.3333333333335,0.11369473246198247,7863.833333333334,7391.166666666667,0.0,42.67864751735718,41.82965662453434,44.47862630744314,163549.96164724758,143556.4764640819,246555.18525856733,2142.1538561429597,1878.3807948097738,3234.8440130068047,53013414.016751714,42544988.655126594,18202838.639359653,21074114.606961463,55063391.24055437,239126.56408446238,276835.0331151397,722186.3587169661,170102.23333333334
42.87849550000001,-33151.86611662083,9533.318832833334,-773.1583333333333,-951.025,177.86666666666667,222.33333333333334,0.1739263157953158,5827.325,4831.833333333333,0.0,33.21328914174662,29.05840992647059,30.27619760479042,82802.8294120071,51198.302237775824,57858.82826063805,1088.127657638044,672.2729293821066,760.8140530039539,53013414.016751714,42544988.655126594,18202838.639359653,21074114.606961463,55063391.24055437,239126.56408446238,276835.0331151397,722186.3587169661,170102.23333333334
37.377158916666666,-132808.52106270002,-99666.19425129166,-3553.2000000000003,-1420.0,-2133.2000000000003,-2666.5,0.2638596491286491,4097.700000000001,3211.0,0.0,24.31424150686455,18.7737340514465,0.06435851962640775,32272.083505707982,13070.103236536166,16.590583187965855,423.41410901296786,172.65036024808956,0.21485756282384172,53013414.016751714,42544988.655126594,18202838.639359653,21074114.606961463,55063391.24055437,239126.56408446238,276835.0331151397,722186.3587169661,170102.23333333334
142.58118025000002,-97449.48399486678,-456877.62858108344,-683.4666666666672,1880.0,-2563.466666666667,-3204.3333333333335,0.1319298245672456,0.0,2510.416666666667,-10.449999999999363,0.0,6.726867748451722,0.0,0.0,4487.053258300846,0.0,0.0,58.87515826002145,0.0,53013414.016751714,42544988.655126594,18202838.639359653,21074114.606961463,55063391.24055437,239126.56408446238,276835.0331151397,722186.3587169661,170102.23333333334
539.9072788333334,-249329.1813652335,-1580443.581964875,-461.8000000000002,1880.0,-2341.8,-2927.25,5.842104577880036e-12,0.0,1628.833333333333,-836.6166666666668,0.0,2.452441325406859,0.0,0.0,1100.1045912470904,0.0,0.0,14.304675404713326,0.0,53013414.016751714,42544988.655126594,18202838.639359653,21074114.606961463,55063391.24055437,239126.56408446238,276835.0331151397,722186.3587169661,170102.23333333334
26.58230525,-137088.49248161667,-124177.02378327085,-5157.133333333333,-1420.0,-3737.1333333333337,-4671.416666666667,0.08993333333917544,1951.9666666666662,1580.25,114.0,2.987420255012056,2.452441325406859,0.0,1989.2143712399172,980.956816854408,0.0,25.837630096946754,12.70826152042859,0.0,53013414.016751714,42544988.655126594,18202838.639359653,21074114.606961463,55063391.24055437,239126.56408446238,276835.0331151397,722186.3587169661,170102.23333333334
13.1954725,-75169.3286435,-70539.697116875,-5696.6,-1420.0,-4276.6,-5345.75,0.17986666667250878,1483.333333333333,1483.333333333333,350.85000000000036,2.452441325406859,2.452441325406859,0.0,743.2743784003924,743.2743784003924,0.0,9.523648574591258,9.523648574591258,0.0,53013414.016751714,42544988.655126594,18202838.639359653,21074114.606961463,55063391.24055437,239126.56408446238,276835.0331151397,722186.3587169661,170102.23333333334
9.270714,-47725.0176244,-43200.7546805,-5147.933333333334,-1420.0,-3727.933333333334,-4659.916666666667,0.26980000000584214,1406.0,1406.0,488.01666666666733,1.814173378373551,1.814173378373551,0.0,560.3207293461126,560.3207293461126,0.0,7.088564576063701,7.088564576063701,0.0,53013414.016751714,42544988.655126594,18202838.639359653,21074114.606961463,55063391.24055437,239126.56408446238,276835.0331151397,722186.3587169661,170102.23333333334
15.459687916666667,-91257.50712622222,-86630.93785569444,-5902.933333333333,-1420.0,-4482.933333333333,-5603.666666666667,0.35973333333917545,1521.0999999999995,1397.833333333333,176.0,2.452441325406859,1.814173378373551,0.0,835.8949124565909,545.5049800893946,0.0,10.764634461997504,6.9026849778901775,0.0,53013414.016751714,42544988.655126594,18202838.639359653,21074114.606961463,55063391.24055437,239126.56408446238,276835.0331151397,722186.3587169661,170102.23333333334
21.382540666666667,-107956.17131786667,-96991.20446400001,-5048.8,-1420.0,-3628.8,-4536.0,0.44966666667250876,1538.6333333333332,1383.833333333333,358.0,2.452441325406859,1.814173378373551,0.0,878.8943836953922,520.1065527921648,0.0,11.340767362946936,6.584034238164151,0.0,53013414.016751714,42544988.655126594,18202838.639359653,21074114.606961463,55063391.24055437,239126.56408446238,276835.0331151397,722186.3587169661,170102.23333333334
22.7657655,-81000.593649,-60841.50829875,-3558.0,-1420.0,-2138.0,-2672.5,0.5396000000058421,1763.25,1715.75,838.0,2.726986341086646,2.726986341086646,0.0,1466.391611746331,1336.8597605447153,0.0,19.045710399772915,17.369499285821213,0.0,53013414.016751714,42544988.655126594,18202838.639359653,21074114.606961463,55063391.24055437,239126.56408446238,276835.0331151397,722186.3587169661,170102.23333333334
22.639371,-46819.7285194,-18339.777124250002,-2068.0666666666666,-1420.0,-648.0666666666667,-810.0833333333334,0.6295333333391754,3472.483333333333,2828.5,614.0,20.89355881015782,7.975883779865536,2.987420255012056,18218.579217554954,6799.24688855911,2187.728447185469,240.55761136008238,89.76567305071762,28.462078535217294,53013414.016751714,42544988.655126594,18202838.639359653,21074114.606961463,55063391.24055437,239126.56408446238,276835.0331151397,722186.3587169661,170102.23333333334
36.789960666666666,133910.55149857776,80931.78180655556,3639.866666666667,1880.0,1759.8666666666668,2199.8333333333335,0.4976035087777719,2818.1333333333337,4258.166666666667,0.0,7.975883779865536,24.31424150686455,38.65126493140946,6716.563560041173,36173.70879284284,105893.71276514728,88.65993601015865,475.5911521448335,1393.0107519313053,53013414.016751714,42544988.655126594,18202838.639359653,21074114.606961463,55063391.24055437,239126.56408446238,276835.0331151397,722186.3587169661,170102.23333333334
33.449055416666674,182368.7100057223,227960.88750715283,5452.133333333334,0.0,5452.133333333334,6815.166666666667,0.4976035087777719,6664.7,5301.666666666667,0.0,39.39585070078422,32.32072417038805,46.04017397596569,113920.01532770347,65742.85439480517,353266.92424488324,1498.7998560397125,864.4646734911794,4625.4683626989245,53013414.016751714,42544988.655126594,18202838.639359653,21074114.606961463,55063391.24055437,239126.56408446238,276835.0331151397,722186.3587169661,170102.23333333334
34.931408499999996,196661.50109443333,245826.87636804165,5629.933333333334,0.0,5629.933333333334,7037.416666666667,0.4976035087777719,7237.4,5829.916666666667,0.0,41.46208207644711,33.21328914174662,46.68533312447788,137142.7645006251,82888.90718636614,388106.3137818629,1794.4254835386387,1089.2470262267864,5079.671728269842,53013414.016751714,42544988.655126594,18202838.639359653,21074114.606961463,55063391.24055437,239126.56408446238,276835.0331151397,722186.3587169661,170102.23333333334
37.37641166666666,228907.47267113888,218349.88225569442,6124.383333333333,1450.85,4673.533333333334,5841.916666666667,0.3957894736900526,6063.783333333334,6346.25,0.0,37.04540704776583,38.65126493140946,46.17673725297934,90997.74084599527,101574.43390906228,356558.62518848764,1195.7574094689796,1336.2925922048798,4668.014925498289,53013414.016751714,42544988.655126594,18202838.639359653,21074114.606961463,55063391.24055437,239126.56408446238,276835.0331151397,722186.3587169661,170102.23333333334
39.644138500000004,198159.9048209667,154536.15555120836,4998.466666666667,1880.0,3118.466666666667,3898.0833333333335,0.26385964912864907,5590.283333333333,6690.666666666667,0.0,32.32072417038805,39.39585070078422,44.94810740163002,75071.1540691153,114942.99425090052,283768.7814236904,986.8395722252757,1512.0898143514144,3723.719548183881,53013414.016751714,42544988.655126594,18202838.639359653,21074114.606961463,55063391.24055437,239126.56408446238,276835.0331151397,722186.3587169661,170102.23333333334
36.83165883333333,60784.5142946111,75980.64286826388,1650.3333333333333,0.0,1650.3333333333333,2062.9166666666665,0.26385964912864907,7476.916666666666,7064.333333333333,0.0,42.01557585283346,40.56336769416088,44.30583610456325,147153.5795839231,130076.58971829682,218737.1439949544,1926.107961728978,1704.0221614642235,2868.0631376895312,53013414.016751714,42544988.655126594,18202838.639359653,21074114.606961463,55063391.24055437,239126.56408446238,276835.0331151397,722186.3587169661,170102.23333333334
38.71613825,119010.82790461666,57780.60999327084,3073.9333333333334,1880.0,1193.9333333333334,1492.4166666666667,0.13192982456724556,5962.566666666667,7544.083333333333,0.0,34.31500019415109,42.16104933318046,44.30583610456325,87380.8402345491,149978.86739609216,214716.38936846526,1147.9897208447208,1963.7594791550503,2814.190637395279,53013414.016751714,42544988.655126594,18202838.639359653,21074114.606961463,55063391.24055437,239126.56408446238,276835.0331151397,722186.3587169661,170102.23333333334
39.23306041666666,93058.2037709722,24125.062734548606,2371.9333333333334,1880.0,491.93333333333334,614.9166666666666,5.842049066728805e-12,5787.4,7544.416666666667,0.0,32.94471252566736,42.16104933318046,43.33706109539501,81486.21668601314,149992.92107920325,176198.53330530337,1071.6294640307162,1963.9454542061078,2309.5511062973515,53013414.016751714,42544988.655126594,18202838.639359653,21074114.606961463,55063391.24055437,239126.56408446238,276835.0331151397,722186.3587169661,170102.23333333334
36.98758516666667,1489.3667627111115,1861.708453388889,40.26666666666667,0.0,40.26666666666667,50.333333333333336,5.842049066728805e-12,7270.816666666667,7260.75,0.0,41.46208207644711,41.46208207644711,41.78381289587958,138528.28907667974,138110.90411711016,140209.534554605,1812.9366899428908,1807.3602467168716,1834.837885108956,53013414.016751714,42544988.655126594,18202838.639359653,21074114.606961463,55063391.24055437,239126.56408446238,276835.0331151397,722186.3587169661,170102.23333333334
35.485909416666665,5538.1675962944455,6922.709495368055,156.0666666666667,0.0,156.0666666666667,195.08333333333334,5.842049066728805e-12,6984.849999999999,6945.833333333333,0.0,40.56336769416088,40.56336769416088,40.56336769416088,126852.47804273925,125269.83064653874,133183.06762754128,1663.408096272369,1643.4715211802886,1743.1543966406903,53013414.016751714,42544988.655126594,18202838.639359653,21074114.606961463,55063391.24055437,239126.56408446238,276835.0331151397,722186.3587169661,170102.23333333334
35.23272566666666,361.7226501777777,452.15331272222215,10.266666666666667,0.0,10.266666666666667,12.833333333333334,5.842049066728805e-12,6887.566666666667,6885.0,0.0,40.56336769416088,40.56336769416088,40.56336769416088,122906.33842222566,122802.22577847731,123322.78899721903,1613.6986606412402,1612.3871559149777,1618.9446795462898,53013414.016751714,42544988.655126594,18202838.639359653,21074114.606961463,55063391.24055437,239126.56408446238,276835.0331151397,722186.3587169661,170102.23333333334
33.687621916666664,14804.586911644445,18505.733639555554,439.4666666666667,0.0,439.4666666666667,549.3333333333334,5.842049066728805e-12,6799.2,6689.333333333333,0.0,40.56336769416088,39.39585070078422,41.46208207644711,119321.88883031829,114890.46644996612,137195.2831379219,1568.5454264942045,1511.4074031415707,1795.1271552028395,53013414.016751714,42544988.655126594,18202838.639359653,21074114.606961463,55063391.24055437,239126.56408446238,276835.0331151397,722186.3587169661,170102.23333333334
26.62024666666667,-818.1289142222231,46228.27669055556,-30.73333333333335,-1420.0,1389.2666666666667,1736.5833333333333,0.08993333333917539,7483.233333333334,5715.916666666667,0.0,42.01557585283346,32.87745351378503,42.01557585283346,147418.97797139353,79134.52684137112,146127.69927351645,1929.6571757336733,1040.2413389225787,1912.3887044285088,53013414.016751714,42544988.655126594,18202838.639359653,21074114.606961463,55063391.24055437,239126.56408446238,276835.0331151397,722186.3587169661,170102.23333333334
22.8700175,-55505.532472499995,-28787.634528125,-2427.0,-1420.0,-1007.0,-1258.75,0.17986666667250872,4537.166666666667,3385.916666666667,17.0,25.11795777038495,20.19816670785267,2.987420255012056,43086.37420859775,16440.47523610802,2512.610399918032,565.7586529957297,216.91282674264167,32.75716909446366,53013414.016751714,42544988.655126594,18202838.639359653,21074114.606961463,55063391.24055437,239126.56408446238,276835.0331151397,722186.3587169661,170102.23333333334
27.806520333333335,-106076.31376760002,-83238.81861783334,-3814.8,-1420.0,-2394.8,-2993.5,0.26980000000584203,3115.05,2296.75,3.0,17.85655799258229,4.984897117165479,0.0,11313.837270716987,3126.828049816076,0.0,149.2197173514874,40.79785857788591,0.0,53013414.016751714,42544988.655126594,18202838.639359653,21074114.606961463,55063391.24055437,239126.56408446238,276835.0331151397,722186.3587169661,170102.23333333334
38.359071,3181.245621599999,-86167.259823,82.93333333333317,1880.0,-1797.0666666666668,-2246.3333333333335,0.13787017544443853,0.0,1857.583333333333,-471.6833333333334,0.0,2.726986341086646,0.0,0.0,1723.6373232555038,0.0,0.0,22.37460685765594,0.0,53013414.016751714,42544988.655126594,18202838.639359653,21074114.606961463,55063391.24055437,239126.56408446238,276835.0331151397,722186.3587169661,170102.23333333334
32.51719658333334,-58767.24547850557,-73459.05684813196,-1807.2666666666669,0.0,-1807.2666666666669,-2259.0833333333335,0.13787017544443853,1106.9333333333334,1558.75,0.0,0.2329054940317283,2.452441325406859,0.0,104.04646187611463,928.2293283581605,0.0,1.3563483078662983,12.0017867654621,0.0,53013414.016751714,42544988.655126594,18202838.639359653,21074114.606961463,55063391.24055437,239126.56408446238,276835.0331151397,722186.3587169661,170102.23333333334
29.20373933333333,-137273.1501943111,-119754.80042622222,-4700.533333333334,-1420.0,-3280.5333333333338,-4100.666666666667,0.22780350877777186,1944.2833333333338,1381.416666666667,37.0,2.987420255012056,1.814173378373551,0.0,1966.2610256139105,515.7223004610966,0.0,25.53417618923605,6.5290290509495525,0.0,53013414.016751714,42544988.655126594,18202838.639359653,21074114.606961463,55063391.24055437,239126.56408446238,276835.0331151397,722186.3587169661,170102.23333333334
26.183288916666665,-144086.63890841667,-133632.9608084375,-5503.0,-1420.0,-4083.0,-5103.75,0.3177368421111052,1288.5,1288.5,399.25,1.814173378373551,1.814173378373551,0.0,347.15535738722025,347.15535738722025,0.0,4.414174439077399,4.414174439077399,0.0,53013414.016751714,42544988.655126594,18202838.639359653,21074114.606961463,55063391.24055437,239126.56408446238,276835.0331151397,722186.3587169661,170102.23333333334
10.324843583333333,-57878.31983654444,-54021.30243526389,-5605.733333333334,-1420.0,-4185.733333333334,-5232.166666666667,0.4076701754444385,1210.0,1210.0,373.5666666666666,1.814173378373551,1.814173378373551,0.0,204.74274718489647,204.74274718489647,0.0,2.6274542198993167,2.6274542198993167,0.0,53013414.016751714,42544988.655126594,18202838.639359653,21074114.606961463,55063391.24055437,239126.56408446238,276835.0331151397,722186.3587169661,170102.23333333334
18.522481666666668,-88320.13191511111,-77522.75993555556,-4768.266666666666,-1420.0,-3348.2666666666664,-4185.333333333333,0.4976035087777718,1072.916666666667,1072.916666666667,582.9333333333334,0.2329054940317283,0.2329054940317283,0.0,96.12379332080206,96.12379332080206,0.0,1.252110992632387,1.252110992632387,0.0,53013414.016751714,42544988.655126594,18202838.639359653,21074114.606961463,55063391.24055437,239126.56408446238,276835.0331151397,722186.3587169661,170102.23333333334
22.76623933333333,-100875.6887367111,-85684.5361042222,-4430.933333333333,-1420.0,-3010.9333333333334,-3763.6666666666665,0.5875368421111051,1056.666666666667,1056.666666666667,667.2666666666669,0.2329054940317283,0.2329054940317283,0.0,92.33907904278648,92.33907904278648,0.0,1.2023160968200086,1.2023160968200086,0.0,53013414.016751714,42544988.655126594,18202838.639359653,21074114.606961463,55063391.24055437,239126.56408446238,276835.0331151397,722186.3587169661,170102.23333333334
20.574759083333333,-62822.969385050004,-42008.514358395834,-3053.4,-1420.0,-1633.4,-2041.75,0.6774701754444384,1503.916666666667,1503.916666666667,1011.6500000000001,2.452441325406859,2.452441325406859,0.0,793.7537956816851,793.7537956816851,0.0,10.200002312873151,10.200002312873151,0.0,53013414.016751714,42544988.655126594,18202838.639359653,21074114.606961463,55063391.24055437,239126.56408446238,276835.0331151397,722186.3587169661,170102.23333333334
30.52948358333333,-61327.6266222,-22469.69991733333,-2008.8000000000002,-1420.0,-588.8000000000001,-736.0,0.7674035087777717,2559.633333333333,1810.833333333333,524.0,6.726867748451722,2.726986341086646,0.2329054940317283,4818.127265987143,1596.150711809703,96.57019551769608,63.29423725363746,20.724862234977156,1.2579842367538452,53013414.016751714,42544988.655126594,18202838.639359653,21074114.606961463,55063391.24055437,239126.56408446238,276835.0331151397,722186.3587169661,170102.23333333334
35.59358950000001,123706.70676023337,70988.44812529169,3475.5333333333338,1880.0,1595.5333333333335,1994.4166666666667,0.6354736842163682,1382.133333333333,2863.25,0.0,1.814173378373551,8.06576402321083,29.74892242460735,517.0224580489298,7076.907685260002,51961.11925066136,6.54534093405456,93.46919097203498,682.3392982446159,53013414.016751714,42544988.655126594,18202838.639359653,21074114.606961463,55063391.24055437,239126.56408446238,276835.0331151397,722186.3587169661,170102.23333333334
31.194790583333333,139532.21862654443,174415.27328318058,4472.933333333333,0.0,4472.933333333333,5591.166666666667,0.6354736842163682,4624.650000000001,3506.416666666667,0.0,27.24529959316326,21.85518373079192,44.30583610456325,45364.58543434966,18939.226474575786,217422.73752385235,595.7071494046576,249.99679549289988,2850.4519254721267,53013414.016751714,42544988.655126594,18202838.639359653,21074114.606961463,55063391.24055437,239126.56408446238,276835.0331151397,722186.3587169661,170102.23333333334
34.055934083333334,220562.12189290553,195671.2072702986,6476.466666666666,1880.0,4596.466666666666,5745.583333333333,0.5035438596549646,3514.7,4245.583333333333,0.0,21.87279216787323,24.31424150686455,44.47862630744314,19120.39935313211,35867.754587214775,257081.79348466216,252.34999706520372,471.49957886226593,3373.2070137138357,53013414.016751714,42544988.655126594,18202838.639359653,21074114.606961463,55063391.24055437,239126.56408446238,276835.0331151397,722186.3587169661,170102.23333333334
30.898764666666665,93447.54905480536,157163.99157994444,3024.3134333333337,-1044.8199,4069.1333333333337,5086.416666666667,0.5697157866549646,6690.2699,4628.166666666667,0.0,39.39585070078422,27.24529959316326,44.47862630744314,114927.36329053747,45460.39807125228,244779.7467584619,1511.8867458356451,596.9628647690399,3211.507436479105,53013414.016751714,42544988.655126594,18202838.639359653,21074114.606961463,55063391.24055437,239126.56408446238,276835.0331151397,722186.3587169661,170102.23333333334
31.111659333333332,102755.58844613333,128444.48555766666,3302.8,0.0,3302.8,4128.5,0.5697157866549646,5396.7,4571.0,0.0,32.32072417038805,25.14037360976136,44.03935801615658,68814.40054846436,43936.2656940139,199833.44030488262,904.7592783639527,576.916479464816,2618.56938696234,53013414.016751714,42544988.655126594,18202838.639359653,21074114.606961463,55063391.24055437,239126.56408446238,276835.0331151397,722186.3587169661,170102.23333333334
36.655594083333334,139354.79387974442,88052.84625384722,3801.7333333333336,1880.0,1921.7333333333333,2402.1666666666665,0.4377859620935611,3593.35,4992.916666666667,0.0,22.29799400873425,30.11596286407184,41.82965662453434,20846.40371751997,56007.557938538266,143720.30928586132,274.7810197322954,736.2914269145609,1880.5238098386174,53013414.016751714,42544988.655126594,18202838.639359653,21074114.606961463,55063391.24055437,239126.56408446238,276835.0331151397,722186.3587169661,170102.23333333334
43.531057,162896.11736446666,101322.16275558334,3742.0666666666666,1880.0,1862.0666666666668,2327.5833333333335,0.30585613753215757,4075.933333333334,5490.416666666667,0.0,24.31424150686455,32.32072417038805,42.58778934785457,31742.843515575227,71843.3910819659,161594.19314459583,416.3365001294804,944.4956100369809,2116.5931296139565,53013414.016751714,42544988.655126594,18202838.639359653,21074114.606961463,55063391.24055437,239126.56408446238,276835.0331151397,722186.3587169661,170102.23333333334
39.54496575,127748.69368985001,66755.1975998125,3230.4666666666667,1880.0,1350.4666666666667,1688.0833333333333,0.17392631297075406,4057.95,5600.333333333333,0.0,22.95067322431902,32.32072417038805,41.78381289587958,31318.47263048722,75395.97734702771,139262.4347956317,410.77486423720194,991.100822091688,1822.5337055913167,53013414.016751714,42544988.655126594,18202838.639359653,21074114.606961463,55063391.24055437,239126.56408446238,276835.0331151397,722186.3587169661,170102.23333333334
35.399782,37570.37863296668,20481.723868833335,1061.3166666666668,598.45,462.86666666666673,578.5833333333334,0.1319298217426839,5076.599999999999,5559.333333333333,0.0,30.77259036144578,32.32072417038805,37.04540704776583,58541.97204737192,74070.8276560418,93744.04035513628,769.8129107666297,973.7166186565735,1232.3792673224239,53013414.016751714,42544988.655126594,18202838.639359653,21074114.606961463,55063391.24055437,239126.56408446238,276835.0331151397,722186.3587169661,170102.23333333334
34.236550916666666,12562.531749688891,15703.164687111112,366.9333333333334,0.0,366.9333333333334,458.6666666666667,0.1319298217426839,5667.400000000001,5575.666666666667,0.0,32.32072417038805,32.32072417038805,35.89767525127627,77563.62058138843,74598.73281749149,89915.60539684522,1019.5374215318919,980.6420330331641,1181.3690668386887,53013414.016751714,42544988.655126594,18202838.639359653,21074114.606961463,55063391.24055437,239126.56408446238,276835.0331151397,722186.3587169661,170102.23333333334
40.41268733333333,85243.82848177777,11584.97036888889,2109.3333333333335,1880.0,229.33333333333337,286.6666666666667,-2.8187196188245167e-09,3837.5,5660.166666666667,0.0,22.54267874059992,32.32072417038805,34.31500019415109,26344.251696921558,77329.83400988928,86840.95089816114,346.3624843150051,1016.4704523079732,1140.7696965937926,53013414.016751714,42544988.655126594,18202838.639359653,21074114.606961463,55063391.24055437,239126.56408446238,276835.0331151397,722186.3587169661,170102.23333333334
31.672565833333334,15304.183810666667,19130.229763333333,483.20000000000005,0.0,483.20000000000005,604.0,-2.8187196188245167e-09,5472.8,5352.0,0.0,32.32072417038805,32.32072417038805,34.31500019415109,71274.0076578309,67369.66417804803,87155.50506660751,937.0260559593727,885.8062565700596,1144.976278519651,53013414.016751714,42544988.655126594,18202838.639359653,21074114.606961463,55063391.24055437,239126.56408446238,276835.0331151397,722186.3587169661,170102.23333333334
29.552155749999997,15554.284643083332,19442.855803854163,526.3333333333334,0.0,526.3333333333334,657.9166666666666,-2.8187196188245167e-09,5235.916666666666,5104.333333333333,0.0,32.32072417038805,30.77259036144578,32.87745351378503,63617.76678060212,59395.39855339602,80657.84885417648,836.5863472507209,781.106465401168,1061.2332203799904,53013414.016751714,42544988.655126594,18202838.639359653,21074114.606961463,55063391.24055437,239126.56408446238,276835.0331151397,722186.3587169661,170102.23333333334
24.328944250000003,-56263.11647255001,-27145.019546937503,-2312.6,-1420.0,-892.6,-1115.75,0.08993333051461372,2744.683333333333,2245.833333333333,698.0,7.975883779865536,4.444041173682934,0.2329054940317283,6130.734896410044,2895.278941273764,109.43822406294905,80.825557975201,37.79436041456669,1.427286882515932,53013414.016751714,42544988.655126594,18202838.639359653,21074114.606961463,55063391.24055437,239126.56408446238,276835.0331151397,722186.3587169661,170102.23333333334
15.7917875,-61117.3759825,-48366.297165625,-3870.2000000000003,-1420.0,-2450.2000000000003,-3062.75,0.17986666384794706,1481.833333333333,1481.833333333333,807.4500000000003,2.452441325406859,2.452441325406859,0.0,739.5957164122822,739.5957164122822,0.0,9.474359638198246,9.474359638198246,0.0,53013414.016751714,42544988.655126594,18202838.639359653,21074114.606961463,55063391.24055437,239126.56408446238,276835.0331151397,722186.3587169661,170102.23333333334
1.21637725,-4782.714255183334,-3819.3232002291666,-3931.9333333333334,-1420.0,-2511.9333333333334,-3139.9166666666665,0.2697999971812804,1577.166666666667,1577.166666666667,792.0166666666669,2.452441325406859,2.452441325406859,0.0,973.3951227677376,973.3951227677376,0.0,12.60694537339852,12.60694537339852,0.0,53013414.016751714,42544988.655126594,18202838.639359653,21074114.606961463,55063391.24055437,239126.56408446238,276835.0331151397,722186.3587169661,170102.23333333334
10.526770666666668,-46293.22846844445,-39181.517652222225,-4397.666666666667,-1420.0,-2977.666666666667,-3722.0833333333335,0.35973333051461376,1289.166666666667,1289.166666666667,675.5833333333335,1.814173378373551,1.814173378373551,0.0,348.36480630613653,348.36480630613653,0.0,4.429348283826265,4.429348283826265,0.0,53013414.016751714,42544988.655126594,18202838.639359653,21074114.606961463,55063391.24055437,239126.56408446238,276835.0331151397,722186.3587169661,170102.23333333334
7.635480333333334,-39079.915442066675,-35296.91671091667,-5118.200000000001,-1420.0,-3698.2000000000003,-4622.75,0.44966666384794707,1255.166666666667,1255.166666666667,495.4500000000007,1.814173378373551,1.814173378373551,0.0,286.68291144143575,286.68291144143575,0.0,3.6554822016344835,3.6554822016344835,0.0,53013414.016751714,42544988.655126594,18202838.639359653,21074114.606961463,55063391.24055437,239126.56408446238,276835.0331151397,722186.3587169661,170102.23333333334
7.539036666666667,-39772.94183866667,-36334.387215,-5275.6,-1420.0,-3855.6000000000004,-4819.5,0.5395999971812804,1205.166666666667,1205.166666666667,456.10000000000036,1.814173378373551,1.814173378373551,0.0,195.9742425227582,195.9742425227582,0.0,2.5174438454701,2.5174438454701,0.0,53013414.016751714,42544988.655126594,18202838.639359653,21074114.606961463,55063391.24055437,239126.56408446238,276835.0331151397,722186.3587169661,170102.23333333334
12.490769666666667,-66167.77051422224,-60538.59698444445,-5297.333333333334,-1420.0,-3877.333333333334,-4846.666666666667,0.6295333305146137,1060.833333333333,1060.833333333333,450.66666666666697,0.2329054940317283,0.2329054940317283,0.0,93.30951860125187,93.30951860125187,0.0,1.2150840188231806,1.2150840188231806,0.0,53013414.016751714,42544988.655126594,18202838.639359653,21074114.606961463,55063391.24055437,239126.56408446238,276835.0331151397,722186.3587169661,170102.23333333334
14.542746083333334,-66958.6810332889,-57884.97699369445,-4604.266666666666,-1420.0,-3184.266666666667,-3980.3333333333335,0.719466663847947,1093.333333333333,1093.333333333333,623.9333333333329,0.2329054940317283,0.2329054940317283,0.0,100.87894715728305,100.87894715728305,0.0,1.3146738104479376,1.3146738104479376,0.0,53013414.016751714,42544988.655126594,18202838.639359653,21074114.606961463,55063391.24055437,239126.56408446238,276835.0331151397,722186.3587169661,170102.23333333334
16.54952283333333,-68134.38550483334,-55792.57885187499,-4117.0,-1420.0,-2697.0,-3371.25,0.8093999971812803,1064.083333333333,1064.083333333333,745.75,0.2329054940317283,0.2329054940317283,0.0,94.066461456855,94.066461456855,0.0,1.2250429979856563,1.2250429979856563,0.0,53013414.016751714,42544988.655126594,18202838.639359653,21074114.606961463,55063391.24055437,239126.56408446238,276835.0331151397,722186.3587169661,170102.23333333334
20.068288250000002,-57856.87502475001,-36699.8821371875,-2883.0,-1420.0,-1463.0,-1828.75,0.8993333305146136,992.6666666666666,992.6666666666666,1054.25,0.2329054940317283,0.2329054940317283,0.0,77.43312742475578,77.43312742475578,0.0,1.0062008148512553,1.0062008148512553,0.0,53013414.016751714,42544988.655126594,18202838.639359653,21074114.606961463,55063391.24055437,239126.56408446238,276835.0331151397,722186.3587169661,170102.23333333334
28.252558083333337,-12696.699602650002,-15870.874503312501,-449.40000000000003,0.0,-449.40000000000003,-561.75,0.8993333305146136,1134.2333333333331,1246.583333333333,0.0,0.2329054940317283,1.814173378373551,0.06435851962640775,110.40478186318074,271.111256610395,25.62222877553839,1.4400037328310935,3.4601189504929173,0.3327661508006739,53013414.016751714,42544988.655126594,18202838.639359653,21074114.606961463,55063391.24055437,239126.56408446238,276835.0331151397,722186.3587169661,170102.23333333334
30.433596249999994,54638.44980083332,68298.06225104164,1795.3333333333333,0.0,1795.3333333333333,2244.1666666666665,0.8993333305146136,2785.416666666666,2336.583333333333,0.0,7.975883779865536,4.984897117165479,25.86398386890221,6455.619229043232,3325.3931183164996,44188.07773160612,85.17028679694735,43.37750261814005,580.262531986341,53013414.016751714,42544988.655126594,18202838.639359653,21074114.606961463,55063391.24055437,239126.56408446238,276835.0331151397,722186.3587169661,170102.23333333334
32.45673383333334,207571.6317754445,183191.21521097227,6395.333333333334,1880.0,4515.333333333334,5644.166666666667,0.76740350595321,2254.0,3005.166666666667,0.0,4.444041173682934,17.39733704012239,44.03935801615658,2931.571944192176,9400.89702800561,197624.13251107212,38.26493479413818,124.07767592091903,2589.9797679321823,53013414.016751714,42544988.655126594,18202838.639359653,21074114.606961463,55063391.24055437,239126.56408446238,276835.0331151397,722186.3587169661,170102.23333333334
31.85787225,210990.44019545,188872.0504568125,6622.866666666667,1880.0,4742.866666666667,5928.583333333333,0.6354736813918065,2806.9666666666662,3501.25,0.0,7.975883779865536,21.50912364945978,44.30997890012151,6627.499524499335,18827.88259867008,232143.67484574017,87.4688687799744,248.51142260496778,3046.1080849126974,53013414.016751714,42544988.655126594,18202838.639359653,21074114.606961463,55063391.24055437,239126.56408446238,276835.0331151397,722186.3587169661,170102.23333333334
36.98088175,229377.61714255,199816.9493156875,6202.6,1880.0,4322.6,5403.25,0.5035438568304029,2951.4833333333327,3750.833333333333,0.0,17.1284303663124,22.54267874059992,44.30583610456325,8468.245218380544,24390.552872736225,219926.0172637601,111.82193802509693,321.05572213652147,2883.992380200779,53013414.016751714,42544988.655126594,18202838.639359653,21074114.606961463,55063391.24055437,239126.56408446238,276835.0331151397,722186.3587169661,170102.23333333334
34.601779666666665,141735.8098706,95855.58012158333,4096.200000000001,1880.0,2216.2000000000003,2770.25,0.3716140322689994,2431.7166666666662,3757.666666666667,0.0,6.726867748451722,22.54267874059992,38.65126493140946,3957.648766497691,24544.594510797007,108596.08037160168,51.808821989159554,323.05106300059435,1428.4966102538044,53013414.016751714,42544988.655126594,18202838.639359653,21074114.606961463,55063391.24055437,239126.56408446238,276835.0331151397,722186.3587169661,170102.23333333334
30.746193416666667,61282.80028154306,40590.09967556945,1993.1833333333334,937.05,1056.1333333333334,1320.1666666666667,0.30585613753215735,2828.9000000000005,3501.916666666667,0.0,7.975883779865536,21.50912364945978,28.86686656354246,6802.437242071061,18842.222014436393,50916.095890862845,89.80833814553026,248.70300338928158,668.5616466020264,53013414.016751714,42544988.655126594,18202838.639359653,21074114.606961463,55063391.24055437,239126.56408446238,276835.0331151397,722186.3587169661,170102.23333333334
33.579085583333324,77296.81640712776,17710.16938807638,2301.9333333333334,1880.0,421.93333333333334,527.4166666666666,0.17392631297075384,2189.483333333333,3964.0,0.0,2.987420255012056,22.54267874059992,25.11795777038495,2698.776472142865,29195.90055760745,41937.22764060264,35.218371178911475,383.3006237255224,550.6979987020234,53013414.016751714,42544988.655126594,18202838.639359653,21074114.606961463,55063391.24055437,239126.56408446238,276835.0331151397,722186.3587169661,170102.23333333334
37.03679208333334,75915.54729294445,7857.972720347223,2049.7333333333336,1880.0,169.73333333333335,212.16666666666666,0.04199648840935033,2495.5166666666664,4333.083333333333,0.0,6.726867748451722,24.65932766745755,25.11795777038495,4386.822928848913,37999.16299986525,43289.411033908356,57.53731314647831,499.80532911539655,568.4196429164755,53013414.016751714,42544988.655126594,18202838.639359653,21074114.606961463,55063391.24055437,239126.56408446238,276835.0331151397,722186.3587169661,170102.23333333334
30.737000166666665,-7042.8713048555555,-8803.589131069444,-229.13333333333335,0.0,-229.13333333333335,-286.4166666666667,0.04199648840935033,4144.799999999999,4202.083333333333,0.0,24.31424150686455,24.31424150686455,22.54267874059992,33417.28428068127,34810.08508166617,28106.337751811785,438.7290574851997,457.35519970001315,369.1872371259835,53013414.016751714,42544988.655126594,18202838.639359653,21074114.606961463,55063391.24055437,239126.56408446238,276835.0331151397,722186.3587169661,170102.23333333334
29.894313916666672,-755.3296649611112,-944.162081201389,-25.266666666666666,0.0,-25.266666666666666,-31.583333333333332,0.04199648840935033,4020.4333333333334,4026.75,0.0,22.542812225147,22.542812225147,22.542812225147,30468.06587336336,30610.46130391887,29898.484151141307,399.77930749141706,401.62379204131884,392.4013692918099,53013414.016751714,42544988.655126594,18202838.639359653,21074114.606961463,55063391.24055437,239126.56408446238,276835.0331151397,722186.3587169661,170102.23333333334
25.623452916666665,-16129.109495944445,25320.242057152776,-629.4666666666667,-1420.0,790.5333333333333,988.1666666666666,0.13192982174268367,5459.466666666666,3841.833333333333,0.0,32.32072417038805,22.54267874059992,28.98069214563055,70843.06466889237,26441.93663813082,51145.09843224673,931.3726564682783,347.62782242392916,671.5764390244782,53013414.016751714,42544988.655126594,18202838.639359653,21074114.606961463,55063391.24055437,239126.56408446238,276835.0331151397,722186.3587169661,170102.23333333334
29.104120249999998,50660.57198183334,63325.71497729167,1740.666666666667,0.0,1740.666666666667,2175.8333333333335,0.13192982174268367,4627.25,4192.083333333333,0.0,27.24529959316326,24.31424150686455,38.65126493140946,45435.42321329188,34566.942666597526,102411.87798257613,596.6355455982292,454.1036182834033,1347.289401696953,53013414.016751714,42544988.655126594,18202838.639359653,21074114.606961463,55063391.24055437,239126.56408446238,276835.0331151397,722186.3587169661,170102.23333333334
32.65153416666667,133888.7042348889,90629.77500194445,4100.533333333333,1880.0,2220.5333333333333,2775.6666666666665,-2.8187198408691216e-09,3381.1333333333337,4706.0,0.0,20.05144506726853,28.10812633230105,42.01557585283346,16344.017175105415,47629.900822152944,147353.15356922406,215.6647468420306,625.5468805973144,1928.7768957430624,53013414.016751714,42544988.655126594,18202838.639359653,21074114.606961463,55063391.24055437,239126.56408446238,276835.0331151397,722186.3587169661,170102.23333333334
17.115351416666666,-27743.984646416666,-4300.2320434375,-1621.0,-1420.0,-201.0,-251.25,0.0899333305146135,4342.5,3429.75,457.0,24.65932766745755,20.46319657202558,18.7737340514465,38231.37166873382,17333.79709636586,12459.956879864154,502.76886747176985,228.89116662270916,164.49854155042343,53013414.016751714,42544988.655126594,18202838.639359653,21074114.606961463,55063391.24055437,239126.56408446238,276835.0331151397,722186.3587169661,170102.23333333334
8.251238583333334,-25507.328873944447,-17238.21260701389,-3091.333333333333,-1420.0,-1671.3333333333333,-2089.1666666666665,0.17986666384794683,2316.5,2316.5,1002.1666666666665,4.984897117165479,4.984897117165479,0.02716269150674588,3225.2797678800944,3225.2797678800944,0.18843316505374466,42.07688710830481,42.07688710830481,0.002390624093172716,53013414.016751714,42544988.655126594,18202838.639359653,21074114.606961463,55063391.24055437,239126.56408446238,276835.0331151397,722186.3587169661,170102.23333333334
7.584729083333333,-27953.77186092778,-21479.320703243055,-3685.5333333333333,-1420.0,-2265.5333333333333,-2831.9166666666665,0.26979999718128017,1559.25,1559.25,853.6166666666668,2.452441325406859,2.452441325406859,0.0,929.4555490208638,929.4555490208638,0.0,12.018216410926435,12.018216410926435,0.0,53013414.016751714,42544988.655126594,18202838.639359653,21074114.606961463,55063391.24055437,239126.56408446238,276835.0331151397,722186.3587169661,170102.23333333334
-1.2023118333333331,6367.844239944445,5825.701795763888,-5296.333333333334,-1420.0,-3876.333333333334,-4845.416666666667,0.35973333051461354,1377.333333333333,1377.333333333333,450.91666666666697,1.814173378373551,1.814173378373551,0.0,508.3144258327368,508.3144258327368,0.0,6.43608925186278,6.43608925186278,0.0,53013414.016751714,42544988.655126594,18202838.639359653,21074114.606961463,55063391.24055437,239126.56408446238,276835.0331151397,722186.3587169661,170102.23333333334
-5.109438333333333,30460.427568000003,29006.281418333332,-5961.6,-1420.0,-4541.6,-5677.0,0.44966666384794685,1171.416666666667,1171.416666666667,284.60000000000036,1.814173378373551,1.814173378373551,0.0,134.74589100265086,134.74589100265086,0.0,1.749267955059141,1.749267955059141,0.0,53013414.016751714,42544988.655126594,18202838.639359653,21074114.606961463,55063391.24055437,239126.56408446238,276835.0331151397,722186.3587169661,170102.23333333334
-5.302865083333334,34357.26287491667,33533.99307072917,-6479.0,-1420.0,-5059.0,-6323.75,0.5395999971812802,1121.166666666667,1121.166666666667,155.25,0.2329054940317283,0.2329054940317283,0.0,107.36148340783296,107.36148340783296,0.0,1.3999635294291415,1.3999635294291415,0.0,53013414.016751714,42544988.655126594,18202838.639359653,21074114.606961463,55063391.24055437,239126.56408446238,276835.0331151397,722186.3587169661,170102.23333333334
-6.091901833333334,39970.59243565556,39150.11479040278,-6561.266666666666,-1420.0,-5141.266666666666,-6426.583333333333,0.6295333305146135,1117.833333333333,1117.833333333333,134.6833333333334,0.2329054940317283,0.2329054940317283,0.0,106.58513176106038,106.58513176106038,0.0,1.3897491918266005,1.3897491918266005,0.0,53013414.016751714,42544988.655126594,18202838.639359653,21074114.606961463,55063391.24055437,239126.56408446238,276835.0331151397,722186.3587169661,170102.23333333334
-7.436727500000001,41020.49310816667,38075.42507270834,-5515.933333333334,-1420.0,-4095.933333333334,-5119.916666666667,0.7194666638479468,1239.333333333333,1239.333333333333,396.01666666666733,1.814173378373551,1.814173378373551,0.0,257.95849961718676,257.95849961718676,0.0,3.295103388849082,3.295103388849082,0.0,53013414.016751714,42544988.655126594,18202838.639359653,21074114.606961463,55063391.24055437,239126.56408446238,276835.0331151397,722186.3587169661,170102.23333333334
-11.780161249999999,51807.57848933333,43849.68689291667,-4397.866666666667,-1420.0,-2977.866666666667,-3722.3333333333335,0.8093999971812801,1413.666666666667,1413.666666666667,675.5333333333333,1.814173378373551,1.814173378373551,0.0,574.2293919136437,574.2293919136437,0.0,7.26306379067558,7.26306379067558,0.0,53013414.016751714,42544988.655126594,18202838.639359653,21074114.606961463,55063391.24055437,239126.56408446238,276835.0331151397,722186.3587169661,170102.23333333334
-21.224522249999996,71223.83679839998,51356.26900424999,-3355.7333333333336,-1420.0,-1935.7333333333333,-2419.6666666666665,0.8993333305146134,1741.5,1741.5,936.0666666666671,2.726986341086646,2.726986341086646,0.0,1407.0796588276962,1407.0796588276962,0.0,18.27818215285819,18.27818215285819,0.0,53013414.016751714,42544988.655126594,18202838.639359653,21074114.606961463,55063391.24055437,239126.56408446238,276835.0331151397,722186.3587169661,170102.23333333334
-9.591212083333332,20210.602101999997,8238.851179583333,-2107.2,-1420.0,-687.2,-859.0,0.9892666638479467,2451.0,2451.0,1248.1999999999998,6.726867748451722,6.726867748451722,2.452441325406859,4087.3651995803384,4087.3651995803384,1009.7730024279385,53.540238987335606,53.540238987335606,13.09435818884051,53013414.016751714,42544988.655126594,18202838.639359653,21074114.606961463,55063391.24055437,239126.56408446238,276835.0331151397,722186.3587169661,170102.23333333334
24.5711795,35229.981892686235,49242.69131629166,1433.7928666666667,-169.4738,1603.2666666666667,2004.0833333333333,1.0000000045146133,3878.5404666666664,3331.25,23.0,22.54267874059992,19.54019622199443,32.32072417038805,27269.41375235252,15349.14013702948,66830.98544187487,358.34634581070475,202.75846218814962,878.7395072061918,53013414.016751714,42544988.655126594,18202838.639359653,21074114.606961463,55063391.24055437,239126.56408446238,276835.0331151397,722186.3587169661,170102.23333333334
32.51699558333333,199136.2487520389,204615.90445775693,6124.066666666667,1090.0,5034.066666666667,6292.583333333333,0.9235087764444379,4426.266666666666,4259.75,2.0,25.11795777038495,24.31424150686455,44.68551919450886,40300.79269186204,36212.20634189536,282139.790072421,529.2509685985267,476.10598586912994,3702.3027955624116,53013414.016751714,42544988.655126594,18202838.639359653,21074114.606961463,55063391.24055437,239126.56408446238,276835.0331151397,722186.3587169661,170102.23333333334
31.457200666666665,165242.5779552889,206553.2224441111,5252.933333333334,0.0,5252.933333333334,6566.166666666667,0.9235087764444379,5782.983333333333,4469.75,0.0,32.94471252566736,25.11795777038495,45.41560198464936,81340.71087235809,41393.00522224429,303881.9224146865,1069.826153605716,543.565448398993,3989.3507920898824,53013414.016751714,42544988.655126594,18202838.639359653,21074114.606961463,55063391.24055437,239126.56408446238,276835.0331151397,722186.3587169661,170102.23333333334
32.43423791666667,138775.2926327778,173469.11579097222,4278.666666666667,0.0,4278.666666666667,5348.333333333333,0.9235087764444379,5692.749999999999,4623.083333333333,0.0,32.32072417038805,27.24529959316326,44.47862630744314,78382.95093910772,45321.901131653685,256203.34061509016,1030.285947314334,595.1477311854537,3361.6605238661014,53013414.016751714,42544988.655126594,18202838.639359653,21074114.606961463,55063391.24055437,239126.56408446238,276835.0331151397,722186.3587169661,170102.23333333334
37.65839983333333,166314.5570239333,119395.9566715833,4416.4,1880.0,2536.4,3170.5,0.7915789518830343,3634.9333333333334,4880.833333333333,0.0,22.50723964962192,29.74892242460735,42.78347782358002,21777.97990199389,52650.302620164744,171559.92583274617,287.1616257045941,691.5470855504053,2247.9083306234274,53013414.016751714,42544988.655126594,18202838.639359653,21074114.606961463,55063391.24055437,239126.56408446238,276835.0331151397,722186.3587169661,170102.23333333334
35.74417541666667,112193.81779783336,56243.460018125006,3138.8,1880.0,1258.8000000000002,1573.5,0.6596491273216307,3868.366666666667,5433.666666666667,0.0,22.54267874059992,32.32072417038805,40.56336769416088,27040.069047381414,70009.18998529638,127757.71719844731,355.3755849985727,920.4333284530114,1674.8113743792876,53013414.016751714,42544988.655126594,18202838.639359653,21074114.606961463,55063391.24055437,239126.56408446238,276835.0331151397,722186.3587169661,170102.23333333334
38.33178175,113605.17929853333,51926.78701066667,2963.7333333333336,1880.0,1083.7333333333333,1354.6666666666667,0.5277193027602272,4437.766666666666,6046.833333333333,0.0,25.11795777038495,36.84697172463751,41.82965662453434,40589.649206221475,90370.09239147724,143988.71624920206,533.036706836289,1187.3986207890896,1884.034706800765,53013414.016751714,42544988.655126594,18202838.639359653,21074114.606961463,55063391.24055437,239126.56408446238,276835.0331151397,722186.3587169661,170102.23333333334
34.72130016666666,75257.26073457775,12476.520526555552,2167.4666666666667,1880.0,287.46666666666664,359.3333333333333,0.39578947819882365,4247.366666666667,6055.5,0.0,24.31424150686455,37.04540704776583,38.65126493140946,35911.114984568696,90690.8813909496,104225.2664956081,472.0794442148948,1191.6654437870636,1371.1017237894048,53013414.016751714,42544988.655126594,18202838.639359653,21074114.606961463,55063391.24055437,239126.56408446238,276835.0331151397,722186.3587169661,170102.23333333334
34.345043833333335,71197.2758665,8285.741824791667,2073.0,1880.0,193.0,241.25,0.26385965363742014,4237.833333333333,6069.583333333333,0.0,24.31424150686455,37.04540704776583,38.56728378589558,35679.319215536576,91212.60420687229,100206.7078794072,468.9796032643933,1198.6226087794557,1318.2776086602476,53013414.016751714,42544988.655126594,18202838.639359653,21074114.606961463,55063391.24055437,239126.56408446238,276835.0331151397,722186.3587169661,170102.23333333334
34.400258083333334,79281.12812938889,18260.80366590278,2304.666666666667,1880.0,424.66666666666674,530.8333333333334,0.13192982907601664,4073.7499999999995,5847.583333333333,0.0,24.31424150686455,33.36393258291117,38.65126493140946,31689.75742161855,83477.84204936572,102817.71626435593,415.6265715201869,1096.954474829811,1352.6186247584965,53013414.016751714,42544988.655126594,18202838.639359653,21074114.606961463,55063391.24055437,239126.56408446238,276835.0331151397,722186.3587169661,170102.23333333334
34.87717766666667,98281.5615194889,40890.58438269445,2817.9333333333334,1880.0,937.9333333333334,1172.4166666666667,4.514613127781786e-09,3980.4000000000005,5625.916666666667,0.0,22.542812225147,32.32072417038805,40.56336769416088,29565.601957283317,76222.84920705348,119286.73391165005,388.08946081895266,1001.9482823652252,1568.10258074248,53013414.016751714,42544988.655126594,18202838.639359653,21074114.606961463,55063391.24055437,239126.56408446238,276835.0331151397,722186.3587169661,170102.23333333334
28.631737416666667,71434.27607208889,89292.8450901111,2494.9333333333334,0.0,2494.9333333333334,3118.6666666666665,4.514613127781786e-09,5511.816666666666,4888.083333333333,0.0,32.32072417038805,29.74892242460735,42.78347782358002,72535.05457921217,52865.98230774315,169652.49577977823,953.5693162201865,694.4286592755985,2222.6912179336705,53013414.016751714,42544988.655126594,18202838.639359653,21074114.606961463,55063391.24055437,239126.56408446238,276835.0331151397,722186.3587169661,170102.23333333334
25.761350833333328,66696.13730749999,83370.17163437499,2589.0,0.0,2589.0,3236.25,4.514613127781786e-09,5272.25,4625.0,0.0,32.32072417038805,27.24529959316326,42.67864751735718,64792.08642545957,45374.12128920726,163439.70847449437,851.9918608639528,595.8321258153305,2140.714495420349,53013414.016751714,42544988.655126594,18202838.639359653,21074114.606961463,55063391.24055437,239126.56408446238,276835.0331151397,722186.3587169661,170102.23333333334
9.011382666666668,-14233.779301422224,-1797.0198934444445,-1579.5333333333333,-1420.0,-159.53333333333333,-199.41666666666666,0.08993333784794647,4501.616666666667,3219.5,98.0,25.11795777038495,18.7737340514465,17.39733704012239,42193.43080986056,13229.67997597346,9660.407305520766,554.0557839216037,174.78237436901762,127.48871012491847,53013414.016751714,42544988.655126594,18202838.639359653,21074114.606961463,55063391.24055437,239126.56408446238,276835.0331151397,722186.3587169661,170102.23333333334
-5.918263583333334,19599.710784377778,13994.720620055557,-3311.7333333333336,-1420.0,-1891.7333333333333,-2364.6666666666665,0.1798666711812798,2170.333333333333,2170.333333333333,947.0666666666671,2.987420255012056,2.987420255012056,0.0,2641.5673742593835,2641.5673742593835,0.0,34.46204028962809,34.46204028962809,0.0,53013414.016751714,42544988.655126594,18202838.639359653,21074114.606961463,55063391.24055437,239126.56408446238,276835.0331151397,722186.3587169661,170102.23333333334
-8.731167416666667,43939.891063288895,39427.04166452778,-5032.533333333334,-1420.0,-3612.5333333333338,-4515.666666666667,0.26980000451461317,2005.083333333333,2005.083333333333,516.8666666666668,2.987420255012056,2.987420255012056,0.0,2147.8961771186414,2147.8961771186414,0.0,27.93547739385375,27.93547739385375,0.0,53013414.016751714,42544988.655126594,18202838.639359653,21074114.606961463,55063391.24055437,239126.56408446238,276835.0331151397,722186.3587169661,170102.23333333334
-15.760140416666667,92726.36215550001,87933.70345479167,-5883.6,-1420.0,-4463.6,-5579.5,0.3597333378479465,1744.166666666667,1744.166666666667,304.10000000000036,2.726986341086646,2.726986341086646,0.0,1414.351622403928,1414.351622403928,0.0,18.3722852329397,18.3722852329397,0.0,53013414.016751714,42544988.655126594,18202838.639359653,21074114.606961463,55063391.24055437,239126.56408446238,276835.0331151397,722186.3587169661,170102.23333333334
-12.69487075,86284.4975136,85322.22631075,-6796.8,-1420.0,-5376.8,-6721.0,0.4496666711812798,1737.833333333333,1737.833333333333,75.80000000000018,2.726986341086646,2.726986341086646,0.0,1397.0807089103778,1397.0807089103778,0.0,18.148790417746117,18.148790417746117,0.0,53013414.016751714,42544988.655126594,18202838.639359653,21074114.606961463,55063391.24055437,239126.56408446238,276835.0331151397,722186.3587169661,170102.23333333334
-17.29300975,114287.19570311665,112163.90232264582,-6608.866666666667,-1420.0,-5188.866666666667,-6486.083333333333,0.5396000045146131,1936.666666666667,1936.666666666667,122.78333333333376,2.987420255012056,2.987420255012056,0.0,1943.506841338235,1943.506841338235,0.0,25.233355287232122,25.233355287232122,0.0,53013414.016751714,42544988.655126594,18202838.639359653,21074114.606961463,55063391.24055437,239126.56408446238,276835.0331151397,722186.3587169661,170102.23333333334
-17.115026833333328,109018.15692117775,105893.52352230552,-6369.733333333334,-1420.0,-4949.733333333334,-6187.166666666667,0.6295333378479464,1738.166666666667,1738.166666666667,182.5666666666666,2.726986341086646,2.726986341086646,0.0,1397.9897043574083,1397.9897043574083,0.0,18.160553302756323,18.160553302756323,0.0,53013414.016751714,42544988.655126594,18202838.639359653,21074114.606961463,55063391.24055437,239126.56408446238,276835.0331151397,722186.3587169661,170102.23333333334
-16.603067499999998,81386.02314266666,72262.08411583332,-4901.866666666667,-1420.0,-3481.866666666667,-4352.333333333333,0.7194666711812797,1714.916666666667,1714.916666666667,549.5333333333338,2.726986341086646,2.726986341086646,0.0,1334.5872719271438,1334.5872719271438,0.0,17.340092073295754,17.340092073295754,0.0,53013414.016751714,42544988.655126594,18202838.639359653,21074114.606961463,55063391.24055437,239126.56408446238,276835.0331151397,722186.3587169661,170102.23333333334
-14.825254000000001,59640.020141466666,48235.19932683334,-4022.866666666667,-1420.0,-2602.866666666667,-3253.5833333333335,0.809400004514613,1795.166666666667,1795.166666666667,769.2833333333333,2.726986341086646,2.726986341086646,0.0,1553.4279257993471,1553.4279257993471,0.0,20.17200663949837,20.17200663949837,0.0,53013414.016751714,42544988.655126594,18202838.639359653,21074114.606961463,55063391.24055437,239126.56408446238,276835.0331151397,722186.3587169661,170102.23333333334
-18.1245405,49540.41069999999,29754.453987499997,-2733.3333333333335,-1420.0,-1313.3333333333335,-1641.6666666666667,0.8993333378479463,2053.833333333333,2053.833333333333,1091.666666666667,2.987420255012056,2.987420255012056,0.05450289857695256,2293.5329145504793,2293.5329145504793,8.959169048347267,29.860862816964183,29.860862816964183,0.11578976724889381,53013414.016751714,42544988.655126594,18202838.639359653,21074114.606961463,55063391.24055437,239126.56408446238,276835.0331151397,722186.3587169661,170102.23333333334
-12.93560925,18494.4717317,157.383245875,-1429.7333333333333,-1420.0,-9.733333333333334,-12.166666666666666,0.9892666711812796,2516.666666666667,2516.666666666667,1417.5666666666666,6.726867748451722,6.726867748451722,6.726867748451722,4529.09618172867,4529.09618172867,4447.252624122509,59.43633490160832,59.43633490160832,58.34391103931923,53013414.016751714,42544988.655126594,18202838.639359653,21074114.606961463,55063391.24055437,239126.56408446238,276835.0331151397,722186.3587169661,170102.23333333334
22.730125833333332,39172.938992614974,53781.371898819445,1723.3929666666668,-169.4737,1892.8666666666668,2366.0833333333335,1.000000005514613,3473.6070333333337,2885.916666666667,55.0,20.89355881015782,16.36690594755028,32.32072417038805,18242.05730958994,7383.640510867625,64137.591761009215,240.86770391902354,97.53602973663415,843.4057603868536,53013414.016751714,42544988.655126594,18202838.639359653,21074114.606961463,55063391.24055437,239126.56408446238,276835.0331151397,722186.3587169661,170102.23333333334
37.47595616666666,295190.61153359996,280919.7674253333,7876.8,1880.0,5996.8,7496.0,0.8680701809532094,3502.116666666667,3882.916666666667,0.0,21.50912364945978,22.54267874059992,45.41560198464936,18846.523839166282,27368.06502305715,319459.4738954212,248.76047762457566,359.6242010335374,4192.12187454644,53013414.016751714,42544988.655126594,18202838.639359653,21074114.606961463,55063391.24055437,239126.56408446238,276835.0331151397,722186.3587169661,170102.23333333334
36.23442308333334,301298.89045073895,291472.7188175903,8315.266666666666,1880.0,6435.266666666666,8044.083333333333,0.7361403563918059,3990.8999999999996,4262.083333333333,0.0,22.542812225147,24.31424150686455,46.40733315210002,29802.301485647342,36268.939572078045,362023.89092582656,391.15549054570204,476.8646881996721,4740.662495567958,53013414.016751714,42544988.655126594,18202838.639359653,21074114.606961463,55063391.24055437,239126.56408446238,276835.0331151397,722186.3587169661,170102.23333333334
36.07097100000001,259465.7085972001,239565.35389650005,7193.200000000001,1880.0,5313.200000000001,6641.5,0.6042105318304023,4323.383333333332,4875.083333333333,0.0,24.44044850498339,29.74892242460735,45.419280725989,37760.05872114193,52479.24631622325,325711.86605720216,496.7500285307359,689.2616994924934,4273.4805944923555,53013414.016751714,42544988.655126594,18202838.639359653,21074114.606961463,55063391.24055437,239126.56408446238,276835.0331151397,722186.3587169661,170102.23333333334
37.11808916666667,186261.04597761115,145598.79793034724,5018.0666666666675,1880.0,3138.066666666667,3922.5833333333335,0.4722807072689988,4106.5999999999985,5202.083333333333,0.0,24.31424150686455,32.32072417038805,44.30583610456325,32488.480255119022,62524.24894617067,218622.68725168423,426.3080164737499,822.2408460420696,2866.529577075094,53013414.016751714,42544988.655126594,18202838.639359653,21074114.606961463,55063391.24055437,239126.56408446238,276835.0331151397,722186.3587169661,170102.23333333334
36.313671666666664,109125.00426977777,51069.12692055555,3005.0666666666666,1880.0,1125.0666666666666,1406.3333333333333,0.3403508827075953,3982.3499999999995,5581.083333333333,0.0,22.542812225147,32.32072417038805,40.56336769416088,29609.560441122332,74773.80340674774,126956.59068648759,388.6588663396344,982.9387265764208,1664.7196009986314,53013414.016751714,42544988.655126594,18202838.639359653,21074114.606961463,55063391.24055437,239126.56408446238,276835.0331151397,722186.3587169661,170102.23333333334
32.462095,69758.87801533334,10912.674269166666,2148.9333333333334,1880.0,268.93333333333334,336.1666666666667,0.20842105814619177,4023.5666666666666,5836.333333333333,0.0,22.542812225147,33.36393258291117,37.04540704776583,30538.700018335483,83102.49780780797,95025.1940155382,400.69424969559,1092.0352330022893,1249.463429877707,53013414.016751714,42544988.655126594,18202838.639359653,21074114.606961463,55063391.24055437,239126.56408446238,276835.0331151397,722186.3587169661,170102.23333333334
29.72391741666667,60200.84074122223,5399.844997361111,2025.3333333333333,1880.0,145.33333333333334,181.66666666666666,0.07649123358478827,3527.4166666666665,5371.083333333333,0.0,21.87279216787323,32.32072417038805,32.32072417038805,19398.548360200235,67986.45133096624,73858.04955525343,255.96001098398915,893.897684591688,970.9252526578459,53013414.016751714,42544988.655126594,18202838.639359653,21074114.606961463,55063391.24055437,239126.56408446238,276835.0331151397,722186.3587169661,170102.23333333334
29.568970166666663,-3471.3970975666666,-4339.246371958333,-117.4,0.0,-117.4,-146.75,0.07649123358478827,5222.15,5251.5,0.0,32.32072417038805,32.32072417038805,30.77259036144578,63172.818144523124,64121.43139892402,59408.22046604664,830.7492122761663,843.1937579059374,781.2761402003649,53013414.016751714,42544988.655126594,18202838.639359653,21074114.606961463,55063391.24055437,239126.56408446238,276835.0331151397,722186.3587169661,170102.23333333334
29.090281833333336,-661.3190736777779,-826.6488420972223,-22.733333333333334,0.0,-22.733333333333334,-28.416666666666668,0.07649123358478827,5279.733333333334,5285.416666666667,0.0,32.32072417038805,32.32072417038805,32.32072417038805,65033.95317800132,65217.64262703636,64299.19538186116,855.1648313283295,857.5745928614083,845.5257851960138,53013414.016751714,42544988.655126594,18202838.639359653,21074114.606961463,55063391.24055437,239126.56408446238,276835.0331151397,722186.3587169661,170102.23333333334
29.9634255,39721.01801041755,14554.733936625,1325.6501,937.0501,388.6,485.75,0.010733331830402287,4513.0999,5353.0,0.0,25.11795777038495,32.32072417038805,33.36393258291117,42481.866179794706,67401.9849022184,83183.12731155001,557.8360026627469,886.2302615318916,1093.0919590244978,53013414.016751714,42544988.655126594,18202838.639359653,21074114.606961463,55063391.24055437,239126.56408446238,276835.0331151397,722186.3587169661,170102.23333333334
29.283339583333333,52991.131310000004,66238.9141375,1809.6000000000001,0.0,1809.6000000000001,2262.0,0.010733331830402287,5710.4,5258.0,0.0,32.41593658740092,32.32072417038805,42.01557585283346,78953.47595133517,64331.516106031544,148963.7506435827,1037.7645875597843,845.9497901578459,1950.3156614707623,53013414.016751714,42544988.655126594,18202838.639359653,21074114.606961463,55063391.24055437,239126.56408446238,276835.0331151397,722186.3587169661,170102.23333333334
28.718275583333334,66272.20728780556,82840.25910975695,2307.666666666667,0.0,2307.666666666667,2884.5833333333335,0.010733331830402287,5871.75,5294.833333333333,0.0,33.74953782289809,32.32072417038805,43.33706109539501,84288.32090363995,65521.99611297416,177068.88594896917,1107.4787208134721,861.5673062519934,2321.002200363583,53013414.016751714,42544988.655126594,18202838.639359653,21074114.606961463,55063391.24055437,239126.56408446238,276835.0331151397,722186.3587169661,170102.23333333334
19.80535741666667,-27765.79074100556,447.27098832638893,-1401.9333333333334,-1420.0,18.066666666666666,22.583333333333332,0.10066666516373562,5235.683333333333,3836.166666666667,25.0,32.32072417038805,22.54267874059992,22.54267874059992,63610.22527829572,26314.1947919341,26823.283620159316,836.4874127596271,345.9731495122593,352.567507733768,53013414.016751714,42544988.655126594,18202838.639359653,21074114.606961463,55063391.24055437,239126.56408446238,276835.0331151397,722186.3587169661,170102.23333333334
7.29332425,-19917.582305133335,-11951.327337666668,-2730.9333333333334,-1420.0,-1310.9333333333334,-1638.6666666666667,0.19059999849706896,2582.4333333333334,1978.166666666667,488.0,6.726867748451722,2.987420255012056,0.05450289857695256,4971.499850651843,2067.4847819212355,4.998625085088747,65.34140964214637,26.87240133972613,0.0645382198732978,53013414.016751714,42544988.655126594,18202838.639359653,21074114.606961463,55063391.24055437,239126.56408446238,276835.0331151397,722186.3587169661,170102.23333333334
5.441229166666667,-16354.521131944446,-10784.969644097222,-3005.666666666667,-1420.0,-1585.6666666666667,-1982.0833333333333,0.2805333318304023,1397.5833333333337,1307.0,933.0,1.814173378373551,1.814173378373551,0.0,545.0514367448025,380.71756488713095,0.0,6.896994786109372,4.835248630858221,0.0,53013414.016751714,42544988.655126594,18202838.639359653,21074114.606961463,55063391.24055437,239126.56408446238,276835.0331151397,722186.3587169661,170102.23333333334
5.4538525,-23693.716801000002,-19936.55781375,-4344.4,-1420.0,-2924.4,-3655.5,0.3704666651637356,1209.666666666667,1209.666666666667,688.8999999999996,1.814173378373551,1.814173378373551,0.0,204.13802272543919,204.13802272543919,0.0,2.6198672975248947,2.6198672975248947,0.0,53013414.016751714,42544988.655126594,18202838.639359653,21074114.606961463,55063391.24055437,239126.56408446238,276835.0331151397,722186.3587169661,170102.23333333334
5.301209083333333,-25247.89179422222,-22150.21861986111,-4762.666666666666,-1420.0,-3342.6666666666665,-4178.333333333333,0.4603999984970689,1178.333333333333,1178.333333333333,584.333333333333,1.814173378373551,1.814173378373551,0.0,147.29392353640014,147.29392353640014,0.0,1.9066965943285337,1.9066965943285337,0.0,53013414.016751714,42544988.655126594,18202838.639359653,21074114.606961463,55063391.24055437,239126.56408446238,276835.0331151397,722186.3587169661,170102.23333333334
5.015509083333333,-29080.590399711113,-27448.20937672222,-5798.133333333334,-1420.0,-4378.133333333334,-5472.666666666667,0.5503333318304022,1110.0,1110.0,325.46666666666715,0.2329054940317283,0.2329054940317283,0.0,104.76070539114525,104.76070539114525,0.0,1.3657454984606343,1.3657454984606343,0.0,53013414.016751714,42544988.655126594,18202838.639359653,21074114.606961463,55063391.24055437,239126.56408446238,276835.0331151397,722186.3587169661,170102.23333333334
4.308718,-27351.741863999996,-26541.70288,-6348.0,-1420.0,-4928.0,-6160.0,0.6402666651637355,1123.333333333333,1123.333333333333,188.0,0.2329054940317283,0.2329054940317283,0.0,107.8661119782349,107.8661119782349,0.0,1.40660284887079,1.40660284887079,0.0,53013414.016751714,42544988.655126594,18202838.639359653,21074114.606961463,55063391.24055437,239126.56408446238,276835.0331151397,722186.3587169661,170102.23333333334
6.6943348333333335,-32421.556175811114,-28644.500890597224,-4843.133333333333,-1420.0,-3423.1333333333337,-4278.916666666667,0.7301999984970688,1175.916666666667,1175.916666666667,564.2166666666662,1.814173378373551,1.814173378373551,0.0,142.90967120533185,142.90967120533185,0.0,1.8516914071139357,1.8516914071139357,0.0,53013414.016751714,42544988.655126594,18202838.639359653,21074114.606961463,55063391.24055437,239126.56408446238,276835.0331151397,722186.3587169661,170102.23333333334
10.540634,-43435.8445872,-35585.180384,-4120.8,-1420.0,-2700.8,-3376.0,0.8201333318304022,1361.25,1361.25,744.8000000000002,1.814173378373551,1.814173378373551,0.0,479.1364706638961,479.1364706638961,0.0,6.070020247296577,6.070020247296577,0.0,53013414.016751714,42544988.655126594,18202838.639359653,21074114.606961463,55063391.24055437,239126.56408446238,276835.0331151397,722186.3587169661,170102.23333333334
11.538387916666666,-32952.09743827778,-20709.483245763888,-2855.866666666667,-1420.0,-1435.8666666666668,-1794.8333333333333,0.9100666651637355,2928.4500000000007,2114.416666666667,247.0,16.377733074871,2.987420255012056,0.05450289857695256,8079.799607355644,2474.5207916666277,3.91310902176445,106.7303332541557,32.25360675303478,0.05049106411324337,53013414.016751714,42544988.655126594,18202838.639359653,21074114.606961463,55063391.24055437,239126.56408446238,276835.0331151397,722186.3587169661,170102.23333333334
17.459662666666667,-25349.10223697778,-695.4765628888889,-1451.8666666666666,-1420.0,-31.86666666666667,-39.833333333333336,0.9999999984970688,4330.366666666667,3043.333333333333,125.0,24.65932766745755,17.39733704012239,17.39733704012239,37932.17182636867,10064.895391703603,9371.901466272058,498.9503614125846,132.80535002947622,123.69655478080718,53013414.016751714,42544988.655126594,18202838.639359653,21074114.606961463,55063391.24055437,239126.56408446238,276835.0331151397,722186.3587169661,170102.23333333334
35.63082416666666,89307.47307961113,111634.34134951388,2506.466666666667,0.0,2506.466666666667,3133.0833333333335,0.9999999984970688,5591.783333333333,4972.166666666667,7.0,32.32072417038805,30.11596286407184,43.08707397581529,75119.63515537088,55382.65170910877,173867.5050550519,987.4755796680238,727.9583128351513,2278.4246572424377,53013414.016751714,42544988.655126594,18202838.639359653,21074114.606961463,55063391.24055437,239126.56408446238,276835.0331151397,722186.3587169661,170102.23333333334
38.62198658333333,296663.20334390004,280067.3357090416,7681.200000000001,1880.0,5801.200000000001,7251.5,0.8680701739356653,6228.383333333332,6658.083333333333,0.0,37.04540704776583,39.11723780573604,48.01217082003045,97095.41484605748,113659.65723329943,436983.70685098786,1277.0697899007732,1495.4046487459311,5716.163532706004,53013414.016751714,42544988.655126594,18202838.639359653,21074114.606961463,55063391.24055437,239126.56408446238,276835.0331151397,722186.3587169661,170102.23333333334
42.2291575,325302.4613311667,307389.55653895834,7703.266666666666,1880.0,5823.266666666666,7279.083333333333,0.7361403493742618,6750.733333333334,7174.916666666667,0.0,40.56336769416088,41.03679128732746,48.70464264377883,117355.91760940799,134572.52895247404,463348.10972647986,1543.780129455431,1761.1036916743742,6060.111777104432,53013414.016751714,42544988.655126594,18202838.639359653,21074114.606961463,55063391.24055437,239126.56408446238,276835.0331151397,722186.3587169661,170102.23333333334
46.549731333333334,294188.09539582225,258343.25061144444,6319.866666666667,1880.0,4439.866666666667,5549.833333333333,0.6042105248128582,6578.216666666666,7348.25,0.0,38.65126493140946,41.78381289587958,46.68533312447788,110540.23899765154,141762.49960056852,389541.88777544047,1454.026126443864,1855.0131206415558,5098.41321905109,53013414.016751714,42544988.655126594,18202838.639359653,21074114.606961463,55063391.24055437,239126.56408446238,276835.0331151397,722186.3587169661,170102.23333333334
41.05327916666666,194940.1276802778,147199.95355868054,4748.466666666667,1880.0,2868.466666666667,3585.5833333333335,0.4722807002514547,6434.033333333333,7596.916666666667,0.0,38.65126493140946,42.35444356833806,45.41560198464936,104967.37078229115,152211.20664295013,310539.09273893625,1380.8465888162268,1993.0509283672905,4076.0063640143435,53013414.016751714,42544988.655126594,18202838.639359653,21074114.606961463,55063391.24055437,239126.56408446238,276835.0331151397,722186.3587169661,170102.23333333334
42.42922491666667,120770.54580280001,51254.503699333334,2846.4,1880.0,966.4000000000001,1208.0,0.3403508756900512,5943.1833333333325,7581.583333333333,0.0,34.31500019415109,42.35444356833806,44.03935801615658,86715.70114745245,151561.7718415689,203800.652472838,1139.0947121542226,1984.6138420883758,2669.907224456693,53013414.016751714,42544988.655126594,18202838.639359653,21074114.606961463,55063391.24055437,239126.56408446238,276835.0331151397,722186.3587169661,170102.23333333334
