price,estimated_price,price_error,profit,profit_controlled,profit_passive,profit_actual,P_ESS,P_ESS_controlled,P_ESS_passive,P_ESS_actual,SOC_controlled,P_natural_gas,P_natural_gas_actual,P_renewable_absorbed,marginal_price_gas,marginal_price_gas_actual,marginal_price_gas_withoutESS,cost,cost_actual,cost_withoutESS,carbon,carbon_actual,carbon_withoutESS,total_profit,total_profit_actual,total_cost,total_cost_actual,total_cost_withoutESS,total_carbon,total_carbon_actual,total_carbon_withoutESS,total_absorb
96.27138083333334,96.11343319324438,-0.0016406499909086018,14678.176531055557,0.0,14678.176531055557,18347.720663819448,152.46666666666667,0.0,152.46666666666667,190.58333333333334,0.533298674675821,12194.366666666667,12156.25,0.0,54.88259833134684,54.88259833134684,54.88259833134684,602703.361110963,600611.4194045665,611071.1279365491,4354.006680985976,4338.788334987499,4414.880064979884,23789870.672635317,18649127.02332505,300257328.3356371,303395237.0922201,302947966.9108559,2166150.1660094215,2188873.3162375195,2186034.8077224614,68969.01961402982
96.33580908333334,95.30816433885626,-0.010667318354986285,12228.225366311113,0.0,12228.225366311113,15285.28170788889,126.93333333333334,0.0,126.93333333333334,158.66666666666666,0.533298674675821,12237.900000000003,12206.16666666667,0.0,54.88259833134684,54.88259833134684,54.88259833134684,605092.5835583212,603350.9757712731,612059.0147065135,4371.38766906994,4358.717913590665,4422.066690987036,23789870.672635317,18649127.02332505,300257328.3356371,303395237.0922201,302947966.9108559,2166150.1660094215,2188873.3162375195,2186034.8077224614,68969.01961402982
95.594183,97.62275925324465,0.021220708097318648,51448.7892906,51620.85882,-172.0695294,-215.08691175,538.2,540.0,-1.8,-2.25,0.4097288806254778,11674.8,12215.25,0.0,54.25992897817577,54.88259833134684,54.88259833134684,574251.9880435889,603849.492706116,603726.0068598705,4147.543373938745,4362.34449801094,4361.446169760045,23789870.672635317,18649127.02332505,300257328.3356371,303395237.0922201,302947966.9108559,2166150.1660094215,2188873.3162375195,2186034.8077224614,68969.01961402982
96.79006183333333,98.93815012561707,0.02219327327202902,63197.45770637777,52266.633389999995,10930.824316377777,13663.53039547222,652.9333333333334,540.0,112.93333333333334,141.16666666666666,0.28615908657513456,11820.066666666664,12331.83333333333,0.0,54.88259833134684,54.88259833134684,54.94139207655314,582160.8045555397,610247.8889615787,617997.4686162943,4204.564785737266,4408.891209973924,4465.060975960626,23789870.672635317,18649127.02332505,300257328.3356371,303395237.0922201,302947966.9108559,2166150.1660094215,2188873.3162375195,2186034.8077224614,68969.01961402982
96.24162483333332,94.98057415551402,-0.01310296537494171,13903.706734255553,0.0,13903.706734255553,17379.63341781944,144.46666666666667,0.0,144.46666666666667,180.58333333333334,0.28615908657513456,12345.116666666667,12309.0,0.0,54.88259833134684,54.88259833134684,54.9975196258399,610976.9128094136,608994.7362996797,618908.5847121931,4414.194673795869,4399.774841798187,4471.586220533712,23789870.672635317,18649127.02332505,300257328.3356371,303395237.0922201,302947966.9108559,2166150.1660094215,2188873.3162375195,2186034.8077224614,68969.01961402982
97.53710608333334,95.62532305732876,-0.01960057154424089,63117.74472334715,16631.559964030475,46486.184759316675,58107.730949145836,647.115208333338,170.51520833333802,476.6,595.75,0.24713958810068648,12194.634791666662,12246.0,0.0,54.88259833134684,54.88259833134684,55.79006567320489,602718.0765076404,605537.1326048049,638555.2596728967,4354.1137317692055,4374.621650773157,4614.223533421881,23789870.672635317,18649127.02332505,300257328.3356371,303395237.0922201,302947966.9108559,2166150.1660094215,2188873.3162375195,2186034.8077224614,68969.01961402982
161.19650058333332,165.7233096153403,0.028082551517095537,297740.68301078887,87046.110315,210694.57269578887,263368.2158697361,1847.0666666666666,540.0,1307.0666666666666,1633.8333333333333,0.12356979405034323,12743.183333333336,12956.41666666667,0.0,55.79006567320489,55.79006567320489,56.22179083595663,633056.2188663746,644952.5205367577,736563.740599076,4574.295870046806,4660.673030212638,5322.295267165791,23789870.672635317,18649127.02332505,300257328.3356371,303395237.0922201,302947966.9108559,2166150.1660094215,2188873.3162375195,2186034.8077224614,68969.01961402982
127.99792891666665,124.82768373713755,-0.02476794121874499,95657.11887705555,69118.88161499999,26538.237262055558,33172.79657756945,747.3333333333334,540.0,207.33333333333337,259.1666666666667,0.0,12518.250000000004,13006.41666666667,0.0,55.79006567320489,55.79006567320489,56.00225515463917,620507.1734276151,647742.0238204179,662205.8358911972,4483.179240877035,4680.927171255118,4785.8224951396805,23789870.672635317,18649127.02332505,300257328.3356371,303395237.0922201,302947966.9108559,2166150.1660094215,2188873.3162375195,2186034.8077224614,68969.01961402982
78.86986300000001,79.30165874403443,0.0054747875501497635,-87569.62399344212,-41178.370576842106,-46391.25341660001,-57989.06677075,-1110.3052631578948,-522.1052631578947,-588.2,-735.25,0.10782608695652172,12367.221929824565,12078.16666666667,86.0,54.88259833134684,54.88259833134684,54.25992897817577,612190.1070883173,596326.0031848607,556244.0219478823,4423.0203548572845,4307.613017539811,4017.9219325965796,23789870.672635317,18649127.02332505,300257328.3356371,303395237.0922201,302947966.9108559,2166150.1660094215,2188873.3162375195,2186034.8077224614,68969.01961402982
64.861398,62.379447924347076,-0.038265442191870724,-76199.1703704,-35025.15491999999,-41174.0154504,-51467.519313,-1174.8000000000002,-540.0,-634.8000000000001,-793.5,0.21934782608695652,10843.21666666667,10574.91666666667,113.0,52.91215786660042,52.91215786660042,52.51888018461165,529615.0842917889,515418.75233617995,473599.04003441555,3825.429473489545,3722.3521524754037,3418.4501692264075,23789870.672635317,18649127.02332505,300257328.3356371,303395237.0922201,302947966.9108559,2166150.1660094215,2188873.3162375195,2186034.8077224614,68969.01961402982
53.304824499999995,53.94165338013881,0.011946927620760052,-78635.2771024,-28784.605229999997,-49850.671872399995,-62313.3398405,-1475.2,-540.0,-935.2,-1169.0,0.3308695652173913,8189.783333333333,8003.583333333333,120.0,52.36610811073134,52.35243045899558,51.55384335228537,390169.269366626,380420.877746525,319865.76551629876,2811.1513743864843,2739.999956038523,2303.228494873121,23789870.672635317,18649127.02332505,300257328.3356371,303395237.0922201,302947966.9108559,2166150.1660094215,2188873.3162375195,2186034.8077224614,68969.01961402982
47.94932025,47.952488124346715,6.606713776535882e-05,-91349.84831895001,-25892.632935,-65457.21538395,-81821.5192299375,-1905.1333333333334,-540.0,-1365.1333333333334,-1706.4166666666667,0.4423913043478261,7824.383333333333,7749.666666666667,124.0,51.8200325163863,51.8200325163863,51.55384335228537,371063.4859072878,367191.66581110517,279069.49081019027,2671.9865774823925,2644.0090555752586,2011.0007162082002,23789870.672635317,18649127.02332505,300257328.3356371,303395237.0922201,302947966.9108559,2166150.1660094215,2188873.3162375195,2186034.8077224614,68969.01961402982
24.21404583333334,23.916044951156536,-0.012306943012661433,-52923.83284305558,-13075.584750000004,-39848.248093055576,-49810.310116319466,-2185.666666666667,-540.0,-1645.666666666667,-2057.0833333333335,0.5539130434782609,8422.75,8421.166666666666,127.0,52.36610811073134,52.36610811073134,51.55384335228537,402368.82701948937,402285.91401498066,295609.68221904844,2900.4118304538624,2899.805181196,2129.47975452538,23789870.672635317,18649127.02332505,300257328.3356371,303395237.0922201,302947966.9108559,2166150.1660094215,2188873.3162375195,2186034.8077224614,68969.01961402982
41.69704891666667,41.853171022635124,0.0037442003696826895,-54258.97985362777,-22516.40641499998,-31742.573438627784,-39678.216798284724,-1301.2666666666664,-539.9999999999995,-761.2666666666668,-951.5833333333334,0.6654347826086956,7607.016666666666,7368.333333333333,111.0,51.8200325163863,51.8200325163863,51.55384335228537,359799.5381726426,347430.9600781898,298324.85130226886,2590.5940187688425,2501.219472431107,2148.92878107511,23789870.672635317,18649127.02332505,300257328.3356371,303395237.0922201,302947966.9108559,2166150.1660094215,2188873.3162375195,2186034.8077224614,68969.01961402982
46.21618741666668,47.050871912029564,0.018060436007793116,-49155.53693636668,-24956.741205000006,-24198.795731366674,-30248.49466420834,-1063.6,-540.0,-523.6,-654.5,0.7769565217391303,7256.516666666666,6973.416666666667,126.0,51.8200325163863,51.55384335228537,51.55384335228537,341636.6167756492,327023.1574350411,293281.1669609703,2459.349922024022,2354.497605999464,2112.8003678324167,23789870.672635317,18649127.02332505,300257328.3356371,303395237.0922201,302947966.9108559,2166150.1660094215,2188873.3162375195,2186034.8077224614,68969.01961402982
54.46040241666666,54.130829949231774,-0.006051598093480576,-68547.49317511107,-29408.61730499997,-39138.87587011111,-48923.594837638884,-1258.6666666666663,-539.9999999999995,-718.6666666666667,-898.3333333333334,0.888478260869565,8219.583333333332,7968.25,109.0,52.36610811073134,52.35243045899558,51.55384335228537,391729.7793883257,378571.09187030717,331998.10331853665,2822.5691519976212,2726.504382269464,2390.1336388231775,23789870.672635317,18649127.02332505,300257328.3356371,303395237.0922201,302947966.9108559,2166150.1660094215,2188873.3162375195,2186034.8077224614,68969.01961402982
68.66681916666667,69.25997946811702,0.00863823763280268,-72402.29412933334,-37080.082350000004,-35322.21177933333,-44152.76472416667,-1054.4,-540.0,-514.4,-643.0,0.9999999999999998,9891.566666666666,9526.166666666666,46.0,52.51888018461165,52.43758874329534,52.43758874329534,479383.9946867503,460196.9216292488,426479.5520673099,3460.61536169721,3320.885283484796,3076.775204813349,23789870.672635317,18649127.02332505,300257328.3356371,303395237.0922201,302947966.9108559,2166150.1660094215,2188873.3162375195,2186034.8077224614,68969.01961402982
94.82658316666665,96.80894789697605,0.02090515828061867,110062.05419544443,51206.354909999995,58855.69928544444,73569.62410680555,1160.6666666666667,540.0,620.6666666666667,775.8333333333334,0.8764302059496565,10936.416666666666,11321.25,0.0,52.91215786660042,54.25992897817577,54.88259833134684,534546.4974049558,555068.390153355,597364.1990032953,3861.235684143729,4009.4597283207377,4315.165629130659,23789870.672635317,18649127.02332505,300257328.3356371,303395237.0922201,302947966.9108559,2166150.1660094215,2188873.3162375195,2186034.8077224614,68969.01961402982
117.69129633333336,115.10062226830212,-0.02201245245607416,242812.83650851116,63553.30002000001,179259.53648851116,224074.42061063895,2063.133333333333,540.0,1523.1333333333334,1903.9166666666667,0.7528604118993132,12008.116666666663,12167.33333333333,0.0,54.88259833134684,54.88259833134684,56.22179083595663,592481.4771717495,601219.7015360722,707384.631155214,4279.645064661978,4343.213433408568,5109.613944930741,23789870.672635317,18649127.02332505,300257328.3356371,303395237.0922201,302947966.9108559,2166150.1660094215,2188873.3162375195,2186034.8077224614,68969.01961402982
114.26077783333331,114.19926924383223,-0.0005383176157858475,209889.43149464438,61700.82002999999,148188.6114646444,185235.7643308055,1836.9333333333334,540.0,1296.9333333333334,1621.1666666666667,0.6292906178489699,12278.066666666664,12493.83333333333,0.0,54.88259833134684,55.79006567320489,56.22179083595663,607297.0345912966,619144.9659907606,709844.3345042872,4387.424491919229,4473.288468667955,5127.542283751132,23789870.672635317,18649127.02332505,300257328.3356371,303395237.0922201,302947966.9108559,2166150.1660094215,2188873.3162375195,2186034.8077224614,68969.01961402982
112.82099,109.15944037861237,-0.03245450710357718,169539.86237266668,60923.334599999995,108616.52777266668,135770.65971583335,1502.7333333333336,540.0,962.7333333333335,1203.4166666666667,0.5057208237986266,12078.683333333332,12378.0,0.0,54.88259833134684,54.88259833134684,56.08364062042727,596354.3591939984,612781.6355845428,679909.8816622443,4307.819300323348,4427.3235748256,4912.5479232209045,23789870.672635317,18649127.02332505,300257328.3356371,303395237.0922201,302947966.9108559,2166150.1660094215,2188873.3162375195,2186034.8077224614,68969.01961402982
96.91776108333333,93.21044186842268,-0.03825221686376936,75524.78062020557,52335.590985,23189.189635205556,28986.487044006943,779.2666666666667,540.0,239.26666666666665,299.0833333333333,0.38215102974828336,11806.233333333337,12286.41666666667,0.0,54.88259833134684,54.88259833134684,55.79006567320489,581401.5952786232,607755.3042873637,624259.0553441381,4199.041730565106,4390.758287872549,4510.421060579171,23789870.672635317,18649127.02332505,300257328.3356371,303395237.0922201,302947966.9108559,2166150.1660094215,2188873.3162375195,2186034.8077224614,68969.01961402982
85.19750316666666,85.87357748881061,0.007935377176739514,-2158.336746888889,0.0,-2158.336746888889,-2697.920933611111,-25.333333333333336,0.0,-25.333333333333336,-31.666666666666668,0.38215102974828336,11633.999999999996,11640.33333333333,0.0,54.25992897817577,54.25992897817577,54.25992897817577,572038.1829412791,572381.829158141,570663.5980738321,4131.608392348546,4134.081959752253,4121.714122733717,23789870.672635317,18649127.02332505,300257328.3356371,303395237.0922201,302947966.9108559,2166150.1660094215,2188873.3162375195,2186034.8077224614,68969.01961402982
72.74510575000001,74.32311875868922,0.021692359814724855,-75732.50475946668,-39282.357105,-36450.14765446667,-45562.68456808334,-1041.0666666666666,-540.0,-501.0666666666667,-626.3333333333334,0.49367276887871814,12189.233333333334,11774.5,0.0,54.88259833134684,54.52880203202609,52.91215786660042,602421.6304395288,579662.1911177185,545750.6468332084,4351.95716171727,4186.4785523855235,3942.5872410753145,23789870.672635317,18649127.02332505,300257328.3356371,303395237.0922201,302947966.9108559,2166150.1660094215,2188873.3162375195,2186034.8077224614,68969.01961402982
87.28683883333333,86.65325665379827,-0.00725862212452031,8987.634838538892,42307.93078251667,-33320.29594397778,-41650.36992997222,102.96666666666664,484.7,-381.73333333333335,-477.1666666666667,0.3827574370709378,9804.199999999997,10384.33333333333,0.0,52.51888018461165,52.91215786660042,52.51888018461165,474795.5951879546,505334.57691610337,480203.28921763017,3427.1715821644575,3649.132549680228,3466.5870094733746,23789870.672635317,18649127.02332505,300257328.3356371,303395237.0922201,302947966.9108559,2166150.1660094215,2188873.3162375195,2186034.8077224614,68969.01961402982
81.45988250000002,80.03529922520946,-0.017488157741825477,-73780.9309096667,-43988.336550000015,-29792.594359666677,-37240.74294958334,-905.7333333333333,-540.0,-365.73333333333335,-457.1666666666667,0.49427917620137257,10350.066666666668,9901.5,0.0,52.91215786660042,52.51888018461165,52.43758874329534,503521.4536398747,479905.6822299175,455905.77895042254,3635.9677483381324,3464.4178211786148,3289.8178784491097,23789870.672635317,18649127.02332505,300257328.3356371,303395237.0922201,302947966.9108559,2166150.1660094215,2188873.3162375195,2186034.8077224614,68969.01961402982
84.52116433333335,82.6922883520643,-0.021638083143961036,-20104.76762275556,0.0,-20104.76762275556,-25130.959528444448,-237.86666666666667,0.0,-237.86666666666667,-297.3333333333333,0.49427917620137257,9506.533333333333,9566.0,0.0,52.43758874329534,52.4766441051595,52.43758874329534,459167.3969702554,462285.7246362186,446694.24252785026,3313.431637225725,3336.00542521457,3223.127359288999,23789870.672635317,18649127.02332505,300257328.3356371,303395237.0922201,302947966.9108559,2166150.1660094215,2188873.3162375195,2186034.8077224614,68969.01961402982
82.79848225,79.68354199761104,-0.03762074095734971,-6033.249406616666,0.0,-6033.249406616666,-7541.561758270834,-72.86666666666666,0.0,-72.86666666666666,-91.08333333333333,0.49427917620137257,9281.449999999999,9299.666666666666,0.0,52.43758874329534,52.43758874329534,52.43758874329534,447364.569703952,448319.8077788924,443543.6174041906,3227.9804549432497,3234.8962744349005,3200.317176976646,23789870.672635317,18649127.02332505,300257328.3356371,303395237.0922201,302947966.9108559,2166150.1660094215,2188873.3162375195,2186034.8077224614,68969.01961402982
96.33763283333333,96.412181786914,0.0007738300328559431,70994.4128893111,52022.321729999996,18972.091159311112,23715.113949138886,736.9333333333334,540.0,196.93333333333334,246.16666666666666,0.37070938215102933,9449.316666666668,9940.083333333334,0.0,52.43758874329534,52.51888018461165,52.51888018461165,456167.0929343266,481932.0356903738,494860.43336248567,3291.709763195682,3479.187441479706,3573.41953299034,23789870.672635317,18649127.02332505,300257328.3356371,303395237.0922201,302947966.9108559,2166150.1660094215,2188873.3162375195,2186034.8077224614,68969.01961402982
115.08439516666665,115.01542288560084,-0.0005993191428422536,161716.59208819998,62145.57338999999,99571.01869819999,124463.77337274999,1405.2,540.0,865.2,1081.5,0.2471395881006861,11012.966666666669,11336.66666666667,0.0,52.91215786660042,54.25992897817577,54.88259833134684,538596.9230896442,555904.8973917686,614986.0866175187,3890.645184418171,4015.4809121323947,4443.360397674893,23789870.672635317,18649127.02332505,300257328.3356371,303395237.0922201,302947966.9108559,2166150.1660094215,2188873.3162375195,2186034.8077224614,68969.01961402982
210.63613441666666,207.7356528002732,-0.013770104661415481,464171.8282095279,113743.512585,350428.31562452787,438035.3945306598,2203.666666666667,540.0,1663.666666666667,2079.5833333333335,0.12356979405034284,12832.333333333336,12956.41666666667,0.0,55.79006567320489,55.79006567320489,56.58590166737302,638029.9032211407,644952.5205367577,761728.9986302711,4610.4090035255485,4660.673030212638,5505.557114961444,23789870.672635317,18649127.02332505,300257328.3356371,303395237.0922201,302947966.9108559,2166150.1660094215,2188873.3162375195,2186034.8077224614,68969.01961402982
100.41845483333333,102.16284572339278,0.017371218198434207,89666.98560251112,54225.96561,35441.019992511116,44301.274990638885,892.9333333333334,540.0,352.9333333333334,441.1666666666667,0.0,10799.233333333334,11251.0,0.0,52.91215786660042,54.25992897817577,54.25992897817577,527287.831214956,551256.6301426381,575194.3021435098,3808.5316569808892,3982.0226583033,4154.326156135227,23789870.672635317,18649127.02332505,300257328.3356371,303395237.0922201,302947966.9108559,2166150.1660094215,2188873.3162375195,2186034.8077224614,68969.01961402982
74.21743041666666,75.33881685263215,0.015109475357336899,-76615.04403717982,-38749.31103859648,-37865.732998583335,-47332.166248229165,-1032.3052631578948,-522.1052631578947,-510.20000000000005,-637.75,0.10782608695652172,7805.971929824562,7731.416666666667,320.0,51.8200325163863,51.8200325163863,51.55384335228537,370109.4063787909,366245.95021768106,333222.5070981534,2665.09246044013,2637.1753757875467,2398.9041650362674,23789870.672635317,18649127.02332505,300257328.3356371,303395237.0922201,302947966.9108559,2166150.1660094215,2188873.3162375195,2186034.8077224614,68969.01961402982
74.45566033333334,75.0409157504733,0.007860455666094519,-86984.06611208891,-40206.056580000004,-46778.0095320889,-58472.51191511112,-1168.2666666666669,-540.0,-628.2666666666668,-785.3333333333334,0.21934782608695652,5651.0,5651.0,382.9333333333335,51.51118310371481,51.51118310371481,51.4070122316498,258853.28586901762,258853.28586901762,218414.5365596824,1865.322890163287,1865.322890163287,1571.5019446472277,23789870.672635317,18649127.02332505,300257328.3356371,303395237.0922201,302947966.9108559,2166150.1660094215,2188873.3162375195,2186034.8077224614,68969.01961402982
65.17921691666666,65.18748856314464,0.00012690619601274887,-95400.6471603611,-35196.777135,-60203.8700253611,-75254.83753170137,-1463.6666666666665,-540.0,-923.6666666666666,-1154.5833333333333,0.3308695652173913,5829.916666666667,5829.916666666667,309.08333333333326,51.55384335228537,51.55384335228537,51.4070122316498,268071.33756170276,268071.33756170276,208630.06856492505,1932.219849171322,1932.219849171322,1501.4147605747312,23789870.672635317,18649127.02332505,300257328.3356371,303395237.0922201,302947966.9108559,2166150.1660094215,2188873.3162375195,2186034.8077224614,68969.01961402982
51.55534741666667,49.04333443645116,-0.04872458641222215,-98573.82426066668,-27839.887605000004,-70733.93665566666,-88417.42081958333,-1912.0,-540.0,-1372.0,-1715.0,0.4423913043478261,6160.333333333333,6160.333333333333,197.0,51.55384335228537,51.55384335228537,51.34241564990901,285105.58663602034,285105.58663602034,196806.49601442966,2054.2378717499246,2054.2378717499246,1416.7275765835343,23789870.672635317,18649127.02332505,300257328.3356371,303395237.0922201,302947966.9108559,2166150.1660094215,2188873.3162375195,2186034.8077224614,68969.01961402982
38.747514,38.57591870248327,-0.004428549855269024,-85004.29621320001,-20923.65756,-64080.63865320001,-80100.7983165,-2193.8,-540.0,-1653.8000000000002,-2067.25,0.5539130434782609,6150.583333333333,6150.583333333333,126.55000000000018,51.55384335228537,51.55384335228537,50.67189760672262,284602.9366633356,284602.9366633356,178425.15347037945,2050.6373399361296,2050.6373399361296,1283.905091930699,23789870.672635317,18649127.02332505,300257328.3356371,303395237.0922201,302947966.9108559,2166150.1660094215,2188873.3162375195,2186034.8077224614,68969.01961402982
19.014292416666667,18.550064336244095,-0.02441469134111253,-44522.599503372214,-10267.717904999992,-34254.88159837222,-42818.60199796528,-2341.533333333333,-539.9999999999995,-1801.5333333333333,-2251.9166666666665,0.6654347826086956,6486.583333333333,6486.583333333333,89.61666666666633,51.55384335228537,51.55384335228537,50.67189760672262,301925.0280297035,301925.0280297035,186093.50064153012,2174.717205519213,2174.717205519213,1339.3160545607498,23789870.672635317,18649127.02332505,300257328.3356371,303395237.0922201,302947966.9108559,2166150.1660094215,2188873.3162375195,2186034.8077224614,68969.01961402982
5.1126835,5.146352496941408,0.006585386508162991,-9122.390746266667,-2760.84909,-6361.541656266667,-7951.927070333333,-1784.2666666666667,-540.0,-1244.2666666666667,-1555.3333333333333,0.7769565217391303,5938.833333333333,5938.833333333333,228.9333333333334,51.55384335228537,51.55384335228537,50.97968975860302,273686.4103334891,273686.4103334891,193639.2671709309,1972.4411746467906,1972.4411746467906,1393.7775134942276,23789870.672635317,18649127.02332505,300257328.3356371,303395237.0922201,302947966.9108559,2166150.1660094215,2188873.3162375195,2186034.8077224614,68969.01961402982
0.7154720000000001,0.6969262611688072,-0.02592098479212738,-883.5125237333332,-386.35487999999975,-497.1576437333335,-621.4470546666668,-1234.8666666666663,-539.9999999999995,-694.8666666666668,-868.5833333333334,0.888478260869565,6654.0,6654.0,366.28333333333285,51.55384335228537,51.55384335228537,51.51118310371481,310556.00063759857,310556.00063759857,265777.2473978753,2236.541721877451,2236.541721877451,1915.7900429519916,23789870.672635317,18649127.02332505,300257328.3356371,303395237.0922201,302947966.9108559,2166150.1660094215,2188873.3162375195,2186034.8077224614,68969.01961402982
32.68448,32.882322053706076,0.006053088612885444,-18991.861845333333,-17649.6192,-1342.2426453333335,-1677.8033066666667,-581.0666666666667,-540.0,-41.06666666666667,-51.333333333333336,0.9999999999999998,8106.833333333333,8106.833333333333,529.7333333333333,52.35243045899558,52.35243045899558,52.35243045899558,385826.2661914163,385826.2661914163,383138.84142785455,2779.436314292921,2779.436314292921,2759.8295373076835,23789870.672635317,18649127.02332505,300257328.3356371,303395237.0922201,302947966.9108559,2166150.1660094215,2188873.3162375195,2186034.8077224614,68969.01961402982
99.22572283333335,98.17073392694462,-0.010632211852573403,160725.82584543334,53581.89033000001,107143.93551543335,133929.91939429168,1619.8,540.0,1079.8,1349.75,0.8764302059496565,9804.283333333331,10074.33333333333,0.0,52.51888018461165,52.51888018461165,54.25992897817577,474799.9717613034,488982.6953551577,560648.1195166105,3427.203481992322,3530.578064168815,4049.6226516914576,23789870.672635317,18649127.02332505,300257328.3356371,303395237.0922201,302947966.9108559,2166150.1660094215,2188873.3162375195,2186034.8077224614,68969.01961402982
107.51335199999998,109.45709473457921,0.018079082257422698,210762.007704,58057.21007999999,152704.797624,190880.99702999997,1960.3333333333335,540.0,1420.3333333333335,1775.4166666666667,0.7528604118993132,11701.000000000004,11885.91666666667,0.0,54.25992897817577,54.88259833134684,56.08364062042727,575673.5981828173,585774.8236556593,684391.8992751603,4157.7761317246095,4230.85585921343,4944.590482838387,23789870.672635317,18649127.02332505,300257328.3356371,303395237.0922201,302947966.9108559,2166150.1660094215,2188873.3162375195,2186034.8077224614,68969.01961402982
110.34972858333335,110.059512693082,-0.0026299646947674778,184247.26349130558,59588.853435000005,124658.41005630558,155823.01257038195,1669.6666666666667,540.0,1129.6666666666667,1412.0833333333333,0.6292906178489699,11537.583333333336,11795.16666666667,0.0,54.25992897817577,54.88259833134684,55.79006567320489,566806.6214556338,580794.2278570896,658946.5286764533,4093.9515833210567,4194.623286427376,4762.281304442414,23789870.672635317,18649127.02332505,300257328.3356371,303395237.0922201,302947966.9108559,2166150.1660094215,2188873.3162375195,2186034.8077224614,68969.01961402982
116.28949849999998,115.40307970718099,-0.0076225179767111855,174031.11082186666,62796.32918999999,111234.78163186666,139043.47703983332,1496.5333333333333,540.0,956.5333333333334,1195.6666666666667,0.5057208237986266,11244.883333333333,11545.75,0.0,54.25992897817577,54.25992897817577,55.79006567320489,550924.7402437215,567249.7442089553,632957.6564170184,3979.6337129423514,4097.1411833942575,4573.580223729971,23789870.672635317,18649127.02332505,300257328.3356371,303395237.0922201,302947966.9108559,2166150.1660094215,2188873.3162375195,2186034.8077224614,68969.01961402982
102.78508741666667,102.52455141961376,-0.002534764561679669,117181.85199416112,55503.947205000004,61677.90478916112,77097.38098645139,1140.0666666666666,540.0,600.0666666666667,750.0833333333334,0.38215102974828336,11079.099999999997,11469.08333333333,0.0,52.91215786660042,54.25992897817577,54.88259833134684,542096.1804632217,563089.8163206284,604064.4495495803,3916.052738759336,4067.1979990335885,4363.908254595828,23789870.672635317,18649127.02332505,300257328.3356371,303395237.0922201,302947966.9108559,2166150.1660094215,2188873.3162375195,2186034.8077224614,68969.01961402982
89.53830908333333,91.06159459833603,0.017012667880347884,50702.55982358889,48350.686905,2351.872918588889,2939.841148236111,566.2666666666667,540.0,26.26666666666667,32.833333333333336,0.2585812356979401,10281.483333333337,10814.91666666667,0.0,52.91215786660042,52.91215786660042,52.91215786660042,499892.5614795239,528117.670224164,529854.9527407842,3609.6189363134604,3814.5569867780273,3827.1711203597056,23789870.672635317,18649127.02332505,300257328.3356371,303395237.0922201,302947966.9108559,2166150.1660094215,2188873.3162375195,2186034.8077224614,68969.01961402982
87.492803,88.79191388032945,0.01484820277536927,968.2536865333334,0.0,968.2536865333334,1210.3171081666667,11.066666666666668,0.0,11.066666666666668,13.833333333333334,0.2585812356979401,10099.599999999997,10096.83333333333,0.0,52.51888018461165,52.51888018461165,52.51888018461165,490309.6723944889,490164.37015931145,490890.88133519865,3540.2500919772187,3539.1910176921297,3544.486389117575,23789870.672635317,18649127.02332505,300257328.3356371,303395237.0922201,302947966.9108559,2166150.1660094215,2188873.3162375195,2186034.8077224614,68969.01961402982
91.3776115,90.36867641979558,-0.011041381621190931,38258.28297485833,49101.759539525,-10843.47656466667,-13554.345705833335,418.68333333333334,537.35,-118.66666666666669,-148.33333333333334,0.1356178489702513,9664.400000000003,10231.41666666667,0.0,52.51888018461165,52.91215786660042,52.51888018461165,467453.4557381462,497243.42610900267,489442.2355567734,3373.656430939599,3590.383983379774,3533.9275460945505,23789870.672635317,18649127.02332505,300257328.3356371,303395237.0922201,302947966.9108559,2166150.1660094215,2188873.3162375195,2186034.8077224614,68969.01961402982
84.46224825,83.1312060638922,-0.015759019132051105,-25738.462450050003,0.0,-25738.462450050003,-32173.0780625625,-304.73333333333335,0.0,-304.73333333333335,-380.9166666666667,0.1356178489702513,10162.566666666668,10238.75,0.0,52.51888018461165,52.91215786660042,52.51888018461165,493616.61121678015,497631.4486000243,477612.3577951895,3564.3536019113553,3593.2013533167974,3447.702311377812,23789870.672635317,18649127.02332505,300257328.3356371,303395237.0922201,302947966.9108559,2166150.1660094215,2188873.3162375195,2186034.8077224614,68969.01961402982
86.82858916666667,85.07933956790997,-0.020146009690414836,-38007.76776455556,0.0,-38007.76776455556,-47509.70970569445,-437.73333333333335,0.0,-437.73333333333335,-547.1666666666666,0.1356178489702513,10220.149999999998,10329.58333333333,0.0,52.86675587287631,52.91215786660042,52.51888018461165,496647.5881865135,502437.63627290697,473651.5589145999,3586.1339214341306,3628.098321854942,3418.832967160775,23789870.672635317,18649127.02332505,300257328.3356371,303395237.0922201,302947966.9108559,2166150.1660094215,2188873.3162375195,2186034.8077224614,68969.01961402982
82.24493766666667,82.1180734069927,-0.0015425175490816545,-40223.25751484445,0.0,-40223.25751484445,-50279.07189355556,-489.0666666666667,0.0,-489.0666666666667,-611.3333333333334,0.1356178489702513,10055.400000000003,10177.66666666667,0.0,52.51888018461165,52.51888018461165,52.4766441051595,487988.3378903294,494409.6463075679,462303.21685092046,3523.3304232780874,3570.1338507203363,3336.1312121908127,23789870.672635317,18649127.02332505,300257328.3356371,303395237.0922201,302947966.9108559,2166150.1660094215,2188873.3162375195,2186034.8077224614,68969.01961402982
80.43992650000001,79.1337565993988,-0.016237830607679964,-39249.32147023334,-43437.56031000001,4188.238839766667,5235.298549708334,-487.93333333333334,-540.0,52.06666666666666,65.08333333333333,0.2471395881006861,10383.933333333332,9830.916666666666,0.0,52.91215786660042,52.51888018461165,52.51888018461165,505313.4120529568,476198.7246035536,479616.8283889021,3648.978874956391,3437.3986669776978,3462.312432539582,23789870.672635317,18649127.02332505,300257328.3356371,303395237.0922201,302947966.9108559,2166150.1660094215,2188873.3162375195,2186034.8077224614,68969.01961402982
98.98541866666669,98.27129740717164,-0.007214408638305183,119891.13908906671,53452.12608000001,66439.0130090667,83048.76626133335,1211.2,540.0,671.2,839.0,0.12356979405034284,10548.966666666669,10921.16666666667,0.0,52.91215786660042,52.91215786660042,54.25992897817577,514045.68183954165,533739.5869974904,578883.9773140261,3712.3825047664322,3855.376835297418,4180.884458785559,23789870.672635317,18649127.02332505,300257328.3356371,303395237.0922201,302947966.9108559,2166150.1660094215,2188873.3162375195,2186034.8077224614,68969.01961402982
102.82902991666667,106.30664795069757,0.033819418863030866,205438.69123617778,55527.676155,149911.0150811778,187388.7688514722,1997.8666666666668,540.0,1457.8666666666668,1822.3333333333333,0.0,11180.549999999997,11356.08333333333,0.0,53.29238283779534,54.25992897817577,55.79006567320489,547466.3303740635,556958.4443460945,657337.9151162088,3954.938824764746,4023.0643490411267,4750.601416441248,23789870.672635317,18649127.02332505,300257328.3356371,303395237.0922201,302947966.9108559,2166150.1660094215,2188873.3162375195,2186034.8077224614,68969.01961402982
60.34243608333333,60.791915681485705,0.007448814256216553,-6271.590523594445,0.0,-6271.590523594445,-7839.488154493055,-103.93333333333334,0.0,-103.93333333333334,-129.91666666666666,0.0,10741.266666666666,10767.25,0.0,52.91215786660042,52.91215786660042,52.91215786660042,524220.68979728874,525595.5240325226,518721.35285635345,3786.261628251408,3796.244082187366,3746.331812507578,23789870.672635317,18649127.02332505,300257328.3356371,303395237.0922201,302947966.9108559,2166150.1660094215,2188873.3162375195,2186034.8077224614,68969.01961402982
45.64425741666667,46.99452063103261,0.029582324059738114,-61367.18262146112,-24647.899005000003,-36719.283616461114,-45899.104520576395,-1344.4666666666667,-540.0,-804.4666666666667,-1005.5833333333334,0.11152173913043478,7605.166666666667,7605.166666666667,338.8833333333333,51.8200325163863,51.8200325163863,51.55384335228537,359703.6711124873,359703.6711124873,307750.6123285118,2589.901289584883,2589.901289584883,2216.44644602781,23789870.672635317,18649127.02332505,300257328.3356371,303395237.0922201,302947966.9108559,2166150.1660094215,2188873.3162375195,2186034.8077224614,68969.01961402982
30.780938250000002,30.475665386883062,-0.009917594474786377,-35707.94043255001,-16621.706655,-19086.233777550002,-23857.792221937503,-1160.0666666666666,-540.0,-620.0666666666667,-775.0833333333334,0.22304347826086957,5784.416666666667,5784.416666666667,384.98333333333323,51.51118310371481,51.51118310371481,51.51118310371481,265725.7362147716,265725.7362147716,225800.27671080065,1915.414589862429,1915.414589862429,1624.4071576939598,23789870.672635317,18649127.02332505,300257328.3356371,303395237.0922201,302947966.9108559,2166150.1660094215,2188873.3162375195,2186034.8077224614,68969.01961402982
30.78530325,30.585546740524315,-0.006488697150504276,-41042.966292900004,-16624.063755,-24418.9025379,-30523.628172375,-1333.2,-540.0,-793.2,-991.5,0.33456521739130435,5562.916666666667,5562.916666666667,341.70000000000005,51.51118310371481,51.51118310371481,51.4070122316498,254316.00915729877,254316.00915729877,203288.02321051943,1832.2517305243157,1832.2517305243157,1463.1491219852373,23789870.672635317,18649127.02332505,300257328.3356371,303395237.0922201,302947966.9108559,2166150.1660094215,2188873.3162375195,2186034.8077224614,68969.01961402982
22.601801333333338,22.65194468512977,0.0022185555503701523,-41177.468455822236,-12204.972720000002,-28972.49573582223,-36215.619669777785,-1821.8666666666668,-540.0,-1281.8666666666668,-1602.3333333333333,0.44608695652173913,5900.833333333333,5900.833333333333,219.53333333333353,51.55384335228537,51.55384335228537,50.67189760672262,271727.3642861023,271727.3642861023,189328.0567720926,1958.4083327058465,1958.4083327058465,1362.6887403397254,23789870.672635317,18649127.02332505,300257328.3356371,303395237.0922201,302947966.9108559,2166150.1660094215,2188873.3162375195,2186034.8077224614,68969.01961402982
1.1682650833333332,1.1526721654272525,-0.013347071763533828,-2017.2043772222219,-630.8631449999995,-1386.3412322222223,-1732.9265402777776,-1726.6666666666663,-539.9999999999995,-1186.6666666666667,-1483.3333333333333,0.5576086956521739,5723.916666666667,5723.916666666667,243.33333333333303,51.51118310371481,51.51118310371481,50.67189760672262,262609.3096369968,262609.3096369968,186393.3093690366,1892.6996779438923,1892.6996779438923,1341.4824523287755,23789870.672635317,18649127.02332505,300257328.3356371,303395237.0922201,302947966.9108559,2166150.1660094215,2188873.3162375195,2186034.8077224614,68969.01961402982
7.430330999999999,7.25520525090773,-0.02356903738100876,-10448.531452199999,-4012.378739999999,-6436.1527122,-8045.190890249999,-1406.2,-540.0,-866.2,-1082.75,0.6691304347826086,5396.5,5396.5,323.4499999999998,51.51118310371481,51.51118310371481,50.67189760672262,245743.6897691222,245743.6897691222,190100.80321059513,1769.7700788696084,1769.7700788696084,1368.2725543051986,23789870.672635317,18649127.02332505,300257328.3356371,303395237.0922201,302947966.9108559,2166150.1660094215,2188873.3162375195,2186034.8077224614,68969.01961402982
23.830192333333333,23.946142493815447,0.004865682947926818,-30111.83103239999,-12868.303859999989,-17243.5271724,-21554.4089655,-1263.5999999999995,-539.9999999999995,-723.6,-904.5,0.7806521739130433,5426.083333333333,5426.083333333333,359.09999999999945,51.51118310371481,51.51118310371481,51.4070122316498,247267.56226927374,247267.56226927374,200726.24043430886,1780.8772327691681,1780.8772327691681,1444.7987997105643,23789870.672635317,18649127.02332505,300257328.3356371,303395237.0922201,302947966.9108559,2166150.1660094215,2188873.3162375195,2186034.8077224614,68969.01961402982
23.386172499999997,24.00692501058477,0.026543570162444238,-20802.779977833332,-12628.53315,-8174.246827833333,-10217.808534791666,-889.5333333333333,-540.0,-349.53333333333336,-436.9166666666667,0.892173913043478,6272.583333333333,6272.583333333333,452.61666666666656,51.55384335228537,51.55384335228537,51.55384335228537,290892.5055523144,290892.5055523144,268367.77216097835,2095.6901482728445,2095.6901482728445,1934.3432397281751,23789870.672635317,18649127.02332505,300257328.3356371,303395237.0922201,302947966.9108559,2166150.1660094215,2188873.3162375195,2186034.8077224614,68969.01961402982
55.86327108333333,54.28940506541899,-0.028173538487686205,-34700.701785344165,-29166.513730021943,-5534.188055322222,-6917.735069152777,-621.172035085089,-522.1053684184222,-99.06666666666666,-123.83333333333333,1.0,8390.588701751756,8371.25,478.0,52.36610811073134,52.36610811073134,52.36610811073134,400684.66499844036,399671.9724517867,393187.3027307411,2888.089328739638,2880.6797651191796,2833.2334073726765,23789870.672635317,18649127.02332505,300257328.3356371,303395237.0922201,302947966.9108559,2166150.1660094215,2188873.3162375195,2186034.8077224614,68969.01961402982
108.86053424999999,107.47585116331973,-0.012719789556611173,172079.47517345,58784.688494999995,113294.78667845,141618.4833480625,1580.7333333333333,540.0,1040.7333333333333,1300.9166666666667,0.8764302059496567,10512.933333333334,10792.75,0.0,52.91215786660042,52.91215786660042,54.88259833134684,512139.08041774837,526944.7840581209,597176.6834589964,3698.538973394052,3806.04084583202,4313.801501045968,23789870.672635317,18649127.02332505,300257328.3356371,303395237.0922201,302947966.9108559,2166150.1660094215,2188873.3162375195,2186034.8077224614,68969.01961402982
102.95621416666667,100.28481461093642,-0.025946948198830876,207250.85911750002,55596.35565,151654.5034675,189568.129334375,2013.0,540.0,1473.0,1841.25,0.7528604118993134,11809.41666666667,11981.16666666667,0.0,54.88259833134684,54.88259833134684,56.08364062042727,581576.3048833113,591002.39114672,693426.0390517674,4200.3126986830375,4268.8850885012735,5009.176789137232,23789870.672635317,18649127.02332505,300257328.3356371,303395237.0922201,302947966.9108559,2166150.1660094215,2188873.3162375195,2186034.8077224614,68969.01961402982
106.50875883333333,102.55632338202363,-0.03710901802446636,212527.57737603335,57514.72977,155012.84760603335,193766.05950754165,1995.4,540.0,1455.4,1819.25,0.6292906178489701,12396.68333333333,12572.83333333333,0.0,54.88259833134684,55.79006567320489,56.22179083595663,613807.0254633665,623552.3811789438,725422.4557150835,4434.783026449688,4505.290011515074,5241.088429613614,23789870.672635317,18649127.02332505,300257328.3356371,303395237.0922201,302947966.9108559,2166150.1660094215,2188873.3162375195,2186034.8077224614,68969.01961402982
109.88071566666666,109.68001856574877,-0.0018264997611293818,214450.5300761111,59335.58646,155114.94361611112,193893.67952013886,1951.6666666666667,540.0,1411.6666666666667,1764.5833333333333,0.5057208237986268,12306.499999999996,12493.58333333333,0.0,54.88259833134684,55.79006567320489,56.22179083595663,608857.5298038512,619131.0184743423,717893.4208923017,4398.776699297192,4473.187197962742,5186.210638214815,23789870.672635317,18649127.02332505,300257328.3356371,303395237.0922201,302947966.9108559,2166150.1660094215,2188873.3162375195,2186034.8077224614,68969.01961402982
112.89085583333333,113.03669582765512,0.0012918672043474356,167289.1962308889,60961.06215,106328.13408088889,132910.1676011111,1481.8666666666668,540.0,941.8666666666667,1177.3333333333333,0.3821510297482836,12120.383333333337,12424.91666666667,0.0,54.88259833134684,54.88259833134684,56.08364062042727,598642.9635444158,615356.5441562552,681078.2908418367,4324.468317239917,4446.055382427574,4920.9010409522625,23789870.672635317,18649127.02332505,300257328.3356371,303395237.0922201,302947966.9108559,2166150.1660094215,2188873.3162375195,2186034.8077224614,68969.01961402982
105.74554225000001,105.3999070171318,-0.0032685560593285197,88086.03669425001,57102.59281500001,30983.443879250004,38729.30484906251,833.0,540.0,293.0,366.25,0.25858123569794034,11965.33333333333,12432.08333333333,0.0,54.88259833134684,54.88259833134684,55.79006567320489,590133.4166731401,615749.8694442962,636133.0409882516,4262.563519328313,4448.916724263752,4596.63618761666,23789870.672635317,18649127.02332505,300257328.3356371,303395237.0922201,302947966.9108559,2166150.1660094215,2188873.3162375195,2186034.8077224614,68969.01961402982
88.85453041666666,87.26363756602339,-0.01790446523303973,-5437.8972615,0.0,-5437.8972615,-6797.371576875,-61.2,0.0,-61.2,-76.5,0.25858123569794034,11869.86666666667,11885.16666666667,0.0,54.88259833134684,54.88259833134684,54.88259833134684,584893.9579524412,585733.6617069108,581535.1429345628,4224.447784357054,4230.556416463132,4200.013255932739,23789870.672635317,18649127.02332505,300257328.3356371,303395237.0922201,302947966.9108559,2166150.1660094215,2188873.3162375195,2186034.8077224614,68969.01961402982
90.56211516666666,91.02469703403467,0.005107896017188755,-8591.325992144444,0.0,-8591.325992144444,-10739.157490180554,-94.86666666666667,0.0,-94.86666666666667,-118.58333333333333,0.25858123569794034,11593.200000000003,11616.91666666667,0.0,54.25992897817577,54.25992897817577,54.25992897817577,569824.3778389699,571111.2424879024,564676.9192432404,4115.67341075835,4124.936269746443,4078.6219748059757,23789870.672635317,18649127.02332505,300257328.3356371,303395237.0922201,302947966.9108559,2166150.1660094215,2188873.3162375195,2186034.8077224614,68969.01961402982
91.32268575,91.5147318495927,0.002102939680491279,1089.7840499499994,4566.1342875,-3476.3502375500007,-4345.4377969375,11.93333333333333,50.0,-38.06666666666667,-47.583333333333336,0.24713958810068634,11698.400000000003,11757.91666666667,0.0,54.25992897817577,54.25992897817577,54.25992897817577,575532.522367474,578761.8924738251,576180.0241866136,4156.760667211509,4180.005691418453,4161.421388951126,23789870.672635317,18649127.02332505,300257328.3356371,303395237.0922201,302947966.9108559,2166150.1660094215,2188873.3162375195,2186034.8077224614,68969.01961402982
95.79366233333333,94.09176522608152,-0.017766280835257317,73671.71257848889,51728.577659999995,21943.13491848889,27428.91864811111,769.0666666666666,540.0,229.06666666666666,286.3333333333333,0.12356979405034309,11453.849999999997,11936.58333333333,0.0,54.25992897817577,54.88259833134684,54.88259833134684,562263.2567358608,588555.5419711139,604270.2592933229,4061.248418488882,4251.084880566891,4365.405468347318,23789870.672635317,18649127.02332505,300257328.3356371,303395237.0922201,302947966.9108559,2166150.1660094215,2188873.3162375195,2186034.8077224614,68969.01961402982
94.27687949999999,95.12064689232514,0.008949886725144967,72681.1889692,50909.51493,21771.674039200003,27214.592549,770.9333333333334,540.0,230.93333333333337,288.6666666666667,0.0,11369.150000000003,11851.41666666667,0.0,54.25992897817577,54.88259833134684,54.88259833134684,557667.4407514097,583881.3740132278,599724.1507315432,4028.1677091582515,4217.081492699724,4332.3336801477435,23789870.672635317,18649127.02332505,300257328.3356371,303395237.0922201,302947966.9108559,2166150.1660094215,2188873.3162375195,2186034.8077224614,68969.01961402982
85.67581125,82.69281992660189,-0.03481719378989959,-51245.558569,-46264.938075,-4980.620494000001,-6225.7756175,-598.1333333333333,-540.0,-58.13333333333334,-72.66666666666667,0.11152173913043478,12110.633333333337,11585.16666666667,0.0,54.88259833134684,54.25992897817577,54.25992897817577,598107.8582106851,569388.4897428453,565445.6015704313,4320.575561486044,4112.535885788384,4084.1549545247954,23789870.672635317,18649127.02332505,300257328.3356371,303395237.0922201,302947966.9108559,2166150.1660094215,2188873.3162375195,2186034.8077224614,68969.01961402982
89.32912991666666,90.06874943727128,0.008279712578579878,73858.81343393194,43534.551464887496,30324.261969044444,37905.32746130555,826.8166666666667,487.35,339.4666666666667,424.3333333333333,0.0,11283.183333333336,11685.66666666667,0.0,54.25992897817577,54.25992897817577,54.88259833134684,553002.8955235858,574841.612605152,598073.099231742,3994.5922863468772,4151.787494852476,4320.322698719126,23789870.672635317,18649127.02332505,300257328.3356371,303395237.0922201,302947966.9108559,2166150.1660094215,2188873.3162375195,2186034.8077224614,68969.01961402982
90.616108,90.66677628878114,0.0005591532223072725,74993.8909808,0.0,74993.8909808,93742.363726,827.6,0.0,827.6,1034.5,0.0,12206.06666666667,12002.16666666667,3.0,54.88259833134684,54.88259833134684,55.79006567320489,603345.48751144,592154.9257116783,649429.6733070323,4358.677987890625,4277.269485509616,4693.180926585818,23789870.672635317,18649127.02332505,300257328.3356371,303395237.0922201,302947966.9108559,2166150.1660094215,2188873.3162375195,2186034.8077224614,68969.01961402982
39.09460216666667,37.96012814872226,-0.029018686853698183,-29683.228271744447,-21111.085170000002,-8572.143101744445,-10715.178877180555,-759.2666666666667,-540.0,-219.26666666666665,-274.0833333333333,0.11152173913043478,10404.100000000002,10040.91666666667,122.0,52.91215786660042,52.51888018461165,52.51888018461165,506380.4739032668,487227.68944232224,472833.1396983899,3656.72664228321,3517.786233195302,3412.8676993501845,23789870.672635317,18649127.02332505,300257328.3356371,303395237.0922201,302947966.9108559,2166150.1660094215,2188873.3162375195,2186034.8077224614,68969.01961402982
27.18666008333334,26.306110064694728,-0.03238904727316728,-45671.77649599446,-14680.796445000004,-30990.980050994454,-38738.72506374307,-1679.9333333333334,-540.0,-1139.9333333333334,-1424.9166666666667,0.22304347826086957,8739.25,8739.25,255.01666666666665,52.36610811073134,52.36610811073134,51.8200325163863,418942.7002365358,418942.7002365358,344632.6783223049,3021.6778242097294,3021.6778242097294,2480.999269223631,23789870.672635317,18649127.02332505,300257328.3356371,303395237.0922201,302947966.9108559,2166150.1660094215,2188873.3162375195,2186034.8077224614,68969.01961402982
54.83327775,55.94828597515795,0.020334517120088526,-38785.4051285,0.0,-38785.4051285,-48481.756410625,-707.3333333333334,0.0,-707.3333333333334,-884.1666666666666,0.22304347826086957,6221.666666666667,6398.5,0.0,51.55384335228537,51.55384335228537,51.51118310371481,288267.5556949606,297383.9936610897,251813.4241781766,2076.8873710230273,2142.1893240903146,1814.0109679230666,23789870.672635317,18649127.02332505,300257328.3356371,303395237.0922201,302947966.9108559,2166150.1660094215,2188873.3162375195,2186034.8077224614,68969.01961402982
15.889292916666667,15.534325506219602,-0.022340038182235938,-30044.534333027783,-8580.218175,-21464.31615802778,-26830.395197534723,-1890.8666666666668,-540.0,-1350.8666666666668,-1688.5833333333333,0.33456521739130435,7062.833333333333,7062.833333333333,202.28333333333353,51.55384335228537,51.55384335228537,51.51118310371481,331632.9302614579,331632.9302614579,244597.56594506453,2387.5178678473435,2387.5178678473435,1761.4162476268407,23789870.672635317,18649127.02332505,300257328.3356371,303395237.0922201,302947966.9108559,2166150.1660094215,2188873.3162375195,2186034.8077224614,68969.01961402982
7.3278679166666665,7.407809430835955,0.010909246056068767,-16861.424076249998,-3957.048675,-12904.37540125,-16130.4692515625,-2301.0,-540.0,-1761.0,-2201.25,0.44608695652173913,7217.083333333333,7217.083333333333,99.75,51.8200325163863,51.8200325163863,51.51118310371481,339593.18016008637,339593.18016008637,226135.09940097475,2444.584181039797,2444.584181039797,1626.8476027761162,23789870.672635317,18649127.02332505,300257328.3356371,303395237.0922201,302947966.9108559,2166150.1660094215,2188873.3162375195,2186034.8077224614,68969.01961402982
14.300184500000002,14.4622329708024,0.011331914689799938,-31917.058458366664,-7722.099629999994,-24194.95882836667,-30243.698535458334,-2231.933333333333,-539.9999999999995,-1691.9333333333334,-2114.9166666666665,0.5576086956521739,6660.75,6660.75,117.01666666666642,51.55384335228537,51.55384335228537,51.4070122316498,310903.9890802265,310903.9890802265,201972.8604809264,2239.0343977485395,2239.0343977485395,1453.7284715867013,23789870.672635317,18649127.02332505,300257328.3356371,303395237.0922201,302947966.9108559,2166150.1660094215,2188873.3162375195,2186034.8077224614,68969.01961402982
-5.978959833333334,-6.002096835134339,0.0038697369519050525,10417.7396136,3228.6383100000003,7189.1013036,8986.3766295,-1742.4,-540.0,-1202.4,-1503.0,0.6691304347826086,5921.916666666667,5921.916666666667,239.4000000000001,51.55384335228537,51.55384335228537,51.34241564990901,272814.29115011304,272814.29115011304,195450.20053434462,1966.194098080976,1966.194098080976,1406.7850384148528,23789870.672635317,18649127.02332505,300257328.3356371,303395237.0922201,302947966.9108559,2166150.1660094215,2188873.3162375195,2186034.8077224614,68969.01961402982
-18.238321333333335,-18.229701009722802,-0.00047264896001017134,16103.221849244448,9848.69352,6254.5283292444465,7818.1604115555565,-882.9333333333334,-540.0,-342.9333333333334,-428.6666666666667,0.7806521739130434,5604.916666666667,5604.916666666667,454.2666666666664,51.51118310371481,51.51118310371481,51.51118310371481,256479.47884765477,256479.47884765477,234398.35169052903,1848.0207602859443,1848.0207602859443,1687.0765358934482,23789870.672635317,18649127.02332505,300257328.3356371,303395237.0922201,302947966.9108559,2166150.1660094215,2188873.3162375195,2186034.8077224614,68969.01961402982
-5.751543416666666,-5.764765078519971,0.0022988024075401925,3411.8155547666665,3105.8334449999998,305.98210976666667,382.4776372083333,-593.2,-540.0,-53.2,-66.5,0.8921739130434783,5730.0,5730.0,526.7,51.51118310371481,51.51118310371481,51.51118310371481,262922.6693342111,262922.6693342111,259497.17565781405,1894.9836842387315,1894.9836842387315,1870.0160537828192,23789870.672635317,18649127.02332505,300257328.3356371,303395237.0922201,302947966.9108559,2166150.1660094215,2188873.3162375195,2186034.8077224614,68969.01961402982
53.55960283333334,55.79073013493436,0.041656905271382265,-20490.406254297377,-27963.75616964182,7473.3499153444445,9341.687394180555,-382.5720350850879,-522.1053684184212,139.53333333333333,174.41666666666666,1.0,8223.072035085088,7993.083333333333,327.0,52.36610811073134,52.35243045899558,52.36610811073134,391912.46912142425,379871.17722670553,389002.3779242252,2823.9058372577933,2735.9894789279065,2802.6135843047787,23789870.672635317,18649127.02332505,300257328.3356371,303395237.0922201,302947966.9108559,2166150.1660094215,2188873.3162375195,2186034.8077224614,68969.01961402982
109.77148316666666,108.0502985323624,-0.0156797064652115,207058.28964784445,59276.600909999994,147781.68873784444,184727.11092230552,1886.2666666666667,540.0,1346.2666666666667,1682.8333333333333,0.8764302059496567,10092.149999999998,10295.58333333333,0.0,52.51888018461165,52.91215786660042,54.88259833134684,489918.4067371136,500638.62290544255,590851.4640013085,3537.398247366166,3615.0359703287368,4267.787131750179,23789870.672635317,18649127.02332505,300257328.3356371,303395237.0922201,302947966.9108559,2166150.1660094215,2188873.3162375195,2186034.8077224614,68969.01961402982
94.48841275,94.8438005825906,0.0037611789874268616,177965.77580086666,51023.742885,126942.03291586666,158677.54114483332,1883.4666666666667,540.0,1343.4666666666667,1679.3333333333333,0.7528604118993134,11432.783333333336,11636.91666666667,0.0,54.25992897817577,54.25992897817577,56.00225515463917,561120.180898721,572196.4410674659,665043.283485699,4053.0205521776056,4132.747535231834,4806.187096359612,23789870.672635317,18649127.02332505,300257328.3356371,303395237.0922201,302947966.9108559,2166150.1660094215,2188873.3162375195,2186034.8077224614,68969.01961402982
93.10423691666666,92.86928650999717,-0.0025235200292743057,148097.8061887778,50276.287935,97821.51825377779,122276.89781722221,1590.6666666666667,540.0,1050.6666666666667,1313.3333333333333,0.6292906178489701,11634.249999999996,11911.58333333333,0.0,54.25992897817577,54.88259833134684,55.79006567320489,572051.7479235238,587183.4770128302,659932.1531700129,4131.706033167113,4241.103455556959,4769.437767610755,23789870.672635317,18649127.02332505,300257328.3356371,303395237.0922201,302947966.9108559,2166150.1660094215,2188873.3162375195,2186034.8077224614,68969.01961402982
90.43693375,86.7568030705352,-0.04069278476023964,121263.86990091667,48835.944225,72427.92567591667,90534.90709489583,1340.8666666666668,540.0,800.8666666666668,1001.0833333333334,0.5057208237986268,11306.966666666667,11646.75,0.0,54.25992897817577,54.25992897817577,55.79006567320489,554293.3775011166,572729.9970357511,627736.6361044344,4003.8811828865873,4136.588074095484,4535.671223078796,23789870.672635317,18649127.02332505,300257328.3356371,303395237.0922201,302947966.9108559,2166150.1660094215,2188873.3162375195,2186034.8077224614,68969.01961402982
90.29022416666668,87.841428247962,-0.027121384859832114,122331.2150492778,48756.72105000001,73574.4939992778,91968.11749909724,1354.8666666666668,540.0,814.8666666666668,1018.5833333333334,0.3821510297482836,10793.466666666667,11129.75,0.0,52.91215786660042,52.91215786660042,54.88259833134684,526982.7044379254,544776.1812591653,600176.9321677767,3806.3161797122293,3935.511800665287,4335.627550401021,23789870.672635317,18649127.02332505,300257328.3356371,303395237.0922201,302947966.9108559,2166150.1660094215,2188873.3162375195,2186034.8077224614,68969.01961402982
99.3739249166667,95.72666666983167,-0.0367023668421424,106383.09908745559,53661.91945500002,52721.17963245557,65901.47454056946,1070.5333333333333,540.0,530.5333333333333,663.1666666666666,0.25858123569794034,10669.633333333333,11077.0,0.0,52.91215786660042,52.91215786660042,54.25992897817577,520430.4155554446,541985.0649317021,577798.7787344623,3758.7410464574727,3915.2459464591893,4173.073193300166,23789870.672635317,18649127.02332505,300257328.3356371,303395237.0922201,302947966.9108559,2166150.1660094215,2188873.3162375195,2186034.8077224614,68969.01961402982
91.83047599999999,89.37411570108176,-0.02674885730656819,64354.79758079999,49588.457039999994,14766.3405408,18457.925676,700.8,540.0,160.8,201.0,0.1350114416475971,10601.61666666667,11101.41666666667,0.0,52.91215786660042,52.91215786660042,54.25992897817577,516831.50695121824,543277.003452945,554046.4948242661,3732.6099402915706,3924.626507726784,4002.1041199886618,23789870.672635317,18649127.02332505,300257328.3356371,303395237.0922201,302947966.9108559,2166150.1660094215,2188873.3162375195,2186034.8077224614,68969.01961402982
79.43336475000001,76.87462884236763,-0.032212357057836705,10998.87323905,0.0,10998.87323905,13748.591548812503,138.46666666666667,0.0,138.46666666666667,173.08333333333334,0.1350114416475971,10670.449999999997,10635.83333333333,0.0,52.91215786660042,52.91215786660042,52.91215786660042,520473.6271510355,518641.9846195534,527800.1972769642,3759.05479901864,3745.7555322931853,3812.2518659204593,23789870.672635317,18649127.02332505,300257328.3356371,303395237.0922201,302947966.9108559,2166150.1660094215,2188873.3162375195,2186034.8077224614,68969.01961402982
71.08125033333334,72.82090407112236,0.02447415780717086,-9046.273792422224,0.0,-9046.273792422224,-11307.84224052778,-127.26666666666668,0.0,-127.26666666666668,-159.08333333333334,0.1350114416475971,10249.766666666663,10281.58333333333,0.0,52.91215786660042,52.91215786660042,52.51888018461165,498214.3642058545,499897.85269531014,491512.3547507165,3597.433811335826,3609.657354994417,3549.016164674281,23789870.672635317,18649127.02332505,300257328.3356371,303395237.0922201,302947966.9108559,2166150.1660094215,2188873.3162375195,2186034.8077224614,68969.01961402982
71.82010383333332,71.27573969942814,-0.00757955091750409,-9547.28580291111,0.0,-9547.28580291111,-11934.107253638886,-132.93333333333334,0.0,-132.93333333333334,-166.16666666666666,0.1350114416475971,9827.6,9860.833333333334,0.0,52.51888018461165,52.51888018461165,52.51888018461165,476024.5369842747,477769.9144357433,469043.02717840037,3436.129053828706,3448.8507051809206,3385.242448419849,23789870.672635317,18649127.02332505,300257328.3356371,303395237.0922201,302947966.9108559,2166150.1660094215,2188873.3162375195,2186034.8077224614,68969.01961402982
79.62545883333333,77.67234543851839,-0.024528755292990603,-2240.1295751777775,0.0,-2240.1295751777775,-2800.161968972222,-28.133333333333333,0.0,-28.133333333333333,-35.166666666666664,0.1350114416475971,9701.800000000001,9708.833333333334,0.0,52.51888018461165,52.51888018461165,52.51888018461165,469417.6618570506,469787.04464768234,467940.1306945235,3387.973073685019,3390.665419156751,3377.203691798089,23789870.672635317,18649127.02332505,300257328.3356371,303395237.0922201,302947966.9108559,2166150.1660094215,2188873.3162375195,2186034.8077224614,68969.01961402982
78.90872358333333,77.03382258852409,-0.02376037666899034,9027.157977933333,0.0,9027.157977933333,11283.947472416665,114.4,0.0,114.4,143.0,0.1350114416475971,9674.516666666666,9645.916666666666,0.0,52.51888018461165,52.51888018461165,52.51888018461165,467984.77174268034,466482.7317694005,473992.93163579993,3377.5290700423025,3366.581049119334,3421.3211537341776,23789870.672635317,18649127.02332505,300257328.3356371,303395237.0922201,302947966.9108559,2166150.1660094215,2188873.3162375195,2186034.8077224614,68969.01961402982
78.16197275,82.0148921367092,0.04929403968644329,75733.74079656668,42207.465285000006,33526.275511566666,41907.84438945833,968.9333333333334,540.0,428.93333333333334,536.1666666666666,0.011441647597253843,9151.983333333334,9584.75,0.0,52.43758874329534,52.51888018461165,52.51888018461165,440575.64988132013,463270.3269314417,491429.199857091,3178.829415774774,3343.166575467064,3548.4100679448634,23789870.672635317,18649127.02332505,300257328.3356371,303395237.0922201,302947966.9108559,2166150.1660094215,2188873.3162375195,2186034.8077224614,68969.01961402982
78.21836708333333,79.55657031721898,0.01710855498248813,47092.671541972224,3910.9183541666666,43181.75318780556,53977.19148475695,602.0666666666667,50.0,552.0666666666667,690.0833333333334,0.0,9281.933333333332,9195.916666666666,2.0,52.43758874329534,52.43758874329534,52.51888018461165,447389.9145385113,442879.4079467755,479091.639587056,3228.163948781546,3195.508372938536,3458.484453195887,23789870.672635317,18649127.02332505,300257328.3356371,303395237.0922201,302947966.9108559,2166150.1660094215,2188873.3162375195,2186034.8077224614,68969.01961402982
61.60397408333333,63.60652253262836,0.032506806242502,-19770.768749144445,0.0,-19770.768749144445,-24713.460936430554,-320.9333333333334,0.0,-320.9333333333334,-401.1666666666667,0.0,8351.6,8431.833333333334,0.0,52.36610811073134,52.36610811073134,52.35243045899558,398642.9784274108,402844.4858348285,381838.7560714561,2873.150928540024,2903.8920814594944,2750.3444406492413,23789870.672635317,18649127.02332505,300257328.3356371,303395237.0922201,302947966.9108559,2166150.1660094215,2188873.3162375195,2186034.8077224614,68969.01961402982
48.44387875,49.11032045734001,0.013756984876856136,-45185.22050608334,-26159.694525000003,-19025.525981083334,-23781.90747635417,-932.7333333333333,-540.0,-392.73333333333335,-490.9166666666667,0.11152173913043478,7029.733333333334,6588.916666666667,1.0,51.55384335228537,51.55384335228537,51.55384335228537,329926.4980464973,307200.70466608735,281892.0637337279,2375.294523946153,2212.5074026759657,2031.2190871625867,23789870.672635317,18649127.02332505,300257328.3356371,303395237.0922201,302947966.9108559,2166150.1660094215,2188873.3162375195,2186034.8077224614,68969.01961402982
16.304915333333337,15.764054867759416,-0.033171620613582746,-27142.249058222224,-8804.654279999995,-18337.59477822223,-22921.993472777784,-1664.6666666666663,-539.9999999999995,-1124.6666666666667,-1405.8333333333333,0.22304347826086945,6539.75,6415.916666666667,135.0,51.55384335228537,51.55384335228537,51.51118310371481,304665.9740346,298281.889766142,225838.91009812843,2194.3508747260603,2148.6210433132474,1624.6887475111319,23789870.672635317,18649127.02332505,300257328.3356371,303395237.0922201,302947966.9108559,2166150.1660094215,2188873.3162375195,2186034.8077224614,68969.01961402982
-4.91188475,-5.006111756034159,0.01918347250190648,10676.145233616666,2652.4177649999997,8023.727468616667,10029.659335770833,-2173.5333333333338,-540.0,-1633.5333333333335,-2041.9166666666667,0.33456521739130424,6578.916666666667,6578.916666666667,131.61666666666702,51.55384335228537,51.55384335228537,51.4070122316498,306685.16623256454,306685.16623256454,201518.7652062135,2208.814549533612,2208.814549533612,1450.475738875806,23789870.672635317,18649127.02332505,300257328.3356371,303395237.0922201,302947966.9108559,2166150.1660094215,2188873.3162375195,2186034.8077224614,68969.01961402982
-11.9941835,-11.835822193536998,-0.013203175227642755,28284.6835297,6476.85909,21807.8244397,27259.780549625,-2358.2,-540.0,-1818.2,-2272.75,0.446086956521739,6612.666666666667,6612.666666666667,85.44999999999982,51.55384335228537,51.55384335228537,50.67189760672262,308425.10844570416,308425.10844570416,191426.71786463773,2221.2779288890556,2221.2779288890556,1377.8535247159014,23789870.672635317,18649127.02332505,300257328.3356371,303395237.0922201,302947966.9108559,2166150.1660094215,2188873.3162375195,2186034.8077224614,68969.01961402982
-12.759905833333333,-12.537511299696945,-0.017429167310578066,28438.427460944447,6890.34915,21548.078310944446,26935.097888680553,-2228.7333333333336,-540.0,-1688.7333333333333,-2110.9166666666665,0.5576086956521737,6690.666666666667,6690.666666666667,117.81666666666706,51.55384335228537,51.55384335228537,51.4070122316498,312446.3082271824,312446.3082271824,203716.4149791165,2250.0821833994146,2250.0821833994146,1466.2177377502328,23789870.672635317,18649127.02332505,300257328.3356371,303395237.0922201,302947966.9108559,2166150.1660094215,2188873.3162375195,2186034.8077224614,68969.01961402982
-14.318911333333332,-14.748205319886727,0.029980909620833395,24644.755592844445,7732.212119999999,16912.543472844445,21140.679341055555,-1721.1333333333334,-540.0,-1181.1333333333334,-1476.4166666666667,0.6691304347826086,6314.75,6314.75,244.7166666666667,51.55384335228537,51.55384335228537,51.4070122316498,293066.3592803358,293066.3592803358,217009.41155868393,2111.2616790231023,2111.2616790231023,1561.4368849380423,23789870.672635317,18649127.02332505,300257328.3356371,303395237.0922201,302947966.9108559,2166150.1660094215,2188873.3162375195,2186034.8077224614,68969.01961402982
-9.689212583333335,-9.864022147229642,0.018041668752010007,10152.356944816667,5232.174795000001,4920.182149816667,6150.227687270834,-1047.8,-540.0,-507.8,-634.75,0.7806521739130434,6371.416666666667,6371.416666666667,413.04999999999995,51.55384335228537,51.55384335228537,51.51118310371481,295987.7437369653,295987.7437369653,263266.0772215692,2132.187846829773,2132.187846829773,1897.4867048358155,23789870.672635317,18649127.02332505,300257328.3356371,303395237.0922201,302947966.9108559,2166150.1660094215,2188873.3162375195,2186034.8077224614,68969.01961402982
6.248970583333333,6.165996658695639,-0.013278014919608299,-4641.735349299996,-3374.4441149999966,-1267.2912343,-1584.1140428749998,-742.7999999999995,-539.9999999999995,-202.8,-253.5,0.8921739130434782,7175.466666666666,6990.166666666667,304.0,51.55384335228537,51.55384335228537,51.55384335228537,337439.6114843703,327886.6843111919,314817.7850213875,2429.1117037407203,2360.683135012907,2267.0693078542413,23789870.672635317,18649127.02332505,300257328.3356371,303395237.0922201,302947966.9108559,2166150.1660094215,2188873.3162375195,2186034.8077224614,68969.01961402982
54.55134558333333,54.724775969779024,0.003179213722249261,-15094.650177356918,-28481.550383506918,13386.90020615,16733.625257687498,-276.70536841842227,-522.1053684184222,245.4,306.75,1.0,8846.955368418423,8270.5,7.0,52.36610811073134,52.36610811073134,52.36610811073134,424582.8112032411,394396.0870596305,410459.39072259737,3062.9448022005727,2842.077714974145,2959.6080264579114,23789870.672635317,18649127.02332505,300257328.3356371,303395237.0922201,302947966.9108559,2166150.1660094215,2188873.3162375195,2186034.8077224614,68969.01961402982
85.60407016666666,86.91481654960029,0.015311729692077409,129245.02513763333,46226.197889999996,83018.82724763334,103773.53405954166,1509.8000000000002,540.0,969.8000000000001,1212.25,0.8764302059496567,9895.7,10193.25,0.0,52.51888018461165,52.56055008038368,54.25992897817577,479601.0727248468,495228.2299761933,559639.7891697662,3462.1975931592715,3576.0828762664455,4042.3646841779496,23789870.672635317,18649127.02332505,300257328.3356371,303395237.0922201,302947966.9108559,2166150.1660094215,2188873.3162375195,2186034.8077224614,68969.01961402982
95.681427,96.19657541393563,0.005383995934086856,199368.200059,51667.97058,147700.229479,184625.28684875,2083.666666666667,540.0,1543.6666666666667,1929.5833333333333,0.7528604118993134,11195.416666666666,11349.5,0.0,53.35623454745711,54.25992897817577,56.00225515463917,548258.9399975296,556601.2331469883,662961.8663357848,3960.6323156780472,4020.493140818853,4791.248589543674,23789870.672635317,18649127.02332505,300257328.3356371,303395237.0922201,302947966.9108559,2166150.1660094215,2188873.3162375195,2186034.8077224614,68969.01961402982
98.81624775,96.67073553320553,-0.021712140115080127,178416.02918755,53360.773785,125055.25540255003,156319.0692531875,1805.5333333333335,540.0,1265.5333333333335,1581.9166666666667,0.6292906178489701,11301.883333333333,11525.5,0.0,54.25992897817577,54.25992897817577,55.79006567320489,554017.5561954776,566150.9806471473,653376.8204534114,4001.895819575717,4089.2322770902983,4721.840536160927,23789870.672635317,18649127.02332505,300257328.3356371,303395237.0922201,302947966.9108559,2166150.1660094215,2188873.3162375195,2186034.8077224614,68969.01961402982
103.99300916666665,105.83891388948796,0.017750277038939576,178056.83029516664,56156.22494999999,121900.60534516665,152375.75668145833,1712.2,540.0,1172.2,1465.25,0.5057208237986268,11340.63333333333,11587.58333333333,0.0,54.25992897817577,54.25992897817577,55.79006567320489,556120.1284433816,569519.6179045422,650331.6127020821,4017.0301464536615,4113.479747034533,4699.729765522885,23789870.672635317,18649127.02332505,300257328.3356371,303395237.0922201,302947966.9108559,2166150.1660094215,2188873.3162375195,2186034.8077224614,68969.01961402982
98.44719058333332,95.57088267283574,-0.029216759700855608,108016.25750803333,53161.48291499999,54854.77459303333,68568.46824129166,1097.2,540.0,557.2,696.5,0.3821510297482836,11022.38333333333,11423.08333333333,0.0,52.91215786660042,54.25992897817577,54.88259833134684,539095.1792428878,560593.8595876324,598599.0574657504,3894.262943541848,4049.232088417188,4324.148911639597,23789870.672635317,18649127.02332505,300257328.3356371,303395237.0922201,302947966.9108559,2166150.1660094215,2188873.3162375195,2186034.8077224614,68969.01961402982
89.71023141666667,89.60831740626885,-0.0011360355311588204,67276.69288040556,48443.524965000004,18833.16791540556,23541.459894256946,749.9333333333334,540.0,209.93333333333337,262.4166666666667,0.25858123569794034,10333.483333333334,10821.0,0.0,52.91215786660042,52.91215786660042,52.91215786660042,502643.9936885869,528439.5525178524,542324.584611346,3629.5966504123608,3816.894123203058,3917.711145154086,23789870.672635317,18649127.02332505,300257328.3356371,303395237.0922201,302947966.9108559,2166150.1660094215,2188873.3162375195,2186034.8077224614,68969.01961402982
79.09004966666666,76.71006902479286,-0.0300920362536688,-4804.001184850051,-4846.182544672273,42.18135982222222,52.72669977777777,-60.74090489381433,-61.27423822714766,0.5333333333333333,0.6666666666666666,0.27123569794050345,10253.574238227151,10195.16666666667,3.0,52.91215786660042,52.64698605779444,52.64698605779444,498415.83103335137,495329.0113673036,495364.1093580088,3598.8966301059518,3576.8145150156856,3577.0669055904777,23789870.672635317,18649127.02332505,300257328.3356371,303395237.0922201,302947966.9108559,2166150.1660094215,2188873.3162375195,2186034.8077224614,68969.01961402982
79.34982233333334,76.17642792048518,-0.03999245769596469,-19588.82614002222,0.0,-19588.82614002222,-24486.032675027778,-246.86666666666667,0.0,-246.86666666666667,-308.5833333333333,0.27123569794050345,11084.200000000003,11145.91666666667,0.0,52.91215786660042,52.91215786660042,52.91215786660042,542366.0324683418,545631.5944780088,529303.7844296737,3918.012091488269,3941.7228207537287,3823.1691744264317,23789870.672635317,18649127.02332505,300257328.3356371,303395237.0922201,302947966.9108559,2166150.1660094215,2188873.3162375195,2186034.8077224614,68969.01961402982
66.05297883333331,64.95970820591316,-0.01655142049200735,-86498.57754821109,-35668.60856999999,-50829.968978211095,-63537.461222763864,-1309.5333333333333,-540.0,-769.5333333333333,-961.9166666666666,0.38275743707093823,12047.783333333336,11700.16666666667,0.0,54.88259833134684,54.25992897817577,52.91215786660042,594658.48690556,575628.3815753355,524061.07145439135,4295.482259011073,4157.4506623293855,3785.102664709134,23789870.672635317,18649127.02332505,300257328.3356371,303395237.0922201,302947966.9108559,2166150.1660094215,2188873.3162375195,2186034.8077224614,68969.01961402982
64.98836808333334,65.9706826694569,0.015115237004627722,-59434.02889114445,-35093.718765000005,-24340.31012614445,-30425.38765768056,-914.5333333333333,-540.0,-374.53333333333336,-468.1666666666667,0.494279176201373,11676.116666666667,11229.75,0.0,54.25992897817577,54.1735865465827,52.91215786660042,574323.4302834102,550103.8256393048,525295.6884712785,4148.0576155832005,3973.740559221492,3794.0670235996654,23789870.672635317,18649127.02332505,300257328.3356371,303395237.0922201,302947966.9108559,2166150.1660094215,2188873.3162375195,2186034.8077224614,68969.01961402982
90.99899741666667,91.38926473376628,0.004288699086569676,43442.92136671666,49139.458605,-5696.537238283334,-7120.671547854166,477.4,540.0,-62.6,-78.25,0.3707093821510298,9547.35,10103.0,0.0,52.43758874329534,52.51888018461165,52.51888018461165,461307.72455079434,490488.2365871167,486378.63421267085,3328.9273755011627,3541.551604954076,3511.59766658966,23789870.672635317,18649127.02332505,300257328.3356371,303395237.0922201,302947966.9108559,2166150.1660094215,2188873.3162375195,2186034.8077224614,68969.01961402982
100.32421058333334,101.86569977834361,0.015365076745157705,90331.91920923334,54175.073715000006,36156.84549423334,45196.05686779167,900.4000000000001,540.0,360.40000000000003,450.5,0.24713958810068654,9757.18333333333,10207.08333333333,0.0,52.51888018461165,52.82986516401691,52.91215786660042,472326.33250460814,495957.180746754,519792.82405315194,3409.1736992835167,3581.275592515974,3754.1115954018605,23789870.672635317,18649127.02332505,300257328.3356371,303395237.0922201,302947966.9108559,2166150.1660094215,2188873.3162375195,2186034.8077224614,68969.01961402982
105.794107,106.79438440536595,0.009454944455138113,143287.5385208,57128.81778,86158.72074080001,107698.400926,1354.4,540.0,814.4000000000001,1018.0,0.12356979405034328,10592.35,10928.75,0.0,52.91215786660042,52.91215786660042,54.88259833134684,516341.1876216542,534140.8375279786,589113.5150541494,3729.049809189329,3858.29025193684,4255.143993404265,23789870.672635317,18649127.02332505,300257328.3356371,303395237.0922201,302947966.9108559,2166150.1660094215,2188873.3162375195,2186034.8077224614,68969.01961402982
121.64168524999998,120.81663626302584,-0.006782617202963707,246519.03932764998,65686.51003499998,180832.52929265,226040.66161581245,2026.6000000000001,540.0,1486.6000000000001,1858.25,2.7755575615628914e-17,11695.81666666667,11864.16666666667,0.0,54.25992897817577,54.88259833134684,56.08364062042727,575392.3508842804,584581.1271419525,687817.6749897248,4155.751712086312,4222.172019454789,4969.081824026724,23789870.672635317,18649127.02332505,300257328.3356371,303395237.0922201,302947966.9108559,2166150.1660094215,2188873.3162375195,2186034.8077224614,68969.01961402982
76.37788875000001,74.67209612184348,-0.02233359230103783,-28858.51428826316,-39877.29770526316,11018.783417000002,13773.479271250002,-377.83859649122803,-522.1052631578947,144.26666666666668,180.33333333333334,0.10782608695652175,12045.33859649123,11556.16666666667,69.0,54.88259833134684,54.25992897817577,54.25992897817577,594524.3133954288,567814.9518024782,577599.8256615426,4294.506180712733,4101.2095508345665,4171.64112796118,23789870.672635317,18649127.02332505,300257328.3356371,303395237.0922201,302947966.9108559,2166150.1660094215,2188873.3162375195,2186034.8077224614,68969.01961402982
36.30911858333334,36.71274902615463,0.011116503472672384,-53011.31313166668,-19606.924035000004,-33404.38909666667,-41755.486370833336,-1460.0,-540.0,-920.0,-1150.0,0.21934782608695652,9291.833333333334,9291.833333333334,310.0,52.43758874329534,52.43758874329534,52.35243045899558,447909.04666707,447909.04666707,387658.60125748115,3231.922408779754,3231.922408779754,2792.8045713283104,23789870.672635317,18649127.02332505,300257328.3356371,303395237.0922201,302947966.9108559,2166150.1660094215,2188873.3162375195,2186034.8077224614,68969.01961402982
33.004843416666674,33.90285133407758,0.02720836775603183,-55738.579562066676,-17822.615445000003,-37915.96411706667,-47394.95514633334,-1688.8,-540.0,-1148.8,-1436.0,0.3308695652173913,9361.25,9361.25,252.80000000000018,52.43758874329534,52.43758874329534,52.35243045899558,451549.08928566705,451549.08928566705,376319.93736057036,3258.2759203833457,3258.2759203833457,2710.0805236259857,23789870.672635317,18649127.02332505,300257328.3356371,303395237.0922201,302947966.9108559,2166150.1660094215,2188873.3162375195,2186034.8077224614,68969.01961402982
23.716756583333336,24.03045909259665,0.01322704089663614,-48861.26191298334,-12807.048555000001,-36054.21335798334,-45067.76669747917,-2060.2,-540.0,-1520.2,-1900.25,0.4423913043478261,9756.333333333334,9756.333333333334,159.94999999999982,52.51888018461165,52.51888018461165,51.8200325163863,472281.6914564514,472281.6914564514,372706.18093805725,3408.8483210393038,3408.8483210393038,2683.8565856615965,23789870.672635317,18649127.02332505,300257328.3356371,303395237.0922201,302947966.9108559,2166150.1660094215,2188873.3162375195,2186034.8077224614,68969.01961402982
32.884013,33.41540431831398,0.016159564172231057,-65572.91418953333,-17757.36702,-47815.54716953333,-59769.43396191667,-1994.0666666666666,-540.0,-1454.0666666666666,-1817.5833333333333,0.5539130434782609,9931.666666666666,9931.666666666666,176.48333333333335,52.51888018461165,52.51888018461165,52.35243045899558,481490.00178215327,481490.00178215327,386205.821312244,3475.9655588654286,3475.9655588654286,2782.2054532502516,23789870.672635317,18649127.02332505,300257328.3356371,303395237.0922201,302947966.9108559,2166150.1660094215,2188873.3162375195,2186034.8077224614,68969.01961402982
23.5302075,23.54437636685412,0.0006021564771208123,-41267.27791349999,-12706.31204999999,-28560.965863499998,-35701.207329375,-1753.7999999999995,-539.9999999999995,-1213.8,-1517.25,0.6654347826086956,9284.666666666666,9284.666666666666,236.5499999999995,52.43758874329534,52.43758874329534,51.8200325163863,447533.243947743,447533.243947743,368111.47138827096,3229.2016380739806,3229.2016380739806,2650.6555112591973,23789870.672635317,18649127.02332505,300257328.3356371,303395237.0922201,302947966.9108559,2166150.1660094215,2188873.3162375195,2186034.8077224614,68969.01961402982
19.843461333333334,19.804485489340795,-0.0019641655927772014,-31916.223208533338,-10715.46912,-21200.754088533336,-26500.94261066667,-1608.4,-540.0,-1068.4,-1335.5,0.7769565217391303,8689.666666666666,8689.666666666666,272.9000000000001,52.36610811073134,52.36610811073134,51.8200325163863,416346.21404271206,416346.21404271206,346696.8429508743,3002.680123766143,3002.680123766143,2495.914789490874,23789870.672635317,18649127.02332505,300257328.3356371,303395237.0922201,302947966.9108559,2166150.1660094215,2188873.3162375195,2186034.8077224614,68969.01961402982
39.63001166666667,38.65311582877705,-0.0246504050038245,-45640.5634361111,-21400.206299999983,-24240.357136111114,-30300.44642013889,-1151.6666666666663,-539.9999999999995,-611.6666666666667,-764.5833333333334,0.888478260869565,8860.583333333334,8860.583333333334,387.0833333333329,52.36610811073134,52.36610811073134,52.35243045899558,425296.4546873046,425296.4546873046,385259.1148614439,3068.166314706976,3068.166314706976,2775.298520448634,23789870.672635317,18649127.02332505,300257328.3356371,303395237.0922201,302947966.9108559,2166150.1660094215,2188873.3162375195,2186034.8077224614,68969.01961402982
52.691077250000006,52.28425040966047,-0.0077209816457023284,-32492.830970833336,-28453.181715000002,-4039.649255833334,-5049.561569791667,-616.6666666666666,-540.0,-76.66666666666667,-95.83333333333333,0.9999999999999998,8815.5,8815.5,520.8333333333333,52.36610811073134,52.36610811073134,52.36610811073134,422935.6159799791,422935.6159799791,417917.197286034,3050.8927753120515,3050.8927753120515,3014.1745307572205,23789870.672635317,18649127.02332505,300257328.3356371,303395237.0922201,302947966.9108559,2166150.1660094215,2188873.3162375195,2186034.8077224614,68969.01961402982
103.60963566666665,102.92999867814031,-0.006559592494976678,19299.021470177777,0.0,19299.021470177777,24123.77683772222,186.26666666666668,0.0,186.26666666666668,232.83333333333334,0.9999999999999998,10805.733333333337,10759.16666666667,0.0,52.91215786660042,52.91215786660042,52.91215786660042,527631.7602410892,525167.817423101,537487.5315130412,3811.0288712432534,3793.138572143147,3882.5900676436786,23789870.672635317,18649127.02332505,300257328.3356371,303395237.0922201,302947966.9108559,2166150.1660094215,2188873.3162375195,2186034.8077224614,68969.01961402982
112.56897241666667,110.58591331662748,-0.017616391599445492,127202.93883083333,0.0,127202.93883083333,159003.67353854165,1130.0,0.0,1130.0,1412.5,0.9999999999999998,12546.75,12264.25,0.0,55.79006567320489,54.88259833134684,56.08364062042727,622097.1902993012,606538.740024352,685256.5220680584,4494.7241012712475,4381.908091030407,4950.77178995959,23789870.672635317,18649127.02332505,300257328.3356371,303395237.0922201,302947966.9108559,2166150.1660094215,2188873.3162375195,2186034.8077224614,68969.01961402982
120.30897633333332,119.18254279971872,-0.00936283865048985,317302.8941815333,64966.847219999996,252336.0469615333,315420.05870191666,2637.4,540.0,2097.4,2621.75,0.8764302059496565,13474.35,13490.0,0.0,56.08364062042727,56.08364062042727,57.33842199960311,673905.193206484,674782.9021821936,822969.961138339,4869.61958057592,4875.894442615715,5951.6864553840605,23789870.672635317,18649127.02332505,300257328.3356371,303395237.0922201,302947966.9108559,2166150.1660094215,2188873.3162375195,2186034.8077224614,68969.01961402982
121.67379850000002,121.66489975779392,-7.31360598239327e-05,270148.27901626675,65703.85119000002,204444.42782626674,255555.5347828334,2220.266666666667,540.0,1680.2666666666669,2100.3333333333335,0.7528604118993132,13238.149999999998,13358.08333333333,0.0,55.79006567320489,56.00225515463917,56.58590166737302,660670.441705755,667386.0444930011,785631.8265929302,4774.798363606665,4823.001290130013,5679.612413109042,23789870.672635317,18649127.02332505,300257328.3356371,303395237.0922201,302947966.9108559,2166150.1660094215,2188873.3162375195,2186034.8077224614,68969.01961402982
124.22300308333335,121.15651957060234,-0.02468531138853491,232885.00464709452,67080.42166500002,165804.5829820945,207255.7287276181,1874.7333333333336,540.0,1334.7333333333336,1668.4166666666667,0.6292906178489699,12770.016666666663,12976.33333333333,0.0,55.79006567320489,55.79006567320489,56.22179083595663,634553.2522952718,646063.672678082,739627.8281996353,4585.165592406268,4668.74092972789,5344.628854953477,23789870.672635317,18649127.02332505,300257328.3356371,303395237.0922201,302947966.9108559,2166150.1660094215,2188873.3162375195,2186034.8077224614,68969.01961402982
119.52073383333334,121.67870934205733,0.018055239785702802,148118.0614151889,64541.19627,83576.8651451889,104471.08143148612,1239.2666666666669,540.0,699.2666666666668,874.0833333333334,0.5057208237986266,12807.066666666666,13172.25,0.0,55.79006567320489,55.79006567320489,56.1143725644147,636620.2742284642,656993.8763778908,705985.2803452243,4600.173910918747,4748.103405712676,5099.453526038495,23789870.672635317,18649127.02332505,300257328.3356371,303395237.0922201,302947966.9108559,2166150.1660094215,2188873.3162375195,2186034.8077224614,68969.01961402982
111.75384691666666,110.20228540717666,-0.013883741386074877,16316.061649833333,0.0,16316.061649833333,20395.077062291664,146.0,0.0,146.0,182.5,0.5057208237986266,12243.83333333333,12207.33333333333,0.0,54.88259833134684,54.88259833134684,54.88259833134684,605418.2203084201,603415.005469326,613431.0796647968,4373.7565939389615,4359.18371342446,4432.048115996967,23789870.672635317,18649127.02332505,300257328.3356371,303395237.0922201,302947966.9108559,2166150.1660094215,2188873.3162375195,2186034.8077224614,68969.01961402982
105.69796433333335,106.24135542680614,0.005140979742609984,-16672.09224084445,0.0,-16672.09224084445,-20840.115301055557,-157.73333333333335,0.0,-157.73333333333335,-197.16666666666666,0.5057208237986266,11906.816666666668,11946.25,0.0,54.88259833134684,54.88259833134684,54.25992897817577,586921.8699607843,589086.0737549837,578282.5964345178,4239.200330521733,4254.944364904066,4176.555715829071,23789870.672635317,18649127.02332505,300257328.3356371,303395237.0922201,302947966.9108559,2166150.1660094215,2188873.3162375195,2186034.8077224614,68969.01961402982
108.61180708333332,106.07881915775495,-0.023321478516925148,27037.09917661111,0.0,27037.09917661111,33796.37397076389,248.93333333333337,0.0,248.93333333333337,311.1666666666667,0.5057208237986266,11196.483333333334,11134.25,0.0,53.35796836334819,52.91215786660042,54.25992897817577,548315.8550192992,545014.2859695649,561805.664668145,3961.029672395823,3937.240641308461,4057.9546682092096,23789870.672635317,18649127.02332505,300257328.3356371,303395237.0922201,302947966.9108559,2166150.1660094215,2188873.3162375195,2186034.8077224614,68969.01961402982
107.99879716666668,108.54919764816285,0.0050963575144896255,-6033.5328017111115,0.0,-6033.5328017111115,-7541.916002138889,-55.86666666666667,0.0,-55.86666666666667,-69.83333333333333,0.5057208237986266,10930.616666666663,10944.58333333333,0.0,52.91215786660042,52.91215786660042,52.91215786660042,534239.6068893294,534978.6133608662,531283.581003182,3859.007400648081,3864.3732097554143,3837.544164218748,23789870.672635317,18649127.02332505,300257328.3356371,303395237.0922201,302947966.9108559,2166150.1660094215,2188873.3162375195,2186034.8077224614,68969.01961402982
108.92946633333337,109.54549943258428,0.005655339367639975,-8663.523555711114,5446.473316666668,-14109.996872377782,-17637.496090472225,-79.53333333333333,50.0,-129.53333333333333,-161.91666666666666,0.49427917620137257,10231.033333333336,10313.41666666667,0.0,52.91215786660042,52.91215786660042,52.51888018461165,497223.1431151538,501582.2230540639,493035.4022760706,3590.2367117694293,3621.8873017665037,3560.1173047710004,23789870.672635317,18649127.02332505,300257328.3356371,303395237.0922201,302947966.9108559,2166150.1660094215,2188873.3162375195,2186034.8077224614,68969.01961402982
119.37710383333332,119.88834832251912,0.004282600873778658,49318.66083034444,64463.63606999999,-15144.975239655556,-18931.219049569445,413.1333333333333,540.0,-126.86666666666667,-158.58333333333334,0.37070938215102933,9420.033333333333,9991.75,0.0,52.43758874329534,52.51888018461165,52.51888018461165,454631.5455439604,484645.5111665787,476316.89208396897,3280.592567544418,3498.9653347554654,3438.2599623300293,23789870.672635317,18649127.02332505,300257328.3356371,303395237.0922201,302947966.9108559,2166150.1660094215,2188873.3162375195,2186034.8077224614,68969.01961402982
131.58775933333337,132.51924556905269,0.0070788213161963945,112367.17395337782,71057.39004000001,41309.783913377796,51637.229891722236,853.9333333333334,540.0,313.9333333333334,392.4166666666667,0.2471395881006861,9621.316666666664,10082.83333333333,0.0,52.51888018461165,52.51888018461165,52.91215786660042,465190.7673168589,489429.1058367269,510145.17393547506,3357.164219933842,3533.8318466109563,3684.0615337858394,23789870.672635317,18649127.02332505,300257328.3356371,303395237.0922201,302947966.9108559,2166150.1660094215,2188873.3162375195,2186034.8077224614,68969.01961402982
147.93065875,153.0102941543133,0.03433794892306806,141421.70976499998,79882.555725,61539.154039999994,76923.94254999999,956.0,540.0,416.0,520.0,0.12356979405034284,11229.75,11665.75,0.0,54.1735865465827,54.25992897817577,54.88259833134684,550103.8256393048,573760.9356863365,602230.4560553413,3973.740559221492,4144.008776306606,4350.5664164992195,23789870.672635317,18649127.02332505,300257328.3356371,303395237.0922201,302947966.9108559,2166150.1660094215,2188873.3162375195,2186034.8077224614,68969.01961402982
198.98243508333334,202.5302475025783,0.017829776873316217,201383.48980000557,107450.514945,93932.97485500557,117416.21856875696,1012.0666666666667,540.0,472.0666666666667,590.0833333333334,0.0,12828.349999999997,13250.33333333333,0.0,55.79006567320489,56.00225515463917,56.08364062042727,637807.6727928756,661351.8015000887,694435.5445829348,4608.795423622496,4779.693018127758,5016.393882857122,23789870.672635317,18649127.02332505,300257328.3356371,303395237.0922201,302947966.9108559,2166150.1660094215,2188873.3162375195,2186034.8077224614,68969.01961402982
106.61542891666666,105.7635266688545,-0.007990421803564976,-29283.704475777777,0.0,-29283.704475777777,-36604.63059472222,-274.6666666666667,0.0,-274.6666666666667,-343.3333333333333,0.0,11942.083333333334,12010.75,0.0,54.88259833134684,54.88259833134684,54.25992897817577,588857.3962619365,592626.0013473555,573851.3689013,4253.280794069078,4280.696441429692,4144.659715097055,23789870.672635317,18649127.02332505,300257328.3356371,303395237.0922201,302947966.9108559,2166150.1660094215,2188873.3162375195,2186034.8077224614,68969.01961402982
52.662015000000004,54.411382699689014,0.03321877637399579,-60714.31426200001,-27495.1152,-33219.19906200001,-41523.9988275,-1152.9052631578948,-522.1052631578947,-630.8000000000001,-788.5,0.10782608695652172,9010.416666666666,9010.416666666666,364.40526315789475,52.43758874329534,52.43758874329534,52.36610811073134,433152.2352348942,433152.2352348942,391851.96697391744,3125.084703275156,3125.084703275156,2823.4631614302607,23789870.672635317,18649127.02332505,300257328.3356371,303395237.0922201,302947966.9108559,2166150.1660094215,2188873.3162375195,2186034.8077224614,68969.01961402982
28.77856925,28.665797164707957,-0.0039186133373202755,-35232.64304713334,-15540.427395,-19692.215652133338,-24615.26956516667,-1224.2666666666669,-540.0,-684.2666666666668,-855.3333333333334,0.21934782608695652,7652.916666666667,7652.916666666667,368.9333333333334,51.8200325163863,51.8200325163863,51.55384335228537,362178.07766514475,362178.07766514475,317958.2733122643,2607.7811914951976,2607.7811914951976,2289.5649382464126,23789870.672635317,18649127.02332505,300257328.3356371,303395237.0922201,302947966.9108559,2166150.1660094215,2188873.3162375195,2186034.8077224614,68969.01961402982
35.85281025,36.412503797999086,0.015610869666739437,-67192.9467832,-19360.517535,-47832.4292482,-59790.536560249995,-1874.1333333333334,-540.0,-1334.1333333333334,-1667.6666666666667,0.3308695652173913,8483.416666666666,8483.416666666666,206.4666666666667,52.36610811073134,52.36610811073134,51.55384335228537,405545.7042448737,405545.7042448737,318894.8347998307,2923.6560757024854,2923.6560757024854,2296.273621455021,23789870.672635317,18649127.02332505,300257328.3356371,303395237.0922201,302947966.9108559,2166150.1660094215,2188873.3162375195,2186034.8077224614,68969.01961402982
31.601193416666664,32.107713319498195,0.01602850551094664,-57143.38468224444,-17064.644444999998,-40078.74023724444,-50098.42529655555,-1808.2666666666667,-540.0,-1268.2666666666667,-1585.3333333333333,0.4423913043478261,8276.916666666666,8276.916666666666,222.9333333333334,52.36610811073134,52.36610811073134,51.55384335228537,394732.10292000766,394732.10292000766,312493.56591692194,2844.5362409139025,2844.5362409139025,2250.4206949374634,23789870.672635317,18649127.02332505,300257328.3356371,303395237.0922201,302947966.9108559,2166150.1660094215,2188873.3162375195,2186034.8077224614,68969.01961402982
31.567063333333333,31.084791679173254,-0.015277685132364589,-67587.18706755555,-17046.2142,-50540.97286755555,-63176.216084444444,-2141.0666666666666,-540.0,-1601.0666666666666,-2001.3333333333333,0.5539130434782609,8604.416666666666,8604.416666666666,139.73333333333358,52.36610811073134,52.36610811073134,51.55384335228537,411882.0033262722,411882.0033262722,307931.0507802447,2970.016850566498,2970.016850566498,2217.7389446276334,23789870.672635317,18649127.02332505,300257328.3356371,303395237.0922201,302947966.9108559,2166150.1660094215,2188873.3162375195,2186034.8077224614,68969.01961402982
27.404036333333334,26.546582668772874,-0.03128932008886154,-53430.563106977774,-14798.179619999988,-38632.383486977786,-48290.47935872222,-1949.7333333333331,-539.9999999999995,-1409.7333333333336,-1762.1666666666667,0.6654347826086956,8552.0,8552.0,187.5666666666666,52.36610811073134,52.36610811073134,51.55384335228537,409137.1464928014,409137.1464928014,317558.731026284,2949.9335672404213,2949.9335672404213,2286.702977061088,23789870.672635317,18649127.02332505,300257328.3356371,303395237.0922201,302947966.9108559,2166150.1660094215,2188873.3162375195,2186034.8077224614,68969.01961402982
23.002577416666664,22.034950742147213,-0.04206601099485279,-35460.77334553333,-12421.391805,-23039.38154053333,-28799.226925666662,-1541.6,-540.0,-1001.6,-1252.0,0.7769565217391303,8422.083333333334,8422.083333333334,289.5999999999999,52.36610811073134,52.36610811073134,51.55384335228537,402333.9162807489,402333.9162807489,337162.0799609906,2900.1563991873945,2900.1563991873945,2427.123717799087,23789870.672635317,18649127.02332505,300257328.3356371,303395237.0922201,302947966.9108559,2166150.1660094215,2188873.3162375195,2186034.8077224614,68969.01961402982
21.182939666666666,21.084518423936093,-0.0046462504392365996,-24552.439269644434,-11438.78741999999,-13113.651849644446,-16392.064812055556,-1159.0666666666662,-539.9999999999995,-619.0666666666667,-773.8333333333334,0.888478260869565,8453.75,8453.75,385.23333333333267,52.36610811073134,52.36610811073134,51.8200325163863,403992.176370922,403992.176370922,363577.2185430872,2912.2893843446427,2912.2893843446427,2617.8912930989354,23789870.672635317,18649127.02332505,300257328.3356371,303395237.0922201,302947966.9108559,2166150.1660094215,2188873.3162375195,2186034.8077224614,68969.01961402982
44.46376,44.64593994380596,0.00409726806293419,-32562.293573333336,-24010.4304,-8551.863173333333,-10689.828966666666,-732.3333333333334,-540.0,-192.33333333333334,-240.41666666666666,0.9999999999999998,9462.75,9462.75,491.91666666666674,52.43758874329534,52.43758874329534,52.43758874329534,456871.50454311154,456871.50454311154,444264.63424941094,3296.8096264255723,3296.8096264255723,3205.53726030749,23789870.672635317,18649127.02332505,300257328.3356371,303395237.0922201,302947966.9108559,2166150.1660094215,2188873.3162375195,2186034.8077224614,68969.01961402982
116.25886425000003,118.22420980764628,0.01690490931874256,201073.58101585007,62779.78669500002,138293.79432085005,172867.24290106256,1729.5333333333335,540.0,1189.5333333333335,1486.9166666666667,0.8764302059496565,11035.133333333333,11277.75,0.0,52.91215786660042,54.25992897817577,55.79006567320489,539769.809255687,552708.0832428043,634254.7754439204,3899.1613253641763,3992.470225890011,4582.998399314724,23789870.672635317,18649127.02332505,300257328.3356371,303395237.0922201,302947966.9108559,2166150.1660094215,2188873.3162375195,2186034.8077224614,68969.01961402982
125.72508633333331,123.91002293994305,-0.014436763945248022,308168.9499478444,67891.54662,240277.40332784437,300346.7541598055,2451.133333333333,540.0,1911.1333333333332,2388.9166666666665,0.7528604118993132,12726.866666666663,12789.08333333333,0.0,55.79006567320489,55.79006567320489,56.58590166737302,632145.9109614731,635616.9828807744,769764.1966670377,4567.686268686608,4592.889171523801,5564.067714299281,23789870.672635317,18649127.02332505,300257328.3356371,303395237.0922201,302947966.9108559,2166150.1660094215,2188873.3162375195,2186034.8077224614,68969.01961402982
123.95692966666665,126.6819183904779,0.021983351242556837,238360.9119536889,66936.74201999999,171424.16993368889,214280.2124171111,1922.9333333333334,540.0,1382.9333333333334,1728.6666666666667,0.6292906178489699,12480.066666666664,12674.33333333333,0.0,54.94139207655314,55.79006567320489,56.22179083595663,618385.721120302,629215.0728447741,726036.2102650427,4467.841922198772,4546.405917831309,5245.561977014511,23789870.672635317,18649127.02332505,300257328.3356371,303395237.0922201,302947966.9108559,2166150.1660094215,2188873.3162375195,2186034.8077224614,68969.01961402982
123.79942725,124.59843280437609,0.006454032721513281,197171.2211335,66851.69071499999,130319.5304185,162899.41302312497,1592.6666666666667,540.0,1052.6666666666667,1315.8333333333333,0.5057208237986266,12179.083333333336,12455.91666666667,0.0,54.88259833134684,54.94139207655314,56.08364062042727,601864.5720664657,617058.8865016536,690584.4679269992,4347.904703163238,4458.33816960662,4988.862006814575,23789870.672635317,18649127.02332505,300257328.3356371,303395237.0922201,302947966.9108559,2166150.1660094215,2188873.3162375195,2186034.8077224614,68969.01961402982
117.19967625,117.40132212447749,0.0017205326919791533,96486.58680075,63287.825175,33198.76162575,41498.452032187495,823.2666666666667,540.0,283.26666666666665,354.0833333333333,0.38215102974828336,11964.566666666668,12433.75,0.0,54.88259833134684,54.88259833134684,55.79006567320489,590091.3400144196,615841.3404415153,635547.2452986831,4262.257422294677,4449.582152597749,4592.382817997741,23789870.672635317,18649127.02332505,300257328.3356371,303395237.0922201,302947966.9108559,2166150.1660094215,2188873.3162375195,2186034.8077224614,68969.01961402982
106.72907341666668,107.62469961003022,0.008391585953970089,85589.60160860556,57633.69964500001,27955.90196360556,34944.877454506954,801.9333333333334,540.0,261.93333333333334,327.4166666666667,0.2585812356979401,11085.316666666664,11559.83333333333,0.0,52.91215786660042,54.25992897817577,54.88259833134684,542425.1177112925,568013.9048753978,585848.0004534341,3918.441100092314,4102.641616173552,4231.388201880624,23789870.672635317,18649127.02332505,300257328.3356371,303395237.0922201,302947966.9108559,2166150.1660094215,2188873.3162375195,2186034.8077224614,68969.01961402982
104.10745525,101.68737280555085,-0.02324600518414029,56127.79937378333,56218.025835,-90.22646121666666,-112.78307652083333,539.1333333333333,540.0,-0.8666666666666667,-1.0833333333333333,0.13501144164759687,10346.616666666663,10886.83333333333,0.0,52.91215786660042,52.91215786660042,52.91215786660042,503338.9066952347,531922.9362440701,531865.6147397145,3634.6423038450307,3842.1864215013456,3841.770219124285,23789870.672635317,18649127.02332505,300257328.3356371,303395237.0922201,302947966.9108559,2166150.1660094215,2188873.3162375195,2186034.8077224614,68969.01961402982
80.79627758333332,81.09053152185956,0.003641924446615136,-57209.15094750555,-43629.98989499999,-13579.161052505555,-16973.951315631944,-708.0666666666667,-540.0,-168.0666666666667,-210.08333333333334,0.24653318077803166,10787.316666666664,10289.33333333333,0.0,52.91215786660042,52.91215786660042,52.51888018461165,526657.2946670456,500307.9219187763,489240.913182732,3803.953430833223,3612.6348027687727,3532.4601540127983,23789870.672635317,18649127.02332505,300257328.3356371,303395237.0922201,302947966.9108559,2166150.1660094215,2188873.3162375195,2186034.8077224614,68969.01961402982
80.94705825,80.59743875939425,-0.004319112987725454,-38487.6279626,0.0,-38487.6279626,-48109.534953250004,-475.4666666666667,0.0,-475.4666666666667,-594.3333333333334,0.24653318077803166,10642.300000000003,10761.16666666667,0.0,52.91215786660042,52.91215786660042,52.51888018461165,518984.14990709105,525273.6417388343,493840.69177223457,3748.239940328564,3793.9069457623355,3565.9868730979993,23789870.672635317,18649127.02332505,300257328.3356371,303395237.0922201,302947966.9108559,2166150.1660094215,2188873.3162375195,2186034.8077224614,68969.01961402982
80.87567974999997,77.45251183472186,-0.04232629544332353,-89696.52055473332,-43672.867064999984,-46023.653489733326,-57529.566862166655,-1109.0666666666666,-540.0,-569.0666666666667,-711.3333333333334,0.35805491990846644,11395.650000000003,10997.91666666667,0.0,54.25992897817577,52.91215786660042,52.91215786660042,559105.3288693314,537800.595113752,500162.41348464345,4038.5176359263955,3884.8631729337776,3611.5782890423907,23789870.672635317,18649127.02332505,300257328.3356371,303395237.0922201,302947966.9108559,2166150.1660094215,2188873.3162375195,2186034.8077224614,68969.01961402982
84.24975174999999,86.69293421253084,0.02899928381724711,-22584.550119116662,0.0,-22584.550119116662,-28230.687648895826,-268.06666666666666,0.0,-268.06666666666666,-335.0833333333333,0.35805491990846644,10779.233333333334,10846.25,0.0,52.91215786660042,52.91215786660042,52.91215786660042,526229.5880576241,529775.5845039841,512045.602272184,3800.847920789004,3826.594840145313,3697.860243363768,23789870.672635317,18649127.02332505,300257328.3356371,303395237.0922201,302947966.9108559,2166150.1660094215,2188873.3162375195,2186034.8077224614,68969.01961402982
89.65817616666668,87.75191431362298,-0.021261439107350694,41664.154464650004,43457.31798798334,-1793.1635233333336,-2241.454404166667,464.7,484.7,-20.0,-25.0,0.24713958810068612,10483.88333333333,10973.58333333333,0.0,52.91215786660042,52.91215786660042,52.91215786660042,510601.9822317234,536513.0659389977,535190.2619923326,3687.3783465753368,3875.5146272336483,3865.9099569937916,23789870.672635317,18649127.02332505,300257328.3356371,303395237.0922201,302947966.9108559,2166150.1660094215,2188873.3162375195,2186034.8077224614,68969.01961402982
95.24233558333331,95.10408899730002,-0.0014515245262158869,97236.07514154442,51430.86121499999,45805.213926544435,57256.51740818054,1020.9333333333334,540.0,480.93333333333334,601.1666666666666,0.12356979405034287,10770.900000000003,11190.66666666667,0.0,52.91215786660042,53.31410577277049,54.88259833134684,525788.6534087359,548005.6593770657,580611.2858626517,3797.6463640423863,3958.818358456122,4193.2924297593845,23789870.672635317,18649127.02332505,300257328.3356371,303395237.0922201,302947966.9108559,2166150.1660094215,2188873.3162375195,2186034.8077224614,68969.01961402982
99.91246391666665,101.09757567480897,0.011861500674538273,196454.54738387777,53952.730514999996,142501.81686887777,178127.2710860972,1966.2666666666667,540.0,1426.2666666666667,1782.8333333333333,0.0,11614.983333333337,11798.41666666667,0.0,54.25992897817577,54.88259833134684,56.08364062042727,571006.3399585446,580972.5963016665,679900.5343888078,4124.181180749522,4195.920871678667,4912.481098279055,23789870.672635317,18649127.02332505,300257328.3356371,303395237.0922201,302947966.9108559,2166150.1660094215,2188873.3162375195,2186034.8077224614,68969.01961402982
76.17890491666667,75.97717691031073,-0.002648082255535389,14839.650677766667,0.0,14839.650677766667,18549.563347208332,194.8,0.0,194.8,243.5,0.0,10834.83333333333,10834.83333333333,48.69999999999999,52.91215786660042,52.91215786660042,52.91215786660042,529171.5040350069,529171.5040350069,542055.614475524,3822.208707402444,3822.208707402444,3915.758195538647,23789870.672635317,18649127.02332505,300257328.3356371,303395237.0922201,302947966.9108559,2166150.1660094215,2188873.3162375195,2186034.8077224614,68969.01961402982
68.84121116666667,67.43699412841221,-0.020397913029955448,-72712.74426343627,-35942.3586722807,-36770.38559115556,-45962.98198894444,-1056.238596491228,-522.1052631578947,-534.1333333333333,-667.6666666666666,0.10782608695652172,9225.5,9225.5,388.5719298245614,52.43758874329534,52.43758874329534,52.36610811073134,444430.68661376473,444430.68661376473,409442.6154567807,3206.7394613170177,3206.7394613170177,2952.1685908220197,23789870.672635317,18649127.02332505,300257328.3356371,303395237.0922201,302947966.9108559,2166150.1660094215,2188873.3162375195,2186034.8077224614,68969.01961402982
30.810910750000005,30.8841945118042,0.0023785003435574346,-54520.93360248335,-16637.891805000003,-37883.04179748335,-47353.802246854175,-1769.5333333333335,-540.0,-1229.5333333333335,-1536.9166666666667,0.21934782608695652,8676.916666666666,8676.916666666666,232.6166666666668,52.36610811073134,52.36610811073134,51.55384335228537,415678.54616430023,415678.54616430023,335611.1685068092,2997.795000794935,2997.795000794935,2416.0143845958387,23789870.672635317,18649127.02332505,300257328.3356371,303395237.0922201,302947966.9108559,2166150.1660094215,2188873.3162375195,2186034.8077224614,68969.01961402982
17.250135583333332,17.068685988840944,-0.010518734395786574,-36401.23610795,-9315.073214999999,-27086.16289295,-33857.7036161875,-2110.2,-540.0,-1570.2,-1962.75,0.3308695652173913,9069.833333333334,9069.833333333334,147.44999999999982,52.43758874329534,52.43758874329534,51.55384335228537,436267.9019660584,436267.9019660584,333914.1878297966,3147.6417906381344,3147.6417906381344,2403.8587430022585,23789870.672635317,18649127.02332505,300257328.3356371,303395237.0922201,302947966.9108559,2166150.1660094215,2188873.3162375195,2186034.8077224614,68969.01961402982
12.53883525,12.472296967853653,-0.005306575995274109,-23833.8180432,-6770.971035,-17062.847008200002,-21328.55876025,-1900.8000000000002,-540.0,-1360.8000000000002,-1701.0,0.4423913043478261,8601.0,8601.0,199.80000000000018,52.36610811073134,52.36610811073134,51.55384335228537,411703.0857902272,411703.0857902272,323238.2461022608,2968.7077653258475,2968.7077653258475,2327.385909179351,23789870.672635317,18649127.02332505,300257328.3356371,303395237.0922201,302947966.9108559,2166150.1660094215,2188873.3162375195,2186034.8077224614,68969.01961402982
9.276355166666667,9.173156132666582,-0.011124955022304065,-18164.34026368889,-5009.23179,-13155.10847368889,-16443.885592111114,-1958.1333333333334,-540.0,-1418.1333333333334,-1772.6666666666667,0.5539130434782609,8077.5,8077.5,185.4666666666667,52.35243045899558,52.35243045899558,51.55384335228537,384290.59489795245,384290.59489795245,292555.1170004256,2768.2324417299283,2768.2324417299283,2107.599599656935,23789870.672635317,18649127.02332505,300257328.3356371,303395237.0922201,302947966.9108559,2166150.1660094215,2188873.3162375195,2186034.8077224614,68969.01961402982
9.792712250000001,9.44871410637467,-0.03512797423669121,-21654.298174683332,-5288.064614999996,-16366.233559683336,-20457.79194960417,-2211.2666666666664,-539.9999999999995,-1671.2666666666669,-2089.0833333333335,0.6654347826086956,7822.0,7822.0,122.18333333333294,51.8200325163863,51.8200325163863,51.51118310371481,370939.98149645707,370939.98149645707,263072.91028493026,2671.0941425877418,2671.0941425877418,1896.0787557499555,23789870.672635317,18649127.02332505,300257328.3356371,303395237.0922201,302947966.9108559,2166150.1660094215,2188873.3162375195,2186034.8077224614,68969.01961402982
3.7804395,3.9356652247472463,0.041060232480177594,-5194.323873,-2041.43733,-3152.886543,-3941.1081787499998,-1374.0,-540.0,-834.0,-1042.5,0.7769565217391303,7219.166666666667,7219.166666666667,331.5,51.8200325163863,51.8200325163863,51.55384335228537,339701.1385611622,339701.1385611622,285947.63274410774,2445.3642814721843,2445.3642814721843,2060.269531882436,23789870.672635317,18649127.02332505,300257328.3356371,303395237.0922201,302947966.9108559,2166150.1660094215,2188873.3162375195,2186034.8077224614,68969.01961402982
9.356811333333333,9.19317791451035,-0.0174881605488874,-7643.267284488885,-5052.678119999996,-2590.589164488889,-3238.2364556111106,-816.8666666666662,-539.9999999999995,-276.8666666666667,-346.0833333333333,0.888478260869565,7772.25,7772.25,470.78333333333285,51.8200325163863,51.8200325163863,51.8200325163863,368361.9348787668,368361.9348787668,350427.88529205415,2652.4653442623357,2652.4653442623357,2522.875060434176,23789870.672635317,18649127.02332505,300257328.3356371,303395237.0922201,302947966.9108559,2166150.1660094215,2188873.3162375195,2186034.8077224614,68969.01961402982
39.07739441666667,38.49042881604474,-0.015020592068226105,-24975.66535150556,-21101.792985000004,-3873.8723665055563,-4842.3404581319455,-639.1333333333333,-540.0,-99.13333333333334,-123.91666666666667,0.9999999999999998,8979.550000000001,8661.333333333334,197.0,52.43758874329534,52.36610811073134,52.36610811073134,431533.6616623513,414862.5076462414,408373.4740828533,3113.3664071191292,2991.824294941237,2944.346008286426,23789870.672635317,18649127.02332505,300257328.3356371,303395237.0922201,302947966.9108559,2166150.1660094215,2188873.3162375195,2186034.8077224614,68969.01961402982
91.82549083333333,91.92078431186943,0.0010377671567151996,79073.99100627778,4591.274541666667,74482.7164646111,93103.39558076388,861.1333333333333,50.0,811.1333333333333,1013.9166666666666,0.9885583524027458,11264.533333333333,11111.75,0.0,54.25992897817577,52.91215786660042,54.88259833134684,551990.9478481427,543823.7624175665,598932.9266055995,3987.3082812817484,3928.5964380925902,4326.577725058682,23789870.672635317,18649127.02332505,300257328.3356371,303395237.0922201,302947966.9108559,2166150.1660094215,2188873.3162375195,2186034.8077224614,68969.01961402982
93.45798450000001,92.42078588317962,-0.01109802038177268,192648.05871600003,50467.311630000004,142180.74708600002,177725.93385750003,2061.3333333333335,540.0,1521.3333333333335,1901.6666666666667,0.8649885583524025,12672.833333333334,12832.5,0.0,55.79006567320489,55.79006567320489,56.22179083595663,629131.3877462645,638039.2015654196,744654.9933302172,4545.798293600036,4610.4765173290225,5381.270964580678,23789870.672635317,18649127.02332505,300257328.3356371,303395237.0922201,302947966.9108559,2166150.1660094215,2188873.3162375195,2186034.8077224614,68969.01961402982
98.02183341666665,100.18123314015934,0.02202978304143336,195115.72681032223,52931.790044999994,142183.93676532223,177729.92095665276,1990.5333333333335,540.0,1450.5333333333335,1813.1666666666667,0.7414187643020592,12830.883333333333,13008.25,0.0,55.79006567320489,55.79006567320489,56.58590166737302,637949.0076259145,647844.3056074852,749586.6072308137,4609.821633435316,4681.669823093341,5417.138809037184,23789870.672635317,18649127.02332505,300257328.3356371,303395237.0922201,302947966.9108559,2166150.1660094215,2188873.3162375195,2186034.8077224614,68969.01961402982
94.428524,94.12788418173888,-0.0031837818227585814,172168.38019173333,50991.40296,121176.97723173333,151471.22153966664,1823.2666666666667,540.0,1283.2666666666667,1604.0833333333333,0.6178489702517159,11995.483333333337,12214.66666666667,0.0,54.88259833134684,54.88259833134684,56.08364062042727,591788.1270128306,603817.4778570896,693220.3990361593,4274.6011178902945,4362.111598094042,5007.706640416514,23789870.672635317,18649127.02332505,300257328.3356371,303395237.0922201,302947966.9108559,2166150.1660094215,2188873.3162375195,2186034.8077224614,68969.01961402982
96.16233333333334,91.63613684214532,-0.0470682889473842,128556.21802222224,51927.66,76628.55802222223,95785.69752777778,1336.8666666666668,540.0,796.8666666666668,996.0833333333334,0.4942791762013727,11633.383333333337,11974.16666666667,0.0,54.25992897817577,54.88259833134684,55.79006567320489,572004.722651743,590618.2129584006,645724.2831119037,4131.367544996082,4266.090289498492,4666.276675901057,23789870.672635317,18649127.02332505,300257328.3356371,303395237.0922201,302947966.9108559,2166150.1660094215,2188873.3162375195,2186034.8077224614,68969.01961402982
91.40442616666667,91.85002260454326,0.004874998471781723,28164.75051615556,0.0,28164.75051615556,35205.93814519444,308.1333333333334,0.0,308.1333333333334,385.1666666666667,0.4942791762013727,11592.033333333333,11515.0,0.0,54.25992897817577,54.25992897817577,54.88259833134684,569761.0745884952,565581.2513928765,586556.9006818808,4115.217753605034,4085.131362710468,4236.545271469091,23789870.672635317,18649127.02332505,300257328.3356371,303395237.0922201,302947966.9108559,2166150.1660094215,2188873.3162375195,2186034.8077224614,68969.01961402982
87.03665516666666,87.68251567599286,0.007420557558070493,5697.999691577777,0.0,5697.999691577777,7122.499614472222,65.46666666666667,0.0,65.46666666666667,81.83333333333333,0.4942791762013727,11176.699999999997,11160.33333333333,0.0,53.15548742387255,52.91215786660042,54.25992897817577,547261.33154045,546394.4114205852,550777.3341033307,3953.4853136994475,3947.261513925377,3978.572682713918,23789870.672635317,18649127.02332505,300257328.3356371,303395237.0922201,302947966.9108559,2166150.1660094215,2188873.3162375195,2186034.8077224614,68969.01961402982
92.00245274999999,90.70425163345163,-0.014110505510934387,-6084.4288752,0.0,-6084.4288752,-7605.536093999999,-66.13333333333334,0.0,-66.13333333333334,-82.66666666666667,0.4942791762013727,11225.716666666667,11242.25,0.0,54.06581333546756,54.25992897817577,52.91215786660042,549885.6703860592,550781.855764079,546354.7273021855,3972.182934264428,3978.6052296534413,3946.9733738181826,23789870.672635317,18649127.02332505,300257328.3356371,303395237.0922201,302947966.9108559,2166150.1660094215,2188873.3162375195,2186034.8077224614,68969.01961402982
90.20285275000002,89.00830331318863,-0.013242923038389004,-33236.74447661667,0.0,-33236.74447661667,-41545.93059577084,-368.4666666666667,0.0,-368.4666666666667,-460.5833333333333,0.4942791762013727,11280.550000000003,11372.66666666667,0.0,54.25992897817577,54.25992897817577,52.91215786660042,552860.0110439433,557858.2548349829,533258.968230202,3993.563803057967,4029.5411900060994,3851.887138443603,23789870.672635317,18649127.02332505,300257328.3356371,303395237.0922201,302947966.9108559,2166150.1660094215,2188873.3162375195,2186034.8077224614,68969.01961402982
93.36593049999999,95.24083940587518,0.02008129620552755,5869.6048307666715,50417.60247,-44547.99763923333,-55684.99704904166,62.866666666666674,540.0,-477.1333333333333,-596.4166666666666,0.37070938215102944,11193.133333333337,11852.41666666667,0.0,53.31410577277049,54.88259833134684,54.25992897817577,548137.1675046385,583936.2566115592,551527.9297875292,3959.7658731309884,4217.480749700121,3983.9754746746494,23789870.672635317,18649127.02332505,300257328.3356371,303395237.0922201,302947966.9108559,2166150.1660094215,2188873.3162375195,2186034.8077224614,68969.01961402982
92.91140191666666,89.48480596006053,-0.0368802524331674,23203.074105322223,50172.157035,-26969.082929677774,-33711.353662097215,249.73333333333335,540.0,-290.26666666666665,-362.8333333333333,0.2471395881006862,11182.350000000002,11794.91666666667,0.0,53.30819399527876,54.88259833134684,54.25992897817577,547562.2811704658,580780.5072075067,561082.1989484362,3955.626018979361,4194.523472177277,4052.7471578856166,23789870.672635317,18649127.02332505,300257328.3356371,303395237.0922201,302947966.9108559,2166150.1660094215,2188873.3162375195,2186034.8077224614,68969.01961402982
88.65771383333333,91.76283236865895,0.03502367026024258,2772.0311858555556,0.0,2772.0311858555556,3465.0389823194446,31.26666666666667,0.0,31.26666666666667,39.083333333333336,0.2471395881006862,11462.566666666668,11454.75,0.0,54.25992897817577,54.25992897817577,54.25992897817577,562736.2224501208,562312.0906719414,564432.7495628385,4064.6528283629336,4061.5999254357257,4076.864440071762,23789870.672635317,18649127.02332505,300257328.3356371,303395237.0922201,302947966.9108559,2166150.1660094215,2188873.3162375195,2186034.8077224614,68969.01961402982
100.16601008333332,98.62642531938724,-0.015370331339595358,110863.73996023333,54089.645444999995,56774.09451523333,70967.61814404165,1106.8000000000002,540.0,566.8000000000001,708.5,0.12356979405034295,11440.28333333333,11838.58333333333,0.0,54.25992897817577,54.88259833134684,55.79006567320489,561527.1303660569,583177.0473346419,622115.7869878588,4055.9497767346243,4211.957694527956,4494.859128878196,23789870.672635317,18649127.02332505,300257328.3356371,303395237.0922201,302947966.9108559,2166150.1660094215,2188873.3162375195,2186034.8077224614,68969.01961402982
96.93032116666667,99.86156932399868,0.03024077628188064,172044.85804942224,52342.37343,119702.48461942223,149628.1057742778,1774.9333333333334,540.0,1234.9333333333334,1543.6666666666667,0.0,11608.566666666664,11839.83333333333,0.0,54.25992897817577,54.88259833134684,56.08364062042727,570658.1720809343,583245.650582556,668809.9944561179,4121.67506640629,4212.456765778453,4833.193304773022,23789870.672635317,18649127.02332505,300257328.3356371,303395237.0922201,302947966.9108559,2166150.1660094215,2188873.3162375195,2186034.8077224614,68969.01961402982
85.36596883333333,85.0862680230805,-0.0032764907852085154,16276.444724222223,0.0,16276.444724222223,20345.555905277775,190.66666666666669,0.0,190.66666666666669,238.33333333333334,0.0,11590.249999999996,11551.58333333333,9.0,54.25992897817577,54.25992897817577,54.88259833134684,569664.3110484839,567566.2604613279,580506.0942158496,4114.521249099252,4099.419469160828,4192.5271871752875,23789870.672635317,18649127.02332505,300257328.3356371,303395237.0922201,302947966.9108559,2166150.1660094215,2188873.3162375195,2186034.8077224614,68969.01961402982
64.70103016666667,65.31343674908825,0.009465175142405845,-71736.1888467889,-34938.55629,-36797.63255678889,-45997.040695986114,-1108.7333333333333,-540.0,-568.7333333333333,-710.9166666666666,0.11152173913043478,9865.066666666668,9659.25,192.0,52.51888018461165,52.51888018461165,52.43758874329534,477992.2443618582,467182.9835051953,429896.734933748,3450.471216436418,3371.6850215775944,3101.5152361146806,23789870.672635317,18649127.02332505,300257328.3356371,303395237.0922201,302947966.9108559,2166150.1660094215,2188873.3162375195,2186034.8077224614,68969.01961402982
33.3236745,32.551224596038686,-0.023180213933529984,-44182.749230400004,-17994.78423,-26187.965000400007,-32734.956250500003,-1325.8666666666668,-540.0,-785.8666666666668,-982.3333333333334,0.22304347826086957,8743.833333333334,8743.833333333334,343.5333333333334,52.36610811073134,52.36610811073134,51.8200325163863,419182.7115653767,419182.7115653767,367804.86952921574,3023.4339141666997,3023.4339141666997,2648.440026031218,23789870.672635317,18649127.02332505,300257328.3356371,303395237.0922201,302947966.9108559,2166150.1660094215,2188873.3162375195,2186034.8077224614,68969.01961402982
33.40735683333333,34.213558808667344,0.024132468167298988,-54131.05385561111,-18039.97269,-36091.08116561111,-45113.85145701389,-1620.3333333333335,-540.0,-1080.3333333333335,-1350.4166666666667,0.33456521739130435,9176.416666666666,9176.416666666666,269.91666666666697,52.43758874329534,52.43758874329534,51.8200325163863,441856.87496628123,441856.87496628123,371147.2616265226,3188.1053456693394,3188.1053456693394,2672.591935417925,23789870.672635317,18649127.02332505,300257328.3356371,303395237.0922201,302947966.9108559,2166150.1660094215,2188873.3162375195,2186034.8077224614,68969.01961402982
39.34079741666667,38.85102734049873,-0.012449419135577622,-66165.97581517778,-21244.030605,-44921.94521017777,-56152.43151272222,-1681.8666666666666,-540.0,-1141.8666666666666,-1427.3333333333333,0.44608695652173913,8979.416666666666,8979.416666666666,254.5333333333333,52.43758874329534,52.43758874329534,51.8200325163863,431526.6699838521,431526.6699838521,356952.8910530758,3113.3157881292536,3113.3157881292536,2570.024330567657,23789870.672635317,18649127.02332505,300257328.3356371,303395237.0922201,302947966.9108559,2166150.1660094215,2188873.3162375195,2186034.8077224614,68969.01961402982
41.89921566666667,41.98087814644416,0.0019490216816268413,-60580.679291911096,-22625.576459999982,-37955.102831911114,-47443.87853988889,-1445.8666666666663,-539.9999999999995,-905.8666666666667,-1132.3333333333333,0.5576086956521739,8968.333333333334,8968.333333333334,313.53333333333285,52.43758874329534,52.43758874329534,51.8200325163863,430945.4867086139,430945.4867086139,371665.46195168654,3109.1080845959077,3109.1080845959077,2676.336417493384,23789870.672635317,18649127.02332505,300257328.3356371,303395237.0922201,302947966.9108559,2166150.1660094215,2188873.3162375195,2186034.8077224614,68969.01961402982
47.53266933333334,46.47940990464617,-0.02215864253911263,-59894.33220462223,-25667.641440000003,-34226.69076462223,-42783.363455777784,-1260.0666666666666,-540.0,-720.0666666666667,-900.0833333333334,0.6691304347826086,9043.0,9043.0,359.9833333333331,52.43758874329534,52.43758874329534,52.35243045899558,434860.8266681133,434860.8266681133,387715.3163904784,3137.4547189258215,3137.4547189258215,2793.218350712739,23789870.672635317,18649127.02332505,300257328.3356371,303395237.0922201,302947966.9108559,2166150.1660094215,2188873.3162375195,2186034.8077224614,68969.01961402982
47.138156,48.86933794062999,0.03672570349654714,-42810.87327919998,-25454.60423999998,-17356.269039200004,-21695.336299000002,-908.1999999999996,-539.9999999999995,-368.20000000000005,-460.25,0.7806521739130433,8920.75,8920.75,447.9499999999998,52.43758874329534,52.43758874329534,52.36610811073134,428450.3314442455,428450.3314442455,404345.6476006695,3091.0434325843216,3091.0434325843216,2914.875625917635,23789870.672635317,18649127.02332505,300257328.3356371,303395237.0922201,302947966.9108559,2166150.1660094215,2188873.3162375195,2186034.8077224614,68969.01961402982
71.70176816666667,73.45586514739713,0.024463789744391912,17455.795460175,12293.268152175,5162.527308,6453.159135,243.45,171.45,72.0,90.0,0.7414187643020593,9253.3,9406.75,0.0,52.43758874329534,52.43758874329534,52.43758874329534,445888.4515808283,453934.999573487,458654.3825603836,3217.2935207059227,3275.549650678137,3309.7174688436585,23789870.672635317,18649127.02332505,300257328.3356371,303395237.0922201,302947966.9108559,2166150.1660094215,2188873.3162375195,2186034.8077224614,68969.01961402982
87.04391025000001,86.37937996435925,-0.007634425932063026,67813.0090121,47003.711535,20809.2974771,26011.621846375,779.0666666666666,540.0,239.06666666666666,298.8333333333333,0.617848970251716,10476.766666666666,10957.0,0.0,52.91215786660042,52.91215786660042,54.25992897817577,510225.42404157296,535635.6059877101,551518.8864660326,3684.6442171137255,3869.1435293078775,3983.9103807956035,23789870.672635317,18649127.02332505,300257328.3356371,303395237.0922201,302947966.9108559,2166150.1660094215,2188873.3162375195,2186034.8077224614,68969.01961402982
97.87233258333335,98.60437957305211,0.007479611146443841,122314.31644047779,52851.059595000006,69463.2568454778,86829.07105684723,1249.7333333333333,540.0,709.7333333333333,887.1666666666666,0.4942791762013728,12085.933333333332,12448.5,0.0,54.88259833134684,54.94139207655314,56.00225515463917,596752.2580319006,616651.4045104189,666130.660606618,4310.713913576228,4455.4194878236585,4813.99129386659,23789870.672635317,18649127.02332505,300257328.3356371,303395237.0922201,302947966.9108559,2166150.1660094215,2188873.3162375195,2186034.8077224614,68969.01961402982
95.75783458333335,100.2580710199537,0.0469960129758785,163554.38146833336,51709.230675000006,111845.15079333335,139806.4384916667,1708.0,540.0,1168.0,1460.0,0.37070938215102955,12522.66666666667,12770.66666666667,0.0,55.79006567320489,55.79006567320489,56.22179083595663,620753.579551005,634589.5158379598,716347.3216443132,4484.968356669121,4585.428896239823,5174.9413966705715,23789870.672635317,18649127.02332505,300257328.3356371,303395237.0922201,302947966.9108559,2166150.1660094215,2188873.3162375195,2186034.8077224614,68969.01961402982
91.780331,90.47351298100408,-0.014238541142283881,135969.50103213335,49561.37874,86408.12229213334,108010.15286516666,1481.4666666666667,540.0,941.4666666666667,1176.8333333333333,0.2471395881006863,12418.199999999997,12722.83333333333,0.0,54.88259833134684,55.79006567320489,56.08364062042727,614987.9160374627,631920.8910299245,697758.5002896952,4443.37370624157,4566.0524346425145,5040.150149685098,23789870.672635317,18649127.02332505,300257328.3356371,303395237.0922201,302947966.9108559,2166150.1660094215,2188873.3162375195,2186034.8077224614,68969.01961402982
88.16306225,89.33805898786119,0.01332753999094661,113565.77925296666,47608.053615,65957.72563796667,82447.15704745833,1288.1333333333332,540.0,748.1333333333333,935.1666666666666,0.12356979405034306,11938.533333333333,12291.5,0.0,54.88259833134684,54.88259833134684,55.79006567320489,588662.5630378601,608034.2908288812,660029.785784941,4251.863431717667,4392.787844291233,4770.146662547242,23789870.672635317,18649127.02332505,300257328.3356371,303395237.0922201,302947966.9108559,2166150.1660094215,2188873.3162375195,2186034.8077224614,68969.01961402982
76.42070525,81.16368185106678,0.062064025522281935,63943.751439516665,41267.180835,22676.570604516666,28345.713255645835,836.7333333333333,540.0,296.73333333333335,370.9166666666667,0.0,11489.433333333332,11955.25,0.0,54.25992897817577,54.88259833134684,54.88259833134684,564194.0058753344,589580.0171399658,609936.8875710345,4075.1459616649754,4258.537677907642,4406.62875363834,23789870.672635317,18649127.02332505,300257328.3356371,303395237.0922201,302947966.9108559,2166150.1660094215,2188873.3162375195,2186034.8077224614,68969.01961402982
70.5087205,67.21689986319241,-0.0466867163871962,-11149.779001733332,0.0,-11149.779001733332,-13937.223752166665,-158.13333333333333,0.0,-158.13333333333333,-197.66666666666666,0.0,11540.633333333337,11580.16666666667,0.0,54.25992897817577,54.25992897817577,54.25992897817577,566972.1142390172,569117.1900979544,558391.8108032683,4095.1428013075792,4110.583069417036,4033.3817288697505,23789870.672635317,18649127.02332505,300257328.3356371,303395237.0922201,302947966.9108559,2166150.1660094215,2188873.3162375195,2186034.8077224614,68969.01961402982
64.80295208333332,66.12232930059349,0.020359831995979395,-12407.605225555555,0.0,-12407.605225555555,-15509.506531944442,-191.4666666666667,0.0,-191.4666666666667,-239.33333333333334,0.0,10525.300000000003,10573.16666666667,0.0,52.91215786660042,52.91215786660042,52.91215786660042,512793.42743669875,515326.1560599134,502662.51294384035,3703.290083606035,3721.6798255586136,3629.7311157957197,23789870.672635317,18649127.02332505,300257328.3356371,303395237.0922201,302947966.9108559,2166150.1660094215,2188873.3162375195,2186034.8077224614,68969.01961402982
61.226643583333335,62.37760594143386,0.018798390549271134,-18478.20103345,0.0,-18478.20103345,-23097.7512918125,-301.8,0.0,-301.8,-377.25,0.0,10714.88333333333,10790.33333333333,0.0,52.91215786660042,52.91215786660042,52.91215786660042,522824.69069890806,526816.9130099431,506855.8014547681,3776.1254995916115,3805.112394375499,3660.177920456063,23789870.672635317,18649127.02332505,300257328.3356371,303395237.0922201,302947966.9108559,2166150.1660094215,2188873.3162375195,2186034.8077224614,68969.01961402982
59.91295549999999,59.27984058578895,-0.010567245580315835,-47811.36830832825,-10485.597031828256,-37325.771276499996,-46657.21409562499,-798.0138504155125,-175.0138504155125,-623.0,-778.75,0.03614416475972541,10980.347183748843,10961.08333333333,0.0,52.91215786660042,52.91215786660042,52.51888018461165,536870.9558599694,535851.6639656652,494654.73441509577,3878.113209345357,3870.7122921137197,3571.920241080725,23789870.672635317,18649127.02332505,300257328.3356371,303395237.0922201,302947966.9108559,2166150.1660094215,2188873.3162375195,2186034.8077224614,68969.01961402982
58.247591666666665,58.874150611469766,0.010756821473215631,-65664.45167222222,-31453.6995,-34210.75217222222,-42763.44021527778,-1127.3333333333335,-540.0,-587.3333333333334,-734.1666666666666,0.14766590389016018,10917.999999999996,10524.83333333333,0.0,52.91215786660042,52.91215786660042,52.51888018461165,533572.0318309125,512768.73509636073,474084.8396761229,3854.1602437337,3703.110796428222,3421.9910501193235,23789870.672635317,18649127.02332505,300257328.3356371,303395237.0922201,302947966.9108559,2166150.1660094215,2188873.3162375195,2186034.8077224614,68969.01961402982
58.93097550000001,59.47784921418565,0.009279902624141028,-62816.4911513,-31822.72676999999,-30993.764381300003,-38742.20547662501,-1065.933333333333,-539.9999999999998,-525.9333333333333,-657.4166666666666,0.25918764302059494,10885.183333333336,10476.66666666667,0.0,52.91215786660042,52.91215786660042,52.51888018461165,531835.6311835905,510220.1328257865,475586.00433473336,3841.5525132655175,3684.605798432767,3432.9326910767218,23789870.672635317,18649127.02332505,300257328.3356371,303395237.0922201,302947966.9108559,2166150.1660094215,2188873.3162375195,2186034.8077224614,68969.01961402982
56.47395991666667,54.993169597407295,-0.026220763010853857,-30567.472037561114,-30495.938355000002,-71.53368256111112,-89.4171032013889,-541.2666666666667,-540.0,-1.2666666666666666,-1.5833333333333333,0.3707093821510297,10223.516666666666,9683.833333333334,0.0,52.87095619441715,52.51888018461165,52.51888018461165,496825.57594151614,468474.07264306705,468390.9177494414,3587.4058999250165,3381.0954707975125,3380.4893740680936,23789870.672635317,18649127.02332505,300257328.3356371,303395237.0922201,302947966.9108559,2166150.1660094215,2188873.3162375195,2186034.8077224614,68969.01961402982
60.70235716666667,57.82866789833564,-0.04734065368237552,-10598.631561299997,-32779.27287,22180.641308700004,27725.801635875003,-174.59999999999997,-540.0,365.40000000000003,456.75,0.4822311212814645,11146.93333333333,10515.58333333333,0.0,52.91215786660042,52.91215786660042,52.91215786660042,545685.3885051729,512279.2976360947,536446.9257416644,3942.113410676814,3699.557068439475,3875.0343937216553,23789870.672635317,18649127.02332505,300257328.3356371,303395237.0922201,302947966.9108559,2166150.1660094215,2188873.3162375195,2186034.8077224614,68969.01961402982
70.20499433333333,70.5948948251109,0.00555374294208073,93943.64308391111,37910.69694,56032.94614391111,70041.18267988888,1338.1333333333332,540.0,798.1333333333333,997.6666666666666,0.35866132723112126,10853.616666666663,11194.08333333333,0.0,52.91215786660042,53.31410577277049,54.88259833134684,530165.3707336012,548187.8159051224,602559.7516453292,3829.425016309323,3960.130794323333,4352.961958501602,23789870.672635317,18649127.02332505,300257328.3356371,303395237.0922201,302947966.9108559,2166150.1660094215,2188873.3162375195,2186034.8077224614,68969.01961402982
73.09999858333335,72.16594322618008,-0.012777775311287447,85799.9050038778,39473.999235,46325.90576887778,57907.38221109723,1173.7333333333333,540.0,633.7333333333333,792.1666666666666,0.23509153318077802,10897.683333333332,11279.25,0.0,52.91215786660042,54.25992897817577,54.88259833134684,532497.0331569228,552789.4731362716,595955.5456461239,3846.3548483854443,3993.0560708014154,4304.918032787128,23789870.672635317,18649127.02332505,300257328.3356371,303395237.0922201,302947966.9108559,2166150.1660094215,2188873.3162375195,2186034.8077224614,68969.01961402982
64.32984966666666,64.4772238209079,0.002290914015886503,-7380.7780850888885,0.0,-7380.7780850888885,-9225.972606361109,-114.73333333333333,0.0,-114.73333333333333,-143.41666666666666,0.23509153318077802,11221.066666666668,11249.75,0.0,53.93198103530016,54.25992897817577,52.91215786660042,549634.4969889831,551188.8052314153,543537.1548957891,3970.408633054716,3981.534454210463,3926.5154262072883,23789870.672635317,18649127.02332505,300257328.3356371,303395237.0922201,302947966.9108559,2166150.1660094215,2188873.3162375195,2186034.8077224614,68969.01961402982
62.69058141666667,59.33874302109997,-0.0534663791565281,-25097.12942713889,0.0,-25097.12942713889,-31371.411783923613,-400.33333333333337,0.0,-400.33333333333337,-500.4166666666667,0.23509153318077802,10674.333333333336,10774.41666666667,0.0,52.91215786660042,52.91215786660042,52.91215786660042,520679.1026974178,525974.7278305667,499496.6021648221,3760.5467244625665,3798.9974209894594,3606.7439383549963,23789870.672635317,18649127.02332505,300257328.3356371,303395237.0922201,302947966.9108559,2166150.1660094215,2188873.3162375195,2186034.8077224614,68969.01961402982
68.2768615,69.04610497133878,0.01126653238650656,11042.644399933331,36869.505209999996,-25826.860810066664,-32283.57601258333,161.73333333333335,540.0,-378.26666666666665,-472.8333333333333,0.11152173913043477,10103.433333333334,10738.0,0.0,52.51888018461165,52.91215786660042,52.91215786660042,490510.99476853013,524047.8434149245,499029.21143700025,3541.71748405897,3785.006618006734,3603.3502882035787,23789870.672635317,18649127.02332505,300257328.3356371,303395237.0922201,302947966.9108559,2166150.1660094215,2188873.3162375195,2186034.8077224614,68969.01961402982
62.06789225000001,61.787337718754685,-0.004520123385458145,-57967.27350201668,0.0,-57967.27350201668,-72459.09187752084,-933.9333333333334,0.0,-933.9333333333334,-1167.4166666666667,0.11152173913043477,10687.933333333336,10921.41666666667,0.0,52.91215786660042,52.91215786660042,52.51888018461165,521398.7080444036,533752.815036957,472159.14740268746,3765.7716650730486,3855.4728819998163,3407.9551258591096,23789870.672635317,18649127.02332505,300257328.3356371,303395237.0922201,302947966.9108559,2166150.1660094215,2188873.3162375195,2186034.8077224614,68969.01961402982
54.50380858333333,54.403756716276405,-0.001835685792561712,-98052.35164141667,-29432.056634999994,-68620.29500641667,-85775.36875802084,-1799.0,-539.9999999999999,-1259.0,-1573.75,0.2230434782608695,10923.5,10923.5,225.25,52.91215786660042,52.91215786660042,52.43758874329534,533863.048699179,533863.048699179,450946.0570151191,3856.27327118647,3856.27327118647,3253.91003250664,23789870.672635317,18649127.02332505,300257328.3356371,303395237.0922201,302947966.9108559,2166150.1660094215,2188873.3162375195,2186034.8077224614,68969.01961402982
45.88500299999999,46.665355987990274,0.01700671105960881,-74144.04684759998,-24777.901619999993,-49366.14522759998,-61707.681534499985,-1615.8666666666666,-540.0,-1075.8666666666666,-1344.8333333333333,0.3345652173913043,10483.700000000003,10459.66666666667,247.0,52.91215786660042,52.91215786660042,52.43758874329534,510592.2816694482,509320.6261420543,438627.5934595068,3687.3079123269135,3678.0746226696647,3164.725699720896,23789870.672635317,18649127.02332505,300257328.3356371,303395237.0922201,302947966.9108559,2166150.1660094215,2188873.3162375195,2186034.8077224614,68969.01961402982
49.65832258333333,49.84906309018528,0.0038410581938579046,-52022.05873829999,-26815.49419499999,-25206.5645433,-31508.205679125,-1047.6,-539.9999999999998,-507.6,-634.5,0.446086956521739,10209.43333333333,10114.33333333333,318.0,52.82986516401691,52.51888018461165,52.43758874329534,496081.33092988946,491083.4505625422,457767.31335080933,3582.1423568208643,3545.8899815435966,3303.2951845032862,23789870.672635317,18649127.02332505,300257328.3356371,303395237.0922201,302947966.9108559,2166150.1660094215,2188873.3162375195,2186034.8077224614,68969.01961402982
61.70672666666666,60.89641357535243,-0.013131681667242759,-16224.755331555554,0.0,-16224.755331555554,-20280.944164444445,-262.93333333333334,0.0,-262.93333333333334,-328.6666666666667,0.446086956521739,10050.766666666666,10116.5,0.0,52.51888018461165,52.51888018461165,52.51888018461165,487745.0004121405,491197.24146960897,473936.03618226666,3521.556792848841,3546.719377068065,3420.906455971944,23789870.672635317,18649127.02332505,300257328.3356371,303395237.0922201,302947966.9108559,2166150.1660094215,2188873.3162375195,2186034.8077224614,68969.01961402982
61.85639883333334,62.500974621977285,0.01042051915082702,-3929.9432058777784,0.0,-3929.9432058777784,-4912.429007347223,-63.53333333333334,0.0,-63.53333333333334,-79.41666666666667,0.446086956521739,10876.199999999997,10892.08333333333,0.0,52.91215786660042,52.91215786660042,52.91215786660042,531360.3036320886,532200.7250728697,527998.6178689639,3838.1012350926603,3844.2034022517155,3813.692566456438,23789870.672635317,18649127.02332505,300257328.3356371,303395237.0922201,302947966.9108559,2166150.1660094215,2188873.3162375195,2186034.8077224614,68969.01961402982
68.20670941666667,70.04236222964536,0.026913082725702444,80483.91711166667,36831.623085,43652.29402666667,54565.36753333334,1180.0,540.0,640.0,800.0,0.3225171624713958,11185.66666666667,11565.66666666667,0.0,53.31410577277049,54.25992897817577,54.88259833134684,547739.0888482019,568330.4211277709,612104.750205123,3956.8977206016634,4104.919901940128,4422.399405154034,23789870.672635317,18649127.02332505,300257328.3356371,303395237.0922201,302947966.9108559,2166150.1660094215,2188873.3162375195,2186034.8077224614,68969.01961402982
63.98235433333334,63.61496315061123,-0.005742070396598492,101719.14691913335,34550.471340000004,67168.67557913334,83960.84447391667,1589.8,540.0,1049.8,1312.25,0.19894736842105254,11659.2,11936.75,0.0,54.25992897817577,54.88259833134684,56.00225515463917,573405.5331515295,588564.689070836,661277.1318265493,4141.450586860141,4251.151423400292,4779.15710756934,23789870.672635317,18649127.02332505,300257328.3356371,303395237.0922201,302947966.9108559,2166150.1660094215,2188873.3162375195,2186034.8077224614,68969.01961402982
63.7463975,67.05935480429712,0.05197089457952669,97459.74225783334,34423.05465,63036.68760783334,78795.85950979167,1528.8666666666668,540.0,988.8666666666667,1236.0833333333333,0.07537757437070929,11554.966666666667,11847.75,0.0,54.25992897817577,54.88259833134684,55.79006567320489,567749.8398877042,583680.137819346,652061.1047379517,4100.740874905442,4215.617550364932,4712.287332969224,23789870.672635317,18649127.02332505,300257328.3356371,303395237.0922201,302947966.9108559,2166150.1660094215,2188873.3162375195,2186034.8077224614,68969.01961402982
64.892562,63.9679333161913,-0.014248608088685064,93077.564762,21375.6099228,71701.9548392,89627.443549,1434.3333333333335,329.4,1104.9333333333334,1381.1666666666667,0.0,11520.916666666664,11574.08333333333,0.0,54.25992897817577,54.25992897817577,55.79006567320489,565902.2893059972,568787.1088633368,644887.4321268052,4087.442195416562,4108.207142831894,4660.20043358831,23789870.672635317,18649127.02332505,300257328.3356371,303395237.0922201,302947966.9108559,2166150.1660094215,2188873.3162375195,2186034.8077224614,68969.01961402982
61.98486966666667,61.42288147482475,-0.009066538251416767,43195.189508377785,0.0,43195.189508377785,53993.98688547222,696.8666666666668,0.0,696.8666666666668,871.0833333333334,0.0,11275.966666666667,11140.75,39.0,54.25992897817577,52.91215786660042,54.88259833134684,552611.3197027933,545358.2149956978,592685.457495548,3991.7737213842306,3939.7378555708237,4281.128969846789,23789870.672635317,18649127.02332505,300257328.3356371,303395237.0922201,302947966.9108559,2166150.1660094215,2188873.3162375195,2186034.8077224614,68969.01961402982
57.28331641666667,56.9384195292938,-0.006020895942269827,17414.12819066667,0.0,17414.12819066667,21767.660238333334,304.0,0.0,304.0,380.0,0.0,10363.08333333333,10335.08333333333,48.0,52.91215786660042,52.91215786660042,52.91215786660042,504210.1935614381,502728.6531411733,522835.2731304814,3640.9685799763497,3630.2113493077104,3776.202336953531,23789870.672635317,18649127.02332505,300257328.3356371,303395237.0922201,302947966.9108559,2166150.1660094215,2188873.3162375195,2186034.8077224614,68969.01961402982
52.17022166666667,52.36822462343821,0.0037953251959833827,-25687.06601188215,-24348.030322437706,-1339.0356894444449,-1673.7946118055559,-492.37026777470055,-466.70360110803387,-25.66666666666667,-32.083333333333336,0.09638443935926785,9769.6202677747,9346.333333333334,37.0,52.51888018461165,52.43758874329534,52.43758874329534,472979.5063743983,450766.8952535796,449084.52261473215,3413.9345320975626,3252.6129208910975,3240.4327264524622,23789870.672635317,18649127.02332505,300257328.3356371,303395237.0922201,302947966.9108559,2166150.1660094215,2188873.3162375195,2186034.8077224614,68969.01961402982
52.2480325,52.21615423421583,-0.0006101333248131498,-8487.116366246972,-9925.678861080305,1438.5624948333332,1798.2031185416665,-162.4389658356412,-189.97229916897453,27.53333333333333,34.416666666666664,0.13561784897025173,9348.022299168973,9151.166666666666,0.0,52.43758874329534,52.43758874329534,52.43758874329534,450855.4605494703,440532.82585051307,442337.5528630948,3253.2541239750963,3178.5193744617904,3191.585401223235,23789870.672635317,18649127.02332505,300257328.3356371,303395237.0922201,302947966.9108559,2166150.1660094215,2188873.3162375195,2186034.8077224614,68969.01961402982
54.285812,55.607328688689755,0.024343684657231558,962.6683994666668,0.0,962.6683994666668,1203.3354993333335,17.733333333333334,0.0,17.733333333333334,22.166666666666668,0.13561784897025173,8692.266666666666,8687.833333333334,0.0,52.36610811073134,52.36610811073134,52.36610811073134,416482.3659238,416250.20951117575,417410.99157429696,3003.67630570537,3001.977687783355,3010.4707773934288,23789870.672635317,18649127.02332505,300257328.3356371,303395237.0922201,302947966.9108559,2166150.1660094215,2188873.3162375195,2186034.8077224614,68969.01961402982
53.17264216666667,52.37793074687323,-0.014945870421531041,-28787.668469033335,-28713.22677,-74.44169903333335,-93.05212379166667,-541.4,-540.0,-1.4000000000000001,-1.75,0.2471395881006865,9046.983333333334,8507.333333333334,0.0,52.43758874329534,52.36610811073134,52.36610811073134,435069.7030632741,406798.1269971888,406706.486307995,3138.9669612483326,2932.8196723870396,2932.14916531256,23789870.672635317,18649127.02332505,300257328.3356371,303395237.0922201,302947966.9108559,2166150.1660094215,2188873.3162375195,2186034.8077224614,68969.01961402982
50.86475333333333,52.06829191317023,0.023661543622352964,-27748.41843511111,-27466.9668,-281.45163511111116,-351.8145438888889,-545.5333333333333,-540.0,-5.533333333333334,-6.916666666666667,0.3586613272311213,8720.783333333333,8182.166666666667,0.0,52.36610811073134,52.36610811073134,52.36610811073134,417975.6727734243,389770.41417651594,389408.21526208334,3014.602378128555,2808.2330721670833,2805.5829727774735,23789870.672635317,18649127.02332505,300257328.3356371,303395237.0922201,302947966.9108559,2166150.1660094215,2188873.3162375195,2186034.8077224614,68969.01961402982
52.643008,53.36321555156006,0.013680972629072793,3207.7139541333336,0.0,3207.7139541333336,4009.642442666667,60.93333333333334,0.0,60.93333333333334,76.16666666666667,0.3586613272311213,8088.316666666667,8073.083333333333,0.0,52.35243045899558,52.35243045899558,52.35243045899558,384856.87368741725,384059.3716634252,388046.88178338535,2772.363869737532,2766.5454950087956,2795.6373686524757,23789870.672635317,18649127.02332505,300257328.3356371,303395237.0922201,302947966.9108559,2166150.1660094215,2188873.3162375195,2186034.8077224614,68969.01961402982
59.287205416666666,61.24972940080026,0.03310198162219155,56824.810151694444,32015.090925,24809.719226694448,31012.149033368056,958.4666666666667,540.0,418.4666666666667,523.0833333333334,0.23509153318077808,8003.533333333333,8438.916666666666,0.0,52.35243045899558,52.36610811073134,52.43758874329534,380418.260125002,403215.41243394616,430613.3819799064,2739.9808585284723,2906.606038665721,3106.7036825768523,23789870.672635317,18649127.02332505,300257328.3356371,303395237.0922201,302947966.9108559,2166150.1660094215,2188873.3162375195,2186034.8077224614,68969.01961402982
64.26520799999999,65.790462351101,0.02373374954455934,73682.20314559998,34703.21231999999,38978.99082559999,48723.73853199999,1146.5333333333333,540.0,606.5333333333333,758.1666666666666,0.11152173913043482,8056.966666666667,8445.333333333334,0.0,52.35243045899558,52.36610811073134,52.43758874329534,383215.62499252777,403551.4282943234,443277.0596614122,2760.3897309358335,2909.0645646054795,3198.387327987668,23789870.672635317,18649127.02332505,300257328.3356371,303395237.0922201,302947966.9108559,2166150.1660094215,2188873.3162375195,2186034.8077224614,68969.01961402982
52.56217158333333,52.524171254997405,-0.0007229596341102798,-23437.748952016653,-27442.986426666652,4005.23747465,5006.5468433125,-445.90526315789447,-522.1052631578945,76.2,95.25,0.21934782608695652,8531.821929824562,7995.666666666667,5.0,52.36610811073134,52.35243045899558,52.35243045899558,408080.49948852847,380006.4210053913,384992.99000661063,2942.202402210721,2736.976183613852,2773.3569402601606,23789870.672635317,18649127.02332505,300257328.3356371,303395237.0922201,302947966.9108559,2166150.1660094215,2188873.3162375195,2186034.8077224614,68969.01961402982
56.81073625,55.437535955348764,-0.02417149266660368,-28784.10636666667,0.0,-28784.10636666667,-35980.132958333335,-506.66666666666674,0.0,-506.66666666666674,-633.3333333333334,0.21934782608695652,7423.416666666666,7550.083333333333,0.0,51.8200325163863,51.8200325163863,51.55384335228537,350285.3802026341,356849.25098804303,324101.7729784116,2521.8453278634242,2569.2754341525656,2333.5714381927937,23789870.672635317,18649127.02332505,300257328.3356371,303395237.0922201,302947966.9108559,2166150.1660094215,2188873.3162375195,2186034.8077224614,68969.01961402982
54.53854658333333,54.78025456015953,0.0044318741874956455,-28981.78365438333,0.0,-28981.78365438333,-36227.229567979164,-531.4,0.0,-531.4,-664.25,0.21934782608695652,6662.4,6795.25,0.0,51.55384335228537,51.55384335228537,51.55384335228537,310989.0529217578,317837.9810111089,283593.34056435333,2239.6437185170275,2288.703272513196,2043.4055025323537,23789870.672635317,18649127.02332505,300257328.3356371,303395237.0922201,302947966.9108559,2166150.1660094215,2188873.3162375195,2186034.8077224614,68969.01961402982
52.971683833333344,52.079768129743464,-0.016837593956728788,-86379.15910422224,-28604.709270000007,-57774.449834222236,-72218.06229277779,-1630.6666666666667,-540.0,-1090.6666666666667,-1363.3333333333333,0.3308695652173913,7330.916666666666,7164.583333333333,101.0,51.8200325163863,51.55384335228537,51.55384335228537,345492.0271948683,336878.53382255294,266593.4607189372,2487.208868665433,2425.092648570792,1921.6336701632415,23789870.672635317,18649127.02332505,300257328.3356371,303395237.0922201,302947966.9108559,2166150.1660094215,2188873.3162375195,2186034.8077224614,68969.01961402982
34.359147416666666,35.22151310995619,0.025098576598301028,-60591.211164377775,-18553.939605,-42037.271559377776,-52546.58944922222,-1763.4666666666667,-540.0,-1223.4666666666667,-1529.3333333333333,0.4423913043478261,6624.75,6624.75,234.13333333333344,51.55384335228537,51.55384335228537,51.51118310371481,309048.05071954423,309048.05071954423,230234.5310563121,2225.7401264360665,2225.7401264360665,1656.7274111538059,23789870.672635317,18649127.02332505,300257328.3356371,303395237.0922201,302947966.9108559,2166150.1660094215,2188873.3162375195,2186034.8077224614,68969.01961402982
29.554181416666665,29.592575957731736,0.0012991238202056824,-54271.32847480555,-15959.257964999999,-38312.070509805555,-47890.08813725694,-1836.3333333333335,-540.0,-1296.3333333333335,-1620.4166666666667,0.5539130434782609,6338.333333333333,6338.333333333333,215.91666666666674,51.55384335228537,51.55384335228537,51.4070122316498,294282.17075272714,294282.17075272714,210819.1505024561,2119.97065768382,2119.97065768382,1517.0953871338575,23789870.672635317,18649127.02332505,300257328.3356371,303395237.0922201,302947966.9108559,2166150.1660094215,2188873.3162375195,2186034.8077224614,68969.01961402982
32.95947583333333,34.23794042543248,0.03878898434441074,-59375.39706455553,-17798.11694999998,-41577.28011455555,-51971.60014319443,-1801.4666666666662,-539.9999999999995,-1261.4666666666667,-1576.8333333333333,0.6654347826086956,6346.583333333333,6346.583333333333,224.63333333333298,51.55384335228537,51.55384335228537,51.4070122316498,294707.4899603835,294707.4899603835,213483.74730312996,2123.0172615262613,2123.0172615262613,1536.1821771921298,23789870.672635317,18649127.02332505,300257328.3356371,303395237.0922201,302947966.9108559,2166150.1660094215,2188873.3162375195,2186034.8077224614,68969.01961402982
24.56193833333333,24.817755453414293,0.01041518452693894,-32714.864397444442,-13263.446699999999,-19451.41769744444,-24314.272121805552,-1331.9333333333334,-540.0,-791.9333333333334,-989.9166666666666,0.7769565217391303,6116.266666666666,6108.25,334.0,51.55384335228537,51.55384335228537,51.51118310371481,282833.78060562967,282420.4906280888,231414.99566910553,2037.9646989026191,2035.004261633499,1665.3315444562816,23789870.672635317,18649127.02332505,300257328.3356371,303395237.0922201,302947966.9108559,2166150.1660094215,2188873.3162375195,2186034.8077224614,68969.01961402982
37.766189583333336,36.617968937489636,-0.03040340205119412,-31481.895636666653,-20393.742374999983,-11088.153261666668,-13860.191577083335,-833.5999999999996,-539.9999999999995,-293.6,-367.0,0.888478260869565,6768.1833333333325,6378.583333333333,77.0,51.55384335228537,51.55384335228537,51.55384335228537,316442.590317707,296357.21294765663,277436.95243736793,2278.707950007892,2134.834391581793,1999.3066812574134,23789870.672635317,18649127.02332505,300257328.3356371,303395237.0922201,302947966.9108559,2166150.1660094215,2188873.3162375195,2186034.8077224614,68969.01961402982
48.35042608333333,46.64057441768771,-0.03536373521711356,-31363.30971938889,-26109.230085,-5254.07963438889,-6567.599542986111,-648.6666666666667,-540.0,-108.66666666666669,-135.83333333333334,0.9999999999999998,7957.333333333333,7460.5,16.0,52.35243045899558,51.8200325163863,51.8200325163863,377999.5778377964,352207.0397417834,345168.151991641,2722.334759241759,2535.7311155599164,2484.8685673682717,23789870.672635317,18649127.02332505,300257328.3356371,303395237.0922201,302947966.9108559,2166150.1660094215,2188873.3162375195,2186034.8077224614,68969.01961402982
64.74617775,63.5924629745611,-0.017819040683662576,72671.1099066,0.0,72671.1099066,90838.88738325,1122.4,0.0,1122.4,1403.0,0.9999999999999998,9588.85,9308.25,0.0,52.51888018461165,52.43758874329534,52.91215786660042,463485.6543401987,448769.8970822724,522632.443191993,3344.7360469979794,3238.1548719080943,3774.7296208500875,23789870.672635317,18649127.02332505,300257328.3356371,303395237.0922201,302947966.9108559,2166150.1660094215,2188873.3162375195,2186034.8077224614,68969.01961402982
74.37884316666667,74.78446316476679,0.005453432465885747,180056.30353786668,40164.57531,139891.7282278667,174864.66028483334,2420.8,540.0,1880.8000000000002,2351.0,0.8764302059496565,10047.2,10117.0,0.0,52.51888018461165,52.51888018461165,54.94139207655314,487557.6830728154,491223.5009097013,617722.7616559117,3520.1914802162564,3546.91077603525,4463.093325320429,23789870.672635317,18649127.02332505,300257328.3356371,303395237.0922201,302947966.9108559,2166150.1660094215,2188873.3162375195,2186034.8077224614,68969.01961402982
75.29717033333333,75.67537106814153,0.005022774868350953,158264.61241795553,3764.858516666666,154499.75390128887,193124.6923766111,2101.866666666667,50.0,2051.866666666667,2564.8333333333335,0.8649885583524025,10876.299999999997,10413.33333333333,0.0,52.91215786660042,52.91215786660042,55.79006567320489,531365.5948478752,506869.02949423477,646165.9544651496,3838.1396537736196,3660.2739671584613,4669.4835815661145,23789870.672635317,18649127.02332505,300257328.3356371,303395237.0922201,302947966.9108559,2166150.1660094215,2188873.3162375195,2186034.8077224614,68969.01961402982
70.44319541666667,69.66940028147232,-0.01098466829361453,133550.90608394446,0.0,133550.90608394446,166938.63260493058,1895.8666666666668,0.0,1895.8666666666668,2369.8333333333335,0.8649885583524025,10539.383333333337,10065.41666666667,0.0,52.91215786660042,52.51888018461165,54.88259833134684,513538.6069933201,488514.4020068452,615923.6643390125,3708.700714507821,3527.1647825873556,4450.181038098347,23789870.672635317,18649127.02332505,300257328.3356371,303395237.0922201,302947966.9108559,2166150.1660094215,2188873.3162375195,2186034.8077224614,68969.01961402982
83.44535366666666,85.01462761258783,0.018806007488323756,133217.72561704443,45060.490979999995,88157.23463704444,110196.54329630555,1596.4666666666667,540.0,1056.4666666666667,1320.5833333333333,0.7414187643020592,9689.533333333333,9965.416666666666,0.0,52.51888018461165,52.51888018461165,54.25992897817577,468773.43026011926,483262.5139883839,553155.7276568742,3383.2774190234186,3488.8849891504005,3995.6923729027353,23789870.672635317,18649127.02332505,300257328.3356371,303395237.0922201,302947966.9108559,2166150.1660094215,2188873.3162375195,2186034.8077224614,68969.01961402982
104.85522641666667,102.63025934145847,-0.02121941987294722,99759.26241281666,56621.822265,43137.44014781667,53921.80018477084,951.4000000000001,540.0,411.40000000000003,514.25,0.6178489702517159,9428.6,9865.75,0.0,52.43758874329534,52.51888018461165,52.91215786660042,455080.760887528,478028.13226331765,505105.29089868156,3283.844837643878,3450.7327950249037,3647.4677401719873,23789870.672635317,18649127.02332505,300257328.3356371,303395237.0922201,302947966.9108559,2166150.1660094215,2188873.3162375195,2186034.8077224614,68969.01961402982
98.22448933333334,99.41738265228616,0.012144561168494647,50565.9671088,53041.22424,-2475.2571312000005,-3094.071414,514.8,540.0,-25.200000000000003,-31.5,0.4942791762013727,9546.533333333331,10092.83333333333,0.0,52.43758874329534,52.51888018461165,52.51888018461165,461264.90051998716,489954.294638573,488299.94991275773,3328.617334188178,3537.6598259546513,3525.601691022011,23789870.672635317,18649127.02332505,300257328.3356371,303395237.0922201,302947966.9108559,2166150.1660094215,2188873.3162375195,2186034.8077224614,68969.01961402982
91.55389733333334,90.51498266092831,-0.011347574518018757,0.0,0.0,0.0,0.0,0.0,0.0,0.0,0.0,0.4942791762013727,0.0,0.0,0.0,0.0,0.0,0.0,0.0,0.0,0.0,0.0,0.0,0.0,23789870.672635317,18649127.02332505,300257328.3356371,303395237.0922201,302947966.9108559,2166150.1660094215,2188873.3162375195,2186034.8077224614,68969.01961402982
91.52357474999998,90.86761704351972,-0.007167090099704247,0.0,0.0,0.0,0.0,0.0,0.0,0.0,0.0,0.4942791762013727,0.0,0.0,0.0,0.0,0.0,0.0,0.0,0.0,0.0,0.0,0.0,0.0,23789870.672635317,18649127.02332505,300257328.3356371,303395237.0922201,302947966.9108559,2166150.1660094215,2188873.3162375195,2186034.8077224614,68969.01961402982
86.36602600000002,87.7279875461449,0.015769644722855327,0.0,0.0,0.0,0.0,0.0,0.0,0.0,0.0,0.4942791762013727,0.0,0.0,0.0,0.0,0.0,0.0,0.0,0.0,0.0,0.0,0.0,0.0,23789870.672635317,18649127.02332505,300257328.3356371,303395237.0922201,302947966.9108559,2166150.1660094215,2188873.3162375195,2186034.8077224614,68969.01961402982
92.22457491666667,93.70757497110982,0.0160803132547173,0.0,0.0,0.0,0.0,0.0,0.0,0.0,0.0,0.4942791762013727,0.0,0.0,0.0,0.0,0.0,0.0,0.0,0.0,0.0,0.0,0.0,0.0,23789870.672635317,18649127.02332505,300257328.3356371,303395237.0922201,302947966.9108559,2166150.1660094215,2188873.3162375195,2186034.8077224614,68969.01961402982
69.38764583333334,69.62258553623403,0.0033859010502387925,0.0,0.0,0.0,0.0,0.0,0.0,0.0,0.0,0.4942791762013727,0.0,0.0,0.0,0.0,0.0,0.0,0.0,0.0,0.0,0.0,0.0,0.0,23789870.672635317,18649127.02332505,300257328.3356371,303395237.0922201,302947966.9108559,2166150.1660094215,2188873.3162375195,2186034.8077224614,68969.01961402982
71.51803333333332,72.68202219635573,0.016275459611665353,0.0,0.0,0.0,0.0,0.0,0.0,0.0,0.0,0.4942791762013727,0.0,0.0,0.0,0.0,0.0,0.0,0.0,0.0,0.0,0.0,0.0,0.0,23789870.672635317,18649127.02332505,300257328.3356371,303395237.0922201,302947966.9108559,2166150.1660094215,2188873.3162375195,2186034.8077224614,68969.01961402982
73.07149966666667,75.96410043532606,0.03958589575764395,0.0,0.0,0.0,0.0,0.0,0.0,0.0,0.0,0.4942791762013727,0.0,0.0,0.0,0.0,0.0,0.0,0.0,0.0,0.0,0.0,0.0,0.0,23789870.672635317,18649127.02332505,300257328.3356371,303395237.0922201,302947966.9108559,2166150.1660094215,2188873.3162375195,2186034.8077224614,68969.01961402982
70.18129025,69.1647583821673,-0.014484371321923727,0.0,0.0,0.0,0.0,0.0,0.0,0.0,0.0,0.4942791762013727,0.0,0.0,0.0,0.0,0.0,0.0,0.0,0.0,0.0,0.0,0.0,0.0,23789870.672635317,18649127.02332505,300257328.3356371,303395237.0922201,302947966.9108559,2166150.1660094215,2188873.3162375195,2186034.8077224614,68969.01961402982
52.11281758333334,52.44347946190286,0.0063451161135311945,0.0,0.0,0.0,0.0,0.0,0.0,0.0,0.0,0.4942791762013727,0.0,0.0,0.0,0.0,0.0,0.0,0.0,0.0,0.0,0.0,0.0,0.0,23789870.672635317,18649127.02332505,300257328.3356371,303395237.0922201,302947966.9108559,2166150.1660094215,2188873.3162375195,2186034.8077224614,68969.01961402982
27.367849583333335,27.4062798735456,0.0014042130016554601,0.0,0.0,0.0,0.0,0.0,0.0,0.0,0.0,0.4942791762013727,0.0,0.0,0.0,0.0,0.0,0.0,0.0,0.0,0.0,0.0,0.0,0.0,23789870.672635317,18649127.02332505,300257328.3356371,303395237.0922201,302947966.9108559,2166150.1660094215,2188873.3162375195,2186034.8077224614,68969.01961402982
30.90879925,30.42324299037819,-0.015709321339029816,0.0,0.0,0.0,0.0,0.0,0.0,0.0,0.0,0.4942791762013727,0.0,0.0,0.0,0.0,0.0,0.0,0.0,0.0,0.0,0.0,0.0,0.0,23789870.672635317,18649127.02332505,300257328.3356371,303395237.0922201,302947966.9108559,2166150.1660094215,2188873.3162375195,2186034.8077224614,68969.01961402982
24.986295,25.749707043989925,0.030553231040853703,0.0,0.0,0.0,0.0,0.0,0.0,0.0,0.0,0.4942791762013727,0.0,0.0,0.0,0.0,0.0,0.0,0.0,0.0,0.0,0.0,0.0,0.0,23789870.672635317,18649127.02332505,300257328.3356371,303395237.0922201,302947966.9108559,2166150.1660094215,2188873.3162375195,2186034.8077224614,68969.01961402982
29.521967500000002,29.785762920425952,0.00893556367562386,0.0,0.0,0.0,0.0,0.0,0.0,0.0,0.0,0.4942791762013727,0.0,0.0,0.0,0.0,0.0,0.0,0.0,0.0,0.0,0.0,0.0,0.0,23789870.672635317,18649127.02332505,300257328.3356371,303395237.0922201,302947966.9108559,2166150.1660094215,2188873.3162375195,2186034.8077224614,68969.01961402982
32.59743666666667,32.26978306023647,-0.010051514472769757,0.0,0.0,0.0,0.0,0.0,0.0,0.0,0.0,0.4942791762013727,0.0,0.0,0.0,0.0,0.0,0.0,0.0,0.0,0.0,0.0,0.0,0.0,23789870.672635317,18649127.02332505,300257328.3356371,303395237.0922201,302947966.9108559,2166150.1660094215,2188873.3162375195,2186034.8077224614,68969.01961402982
27.222160249999998,27.857631019331752,0.02334387732258515,0.0,0.0,0.0,0.0,0.0,0.0,0.0,0.0,0.4942791762013727,0.0,0.0,0.0,0.0,0.0,0.0,0.0,0.0,0.0,0.0,0.0,0.0,23789870.672635317,18649127.02332505,300257328.3356371,303395237.0922201,302947966.9108559,2166150.1660094215,2188873.3162375195,2186034.8077224614,68969.01961402982
29.045572583333335,28.695822001161407,-0.012041442156751294,0.0,0.0,0.0,0.0,0.0,0.0,0.0,0.0,0.4942791762013727,0.0,0.0,0.0,0.0,0.0,0.0,0.0,0.0,0.0,0.0,0.0,0.0,23789870.672635317,18649127.02332505,300257328.3356371,303395237.0922201,302947966.9108559,2166150.1660094215,2188873.3162375195,2186034.8077224614,68969.01961402982
16.32379575,16.54400347407055,0.013489982810557515,0.0,0.0,0.0,0.0,0.0,0.0,0.0,0.0,0.4942791762013727,0.0,0.0,0.0,0.0,0.0,0.0,0.0,0.0,0.0,0.0,0.0,0.0,23789870.672635317,18649127.02332505,300257328.3356371,303395237.0922201,302947966.9108559,2166150.1660094215,2188873.3162375195,2186034.8077224614,68969.01961402982
41.60390941666666,41.67165749533736,0.001628406551706362,0.0,0.0,0.0,0.0,0.0,0.0,0.0,0.0,0.4942791762013727,0.0,0.0,0.0,0.0,0.0,0.0,0.0,0.0,0.0,0.0,0.0,0.0,23789870.672635317,18649127.02332505,300257328.3356371,303395237.0922201,302947966.9108559,2166150.1660094215,2188873.3162375195,2186034.8077224614,68969.01961402982
89.43925441666666,85.18463652500313,-0.047569916804569116,0.0,0.0,0.0,0.0,0.0,0.0,0.0,0.0,0.4942791762013727,0.0,0.0,0.0,0.0,0.0,0.0,0.0,0.0,0.0,0.0,0.0,0.0,23789870.672635317,18649127.02332505,300257328.3356371,303395237.0922201,302947966.9108559,2166150.1660094215,2188873.3162375195,2186034.8077224614,68969.01961402982
93.25527766666669,89.0432972582188,-0.04516613444124049,0.0,0.0,0.0,0.0,0.0,0.0,0.0,0.0,0.4942791762013727,0.0,0.0,0.0,0.0,0.0,0.0,0.0,0.0,0.0,0.0,0.0,0.0,23789870.672635317,18649127.02332505,300257328.3356371,303395237.0922201,302947966.9108559,2166150.1660094215,2188873.3162375195,2186034.8077224614,68969.01961402982
84.915487,84.58628804408544,-0.003876783464888579,0.0,0.0,0.0,0.0,0.0,0.0,0.0,0.0,0.4942791762013727,0.0,0.0,0.0,0.0,0.0,0.0,0.0,0.0,0.0,0.0,0.0,0.0,23789870.672635317,18649127.02332505,300257328.3356371,303395237.0922201,302947966.9108559,2166150.1660094215,2188873.3162375195,2186034.8077224614,68969.01961402982
88.89546166666666,89.51916849550524,0.007016183021550607,0.0,0.0,0.0,0.0,0.0,0.0,0.0,0.0,0.4942791762013727,0.0,0.0,0.0,0.0,0.0,0.0,0.0,0.0,0.0,0.0,0.0,0.0,23789870.672635317,18649127.02332505,300257328.3356371,303395237.0922201,302947966.9108559,2166150.1660094215,2188873.3162375195,2186034.8077224614,68969.01961402982
87.37103725000001,89.04134855401202,0.019117448488480716,0.0,0.0,0.0,0.0,0.0,0.0,0.0,0.0,0.4942791762013727,0.0,0.0,0.0,0.0,0.0,0.0,0.0,0.0,0.0,0.0,0.0,0.0,23789870.672635317,18649127.02332505,300257328.3356371,303395237.0922201,302947966.9108559,2166150.1660094215,2188873.3162375195,2186034.8077224614,68969.01961402982
84.87577966666667,85.0757057496197,0.0023555139491878182,0.0,0.0,0.0,0.0,0.0,0.0,0.0,0.0,0.4942791762013727,0.0,0.0,0.0,0.0,0.0,0.0,0.0,0.0,0.0,0.0,0.0,0.0,23789870.672635317,18649127.02332505,300257328.3356371,303395237.0922201,302947966.9108559,2166150.1660094215,2188873.3162375195,2186034.8077224614,68969.01961402982
59.593827,61.295018946722884,0.028546445703560717,-8807.9676306,0.0,-8807.9676306,-11009.95953825,-147.8,0.0,-147.8,-184.75,0.4942791762013727,9024.883333333333,9061.833333333334,0.0,52.43758874329534,52.43758874329534,52.43758874329534,433910.83235204726,435848.4012561121,426160.55673578824,3130.5768636765765,3144.6046512456437,3074.4657134003096,23789870.672635317,18649127.02332505,300257328.3356371,303395237.0922201,302947966.9108559,2166150.1660094215,2188873.3162375195,2186034.8077224614,68969.01961402982
51.37686983333333,52.96871532012838,0.030983699317591734,-37909.27968768889,-27743.50971,-10165.76997768889,-12707.21247211111,-737.8666666666667,-540.0,-197.86666666666667,-247.33333333333334,0.6058009153318075,8893.033333333333,8402.5,0.0,52.43758874329534,52.36610811073134,52.35243045899558,426996.93627624377,401308.41333024704,388356.6336636011,3080.521010064088,2892.6531057348852,2797.897240675125,23789870.672635317,18649127.02332505,300257328.3356371,303395237.0922201,302947966.9108559,2166150.1660094215,2188873.3162375195,2186034.8077224614,68969.01961402982
58.88029666666666,58.8804415768128,2.4610974186854044e-06,-31395.24602152482,-3434.9558110803755,-27960.290210444444,-34950.36276305556,-533.2046168051717,-58.337950138504894,-474.86666666666673,-593.5833333333334,0.617848970251716,9236.037950138505,9296.416666666666,0.0,52.43758874329534,52.43758874329534,52.36610811073134,444983.271309325,448149.3856154767,417035.70113283664,3210.740114252237,3233.6624365567013,3007.724891278893,23789870.672635317,18649127.02332505,300257328.3356371,303395237.0922201,302947966.9108559,2166150.1660094215,2188873.3162375195,2186034.8077224614,68969.01961402982
67.77175508333333,68.61138544346144,0.012389089807334554,-1359.953218672228,36596.747745,-37956.70096367223,-47445.87620459028,-20.06666666666672,540.0,-560.0666666666667,-700.0833333333334,0.4942791762013728,9127.4,9807.416666666666,0.0,52.43758874329534,52.51888018461165,52.43758874329534,439286.5591580474,474964.53091921523,438234.3115439319,3169.496539516599,3428.4029155200137,3161.8783815404345,23789870.672635317,18649127.02332505,300257328.3356371,303395237.0922201,302947966.9108559,2166150.1660094215,2188873.3162375195,2186034.8077224614,68969.01961402982
73.27622916666667,72.52065777704934,-0.010311275542014844,32246.425915277778,39569.16375,-7322.737834722223,-9153.422293402778,440.06666666666666,540.0,-99.93333333333334,-124.91666666666667,0.37070938215102955,9005.35,9570.333333333334,0.0,52.43758874329534,52.51888018461165,52.43758874329534,432886.5514519283,462513.1797421136,455962.5863382278,3123.161181659912,3337.64790524657,3290.2291577418428,23789870.672635317,18649127.02332505,300257328.3356371,303395237.0922201,302947966.9108559,2166150.1660094215,2188873.3162375195,2186034.8077224614,68969.01961402982
89.92265116666668,91.16521556563684,0.013818146850087133,73892.43988535558,48558.23163000001,25334.208255355563,31667.76031919445,821.7333333333333,540.0,281.73333333333335,352.1666666666667,0.2471395881006863,9737.766666666663,10207.33333333333,0.0,52.51888018461165,52.82986516401691,52.91215786660042,471306.5909143569,495970.388213045,514603.0232357362,3401.7410393911746,3581.367801484579,3716.429272494156,23789870.672635317,18649127.02332505,300257328.3356371,303395237.0922201,302947966.9108559,2166150.1660094215,2188873.3162375195,2186034.8077224614,68969.01961402982
94.06586499999999,94.89808359425724,0.008847190149766452,118385.02663133331,50795.56709999999,67589.45953133333,84486.82441416665,1258.5333333333333,540.0,718.5333333333333,898.1666666666666,0.12356979405034306,11376.550000000003,11736.91666666667,0.0,54.25992897817577,54.25992897817577,55.79006567320489,558068.9642258482,577622.4339652834,627025.3127671011,4031.0578773878465,4171.803862658792,4530.506417112964,23789870.672635317,18649127.02332505,300257328.3356371,303395237.0922201,302947966.9108559,2166150.1660094215,2188873.3162375195,2186034.8077224614,68969.01961402982
96.55025825,94.22952101156959,-0.024036572045423955,124298.80247105,52137.139455,72161.66301605,90202.0787700625,1287.4,540.0,747.4000000000001,934.25,0.0,11975.35,12328.5,0.0,54.88259833134684,54.88259833134684,56.00225515463917,590683.157366426,610064.946967141,662047.1628349256,4266.562743615628,4407.560353305934,4784.683685203038,23789870.672635317,18649127.02332505,300257328.3356371,303395237.0922201,302947966.9108559,2166150.1660094215,2188873.3162375195,2186034.8077224614,68969.01961402982
55.92166875,55.77827202583578,-0.0025642425801933374,-13096.85482125,0.0,-13096.85482125,-16371.0685265625,-234.20000000000002,0.0,-234.20000000000002,-292.75,0.0,10372.86666666667,10431.41666666667,0.0,52.91215786660042,52.91215786660042,52.51888018461165,504727.8508392334,507825.8576823228,492361.40998036804,3644.7272075968826,3667.2213452986266,3555.204731279924,23789870.672635317,18649127.02332505,300257328.3356371,303395237.0922201,302947966.9108559,2166150.1660094215,2188873.3162375195,2186034.8077224614,68969.01961402982
45.99982075,46.247970947940104,0.005394590541749232,-55235.2935335614,-24016.74851789473,-31218.54501566667,-39023.181269583336,-1200.7719298245615,-522.1052631578947,-678.6666666666667,-848.3333333333334,0.10782608695652172,8697.083333333334,8697.083333333334,352.43859649122817,52.36610811073134,52.36610811073134,51.8200325163863,416734.59601120005,416734.59601120005,372326.16736627044,3005.5217966056043,3005.5217966056043,2681.1106321395937,23789870.672635317,18649127.02332505,300257328.3356371,303395237.0922201,302947966.9108559,2166150.1660094215,2188873.3162375195,2186034.8077224614,68969.01961402982
34.65261591666666,34.208912410507835,-0.012804329324685178,-52588.80991513333,-18712.412594999998,-33876.39732013333,-42345.496650166664,-1517.6,-540.0,-977.6,-1222.0,0.21934782608695652,8316.583333333334,8316.583333333334,295.5999999999999,52.36610811073134,52.36610811073134,51.55384335228537,396809.29187506676,396809.29187506676,333269.76478789304,2859.734401268772,2859.734401268772,2399.2426765743166,23789870.672635317,18649127.02332505,300257328.3356371,303395237.0922201,302947966.9108559,2166150.1660094215,2188873.3162375195,2186034.8077224614,68969.01961402982
13.671446999999999,13.584827921375952,-0.0063357652356803695,-26692.133122799998,-7382.58138,-19309.5517428,-24136.9396785,-1952.4,-540.0,-1412.4,-1765.5,0.3308695652173913,8041.25,8041.25,186.9000000000001,52.35243045899558,52.35243045899558,51.55384335228537,382392.81929381384,382392.81929381384,291055.75938959664,2754.3867469432753,2754.3867469432753,2096.859551767923,23789870.672635317,18649127.02332505,300257328.3356371,303395237.0922201,302947966.9108559,2166150.1660094215,2188873.3162375195,2186034.8077224614,68969.01961402982
11.944541666666666,12.046528773592312,0.008538385965052037,-25113.000702777776,-6450.0525,-18662.948202777778,-23328.68525347222,-2102.4666666666667,-540.0,-1562.4666666666667,-1953.0833333333333,0.4423913043478261,8048.166666666667,8048.166666666667,149.38333333333344,52.35243045899558,52.35243045899558,51.55384335228537,382754.92360448855,382754.92360448855,281741.6983572838,2757.0285691669355,2757.0285691669355,2030.142004996067,23789870.672635317,18649127.02332505,300257328.3356371,303395237.0922201,302947966.9108559,2166150.1660094215,2188873.3162375195,2186034.8077224614,68969.01961402982
2.196731333333333,2.166177414400414,-0.013908810089468983,-3661.5117863999994,-1186.2349199999999,-2475.2768663999996,-3094.096083,-1666.8,-540.0,-1126.8,-1408.5,0.5539130434782609,7410.083333333333,7410.083333333333,258.3000000000002,51.8200325163863,51.8200325163863,51.55384335228537,349594.44643574895,349594.44643574895,276921.4140038451,2516.852685096146,2516.852685096146,1995.6138281150597,23789870.672635317,18649127.02332505,300257328.3356371,303395237.0922201,302947966.9108559,2166150.1660094215,2188873.3162375195,2186034.8077224614,68969.01961402982
4.789331333333332,4.898663417036051,0.022828256408525604,-6155.567918355552,-2586.238919999997,-3569.328998355555,-4461.661247944444,-1285.2666666666664,-539.9999999999995,-745.2666666666668,-931.5833333333334,0.6654347826086956,6766.333333333333,6766.333333333333,353.68333333333294,51.55384335228537,51.55384335228537,51.55384335228537,316347.2157075053,316347.2157075053,268320.51447123877,2278.024772176557,2278.024772176557,1934.0047281901261,23789870.672635317,18649127.02332505,300257328.3356371,303395237.0922201,302947966.9108559,2166150.1660094215,2188873.3162375195,2186034.8077224614,68969.01961402982
15.08500908333333,15.004166219241105,-0.005359152496735691,-16628.708346194442,-8145.9049049999985,-8482.803441194443,-10603.504301493052,-1102.3333333333335,-540.0,-562.3333333333334,-702.9166666666666,0.7769565217391303,6698.916666666667,6698.916666666667,399.41666666666686,51.55384335228537,51.55384335228537,51.55384335228537,312871.62743483874,312871.62743483874,276633.5717117948,2253.128787241856,2253.128787241856,1993.5519851105792,23789870.672635317,18649127.02332505,300257328.3356371,303395237.0922201,302947966.9108559,2166150.1660094215,2188873.3162375195,2186034.8077224614,68969.01961402982
10.921161249999999,11.198193531760287,0.02536655905161078,-9490.489126249993,-5897.427074999994,-3593.0620512499995,-4491.3275640625,-868.9999999999995,-539.9999999999995,-329.0,-411.25,0.888478260869565,7306.416666666667,7306.416666666667,457.74999999999955,51.8200325163863,51.8200325163863,51.55384335228537,344222.43639821693,344222.43639821693,322989.06919272477,2478.03488758056,2478.03488758056,2325.601030160547,23789870.672635317,18649127.02332505,300257328.3356371,303395237.0922201,302947966.9108559,2166150.1660094215,2188873.3162375195,2186034.8077224614,68969.01961402982
38.451520499999994,38.409642531347465,-0.0010891108624047614,-24962.727108599996,-20763.821069999998,-4198.906038599999,-5248.632548249999,-649.2,-540.0,-109.2,-136.5,0.9999999999999998,8336.95,8023.25,199.0,52.36610811073134,52.35243045899558,52.35243045899558,397875.81494358863,381450.4755455519,374304.36878789903,2867.5378264593814,2747.511643325075,2695.3754408870577,23789870.672635317,18649127.02332505,300257328.3356371,303395237.0922201,302947966.9108559,2166150.1660094215,2188873.3162375195,2186034.8077224614,68969.01961402982
74.82387124999998,72.82812564652856,-0.026672578819174807,73891.06698841666,0.0,73891.06698841666,92363.83373552082,987.5333333333334,0.0,987.5333333333334,1234.4166666666667,0.9999999999999998,10117.383333333333,9874.5,4.0,52.51888018461165,52.51888018461165,52.91215786660042,491243.6331471054,478487.67246493296,543673.8446369444,3547.057515243425,3454.082276950637,3927.5079087987397,23789870.672635317,18649127.02332505,300257328.3356371,303395237.0922201,302947966.9108559,2166150.1660094215,2188873.3162375195,2186034.8077224614,68969.01961402982
93.78518408333333,93.13108904521357,-0.006974396270721781,194247.8732734,50643.999405,143603.8738684,179504.8423355,2071.2,540.0,1531.2,1914.0,0.8764302059496565,11338.383333333331,11495.58333333333,0.0,54.25992897817577,54.25992897817577,56.08364062042727,555998.0436031809,564527.70443855,670272.8427489675,4016.1513790865556,4077.547925801732,4843.651408172679,23789870.672635317,18649127.02332505,300257328.3356371,303395237.0922201,302947966.9108559,2166150.1660094215,2188873.3162375195,2186034.8077224614,68969.01961402982
76.57825258333334,75.23886660890368,-0.017490422270632563,131275.5457951889,41352.256395000004,89923.28940018889,112404.11175023612,1714.2666666666667,540.0,1174.2666666666667,1467.8333333333333,0.7528604118993132,11225.066666666666,11471.5,0.0,54.06044771996867,54.25992897817577,55.79006567320489,549850.527786245,563220.9444823258,643999.4402481735,3971.9375834294087,4068.141860279741,4653.752865356456,23789870.672635317,18649127.02332505,300257328.3356371,303395237.0922201,302947966.9108559,2166150.1660094215,2188873.3162375195,2186034.8077224614,68969.01961402982
87.01524758333333,88.40667736225568,0.015990643221347897,128185.06172326113,46988.233695,81196.82802826112,101496.0350353264,1473.1333333333334,540.0,933.1333333333334,1166.4166666666667,0.6292906178489699,10949.200000000003,11255.91666666667,0.0,52.91215786660042,54.25992897817577,54.88259833134684,535222.8911563507,551523.4081267809,615214.7641105659,3866.1468721930432,3983.942927735127,4445.023968509881,23789870.672635317,18649127.02332505,300257328.3356371,303395237.0922201,302947966.9108559,2166150.1660094215,2188873.3162375195,2186034.8077224614,68969.01961402982
79.78290841666667,79.24357859632345,-0.006759966903269155,64459.27114010556,43082.770545,21376.500595105557,26720.62574388195,807.9333333333334,540.0,267.93333333333334,334.9166666666667,0.5057208237986266,10787.650000000003,11260.66666666667,0.0,52.91215786660042,54.25992897817577,54.25992897817577,526674.9320530014,551781.1427894273,569953.6973363679,3804.0814931030905,3985.7981032879075,4116.604253228692,23789870.672635317,18649127.02332505,300257328.3356371,303395237.0922201,302947966.9108559,2166150.1660094215,2188873.3162375195,2186034.8077224614,68969.01961402982
75.34258191666666,75.54113597825598,0.002635349845177096,-1125.1158899555555,0.0,-1125.1158899555555,-1406.3948624444445,-14.933333333333335,0.0,-14.933333333333335,-18.666666666666668,0.5057208237986266,10394.683333333336,10398.41666666667,0.0,52.91215786660042,52.91215786660042,52.91215786660042,505882.217750023,506079.75647272496,505092.06285921513,3653.1088831595307,3654.543180582016,3647.37169346959,23789870.672635317,18649127.02332505,300257328.3356371,303395237.0922201,302947966.9108559,2166150.1660094215,2188873.3162375195,2186034.8077224614,68969.01961402982
69.43197716666667,68.87624114518935,-0.008004035664191276,-37892.62655473385,-16202.076887867175,-21690.54966686667,-27113.187083583336,-545.7518005540187,-233.3518005540186,-312.40000000000003,-390.5,0.5539130434782609,10636.085133887349,10480.83333333333,0.0,52.91215786660042,52.91215786660042,52.51888018461165,518655.3079302185,510440.6001502303,489822.9974381115,3745.8522707446878,3686.2065768060743,3536.7028311187278,23789870.672635317,18649127.02332505,300257328.3356371,303395237.0922201,302947966.9108559,2166150.1660094215,2188873.3162375195,2186034.8077224614,68969.01961402982
58.42689441666666,59.89403581683719,0.02511072023968508,-52798.436921194414,-31550.52298499997,-21247.913936194444,-26559.892420243053,-903.6666666666663,-539.9999999999995,-363.6666666666667,-454.5833333333333,0.6654347826086956,10707.916666666662,10258.83333333333,0.0,52.91215786660042,52.91215786660042,52.51888018461165,522456.0693324374,498694.101103845,474798.22113196383,3773.448998151438,3600.9171050761474,3427.1907220611756,23789870.672635317,18649127.02332505,300257328.3356371,303395237.0922201,302947966.9108559,2166150.1660094215,2188873.3162375195,2186034.8077224614,68969.01961402982
56.171228083333325,55.59527546577711,-0.010253516563706903,-60833.440014249994,-30332.463164999997,-30500.976849249997,-38126.22106156249,-1083.0,-540.0,-543.0,-678.75,0.7769565217391303,10723.33333333333,10319.08333333333,0.0,52.91215786660042,52.91215786660042,52.51888018461165,523271.7984328809,501882.0586153077,466189.5013550363,3779.3718781326834,3624.064360354202,3364.443760652436,23789870.672635317,18649127.02332505,300257328.3356371,303395237.0922201,302947966.9108559,2166150.1660094215,2188873.3162375195,2186034.8077224614,68969.01961402982
55.226221583333334,54.65754738105264,-0.010297177427258882,-50959.07552899442,-29822.159654999974,-21136.915873994447,-26421.144842493057,-922.7333333333329,-539.9999999999995,-382.73333333333335,-478.4166666666667,0.888478260869565,10149.983333333332,9705.666666666666,0.0,52.51888018461165,52.51888018461165,52.43758874329534,492955.74864112365,469620.734860431,444522.45239406545,3559.536727903871,3389.4532256979137,3207.403835559125,23789870.672635317,18649127.02332505,300257328.3356371,303395237.0922201,302947966.9108559,2166150.1660094215,2188873.3162375195,2186034.8077224614,68969.01961402982
58.83687608333333,59.03608308572114,0.0033857508360175042,-40817.10216821111,-31771.913084999996,-9045.189083211111,-11306.486354013887,-693.7333333333333,-540.0,-153.73333333333335,-192.16666666666666,0.9999999999999998,10052.233333333334,9550.666666666666,0.0,52.51888018461165,52.43758874329534,52.43758874329534,487822.02810307796,461481.64255345956,451404.885916623,3522.11822981925,3330.186522874299,3257.231903717177,23789870.672635317,18649127.02332505,300257328.3356371,303395237.0922201,302947966.9108559,2166150.1660094215,2188873.3162375195,2186034.8077224614,68969.01961402982
76.22609908333334,75.61493030282762,-0.008017841498586687,12739.922026794444,0.0,12739.922026794444,15924.902533493056,167.13333333333333,0.0,167.13333333333333,208.91666666666666,0.9999999999999998,10629.700000000003,10587.91666666667,0.0,52.91215786660042,52.91215786660042,52.91215786660042,518317.4567179718,516106.6103884457,527160.8420360764,3743.3991865276757,3727.346581000129,3807.609608637864,23789870.672635317,18649127.02332505,300257328.3356371,303395237.0922201,302947966.9108559,2166150.1660094215,2188873.3162375195,2186034.8077224614,68969.01961402982
86.75464708333334,82.76550297069087,-0.045981906984309796,86673.67607938888,0.0,86673.67607938888,108342.09509923612,999.0666666666666,0.0,999.0666666666666,1248.8333333333333,0.9999999999999998,12425.683333333336,12175.91666666667,0.0,54.88259833134684,54.88259833134684,56.08364062042727,615398.6208149759,601690.7771717499,671123.4446317109,4446.361479461212,4346.640389328647,4849.732477881109,23789870.672635317,18649127.02332505,300257328.3356371,303395237.0922201,302947966.9108559,2166150.1660094215,2188873.3162375195,2186034.8077224614,68969.01961402982
85.70152924999998,85.52210569423232,-0.002093586396157126,131003.35761154996,46278.82579499999,84724.53181654998,105905.66477068748,1528.6,540.0,988.6,1235.75,0.8764302059496565,12172.65,12465.5,0.0,54.88259833134684,54.94139207655314,56.08364062042727,601511.4940172007,617585.4081757204,686630.5712632588,4345.336149794014,4462.109500000331,4960.595056411665,23789870.672635317,18649127.02332505,300257328.3356371,303395237.0922201,302947966.9108559,2166150.1660094215,2188873.3162375195,2186034.8077224614,68969.01961402982
102.55141233333335,99.24408111149772,-0.03225046975545759,122548.93773833335,55377.76266000001,67171.17507833334,83963.96884791668,1195.0,540.0,655.0,818.75,0.7528604118993132,12024.16666666667,12400.41666666667,0.0,54.88259833134684,54.88259833134684,55.79006567320489,593362.342874968,614011.9204971372,659611.3602923922,4286.053139518357,4436.27358591784,4767.108541390871,23789870.672635317,18649127.02332505,300257328.3356371,303395237.0922201,302947966.9108559,2166150.1660094215,2188873.3162375195,2186034.8077224614,68969.01961402982
157.83963441666666,157.35288833735115,-0.0030838013602501884,67786.8616608111,85233.40258499999,-17446.54092418889,-21808.17615523611,429.4666666666667,540.0,-110.53333333333333,-138.16666666666666,0.6292906178489699,12335.866666666667,12903.5,0.0,54.88259833134684,55.79006567320489,55.79006567320489,610469.2487748486,642000.2962282171,634291.9688210359,4410.501546542194,4639.237397609345,4583.268454528625,23789870.672635317,18649127.02332505,300257328.3356371,303395237.0922201,302947966.9108559,2166150.1660094215,2188873.3162375195,2186034.8077224614,68969.01961402982
90.43620241666667,89.85055507034049,-0.006475806487626771,-5046.340094850006,48835.54930500001,-53881.88939985001,-67352.36174981251,-55.80000000000007,540.0,-595.8000000000001,-744.75,0.5057208237986266,12055.38333333333,12744.33333333333,0.0,54.88259833134684,55.79006567320489,54.88259833134684,595075.5946528778,633120.3774418985,592013.1456659887,4298.51661221409,4574.7617152907815,4276.238071591921,23789870.672635317,18649127.02332505,300257328.3356371,303395237.0922201,302947966.9108559,2166150.1660094215,2188873.3162375195,2186034.8077224614,68969.01961402982
74.83081650000001,74.39074726748755,-0.005880855683466378,-83511.41232075251,-219.72483515250636,-83291.6874856,-104114.60935700001,-1116.0029547553113,-2.9362880886446874,-1113.0666666666666,-1391.3333333333333,0.5063272311212815,12832.169621421977,13107.5,0.0,55.79006567320489,55.79006567320489,54.25992897817577,638020.7697228546,653381.4696255509,576496.5404389862,4610.342686642689,4721.874293062665,4163.699674717697,23789870.672635317,18649127.02332505,300257328.3356371,303395237.0922201,302947966.9108559,2166150.1660094215,2188873.3162375195,2186034.8077224614,68969.01961402982
76.18408941666668,79.05781619312529,0.03772082594229885,-75153.06473989446,0.0,-75153.06473989446,-93941.33092486806,-986.4666666666667,0.0,-986.4666666666667,-1233.0833333333333,0.5063272311212815,12581.300000000003,12827.91666666667,0.0,55.79006567320489,55.79006567320489,54.25992897817577,624024.7370683106,637783.4970977508,569913.0023896343,4508.719712731603,4608.619887733464,4116.31133077299,23789870.672635317,18649127.02332505,300257328.3356371,303395237.0922201,302947966.9108559,2166150.1660094215,2188873.3162375195,2186034.8077224614,68969.01961402982
77.89126416666667,79.5588036632627,0.021408556074117936,-66861.86116066668,0.0,-66861.86116066668,-83577.32645083334,-858.4000000000001,0.0,-858.4000000000001,-1073.0,0.5063272311212815,12117.31666666667,12331.91666666667,0.0,54.88259833134684,54.88259833134684,54.25992897817577,598474.656909533,610252.4625114399,551686.1879137155,4323.243929105365,4408.924481390625,3985.1146175579356,23789870.672635317,18649127.02332505,300257328.3356371,303395237.0922201,302947966.9108559,2166150.1660094215,2188873.3162375195,2186034.8077224614,68969.01961402982
86.61165791666667,84.94026123114233,-0.019297594870340492,-5058.120822333331,46770.295275000004,-51828.416097333335,-64785.52012166667,-58.39999999999998,540.0,-598.4,-748.0,0.3827574370709383,10852.23333333333,11541.83333333333,0.0,52.91215786660042,54.25992897817577,52.91215786660042,530092.1755818857,567037.2261537907,527002.1055624762,3828.893557889384,4095.6114772367,3806.457048209079,23789870.672635317,18649127.02332505,300257328.3356371,303395237.0922201,302947966.9108559,2166150.1660094215,2188873.3162375195,2186034.8077224614,68969.01961402982
78.86170308333334,80.49694441444571,0.020735556894890036,-58341.88794105001,0.0,-58341.88794105001,-72927.3599263125,-739.8000000000001,0.0,-739.8000000000001,-924.75,0.3827574370709383,11304.55,11489.5,0.0,54.25992897817577,54.25992897817577,52.91215786660042,554162.2493394193,564197.623203933,514880.81206453603,4002.9373216404356,4075.1719992165936,3718.4462532445277,23789870.672635317,18649127.02332505,300257328.3356371,303395237.0922201,302947966.9108559,2166150.1660094215,2188873.3162375195,2186034.8077224614,68969.01961402982
66.92553025,65.39376202109995,-0.022887651740346928,-82528.10220228333,-36139.786335,-46388.31586728333,-57985.39483410416,-1233.1333333333332,-540.0,-693.1333333333333,-866.4166666666666,0.49427917620137307,12294.549999999997,11927.83333333333,0.0,54.88259833134684,54.88259833134684,52.91215786660042,608201.6827537917,588075.3192357146,541160.5171382808,4394.005578142444,4247.591381813415,3909.2590353430114,23789870.672635317,18649127.02332505,300257328.3356371,303395237.0922201,302947966.9108559,2166150.1660094215,2188873.3162375195,2186034.8077224614,68969.01961402982
79.21545516666666,81.1933657016069,0.02496874543962119,-3168.618206666666,0.0,-3168.618206666666,-3960.772758333333,-40.0,0.0,-40.0,-50.0,0.49427917620137307,12707.5,12717.5,0.0,55.79006567320489,55.79006567320489,55.79006567320489,631065.4433562689,631623.344013001,628833.8407293407,4559.841164722822,4563.891992931318,4543.637851888838,23789870.672635317,18649127.02332505,300257328.3356371,303395237.0922201,302947966.9108559,2166150.1660094215,2188873.3162375195,2186034.8077224614,68969.01961402982
86.29249841666666,87.15716651906135,0.010020200113103702,91464.29548843889,46597.949145,44866.34634343888,56082.9329292986,1059.9333333333334,540.0,519.9333333333333,649.9166666666666,0.37070938215102983,13282.983333333334,13693.0,0.0,56.00225515463917,56.08364062042727,56.22179083595663,663180.2751308877,686167.8812281403,722658.2176656491,4792.816127927051,4957.287221790048,5220.940391701175,23789870.672635317,18649127.02332505,300257328.3356371,303395237.0922201,302947966.9108559,2166150.1660094215,2188873.3162375195,2186034.8077224614,68969.01961402982
92.31802649999999,93.30702115170781,0.010712909376456657,140606.50889459997,49851.73430999999,90754.77458459999,113443.46823074998,1523.0666666666666,540.0,983.0666666666666,1228.8333333333333,0.2471395881006866,13689.016666666666,13983.25,0.0,56.08364062042727,56.0878794159478,56.58590166737302,685944.4813930023,702446.2212882123,771692.8328155342,4955.690105679812,5073.756977024329,5578.111631628612,23789870.672635317,18649127.02332505,300257328.3356371,303395237.0922201,302947966.9108559,2166150.1660094215,2188873.3162375195,2186034.8077224614,68969.01961402982
94.74312416666668,96.3337947366485,0.016789298262780535,140750.38526200003,51161.287050000006,89589.09821200001,111986.37276500001,1485.6,540.0,945.6,1182.0,0.12356979405034334,13938.65,14242.25,0.0,56.08364062042727,56.22179083595663,56.58590166737302,699944.8275465483,716998.5573881628,783698.4749526285,5055.780503584012,5179.688137805873,5665.53415857353,23789870.672635317,18649127.02332505,300257328.3356371,303395237.0922201,302947966.9108559,2166150.1660094215,2188873.3162375195,2186034.8077224614,68969.01961402982
95.74619533333333,97.16880400587665,0.01485812222188695,101484.58397364445,51702.94548,49781.63849364444,62227.04811705555,1059.9333333333334,540.0,519.9333333333333,649.9166666666666,8.326672684688674e-17,13254.400000000003,13664.41666666667,0.0,56.00225515463917,56.08364062042727,56.22179083595663,661579.5440043845,684564.82383374,721051.2114775882,4781.327545330939,4945.826744262628,5209.22721033852,23789870.672635317,18649127.02332505,300257328.3356371,303395237.0922201,302947966.9108559,2166150.1660094215,2188873.3162375195,2186034.8077224614,68969.01961402982
77.2790585,76.56442558610344,-0.00924743297560438,18881.84996016667,0.0,18881.84996016667,23602.312450208337,244.33333333333337,0.0,244.33333333333337,305.4166666666667,8.326672684688674e-17,12025.500000000004,11964.41666666667,0.0,54.88259833134684,54.88259833134684,54.88259833134684,593435.5196727432,590083.10762467,606845.1678650355,4286.585482185554,4262.197533744618,4384.137275949293,23789870.672635317,18649127.02332505,300257328.3356371,303395237.0922201,302947966.9108559,2166150.1660094215,2188873.3162375195,2186034.8077224614,68969.01961402982
76.08094433333335,76.10804395024678,0.000356194539261986,-3124.3907806222232,0.0,-3124.3907806222232,-3905.4884757777786,-41.06666666666667,0.0,-41.06666666666667,-51.333333333333336,8.326672684688674e-17,11258.483333333334,11268.75,0.0,54.25992897817577,54.25992897817577,53.85458641796828,551662.6752778247,552219.7438820007,549437.7775465647,3984.9453734724175,3988.9551564215853,3969.0064353446114,23789870.672635317,18649127.02332505,300257328.3356371,303395237.0922201,302947966.9108559,2166150.1660094215,2188873.3162375195,2186034.8077224614,68969.01961402982
73.45317283333334,74.0962804643588,0.008755341753373651,-1483.7540912333336,0.0,-1483.7540912333336,-1854.692614041667,-20.200000000000003,0.0,-20.200000000000003,-25.25,8.326672684688674e-17,11032.7,11037.75,0.0,52.91215786660042,52.91215786660042,52.91215786660042,539641.0563382118,539908.2627354381,538572.2307493064,3898.226470794164,3900.1666141826145,3890.4658972403595,23789870.672635317,18649127.02332505,300257328.3356371,303395237.0922201,302947966.9108559,2166150.1660094215,2188873.3162375195,2186034.8077224614,68969.01961402982
60.98342333333334,59.399654820966695,-0.025970475676805216,-37972.344928888895,-32931.0486,-5041.29632888889,-6301.620411111112,-622.6666666666666,-540.0,-82.66666666666667,-103.33333333333333,0.11152173913043487,11021.916666666664,10502.58333333333,0.0,52.91215786660042,52.91215786660042,52.91215786660042,539070.4869025501,511591.43958382885,506123.8499376135,3894.083656364038,3694.5626399147495,3654.863336256675,23789870.672635317,18649127.02332505,300257328.3356371,303395237.0922201,302947966.9108559,2166150.1660094215,2188873.3162375195,2186034.8077224614,68969.01961402982
57.53983916666667,58.11033575387589,0.00991481025097674,-35153.80269223651,-10070.26880484762,-25083.53388738889,-31354.417359236108,-610.9471837488454,-175.01385041551202,-435.93333333333334,-544.9166666666666,0.14766590389016018,10279.61385041551,10213.58333333333,0.0,52.91215786660042,52.82986516401691,52.51888018461165,499793.6431042469,496300.5748703201,467677.5362936003,3608.900705635669,3583.673025699713,3375.28970212624,23789870.672635317,18649127.02332505,300257328.3356371,303395237.0922201,302947966.9108559,2166150.1660094215,2188873.3162375195,2186034.8077224614,68969.01961402982
54.88380583333333,55.41228670194053,0.009629085676238505,-58809.82741061109,-29637.255149999983,-29172.572260611105,-36465.715325763886,-1071.533333333333,-539.9999999999998,-531.5333333333333,-664.4166666666666,0.25918764302059494,9965.533333333333,9558.416666666666,0.0,52.51888018461165,52.43758874329534,52.43758874329534,483268.64119107206,461888.0338662201,427047.6259453623,3488.9296489094104,3333.1287516607745,3080.8879977406805,23789870.672635317,18649127.02332505,300257328.3356371,303395237.0922201,302947966.9108559,2166150.1660094215,2188873.3162375195,2186034.8077224614,68969.01961402982
55.48494875,56.67485058505742,0.02144548858499963,-28471.176701916665,-29961.872325,1490.6956230833337,1863.369528854167,-513.1333333333333,-540.0,26.86666666666667,33.583333333333336,0.3707093821510297,9785.466666666667,9238.75,0.0,52.51888018461165,52.43758874329534,52.43758874329534,473811.7414991631,445125.4846646134,446886.51368657575,3420.000500860603,3211.7697234358307,3224.5193815105577,23789870.672635317,18649127.02332505,300257328.3356371,303395237.0922201,302947966.9108559,2166150.1660094215,2188873.3162375195,2186034.8077224614,68969.01961402982
65.73326250000001,65.64671592732583,-0.0013166328489199412,-7287.627702500002,0.0,-7287.627702500002,-9109.534628125002,-110.86666666666667,0.0,-110.86666666666667,-138.58333333333334,0.3707093821510297,10432.033333333333,10459.75,0.0,52.91215786660042,52.91215786660042,52.91215786660042,507858.48684634035,509325.035488543,501992.2922775299,3667.458260497875,3678.1066382371296,3624.8647495408577,23789870.672635317,18649127.02332505,300257328.3356371,303395237.0922201,302947966.9108559,2166150.1660094215,2188873.3162375195,2186034.8077224614,68969.01961402982
75.15872191666666,75.52183516936145,0.004831285623741629,89534.08012859445,40585.709835,48948.37029359445,61185.46286699305,1191.2666666666669,540.0,651.2666666666668,814.0833333333334,0.24713958810068648,10564.316666666666,10941.5,0.0,52.91215786660042,52.91215786660042,54.25992897817577,514857.8834627938,534815.4675407778,578635.285972876,3718.279772293703,3863.188633759167,4179.094377111823,23789870.672635317,18649127.02332505,300257328.3356371,303395237.0922201,302947966.9108559,2166150.1660094215,2188873.3162375195,2186034.8077224614,68969.01961402982
95.98445458333333,96.03087889698898,0.0004836649211289112,193402.27702177776,51831.605475,141570.67154677777,176963.33943347223,2014.9333333333334,540.0,1474.9333333333334,1843.6666666666667,0.12356979405034323,11986.650000000003,12157.91666666667,0.0,54.88259833134684,54.88259833134684,56.0878794159478,591303.3307275703,600702.8904017856,703474.4990775048,4271.074347720119,4339.453763321496,5081.223139692731,23789870.672635317,18649127.02332505,300257328.3356371,303395237.0922201,302947966.9108559,2166150.1660094215,2188873.3162375195,2186034.8077224614,68969.01961402982
79.96261775,80.76556834681418,0.010041574668360198,65739.93347286667,43179.813585,22560.119887866673,28200.14985983334,822.1333333333334,540.0,282.1333333333334,352.6666666666667,0.0,11828.116666666663,12297.58333333333,0.0,54.88259833134684,54.88259833134684,55.79006567320489,582602.609472107,608368.1599687301,627871.4620964777,4207.7788045904645,4395.216657710316,4536.650173229181,23789870.672635317,18649127.02332505,300257328.3356371,303395237.0922201,302947966.9108559,2166150.1660094215,2188873.3162375195,2186034.8077224614,68969.01961402982
58.39772633333334,57.868961533634604,-0.00905454429305269,-20217.292856600005,0.0,-20217.292856600005,-25271.616070750002,-346.20000000000005,0.0,-346.20000000000005,-432.75,0.0,10502.95,10589.5,0.0,52.91215786660042,52.91215786660042,52.51888018461165,511610.84070838016,516190.3879717344,493311.1263970396,3694.7035084116023,3727.9548767819856,3562.126993926439,23789870.672635317,18649127.02332505,300257328.3356371,303395237.0922201,302947966.9108559,2166150.1660094215,2188873.3162375195,2186034.8077224614,68969.01961402982
38.9659545,39.00795092003034,0.0010777721364513971,-49536.119090700005,-21041.61543,-28494.503660700004,-35618.129575875006,-1271.2666666666669,-540.0,-731.2666666666668,-914.0833333333334,0.11152173913043478,9318.5,9318.5,357.1833333333335,52.43758874329534,52.43758874329534,52.36610811073134,449307.3823668912,449307.3823668912,401408.7817041259,3242.046206754723,3242.046206754723,2893.3874706259817,23789870.672635317,18649127.02332505,300257328.3356371,303395237.0922201,302947966.9108559,2166150.1660094215,2188873.3162375195,2186034.8077224614,68969.01961402982
11.095393166666668,11.17736457809214,0.007387878031373962,-18354.739069177776,-5991.51231,-12363.226759177778,-15454.033448972223,-1654.2666666666667,-540.0,-1114.2666666666667,-1392.8333333333333,0.22304347826086957,8546.833333333334,8546.833333333334,261.4333333333334,52.36610811073134,52.36610811073134,51.55384335228537,408866.5882675626,408866.5882675626,336332.92231374135,2947.9539749252913,2947.9539749252913,2421.184378995135,23789870.672635317,18649127.02332505,300257328.3356371,303395237.0922201,302947966.9108559,2166150.1660094215,2188873.3162375195,2186034.8077224614,68969.01961402982
7.2919857499999985,7.428209990066327,0.01868136399832241,-14576.679514249998,-3937.672304999999,-10639.007209249998,-13298.759011562497,-1999.0,-540.0,-1459.0,-1823.75,0.33456521739130435,8466.5,8466.5,175.25,52.36610811073134,52.36610811073134,51.55384335228537,404659.84424933384,404659.84424933384,309976.0198998854,2917.1745073158504,2917.1745073158504,2232.387262092303,23789870.672635317,18649127.02332505,300257328.3356371,303395237.0922201,302947966.9108559,2166150.1660094215,2188873.3162375195,2186034.8077224614,68969.01961402982
0.3759555000000001,0.3797990474013773,0.010223410487084854,-611.0780697000002,-203.01597000000007,-408.06209970000015,-510.07762462500017,-1625.4,-540.0,-1085.4,-1356.75,0.44608695652173913,8407.666666666666,8407.666666666666,268.6500000000001,52.36610811073134,52.36610811073134,51.55384335228537,401578.9715554858,401578.9715554858,331018.5802948432,2894.6326980500153,2894.6326980500153,2383.117217852705,23789870.672635317,18649127.02332505,300257328.3356371,303395237.0922201,302947966.9108559,2166150.1660094215,2188873.3162375195,2186034.8077224614,68969.01961402982
-0.06223166666666668,-0.058501060939681535,-0.05994706436142066,99.89012255555558,33.60510000000001,66.28502255555557,82.85627819444447,-1605.1333333333334,-540.0,-1065.1333333333334,-1331.4166666666667,0.557608695652174,8424.833333333334,8424.833333333334,273.7166666666667,52.36610811073134,52.36610811073134,51.55384335228537,402477.9230780534,402477.9230780534,333209.61863731535,2901.2100531615765,2901.2100531615765,2398.8118437077087,23789870.672635317,18649127.02332505,300257328.3356371,303395237.0922201,302947966.9108559,2166150.1660094215,2188873.3162375195,2186034.8077224614,68969.01961402982
3.148831,3.166324111346175,0.00555543036326005,-3726.3266053999987,-1700.3687399999985,-2025.9578654000002,-2532.44733175,-1183.3999999999996,-539.9999999999995,-643.4000000000001,-804.25,0.6691304347826087,8066.583333333333,8066.583333333333,379.14999999999964,52.35243045899558,52.35243045899558,51.8200325163863,383719.0808654417,383719.0808654417,341938.03663145285,2764.0628187022235,2764.0628187022235,2461.5279624312466,23789870.672635317,18649127.02332505,300257328.3356371,303395237.0922201,302947966.9108559,2166150.1660094215,2188873.3162375195,2186034.8077224614,68969.01961402982
-0.3080024999999998,-0.3153590754564462,0.02388479137814289,289.0706129999998,166.32134999999988,122.74926299999993,153.4365787499999,-938.5333333333333,-540.0,-398.53333333333336,-498.1666666666667,0.7806521739130434,8814.25,8814.25,440.36666666666656,52.36610811073134,52.36610811073134,52.36610811073134,422870.1583448407,422870.1583448407,396783.1088210114,3050.413841687423,3050.413841687423,2859.5428278189206,23789870.672635317,18649127.02332505,300257328.3356371,303395237.0922201,302947966.9108559,2166150.1660094215,2188873.3162375195,2186034.8077224614,68969.01961402982
18.028132333333335,18.169066950699438,0.007817482962753718,-12969.438400599993,-9735.191459999993,-3234.2469406000005,-4042.8086757500005,-719.3999999999995,-539.9999999999995,-179.4,-224.25,0.8921739130434782,8768.983333333334,8576.833333333334,303.0,52.36610811073134,52.36610811073134,52.36610811073134,420499.7191843616,410437.57151088456,398694.47176705307,3033.07005869422,2959.448381916369,2873.527689658065,23789870.672635317,18649127.02332505,300257328.3356371,303395237.0922201,302947966.9108559,2166150.1660094215,2188873.3162375195,2186034.8077224614,68969.01961402982
56.36195491666666,56.96415231438201,0.010684466119135125,16549.446120806802,-29426.879236548753,45976.325357355556,57470.40669669444,293.6279649149111,-522.1053684184222,815.7333333333333,1019.6666666666666,1.0,10272.955368418421,9548.916666666666,2.0,52.91215786660042,52.43758874329534,52.91215786660042,499441.328453665,461389.8767731588,515083.6420030246,3606.342604680467,3329.5221486321916,3719.9189693479716,23789870.672635317,18649127.02332505,300257328.3356371,303395237.0922201,302947966.9108559,2166150.1660094215,2188873.3162375195,2186034.8077224614,68969.01961402982
70.04905208333334,71.65006018980876,0.022855528502666877,98619.72545972223,0.0,98619.72545972223,123274.65682465277,1407.8666666666668,0.0,1407.8666666666668,1759.8333333333333,1.0,11806.049999999997,11454.08333333333,0.0,54.88259833134684,54.25992897817577,55.79006567320489,581391.5334689288,562275.9173859558,659318.4624476077,4198.968533448364,4061.339549919545,4764.981856581409,23789870.672635317,18649127.02332505,300257328.3356371,303395237.0922201,302947966.9108559,2166150.1660094215,2188873.3162375195,2186034.8077224614,68969.01961402982
78.88898908333333,80.35432158365404,0.018574613736941498,145124.1843177,42600.054104999996,102524.13021270001,128155.162765875,1839.6000000000001,540.0,1299.6000000000001,1624.5,0.8764302059496567,11403.48333333333,11618.58333333333,0.0,54.25992897817577,54.25992897817577,55.95152304498865,559530.36497966,571201.6757028657,660945.8164350186,4041.5770482415046,4125.58720853689,4776.785974614814,23789870.672635317,18649127.02332505,300257328.3356371,303395237.0922201,302947966.9108559,2166150.1660094215,2188873.3162375195,2186034.8077224614,68969.01961402982
87.66806016666668,86.27300170097266,-0.015912961494093287,148679.18550532224,47340.752490000006,101338.43301532224,126673.0412691528,1695.9333333333334,540.0,1155.9333333333334,1444.9166666666667,0.7528604118993134,11319.066666666664,11570.08333333333,0.0,54.25992897817577,54.25992897817577,55.79006567320489,554949.9226417524,568570.0691474242,648220.8885507792,4008.606998505248,4106.6448897348155,4684.404132134075,23789870.672635317,18649127.02332505,300257328.3356371,303395237.0922201,302947966.9108559,2166150.1660094215,2188873.3162375195,2186034.8077224614,68969.01961402982
79.97032383333334,79.8691665059653,-0.0012649358226791267,75081.47136965557,43183.974870000005,31897.496499655557,39871.87062456945,938.8666666666667,540.0,398.8666666666667,498.5833333333333,0.6292906178489701,10577.549999999997,11017.83333333333,0.0,52.91215786660042,52.91215786660042,54.25992897817577,515558.0876852284,538854.4289245948,565658.1196255954,3723.363844407333,3892.514893558194,4085.6846606823487,23789870.672635317,18649127.02332505,300257328.3356371,303395237.0922201,302947966.9108559,2166150.1660094215,2188873.3162375195,2186034.8077224614,68969.01961402982
72.14712758333333,75.02747343454436,0.039923222832178605,2034.5489978500002,0.0,2034.5489978500002,2543.1862473124997,28.200000000000003,0.0,28.200000000000003,35.25,0.6292906178489701,10809.38333333333,10802.33333333333,0.0,52.91215786660042,52.91215786660042,52.91215786660042,527824.8896173019,527451.8589043423,529317.01246914,3812.4311530982695,3809.72263609063,3823.265221128828,23789870.672635317,18649127.02332505,300257328.3356371,303395237.0922201,302947966.9108559,2166150.1660094215,2188873.3162375195,2186034.8077224614,68969.01961402982
79.19962858333335,80.50101445354103,0.016431716833600757,50625.7225842764,42557.92041925418,8067.8021650222245,10084.752706277779,639.2166666666667,537.35,101.86666666666667,127.33333333333333,0.5063272311212813,10385.949999999997,10897.83333333333,0.0,52.91215786660042,52.91215786660042,52.91215786660042,505420.1182379877,532504.9699806026,539242.4514156164,3649.753651689072,3846.4124764068824,3895.332263495219,23789870.672635317,18649127.02332505,300257328.3356371,303395237.0922201,302947966.9108559,2166150.1660094215,2188873.3162375195,2186034.8077224614,68969.01961402982
68.15019741666667,68.69840178093352,0.008044061280045263,-47268.976928199976,-36801.10660499997,-10467.870323200003,-13084.837904,-693.5999999999996,-539.9999999999995,-153.60000000000002,-192.0,0.617848970251716,11459.26666666667,10957.66666666667,0.0,54.25992897817577,52.91215786660042,52.91215786660042,562557.164684493,535670.8807596213,525511.746449234,4063.363969557845,3869.3996538476085,3795.63578640551,23789870.672635317,18649127.02332505,300257328.3356371,303395237.0922201,302947966.9108559,2166150.1660094215,2188873.3162375195,2186034.8077224614,68969.01961402982
76.18923383333335,75.69415047848067,-0.006498074989646019,-21139.972747622225,0.0,-21139.972747622225,-26424.96593452778,-277.46666666666664,0.0,-277.46666666666664,-346.8333333333333,0.617848970251716,11217.133333333333,11286.5,0.0,53.85458641796828,54.25992897817577,52.91215786660042,549422.5187470797,553182.8576213632,534718.4619180223,3968.896708915967,3995.8876545398703,3862.4842912749104,23789870.672635317,18649127.02332505,300257328.3356371,303395237.0922201,302947966.9108559,2166150.1660094215,2188873.3162375195,2186034.8077224614,68969.01961402982
81.47137683333334,82.05134954471622,0.0071187297174238415,24419.687349511114,43994.543490000004,-19574.85614048889,-24468.570175611112,299.73333333333335,540.0,-240.26666666666665,-300.3333333333333,0.4942791762013728,10745.350000000002,11345.41666666667,0.0,52.91215786660042,54.25992897817577,52.91215786660042,524436.7477752442,556379.6717703276,540296.2852264598,3787.8303910572527,4018.898340782254,3902.9839841196404,23789870.672635317,18649127.02332505,300257328.3356371,303395237.0922201,302947966.9108559,2166150.1660094215,2188873.3162375195,2186034.8077224614,68969.01961402982
84.95919066666666,84.90978266458296,-0.000581549820519627,63572.13040284444,45877.96296,17694.167442844442,22117.70930355555,748.2666666666667,540.0,208.26666666666665,260.3333333333333,0.37070938215102955,10570.899999999998,11058.83333333333,0.0,52.91215786660042,52.91215786660042,54.25992897817577,515206.22183541546,541023.8273971253,554955.3486346502,3720.809002123531,3908.266552751559,4008.6460548326754,23789870.672635317,18649127.02332505,300257328.3356371,303395237.0922201,302947966.9108559,2166150.1660094215,2188873.3162375195,2186034.8077224614,68969.01961402982
84.10042016666667,82.43938148533495,-0.01975065853464169,86219.75075486666,45414.22689,40805.52386486667,51006.90483108333,1025.2,540.0,485.20000000000005,606.5,0.2471395881006863,10548.88333333333,10967.58333333333,0.0,52.91215786660042,52.91215786660042,54.25992897817577,514041.2724930524,536195.5929917981,568787.1088633368,3712.3504891989637,3873.2095063760826,4108.207142831894,23789870.672635317,18649127.02332505,300257328.3356371,303395237.0922201,302947966.9108559,2166150.1660094215,2188873.3162375195,2186034.8077224614,68969.01961402982
85.91341866666666,87.26738914969657,0.015759709065741524,141934.69519857777,46393.24608,95541.44911857776,119426.8113982222,1652.0666666666666,540.0,1112.0666666666666,1390.0833333333333,0.12356979405034306,11618.099999999997,11880.08333333333,0.0,54.25992897817577,54.88259833134684,56.00225515463917,571175.4500705262,585454.6751653928,662462.512893989,4125.39843628766,4228.526860044444,4787.664687684244,23789870.672635317,18649127.02332505,300257328.3356371,303395237.0922201,302947966.9108559,2166150.1660094215,2188873.3162375195,2186034.8077224614,68969.01961402982
86.15681475000001,84.60245380108732,-0.018041067945965224,150194.30325985,46524.679965,103669.62329485001,129587.02911856251,1743.2666666666667,540.0,1203.2666666666667,1504.0833333333333,0.0,12361.816666666666,12601.0,0.0,54.88259833134684,55.79006567320489,56.22179083595663,611893.452201547,625123.8013620726,709286.8017451642,4420.8622657025035,4516.6998443023385,5123.478526951845,23789870.672635317,18649127.02332505,300257328.3356371,303395237.0922201,302947966.9108559,2166150.1660094215,2188873.3162375195,2186034.8077224614,68969.01961402982
56.04277583333334,55.92140343054407,-0.00216571004887797,-10543.514226777777,0.0,-10543.514226777777,-13179.392783472222,-188.13333333333333,0.0,-188.13333333333333,-235.16666666666666,0.0,11549.966666666667,11597.0,0.0,54.25992897817577,54.25992897817577,54.25992897817577,567478.5402428134,570030.5655690869,557270.4389377192,4098.7880585340945,4117.157551200573,4025.310087868178,23789870.672635317,18649127.02332505,300257328.3356371,303395237.0922201,302947966.9108559,2166150.1660094215,2188873.3162375195,2186034.8077224614,68969.01961402982
37.50221683333333,37.47442092322001,-0.000741180454394248,-42678.97021031637,-19580.104788771925,-23098.865421544444,-28873.58177693055,-1138.038596491228,-522.1052631578947,-615.9333333333334,-769.9166666666666,0.10782608695652172,8978.25,8978.25,368.12192982456133,52.43758874329534,52.43758874329534,52.36610811073134,431465.4927969849,431465.4927969849,391140.66067208006,3112.8728719678493,3112.8728719678493,2818.258749375968,23789870.672635317,18649127.02332505,300257328.3356371,303395237.0922201,302947966.9108559,2166150.1660094215,2188873.3162375195,2186034.8077224614,68969.01961402982
22.950659666666667,21.908013600869193,-0.04542989530326248,-27574.45256751111,-12393.35622,-15181.096347511111,-18976.37043438889,-1201.4666666666667,-540.0,-661.4666666666667,-826.8333333333334,0.21934782608695652,7015.583333333333,7015.583333333333,374.6333333333333,51.55384335228537,51.55384335228537,51.55384335228537,329197.0111630624,329197.0111630624,286570.5750179478,2370.069136749722,2370.069136749722,2064.731729429446,23789870.672635317,18649127.02332505,300257328.3356371,303395237.0922201,302947966.9108559,2166150.1660094215,2188873.3162375195,2186034.8077224614,68969.01961402982
14.589942500000001,14.349444232816374,-0.01648383927377548,-18001.071056500004,-7878.568950000001,-10122.502106500002,-12653.127633125001,-1233.8000000000002,-540.0,-693.8000000000001,-867.25,0.3308695652173913,6761.416666666667,6761.416666666667,366.5500000000002,51.55384335228537,51.55384335228537,51.55384335228537,316093.7426443566,316093.7426443566,271383.6719970871,2276.209119381567,2276.209119381567,1955.9464306109444,23789870.672635317,18649127.02332505,300257328.3356371,303395237.0922201,302947966.9108559,2166150.1660094215,2188873.3162375195,2186034.8077224614,68969.01961402982
18.12633725,18.294194672766505,0.009260415960014447,-26377.4459662,-9788.222114999999,-16589.2238512,-20736.529813999998,-1455.2,-540.0,-915.2,-1144.0,0.4423913043478261,6653.25,6653.25,311.20000000000005,51.55384335228537,51.55384335228537,51.51118310371481,310517.3352550844,310517.3352550844,251551.57566406604,2236.2647578917745,2236.2647578917745,1812.10241471779,23789870.672635317,18649127.02332505,300257328.3356371,303395237.0922201,302947966.9108559,2166150.1660094215,2188873.3162375195,2186034.8077224614,68969.01961402982
8.325694166666667,8.570870209914178,0.029448120281563562,-15543.515962888889,-4495.87485,-11047.641112888889,-13809.551391111112,-1866.9333333333334,-540.0,-1326.9333333333334,-1658.6666666666667,0.5539130434782609,7066.833333333333,7066.833333333333,208.26666666666665,51.55384335228537,51.55384335228537,51.51118310371481,331839.1456348671,331839.1456348671,246344.65357199885,2388.9950091042847,2388.9950091042847,1774.150364914505,23789870.672635317,18649127.02332505,300257328.3356371,303395237.0922201,302947966.9108559,2166150.1660094215,2188873.3162375195,2186034.8077224614,68969.01961402982
-2.1392495,-2.0969754668101266,-0.019761151371017464,3853.358816033333,1155.19473,2698.164086033333,3372.7051075416666,-1801.2666666666667,-540.0,-1261.2666666666667,-1576.5833333333333,0.6654347826086957,7175.083333333333,7175.083333333333,224.6833333333334,51.55384335228537,51.55384335228537,51.51118310371481,337419.8491777519,337419.8491777519,256148.94875607258,2428.9701443702634,2428.9701443702634,1845.611602961251,23789870.672635317,18649127.02332505,300257328.3356371,303395237.0922201,302947966.9108559,2166150.1660094215,2188873.3162375195,2186034.8077224614,68969.01961402982
-2.1352878333333334,-2.0825875522411437,-0.024680645049113,3689.350318433333,1153.0554300000001,2536.294888433333,3170.368610541667,-1727.8,-540.0,-1187.8,-1484.75,0.7769565217391305,7071.25,7071.25,243.05000000000018,51.55384335228537,51.55384335228537,51.51118310371481,332066.8417763397,332066.8417763397,255530.81455882802,2390.626019242158,2390.626019242158,1841.1061658865,23789870.672635317,18649127.02332505,300257328.3356371,303395237.0922201,302947966.9108559,2166150.1660094215,2188873.3162375195,2186034.8077224614,68969.01961402982
-5.851297916666667,-5.701940042732679,-0.025525597236907217,4645.150372777778,3159.700875,1485.4494977777779,1856.811872222222,-793.8666666666667,-540.0,-253.86666666666667,-317.3333333333333,0.8884782608695654,7052.0,7052.0,476.5333333333333,51.55384335228537,51.55384335228537,51.55384335228537,331074.43029180815,331074.43029180815,314714.67733468296,2383.517276943127,2383.517276943127,2266.3307372257705,23789870.672635317,18649127.02332505,300257328.3356371,303395237.0922201,302947966.9108559,2166150.1660094215,2188873.3162375195,2186034.8077224614,68969.01961402982
29.04658908333333,27.708487819948985,-0.046067414647048305,-16517.82699205553,-15685.158104999971,-832.6688870555556,-1040.8361088194445,-568.6666666666657,-539.9999999999991,-28.66666666666667,-35.833333333333336,1.0,7963.666666666665,7889.833333333333,459.0,52.35243045899558,52.35243045899558,51.8200325163863,378331.14323070337,374465.7887818142,372598.22253698146,2724.7537771814955,2696.5531206735086,2683.076485229209,23789870.672635317,18649127.02332505,300257328.3356371,303395237.0922201,302947966.9108559,2166150.1660094215,2188873.3162375195,2186034.8077224614,68969.01961402982
77.59198049999999,77.42648716701727,-0.0021328664626974335,93053.47581429999,0.0,93053.47581429999,116316.84476787498,1199.2666666666667,0.0,1199.2666666666667,1499.0833333333333,1.0,9738.566666666666,9438.75,0.0,52.51888018461165,52.43758874329534,52.91215786660042,471348.6060185047,455613.00241327245,534621.4562952669,3402.0472777386713,3287.6982082481,3861.7799487906545,23789870.672635317,18649127.02332505,300257328.3356371,303395237.0922201,302947966.9108559,2166150.1660094215,2188873.3162375195,2186034.8077224614,68969.01961402982
90.07451125,90.01380548953853,-0.0006739504840940499,204246.9567430833,48640.236075,155606.72066808332,194508.40083510414,2267.5333333333333,540.0,1727.5333333333333,2159.4166666666665,0.8764302059496567,11319.133333333333,11427.25,0.0,54.25992897817577,54.25992897817577,56.08364062042727,554953.5399703512,560819.9426250416,680204.3207755015,4008.6330360568672,4050.8594353933127,4914.652908889207,23789870.672635317,18649127.02332505,300257328.3356371,303395237.0922201,302947966.9108559,2166150.1660094215,2188873.3162375195,2186034.8077224614,68969.01961402982
86.067708,87.34663310589875,0.014859523224421797,159196.570564,46476.56232,112720.008244,140900.01030499997,1849.6666666666667,540.0,1309.6666666666667,1637.0833333333333,0.7528604118993134,11600.749999999996,11813.33333333333,0.0,54.25992897817577,54.88259833134684,56.08364062042727,570234.0403027548,581791.2617267753,672562.9247409683,4118.622163479083,4201.876455267924,4860.0235189261375,23789870.672635317,18649127.02332505,300257328.3356371,303395237.0922201,302947966.9108559,2166150.1660094215,2188873.3162375195,2186034.8077224614,68969.01961402982
84.8058195,83.60736469199081,-0.014131751984416532,149733.1549092,45795.14253,103938.01237920001,129922.515474,1765.6000000000001,540.0,1225.6000000000001,1532.0,0.6292906178489701,10924.56666666667,11158.16666666667,0.0,52.91215786660042,52.91215786660042,55.79006567320489,533919.4883342368,546279.7684118747,630098.4155512669,3856.683070450038,3946.4291091712585,4552.81972916143,23789870.672635317,18649127.02332505,300257328.3356371,303395237.0922201,302947966.9108559,2166150.1660094215,2188873.3162375195,2186034.8077224614,68969.01961402982
98.64064666666667,99.8028695476669,0.01178239316422675,126194.26730222223,53265.9492,72928.31810222223,91160.39762777777,1279.3333333333335,540.0,739.3333333333334,924.1666666666666,0.5057208237986268,10625.666666666664,10980.83333333333,0.0,52.91215786660042,52.91215786660042,54.88259833134684,518104.0443479096,536896.6790835306,586822.1665738154,3741.8496330623107,3878.2999816032066,4238.475013637676,23789870.672635317,18649127.02332505,300257328.3356371,303395237.0922201,302947966.9108559,2166150.1660094215,2188873.3162375195,2186034.8077224614,68969.01961402982
85.47863274999999,85.77639089008818,0.0034834218857832965,61430.64406966666,46158.461684999995,15272.182384666667,19090.227980833333,718.6666666666667,540.0,178.66666666666669,223.33333333333334,0.3821510297482836,10436.499999999996,10931.83333333333,0.0,52.91215786660042,52.91215786660042,52.91215786660042,508094.8278181443,534303.983348067,546121.0319382745,3669.1742949140616,3859.4748279330875,3945.2765487424736,23789870.672635317,18649127.02332505,300257328.3356371,303395237.0922201,302947966.9108559,2166150.1660094215,2188873.3162375195,2186034.8077224614,68969.01961402982
82.86219249999999,83.02676668442979,0.001986119114936355,4811.531311166666,4143.109624999999,668.4216861666667,835.5271077083333,58.06666666666667,50.0,8.066666666666668,10.083333333333334,0.37070938215102955,10731.349999999997,10779.33333333333,0.0,52.91215786660042,52.91215786660042,52.91215786660042,523695.9775651115,526234.8792734105,526768.4101985655,3782.4517757229305,3800.8863394699624,3804.7602231333713,23789870.672635317,18649127.02332505,300257328.3356371,303395237.0922201,302947966.9108559,2166150.1660094215,2188873.3162375195,2186034.8077224614,68969.01961402982
78.45138291666666,80.43557595682967,0.0252920084566345,-10559.556140583332,0.0,-10559.556140583332,-13199.445175729166,-134.6,0.0,-134.6,-168.25,0.37070938215102955,10668.76666666667,10702.41666666667,0.0,52.91215786660042,52.91215786660042,52.91215786660042,520384.5583519604,522165.0524641715,513262.58190311596,3758.4080845558256,3771.3359706986726,3706.6965399844375,23789870.672635317,18649127.02332505,300257328.3356371,303395237.0922201,302947966.9108559,2166150.1660094215,2188873.3162375195,2186034.8077224614,68969.01961402982
73.88339908333333,72.53398398339795,-0.018264117740622345,-55895.25418651109,-39897.03550499998,-15998.218681511113,-19997.77335188889,-756.5333333333331,-539.9999999999998,-216.53333333333336,-270.6666666666667,0.4822311212814643,11110.783333333336,10624.91666666667,0.0,52.91215786660042,52.91215786660042,52.91215786660042,543772.6139982955,518064.36022950994,503742.8028336168,3928.225057509984,3741.561492955117,3637.574929824936,23789870.672635317,18649127.02332505,300257328.3356371,303395237.0922201,302947966.9108559,2166150.1660094215,2188873.3162375195,2186034.8077224614,68969.01961402982
76.09633258333334,73.62017104388394,-0.03253982755000365,-11201.380156266669,0.0,-11201.380156266669,-14001.725195333334,-147.20000000000002,0.0,-147.20000000000002,-184.0,0.4822311212814643,10499.533333333331,10536.33333333333,0.0,52.91215786660042,52.91215786660042,52.91215786660042,511430.05750233575,513377.2249118266,503641.38786437217,3693.3908701454875,3707.5289447385558,3636.8385717732112,23789870.672635317,18649127.02332505,300257328.3356371,303395237.0922201,302947966.9108559,2166150.1660094215,2188873.3162375195,2186034.8077224614,68969.01961402982
80.51284483333332,82.09150153690898,0.019607513643861145,41868.021194080546,39237.93492952499,2630.0862645555553,3287.607830694444,520.0166666666667,487.35,32.66666666666667,40.833333333333336,0.3707093821510295,10238.066666666668,10717.25,0.0,52.91215786660042,52.91215786660042,52.91215786660042,497595.2919588155,522949.9161391926,525110.4959187454,3592.938825663575,3777.0347417076528,3792.7223697660856,23789870.672635317,18649127.02332505,300257328.3356371,303395237.0922201,302947966.9108559,2166150.1660094215,2188873.3162375195,2186034.8077224614,68969.01961402982
89.50797499999999,87.76704181013139,-0.0194500343669779,98118.642195,48334.30649999999,49784.335694999994,62230.41961874999,1096.2,540.0,556.2,695.25,0.24713958810068626,10924.13333333333,11325.08333333333,0.0,52.91215786660042,54.25992897817577,54.88259833134684,533896.5597324942,555276.386547771,593151.9595813642,3856.5165894992115,4010.95688753877,4284.522654350165,23789870.672635317,18649127.02332505,300257328.3356371,303395237.0922201,302947966.9108559,2166150.1660094215,2188873.3162375195,2186034.8077224614,68969.01961402982
103.767723,102.1338130451964,-0.015745839915978478,155942.13412440004,56034.570420000004,99907.56370440002,124884.45463050001,1502.8000000000002,540.0,962.8000000000001,1203.5,0.123569794050343,12236.78333333333,12536.08333333333,0.0,54.88259833134684,55.79006567320489,56.08364062042727,605031.2979901842,621502.0962654535,688780.4441537084,4370.94183208616,4490.4032178488505,4975.9647930373585,23789870.672635317,18649127.02332505,300257328.3356371,303395237.0922201,302947966.9108559,2166150.1660094215,2188873.3162375195,2186034.8077224614,68969.01961402982
98.80055183333333,97.52379138531667,-0.012922604421991786,135416.03634276666,53352.29799,82063.73835276667,102579.67294095833,1370.6,540.0,830.6,1038.25,0.0,12704.4,13036.75,0.0,55.79006567320489,55.79006567320489,56.22179083595663,630892.4941526819,649434.3224791716,707595.4628708492,4558.585407978188,4693.214683487555,5111.150659686776,23789870.672635317,18649127.02332505,300257328.3356371,303395237.0922201,302947966.9108559,2166150.1660094215,2188873.3162375195,2186034.8077224614,68969.01961402982
54.03867441666666,53.6912870334295,-0.006428495646629382,-25693.588395977775,0.0,-25693.588395977775,-32116.98549497222,-475.4666666666667,0.0,-475.4666666666667,-594.3333333333334,0.0,11379.633333333333,11498.5,0.0,54.25992897817577,54.25992897817577,52.91215786660042,558236.2656735308,564685.9625647366,532840.080313758,4032.2621141501763,4078.6870686850198,3848.845659534314,23789870.672635317,18649127.02332505,300257328.3356371,303395237.0922201,302947966.9108559,2166150.1660094215,2188873.3162375195,2186034.8077224614,68969.01961402982
35.232540416666666,36.1097500453005,0.02489771155471031,-53872.903133111104,-19025.571825,-34847.331308111105,-43559.16413513888,-1529.0666666666666,-540.0,-989.0666666666666,-1236.3333333333333,0.11152173913043478,9163.833333333334,9163.833333333334,292.73333333333335,52.43758874329534,52.43758874329534,52.35243045899558,441197.03530792816,441197.03530792816,376437.7303291031,3183.3281784999012,3183.3281784999012,2710.939911578261,23789870.672635317,18649127.02332505,300257328.3356371,303395237.0922201,302947966.9108559,2166150.1660094215,2188873.3162375195,2186034.8077224614,68969.01961402982
8.9349575,8.95023844252916,0.0017102423295422653,-16069.818895666664,-4824.8770499999955,-11244.941845666668,-14056.177307083333,-1798.533333333333,-539.9999999999995,-1258.5333333333335,-1573.1666666666667,0.22304347826086945,8774.083333333334,8774.083333333334,225.36666666666633,52.36610811073134,52.36610811073134,51.8200325163863,420766.7863357263,420766.7863357263,338755.4229677382,3035.024107882703,3035.024107882703,2438.5306016844725,23789870.672635317,18649127.02332505,300257328.3356371,303395237.0922201,302947966.9108559,2166150.1660094215,2188873.3162375195,2186034.8077224614,68969.01961402982
-6.5116232499999995,-6.468967212201633,-0.00655075334685036,12250.533874333334,3516.276555,8734.257319333334,10917.821649166666,-1881.3333333333335,-540.0,-1341.3333333333335,-1676.6666666666667,0.33456521739130424,8328.583333333334,8328.583333333334,204.66666666666697,52.36610811073134,52.36610811073134,51.55384335228537,397437.68517239555,397437.68517239555,310448.59679728135,2864.332164065203,2864.332164065203,2235.772377472794,23789870.672635317,18649127.02332505,300257328.3356371,303395237.0922201,302947966.9108559,2166150.1660094215,2188873.3162375195,2186034.8077224614,68969.01961402982
-7.774800250000001,-7.725397288564287,-0.006354241890100434,12445.381920183336,4198.392135000001,8246.989785183334,10308.737231479168,-1600.7333333333333,-540.0,-1060.7333333333333,-1325.9166666666667,0.446086956521739,7617.5,7617.5,274.8166666666666,51.8200325163863,51.8200325163863,51.55384335228537,360342.7848468561,360342.7848468561,291872.0285760078,2594.519484144615,2594.519484144615,2102.706569243316,23789870.672635317,18649127.02332505,300257328.3356371,303395237.0922201,302947966.9108559,2166150.1660094215,2188873.3162375195,2186034.8077224614,68969.01961402982
-10.040904083333334,-9.847860065966373,-0.01922576052562753,14298.247414666668,5422.088205000001,8876.159209666668,11095.199012083334,-1424.0,-540.0,-884.0,-1105.0,0.5576086956521737,6828.583333333333,6828.583333333333,319.0,51.55384335228537,51.55384335228537,51.51118310371481,319556.44245618506,319556.44245618506,262592.1392426289,2301.0127829877083,2301.0127829877083,1892.574526914038,23789870.672635317,18649127.02332505,300257328.3356371,303395237.0922201,302947966.9108559,2166150.1660094215,2188873.3162375195,2186034.8077224614,68969.01961402982
-6.1357824166666655,-6.141283182271038,0.0008965059760644171,7951.564959838887,3313.322504999999,4638.242454838888,5797.80306854861,-1295.9333333333334,-540.0,-755.9333333333334,-944.9166666666666,0.6691304347826086,6614.0,6614.0,351.0166666666664,51.55384335228537,51.55384335228537,51.51118310371481,308493.8469035072,308493.8469035072,259784.77976347646,2221.7703093080363,2221.7703093080363,1872.1123335328768,23789870.672635317,18649127.02332505,300257328.3356371,303395237.0922201,302947966.9108559,2166150.1660094215,2188873.3162375195,2186034.8077224614,68969.01961402982
-3.81147475,-3.7064001885875797,-0.02756795421835614,3190.9666607,2058.196365,1132.7702957,1415.962869625,-837.2,-540.0,-297.2,-371.5,0.7806521739130434,6847.583333333333,6847.583333333333,465.6999999999998,51.55384335228537,51.55384335228537,51.55384335228537,320535.9654798785,320535.9654798785,301383.7126745045,2308.0292039581805,2308.0292039581805,2170.8397097197417,23789870.672635317,18649127.02332505,300257328.3356371,303395237.0922201,302947966.9108559,2166150.1660094215,2188873.3162375195,2186034.8077224614,68969.01961402982
13.406503083333334,13.286664991322539,-0.008938803151417993,-6688.951271711106,-7239.5116649999945,550.5603932888889,688.2004916111111,-498.9333333333329,-539.9999999999995,41.06666666666667,51.333333333333336,0.8921739130434782,7397.75,7397.75,550.2666666666664,51.8200325163863,51.8200325163863,51.8200325163863,348955.3327013802,348955.3327013802,351615.427703888,2512.2344905364143,2512.2344905364143,2531.4561651904346,23789870.672635317,18649127.02332505,300257328.3356371,303395237.0922201,302947966.9108559,2166150.1660094215,2188873.3162375195,2186034.8077224614,68969.01961402982
50.07275758333333,50.185362862361934,0.002248833187211603,-23032.06820792815,-26143.255545772594,3111.1873378444443,3888.984172305555,-459.9720350850889,-522.1053684184222,62.13333333333334,77.66666666666667,1.0,8645.166666666666,8645.166666666666,537.6387017517555,52.36610811073134,52.36610811073134,52.36610811073134,414015.9222317845,414015.9222317845,418083.02329505124,2985.630086729378,2985.630086729378,3015.387829272945,23789870.672635317,18649127.02332505,300257328.3356371,303395237.0922201,302947966.9108559,2166150.1660094215,2188873.3162375195,2186034.8077224614,68969.01961402982
68.70757916666666,68.99679707351896,0.0042094032472129155,66536.419665,37102.092749999996,29434.326915,36792.90864375,968.4000000000001,540.0,428.40000000000003,535.5,0.8764302059496567,10187.93333333333,10620.83333333333,0.0,52.51888018461165,52.91215786660042,52.91215786660042,494948.8401441296,517848.3022515543,546182.7627891189,3574.0639095131946,3739.992730149271,3945.724766687,23789870.672635317,18649127.02332505,300257328.3356371,303395237.0922201,302947966.9108559,2166150.1660094215,2188873.3162375195,2186034.8077224614,68969.01961402982
83.44203208333333,83.3698772289998,-0.0008647303107561014,162834.34420955554,45058.697325,117775.64688455555,147219.55860569444,1951.4666666666667,540.0,1411.4666666666667,1764.3333333333333,0.7528604118993134,11734.533333333336,11921.66666666667,0.0,54.25992897817577,54.88259833134684,56.08364062042727,577493.1144678855,587736.8765460049,685775.2957437976,4170.873020188449,4245.129296977634,4954.480574232313,23789870.672635317,18649127.02332505,300257328.3356371,303395237.0922201,302947966.9108559,2166150.1660094215,2188873.3162375195,2186034.8077224614,68969.01961402982
85.30742958333333,86.02833780337902,0.008450708497100681,163682.20872252778,46066.011975,117616.19674752779,147020.24593440973,1918.7333333333336,540.0,1378.7333333333336,1723.4166666666667,0.6292906178489701,12004.016666666663,12199.33333333333,0.0,54.88259833134684,54.88259833134684,56.08364062042727,592256.458518591,602975.9446826752,699053.0976606833,4278.008110960349,4355.989657421282,5049.40540413144,23789870.672635317,18649127.02332505,300257328.3356371,303395237.0922201,302947966.9108559,2166150.1660094215,2188873.3162375195,2186034.8077224614,68969.01961402982
81.5513555,82.04651881996946,0.006071797543199233,136897.54209933334,44037.73197,92859.81012933335,116074.76266166665,1678.6666666666667,540.0,1138.6666666666667,1423.3333333333333,0.5057208237986268,11558.166666666666,11813.5,0.0,54.25992897817577,54.88259833134684,55.79006567320489,567923.4716604344,581800.4088264974,660596.984785952,4101.990677383104,4201.9429981013245,4774.265004559214,23789870.672635317,18649127.02332505,300257328.3356371,303395237.0922201,302947966.9108559,2166150.1660094215,2188873.3162375195,2186034.8077224614,68969.01961402982
85.86491825,85.83839107594696,-0.00030894077108185826,122082.74076785,46367.055855,75715.68491285,94644.6061410625,1421.8000000000002,540.0,881.8000000000001,1102.25,0.3821510297482836,10999.2,11318.75,0.0,52.91215786660042,54.25992897817577,54.88259833134684,537868.4990496805,554932.7403309095,615141.5873127906,3885.356212672756,4008.483320135064,4444.491625842684,23789870.672635317,18649127.02332505,300257328.3356371,303395237.0922201,302947966.9108559,2166150.1660094215,2188873.3162375195,2186034.8077224614,68969.01961402982
82.44028108333335,81.44551974379743,-0.01206644769357806,69651.0454779389,44517.75178500001,25133.293692938892,31416.617116173613,844.8666666666667,540.0,304.8666666666667,381.0833333333333,0.25858123569794034,10108.633333333337,10572.41666666667,0.0,52.51888018461165,52.91215786660042,52.91215786660042,490784.0929454902,515286.4719415134,535450.4134351771,3543.7080333176928,3721.391685451418,3867.798875474299,23789870.672635317,18649127.02332505,300257328.3356371,303395237.0922201,302947966.9108559,2166150.1660094215,2188873.3162375195,2186034.8077224614,68969.01961402982
70.0669205,72.1792047174497,0.030146668390395398,42614.701048099996,37836.13707,4778.5639781,5973.204972625,608.2,540.0,68.2,85.25,0.1350114416475971,9684.55,10207.5,0.0,52.51888018461165,52.82986516401691,52.91215786660042,468511.71117386594,495979.1931905725,500488.7051248207,3381.3698093171433,3581.4292741303175,3613.9474410348876,23789870.672635317,18649127.02332505,300257328.3356371,303395237.0922201,302947966.9108559,2166150.1660094215,2188873.3162375195,2186034.8077224614,68969.01961402982
54.34938116666667,55.584271056926966,0.022721323844947097,-9076.346654833333,0.0,-9076.346654833333,-11345.433318541667,-167.0,0.0,-167.0,-208.75,0.1350114416475971,9748.083333333334,9789.833333333334,0.0,52.51888018461165,52.51888018461165,52.51888018461165,471848.4106949284,474041.0739426359,463077.7577040982,3405.690238080755,3421.6720518406833,3341.7629830410424,23789870.672635317,18649127.02332505,300257328.3356371,303395237.0922201,302947966.9108559,2166150.1660094215,2188873.3162375195,2186034.8077224614,68969.01961402982
53.701716833333336,54.15317467149098,0.008406767321029447,-13933.80546102222,0.0,-13933.80546102222,-17417.25682627778,-259.46666666666664,0.0,-259.46666666666664,-324.3333333333333,0.1350114416475971,9451.133333333333,9516.0,0.0,52.43758874329534,52.43758874329534,52.43758874329534,456262.3545538769,459663.806143692,442656.5481946165,3292.3994469327263,3317.0255855068394,3193.894892636275,23789870.672635317,18649127.02332505,300257328.3356371,303395237.0922201,302947966.9108559,2166150.1660094215,2188873.3162375195,2186034.8077224614,68969.01961402982
53.65104300000001,54.98093527549805,0.02478781774099048,-10190.121433800003,0.0,-10190.121433800003,-12737.65179225,-189.93333333333334,0.0,-189.93333333333334,-237.41666666666666,0.1350114416475971,9255.766666666666,9303.25,0.0,52.43758874329534,52.43758874329534,52.43758874329534,446017.79763306177,448507.7091385559,436058.1516110852,3218.2299720186074,3236.2566597877876,3146.123220941889,23789870.672635317,18649127.02332505,300257328.3356371,303395237.0922201,302947966.9108559,2166150.1660094215,2188873.3162375195,2186034.8077224614,68969.01961402982
55.930856999999996,56.99882977341631,0.01909451831600424,-8341.1551406,0.0,-8341.1551406,-10426.443925749998,-149.13333333333333,0.0,-149.13333333333333,-186.41666666666666,0.1350114416475971,9533.550000000001,9570.833333333334,0.0,52.43758874329534,52.51888018461165,52.43758874329534,460584.08582613687,462539.43918220594,452763.8934248868,3323.6883100491164,3337.839304213755,3267.0709698741007,23789870.672635317,18649127.02332505,300257328.3356371,303395237.0922201,302947966.9108559,2166150.1660094215,2188873.3162375195,2186034.8077224614,68969.01961402982
59.11633075,59.48980618728282,0.006317635626984729,24501.748551516666,31922.818605,-7421.070053483334,-9276.337566854167,414.4666666666667,540.0,-125.53333333333333,-156.91666666666666,0.011441647597253843,9387.7,9959.083333333334,0.0,52.43758874329534,52.51888018461165,52.51888018461165,452936.06350792723,482929.8944138814,474688.8067982461,3268.3174624997687,3486.4606022327275,3426.3932263645743,23789870.672635317,18649127.02332505,300257328.3356371,303395237.0922201,302947966.9108559,2166150.1660094215,2188873.3162375195,2186034.8077224614,68969.01961402982
59.62184416666667,59.758538709533674,0.002292692297220587,20796.09924533334,2981.0922083333335,17815.007037000003,22268.75879625,348.8,50.0,298.8,373.5,0.0,10011.366666666667,9986.666666666666,0.0,52.51888018461165,52.51888018461165,52.91215786660042,485675.75653286686,484378.54019230686,504055.8664343273,3506.474554234681,3497.0194452557535,3639.848035115034,23789870.672635317,18649127.02332505,300257328.3356371,303395237.0922201,302947966.9108559,2166150.1660094215,2188873.3162375195,2186034.8077224614,68969.01961402982
52.40230166666666,53.14583025695267,0.014188853669360473,12663.889569444442,0.0,12663.889569444442,15829.861961805553,241.66666666666666,0.0,241.66666666666666,302.0833333333333,0.0,9669.75,9669.75,60.41666666666666,52.51888018461165,52.51888018461165,52.51888018461165,467734.4317471337,467734.4317471337,483599.5101362352,3375.7043998884747,3375.7043998884747,3491.341275895939,23789870.672635317,18649127.02332505,300257328.3356371,303395237.0922201,302947966.9108559,2166150.1660094215,2188873.3162375195,2186034.8077224614,68969.01961402982
18.070098249999997,17.99176506373722,-0.004334961834686159,-17179.844742883324,-9757.85305499999,-7421.991687883333,-9277.489609854165,-950.7333333333329,-539.9999999999995,-410.73333333333335,-513.4166666666666,0.11152173913043469,7321.083333333333,7321.083333333333,437.31666666666615,51.8200325163863,51.8200325163863,51.55384335228537,344982.46354179055,344982.46354179055,318478.10789939977,2483.5267946245654,2483.5267946245654,2293.288565164952,23789870.672635317,18649127.02332505,300257328.3356371,303395237.0922201,302947966.9108559,2166150.1660094215,2188873.3162375195,2186034.8077224614,68969.01961402982
-5.43468825,-5.594646636129619,0.029432854061062268,4704.9907743,2934.731655,1770.2591193,2212.823899125,-865.7333333333333,-540.0,-325.73333333333335,-407.1666666666667,0.22304347826086945,5499.25,5499.25,458.5666666666666,51.51118310371481,51.51118310371481,51.51118310371481,251036.4638330289,251036.4638330289,230062.827112633,1808.3478838221642,1808.3478838221642,1655.4759008552637,23789870.672635317,18649127.02332505,300257328.3356371,303395237.0922201,302947966.9108559,2166150.1660094215,2188873.3162375195,2186034.8077224614,68969.01961402982
-10.242879916666666,-9.729117648090737,-0.05015799001411345,15248.233902611111,5531.1551549999995,9717.07874761111,12146.348434513888,-1488.6666666666665,-540.0,-948.6666666666666,-1185.8333333333333,0.33456521739130424,5331.75,5331.75,302.83333333333303,51.51118310371481,51.51118310371481,50.67189760672262,242408.34066315668,242408.34066315668,181596.36972893353,1745.4594913204307,1745.4594913204307,1306.8200880403733,23789870.672635317,18649127.02332505,300257328.3356371,303395237.0922201,302947966.9108559,2166150.1660094215,2188873.3162375195,2186034.8077224614,68969.01961402982
-16.06982275,-16.18837738183905,0.0073774697881498685,26387.720277016666,8677.704285,17710.015992016666,22137.51999002083,-1642.0666666666666,-540.0,-1102.0666666666666,-1377.5833333333333,0.446086956521739,4892.416666666667,4892.416666666667,264.4833333333336,51.4070122316498,51.4070122316498,49.59668157099698,219789.67413687904,219789.67413687904,149718.50388256728,1581.3522012528633,1581.3522012528633,1077.5050525438276,23789870.672635317,18649127.02332505,300257328.3356371,303395237.0922201,302947966.9108559,2166150.1660094215,2188873.3162375195,2186034.8077224614,68969.01961402982
-19.811783249999998,-20.103719151471967,0.014735468170033038,33604.746748649995,10698.362954999999,22906.38379365,28632.979742062496,-1696.2,-540.0,-1156.2,-1445.25,0.5576086956521737,4470.666666666667,4470.666666666667,250.94999999999982,51.4070122316498,51.4070122316498,49.59668157099698,198108.76672818072,198108.76672818072,125445.06131036184,1426.049557386442,1426.049557386442,909.7327931325234,23789870.672635317,18649127.02332505,300257328.3356371,303395237.0922201,302947966.9108559,2166150.1660094215,2188873.3162375195,2186034.8077224614,68969.01961402982
-12.164257166666665,-12.249061883243579,0.00697163134706669,17231.8867023,6568.698869999999,10663.1878323,13328.984790374998,-1416.6,-540.0,-876.6,-1095.75,0.6691304347826086,4265.0,4265.0,320.85000000000036,50.67189760672262,50.67189760672262,49.59668157099698,187630.54820226738,187630.54820226738,132578.71734299022,1350.4226572024563,1350.4226572024563,959.03892624063,23789870.672635317,18649127.02332505,300257328.3356371,303395237.0922201,302947966.9108559,2166150.1660094215,2188873.3162375195,2186034.8077224614,68969.01961402982
8.809273500000002,8.705346665515044,-0.011797435337313283,-7626.481711399998,-4757.007689999997,-2869.4740214000008,-3586.8425267500006,-865.7333333333329,-539.9999999999995,-325.73333333333335,-407.1666666666667,0.7806521739130433,4081.666666666667,4081.666666666667,458.5666666666666,50.67189760672262,50.67189760672262,50.67189760672262,178340.7003077016,178340.7003077016,157708.79266549772,1283.2948390382978,1283.2948390382978,1134.2100574246251,23789870.672635317,18649127.02332505,300257328.3356371,303395237.0922201,302947966.9108559,2166150.1660094215,2188873.3162375195,2186034.8077224614,68969.01961402982
30.517128333333336,30.623254994509495,0.0034776096891214153,-17545.314316444445,-16479.2493,-1066.0650164444444,-1332.5812705555556,-574.9333333333333,-540.0,-34.93333333333333,-43.666666666666664,0.892173913043478,4320.5,4320.5,531.2666666666664,50.67189760672262,50.67189760672262,50.67189760672262,190442.8385194405,190442.8385194405,188230.16565728027,1370.7440785194244,1370.7440785194244,1354.7554527385064,23789870.672635317,18649127.02332505,300257328.3356371,303395237.0922201,302947966.9108559,2166150.1660094215,2188873.3162375195,2186034.8077224614,68969.01961402982
64.40060541666666,64.79684651053303,0.006152754175255376,47785.24921916667,34776.326925,13008.922294166667,16261.152867708333,742.0,540.0,202.0,252.5,0.7686041189931347,4634.083333333333,5123.583333333333,0.0,51.4070122316498,51.51118310371481,51.51118310371481,206509.52931036946,231685.42938040002,244692.003114088,1486.225112538003,1667.302673176485,1762.1045782910387,23789870.672635317,18649127.02332505,300257328.3356371,303395237.0922201,302947966.9108559,2166150.1660094215,2188873.3162375195,2186034.8077224614,68969.01961402982
68.3921235,68.39989314087458,0.0001136043227929609,59355.244248200004,36931.74669,22423.4975582,28029.371947749998,867.8666666666667,540.0,327.8666666666667,409.8333333333333,0.6450343249427914,6587.466666666666,7045.5,0.0,51.55384335228537,51.55384335228537,51.8200325163863,307125.9515932265,330739.3303100183,351939.30290711543,2211.971938970324,2381.116922400597,2533.7964664875963,23789870.672635317,18649127.02332505,300257328.3356371,303395237.0922201,302947966.9108559,2166150.1660094215,2188873.3162375195,2186034.8077224614,68969.01961402982
78.92068866666666,78.79520213883096,-0.0015900333607796158,116707.91440026666,42617.17188,74090.74252026666,92613.42815033333,1478.8000000000002,540.0,938.8000000000001,1173.5,0.5214645308924482,9039.283333333333,9344.583333333334,0.0,52.43758874329534,52.43758874329534,52.91215786660042,434665.9336299507,450675.1294732788,512411.57803076133,3136.04371458306,3251.94854664899,3700.517535463462,23789870.672635317,18649127.02332505,300257328.3356371,303395237.0922201,302947966.9108559,2166150.1660094215,2188873.3162375195,2186034.8077224614,68969.01961402982
82.76429058333333,83.17630324284305,0.0049781452436286925,158620.52171264446,44692.716915,113927.80479764446,142409.75599705556,1916.5333333333335,540.0,1376.5333333333335,1720.6666666666667,0.3978947368421049,10476.300000000003,10672.16666666667,0.0,52.91215786660042,52.91215786660042,54.88259833134684,510200.73170123535,520564.45968870685,613595.7274597911,3684.4649299359157,3759.714319708446,4433.245886998161,23789870.672635317,18649127.02332505,300257328.3356371,303395237.0922201,302947966.9108559,2166150.1660094215,2188873.3162375195,2186034.8077224614,68969.01961402982
72.030668,73.02800397422236,0.01384599090796081,117165.08456880003,38896.56072,78268.52384880002,97835.65481100001,1626.6000000000001,540.0,1086.6000000000001,1358.25,0.2743249427917617,9855.23333333333,10123.58333333333,0.0,52.51888018461165,52.51888018461165,54.25992897817577,477475.8087067093,491569.2502042498,563781.6304151001,3446.7070367484494,3549.430862436515,4072.177680780526,23789870.672635317,18649127.02332505,300257328.3356371,303395237.0922201,302947966.9108559,2166150.1660094215,2188873.3162375195,2186034.8077224614,68969.01961402982
69.61517683333334,68.30973314733744,-0.018752285713807416,85789.1029176111,37592.19549,48196.90742761111,60246.134284513886,1232.3333333333335,540.0,692.3333333333334,865.4166666666666,0.15075514874141843,9438.75,9805.666666666666,0.0,52.43758874329534,52.51888018461165,52.91215786660042,455613.00241327245,474872.6228788922,520507.13818435115,3287.6982082481,3427.7330191348674,3759.2981173313838,23789870.672635317,18649127.02332505,300257328.3356371,303395237.0922201,302947966.9108559,2166150.1660094215,2188873.3162375195,2186034.8077224614,68969.01961402982
63.19909008333334,62.4656990246021,-0.011604455978150977,47399.3175625,34127.508645,13271.8089175,16589.761146875,750.0,540.0,210.0,262.5,0.027185354691075178,9281.166666666666,9768.666666666666,0.0,52.43758874329534,52.51888018461165,52.51888018461165,447349.7123871414,472929.4243120615,486715.6303605221,3227.8728895897657,3413.5694955631943,3514.0539533351975,23789870.672635317,18649127.02332505,300257328.3356371,303395237.0922201,302947966.9108559,2166150.1660094215,2188873.3162375195,2186034.8077224614,68969.01961402982
54.04654683333333,54.46344559674312,0.007713698429159762,4284.089612322222,0.0,4284.089612322222,5355.112015402778,79.26666666666667,0.0,79.26666666666667,99.08333333333333,0.027185354691075178,9330.483333333334,9310.666666666666,0.0,52.43758874329534,52.43758874329534,52.43758874329534,449935.7594719983,448896.62125506863,454092.3123397169,3246.595588469725,3239.0723410995756,3276.688577950321,23789870.672635317,18649127.02332505,300257328.3356371,303395237.0922201,302947966.9108559,2166150.1660094215,2188873.3162375195,2186034.8077224614,68969.01961402982
57.09279625,55.83530948615319,-0.022025313987783634,-4670.19073325,0.0,-4670.19073325,-5837.7384165625,-81.80000000000001,0.0,-81.80000000000001,-102.25,0.027185354691075178,8846.216666666665,8866.666666666666,0.0,52.36610811073134,52.36610811073134,52.36610811073134,424544.128267447,425615.0151783115,420260.5806239892,3062.6617709145817,3070.4971250135,3031.320354518911,23789870.672635317,18649127.02332505,300257328.3356371,303395237.0922201,302947966.9108559,2166150.1660094215,2188873.3162375195,2186034.8077224614,68969.01961402982
52.67577883333334,53.76592263060448,0.020695352236183667,-5348.347410877779,0.0,-5348.347410877779,-6685.434263597223,-101.53333333333335,0.0,-101.53333333333335,-126.91666666666667,0.027185354691075178,8208.2,8233.583333333334,0.0,52.36610811073134,52.36610811073134,52.35243045899558,391133.678524332,392462.90490187606,385817.54078633984,2818.207663122674,2827.933208593458,2779.372655926086,23789870.672635317,18649127.02332505,300257328.3356371,303395237.0922201,302947966.9108559,2166150.1660094215,2188873.3162375195,2186034.8077224614,68969.01961402982
49.894451916666675,50.78079702924322,0.017764402223656283,-36409.6447119889,-26943.004035000005,-9466.64067698889,-11833.300846236112,-729.7333333333333,-540.0,-189.73333333333335,-237.16666666666666,0.13870709382150997,8261.983333333334,7769.416666666667,0.0,52.36610811073134,51.8200325163863,51.8200325163863,393950.1023722208,368215.1114533038,355925.12707483413,2838.814580545011,2651.4044076742894,2562.597774451331,23789870.672635317,18649127.02332505,300257328.3356371,303395237.0922201,302947966.9108559,2166150.1660094215,2188873.3162375195,2186034.8077224614,68969.01961402982
40.62752916666667,38.55206079325698,-0.05108527188290184,-34874.67103666667,-21938.86575,-12935.80528666667,-16169.756608333335,-858.4000000000001,-540.0,-318.40000000000003,-398.0,0.25022883295194476,7831.65,7371.25,0.0,51.8200325163863,51.8200325163863,51.55384335228537,371440.04481024016,347582.10183969594,327014.5651278157,2674.707567790559,2502.311613036449,2354.436058447092,23789870.672635317,18649127.02332505,300257328.3356371,303395237.0922201,302947966.9108559,2166150.1660094215,2188873.3162375195,2186034.8077224614,68969.01961402982
41.00018416666666,41.02566236938367,0.0006214167871401281,-35153.5579045,-22140.099449999998,-13013.4584545,-16266.823068124999,-857.4000000000001,-540.0,-317.40000000000003,-396.75,0.36175057208237954,7631.65,7171.0,0.0,51.8200325163863,51.55384335228537,51.55384335228537,361076.03830696293,337209.33765073016,316755.35030071094,2599.8179262813887,2427.462229337136,2280.9482809142537,23789870.672635317,18649127.02332505,300257328.3356371,303395237.0922201,302947966.9108559,2166150.1660094215,2188873.3162375195,2186034.8077224614,68969.01961402982
50.01985091666666,51.29390588679053,0.025470986953688764,-32419.532707455543,-27010.719494999987,-5408.813212455555,-6761.016515569443,-648.1333333333331,-539.9999999999998,-108.13333333333333,-135.16666666666666,0.47327231121281427,8107.133333333333,7594.166666666667,0.0,52.35243045899558,51.8200325163863,51.8200325163863,385841.971920554,359133.65075480705,352129.30969300884,2779.5508993532244,2585.782359301879,2535.169443248598,23789870.672635317,18649127.02332505,300257328.3356371,303395237.0922201,302947966.9108559,2166150.1660094215,2188873.3162375195,2186034.8077224614,68969.01961402982
47.71214683333333,47.927172136814136,0.004506720358484935,-24504.958613599996,-25764.559289999997,1259.6006763999999,1574.5008454999997,-513.6,-540.0,26.400000000000002,33.0,0.584794050343249,8264.85,7718.25,0.0,52.36610811073134,51.8200325163863,51.8200325163863,394100.2185488049,365563.653122882,367273.7141959227,2839.9129349908253,2632.2451410548597,2644.601931903873,23789870.672635317,18649127.02332505,300257328.3356371,303395237.0922201,302947966.9108559,2166150.1660094215,2188873.3162375195,2186034.8077224614,68969.01961402982
54.876730083333335,55.64496753117709,0.013999329892235521,53943.82567191667,28371.269453083336,25572.556218833335,31965.695273541667,983.0,517.0,466.0,582.5,0.4664874141876426,7671.083333333333,8071.583333333333,0.0,51.8200325163863,52.35243045899558,52.36610811073134,363119.47492252575,383980.8430177367,414482.8533624385,2614.5836672656137,2765.972569707279,2989.0464799183924,23789870.672635317,18649127.02332505,300257328.3356371,303395237.0922201,302947966.9108559,2166150.1660094215,2188873.3162375195,2186034.8077224614,68969.01961402982
75.80868208333334,75.76451839227192,-0.0005825677197878212,100411.12637544445,40936.688325,59474.43805044445,74343.04756305556,1324.5333333333333,540.0,784.5333333333333,980.6666666666666,0.3429176201372994,6958.883333333333,7302.75,0.0,51.55384335228537,51.8200325163863,52.36610811073134,326273.90824498783,344032.42961232347,395072.4826227274,2349.130659432577,2476.661910819558,2847.026695761969,23789870.672635317,18649127.02332505,300257328.3356371,303395237.0922201,302947966.9108559,2166150.1660094215,2188873.3162375195,2186034.8077224614,68969.01961402982
67.93344633333334,70.05472357528072,0.03122581521241806,58395.590468133334,36684.06102,21711.529448133337,27139.411810166668,859.6,540.0,319.6,399.5,0.21934782608695613,6516.483333333333,6976.583333333333,0.0,51.55384335228537,51.55384335228537,51.8200325163863,303466.4879459368,327186.4112723233,347832.5653301918,2185.7588364148505,2355.667009494543,2504.121446039587,23789870.672635317,18649127.02332505,300257328.3356371,303395237.0922201,302947966.9108559,2166150.1660094215,2188873.3162375195,2186034.8077224614,68969.01961402982
42.040582916666665,42.38166134795137,0.008113075690715262,-36558.49090433333,-22701.914774999997,-13856.576129333334,-17320.720161666664,-869.6,-540.0,-329.6,-412.0,0.3308695652173909,6407.1,5963.5,14.0,51.55384335228537,51.55384335228537,51.51118310371481,297827.3567139193,274958.0718028455,253727.923150198,2145.365177792739,1981.5502123979297,1827.9653077518094,23789870.672635317,18649127.02332505,300257328.3356371,303395237.0922201,302947966.9108559,2166150.1660094215,2188873.3162375195,2186034.8077224614,68969.01961402982
47.13158825,46.96746372209517,-0.0034822617696281893,-58575.1378771,-25451.057655,-33124.080222100005,-41405.100277625,-1242.8000000000002,-540.0,-702.8000000000001,-878.5,0.4423913043478257,5476.833333333333,5476.833333333333,364.3000000000002,51.51118310371481,51.51118310371481,51.4070122316498,249881.75481178728,249881.75481178728,204671.72862308798,1799.9314770644694,1799.9314770644694,1473.0607509061724,23789870.672635317,18649127.02332505,300257328.3356371,303395237.0922201,302947966.9108559,2166150.1660094215,2188873.3162375195,2186034.8077224614,68969.01961402982
42.26840583333333,42.18051585786613,-0.0020793302641635225,-59756.25427344445,-22824.93915,-36931.31512344445,-46164.14390430556,-1413.7333333333336,-540.0,-873.7333333333335,-1092.1666666666667,0.5539130434782604,5925.25,5925.25,321.56666666666683,51.55384335228537,51.55384335228537,51.4070122316498,272986.1372946206,272986.1372946206,216739.52474446778,1967.425049128427,1967.425049128427,1559.5036570060952,23789870.672635317,18649127.02332505,300257328.3356371,303395237.0922201,302947966.9108559,2166150.1660094215,2188873.3162375195,2186034.8077224614,68969.01961402982
43.44331141666666,43.8040337352565,0.008303287820998304,-65199.72177413331,-23459.388164999975,-41740.33360913333,-52175.417011416655,-1500.7999999999997,-539.9999999999995,-960.8000000000001,-1201.0,0.6654347826086952,5807.166666666667,5807.166666666667,299.7999999999997,51.55384335228537,51.55384335228537,51.4070122316498,266898.48762543825,266898.48762543825,205074.41688556928,1923.8186082724674,1923.8186082724674,1475.9452497252685,23789870.672635317,18649127.02332505,300257328.3356371,303395237.0922201,302947966.9108559,2166150.1660094215,2188873.3162375195,2186034.8077224614,68969.01961402982
35.14805416666667,34.34237563799235,-0.02292242195980235,-44045.19827805554,-18979.949249999983,-25065.249028055558,-31331.561285069445,-1253.1333333333328,-539.9999999999995,-713.1333333333333,-891.4166666666666,0.7769565217391299,5253.416666666667,5253.416666666667,361.71666666666613,51.51118310371481,51.51118310371481,50.67189760672262,238373.29798669904,238373.29798669904,192545.7222701195,1716.0489993046947,1716.0489993046947,1385.9393755402205,23789870.672635317,18649127.02332505,300257328.3356371,303395237.0922201,302947966.9108559,2166150.1660094215,2188873.3162375195,2186034.8077224614,68969.01961402982
49.87507766666666,50.77559568175541,0.018055470932942526,-60930.719882777776,-26932.54194,-33998.17794277778,-42497.72242847222,-1221.6666666666667,-540.0,-681.6666666666667,-852.0833333333334,0.8884782608695647,5933.25,5773.666666666667,210.0,51.55384335228537,51.51118310371481,51.4070122316498,273398.5680414389,265171.99099640665,221289.04532696883,1970.3793316423098,1911.3784691496312,1592.0923564303475,23789870.672635317,18649127.02332505,300257328.3356371,303395237.0922201,302947966.9108559,2166150.1660094215,2188873.3162375195,2186034.8077224614,68969.01961402982
50.07680033333333,50.55932038648682,0.009635600716132477,-44281.24530808888,-27041.472179999997,-17239.773128088887,-21549.71641011111,-884.2666666666667,-540.0,-344.26666666666665,-430.3333333333333,0.9999999999999996,7047.433333333333,6661.5,68.0,51.55384335228537,51.55384335228537,51.55384335228537,330839.00107383274,310942.65446274076,288757.31720680726,2381.830874008119,2239.311361734216,2080.395581508263,23789870.672635317,18649127.02332505,300257328.3356371,303395237.0922201,302947966.9108559,2166150.1660094215,2188873.3162375195,2186034.8077224614,68969.01961402982
58.65893716666667,59.28660993070314,0.010700377373921426,-32571.35251074445,0.0,-32571.35251074445,-40714.19063843056,-555.2666666666668,0.0,-555.2666666666668,-694.0833333333334,0.9999999999999996,7868.35,8007.166666666667,0.0,52.08055672528837,52.35243045899558,51.8200325163863,373341.9572394856,380608.47395566973,344567.90328165947,2688.4449373473763,2741.36861092548,2480.5312089641993,23789870.672635317,18649127.02332505,300257328.3356371,303395237.0922201,302947966.9108559,2166150.1660094215,2188873.3162375195,2186034.8077224614,68969.01961402982
69.75707799999999,68.13586421038828,-0.02324085004838808,71873.04269933332,37668.82212,34204.22057933333,42755.27572416666,1030.3333333333333,540.0,490.3333333333333,612.9166666666666,0.8764302059496563,8588.75,9006.166666666666,0.0,52.36610811073134,52.43758874329534,52.51888018461165,411061.6009658708,432929.3754827352,465073.47515111335,2964.014215804491,3123.471222972895,3356.309304547084,23789870.672635317,18649127.02332505,300257328.3356371,303395237.0922201,302947966.9108559,2166150.1660094215,2188873.3162375195,2186034.8077224614,68969.01961402982
77.12559391666666,80.58685444053694,0.04487823494247747,159377.4689756611,41647.820714999994,117729.6482606611,147162.06032582637,2066.4666666666667,540.0,1526.4666666666667,1908.0833333333333,0.752860411899313,9574.866666666667,9733.25,0.0,52.51888018461165,52.51888018461165,54.25992897817577,462751.26533228386,471069.38063885656,572436.0890871193,3339.3832558823783,3400.01206872094,4134.472523026524,23789870.672635317,18649127.02332505,300257328.3356371,303395237.0922201,302947966.9108559,2166150.1660094215,2188873.3162375195,2186034.8077224614,68969.01961402982
72.49445041666665,73.8346881140637,0.01848745234557879,122288.47192619441,39147.00322499999,83141.46870119442,103926.83587649303,1686.8666666666666,540.0,1146.8666666666666,1433.5833333333333,0.6292906178489697,9186.466666666667,9439.75,0.0,52.43758874329534,52.43758874329534,52.91215786660042,442383.8727331514,455665.44000201573,531208.6221128711,3191.9207520311566,3288.0778506721613,3836.9998995718247,23789870.672635317,18649127.02332505,300257328.3356371,303395237.0922201,302947966.9108559,2166150.1660094215,2188873.3162375195,2186034.8077224614,68969.01961402982
75.90757416666666,75.57181554164033,-0.004423255896560726,114104.26548733334,40990.09005,73114.17543733334,91392.71929666666,1503.2,540.0,963.2,1204.0,0.5057208237986264,8866.3,9165.5,0.0,52.36610811073134,52.43758874329534,52.91215786660042,425595.8142720042,441284.43128916697,504549.71324108227,3070.356637816942,3183.9609158733365,3643.433778671247,23789870.672635317,18649127.02332505,300257328.3356371,303395237.0922201,302947966.9108559,2166150.1660094215,2188873.3162375195,2186034.8077224614,68969.01961402982
67.9674855,68.09849656385282,0.0019275549608617107,53001.0451929,36702.442169999995,16298.603022899999,20373.253778625,779.8,540.0,239.8,299.75,0.38215102974828313,8610.033333333335,9090.083333333334,0.0,52.36610811073134,52.43758874329534,52.43758874329534,412176.1263001609,437329.76313811017,453047.93036391295,2972.168858986495,3155.3295497253766,3269.127366337766,23789870.672635317,18649127.02332505,300257328.3356371,303395237.0922201,302947966.9108559,2166150.1660094215,2188873.3162375195,2186034.8077224614,68969.01961402982
59.10198825,57.37883858384293,-0.029155527879505233,-10894.46650075,0.0,-10894.46650075,-13618.083125937499,-184.33333333333334,0.0,-184.33333333333334,-230.41666666666666,0.38215102974828313,8267.166666666666,8313.25,0.0,52.36610811073134,52.36610811073134,52.35243045899558,394221.53336592804,396634.73818136426,384569.8078604004,2840.8005586418026,2858.45724493643,2770.269509468654,23789870.672635317,18649127.02332505,300257328.3356371,303395237.0922201,302947966.9108559,2166150.1660094215,2188873.3162375195,2186034.8077224614,68969.01961402982
59.57326308333333,60.31505652428142,0.012451784618721345,-8026.50431276111,0.0,-8026.50431276111,-10033.130390951388,-134.73333333333332,0.0,-134.73333333333332,-168.41666666666666,0.38215102974828313,7688.983333333334,7722.666666666667,0.0,51.8200325163863,51.8200325163863,51.8200325163863,364047.0535045691,365792.5249331627,357065.1677901946,2621.2862901806843,2633.8989539715208,2570.83563501734,23789870.672635317,18649127.02332505,300257328.3356371,303395237.0922201,302947966.9108559,2166150.1660094215,2188873.3162375195,2186034.8077224614,68969.01961402982
51.066068,51.0017784560927,-0.0012589483863786567,-36723.311701066654,-27575.67671999999,-9147.634981066667,-11434.543726333333,-719.1333333333331,-539.9999999999998,-179.13333333333333,-223.91666666666666,0.49367276887871786,7654.633333333333,7159.416666666667,0.0,51.8200325163863,51.55384335228537,51.55384335228537,362267.0353876312,336612.1722985662,325068.40754126693,2608.423994251484,2423.1846744472427,2340.4955378347067,23789870.672635317,18649127.02332505,300257328.3356371,303395237.0922201,302947966.9108559,2166150.1660094215,2188873.3162375195,2186034.8077224614,68969.01961402982
49.30353458333334,48.67423340625629,-0.01276381465132882,-40728.00646813889,-26623.908675000002,-14104.09779313889,-17630.12224142361,-826.0666666666666,-540.0,-286.06666666666666,-357.5833333333333,0.6051945080091526,7563.733333333334,7095.25,0.0,51.8200325163863,51.55384335228537,51.55384335228537,357556.5944318917,333304.1340167945,314869.3388647398,2574.3866521855666,2399.4888667838068,2267.4385931684765,23789870.672635317,18649127.02332505,300257328.3356371,303395237.0922201,302947966.9108559,2166150.1660094215,2188873.3162375195,2186034.8077224614,68969.01961402982
54.78566466666666,55.935925276757665,0.020995649447525105,-32889.66068822222,0.0,-32889.66068822222,-41112.07586027777,-600.3333333333334,0.0,-600.3333333333334,-750.4166666666666,0.6051945080091526,7697.333333333334,7847.416666666667,0.0,51.8200325163863,51.8200325163863,51.55384335228537,364479.75077608094,372257.0739895819,333394.353242661,2624.4129327136925,2680.6113678628653,2400.1351160837185,23789870.672635317,18649127.02332505,300257328.3356371,303395237.0922201,302947966.9108559,2166150.1660094215,2188873.3162375195,2186034.8077224614,68969.01961402982
57.18333500000001,58.052888167463166,0.015206408780865207,-23582.407354000006,0.0,-23582.407354000006,-29478.009192500005,-412.40000000000003,0.0,-412.40000000000003,-515.5,0.6051945080091526,7768.816666666667,7871.916666666667,0.0,51.8200325163863,52.28694900605012,51.8200325163863,368184.0194337939,373527.93760763895,346813.43802403624,2651.1797387497613,2689.743373970299,2496.7572979578526,23789870.672635317,18649127.02332505,300257328.3356371,303395237.0922201,302947966.9108559,2166150.1660094215,2188873.3162375195,2186034.8077224614,68969.01961402982
63.04638516666666,62.313601182120806,-0.011622934171542148,5306.40408486111,851.12619975,4455.277885111111,5569.097356388888,84.16666666666667,13.5,70.66666666666667,88.33333333333333,0.602105263157894,8086.666666666667,8082.5,0.0,52.35243045899558,52.35243045899558,52.36610811073134,384770.4921771599,384552.35705024743,389176.9316179276,2771.7336519058636,2770.142192734984,2803.8907406371204,23789870.672635317,18649127.02332505,300257328.3356371,303395237.0922201,302947966.9108559,2166150.1660094215,2188873.3162375195,2186034.8077224614,68969.01961402982
89.50976491666667,90.20342642158383,0.0077495623585087025,147911.9028659611,48335.273055,99576.62981096111,124470.78726370138,1652.4666666666667,540.0,1112.4666666666667,1390.5833333333333,0.4785354691075508,8520.2,8782.083333333334,0.0,52.36610811073134,52.36610811073134,52.51888018461165,407471.90425488015,421185.7152006122,494147.0519066447,2937.7494958298794,3038.0892830803236,3568.219861048488,23789870.672635317,18649127.02332505,300257328.3356371,303395237.0922201,302947966.9108559,2166150.1660094215,2188873.3162375195,2186034.8077224614,68969.01961402982
87.51644083333333,90.57295377695274,0.03492501425463875,138392.66510444446,47258.87805,91133.78705444446,113917.23381805557,1581.3333333333335,540.0,1041.3333333333335,1301.6666666666667,0.35496567505720755,8765.666666666668,9045.333333333334,0.0,52.36610811073134,52.43758874329534,52.91215786660042,420326.0382591277,434983.1810418477,503359.1896890838,3031.79928814354,3138.3405512486315,3634.7895754553765,23789870.672635317,18649127.02332505,300257328.3356371,303395237.0922201,302947966.9108559,2166150.1660094215,2188873.3162375195,2186034.8077224614,68969.01961402982
86.98767958333333,87.49505907313194,0.005832774160995336,81710.42702194444,46973.346975,34737.080046944444,43421.35005868055,939.3333333333334,540.0,399.33333333333337,499.1666666666667,0.2313958810068643,8241.333333333334,8681.5,0.0,52.36610811073134,52.36610811073134,52.43758874329534,392868.7422397342,415918.5574931411,442079.7347184403,2830.902597066153,2999.5510907519056,3189.7188259716004,23789870.672635317,18649127.02332505,300257328.3356371,303395237.0922201,302947966.9108559,2166150.1660094215,2188873.3162375195,2186034.8077224614,68969.01961402982
62.807038750000004,62.81903026874457,0.00019092635130106745,-8650.622803833336,33915.800925,-42566.42372883334,-53208.02966104167,-137.73333333333335,540.0,-677.7333333333333,-847.1666666666666,0.10782608695652106,7222.816666666667,7932.25,0.0,51.8200325163863,52.35243045899558,51.55384335228537,339890.281679847,376686.4043737833,332780.00327604625,2446.7310174297268,2712.7541750330633,2395.7344660890803,23789870.672635317,18649127.02332505,300257328.3356371,303395237.0922201,302947966.9108559,2166150.1660094215,2188873.3162375195,2186034.8077224614,68969.01961402982
32.28232958333333,32.33767000761874,0.001714263654441586,-48145.86634058333,-17432.457974999998,-30713.40836558333,-38391.76045697916,-1491.4,-540.0,-951.4000000000001,-1189.25,0.21934782608695585,6215.916666666667,6215.916666666667,302.1500000000001,51.55384335228537,51.55384335228537,51.51118310371481,287971.12109568494,287971.12109568494,226693.13721793168,2074.763980466174,2074.763980466174,1630.9150112463778,23789870.672635317,18649127.02332505,300257328.3356371,303395237.0922201,302947966.9108559,2166150.1660094215,2188873.3162375195,2186034.8077224614,68969.01961402982
8.169383416666667,7.959762610620779,-0.02565931788906282,-16380.703001538892,-4411.467045,-11969.23595653889,-14961.544945673613,-2005.1333333333334,-540.0,-1465.1333333333334,-1831.4166666666667,0.33086956521739064,6067.833333333333,6067.833333333333,173.7166666666667,51.55384335228537,51.55384335228537,50.67189760672262,280336.85612593393,280336.85612593393,186182.1764623419,2020.078980183153,2020.078980183153,1339.9568200977715,23789870.672635317,18649127.02332505,300257328.3356371,303395237.0922201,302947966.9108559,2166150.1660094215,2188873.3162375195,2186034.8077224614,68969.01961402982
-0.9248487500000001,-0.9257234981868299,0.0009458283712117466,2442.5255487500003,499.41832500000004,1943.1072237500002,2428.8840296875,-2641.0,-540.0,-2101.0,-2626.25,0.4423913043478254,7117.25,7117.25,14.75,51.55384335228537,51.55384335228537,51.4070122316498,334438.31857054477,334438.31857054477,199154.0426435576,2407.6131436969845,2407.6131436969845,1433.536979853031,23789870.672635317,18649127.02332505,300257328.3356371,303395237.0922201,302947966.9108559,2166150.1660094215,2188873.3162375195,2186034.8077224614,68969.01961402982
-10.132443,-9.909909962100501,-0.021962426820412304,21769.891533600003,5471.51922,16298.372313600003,20372.965392000002,-2148.5333333333338,-540.0,-1608.5333333333335,-2010.6666666666667,0.5539130434782602,6886.75,6886.75,137.8666666666668,51.55384335228537,51.55384335228537,51.4070122316498,322555.157677843,322555.157677843,218950.02627042873,2322.4928787657327,2322.4928787657327,1575.337714353472,23789870.672635317,18649127.02332505,300257328.3356371,303395237.0922201,302947966.9108559,2166150.1660094215,2188873.3162375195,2186034.8077224614,68969.01961402982
-8.16297825,-8.09994528898247,-0.007721809257243698,13748.087968650001,4408.008255,9340.07971365,11675.0996420625,-1684.2,-540.0,-1144.2,-1430.25,0.665434782608695,6521.083333333333,6521.083333333333,253.94999999999982,51.55384335228537,51.55384335228537,51.51118310371481,303703.63562535733,303703.63562535733,229998.43813375337,2187.457548860333,2187.457548860333,1655.0065844933104,23789870.672635317,18649127.02332505,300257328.3356371,303395237.0922201,302947966.9108559,2166150.1660094215,2188873.3162375195,2186034.8077224614,68969.01961402982
-2.2474081666666668,-2.206427322458634,-0.018234713576223638,2184.480738,1213.60041,970.8803280000001,1213.60041,-972.0,-540.0,-432.0,-540.0,0.7769565217391299,5874.416666666667,5874.416666666667,432.0,51.55384335228537,51.55384335228537,51.51118310371481,270365.4835908795,270365.4835908795,242545.70381809992,1948.653045654796,1948.653045654796,1746.4606995592644,23789870.672635317,18649127.02332505,300257328.3356371,303395237.0922201,302947966.9108559,2166150.1660094215,2188873.3162375195,2186034.8077224614,68969.01961402982
1.1019609166666668,1.030620105920882,-0.06473987386193739,-578.8968015555557,-595.0588950000001,16.162093444444448,20.202616805555557,-525.3333333333334,-540.0,14.666666666666666,18.333333333333332,0.8884782608695647,6052.75,6052.75,543.6666666666667,51.55384335228537,51.55384335228537,51.55384335228537,279559.252322037,279559.252322037,280504.4061168289,2014.5089266934363,2014.5089266934363,2021.2791574544178,23789870.672635317,18649127.02332505,300257328.3356371,303395237.0922201,302947966.9108559,2166150.1660094215,2188873.3162375195,2186034.8077224614,68969.01961402982
34.47817808333333,35.084244471965285,0.017578260288785886,-17547.09409921111,-18618.216164999998,1071.122065788889,1338.9025822361111,-508.93333333333334,-540.0,31.06666666666667,38.833333333333336,0.9999999999999996,7730.266666666666,7183.5,1.0,51.8200325163863,51.55384335228537,51.8200325163863,366186.3571802872,337853.7606926337,339865.2353307974,2636.744760348869,2432.0782957650777,2446.550034129413,23789870.672635317,18649127.02332505,300257328.3356371,303395237.0922201,302947966.9108559,2166150.1660094215,2188873.3162375195,2186034.8077224614,68969.01961402982
73.24473791666667,72.69489978828085,-0.00750686184461987,95506.25526080556,39552.158475,55954.09678580556,69942.62098225694,1303.9333333333334,540.0,763.9333333333334,954.9166666666666,0.8764302059496563,8498.066666666668,8847.083333333334,0.0,52.36610811073134,52.36610811073134,52.51888018461165,406312.867728696,424589.51222780976,474680.05365154863,2929.2691777831287,3062.9938315609916,3426.329426708846,23789870.672635317,18649127.02332505,300257328.3356371,303395237.0922201,302947966.9108559,2166150.1660094215,2188873.3162375195,2186034.8077224614,68969.01961402982
84.53924408333333,84.70523355085777,0.001963460512620843,161013.44428111665,45651.191804999995,115362.25247611667,144202.81559514583,1904.6000000000001,540.0,1364.6000000000001,1705.75,0.752860411899313,9193.316666666666,9392.166666666666,0.0,52.43758874329534,52.43758874329534,52.91215786660042,442743.0702160429,453170.2847376472,543091.8109004118,3194.521302635976,3270.0131986605757,3923.2818538932024,23789870.672635317,18649127.02332505,300257328.3356371,303395237.0922201,302947966.9108559,2166150.1660094215,2188873.3162375195,2186034.8077224614,68969.01961402982
78.13232333333333,78.09395150092564,-0.0004911134185015069,143320.7251011111,42191.4546,101129.27050111112,126411.58812638889,1834.3333333333335,540.0,1294.3333333333335,1617.9166666666667,0.6292906178489697,9202.833333333334,9419.25,0.0,52.43758874329534,52.43758874329534,52.91215786660042,443242.1012689167,454590.4694327782,539877.3973100157,3198.134233038294,3280.2951809789038,3899.942505210351,23789870.672635317,18649127.02332505,300257328.3356371,303395237.0922201,302947966.9108559,2166150.1660094215,2188873.3162375195,2186034.8077224614,68969.01961402982
85.89864808333333,84.99083963005792,-0.010568367180758294,128584.5496042111,46385.269965,82199.2796392111,102749.09954901389,1496.9333333333334,540.0,956.9333333333334,1196.1666666666667,0.5057208237986264,9431.233333333334,9732.0,0.0,52.43758874329534,52.51888018461165,52.91215786660042,455218.8465378854,471003.7320386258,534109.9721025564,3284.8445626939056,3399.533571302978,3858.066142964576,23789870.672635317,18649127.02332505,300257328.3356371,303395237.0922201,302947966.9108559,2166150.1660094215,2188873.3162375195,2186034.8077224614,68969.01961402982
74.89044433333332,76.78211623951154,0.02525918924660787,54834.783340866656,40440.83993999999,14393.943400866665,17992.42925108333,732.2,540.0,192.20000000000002,240.25,0.38215102974828313,8938.466666666665,9430.416666666666,0.0,52.43758874329534,52.43758874329534,52.51888018461165,429379.3507248141,455176.02250707825,467782.5740539696,3097.769430863941,3284.534521380922,3376.05529799498,23789870.672635317,18649127.02332505,300257328.3356371,303395237.0922201,302947966.9108559,2166150.1660094215,2188873.3162375195,2186034.8077224614,68969.01961402982
61.03287325,60.83309725985833,-0.0032732522574082145,-38890.14683489999,-32957.75155499999,-5932.3952799,-7415.494099875,-637.1999999999998,-539.9999999999998,-97.2,-121.5,0.49367276887871786,9098.616666666665,8582.916666666666,0.0,52.43758874329534,52.36610811073134,52.36610811073134,437777.2305620528,410756.13200189144,404393.6498664376,3158.569165077366,2961.7791922228926,2915.226843909029,23789870.672635317,18649127.02332505,300257328.3356371,303395237.0922201,302947966.9108559,2166150.1660094215,2188873.3162375195,2186034.8077224614,68969.01961402982
54.92976916666667,53.750609568995834,-0.02146667673212039,-41171.69298272222,-29662.07535,-11509.617632722224,-14387.022040902779,-749.5333333333333,-540.0,-209.53333333333336,-261.9166666666667,0.6051945080091526,8376.616666666667,7889.0,0.0,52.36610811073134,52.35243045899558,51.8200325163863,399953.0038986476,374422.16175643174,360839.3934918048,2882.7359868142503,2696.2348288393327,2598.107946133596,23789870.672635317,18649127.02332505,300257328.3356371,303395237.0922201,302947966.9108559,2166150.1660094215,2188873.3162375195,2186034.8077224614,68969.01961402982
58.630163166666655,58.75468195230457,0.0021238007693062766,-58419.09457926663,-31660.28810999997,-26758.806469266663,-33448.50808658333,-996.3999999999996,-539.9999999999995,-456.40000000000003,-570.5,0.7167162471395874,8407.483333333334,7981.583333333333,0.0,52.36610811073134,52.35243045899558,51.8200325163863,401569.3711023322,379269.1242764271,349646.2664682653,2894.562454451737,2731.5970516162783,2517.227133303692,23789870.672635317,18649127.02332505,300257328.3356371,303395237.0922201,302947966.9108559,2166150.1660094215,2188873.3162375195,2186034.8077224614,68969.01961402982
60.12001325000001,60.356621794720866,0.003935603668897265,-63021.80588953334,-32464.807155000002,-30556.99873453334,-38196.24841816667,-1048.2666666666667,-540.0,-508.2666666666667,-635.3333333333334,0.8282379862700222,8174.683333333333,7761.75,0.0,52.36610811073134,51.8200325163863,51.55384335228537,389378.54113415396,367817.8245373448,334910.8954679408,2805.3658562009755,2648.533638083104,2410.9982590774757,23789870.672635317,18649127.02332505,300257328.3356371,303395237.0922201,302947966.9108559,2166150.1660094215,2188873.3162375195,2186034.8077224614,68969.01961402982
63.89639416666666,66.13972834810222,0.03510893236923641,-64071.04431072221,-34504.05284999999,-29566.99146072222,-36958.739325902774,-1002.7333333333333,-540.0,-462.73333333333335,-578.4166666666666,0.939759725400457,8255.483333333334,7831.166666666667,0.0,52.36610811073134,51.8200325163863,51.8200325163863,393609.72266950103,371414.9984611906,341441.42798650416,2836.324125696944,2674.5265844902456,2457.939500442266,23789870.672635317,18649127.02332505,300257328.3356371,303395237.0922201,302947966.9108559,2166150.1660094215,2188873.3162375195,2186034.8077224614,68969.01961402982
70.61243766666668,69.19782393024921,-0.020033492443573366,-19170.56053061709,-20596.93177148376,1426.3712408666672,1782.9640510833337,-271.4898559530505,-291.6898559530505,20.200000000000003,25.25,1.0,7844.656522619717,7547.916666666667,0.0,51.8200325163863,51.8200325163863,51.8200325163863,372114.043235319,356736.9742509242,358045.43007196294,2679.577836871917,2568.464129702883,2577.918946943416,23789870.672635317,18649127.02332505,300257328.3356371,303395237.0922201,302947966.9108559,2166150.1660094215,2188873.3162375195,2186034.8077224614,68969.01961402982
86.45862683333333,86.50191160582354,0.0005006414521671098,72988.3727727,46687.658489999994,26300.714282699995,32875.892853375,844.2,540.0,304.2,380.25,0.8764302059496567,7969.133333333334,8433.083333333334,0.0,52.35243045899558,52.36610811073134,52.36610811073134,378617.3365172126,402909.94346996694,422822.15607907256,2726.8417716136905,2904.371015084123,3050.0626236960293,23789870.672635317,18649127.02332505,300257328.3356371,303395237.0922201,302947966.9108559,2166150.1660094215,2188873.3162375195,2186034.8077224614,68969.01961402982
88.91122275,85.51624619038803,-0.038183892365960766,165131.85030614998,48012.060285,117119.79002115,146399.73752643747,1857.2666666666667,540.0,1317.2666666666667,1646.5833333333333,0.7528604118993134,8979.400000000001,9190.083333333334,0.0,52.43758874329534,52.43758874329534,52.91215786660042,431525.7960240398,442573.5220124397,529268.5096577625,3113.3094607555204,3193.2937921315115,3822.9130498867016,23789870.672635317,18649127.02332505,300257328.3356371,303395237.0922201,302947966.9108559,2166150.1660094215,2188873.3162375195,2186034.8077224614,68969.01961402982
142.05917608333334,145.43720457004997,0.023779023501692368,337684.1321618223,76711.95508500001,260972.17707682226,326215.2213460278,2377.0666666666666,540.0,1837.0666666666668,2296.3333333333335,0.6292906178489701,10126.433333333336,10207.16666666667,0.0,52.51888018461165,52.82986516401691,55.79006567320489,491718.9290127763,495961.583235518,619684.2699589353,3550.52183654947,3581.3063288388444,4477.204269269504,23789870.672635317,18649127.02332505,300257328.3356371,303395237.0922201,302947966.9108559,2166150.1660094215,2188873.3162375195,2186034.8077224614,68969.01961402982
158.64139550000002,164.34342668558364,0.03594289603676385,254450.2222889667,85666.35357,168783.8687189667,210979.83589870838,1603.9333333333334,540.0,1063.9333333333334,1329.9166666666667,0.5057208237986268,10512.816666666664,10786.83333333333,0.0,52.91215786660042,52.91215786660042,54.88259833134684,512132.9073326638,526631.72045741,598443.5567704781,3698.4941515995974,3803.7677405419195,4323.017683471804,23789870.672635317,18649127.02332505,300257328.3356371,303395237.0922201,302947966.9108559,2166150.1660094215,2188873.3162375195,2186034.8077224614,68969.01961402982
214.13615041666665,209.90004017256666,-0.01978232183523117,180616.70500477776,115633.52122499999,64983.18377977777,81228.97972472222,843.4666666666667,540.0,303.46666666666664,379.3333333333333,0.3821510297482836,10023.283333333336,10487.41666666667,0.0,52.51888018461165,52.91215786660042,52.91215786660042,486301.6065217336,510788.93852285243,530860.2837402496,3511.0362296192525,3688.7358066359056,3834.470669741997,23789870.672635317,18649127.02332505,300257328.3356371,303395237.0922201,302947966.9108559,2166150.1660094215,2188873.3162375195,2186034.8077224614,68969.01961402982
94.60232,94.41411251804735,-0.0019894594757576918,29793.42397866667,51085.2528,-21291.828821333333,-26614.786026666665,314.93333333333334,540.0,-225.06666666666666,-281.3333333333333,0.25858123569794034,9078.15,9674.416666666666,0.0,52.43758874329534,52.51888018461165,52.43758874329534,436704.0079124401,467979.5198546619,453218.35252732853,3150.799150131578,3377.4907902488653,3270.361204215965,23789870.672635317,18649127.02332505,300257328.3356371,303395237.0922201,302947966.9108559,2166150.1660094215,2188873.3162375195,2186034.8077224614,68969.01961402982
45.760116833333335,45.033404370103696,-0.01588091363220198,-83219.3484731,-24710.46309,-58508.88538310001,-73136.106728875,-1818.6000000000001,-540.0,-1278.6000000000001,-1598.25,0.3701029748283751,9505.85,9362.5,77.0,52.43758874329534,52.43758874329534,51.8200325163863,459131.56461794756,451614.6362715962,367947.37461863575,3313.172214902617,3258.7504734134222,2649.469758601969,23789870.672635317,18649127.02332505,300257328.3356371,303395237.0922201,302947966.9108559,2166150.1660094215,2188873.3162375195,2186034.8077224614,68969.01961402982
26.227739833333334,26.510776201573442,0.010791489088983405,-63348.73427744444,-14162.979509999994,-49185.75476744444,-61482.193459305556,-2415.333333333333,-539.9999999999998,-1875.3333333333333,-2344.1666666666665,0.48162471395880985,8994.916666666666,8994.916666666666,71.16666666666652,52.43758874329534,52.43758874329534,51.55384335228537,432339.45260937314,432339.45260937314,310388.45064670366,3119.200245702205,3119.200245702205,2235.341544606186,23789870.672635317,18649127.02332505,300257328.3356371,303395237.0922201,302947966.9108559,2166150.1660094215,2188873.3162375195,2186034.8077224614,68969.01961402982
-0.010260416666666666,-0.010552507354428937,0.02846772185297262,21.478472222222223,5.5406249999999995,15.937847222222222,19.92230902777778,-2093.3333333333335,-540.0,-1553.3333333333335,-1941.6666666666667,0.5931464530892446,8745.916666666666,8745.916666666666,151.66666666666674,52.36610811073134,52.36610811073134,51.55384335228537,419291.8076239407,419291.8076239407,318301.9656012794,3024.2321368744133,3024.2321368744133,2292.0268403413143,23789870.672635317,18649127.02332505,300257328.3356371,303395237.0922201,302947966.9108559,2166150.1660094215,2188873.3162375195,2186034.8077224614,68969.01961402982
22.439598,22.65884192458278,0.00977040339950734,-38941.67836919999,-12117.38291999999,-26824.295449200003,-33530.3693115,-1735.3999999999996,-539.9999999999995,-1195.4,-1494.25,0.7046681922196794,8847.566666666666,8677.416666666666,71.0,52.36610811073134,52.36610811073134,51.55384335228537,424614.8225133965,415704.72921835555,337836.5760781829,3063.1790192291805,2997.9865742447864,2431.9552006603326,23789870.672635317,18649127.02332505,300257328.3356371,303395237.0922201,302947966.9108559,2166150.1660094215,2188873.3162375195,2186034.8077224614,68969.01961402982
49.06580683333333,49.4988255483919,0.008825264333865766,-44855.96060703334,-26495.53569,-18360.424917033335,-22950.531146291665,-914.2,-540.0,-374.20000000000005,-467.75,0.8161899313501142,8629.116666666667,8353.666666666666,171.0,52.36610811073134,52.36610811073134,52.35243045899558,413175.4461966073,398751.2017175063,374260.7417625165,2979.480578989152,2873.942765466076,2695.0571490528814,23789870.672635317,18649127.02332505,300257328.3356371,303395237.0922201,302947966.9108559,2166150.1660094215,2188873.3162375195,2186034.8077224614,68969.01961402982
65.44434916666667,64.51047845597896,-0.014269692075467483,-43249.98888594442,-35339.94854999997,-7910.040335944445,-9887.550419930556,-660.8666666666662,-539.9999999999995,-120.86666666666667,-151.08333333333334,0.9277116704805489,8733.616666666667,8558.833333333334,335.0,52.36610811073134,52.36610811073134,52.36610811073134,418647.7044941787,409494.9815648914,401583.33539782837,3019.5194300080716,2952.5517377217225,2894.664626958324,23789870.672635317,18649127.02332505,300257328.3356371,303395237.0922201,302947966.9108559,2166150.1660094215,2188873.3162375195,2186034.8077224614,68969.01961402982
79.95110908333335,79.3544635482568,-0.007462629873647618,-12717.556418188893,0.0,-12717.556418188893,-15896.945522736116,-159.0666666666667,0.0,-159.0666666666667,-198.83333333333334,0.9277116704805489,9587.816666666668,9627.583333333334,0.0,52.51888018461165,52.51888018461165,52.43758874329534,463431.3848306746,465519.88563268265,455088.6265258395,3344.3404891324644,3359.563086989226,3283.9017840074866,23789870.672635317,18649127.02332505,300257328.3356371,303395237.0922201,302947966.9108559,2166150.1660094215,2188873.3162375195,2186034.8077224614,68969.01961402982
90.15579516666666,89.12792126193692,-0.011401085230622852,114996.72192825556,48684.12939,66312.59253825556,82890.74067281943,1275.5333333333333,540.0,735.5333333333333,919.4166666666666,0.8041418764302056,9829.383333333333,10185.5,0.0,52.51888018461165,52.51888018461165,52.91215786660042,476118.19565393723,494821.04420234717,543462.1960054779,3436.8117101449984,3573.132434539563,3925.9711615603624,23789870.672635317,18649127.02332505,300257328.3356371,303395237.0922201,302947966.9108559,2166150.1660094215,2188873.3162375195,2186034.8077224614,68969.01961402982
99.98814708333333,97.4946233704513,-0.024938193032058735,219587.30274794443,53993.599425,165593.70332294444,206992.12915368052,2196.133333333333,540.0,1656.1333333333332,2070.1666666666665,0.6805720823798623,9956.866666666663,10082.83333333333,0.0,52.51888018461165,52.51888018461165,54.88259833134684,482813.4775628053,489429.1058367269,600433.0509599894,3485.61206681154,3533.8318466109563,4337.490749736206,23789870.672635317,18649127.02332505,300257328.3356371,303395237.0922201,302947966.9108559,2166150.1660094215,2188873.3162375195,2186034.8077224614,68969.01961402982
99.93252291666668,99.67410938324913,-0.002585880210720121,175454.86156888894,53963.56237500001,121491.29919388892,151864.12399236116,1755.7333333333333,540.0,1215.7333333333333,1519.6666666666667,0.557002288329519,9600.433333333334,9836.5,0.0,52.51888018461165,52.51888018461165,54.25992897817577,464093.99803567043,476491.95501791773,556962.9660068428,3349.1701230710933,3439.535955444595,4023.09689598065,23789870.672635317,18649127.02332505,300257328.3356371,303395237.0922201,302947966.9108559,2166150.1660094215,2188873.3162375195,2186034.8077224614,68969.01961402982
106.03489358333336,103.64953431092704,-0.02249598402748097,153856.6305894167,57258.84253500001,96597.78805441668,120747.23506802086,1451.0,540.0,911.0,1138.75,0.4334324942791758,9517.666666666666,9829.916666666666,0.0,52.43758874329534,52.51888018461165,52.91215786660042,459751.2021249308,476146.205723369,536252.9144961537,3317.6583228802747,3437.0158690433286,3873.625708753144,23789870.672635317,18649127.02332505,300257328.3356371,303395237.0922201,302947966.9108559,2166150.1660094215,2188873.3162375195,2186034.8077224614,68969.01961402982
102.57958608333333,100.77750157318602,-0.017567671882428307,101977.78584497777,55392.97648499999,46584.80935997777,58231.011699972216,994.1333333333333,540.0,454.1333333333333,567.6666666666666,0.30986270022883255,9241.283333333333,9667.75,0.0,52.43758874329534,52.51888018461165,52.91215786660042,445258.3265560964,467629.39398676454,497455.07474046893,3212.7314842434525,3374.9388040197355,3591.9207306181493,23789870.672635317,18649127.02332505,300257328.3356371,303395237.0922201,302947966.9108559,2166150.1660094215,2188873.3162375195,2186034.8077224614,68969.01961402982
92.07896525000001,92.12726482636853,0.0005245451687841673,40490.190319266665,49722.641235,-9232.450915733334,-11540.563644666667,439.73333333333335,540.0,-100.26666666666667,-125.33333333333333,0.18629290617848931,8990.016666666666,9555.083333333334,0.0,52.43758874329534,52.43758874329534,52.43758874329534,432082.508424531,461713.2419037425,455141.0641145828,3117.339997824304,3331.863276913904,3284.281426431548,23789870.672635317,18649127.02332505,300257328.3356371,303395237.0922201,302947966.9108559,2166150.1660094215,2188873.3162375195,2186034.8077224614,68969.01961402982
84.43812133333334,86.83105729958285,0.028339521633871923,50848.636666933344,45596.58552000001,5252.051146933334,6565.063933666667,602.2,540.0,62.2,77.75,0.06272311212814606,8239.3,8763.75,0.0,52.36610811073134,52.36610811073134,52.36610811073134,392762.2644865757,420225.66988524876,424297.13479085814,2830.123531703424,3031.064923252443,3060.8545947043185,23789870.672635317,18649127.02332505,300257328.3356371,303395237.0922201,302947966.9108559,2166150.1660094215,2188873.3162375195,2186034.8077224614,68969.01961402982
73.93840083333333,72.30265252797848,-0.022123122584731463,-68501.46375872222,-39926.73645,-28574.727308722224,-35718.40913590277,-926.4666666666667,-540.0,-386.4666666666667,-483.0833333333333,0.17424485125858086,9050.633333333333,8607.25,0.0,52.43758874329534,52.36610811073134,52.35243045899558,435261.10026218713,412030.3739659193,386733.70831937226,3140.3526560961564,2971.102433448989,2786.0567844437805,23789870.672635317,18649127.02332505,300257328.3356371,303395237.0922201,302947966.9108559,2166150.1660094215,2188873.3162375195,2186034.8077224614,68969.01961402982
70.66955275000001,70.44208932580611,-0.003218690586575092,-75861.40922536667,-38161.558485,-37699.85074036667,-47124.81342545834,-1073.4666666666667,-540.0,-533.4666666666667,-666.8333333333334,0.28576659038901564,9129.883333333333,8723.25,0.0,52.43758874329534,52.36610811073134,52.35243045899558,439416.7791700933,418104.8425067641,383186.8311557753,3170.439318203018,3015.547473814488,2760.179658325277,23789870.672635317,18649127.02332505,300257328.3356371,303395237.0922201,302947966.9108559,2166150.1660094215,2188873.3162375195,2186034.8077224614,68969.01961402982
84.74725266666667,87.2857777522512,0.029954069373425162,-40592.52157312222,9843.393397233334,-50435.91497035555,-63044.893712944446,-478.98333333333335,116.15,-595.1333333333333,-743.9166666666666,0.2591876430205946,8708.816666666668,8973.75,0.0,52.36610811073134,52.43758874329534,52.36610811073134,417349.0250130326,431229.5236476401,392266.5319964608,3010.017386895448,3111.164481059573,2826.496407719573,23789870.672635317,18649127.02332505,300257328.3356371,303395237.0922201,302947966.9108559,2166150.1660094215,2188873.3162375195,2186034.8077224614,68969.01961402982
76.48816383333333,75.12436598550809,-0.01783018155327838,-61165.03501205555,-41303.60847,-19861.426542055557,-24826.783177569443,-799.6666666666667,-540.0,-259.6666666666667,-324.5833333333333,0.3707093821510294,9183.583333333334,8708.5,0.0,52.43758874329534,52.36610811073134,52.36610811073134,442232.6776856083,417332.4424121308,400335.27648785594,3190.826116375113,3009.8960570438753,2885.5329591820787,23789870.672635317,18649127.02332505,300257328.3356371,303395237.0922201,302947966.9108559,2166150.1660094215,2188873.3162375195,2186034.8077224614,68969.01961402982
94.58983883333333,94.0648735055966,-0.005549912487552975,76239.41009966667,51078.512969999996,25160.897129666668,31451.121412083332,806.0,540.0,266.0,332.5,0.24713958810068615,8366.583333333334,8840.083333333334,0.0,52.36610811073134,52.36610811073134,52.43758874329534,399427.5972806033,424222.9494710346,441655.86420943204,2878.891746253901,3060.311803263073,3186.650049710438,23789870.672635317,18649127.02332505,300257328.3356371,303395237.0922201,302947966.9108559,2166150.1660094215,2188873.3162375195,2186034.8077224614,68969.01961402982
99.46922325000001,100.33576746719389,0.008711681753218938,153858.99452310003,53713.38055500001,100145.61396810002,125182.01746012502,1546.8000000000002,540.0,1006.8000000000001,1258.5,0.1235697940503429,9176.533333333333,9464.833333333334,0.0,52.43758874329534,52.43758874329534,52.91215786660042,441862.992684968,456980.7495196601,523271.79843288107,3188.14963728548,3297.600548142367,3779.3718781326847,23789870.672635317,18649127.02332505,300257328.3356371,303395237.0922201,302947966.9108559,2166150.1660094215,2188873.3162375195,2186034.8077224614,68969.01961402982
104.062458,104.13587272826439,0.0007054871629533944,158494.0610312,56193.727320000005,102300.3337112,127875.417139,1523.0666666666666,540.0,983.0666666666666,1228.8333333333333,0.0,9263.85,9558.083333333334,0.0,52.43758874329534,52.43758874329534,52.91215786660042,446441.6681420701,461870.5546699724,526636.1298038991,3221.2987482797703,3333.002204186088,3803.799756109387,23789870.672635317,18649127.02332505,300257328.3356371,303395237.0922201,302947966.9108559,2166150.1660094215,2188873.3162375195,2186034.8077224614,68969.01961402982
75.74972541666666,75.41544740747142,-0.0044129270087320495,-12675.454053055555,0.0,-12675.454053055555,-15844.317566319443,-167.33333333333334,0.0,-167.33333333333334,-209.16666666666666,0.0,9382.583333333332,9424.416666666666,0.0,52.43758874329534,52.43758874329534,52.43758874329534,452667.75784552394,454861.3969746185,443893.20132914593,3266.3749587633206,3282.256666836554,3202.8481264703887,23789870.672635317,18649127.02332505,300257328.3356371,303395237.0922201,302947966.9108559,2166150.1660094215,2188873.3162375195,2186034.8077224614,68969.01961402982
66.15566866666666,68.93338617054874,0.041987596223657685,-46511.84545057778,0.0,-46511.84545057778,-58139.80681322222,-703.0666666666667,0.0,-703.0666666666667,-878.8333333333334,0.0,8815.15,8990.916666666666,0.0,52.36610811073134,52.43758874329534,52.35243045899558,422917.2878421403,432129.70225439995,386101.116451326,3050.7586738971554,3117.681676005959,2781.441552848229,23789870.672635317,18649127.02332505,300257328.3356371,303395237.0922201,302947966.9108559,2166150.1660094215,2188873.3162375195,2186034.8077224614,68969.01961402982
31.018371083333335,31.181008561054888,0.0052432630096731015,-54025.73086154445,-16749.920385,-37275.810476544444,-46594.76309568056,-1741.7333333333333,-540.0,-1201.7333333333333,-1502.1666666666667,0.11152173913043478,8300.166666666666,8300.166666666666,239.5666666666666,52.36610811073134,52.36610811073134,51.55384335228537,395949.6149335822,395949.6149335822,317979.75408032764,2853.4444063319875,2853.4444063319875,2289.7188071273436,23789870.672635317,18649127.02332505,300257328.3356371,303395237.0922201,302947966.9108559,2166150.1660094215,2188873.3162375195,2186034.8077224614,68969.01961402982
0.29660633333333336,0.28076056303682717,-0.05342357365882107,-681.4233902000001,-160.16742000000002,-521.2559702000001,-651.5699627500001,-2297.4,-540.0,-1757.4,-2196.75,0.22304347826086957,8257.083333333334,8257.083333333334,100.65000000000009,52.36610811073134,52.36610811073134,51.55384335228537,393693.50844247825,393693.50844247825,279950.20230079186,2836.9371607364687,2836.9371607364687,2017.309340326388,23789870.672635317,18649127.02332505,300257328.3356371,303395237.0922201,302947966.9108559,2166150.1660094215,2188873.3162375195,2186034.8077224614,68969.01961402982
2.9184941666666666,2.88186874881994,-0.012549423008975134,-7292.149524833334,-1575.98685,-5716.162674833334,-7145.203343541667,-2498.6000000000004,-540.0,-1958.6000000000001,-2448.25,0.33456521739130435,8652.916666666666,8652.916666666666,50.350000000000364,52.36610811073134,52.36610811073134,51.55384335228537,414421.75956964266,414421.75956964266,287391.14035797166,2988.599475202073,2988.599475202073,2070.6095206810255,23789870.672635317,18649127.02332505,300257328.3356371,303395237.0922201,302947966.9108559,2166150.1660094215,2188873.3162375195,2186034.8077224614,68969.01961402982
14.789860250000004,15.246214206667,0.030855866719024384,-30419.78456220001,-7986.524535000002,-22433.26002720001,-28041.57503400001,-2056.8,-540.0,-1516.8000000000002,-1896.0,0.44608695652173913,7828.25,7828.25,160.80000000000018,51.8200325163863,51.8200325163863,51.55384335228537,371263.85669968446,371263.85669968446,273347.01419808663,2673.4344438849034,2673.4344438849034,1970.0100463280744,23789870.672635317,18649127.02332505,300257328.3356371,303395237.0922201,302947966.9108559,2166150.1660094215,2188873.3162375195,2186034.8077224614,68969.01961402982
9.424961333333334,9.568146847800564,0.01519215935250849,-14963.696943555553,-5089.479119999996,-9874.217823555557,-12342.772279444445,-1587.6666666666663,-539.9999999999995,-1047.6666666666667,-1309.5833333333333,0.5576086956521739,7437.083333333333,7437.083333333333,278.08333333333303,51.8200325163863,51.8200325163863,51.55384335228537,350993.5873136913,350993.5873136913,283412.90211262036,2526.9627866998844,2526.9627866998844,2042.1130039325299,23789870.672635317,18649127.02332505,300257328.3356371,303395237.0922201,302947966.9108559,2166150.1660094215,2188873.3162375195,2186034.8077224614,68969.01961402982
2.763125666666667,2.724881151803998,-0.013841033480321398,-2403.91933,-1492.08786,-911.8314700000001,-1139.7893375,-870.0,-540.0,-330.0,-412.5,0.6691304347826086,6373.75,6373.75,457.5,51.55384335228537,51.55384335228537,51.55384335228537,296108.0360381206,296108.0360381206,274842.0756553029,2133.049512562989,2133.049512562989,1980.7193204409002,23789870.672635317,18649127.02332505,300257328.3356371,303395237.0922201,302947966.9108559,2166150.1660094215,2188873.3162375195,2186034.8077224614,68969.01961402982
27.61468016666666,27.405938681114375,-0.007559076704580256,-17216.83259457776,-14911.927289999983,-2304.9053045777773,-2881.1316307222214,-623.4666666666662,-539.9999999999995,-83.46666666666667,-104.33333333333333,0.7806521739130433,6804.333333333333,6804.333333333333,519.1333333333329,51.55384335228537,51.55384335228537,51.55384335228537,318306.2617548921,318306.2617548921,312927.4774318037,2292.057614117501,2292.057614117501,2253.5288463322777,23789870.672635317,18649127.02332505,300257328.3356371,303395237.0922201,302947966.9108559,2166150.1660094215,2188873.3162375195,2186034.8077224614,68969.01961402982
44.13410841666666,43.87995333426688,-0.0057586998246419475,-24412.046502205554,-23832.418544999997,-579.6279572055556,-724.5349465069445,-553.1333333333333,-540.0,-13.133333333333335,-16.416666666666668,0.892173913043478,7836.216666666667,7746.5,447.0,51.8200325163863,51.8200325163863,51.8200325163863,371676.6896253984,367027.5690414699,366176.8568409925,2676.417547938352,2642.82330291803,2636.676111510819,23789870.672635317,18649127.02332505,300257328.3356371,303395237.0922201,302947966.9108559,2166150.1660094215,2188873.3162375195,2186034.8077224614,68969.01961402982
73.01118391666667,73.36908711267321,0.004902032494296325,111142.49157021112,39426.039315,71716.45225521112,89645.56531901388,1522.2666666666667,540.0,982.2666666666667,1227.8333333333333,0.7686041189931347,8544.983333333334,8839.416666666666,0.0,52.36610811073134,52.36610811073134,52.51888018461165,408769.7109675578,424188.03873229405,488610.6866205169,2947.2451531608413,3060.0563719966044,3527.8665788003655,23789870.672635317,18649127.02332505,300257328.3356371,303395237.0922201,302947966.9108559,2166150.1660094215,2188873.3162375195,2186034.8077224614,68969.01961402982
97.31711916666666,98.2248682040874,0.009327742592401706,218347.1763702778,52551.24434999999,165795.9320202778,207244.9150253472,2243.666666666667,540.0,1703.666666666667,2129.5833333333335,0.6450343249427914,9769.75,9883.833333333334,0.0,52.51888018461165,52.51888018461165,54.88259833134684,472986.3197655949,478977.8486799894,592772.354942906,3413.9841933254284,3457.65505767142,4281.761126764085,23789870.672635317,18649127.02332505,300257328.3356371,303395237.0922201,302947966.9108559,2166150.1660094215,2188873.3162375195,2186034.8077224614,68969.01961402982
97.82855033333333,98.93897321718183,0.011350703655169379,228305.74886457776,52827.41718,175478.33168457777,219347.91460572218,2333.7333333333336,540.0,1793.7333333333333,2242.1666666666665,0.5214645308924482,9913.683333333332,10005.25,0.0,52.51888018461165,52.51888018461165,54.88259833134684,480545.53725349996,485354.5160490709,605614.882952441,3469.0815760123496,3504.133106869454,4375.1872648570525,23789870.672635317,18649127.02332505,300257328.3356371,303395237.0922201,302947966.9108559,2166150.1660094215,2188873.3162375195,2186034.8077224614,68969.01961402982
95.4645685,96.18772969978558,0.007575179054892827,192335.64830923337,51550.86699,140784.78131923336,175980.97664904167,2014.7333333333336,540.0,1474.7333333333336,1843.4166666666667,0.3978947368421049,9540.683333333332,9712.0,0.0,52.43758874329534,52.51888018461165,54.25992897817577,460958.14062583895,469953.3544349336,567774.2568557444,3326.39642600742,3391.8776126155876,4100.916628378863,23789870.672635317,18649127.02332505,300257328.3356371,303395237.0922201,302947966.9108559,2166150.1660094215,2188873.3162375195,2186034.8077224614,68969.01961402982
81.31299991666667,80.38907477340888,-0.011362576023571458,90420.05590733333,43909.019955,46511.03595233333,58138.79494041667,1112.0,540.0,572.0,715.0,0.2743249427917617,8924.833333333334,9321.833333333334,0.0,52.43758874329534,52.43758874329534,52.51888018461165,428664.4515982806,449482.17432936886,487013.237348235,3092.593639149239,3243.311681501594,3516.2231416299587,23789870.672635317,18649127.02332505,300257328.3356371,303395237.0922201,302947966.9108559,2166150.1660094215,2188873.3162375195,2186034.8077224614,68969.01961402982
67.39845808333334,67.209130315956,-0.002809081583784014,32108.6254309,36395.167365,-4286.541934100001,-5358.177417625,476.4,540.0,-63.6,-79.5,0.15075514874141843,8362.933333333334,8918.833333333334,0.0,52.36610811073134,52.43758874329534,52.36610811073134,399236.46098599915,428349.8260658208,424183.67488995154,2877.4932600699867,3090.315784604871,3060.0244430882963,23789870.672635317,18649127.02332505,300257328.3356371,303395237.0922201,302947966.9108559,2166150.1660094215,2188873.3162375195,2186034.8077224614,68969.01961402982
61.08912916666667,61.79023436907258,0.011476758827141238,21364.904773888888,32988.12975,-11623.224976111112,-14529.031220138892,349.73333333333335,540.0,-190.26666666666668,-237.83333333333334,0.027185354691075178,8035.849999999999,8623.416666666666,0.0,52.35243045899558,52.36610811073134,52.36610811073134,382110.1161693352,412876.9593803761,400422.5533347071,2752.324215857815,2977.296641660847,2886.1715373482493,23789870.672635317,18649127.02332505,300257328.3356371,303395237.0922201,302947966.9108559,2166150.1660094215,2188873.3162375195,2186034.8077224614,68969.01961402982
44.41620141666667,44.35117572178011,-0.001464008465662234,-34991.08347605,-23984.748765,-11006.33471105,-13757.9183888125,-787.8,-540.0,-247.8,-309.75,0.13870709382150997,8382.466666666667,7904.416666666667,0.0,52.36610811073134,52.35243045899558,51.8200325163863,400259.3456310954,375229.261726008,359159.56077106524,2884.9773961775104,2702.1232277715876,2585.9695834056515,23789870.672635317,18649127.02332505,300257328.3356371,303395237.0922201,302947966.9108559,2166150.1660094215,2188873.3162375195,2186034.8077224614,68969.01961402982
45.57759158333334,43.96218375402635,-0.03544302744372542,-28257.17250416614,-1977.133197216138,-26280.039306950002,-32850.049133687506,-619.9795013850431,-43.37950138504311,-576.6,-720.75,0.14766590389016018,7842.0628347183765,7942.833333333333,0.0,51.8200325163863,52.35243045899558,51.8200325163863,371979.6382439342,377240.467596141,339852.2803226683,2678.6066350863266,2716.796481327098,2446.4564220775264,23789870.672635317,18649127.02332505,300257328.3356371,303395237.0922201,302947966.9108559,2166150.1660094215,2188873.3162375195,2186034.8077224614,68969.01961402982
42.18157958333333,43.68527892973746,0.03564824649189434,-52445.7639486111,-22778.052974999988,-29667.710973611112,-37084.638717013884,-1243.333333333333,-539.9999999999998,-703.3333333333334,-879.1666666666666,0.25918764302059494,8238.916666666666,7874.75,0.0,52.36610811073134,52.35243045899558,51.55384335228537,392742.1908117999,373676.1396223911,328165.9342960167,2829.9766587252043,2690.7920384749245,2362.6834304650147,23789870.672635317,18649127.02332505,300257328.3356371,303395237.0922201,302947966.9108559,2166150.1660094215,2188873.3162375195,2186034.8077224614,68969.01961402982
41.780758666666664,42.891267911048764,0.026579441824929786,-34552.687417333334,-22561.609679999998,-11991.077737333333,-14988.847171666666,-827.0,-540.0,-287.0,-358.75,0.3707093821510297,7793.166666666667,7324.916666666667,0.0,51.8200325163863,51.8200325163863,51.55384335228537,369445.83722556796,345181.10699977004,326649.392070737,2660.297552603503,2484.962179420158,2351.820287471258,23789870.672635317,18649127.02332505,300257328.3356371,303395237.0922201,302947966.9108559,2166150.1660094215,2188873.3162375195,2186034.8077224614,68969.01961402982
62.13510525,63.41087987037688,0.0205322677936057,35996.93764150001,33552.956835000005,2443.9808065,3054.976008125,579.3333333333334,540.0,39.333333333333336,49.166666666666664,0.24713958810068648,7462.333333333333,7992.5,0.0,51.8200325163863,52.35243045899558,52.35243045899558,352302.04313473013,379840.6383089378,382414.6328065051,2536.417603940417,2735.766674643983,2754.5458928603634,23789870.672635317,18649127.02332505,300257328.3356371,303395237.0922201,302947966.9108559,2166150.1660094215,2188873.3162375195,2186034.8077224614,68969.01961402982
84.57968016666666,83.80974210125031,-0.009103109208963235,126091.38719246666,45673.02729,80418.35990246666,100522.94987808332,1490.8000000000002,540.0,950.8000000000001,1188.5,0.12356979405034323,8602.116666666665,8904.416666666666,0.0,52.36610811073134,52.43758874329534,52.51888018461165,411761.56127761747,427593.85082810494,489958.67121192184,2969.1356126971814,3084.842606324653,3537.6917257825166,23789870.672635317,18649127.02332505,300257328.3356371,303395237.0922201,302947966.9108559,2166150.1660094215,2188873.3162375195,2186034.8077224614,68969.01961402982
72.45954425000001,72.06913032586624,-0.005388026217591979,108669.9938298667,39128.153895,69541.83993486669,86927.29991858335,1499.7333333333336,540.0,959.7333333333335,1199.6666666666667,0.0,9026.266666666666,9326.333333333334,0.0,52.43758874329534,52.43758874329534,52.91215786660042,433983.3710164755,449718.1434787137,512830.46594720526,3131.102035696528,3245.0200724098704,3703.55901437275,23789870.672635317,18649127.02332505,300257328.3356371,303395237.0922201,302947966.9108559,2166150.1660094215,2188873.3162375195,2186034.8077224614,68969.01961402982
37.96865716666667,37.8056604396661,-0.004292928408952635,-15969.6172043,0.0,-15969.6172043,-19962.021505375,-420.6,0.0,-420.6,-525.75,0.0,7144.933333333333,7250.083333333333,0.0,51.55384335228537,51.8200325163863,51.55384335228537,335865.50080068054,341303.24123312713,314181.9542867093,2417.836192146067,2456.94097188881,2262.5147889786713,23789870.672635317,18649127.02332505,300257328.3356371,303395237.0922201,302947966.9108559,2166150.1660094215,2188873.3162375195,2186034.8077224614,68969.01961402982
29.54734858333333,29.48098052269033,-0.002246159598917097,-39928.31705227778,-15955.568234999999,-23972.748817277778,-29965.93602159722,-1351.3333333333335,-540.0,-811.3333333333334,-1014.1666666666666,0.11152173913043478,6187.75,6187.75,337.16666666666686,51.55384335228537,51.55384335228537,51.51118310371481,286519.0211745955,286519.0211745955,234260.98853558576,2064.362444115211,2064.362444115211,1686.0753276546145,23789870.672635317,18649127.02332505,300257328.3356371,303395237.0922201,302947966.9108559,2166150.1660094215,2188873.3162375195,2186034.8077224614,68969.01961402982
21.13455433333333,20.73200651399087,-0.01904690361544849,-23173.334341355552,-11412.659339999998,-11760.675001355554,-14700.843751694443,-1096.4666666666667,-540.0,-556.4666666666667,-695.5833333333334,0.22304347826086957,4833.416666666667,4833.416666666667,400.8833333333333,51.4070122316498,51.4070122316498,50.67189760672262,216756.6604152117,216756.6604152117,181186.77188994587,1559.6264016366952,1559.6264016366952,1303.8603615122265,23789870.672635317,18649127.02332505,300257328.3356371,303395237.0922201,302947966.9108559,2166150.1660094215,2188873.3162375195,2186034.8077224614,68969.01961402982
30.503679583333334,30.44219964681417,-0.0020154924703823483,-33000.914151888894,-16471.986975,-16528.92717688889,-20661.158971111112,-1081.8666666666668,-540.0,-541.8666666666667,-677.3333333333334,0.33456521739130435,4194.833333333333,4194.833333333333,404.5333333333333,50.67189760672262,50.67189760672262,49.59668157099698,184075.07005352902,184075.07005352902,149850.7617000899,1324.7310104323556,1324.7310104323556,1078.4191871089834,23789870.672635317,18649127.02332505,300257328.3356371,303395237.0922201,302947966.9108559,2166150.1660094215,2188873.3162375195,2186034.8077224614,68969.01961402982
31.99441575,32.05221830839096,0.0018066452234232458,-40039.04674173685,-16704.452854736843,-23334.593887000003,-29168.24235875,-1251.438596491228,-522.1052631578947,-729.3333333333334,-911.6666666666666,0.4423913043478261,4038.25,4038.25,339.77192982456154,50.67189760672262,50.67189760672262,49.59668157099698,176140.69541994305,176140.69541994305,130462.59226262769,1267.39775119124,1267.39775119124,944.4127731981326,23789870.672635317,18649127.02332505,300257328.3356371,303395237.0922201,302947966.9108559,2166150.1660094215,2188873.3162375195,2186034.8077224614,68969.01961402982
27.023289916666666,27.343503983262536,0.011849558939097851,-44802.813129172224,-14592.576555,-30210.236574172224,-37762.79571771528,-1657.9333333333334,-540.0,-1117.9333333333334,-1397.4166666666667,0.5539130434782609,4419.333333333333,4419.333333333333,260.51666666666665,51.34241564990901,51.34241564990901,49.59668157099698,195471.59320753205,195471.59320753205,125271.4729248633,1406.9418607834436,1406.9418607834436,908.5329915157557,23789870.672635317,18649127.02332505,300257328.3356371,303395237.0922201,302947966.9108559,2166150.1660094215,2188873.3162375195,2186034.8077224614,68969.01961402982
6.529687833333334,6.406039945171708,-0.018936263312683513,-10668.639294622219,-3526.0314299999973,-7142.607864622222,-8928.259830777779,-1633.866666666666,-539.9999999999995,-1093.8666666666666,-1367.3333333333333,0.6654347826086956,4689.0,4689.0,266.53333333333285,51.4070122316498,51.4070122316498,49.59668157099698,209332.63106542424,209332.63106542424,140138.07822576968,1506.4472904293234,1506.4472904293234,1011.2874299803331,23789870.672635317,18649127.02332505,300257328.3356371,303395237.0922201,302947966.9108559,2166150.1660094215,2188873.3162375195,2186034.8077224614,68969.01961402982
0.12802808333333335,0.1277660850845489,-0.0020464123336308084,-187.17705783333338,-69.13516500000001,-118.04189283333335,-147.5523660416667,-1462.0,-540.0,-922.0,-1152.5,0.7769565217391303,4537.416666666667,4537.416666666667,309.5,51.4070122316498,51.4070122316498,49.59668157099698,201540.18479464334,201540.18479464334,143275.06833513523,1450.6291696640558,1450.6291696640558,1032.9695591976292,23789870.672635317,18649127.02332505,300257328.3356371,303395237.0922201,302947966.9108559,2166150.1660094215,2188873.3162375195,2186034.8077224614,68969.01961402982
-7.088237500000001,-7.041038186619896,-0.006658822222041009,7908.582853333335,3827.6482500000006,4080.934603333334,5101.168254166667,-1115.7333333333333,-540.0,-575.7333333333333,-719.6666666666666,0.8884782608695652,4719.5,4719.5,396.0666666666666,51.4070122316498,51.4070122316498,50.67189760672262,210900.54493848956,210900.54493848956,174194.05002021813,1517.6784241292069,1517.6784241292069,1253.3314220213867,23789870.672635317,18649127.02332505,300257328.3356371,303395237.0922201,302947966.9108559,2166150.1660094215,2188873.3162375195,2186034.8077224614,68969.01961402982
9.068602,8.94775845849606,-0.01332548737985638,-6557.203819466667,-4897.04508,-1660.158739466667,-2075.1984243333336,-723.0666666666667,-540.0,-183.0666666666667,-228.83333333333334,1.0,5099.25,5099.25,494.23333333333335,51.51118310371481,51.51118310371481,51.4070122316498,230431.99059154297,230431.99059154297,218658.71986778273,1658.166647997129,1658.166647997129,1573.2510556332752,23789870.672635317,18649127.02332505,300257328.3356371,303395237.0922201,302947966.9108559,2166150.1660094215,2188873.3162375195,2186034.8077224614,68969.01961402982
71.71300941666668,72.98085393343943,0.01767942144787626,92237.27271171668,38725.02508500001,53512.24762671668,66890.30953339585,1286.2,540.0,746.2,932.75,0.8764302059496567,6029.633333333333,6383.083333333333,0.0,51.55384335228537,51.55384335228537,51.8200325163863,278367.49930987664,296589.2052427419,344710.40837107954,2005.972281179362,2136.496175495852,2481.56094153495,23789870.672635317,18649127.02332505,300257328.3356371,303395237.0922201,302947966.9108559,2166150.1660094215,2188873.3162375195,2186034.8077224614,68969.01961402982
81.79183616666667,80.19540594343935,-0.01951820986111967,179527.62759675557,44167.591530000005,135360.03606675557,169200.04508344445,2194.9333333333334,540.0,1654.9333333333334,2068.6666666666665,0.7528604118993134,7136.316666666666,7262.583333333333,0.0,51.55384335228537,51.8200325163863,52.43758874329534,335421.2785171283,341950.9916395819,449975.9616233682,2414.6541836884053,2461.6215744831334,3246.8866476615053,23789870.672635317,18649127.02332505,300257328.3356371,303395237.0922201,302947966.9108559,2166150.1660094215,2188873.3162375195,2186034.8077224614,68969.01961402982
68.17373708333334,68.35291324980776,0.002628228613247245,128307.51810663889,36813.818025,91493.70008163889,114367.12510204861,1882.0666666666666,540.0,1342.0666666666666,1677.5833333333333,0.6292906178489701,6821.849999999999,7026.333333333333,0.0,51.55384335228537,51.55384335228537,52.36610811073134,319209.31324427965,329751.2149790995,417092.43108328996,2298.526261871857,2374.038953877752,3008.1399670869046,23789870.672635317,18649127.02332505,300257328.3356371,303395237.0922201,302947966.9108559,2166150.1660094215,2188873.3162375195,2186034.8077224614,68969.01961402982
63.990512499999994,63.36830957930386,-0.009723362048337032,95503.70688916666,34554.876749999996,60948.83013916666,76186.03767395832,1492.4666666666667,540.0,952.4666666666667,1190.5833333333333,0.5057208237986268,6617.616666666667,6919.5,0.0,51.55384335228537,51.55384335228537,52.35243045899558,308680.29997029796,324243.54604763037,385996.411590408,2223.1058911945206,2334.5869728069406,2780.677652446207,23789870.672635317,18649127.02332505,300257328.3356371,303395237.0922201,302947966.9108559,2166150.1660094215,2188873.3162375195,2186034.8077224614,68969.01961402982
47.4895785,48.64642104447732,0.02435992445115766,4995.544087984137,-2909.8877463158638,7905.431834300001,9881.789792875,105.19242843951832,-61.27423822714838,166.4666666666667,208.08333333333334,0.5183752860411901,6381.724238227148,6278.833333333333,0.0,51.55384335228537,51.55384335228537,51.55384335228537,296519.1386665368,291214.71707326616,301942.2126441542,2135.994281632489,2097.998181486815,2174.840300623958,23789870.672635317,18649127.02332505,300257328.3356371,303395237.0922201,302947966.9108559,2166150.1660094215,2188873.3162375195,2186034.8077224614,68969.01961402982
41.360661333333326,39.85936063924801,-0.03629779229074826,-23589.363847111086,-22334.757119999977,-1254.6067271111108,-1568.2584088888884,-570.3333333333329,-539.9999999999995,-30.333333333333332,-37.916666666666664,0.6298970251716248,6097.916666666666,5565.5,0.0,51.55384335228537,51.51118310371481,51.51118310371481,281887.7675801152,254449.07971365002,252495.9473543008,2031.1883133864,1833.2216510056855,1818.9857213597709,23789870.672635317,18649127.02332505,300257328.3356371,303395237.0922201,302947966.9108559,2166150.1660094215,2188873.3162375195,2186034.8077224614,68969.01961402982
42.60436016666666,41.631034869628394,-0.022845673382504785,-26942.997369399975,-23006.354489999976,-3936.6428793999994,-4920.803599249999,-632.3999999999995,-539.9999999999995,-92.4,-115.5,0.7414187643020596,6160.233333333333,5643.333333333333,0.0,51.55384335228537,51.51118310371481,51.51118310371481,285100.43125168514,258458.3667985558,252508.82515007674,2054.200943218501,1862.4444164766403,1819.0795846321614,23789870.672635317,18649127.02332505,300257328.3356371,303395237.0922201,302947966.9108559,2166150.1660094215,2188873.3162375195,2186034.8077224614,68969.01961402982
50.55528424999999,51.54291851851362,0.01953572773183704,-6329.5215880999995,0.0,-6329.5215880999995,-7911.901985124999,-125.2,0.0,-125.2,-156.5,0.7414187643020596,5533.116666666667,5564.416666666667,0.0,51.51118310371481,51.51118310371481,51.51118310371481,252780.97590080806,254393.27593195433,246331.77577622296,1821.0632284553506,1832.8149101586596,1774.0565016421147,23789870.672635317,18649127.02332505,300257328.3356371,303395237.0922201,302947966.9108559,2166150.1660094215,2188873.3162375195,2186034.8077224614,68969.01961402982
57.265167083333324,56.3605055192815,-0.015797763459510103,782.6239501388882,30923.190224999995,-30140.566274861107,-37675.70784357638,13.666666666666629,540.0,-526.3333333333334,-657.9166666666666,0.6178489702517163,5467.75,6139.333333333333,0.0,51.51118310371481,51.55384335228537,51.51118310371481,249413.86156526188,284022.9559256224,250117.84773434594,1796.5211115009427,2046.4828801509816,1801.6523037249644,23789870.672635317,18649127.02332505,300257328.3356371,303395237.0922201,302947966.9108559,2166150.1660094215,2188873.3162375195,2186034.8077224614,68969.01961402982
61.05227825000001,60.93672909615697,-0.0018926264040448645,11221.408742349995,32968.230255,-21746.821512650007,-27183.526890812504,183.79999999999995,540.0,-356.20000000000005,-445.25,0.494279176201373,5648.116666666667,6277.166666666667,0.0,51.51118310371481,51.55384335228537,51.55384335228537,258704.76195773526,291128.7940010124,268174.4452484073,1864.2403337550481,2097.38270596309,1932.9584197997929,23789870.672635317,18649127.02332505,300257328.3356371,303395237.0922201,302947966.9108559,2166150.1660094215,2188873.3162375195,2186034.8077224614,68969.01961402982
63.66990541666667,61.88567717209311,-0.02802310185475022,44636.84835744445,34381.748925,10255.099432444447,12818.874290555557,701.0666666666667,540.0,161.0666666666667,201.33333333333334,0.3707093821510298,5474.266666666666,5974.0,0.0,51.51118310371481,51.55384335228537,51.55384335228537,249749.5427751544,275499.38715804456,285878.89428630465,1798.9678141345921,1985.427708197401,2059.777151463455,23789870.672635317,18649127.02332505,300257328.3356371,303395237.0922201,302947966.9108559,2166150.1660094215,2188873.3162375195,2186034.8077224614,68969.01961402982
73.61207691666668,75.24584505150878,0.02219429478523781,97904.06229916669,39750.52153500001,58153.540764166675,72691.92595520835,1330.0,540.0,790.0,987.5,0.24713958810068654,5957.333333333333,6299.833333333333,0.0,51.55384335228537,51.55384335228537,51.8200325163863,274640.1564355064,292297.3477836642,343233.53744436253,1979.272952960145,2105.753173085758,2470.889167619893,23789870.672635317,18649127.02332505,300257328.3356371,303395237.0922201,302947966.9108559,2166150.1660094215,2188873.3162375195,2186034.8077224614,68969.01961402982
85.80383991666667,85.17622725874398,-0.00731450548754273,212370.2240497445,46334.073555,166036.15049474448,207545.18811843058,2475.0666666666666,540.0,1935.0666666666668,2418.8333333333335,0.12356979405034328,7576.766666666666,7633.0,0.0,51.8200325163863,51.8200325163863,52.51888018461165,358231.9821890219,361145.99535086006,487801.02055100416,2579.2669604905805,2600.323431361576,3521.9651106455017,23789870.672635317,18649127.02332505,300257328.3356371,303395237.0922201,302947966.9108559,2166150.1660094215,2188873.3162375195,2186034.8077224614,68969.01961402982
72.336263,71.74759659351402,-0.008137915646623743,141672.9822942667,39061.58202,102611.40027426668,128264.25034283334,1958.5333333333335,540.0,1418.5333333333335,1773.1666666666667,2.7755575615628914e-17,7705.133333333333,7890.5,0.0,51.8200325163863,52.35243045899558,52.51888018461165,364883.9470297087,374500.69040212024,467414.94189267734,2627.33362873255,2696.8077541408493,3373.375712454393,23789870.672635317,18649127.02332505,300257328.3356371,303395237.0922201,302947966.9108559,2166150.1660094215,2188873.3162375195,2186034.8077224614,68969.01961402982
37.789083749999996,37.728025621446506,-0.0016157610212894822,-11699.500329,0.0,-11699.500329,-14624.37541125,-309.6,0.0,-309.6,-387.0,2.7755575615628914e-17,6387.683333333333,6465.083333333333,0.0,51.55384335228537,51.55384335228537,51.55384335228537,296826.35292216245,300816.62039762933,280865.2830202949,2138.1948879413353,2166.7775712631524,2023.8641546540655,23789870.672635317,18649127.02332505,300257328.3356371,303395237.0922201,302947966.9108559,2166150.1660094215,2188873.3162375195,2186034.8077224614,68969.01961402982
27.036902749999996,27.64039150216418,0.022320927724022818,-35864.59379736315,-14116.109225263155,-21748.4845721,-27185.605715124995,-1326.5052631578947,-522.1052631578947,-804.4000000000001,-1005.5,0.10782608695652175,5235.083333333333,5235.083333333333,321.00526315789466,51.51118310371481,51.51118310371481,50.67189760672262,237428.92629646423,237428.92629646423,185835.91849536262,1709.1656926627138,1709.1656926627138,1337.4547832389255,23789870.672635317,18649127.02332505,300257328.3356371,303395237.0922201,302947966.9108559,2166150.1660094215,2188873.3162375195,2186034.8077224614,68969.01961402982
-3.4177684166666666,-3.511283669110983,0.02736149470756754,6514.95015585,1845.594945,4669.35521085,5836.6940135625,-1906.2,-540.0,-1366.2,-1707.75,0.21934782608695652,5257.333333333333,5257.333333333333,198.44999999999982,51.51118310371481,51.51118310371481,49.59668157099698,238575.05012052186,238575.05012052186,151441.9885671594,1717.5195239054813,1717.5195239054813,1089.4173685960177,23789870.672635317,18649127.02332505,300257328.3356371,303395237.0922201,302947966.9108559,2166150.1660094215,2188873.3162375195,2186034.8077224614,68969.01961402982
-12.682636166666667,-12.55932332430191,-0.009722966167621814,29676.523120922226,6848.62353,22827.899590922225,28534.874488652775,-2339.9333333333334,-540.0,-1799.9333333333334,-2249.9166666666665,0.3308695652173913,5573.166666666667,5573.166666666667,90.01666666666642,51.51118310371481,51.51118310371481,49.59668157099698,254843.99878411184,254843.99878411184,140216.60630492377,1836.1001246923322,1836.1001246923322,1011.8301973783946,23789870.672635317,18649127.02332505,300257328.3356371,303395237.0922201,302947966.9108559,2166150.1660094215,2188873.3162375195,2186034.8077224614,68969.01961402982
-15.077852166666666,-15.219262208635188,0.009378659533560367,32935.05508272222,8142.04017,24793.01491272222,30991.268640902774,-2184.333333333333,-540.0,-1644.3333333333333,-2055.4166666666665,0.4423913043478261,5397.166666666667,5397.166666666667,128.91666666666606,51.51118310371481,51.51118310371481,49.59668157099698,245778.03055785803,245778.03055785803,141134.14491398723,1770.0203809293168,1770.0203809293168,1018.172005924165,23789870.672635317,18649127.02332505,300257328.3356371,303395237.0922201,302947966.9108559,2166150.1660094215,2188873.3162375195,2186034.8077224614,68969.01961402982
-20.614371583333334,-19.510097582622368,-0.05356816220406979,35848.39218341667,11131.760655,24716.631528416667,30895.789410520832,-1739.0,-540.0,-1199.0,-1498.75,0.5539130434782609,4611.0,4611.0,240.25,51.4070122316498,51.4070122316498,49.59668157099698,205322.88411135555,205322.88411135555,129751.70649344339,1477.7250468689658,1477.7250468689658,939.4992999104186,23789870.672635317,18649127.02332505,300257328.3356371,303395237.0922201,302947966.9108559,2166150.1660094215,2188873.3162375195,2186034.8077224614,68969.01961402982
-31.646968583333337,-31.60556910873308,-0.0013081655669876292,37290.677980694454,17089.363035000002,20201.31494569445,25251.643682118058,-1178.3333333333335,-540.0,-638.3333333333334,-797.9166666666666,0.6654347826086957,4028.666666666667,4028.666666666667,380.41666666666697,50.67189760672262,50.67189760672262,49.59668157099698,175655.0897345453,175655.0897345453,135628.91325960655,1263.888797059932,1263.888797059932,980.1211546495425,23789870.672635317,18649127.02332505,300257328.3356371,303395237.0922201,302947966.9108559,2166150.1660094215,2188873.3162375195,2186034.8077224614,68969.01961402982
-28.707817499999994,-28.312318110965467,-0.013776713922419467,28326.960454499997,15502.221449999997,12824.739004499997,16030.923755624995,-986.7333333333333,-540.0,-446.73333333333335,-558.4166666666666,0.7769565217391305,3840.166666666667,3840.166666666667,428.3166666666666,50.67189760672262,50.67189760672262,49.59668157099698,166103.4370356781,166103.4370356781,138158.3440197274,1194.8691949293286,1194.8691949293286,997.6039782081529,23789870.672635317,18649127.02332505,300257328.3356371,303395237.0922201,302947966.9108559,2166150.1660094215,2188873.3162375195,2186034.8077224614,68969.01961402982
-20.609267666666664,-21.514731005437334,0.04393476534031145,14513.046290866665,11129.004539999998,3384.0417508666665,4230.052188583333,-704.2,-540.0,-164.20000000000002,-205.25,0.8884782608695654,4213.583333333333,4213.583333333333,498.9499999999998,50.67189760672262,50.67189760672262,50.67189760672262,185025.16813365507,185025.16813365507,174624.76114987524,1331.5963554718717,1331.5963554718717,1256.443711772634,23789870.672635317,18649127.02332505,300257328.3356371,303395237.0922201,302947966.9108559,2166150.1660094215,2188873.3162375195,2186034.8077224614,68969.01961402982
-3.531443083333333,-3.6286011063893655,0.02751227211180916,1289.447584494444,1906.9792649999997,-617.5316805055555,-771.9146006319444,-365.1333333333333,-540.0,174.86666666666667,218.58333333333334,1.0,4673.083333333333,4673.083333333333,583.7166666666667,51.4070122316498,51.4070122316498,51.4070122316498,208514.40278740381,208514.40278740381,219751.11887770524,1500.586234318182,1500.586234318182,1581.0760258340133,23789870.672635317,18649127.02332505,300257328.3356371,303395237.0922201,302947966.9108559,2166150.1660094215,2188873.3162375195,2186034.8077224614,68969.01961402982
38.410899,37.47714200477796,-0.02430968864389347,14936.718257800001,0.0,14936.718257800001,18670.89782225,388.8666666666667,0.0,388.8666666666667,486.0833333333333,1.0,5457.216666666666,5379.0,19.0,51.51118310371481,51.51118310371481,51.55384335228537,248871.27710323606,244842.2440648072,269884.3143862581,1792.56633895755,1763.1996498022631,1945.2063827219322,23789870.672635317,18649127.02332505,300257328.3356371,303395237.0922201,302947966.9108559,2166150.1660094215,2188873.3162375195,2186034.8077224614,68969.01961402982
51.42036099999999,51.875994553878,0.008860955952409847,92158.99900826666,27766.994939999997,64392.00406826666,80490.00508533332,1792.2666666666667,540.0,1252.2666666666667,1565.3333333333333,0.8764302059496567,5655.483333333334,5882.416666666667,0.0,51.51118310371481,51.55384335228537,51.8200325163863,259084.22767326597,270777.91433769773,351546.3343271995,1867.006171514826,1951.6073281686788,2530.9569009137067,23789870.672635317,18649127.02332505,300257328.3356371,303395237.0922201,302947966.9108559,2166150.1660094215,2188873.3162375195,2186034.8077224614,68969.01961402982
53.68331866666666,52.90844197632872,-0.014434217361809226,96350.82034293332,28988.992079999996,67361.82826293333,84202.28532866665,1794.8000000000002,540.0,1254.8000000000002,1568.5,0.7528604118993134,5736.45,5962.75,0.0,51.51118310371481,51.55384335228537,51.8200325163863,263254.91646523005,274919.40642033133,355873.30704231776,1897.40535666641,1981.2732484122532,2562.2233262437853,23789870.672635317,18649127.02332505,300257328.3356371,303395237.0922201,302947966.9108559,2166150.1660094215,2188873.3162375195,2186034.8077224614,68969.01961402982
65.58538016666668,68.38456684006981,0.04268004037317139,121883.87050173337,35416.10529000001,86467.76521173336,108084.70651466669,1858.4,540.0,1318.4,1648.0,0.6292906178489701,6150.266666666666,6360.666666666667,0.0,51.55384335228537,51.55384335228537,52.35243045899558,284586.61127960734,295433.53992092825,380687.0026013582,2050.520399586622,2128.218029701743,2741.9415362269965,23789870.672635317,18649127.02332505,300257328.3356371,303395237.0922201,302947966.9108559,2166150.1660094215,2188873.3162375195,2186034.8077224614,68969.01961402982
61.84114549999999,61.89240800037757,0.0008289384027917204,80471.82126763332,33394.21857,47077.60269763333,58847.00337204166,1301.2666666666669,540.0,761.2666666666668,951.5833333333334,0.5057208237986268,5536.4,5886.083333333333,0.0,51.51118310371481,51.55384335228537,51.55384335228537,252950.10428533188,270966.9450966561,320024.7231999683,1822.2959660994143,1952.961374320875,2304.367124592013,23789870.672635317,18649127.02332505,300257328.3356371,303395237.0922201,302947966.9108559,2166150.1660094215,2188873.3162375195,2186034.8077224614,68969.01961402982
52.280279916666665,53.00813387182625,0.013922151073402314,32608.953260022223,28231.351155,4377.6021050222225,5472.002631277778,623.7333333333333,540.0,83.73333333333335,104.66666666666667,0.3821510297482836,5056.683333333333,5575.75,0.0,51.51118310371481,51.51118310371481,51.51118310371481,228239.3312307615,254977.0693404631,260368.57317198525,1642.1848614847481,1837.0700451737023,1876.3674685479198,23789870.672635317,18649127.02332505,300257328.3356371,303395237.0922201,302947966.9108559,2166150.1660094215,2188873.3162375195,2186034.8077224614,68969.01961402982
48.328868333333325,48.67971582133813,0.0072595841803069555,13428.98154755555,26097.588899999995,-12668.607352444445,-15835.759190555555,277.8666666666666,540.0,-262.1333333333334,-327.6666666666667,0.25858123569794034,4954.633333333333,5560.166666666667,0.0,51.4070122316498,51.51118310371481,51.51118310371481,222988.04708122482,254174.35340376355,237295.85574011298,1604.2624865543194,1831.2192345280187,1708.195772181344,23789870.672635317,18649127.02332505,300257328.3356371,303395237.0922201,302947966.9108559,2166150.1660094215,2188873.3162375195,2186034.8077224614,68969.01961402982
40.777496000000006,40.96084102539023,0.004496230602051228,-33266.2812368,-22019.847840000002,-11246.433396800003,-14058.041746000003,-815.8,-540.0,-275.8,-344.75,0.3701029748283751,5703.383333333333,5232.333333333333,0.0,51.51118310371481,51.51118310371481,51.4070122316498,261551.6133439339,237287.270542929,219541.20691109268,1884.9903745048737,1708.1331966664166,1579.5724041091657,23789870.672635317,18649127.02332505,300257328.3356371,303395237.0922201,302947966.9108559,2166150.1660094215,2188873.3162375195,2186034.8077224614,68969.01961402982
43.29827291666667,44.03479223700115,0.01701036255538446,-16591.89818166667,0.0,-16591.89818166667,-20739.872727083333,-383.20000000000005,0.0,-383.20000000000005,-479.0,0.3701029748283751,5313.2,5409.0,0.0,51.51118310371481,51.51118310371481,51.4070122316498,241452.80821658275,246387.57955791865,221721.72101325184,1738.4948365090447,1774.4632424891406,1595.1916583529928,23789870.672635317,18649127.02332505,300257328.3356371,303395237.0922201,302947966.9108559,2166150.1660094215,2188873.3162375195,2186034.8077224614,68969.01961402982
42.0972755,41.03994308636288,-0.025116409579454158,-17375.073228514993,-123.60972861499347,-17251.4634999,-21564.329374875,-412.7362880886435,-2.936288088643491,-409.8,-512.25,0.3707093821510298,5372.152954755311,5471.666666666667,0.0,51.51118310371481,51.51118310371481,51.4070122316498,244489.5446634886,249615.6136990848,223233.94395639957,1760.6289055107698,1797.9916361017297,1606.023872003427,23789870.672635317,18649127.02332505,300257328.3356371,303395237.0922201,302947966.9108559,2166150.1660094215,2188873.3162375195,2186034.8077224614,68969.01961402982
47.534595333333336,47.971966081219506,0.009201103844876345,18497.29553071111,25668.681480000003,-7171.38594928889,-8964.232436611112,389.1333333333333,540.0,-150.86666666666667,-188.58333333333334,0.24713958810068654,4762.783333333333,5340.5,0.0,51.4070122316498,51.51118310371481,51.51118310371481,213125.61178458278,242859.06351531416,233144.91290167198,1533.6168144125932,1748.7447058541034,1677.9405107140922,23789870.672635317,18649127.02332505,300257328.3356371,303395237.0922201,302947966.9108559,2166150.1660094215,2188873.3162375195,2186034.8077224614,68969.01961402982
52.41730050000001,51.81664738364009,-0.01145906238265596,30706.054632900006,28305.342270000005,2400.7123629000007,3000.8904536250006,585.8,540.0,45.800000000000004,57.25,0.12356979405034328,5092.116666666667,5620.666666666667,0.0,51.51118310371481,51.51118310371481,51.51118310371481,230064.5441520698,257290.7799815383,260239.79521422597,1655.4884159582493,1853.9341464465551,1875.4288358240133,23789870.672635317,18649127.02332505,300257328.3356371,303395237.0922201,302947966.9108559,2166150.1660094215,2188873.3162375195,2186034.8077224614,68969.01961402982
54.58552666666666,52.85487062344875,-0.03170540157625259,81390.6592951111,29476.184399999995,51914.4748951111,64893.09361888887,1491.0666666666666,540.0,951.0666666666666,1188.8333333333333,2.7755575615628914e-17,5531.849999999999,5834.083333333333,0.0,51.51118310371481,51.55384335228537,51.55384335228537,252715.72840220996,268286.14524233725,329575.07268097915,1820.5876545419044,1933.7585379806358,2372.7772290541147,23789870.672635317,18649127.02332505,300257328.3356371,303395237.0922201,302947966.9108559,2166150.1660094215,2188873.3162375195,2186034.8077224614,68969.01961402982
36.04565666666667,36.8285638562581,0.021719875901592776,17792.13613066667,0.0,17792.13613066667,22240.170163333336,493.6,0.0,493.6,617.0,2.7755575615628914e-17,5317.733333333333,5203.333333333333,9.0,51.51118310371481,51.51118310371481,51.55384335228537,241686.32557998624,235793.44623292127,267577.27989624336,1740.1968905150616,1697.2450570691017,1928.6808649098996,23789870.672635317,18649127.02332505,300257328.3356371,303395237.0922201,302947966.9108559,2166150.1660094215,2188873.3162375195,2186034.8077224614,68969.01961402982
16.946934333333335,17.15286363065001,0.012151418850524873,-4293.223364444446,0.0,-4293.223364444446,-5366.5292055555565,-253.33333333333337,0.0,-253.33333333333337,-316.6666666666667,2.7755575615628914e-17,3908.7499999999995,3972.083333333333,0.0,50.67189760672262,50.67189760672262,50.48342530309743,169578.68467987244,172787.90486163154,156744.57135449426,1219.9811014516476,1243.1707113629027,1127.1909059455747,23789870.672635317,18649127.02332505,300257328.3356371,303395237.0922201,302947966.9108559,2166150.1660094215,2188873.3162375195,2186034.8077224614,68969.01961402982
-3.999180666666667,-3.8851074547665165,-0.02852414567087588,3927.195414666667,2159.55756,1767.637854666667,2209.547318333334,-982.0,-540.0,-442.0,-552.5,0.11152173913043481,3501.583333333333,3501.583333333333,429.5,49.59668157099698,49.59668157099698,49.04776244262763,149061.34785175155,149061.34785175155,121668.7470436946,1072.962946423208,1072.962946423208,883.3445180662522,23789870.672635317,18649127.02332505,300257328.3356371,303395237.0922201,302947966.9108559,2166150.1660094215,2188873.3162375195,2186034.8077224614,68969.01961402982
-18.103215000000002,-18.191134687996993,0.004856578679366535,26571.898977000004,9775.736100000002,16796.162877000002,20995.20359625,-1467.8000000000002,-540.0,-927.8000000000001,-1159.75,0.2230434782608696,3728.5,3728.5,308.0500000000002,50.67189760672262,50.67189760672262,48.51156631731116,160445.0751362607,160445.0751362607,103172.91969476464,1153.9822511384318,1153.9822511384318,748.5143527006096,23789870.672635317,18649127.02332505,300257328.3356371,303395237.0922201,302947966.9108559,2166150.1660094215,2188873.3162375195,2186034.8077224614,68969.01961402982
-24.96990658333333,-24.783520038689197,-0.007464447014332756,38190.63978898888,13483.749554999999,24706.890233988885,30883.612792486107,-1529.4666666666667,-540.0,-989.4666666666667,-1236.8333333333333,0.3345652173913044,3571.5,3571.5,292.6333333333332,49.59668157099698,49.59668157099698,48.51156631731116,152528.98250492374,152528.98250492374,91817.1705459874,1096.9304120533943,1096.9304120533943,665.5863670635459,23789870.672635317,18649127.02332505,300257328.3356371,303395237.0922201,302947966.9108559,2166150.1660094215,2188873.3162375195,2186034.8077224614,68969.01961402982
-35.792520333333336,-36.46830402344813,0.01888058409470093,61272.02247462222,19327.96098,41944.06149462222,52430.07686827778,-1711.8666666666666,-540.0,-1171.8666666666666,-1464.8333333333333,0.4460869565217392,3606.5,3606.5,247.03333333333285,50.48342530309743,50.48342530309743,47.68427170359607,154275.0904667511,154275.0904667511,82484.29496842224,1109.1741907588223,1109.1741907588223,597.6634375145732,23789870.672635317,18649127.02332505,300257328.3356371,303395237.0922201,302947966.9108559,2166150.1660094215,2188873.3162375195,2186034.8077224614,68969.01961402982
-45.29136408333333,-45.40205500373844,0.002443974091869835,70328.43014859999,24457.336604999997,45871.0935436,57338.86692949999,-1552.8000000000002,-540.0,-1012.8000000000001,-1266.0,0.557608695652174,3473.5,3473.5,286.7999999999993,49.59668157099698,49.59668157099698,48.51156631731116,147668.50771096605,147668.50771096605,85648.11636263599,1063.335966783908,1063.335966783908,620.5354215020793,23789870.672635317,18649127.02332505,300257328.3356371,303395237.0922201,302947966.9108559,2166150.1660094215,2188873.3162375195,2186034.8077224614,68969.01961402982
-64.47344241666666,-64.47344241666666,0.025403394551203582,73117.18192999443,34815.658905,38301.52302499444,47876.903781243054,-1134.0666666666666,-540.0,-594.0666666666667,-742.5833333333334,0.6691304347826088,3154.666666666667,3154.666666666667,391.4833333333336,49.59668157099698,49.59668157099698,48.51156631731116,131855.4324034132,131855.4324034132,95572.77430505256,954.0397528374327,954.0397528374327,693.0125324807166,23789870.672635317,18649127.02332505,300257328.3356371,303395237.0922201,302947966.9108559,2166150.1660094215,2188873.3162375195,2186034.8077224614,68969.01961402982
-41.24049900000001,-41.56376471040326,0.007838549926450968,26776.081317400007,22269.869460000005,4506.2118574000015,5632.764821750001,-649.2666666666667,-540.0,-109.26666666666668,-136.58333333333334,0.7806521739130436,3120.0,3120.0,512.6833333333334,49.59668157099698,49.59668157099698,49.59668157099698,130136.08077561861,130136.08077561861,123362.00068437993,942.1560034904035,942.1560034904035,895.3351737313147,23789870.672635317,18649127.02332505,300257328.3356371,303395237.0922201,302947966.9108559,2166150.1660094215,2188873.3162375195,2186034.8077224614,68969.01961402982
-25.2104205,-25.62113011695206,0.016291264041076253,18001.920931700002,13613.62707,4388.293861700001,5485.367327125001,-714.0666666666667,-540.0,-174.0666666666667,-217.58333333333334,0.8921739130434785,3753.25,3753.25,496.4833333333336,50.67189760672262,50.67189760672262,49.59668157099698,161699.2046020271,161699.2046020271,150751.768081963,1163.0445065905933,1163.0445065905933,1084.6467288341094,23789870.672635317,18649127.02332505,300257328.3356371,303395237.0922201,302947966.9108559,2166150.1660094215,2188873.3162375195,2186034.8077224614,68969.01961402982
-2.741527333333334,-2.7323169440998063,-0.0033595832226589344,990.3457747174954,1431.3661384063844,-441.020363688889,-551.2754546111113,-361.23870175438526,-522.1053684210519,160.86666666666667,201.08333333333334,1.0,3984.25,3984.25,562.3220350877186,50.67189760672262,50.67189760672262,50.67189760672262,173404.41294918003,173404.41294918003,183593.68702626514,1247.6255574774332,1247.6255574774332,1321.2525689456672,23789870.672635317,18649127.02332505,300257328.3356371,303395237.0922201,302947966.9108559,2166150.1660094215,2188873.3162375195,2186034.8077224614,68969.01961402982
49.03429274999999,49.36668944983755,0.006778861918785538,35258.9254401,0.0,35258.9254401,44073.656800125,719.0666666666667,0.0,719.0666666666667,898.8333333333334,1.0,4714.849999999999,4536.083333333333,1.0,51.4070122316498,51.4070122316498,51.51118310371481,210661.50233161237,201471.64211166778,247722.57772002323,1515.9661365323393,1450.1381911416563,1784.193735060304,23789870.672635317,18649127.02332505,300257328.3356371,303395237.0922201,302947966.9108559,2166150.1660094215,2188873.3162375195,2186034.8077224614,68969.01961402982
69.28198208333333,68.77550761765372,-0.0073103345263768995,170373.63154052777,37412.270325,132961.36121552778,166201.70151940972,2459.133333333333,540.0,1919.1333333333332,2398.9166666666665,0.8764302059496567,5592.033333333333,5652.25,0.0,51.51118310371481,51.51118310371481,52.35243045899558,255815.84310533523,258917.67484789726,382911.98089586553,1843.1836729820795,1865.79220652524,2758.1744197699686,23789870.672635317,18649127.02332505,300257328.3356371,303395237.0922201,302947966.9108559,2166150.1660094215,2188873.3162375195,2186034.8077224614,68969.01961402982
57.78173241666667,57.44898480481425,-0.005758699124023484,86291.23919105002,0.0,86291.23919105002,107864.0489888125,1493.4,0.0,1493.4,1866.75,0.8764302059496567,6553.016666666666,6179.666666666667,0.0,51.55384335228537,51.55384335228537,52.35243045899558,305349.9216897403,286102.2942741646,382663.30685118533,2199.250059894916,2061.377387825142,2756.360156315166,23789870.672635317,18649127.02332505,300257328.3356371,303395237.0922201,302947966.9108559,2166150.1660094215,2188873.3162375195,2186034.8077224614,68969.01961402982
63.08651791666667,63.887846682853684,0.012702060482170194,123579.12850499309,33899.54040252084,89679.58810247225,112099.4851280903,1958.8833333333337,537.35,1421.5333333333335,1776.9166666666667,0.7534668192219679,6169.45,6351.416666666667,0.0,51.55384335228537,51.55384335228537,52.35243045899558,285575.5858412487,294956.6668699196,386951.84344628477,2057.6045228647035,2124.802140545066,2787.6482436146603,23789870.672635317,18649127.02332505,300257328.3356371,303395237.0922201,302947966.9108559,2166150.1660094215,2188873.3162375195,2186034.8077224614,68969.01961402982
64.67502691666667,64.39730202468552,-0.004294159665971152,85310.67217154446,34924.514535,50386.15763654445,62982.69704568056,1319.0666666666666,540.0,779.0666666666667,973.8333333333334,0.6298970251716246,6250.099999999999,6595.333333333333,0.0,51.55384335228537,51.55384335228537,51.8200325163863,289733.4033076105,307531.5084942645,357838.14994189737,2087.3873834577857,2214.876983442309,2576.421154113232,23789870.672635317,18649127.02332505,300257328.3356371,303395237.0922201,302947966.9108559,2166150.1660094215,2188873.3162375195,2186034.8077224614,68969.01961402982
65.04243933333333,65.1338567502752,0.0014055041274413957,49024.654606844444,35122.91724,13901.737366844445,17377.171708555557,753.7333333333333,540.0,213.73333333333335,267.1666666666667,0.5063272311212813,6116.35,6602.916666666667,0.0,51.55384335228537,51.55384335228537,51.55384335228537,282838.0767592424,307922.45847301936,321695.926955305,2037.9954726788058,2217.677397075261,2316.3381235284764,23789870.672635317,18649127.02332505,300257328.3356371,303395237.0922201,302947966.9108559,2166150.1660094215,2188873.3162375195,2186034.8077224614,68969.01961402982
66.39059591666667,68.62303601028718,0.033625848100876675,51204.85361066111,35850.921795,15353.93181566111,19192.41476957639,771.2666666666667,540.0,231.26666666666665,289.0833333333333,0.38275743707093807,6397.983333333334,6880.166666666667,0.0,51.55384335228537,51.55384335228537,51.55384335228537,297357.357508691,322215.7615424405,337119.1184248636,2141.9985266779595,2320.0617504470165,2426.8159800372237,23789870.672635317,18649127.02332505,300257328.3356371,303395237.0922201,302947966.9108559,2166150.1660094215,2188873.3162375195,2186034.8077224614,68969.01961402982
66.44711258333332,66.30353555633971,-0.0021607714979871915,45299.2115518111,35881.440794999995,9417.77075681111,11772.213446013886,681.7333333333333,540.0,141.73333333333332,177.16666666666666,0.2591876430205948,6781.433333333333,7286.0,0.0,51.55384335228537,51.8200325163863,51.8200325163863,317125.6787421248,343164.444067674,352345.2264951605,2283.600980421511,2470.3899033431653,2536.729644113372,23789870.672635317,18649127.02332505,300257328.3356371,303395237.0922201,302947966.9108559,2166150.1660094215,2188873.3162375195,2186034.8077224614,68969.01961402982
66.63747408333333,65.79092210577201,-0.01270384253314683,42572.460942705555,35984.236005,6588.224937705556,8235.281172131943,638.8666666666667,540.0,98.86666666666667,123.58333333333333,0.1356178489702516,6948.799999999999,7464.083333333333,0.0,51.55384335228537,51.8200325163863,51.8200325163863,325754.0736578523,352392.72819163377,358796.82054345054,2345.407032514037,2537.072888303622,2583.3484459528304,23789870.672635317,18649127.02332505,300257328.3356371,303395237.0922201,302947966.9108559,2166150.1660094215,2188873.3162375195,2186034.8077224614,68969.01961402982
63.47450575000001,62.7918137232758,-0.010755373652109355,413.6421958041665,3341.9327277375005,-2928.290531933334,-3660.3631649166673,6.516666666666666,52.65,-46.13333333333333,-57.666666666666664,0.12356979405034312,7322.066666666667,7386.25,0.0,51.8200325163863,51.8200325163863,51.8200325163863,345033.41990709834,348359.4023274417,345371.11378566345,2483.8950020286525,2507.928336149637,2486.3351561811596,23789870.672635317,18649127.02332505,300257328.3356371,303395237.0922201,302947966.9108559,2166150.1660094215,2188873.3162375195,2186034.8077224614,68969.01961402982
59.51825758333333,60.88801757994175,0.023014114529320367,-2642.6106367,0.0,-2642.6106367,-3303.263295875,-44.400000000000006,0.0,-44.400000000000006,-55.5,0.12356979405034312,7325.9,7337.0,0.0,51.8200325163863,51.8200325163863,51.8200325163863,345232.0633650778,345807.26572600973,342931.2539213503,2485.3303868242447,2489.486761928004,2468.704886409209,23789870.672635317,18649127.02332505,300257328.3356371,303395237.0922201,302947966.9108559,2166150.1660094215,2188873.3162375195,2186034.8077224614,68969.01961402982
61.40195958333334,60.15214181849616,-0.020354688568871394,-81.86927944444446,0.0,-81.86927944444446,-102.33659930555557,-1.3333333333333335,0.0,-1.3333333333333335,-1.6666666666666667,0.12356979405034312,7609.583333333334,7609.916666666667,0.0,51.8200325163863,51.8200325163863,51.8200325163863,359932.54292276804,359949.81626694015,359863.4495460795,2591.555102501544,2591.679918570726,2591.055838224816,23789870.672635317,18649127.02332505,300257328.3356371,303395237.0922201,302947966.9108559,2166150.1660094215,2188873.3162375195,2186034.8077224614,68969.01961402982
66.72947391666669,67.58558103154604,0.012829519920215034,69265.19392550003,36033.91591500001,33231.27801050001,41539.097513125016,1038.0,540.0,498.0,622.5,0.0,7531.333333333333,7946.833333333333,0.0,51.8200325163863,52.35243045899558,52.36610811073134,355877.62537836074,377449.87731797696,410044.825700054,2562.2545302610806,2718.3242821311424,2956.574780168599,23789870.672635317,18649127.02332505,300257328.3356371,303395237.0922201,302947966.9108559,2166150.1660094215,2188873.3162375195,2186034.8077224614,68969.01961402982
41.54014025,41.24367572134505,-0.007136820599804066,6477.492536316667,0.0,6477.492536316667,8096.865670395833,155.93333333333334,0.0,155.93333333333334,194.91666666666666,0.0,7075.900000000001,7047.916666666667,11.0,51.55384335228537,51.55384335228537,51.8200325163863,332306.5671479278,330863.91876478633,340927.54599738336,2392.3431959533523,2382.0093619099994,2454.226222384103,23789870.672635317,18649127.02332505,300257328.3356371,303395237.0922201,302947966.9108559,2166150.1660094215,2188873.3162375195,2186034.8077224614,68969.01961402982
22.035774083333333,22.381451129232307,0.0156870843107993,-3481.652305166667,0.0,-3481.652305166667,-4352.065381458333,-158.0,0.0,-158.0,-197.5,0.0,4522.833333333333,4562.333333333333,0.0,51.4070122316498,51.4070122316498,50.67189760672262,200790.49919959842,202821.0761827486,192689.29264667185,1445.2590920753134,1459.804330801392,1386.9768054573028,23789870.672635317,18649127.02332505,300257328.3356371,303395237.0922201,302947966.9108559,2166150.1660094215,2188873.3162375195,2186034.8077224614,68969.01961402982
0.7659239999999999,0.7742686771769739,0.010894915392354846,-831.3849711999999,-413.59896,-417.78601119999996,-522.232514,-1085.4666666666667,-540.0,-545.4666666666667,-681.8333333333334,0.11152173913043478,3648.5,3648.5,403.6333333333332,50.48342530309743,50.48342530309743,49.31680357369036,156395.39432948118,156395.39432948118,122531.34956073151,1124.6433976653354,1124.6433976653354,889.5927630953787,23789870.672635317,18649127.02332505,300257328.3356371,303395237.0922201,302947966.9108559,2166150.1660094215,2188873.3162375195,2186034.8077224614,68969.01961402982
-16.930999999999997,-16.767225317098845,-0.009673066145009377,26015.045866666664,9142.739999999998,16872.305866666666,21090.38233333333,-1536.5333333333333,-540.0,-996.5333333333334,-1245.6666666666667,0.22304347826086957,3850.083333333333,3850.083333333333,290.8666666666668,50.67189760672262,50.67189760672262,48.51156631731116,166605.93335361138,166605.93335361138,104903.16556008204,1198.500199639117,1198.500199639117,761.1498734740745,23789870.672635317,18649127.02332505,300257328.3356371,303395237.0922201,302947966.9108559,2166150.1660094215,2188873.3162375195,2186034.8077224614,68969.01961402982
-22.34433841666667,-22.572793803125705,0.01022430748223136,36626.83953260001,12065.942745000002,24560.896787600006,30701.120984500005,-1639.2,-540.0,-1099.2,-1374.0,0.33456521739130435,3867.75,3867.75,265.1999999999998,50.67189760672262,50.67189760672262,48.51156631731116,167501.13687799685,167501.13687799685,99534.5522209663,1204.9688802985725,1204.9688802985725,721.9443323825757,23789870.672635317,18649127.02332505,300257328.3356371,303395237.0922201,302947966.9108559,2166150.1660094215,2188873.3162375195,2186034.8077224614,68969.01961402982
-26.290263583333328,-26.782990880782645,0.01874181656214662,51036.412352205545,14196.742334999997,36839.67001720555,46049.58752150693,-1941.2666666666667,-540.0,-1401.2666666666667,-1751.5833333333333,0.44608695652173913,4040.25,4040.25,189.6833333333334,50.67189760672262,50.67189760672262,48.51156631731116,176242.0392151565,176242.0392151565,89585.63849539109,1268.1300546621217,1268.1300546621217,649.2900879351517,23789870.672635317,18649127.02332505,300257328.3356371,303395237.0922201,302947966.9108559,2166150.1660094215,2188873.3162375195,2186034.8077224614,68969.01961402982
-26.81855066666667,-27.307095602194284,0.018216679253097525,48135.722639911124,14482.017360000002,33653.70527991112,42067.13159988889,-1794.8666666666668,-540.0,-1254.8666666666668,-1568.5833333333333,0.557608695652174,4058.0,4058.0,226.28333333333376,50.67189760672262,50.67189760672262,48.51156631731116,177141.4653976758,177141.4653976758,99324.3354335913,1274.629247966197,1274.629247966197,720.4091756530894,23789870.672635317,18649127.02332505,300257328.3356371,303395237.0922201,302947966.9108559,2166150.1660094215,2188873.3162375195,2186034.8077224614,68969.01961402982
-31.930600916666663,-33.15051132774249,0.03820505646791878,55629.49291701666,17242.524494999998,38386.96842201666,47983.71052752083,-1742.2,-540.0,-1202.2,-1502.75,0.6691304347826088,3616.5,3616.5,239.44999999999982,50.48342530309743,50.48342530309743,46.84587715731838,154779.92471978208,154779.92471978208,81169.0620153016,1112.8573352603732,1112.8573352603732,588.2077312656838,23789870.672635317,18649127.02332505,300257328.3356371,303395237.0922201,302947966.9108559,2166150.1660094215,2188873.3162375195,2186034.8077224614,68969.01961402982
-26.876919416666667,-26.66403385027531,-0.007920757698865832,47935.881676938894,14513.536485,33422.3451919389,41777.93148992361,-1783.5333333333335,-540.0,-1243.5333333333335,-1554.4166666666667,0.7806521739130436,3895.5,3895.5,229.1166666666668,50.67189760672262,50.67189760672262,48.51156631731116,168907.2820365834,168907.2820365834,92128.45309652346,1215.1295909570563,1215.1295909570563,667.8595799129776,23789870.672635317,18649127.02332505,300257328.3356371,303395237.0922201,302947966.9108559,2166150.1660094215,2188873.3162375195,2186034.8077224614,68969.01961402982
-20.406512666666668,-20.159295303249895,-0.012114630630670893,19597.05433088889,11019.51684,8577.53749088889,10721.92186361111,-960.3333333333333,-540.0,-420.3333333333333,-525.4166666666666,0.8921739130434785,3848.166666666667,3848.166666666667,434.91666666666697,50.67189760672262,50.67189760672262,49.59668157099698,166508.81221653186,166508.81221653186,140191.80796413828,1197.7984088128555,1197.7984088128555,1011.6587971474278,23789870.672635317,18649127.02332505,300257328.3356371,303395237.0922201,302947966.9108559,2166150.1660094215,2188873.3162375195,2186034.8077224614,68969.01961402982
1.801458666666666,1.8396289320928612,0.02118853245565915,-989.9112083172225,-940.5512408505559,-49.35996746666665,-61.69995933333331,-549.5053684184203,-522.1053684184203,-27.400000000000002,-34.25,1.0,4009.5,4009.5,515.2553684184204,50.67189760672262,50.67189760672262,50.67189760672262,174683.87836374977,174683.87836374977,172948.3658707195,1256.870888797315,1256.870888797315,1244.3301918584655,23789870.672635317,18649127.02332505,300257328.3356371,303395237.0922201,302947966.9108559,2166150.1660094215,2188873.3162375195,2186034.8077224614,68969.01961402982
49.656480833333326,50.59706817610531,0.01894188486552157,22686.390876722224,0.0,22686.390876722224,28357.988595902774,456.86666666666673,0.0,456.86666666666673,571.0833333333334,1.0,5988.049999999999,5876.833333333333,3.0,51.55384335228537,51.55384335228537,51.55384335228537,276223.7186571441,270490.0720456475,299931.6127534151,1990.6161668624077,1949.5454851641978,2160.4381733687787,23789870.672635317,18649127.02332505,300257328.3356371,303395237.0922201,302947966.9108559,2166150.1660094215,2188873.3162375195,2186034.8077224614,68969.01961402982
73.14383199999999,73.4412712938036,0.004066498646169024,151477.2188804,39303.838125199996,112173.38075519999,140216.72594399998,2070.9500000000003,537.35,1533.6000000000001,1917.0,0.8770366132723112,7115.049999999999,7269.0,0.0,51.55384335228537,51.8200325163863,52.43758874329534,334324.9001151697,342283.50351489545,442359.4018584045,2406.8007160056663,2464.024283814886,3191.7435855665944,23789870.672635317,18649127.02332505,300257328.3356371,303395237.0922201,302947966.9108559,2166150.1660094215,2188873.3162375195,2186034.8077224614,68969.01961402982
69.67755341666667,70.94307701942343,0.018162572316352973,102249.48705384445,0.0,102249.48705384445,127811.85881730556,1467.4666666666667,0.0,1467.4666666666667,1834.3333333333333,0.8770366132723112,8168.616666666667,7801.75,0.0,52.36610811073134,51.8200325163863,52.51888018461165,389060.85341161554,369890.6258380002,465966.29611425183,2803.0414316761135,2663.5115663849383,3362.816869431367,23789870.672635317,18649127.02332505,300257328.3356371,303395237.0922201,302947966.9108559,2166150.1660094215,2188873.3162375195,2186034.8077224614,68969.01961402982
71.68085383333334,72.45346518259296,0.010778489763194376,71226.8750923889,0.0,71226.8750923889,89033.59386548612,993.6666666666666,0.0,993.6666666666666,1242.0833333333333,0.8770366132723112,8525.083333333332,8276.666666666666,0.0,52.36610811073134,52.36610811073134,52.43758874329534,407727.62541615416,394719.01139298,459808.00951273605,2939.6205298567597,2844.440454188977,3318.069602173008,23789870.672635317,18649127.02332505,300257328.3356371,303395237.0922201,302947966.9108559,2166150.1660094215,2188873.3162375195,2186034.8077224614,68969.01961402982
67.29605774999999,67.03073752648555,-0.003942581963717396,2126.555424899998,-36339.871184999996,38466.426609899994,48083.03326237499,31.600000000000023,-540.0,571.6,714.5,0.9885583524027459,8929.816666666666,8246.916666666666,0.0,52.43758874329534,52.36610811073134,52.43758874329534,428925.7655821846,393161.1196766857,430582.79338647274,3094.4855238958107,2833.041833922825,3106.4822244961497,23789870.672635317,18649127.02332505,300257328.3356371,303395237.0922201,302947966.9108559,2166150.1660094215,2188873.3162375195,2186034.8077224614,68969.01961402982
67.46272733333333,66.38272361920328,-0.016008894938293182,5064.202065155555,0.0,5064.202065155555,6330.252581444444,75.06666666666666,0.0,75.06666666666666,93.83333333333333,0.9885583524027459,8148.349999999999,8129.583333333333,0.0,52.35243045899558,52.35243045899558,52.36610811073134,387999.76459597226,387017.2839843584,391930.5161360836,2795.2936134715655,2788.125681365924,2824.0378817798146,23789870.672635317,18649127.02332505,300257328.3356371,303395237.0922201,302947966.9108559,2166150.1660094215,2188873.3162375195,2186034.8077224614,68969.01961402982
89.54194116666666,85.6322805397745,-0.04366289781025641,27549.07056561111,48352.64823,-20803.57766438889,-26004.47208048611,307.66666666666663,540.0,-232.33333333333337,-290.4166666666667,0.8649885583524026,8206.583333333332,8804.666666666666,0.0,52.36610811073134,52.36610811073134,52.36610811073134,391049.0199828862,422368.31647544616,407160.3259116213,2817.5882423014873,3046.74201723194,2935.469771776649,23789870.672635317,18649127.02332505,300257328.3356371,303395237.0922201,302947966.9108559,2166150.1660094215,2188873.3162375195,2186034.8077224614,68969.01961402982
89.15231625,88.32569722299672,-0.009271985987276894,23250.924078000004,48142.250775,-24891.326696999997,-31114.15837125,260.8,540.0,-279.2,-349.0,0.7414187643020593,8258.95,8868.75,0.0,52.36610811073134,52.36610811073134,52.36610811073134,393791.2585109516,425724.1112368755,407448.3395062303,2837.65236828258,3071.2953477212136,2937.577079725013,23789870.672635317,18649127.02332505,300257328.3356371,303395237.0922201,302947966.9108559,2166150.1660094215,2188873.3162375195,2186034.8077224614,68969.01961402982
86.37327691666667,86.57391525211965,0.0023229214244882414,30731.61192695,46641.569535,-15909.957608050001,-19887.4470100625,355.79999999999995,540.0,-184.20000000000002,-230.25,0.617848970251716,8158.116666666666,8744.166666666666,0.0,52.35243045899558,52.36610811073134,52.36610811073134,388511.0733334551,419200.1669347469,407142.870542251,2799.0239937681076,3023.5616297999336,2935.342056143414,23789870.672635317,18649127.02332505,300257328.3356371,303395237.0922201,302947966.9108559,2166150.1660094215,2188873.3162375195,2186034.8077224614,68969.01961402982
85.45462874999998,85.9731872145695,0.006068231436433799,30906.090731249995,46145.49952499999,-15239.408793749997,-19049.260992187497,361.66666666666663,540.0,-178.33333333333334,-222.91666666666666,0.4942791762013728,8292.833333333332,8877.416666666666,0.0,52.36610811073134,52.43758874329534,52.36610811073134,395565.5968074368,426178.03593203594,414504.67257415137,2850.634662400835,3074.592260874996,2989.206124459936,23789870.672635317,18649127.02332505,300257328.3356371,303395237.0922201,302947966.9108559,2166150.1660094215,2188873.3162375195,2186034.8077224614,68969.01961402982
79.76460816666668,80.34494703383201,0.007275643678368221,42365.642217588895,43072.88841000001,-707.2461924111112,-884.057740513889,531.1333333333333,540.0,-8.866666666666667,-11.083333333333334,0.37070938215102955,8446.283333333333,8988.5,0.0,52.36610811073134,52.43758874329534,52.43758874329534,403601.17609702854,432002.9780816037,431421.7948063655,2909.4285541601967,3116.764206814478,3112.556503281131,23789870.672635317,18649127.02332505,300257328.3356371,303395237.0922201,302947966.9108559,2166150.1660094215,2188873.3162375195,2186034.8077224614,68969.01961402982
99.16066058333335,93.07249214759186,-0.06139701369400493,118430.8822900278,53546.75671500001,64884.12557502779,81105.15696878474,1194.3333333333335,540.0,654.3333333333334,817.9166666666666,0.2471395881006863,9325.0,9701.416666666666,0.0,52.43758874329534,52.51888018461165,52.91215786660042,449648.2266937226,469397.52961964643,512477.7182280945,3244.5138825111217,3387.826334476843,3700.997768975454,23789870.672635317,18649127.02332505,300257328.3356371,303395237.0922201,302947966.9108559,2166150.1660094215,2188873.3162375195,2186034.8077224614,68969.01961402982
126.3564865,126.5616116159138,0.0016233841379707352,308865.7956006,68232.50271,240633.29289060002,300791.61611325,2444.4,540.0,1904.4,2380.5,0.12356979405034306,11557.76666666667,11621.66666666667,0.0,54.25992897817577,54.25992897817577,56.0878794159478,567901.7676888433,571368.9771505487,703507.2170071641,4101.834452073398,4126.791445299224,5081.460699413999,23789870.672635317,18649127.02332505,300257328.3356371,303395237.0922201,302947966.9108559,2166150.1660094215,2188873.3162375195,2186034.8077224614,68969.01961402982
79.37768808333333,77.17979533747582,-0.02768904964264102,136227.98828861665,42863.951564999996,93364.03672361666,116705.04590452083,1716.2,540.0,1176.2,1470.25,0.0,11056.466666666669,11302.41666666667,0.0,52.91215786660042,54.25992897817577,55.79006567320489,540898.6019568413,554046.4948242661,634701.0959693063,3907.3573106355216,4002.1041199886618,4586.2390618815225,23789870.672635317,18649127.02332505,300257328.3356371,303395237.0922201,302947966.9108559,2166150.1660094215,2188873.3162375195,2186034.8077224614,68969.01961402982
19.813075083333334,19.549944528048446,-0.013280652002688432,-16061.243377728655,-10344.510780350876,-5716.732597377779,-7145.915746722223,-810.6385964912281,-522.1052631578947,-288.53333333333336,-360.6666666666667,0.10782608695652172,7906.471929824562,7766.5,310.0,52.35243045899558,51.8200325163863,51.8200325163863,375336.85974755656,368063.9696917976,349374.21129755425,2702.908235947876,2650.312267068947,2515.2612802140766,23789870.672635317,18649127.02332505,300257328.3356371,303395237.0922201,302947966.9108559,2166150.1660094215,2188873.3162375195,2186034.8077224614,68969.01961402982
1.6818733333333336,1.6677558305840996,-0.008393915563935027,-2428.6250933333336,-908.2116000000001,-1520.4134933333335,-1900.5168666666668,-1444.0,-540.0,-904.0,-1130.0,0.21934782608695652,6201.666666666667,6201.666666666667,314.0,51.55384335228537,51.55384335228537,51.51118310371481,287236.47882791486,287236.47882791486,229011.14045759887,2069.50166473832,2069.50166473832,1647.8104002766943,23789870.672635317,18649127.02332505,300257328.3356371,303395237.0922201,302947966.9108559,2166150.1660094215,2188873.3162375195,2186034.8077224614,68969.01961402982
3.2267497499999998,3.2656485938090647,0.012055116393536488,-4185.7397757,-1742.444865,-2443.2949107,-3054.1186383749996,-1297.2,-540.0,-757.2,-946.5,0.3308695652173913,5118.583333333333,5118.583333333333,350.6999999999998,51.51118310371481,51.51118310371481,50.67189760672262,231427.87346488144,231427.87346488144,182922.28438297607,1665.4254077286723,1665.4254077286723,1316.4010584510759,23789870.672635317,18649127.02332505,300257328.3356371,303395237.0922201,302947966.9108559,2166150.1660094215,2188873.3162375195,2186034.8077224614,68969.01961402982
-3.33950275,-3.3657083671904156,0.007847161434562542,5371.033589583333,1803.331485,3567.7021045833335,4459.627630729166,-1608.3333333333335,-540.0,-1068.3333333333335,-1335.4166666666667,0.4423913043478261,4689.666666666667,4689.666666666667,272.91666666666697,51.4070122316498,51.4070122316498,49.59668157099698,209366.90240691204,209366.90240691204,141754.10343362467,1506.6927796905231,1506.6927796905231,1022.457011698334,23789870.672635317,18649127.02332505,300257328.3356371,303395237.0922201,302947966.9108559,2166150.1660094215,2188873.3162375195,2186034.8077224614,68969.01961402982
-10.852257833333333,-10.727316913566675,-0.011512896365482191,19105.761657511113,5860.21923,13245.542427511113,16556.92803438889,-1760.5333333333335,-540.0,-1220.5333333333335,-1525.6666666666667,0.5539130434782609,4797.416666666667,4797.416666666667,234.8666666666668,51.4070122316498,51.4070122316498,49.59668157099698,214906.0079748723,214906.0079748723,137662.37720401742,1546.3699815319148,1546.3699815319148,994.1759735888173,23789870.672635317,18649127.02332505,300257328.3356371,303395237.0922201,302947966.9108559,2166150.1660094215,2188873.3162375195,2186034.8077224614,68969.01961402982
-19.373277083333335,-19.313696588131368,-0.0030753958117506687,34414.689410833336,10461.569625,23953.119785833336,29941.39973229167,-1776.4,-540.0,-1236.4,-1545.5,0.6654347826086957,4466.333333333333,4466.333333333333,230.89999999999964,51.4070122316498,51.4070122316498,49.04776244262763,197886.00300851022,197886.00300851022,120283.14775469036,1424.4538771886441,1424.4538771886441,873.2935762176787,23789870.672635317,18649127.02332505,300257328.3356371,303395237.0922201,302947966.9108559,2166150.1660094215,2188873.3162375195,2186034.8077224614,68969.01961402982
-19.9677665,-19.487175511111726,-0.0240683397859382,29693.399969933333,10782.59391,18910.806059933333,23638.507574916664,-1487.0666666666666,-540.0,-947.0666666666666,-1183.8333333333333,0.7769565217391305,4192.666666666667,4192.666666666667,303.2333333333336,50.67189760672262,50.67189760672262,49.59668157099698,183965.2809420478,183965.2809420478,124622.58300764281,1323.9376816722338,1323.9376816722338,904.048018805459,23789870.672635317,18649127.02332505,300257328.3356371,303395237.0922201,302947966.9108559,2166150.1660094215,2188873.3162375195,2186034.8077224614,68969.01961402982
-17.684393,-17.86032752673614,0.009948575941291069,23510.811013733335,9549.57222,13961.238793733333,17451.54849216667,-1329.4666666666667,-540.0,-789.4666666666667,-986.8333333333334,0.8884782608695654,4562.833333333333,4562.833333333333,342.6333333333332,51.4070122316498,51.4070122316498,49.59668157099698,202846.77968886442,202846.77968886442,152752.16757199322,1459.9884477472917,1459.9884477472917,1098.4730141320952,23789870.672635317,18649127.02332505,300257328.3356371,303395237.0922201,302947966.9108559,2166150.1660094215,2188873.3162375195,2186034.8077224614,68969.01961402982
-13.22581575,-13.061040231487484,-0.012458628006557339,8733.44700025,7141.9405050000005,1591.50649525,1989.3831190624999,-660.3333333333334,-540.0,-120.33333333333333,-150.41666666666666,1.0,4948.916666666667,4948.916666666667,509.91666666666697,51.4070122316498,51.4070122316498,51.4070122316498,222694.17032796724,222694.17032796724,214961.6989047899,1602.1574161395326,1602.1574161395326,1546.7689015813642,23789870.672635317,18649127.02332505,300257328.3356371,303395237.0922201,302947966.9108559,2166150.1660094215,2188873.3162375195,2186034.8077224614,68969.01961402982
26.809180666666666,26.80894183803914,-8.9084642495138e-06,1181.3912280444445,0.0,1181.3912280444445,1476.7390350555556,44.06666666666667,0.0,44.06666666666667,55.083333333333336,1.0,5579.75,5579.75,11.016666666666652,51.51118310371481,51.51118310371481,51.51118310371481,255183.11407287794,255183.11407287794,258020.52174217423,1838.5718575319524,1838.5718575319524,1859.2530652153582,23789870.672635317,18649127.02332505,300257328.3356371,303395237.0922201,302947966.9108559,2166150.1660094215,2188873.3162375195,2186034.8077224614,68969.01961402982
84.20509441666665,84.31009258282423,0.0012469336550828462,100333.1768339389,0.0,100333.1768339389,125416.4710424236,1191.5333333333335,0.0,1191.5333333333335,1489.4166666666667,1.0,7852.466666666666,7554.583333333333,0.0,51.8200325163863,51.8200325163863,52.43758874329534,372518.7651537896,357082.44113436673,434913.2642568566,2682.502331310972,2570.960451086522,3137.834361349883,23789870.672635317,18649127.02332505,300257328.3356371,303395237.0922201,302947966.9108559,2166150.1660094215,2188873.3162375195,2186034.8077224614,68969.01961402982
105.00342,102.87558567423174,-0.02026442877544626,278126.058668,56701.8468,221424.21186799998,276780.264835,2648.733333333333,540.0,2108.733333333333,2635.9166666666665,0.8764302059496567,9247.016666666666,9259.833333333334,0.0,52.43758874329534,52.43758874329534,54.88259833134684,445558.96873155795,446231.04382728453,586314.5025392507,3214.9081008080707,3219.773851209791,4234.781886384003,23789870.672635317,18649127.02332505,300257328.3356371,303395237.0922201,302947966.9108559,2166150.1660094215,2188873.3162375195,2186034.8077224614,68969.01961402982
89.05635050000001,91.38638022266586,0.026163543751614334,193222.59513483336,48090.42927000001,145132.16586483334,181415.2073310417,2169.666666666667,540.0,1629.6666666666667,2037.0833333333333,0.7528604118993134,9524.416666666666,9657.0,0.0,52.43758874329534,52.51888018461165,54.25992897817577,460105.15584894805,467064.8160247799,575298.3003407181,3320.220909242689,3370.823726225263,4155.074735744244,23789870.672635317,18649127.02332505,300257328.3356371,303395237.0922201,302947966.9108559,2166150.1660094215,2188873.3162375195,2186034.8077224614,68969.01961402982
99.08217200000001,96.83770361389837,-0.022652595727328674,186538.70248533337,53504.37288000001,133034.32960533336,166292.91200666668,1882.6666666666667,540.0,1342.6666666666667,1678.3333333333333,0.6292906178489701,9260.666666666666,9465.0,0.0,52.43758874329534,52.43758874329534,52.91215786660042,446274.7418179039,456989.48911778396,545494.9047368533,3220.090219896508,3297.6638218797107,3940.730338162276,23789870.672635317,18649127.02332505,300257328.3356371,303395237.0922201,302947966.9108559,2166150.1660094215,2188873.3162375195,2186034.8077224614,68969.01961402982
86.18866066666668,85.76158653004642,-0.004955108169878173,39612.308442400004,0.0,39612.308442400004,49515.38555300001,459.6,0.0,459.6,574.5,0.6292906178489701,9086.15,8971.25,0.0,52.43758874329534,52.43758874329534,52.43758874329534,437123.5086223865,431098.42967578187,461223.82440880506,3153.8362895240684,3110.2153749994195,3328.3199476226646,23789870.672635317,18649127.02332505,300257328.3356371,303395237.0922201,302947966.9108559,2166150.1660094215,2188873.3162375195,2186034.8077224614,68969.01961402982
81.79448916666666,80.6622932686299,-0.013841958175565768,-40739.108570944445,-44169.02415,3429.915579055556,4287.394473819444,-498.06666666666666,-540.0,41.93333333333334,52.416666666666664,0.740812356979405,8849.233333333334,8298.75,0.0,52.36610811073134,52.36610811073134,52.36610811073134,424702.0993602478,395875.4296137587,398620.2864472295,3063.8175973953516,2852.9016148907426,2872.984898216819,23789870.672635317,18649127.02332505,300257328.3356371,303395237.0922201,302947966.9108559,2166150.1660094215,2188873.3162375195,2186034.8077224614,68969.01961402982
94.80906108333333,92.52552584318452,-0.024085622345122303,60665.15788518889,51196.892985,9468.26490018889,11835.33112523611,639.8666666666667,540.0,99.86666666666667,124.83333333333333,0.6172425629290617,7668.466666666667,8183.5,0.0,51.8200325163863,52.36610811073134,52.36610811073134,362983.8791707746,389840.2356539969,396377.2714831532,2613.6038611225354,2808.74393470002,2856.5734393462258,23789870.672635317,18649127.02332505,300257328.3356371,303395237.0922201,302947966.9108559,2166150.1660094215,2188873.3162375195,2186034.8077224614,68969.01961402982
89.94716925,92.83720669471323,0.03213038796897137,31493.5021934,48571.471395,-17077.9692016,-21347.461502000002,350.1333333333333,540.0,-189.86666666666667,-237.33333333333334,0.4936727688787184,7520.950000000001,8108.416666666667,0.0,51.8200325163863,52.35243045899558,52.15487093478443,355339.560707399,385909.15753964306,373484.47301389213,2558.3665097060634,2780.0410687778553,2689.4399224776407,23789870.672635317,18649127.02332505,300257328.3356371,303395237.0922201,302947966.9108559,2166150.1660094215,2188873.3162375195,2186034.8077224614,68969.01961402982
92.48826041666665,94.28028526730102,0.019375700684185967,2059.4052652777755,49943.66062499999,-47884.255359722214,-59855.31919965276,22.26666666666665,540.0,-517.7333333333333,-647.1666666666666,0.3701029748283752,7887.150000000001,8556.583333333334,0.0,52.35243045899558,52.36610811073134,52.35243045899558,374325.30976008263,409377.1578216423,375491.02387830295,2695.5282209674624,2951.6896571973916,2704.032978776643,23789870.672635317,18649127.02332505,300257328.3356371,303395237.0922201,302947966.9108559,2166150.1660094215,2188873.3162375195,2186034.8077224614,68969.01961402982
86.36588933333331,84.54435021954019,-0.021090955328009326,-25973.101785511106,0.0,-25973.101785511106,-32466.377231888884,-300.73333333333335,0.0,-300.73333333333335,-375.9166666666667,0.3701029748283752,8146.483333333333,8221.666666666666,0.0,52.35243045899558,52.36610811073134,51.8200325163863,387902.04005911545,391838.8754468898,372170.7072687212,2794.5806397630113,2823.367374705335,2679.9872875169553,23789870.672635317,18649127.02332505,300257328.3356371,303395237.0922201,302947966.9108559,2166150.1660094215,2188873.3162375195,2186034.8077224614,68969.01961402982
91.37207825,92.79296644634857,0.015550573255660559,54977.05661505417,49098.7862476375,5878.270367416668,7347.837959270834,601.6833333333334,537.35,64.33333333333334,80.41666666666667,0.24713958810068637,7844.733333333334,8366.0,0.0,51.8200325163863,52.36610811073134,52.36610811073134,372118.0235689962,399397.05038420536,403608.15824477666,2679.606598505951,2878.668243895741,2909.47964041349,23789870.672635317,18649127.02332505,300257328.3356371,303395237.0922201,302947966.9108559,2166150.1660094215,2188873.3162375195,2186034.8077224614,68969.01961402982
94.72510866666669,94.95308358750093,0.0024067000190675443,91731.79523280001,51151.55868000001,40580.23655280001,50725.29569100001,968.4000000000001,540.0,428.40000000000003,535.5,0.12356979405034312,8485.766666666666,8918.666666666666,0.0,52.36610811073134,52.43758874329534,52.43758874329534,405668.7645989339,428341.0864676969,456421.41523973155,2924.5564709167866,3090.252510867527,3293.551028952379,23789870.672635317,18649127.02332505,300257328.3356371,303395237.0922201,302947966.9108559,2166150.1660094215,2188873.3162375195,2186034.8077224614,68969.01961402982
100.67060358333333,99.23375530204135,-0.014272769111815149,209495.52605691666,54362.125935,155133.40012191667,193916.75015239583,2081.0,540.0,1541.0,1926.25,0.0,9456.583333333334,9611.333333333334,0.0,52.43758874329534,52.51888018461165,54.25992897817577,456548.1394125279,464666.4538296827,566806.6214556337,3294.468498143861,3353.342620555721,4093.9515833210558,23789870.672635317,18649127.02332505,300257328.3356371,303395237.0922201,302947966.9108559,2166150.1660094215,2188873.3162375195,2186034.8077224614,68969.01961402982
87.61648175,82.82381111919346,-0.05470056015809536,72213.50425835,0.0,72213.50425835,90266.8803229375,824.2,0.0,824.2,1030.25,0.0,9950.05,9753.0,9.0,52.51888018461165,52.51888018461165,52.91215786660042,482455.4738628803,472106.62852250267,526442.1185583882,3483.0026608922553,3407.5723279247386,3802.3910711408744,23789870.672635317,18649127.02332505,300257328.3356371,303395237.0922201,302947966.9108559,2166150.1660094215,2188873.3162375195,2186034.8077224614,68969.01961402982
51.384399333333334,52.409356302507064,0.019946851232507043,-21915.71675987368,-26828.06533614035,4912.348576266667,6140.435720333334,-426.50526315789466,-522.1052631578947,95.60000000000001,119.5,0.10782608695652172,7155.588596491228,6996.583333333333,387.0,51.55384335228537,51.55384335228537,51.55384335228537,336414.8205684,328217.488139369,334378.17241996713,2421.771024349591,2363.0527157792503,2407.1823108303765,23789870.672635317,18649127.02332505,300257328.3356371,303395237.0922201,302947966.9108559,2166150.1660094215,2188873.3162375195,2186034.8077224614,68969.01961402982
41.604196916666666,41.701895031746375,0.0023482754702704137,-44100.448731666664,-22466.266335,-21634.182396666667,-27042.727995833335,-1060.0,-540.0,-520.0,-650.0,0.21934782608695652,5707.916666666667,5707.916666666667,410.0,51.51118310371481,51.51118310371481,51.51118310371481,261785.1307073374,261785.1307073374,228302.86168992278,1886.692428510891,1886.692428510891,1642.647920295209,23789870.672635317,18649127.02332505,300257328.3356371,303395237.0922201,302947966.9108559,2166150.1660094215,2188873.3162375195,2186034.8077224614,68969.01961402982
34.67296716666667,34.918311604858594,0.0070759573881459484,-40204.46119532223,-18723.402270000002,-21481.058925322224,-26851.32365665278,-1159.5333333333333,-540.0,-619.5333333333333,-774.4166666666666,0.3308695652173913,5287.416666666667,5287.416666666667,385.1166666666667,51.51118310371481,51.51118310371481,51.4070122316498,240124.67821222532,240124.67821222532,200284.99691265388,1728.8144043498228,1728.8144043498228,1441.6381254726189,23789870.672635317,18649127.02332505,300257328.3356371,303395237.0922201,302947966.9108559,2166150.1660094215,2188873.3162375195,2186034.8077224614,68969.01961402982
35.14247708333333,34.85734446449983,-0.008113617550560375,-67792.18112555555,-18976.937625,-48815.24350055555,-61019.05437569444,-1929.0666666666666,-540.0,-1389.0666666666666,-1736.3333333333333,0.4423913043478261,6376.916666666667,6376.916666666667,192.73333333333335,51.55384335228537,51.55384335228537,51.4070122316498,296271.2898754029,296271.2898754029,206843.67488987523,2134.218916058068,2134.218916058068,1488.6186328346998,23789870.672635317,18649127.02332505,300257328.3356371,303395237.0922201,302947966.9108559,2166150.1660094215,2188873.3162375195,2186034.8077224614,68969.01961402982
29.236813249999997,29.241615207664637,0.0001642435385682468,-59409.204524,-15787.879154999999,-43621.325369,-54526.65671125,-2032.0,-540.0,-1492.0,-1865.0,0.5539130434782609,6161.75,6161.75,167.0,51.55384335228537,51.55384335228537,50.67189760672262,285178.6212474361,285178.6212474361,189239.38095128085,2054.761025945091,2054.761025945091,1362.047974802704,23789870.672635317,18649127.02332505,300257328.3356371,303395237.0922201,302947966.9108559,2166150.1660094215,2188873.3162375195,2186034.8077224614,68969.01961402982
29.949777666666666,29.766336782667945,-0.006124949775600012,-58813.37672995555,-16172.879939999986,-42640.49678995556,-53300.62098744445,-1963.7333333333331,-539.9999999999995,-1423.7333333333336,-1779.6666666666667,0.6654347826086956,5648.0,5648.0,184.06666666666638,51.51118310371481,51.51118310371481,50.67189760672262,258698.7523197065,258698.7523197065,167530.69548493408,1864.1965308945992,1864.1965308945992,1205.1824688109127,23789870.672635317,18649127.02332505,300257328.3356371,303395237.0922201,302947966.9108559,2166150.1660094215,2188873.3162375195,2186034.8077224614,68969.01961402982
41.680567833333335,41.62140229655495,-0.0014194992979694853,-76622.7772002778,-22507.50663,-54115.27057027779,-67644.08821284723,-1838.3333333333335,-540.0,-1298.3333333333335,-1622.9166666666667,0.7769565217391303,5607.666666666667,5607.666666666667,215.41666666666674,51.51118310371481,51.51118310371481,50.67189760672262,256621.13460119,256621.13460119,173429.74889798337,1849.0532562822416,1849.0532562822416,1247.8086333451538,23789870.672635317,18649127.02332505,300257328.3356371,303395237.0922201,302947966.9108559,2166150.1660094215,2188873.3162375195,2186034.8077224614,68969.01961402982
37.6828195,38.05119851676027,0.00977578168640672,-51570.19457973332,-20348.722529999985,-31221.472049733336,-39026.84006216667,-1368.5333333333328,-539.9999999999995,-828.5333333333334,-1035.6666666666667,0.888478260869565,5306.833333333333,5306.833333333333,332.8666666666659,51.51118310371481,51.51118310371481,50.67189760672262,241124.85368415577,241124.85368415577,187943.0249041755,1736.1044518388294,1736.1044518388294,1352.6805929043414,23789870.672635317,18649127.02332505,300257328.3356371,303395237.0922201,302947966.9108559,2166150.1660094215,2188873.3162375195,2186034.8077224614,68969.01961402982
37.00944908333334,37.78264878373113,0.02089195379960388,-22427.726144500004,-19985.102505000003,-2442.6236395,-3053.2795493750004,-606.0,-540.0,-66.0,-82.5,0.9999999999999998,5410.5,5410.5,523.5,51.51118310371481,51.51118310371481,51.51118310371481,246464.8463325742,246464.8463325742,242215.17372651774,1775.0264221234845,1775.0264221234845,1744.0515422345711,23789870.672635317,18649127.02332505,300257328.3356371,303395237.0922201,302947966.9108559,2166150.1660094215,2188873.3162375195,2186034.8077224614,68969.01961402982
78.8426315,80.09424574112539,0.015874841025890842,25723.72257073333,0.0,25723.72257073333,32154.653213416663,326.26666666666665,0.0,326.26666666666665,407.8333333333333,0.9999999999999998,6768.75,6768.75,81.56666666666666,51.55384335228537,51.55384335228537,51.55384335228537,316471.80416227336,316471.80416227336,337497.1799427804,2278.917211685959,2278.917211685959,2429.5240723416164,23789870.672635317,18649127.02332505,300257328.3356371,303395237.0922201,302947966.9108559,2166150.1660094215,2188873.3162375195,2186034.8077224614,68969.01961402982
85.98150958333333,88.42044791024193,0.028365846781798956,138573.5329451389,46430.015175,92143.5177701389,115179.3972126736,1611.6666666666667,540.0,1071.6666666666667,1339.5833333333333,0.8764302059496565,8724.833333333332,8996.916666666666,0.0,52.36610811073134,52.43758874329534,52.91215786660042,418187.7555112727,432444.32778685977,502803.6120314845,3016.15412307235,3119.9595305503276,3630.755613954637,23789870.672635317,18649127.02332505,300257328.3356371,303395237.0922201,302947966.9108559,2166150.1660094215,2188873.3162375195,2186034.8077224614,68969.01961402982
93.36117400000002,92.72203710305563,-0.006845853255277102,206365.53900960003,50415.03396000001,155950.50504960003,194938.13131200004,2210.4,540.0,1670.4,2088.0,0.7528604118993132,9705.1,9827.5,0.0,52.51888018461165,52.51888018461165,54.88259833134684,469590.9741616598,476019.28509625624,587398.4338562948,3389.2363068684376,3436.090774035269,4242.66721214185,23789870.672635317,18649127.02332505,300257328.3356371,303395237.0922201,302947966.9108559,2166150.1660094215,2188873.3162375195,2186034.8077224614,68969.01961402982
92.73217800000002,92.71763232256642,-0.00015685685106622612,186422.58850600003,50075.37612000001,136347.21238600003,170434.01548250005,2010.3333333333335,540.0,1470.3333333333335,1837.9166666666667,0.6292906178489699,9668.333333333334,9840.75,0.0,52.51888018461165,52.51888018461165,54.25992897817577,467660.03000020556,476715.16025870235,574461.7931023046,3375.1621028147847,3441.1628466656653,4149.053551932588,23789870.672635317,18649127.02332505,300257328.3356371,303395237.0922201,302947966.9108559,2166150.1660094215,2188873.3162375195,2186034.8077224614,68969.01961402982
103.67917,108.87525492568179,0.05011696106056579,186373.675992,55986.7518,130386.924192,162983.65524,1797.6000000000001,540.0,1257.6000000000001,1572.0,0.5057208237986266,9648.816666666666,9874.416666666666,0.0,52.51888018461165,52.51888018461165,54.25992897817577,466635.03652193584,478483.29589158425,561859.9245971232,3367.6911631290054,3454.0503771227727,4058.3452314834794,23789870.672635317,18649127.02332505,300257328.3356371,303395237.0922201,302947966.9108559,2166150.1660094215,2188873.3162375195,2186034.8077224614,68969.01961402982
98.54817683333334,100.44208048430545,0.01921804859135165,107890.54399713335,53216.015490000005,54674.52850713335,68343.16063391668,1094.8000000000002,540.0,554.8000000000001,693.5,0.38215102974828336,8874.783333333333,9276.083333333334,0.0,52.36610811073134,52.43758874329534,52.51888018461165,426040.0534224769,447083.1546443631,483481.34265581984,3073.6070006827526,3225.9430406007878,3490.4799805436073,23789870.672635317,18649127.02332505,300257328.3356371,303395237.0922201,302947966.9108559,2166150.1660094215,2188873.3162375195,2186034.8077224614,68969.01961402982
78.00384158333333,79.77252270281214,0.022674282235052235,1674.4824659888889,0.0,1674.4824659888889,2093.103082486111,21.46666666666667,0.0,21.46666666666667,26.833333333333332,0.38215102974828336,8544.95,8539.583333333334,0.0,52.36610811073134,52.36610811073134,52.36610811073134,408767.96543062077,408486.93398375984,409892.0912180645,2947.2323815975183,2945.1761599024476,2955.4572683778006,23789870.672635317,18649127.02332505,300257328.3356371,303395237.0922201,302947966.9108559,2166150.1660094215,2188873.3162375195,2186034.8077224614,68969.01961402982
80.09347675000002,81.04470307547207,0.011876451916816574,-1377.6078001000003,0.0,-1377.6078001000003,-1722.0097501250004,-17.2,0.0,-17.2,-21.5,0.38215102974828336,8063.45,8067.75,0.0,52.35243045899558,52.35243045899558,52.35243045899558,383555.04325000354,383780.1587009772,382654.5814461088,2762.866041405722,2764.5084272700697,2756.296497948331,23789870.672635317,18649127.02332505,300257328.3356371,303395237.0922201,302947966.9108559,2166150.1660094215,2188873.3162375195,2186034.8077224614,68969.01961402982
80.66459908333333,82.34227942593694,0.020798223280951652,-20590.983326005553,0.0,-20590.983326005553,-25738.729157506943,-255.26666666666665,0.0,-255.26666666666665,-319.0833333333333,0.38215102974828336,7989.35,8053.166666666667,0.0,52.35243045899558,52.35243045899558,51.8200325163863,379675.728152992,383016.6857567835,366384.13697105815,2734.5635315107984,2758.938320171991,2638.1739043410025,23789870.672635317,18649127.02332505,300257328.3356371,303395237.0922201,302947966.9108559,2166150.1660094215,2188873.3162375195,2186034.8077224614,68969.01961402982
81.03527875,78.21379343877574,-0.03481798735990986,-30247.768381416667,0.0,-30247.768381416667,-37809.71047677084,-373.26666666666665,0.0,-373.26666666666665,-466.5833333333333,0.38215102974828336,8034.933333333333,8128.25,0.0,52.35243045899558,52.35243045899558,51.8200325163863,382062.1264414145,386947.48074374645,362631.50294966315,2751.974094840222,2787.6164144312424,2611.0576133112236,23789870.672635317,18649127.02332505,300257328.3356371,303395237.0922201,302947966.9108559,2166150.1660094215,2188873.3162375195,2186034.8077224614,68969.01961402982
73.18577466666666,72.06704501559385,-0.015286162593320801,-60988.14555555556,-39520.31832,-21467.827235555556,-26834.784044444445,-833.3333333333334,-540.0,-293.33333333333337,-366.6666666666667,0.49367276887871814,8348.5,7881.833333333333,0.0,52.36610811073134,52.35243045899558,51.8200325163863,398480.6434922676,374046.96933814225,355039.8681860125,2871.9631731509457,2693.4975190654195,2556.200950905756,23789870.672635317,18649127.02332505,300257328.3356371,303395237.0922201,302947966.9108559,2166150.1660094215,2188873.3162375195,2186034.8077224614,68969.01961402982
72.39684516666667,74.4810581845849,0.02878872709328847,-46792.494259388885,-39094.296389999996,-7698.197869388889,-9622.74733673611,-646.3333333333334,-540.0,-106.33333333333333,-132.91666666666666,0.605194508009153,8369.083333333334,7855.666666666667,0.0,52.36610811073134,51.8200325163863,51.8200325163863,399558.51255088014,372684.5892578421,365796.8432692057,2879.849613503158,2683.700565575119,2633.930157988816,23789870.672635317,18649127.02332505,300257328.3356371,303395237.0922201,302947966.9108559,2166150.1660094215,2188873.3162375195,2186034.8077224614,68969.01961402982
86.76361933333334,88.09139531661589,0.015303372467455936,71053.61999271112,46852.35444,24201.265552711113,30251.581940888893,818.9333333333334,540.0,278.93333333333334,348.6666666666667,0.48162471395880974,8039.4,8509.666666666666,0.0,52.35243045899558,52.36610811073134,52.36610811073134,382295.96729746467,406920.3145827804,425178.6309440554,2753.6801390714045,2933.713681819678,3067.304234182645,23789870.672635317,18649127.02332505,300257328.3356371,303395237.0922201,302947966.9108559,2166150.1660094215,2188873.3162375195,2186034.8077224614,68969.01961402982
88.25601758333333,87.30845796407881,-0.010736487382968691,145610.66154348888,47658.249495,97952.41204848888,122440.5150606111,1649.8666666666666,540.0,1109.8666666666666,1387.3333333333333,0.3580549199084665,9443.133333333333,9705.666666666666,0.0,52.43758874329534,52.51888018461165,52.91215786660042,455842.8538439305,469620.734860431,542831.6594575677,3289.3623075402356,3389.4532256979137,3921.3929354126976,23789870.672635317,18649127.02332505,300257328.3356371,303395237.0922201,302947966.9108559,2166150.1660094215,2188873.3162375195,2186034.8077224614,68969.01961402982
95.66643033333334,96.1952870905811,0.005528133070347261,153002.51091311112,51659.87238,101342.63853311112,126678.29816638891,1599.3333333333335,540.0,1059.3333333333335,1324.1666666666667,0.23448512585812326,9812.916666666664,10088.08333333333,0.0,52.51888018461165,52.51888018461165,54.25992897817577,475253.3847602305,489704.82995769614,560006.0436903686,3430.5083041590456,3535.841535766396,4045.0009862792676,23789870.672635317,18649127.02332505,300257328.3356371,303395237.0922201,302947966.9108559,2166150.1660094215,2188873.3162375195,2186034.8077224614,68969.01961402982
119.5853341666667,124.91776373641513,0.04459099944744557,71504.05747605558,64576.080450000016,6927.977026055558,8659.971282569448,597.9333333333334,540.0,57.93333333333334,72.41666666666667,0.11091533180778,9351.983333333334,9877.5,0.0,52.43758874329534,52.51888018461165,52.51888018461165,451063.1676299792,478645.2291054868,482448.4713455224,3254.757900587044,3455.230670753746,3482.951621167673,23789870.672635317,18649127.02332505,300257328.3356371,303395237.0922201,302947966.9108559,2166150.1660094215,2188873.3162375195,2186034.8077224614,68969.01961402982
82.41599908333335,80.93818626924842,-0.017931139954885,15370.591658561469,39947.04258521147,-24576.450926650003,-30720.563658312505,186.50009499999862,484.7000949999986,-298.2,-372.75,0.0,8475.416571666667,9034.666666666666,0.0,52.36610811073134,52.43758874329534,52.36610811073134,405126.7704052076,434423.84676191915,414893.05454263923,2920.5908641059095,3134.2910320586434,2992.0477972993963,23789870.672635317,18649127.02332505,300257328.3356371,303395237.0922201,302947966.9108559,2166150.1660094215,2188873.3162375195,2186034.8077224614,68969.01961402982
51.710792833333336,51.526160876829934,-0.0035704723595803766,-84798.80547428888,-27923.82813,-56874.97734428888,-71093.72168036111,-1639.8666666666666,-540.0,-1099.8666666666666,-1374.8333333333333,0.11152173913043478,8845.0,8845.0,265.0333333333333,52.36610811073134,52.36610811073134,51.8200325163863,424480.41616924567,424480.41616924567,352707.9667227752,3062.1956088532775,3062.1956088532775,2539.3507815661933,23789870.672635317,18649127.02332505,300257328.3356371,303395237.0922201,302947966.9108559,2166150.1660094215,2188873.3162375195,2186034.8077224614,68969.01961402982
53.475599916666674,51.10075956957642,-0.044409793453295966,-92163.41393637776,-28876.823954999978,-63286.58998137779,-79108.23747672224,-1723.4666666666662,-539.9999999999995,-1183.4666666666667,-1479.3333333333333,0.22304347826086945,7927.833333333333,7927.833333333333,244.13333333333298,52.35243045899558,52.35243045899558,51.55384335228537,376455.18113925605,376455.18113925605,299961.6858287039,2711.067228311931,2711.067228311931,2160.653589802083,23789870.672635317,18649127.02332505,300257328.3356371,303395237.0922201,302947966.9108559,2166150.1660094215,2188873.3162375195,2186034.8077224614,68969.01961402982
48.228939499999996,47.624208289173936,-0.012538762350892263,-90506.4278657,-26043.62733,-64462.8005357,-80578.50066962499,-1876.6000000000001,-540.0,-1336.6000000000001,-1670.75,0.33456521739130424,8414.333333333334,8414.333333333334,205.85000000000014,52.36610811073134,52.36610811073134,51.55384335228537,401928.07894289074,401928.07894289074,315174.36577124085,2897.187010714699,2897.187010714699,2269.6235312777026,23789870.672635317,18649127.02332505,300257328.3356371,303395237.0922201,302947966.9108559,2166150.1660094215,2188873.3162375195,2186034.8077224614,68969.01961402982
44.41502066666666,43.67496847674965,-0.0166622052361765,-89066.92144355555,-23984.111159999997,-65082.810283555555,-81353.51285444445,-2005.3333333333335,-540.0,-1465.3333333333335,-1831.6666666666667,0.446086956521739,7727.416666666667,7727.416666666667,173.66666666666674,51.8200325163863,51.8200325163863,51.55384335228537,366038.67008761555,366038.67008761555,271465.2989157282,2635.6775829573635,2635.6775829573635,1956.5311323584835,23789870.672635317,18649127.02332505,300257328.3356371,303395237.0922201,302947966.9108559,2166150.1660094215,2188873.3162375195,2186034.8077224614,68969.01961402982
46.39035783333333,47.16868642055833,0.016777809518549232,-96331.12438617776,-25050.793229999977,-71280.33115617778,-89100.41394522223,-2076.533333333333,-539.9999999999995,-1536.5333333333335,-1920.6666666666667,0.5576086956521737,6972.199999999999,6949.333333333333,133.0,51.55384335228537,51.55384335228537,51.51118310371481,326960.43359229574,325781.56904097355,226796.15958413907,2354.0483088671444,2345.6039846816293,1631.6659174255028,23789870.672635317,18649127.02332505,300257328.3356371,303395237.0922201,302947966.9108559,2166150.1660094215,2188873.3162375195,2186034.8077224614,68969.01961402982
39.672505750000006,40.45864972092615,0.0198158386031904,-59487.599955266676,-21423.153105000005,-38064.44685026667,-47580.558562833336,-1499.4666666666667,-540.0,-959.4666666666667,-1199.3333333333333,0.6691304347826086,6829.3,6621.166666666667,92.0,51.55384335228537,51.55384335228537,51.51118310371481,319593.38937725424,308863.3161141986,247048.639741083,2301.2774374629107,2224.4168540600563,1779.2815571385274,23789870.672635317,18649127.02332505,300257328.3356371,303395237.0922201,302947966.9108559,2166150.1660094215,2188873.3162375195,2186034.8077224614,68969.01961402982
46.626623583333334,47.866964702504575,0.02660156416761428,-66654.3126331611,-25178.37673499998,-41475.935898161115,-51844.91987270139,-1429.5333333333328,-539.9999999999995,-889.5333333333334,-1111.9166666666667,0.7806521739130433,7191.033333333333,6881.416666666667,8.0,51.8200325163863,51.55384335228537,51.51118310371481,338243.2683130345,322280.2038466309,264957.3610668078,2434.8298052332275,2320.523357089811,1909.8140812764536,23789870.672635317,18649127.02332505,300257328.3356371,303395237.0922201,302947966.9108559,2166150.1660094215,2188873.3162375195,2186034.8077224614,68969.01961402982
59.156322499999995,61.7896912457321,0.04451542344830698,-30861.79336334267,-24157.410146676004,-6704.383216666666,-8380.479020833332,-521.6989843028642,-408.36565096953086,-113.33333333333333,-141.66666666666666,0.864988558352403,8034.11565096953,7655.083333333333,1.0,52.35243045899558,51.8200325163863,51.8200325163863,382019.31878232595,362290.3544022636,354949.1831291088,2751.661780897004,2608.59249594488,2555.545666542551,23789870.672635317,18649127.02332505,300257328.3356371,303395237.0922201,302947966.9108559,2166150.1660094215,2188873.3162375195,2186034.8077224614,68969.01961402982
95.70981108333335,95.19846936924712,-0.0053426258844143405,178084.05515572225,51683.29798500001,126400.75717072225,158000.9464634028,1860.6666666666667,540.0,1320.6666666666667,1650.8333333333333,0.7414187643020597,9772.166666666666,9982.0,0.0,52.51888018461165,52.51888018461165,54.25992897817577,473113.2403927077,484133.45208477875,571974.8796908049,3414.909288333488,3495.2330548953623,4131.152735195233,23789870.672635317,18649127.02332505,300257328.3356371,303395237.0922201,302947966.9108559,2166150.1660094215,2188873.3162375195,2186034.8077224614,68969.01961402982
104.08968800000001,100.78309160288663,-0.031766800925691924,273006.43368640007,56208.431520000006,216798.00216640005,270997.502708,2622.8,540.0,2082.8,2603.5,0.6178489702517164,11309.45,11328.75,0.0,54.25992897817577,54.25992897817577,56.08364062042727,554428.1229914125,555475.3396206913,699585.8922465775,4004.8510816843573,4012.3889528777595,5053.21442581694,23789870.672635317,18649127.02332505,300257328.3356371,303395237.0922201,302947966.9108559,2166150.1660094215,2188873.3162375195,2186034.8077224614,68969.01961402982
99.17366049999998,97.2150947333456,-0.01974885021668015,236489.51082829997,53553.77666999999,182935.73415829998,228669.66769787495,2384.6000000000004,540.0,1844.6000000000001,2305.75,0.4942791762013731,11146.65,11225.5,0.0,52.91215786660042,54.06581333546756,56.08364062042727,545670.3967271107,549873.9561265032,677096.3523577863,3942.0045577474298,3972.1011502365272,4892.433615723799,23789870.672635317,18649127.02332505,300257328.3356371,303395237.0922201,302947966.9108559,2166150.1660094215,2188873.3162375195,2186034.8077224614,68969.01961402982
95.03731358333334,92.45080946987447,-0.027215669466402782,158591.93308696113,51320.14933500001,107271.78375196112,134089.7296899514,1668.7333333333333,540.0,1128.7333333333333,1410.9166666666667,0.3707093821510299,10742.433333333334,11000.25,0.0,52.91215786660042,52.91215786660042,54.88259833134684,524282.42064813315,537924.0568154405,614601.908429199,3786.7098461959354,3885.7596088228297,4440.56559867211,23789870.672635317,18649127.02332505,300257328.3356371,303395237.0922201,302947966.9108559,2166150.1660094215,2188873.3162375195,2186034.8077224614,68969.01961402982
89.58069141666668,89.51065976200873,-0.000781771758516638,75462.77444940002,48373.57336500001,27089.201084400007,33861.501355500004,842.4000000000001,540.0,302.40000000000003,378.0,0.24713958810068665,9785.68333333333,10250.08333333333,0.0,52.51888018461165,52.91215786660042,52.91215786660042,473823.12058986956,498231.11972251226,518231.9153960872,3420.0834404130483,3597.555470492198,3742.77808451883,23789870.672635317,18649127.02332505,300257328.3356371,303395237.0922201,302947966.9108559,2166150.1660094215,2188873.3162375195,2186034.8077224614,68969.01961402982
83.63169741666667,84.54508895117026,0.010921595073611004,44793.13713636667,45161.116605,-367.9794686333334,-459.9743357916667,535.6,540.0,-4.4,-5.5,0.12356979405034339,9310.9,9852.0,0.0,52.43758874329534,52.51888018461165,52.51888018461165,448908.8566924421,477305.9976607792,477017.14381976385,3239.1609243318567,3445.4693234273227,3443.36393478829,23789870.672635317,18649127.02332505,300257328.3356371,303395237.0922201,302947966.9108559,2166150.1660094215,2188873.3162375195,2186034.8077224614,68969.01961402982
71.29232650000002,69.55836493799099,-0.02432185407792831,29358.18005270001,38497.85631000001,-9139.676257300003,-11424.595321625002,411.79999999999995,540.0,-128.20000000000002,-160.25,1.3877787807814457e-16,8784.116666666667,9356.166666666666,0.0,52.36610811073134,52.43758874329534,52.43758874329534,421292.19295377063,451282.5315428886,442879.4079467755,3038.868348443052,3256.346071394367,3195.508372938536,23789870.672635317,18649127.02332505,300257328.3356371,303395237.0922201,302947966.9108559,2166150.1660094215,2188873.3162375195,2186034.8077224614,68969.01961402982
58.81268933333333,60.53724538947132,0.02932285660945909,-10280.458095466667,0.0,-10280.458095466667,-12850.572619333332,-174.8,0.0,-174.8,-218.5,1.3877787807814457e-16,8579.633333333333,8623.333333333334,0.0,52.36610811073134,52.36610811073134,52.36610811073134,410584.1966135946,412872.5955380336,401430.6009158388,2960.521193235536,2977.264712752539,2893.5471151675247,23789870.672635317,18649127.02332505,300257328.3356371,303395237.0922201,302947966.9108559,2166150.1660094215,2188873.3162375195,2186034.8077224614,68969.01961402982
56.10190475000001,56.167331384423406,0.0011662105719038845,-49257.47237050001,-30295.028565000004,-18962.443805500003,-23703.054756875004,-878.0,-540.0,-338.0,-422.5,0.11152173913043492,8429.416666666668,7973.916666666667,0.0,52.36610811073134,52.35243045899558,51.8200325163863,402717.9344068943,378867.75564290816,356918.3443647316,2902.966143118547,2728.66876674186,2569.7746984292935,23789870.672635317,18649127.02332505,300257328.3356371,303395237.0922201,302947966.9108559,2166150.1660094215,2188873.3162375195,2186034.8077224614,68969.01961402982
58.77692291666667,60.35824904593931,0.02690386040648351,-23409.4318901477,-6857.850396814365,-16551.581493333335,-20689.476866666668,-398.2759002770076,-116.67590027700763,-281.6,-352.0,0.1356178489702517,8030.442566943675,7984.166666666667,0.0,52.35243045899558,52.35243045899558,51.8200325163863,381827.02390629234,379404.36805511283,361102.81199042976,2750.2588457149977,2732.583756302224,2600.011391188621,23789870.672635317,18649127.02332505,300257328.3356371,303395237.0922201,302947966.9108559,2166150.1660094215,2188873.3162375195,2186034.8077224614,68969.01961402982
58.18706208333333,58.6798270132382,0.00846863395851046,-37526.77590627778,-31421.013525,-6105.762381277777,-7632.202976597221,-644.9333333333334,-540.0,-104.93333333333334,-131.16666666666666,0.24713958810068648,8355.766666666666,7842.0,0.0,52.36610811073134,51.8200325163863,51.8200325163863,398861.1705445389,371976.3821467848,365179.3212150521,2874.747373955451,2678.583106738659,2629.467983515561,23789870.672635317,18649127.02332505,300257328.3356371,303395237.0922201,302947966.9108559,2166150.1660094215,2188873.3162375195,2186034.8077224614,68969.01961402982
66.22372233333334,66.92833613147658,0.010639900224825818,36515.76049460001,35760.81006,754.9504346000001,943.6880432500001,551.4,540.0,11.4,14.25,0.12356979405034323,7727.6,8264.75,0.0,51.8200325163863,52.36610811073134,52.36610811073134,366048.1704269102,394094.9819379938,394841.19897857175,2635.7462317954137,2839.8746203008545,2845.3344636216166,23789870.672635317,18649127.02332505,300257328.3356371,303395237.0922201,302947966.9108559,2166150.1660094215,2188873.3162375195,2186034.8077224614,68969.01961402982
81.90743483333334,82.53841392520036,0.007703563091078831,121648.92221446667,44230.01481,77418.90740446668,96773.63425558334,1485.2,540.0,945.2,1181.5,0.0,8997.3,9301.0,0.0,52.43758874329534,52.43758874329534,52.91215786660042,432464.42886254465,448389.7245638835,510528.78708000813,3120.1050601462175,3235.4024643336493,3686.846888155399,23789870.672635317,18649127.02332505,300257328.3356371,303395237.0922201,302947966.9108559,2166150.1660094215,2188873.3162375195,2186034.8077224614,68969.01961402982
65.10555191666667,63.29225939621945,-0.02785158050373628,36380.98241103334,0.0,36380.98241103334,45476.22801379167,558.8000000000001,0.0,558.8000000000001,698.5,0.0,9153.95,9015.25,1.0,52.43758874329534,52.43758874329534,52.51888018461165,440678.77713918197,433405.68358048686,470045.26247525663,3179.5760458754285,3126.919641658119,3392.547509000734,23789870.672635317,18649127.02332505,300257328.3356371,303395237.0922201,302947966.9108559,2166150.1660094215,2188873.3162375195,2186034.8077224614,68969.01961402982
41.759948,42.92781343376012,0.02796616111112296,-48987.203000533336,-22550.37192,-26436.831080533335,-33046.03885066667,-1173.0666666666666,-540.0,-633.0666666666667,-791.3333333333334,0.11152173913043478,8592.65,8343.916666666666,133.0,52.36610811073134,52.36610811073134,51.8200325163863,411265.8287875026,398240.63216342666,356978.801069334,2965.5084887133307,2870.2070831939754,2570.2115546714303,23789870.672635317,18649127.02332505,300257328.3356371,303395237.0922201,302947966.9108559,2166150.1660094215,2188873.3162375195,2186034.8077224614,68969.01961402982
28.675050249999998,27.633192003207427,-0.0363332666450191,-44585.87979871666,-15484.527134999998,-29101.352663716665,-36376.69082964583,-1554.8666666666668,-540.0,-1014.8666666666667,-1268.5833333333333,0.22304347826086957,7525.5,7525.5,286.28333333333353,51.8200325163863,51.8200325163863,51.55384335228537,355575.34185534855,355575.34185534855,290084.8286731286,2560.070249050397,2560.070249050397,2089.904678349824,23789870.672635317,18649127.02332505,300257328.3356371,303395237.0922201,302947966.9108559,2166150.1660094215,2188873.3162375195,2186034.8077224614,68969.01961402982
19.135881333333334,19.05634456915936,-0.004156420223793159,-31395.602640888894,-10333.37592,-21062.22672088889,-26327.78340111111,-1640.6666666666667,-540.0,-1100.6666666666667,-1375.8333333333333,0.33456521739130435,6629.416666666667,6629.416666666667,264.8333333333335,51.55384335228537,51.55384335228537,51.51118310371481,309288.6353218549,309288.6353218549,238381.88318388298,2227.4634579024982,2227.4634579024982,1716.111574819622,23789870.672635317,18649127.02332505,300257328.3356371,303395237.0922201,302947966.9108559,2166150.1660094215,2188873.3162375195,2186034.8077224614,68969.01961402982
51.35880099999999,51.620423035665446,0.005094005906902966,-50262.29059865,829.44463615,-51091.7352348,-63864.66904349999,-978.6500000000001,16.150000000000002,-994.8000000000001,-1243.5,0.3308695652173913,5639.733333333334,5904.583333333333,0.0,51.51118310371481,51.55384335228537,51.4070122316498,258272.92653938246,271920.6911986734,207897.518640624,1861.0927853542153,1959.7931526342293,1496.1674276165886,23789870.672635317,18649127.02332505,300257328.3356371,303395237.0922201,302947966.9108559,2166150.1660094215,2188873.3162375195,2186034.8077224614,68969.01961402982
24.115345,23.960445465068343,-0.0064232767531071655,-36727.670435,-13022.286300000002,-23705.384135,-29631.73016875,-1523.0,-540.0,-983.0,-1228.75,0.4423913043478261,5648.666666666667,5648.666666666667,294.25,51.51118310371481,51.51118310371481,51.34241564990901,258733.0931084423,258733.0931084423,195501.54294999453,1864.4468329543076,1864.4468329543076,1407.1614120994716,23789870.672635317,18649127.02332505,300257328.3356371,303395237.0922201,302947966.9108559,2166150.1660094215,2188873.3162375195,2186034.8077224614,68969.01961402982
14.981576083333335,14.956745992133303,-0.0016573751027206787,-20999.17581013889,-8090.051085000001,-12909.12472513889,-16136.405906423612,-1401.6666666666665,-540.0,-861.6666666666666,-1077.0833333333333,0.5539130434782609,5218.75,5218.75,324.58333333333326,51.51118310371481,51.51118310371481,50.67189760672262,236587.5769724369,236587.5769724369,181381.01416410494,1703.0332921998584,1703.0332921998584,1305.2639431647497,23789870.672635317,18649127.02332505,300257328.3356371,303395237.0922201,302947966.9108559,2166150.1660094215,2188873.3162375195,2186034.8077224614,68969.01961402982
8.639209416666665,8.924658304994653,0.03304108912758863,-12312.025313338883,-4665.173084999995,-7646.852228338888,-9558.56528542361,-1425.133333333333,-539.9999999999995,-885.1333333333334,-1106.4166666666667,0.6654347826086956,5228.5,5228.5,318.71666666666624,51.51118310371481,51.51118310371481,50.67189760672262,237089.81100769812,237089.81100769812,180388.68950263993,1706.6939598230936,1706.6939598230936,1298.0934716790325,23789870.672635317,18649127.02332505,300257328.3356371,303395237.0922201,302947966.9108559,2166150.1660094215,2188873.3162375195,2186034.8077224614,68969.01961402982
11.375322416666668,11.533867047153402,0.01393759444166983,-14153.934505644447,-6142.674105000001,-8011.260400644446,-10014.075500805557,-1244.2666666666669,-540.0,-704.2666666666668,-880.3333333333334,0.7769565217391303,5035.083333333333,5035.083333333333,363.9333333333334,51.51118310371481,51.51118310371481,50.67189760672262,227126.68967572125,227126.68967572125,182043.97149112623,1634.075074750196,1634.075074750196,1310.0544283701008,23789870.672635317,18649127.02332505,300257328.3356371,303395237.0922201,302947966.9108559,2166150.1660094215,2188873.3162375195,2186034.8077224614,68969.01961402982
9.681243749999998,9.736969071507202,0.005756008519794175,-7548.788459999994,-5227.871624999994,-2320.9168349999995,-2901.1460437499995,-779.7333333333329,-539.9999999999995,-239.73333333333335,-299.6666666666667,0.888478260869565,5229.333333333333,5229.333333333333,480.06666666666615,51.51118310371481,51.51118310371481,51.4070122316498,237132.73699361787,237132.73699361787,221704.58534250793,1707.006837397729,1707.006837397729,1595.0689137223926,23789870.672635317,18649127.02332505,300257328.3356371,303395237.0922201,302947966.9108559,2166150.1660094215,2188873.3162375195,2186034.8077224614,68969.01961402982
18.176188,18.538175497245742,0.01991547937585927,-10702.139494399999,-9815.14152,-886.9979744000001,-1108.747468,-588.8,-540.0,-48.800000000000004,-61.0,0.9999999999999998,5996.0,5996.0,527.8,51.55384335228537,51.55384335228537,51.55384335228537,276633.5717117948,276633.5717117948,273488.7872673054,1993.5519851105792,1993.5519851105792,1971.0255809422217,23789870.672635317,18649127.02332505,300257328.3356371,303395237.0922201,302947966.9108559,2166150.1660094215,2188873.3162375195,2186034.8077224614,68969.01961402982
54.17238325,54.59948852038491,0.00788418830336224,45979.71315649166,26257.354161275,19722.358995216666,24652.948744020832,848.7666666666667,484.7,364.06666666666666,455.0833333333333,0.8890846681922194,6353.15,6746.833333333333,0.0,51.55384335228537,51.55384335228537,51.8200325163863,295046.0268650635,315341.91576213576,338807.2430002545,2125.4422350897403,2270.8237085489673,2438.9050498920183,23789870.672635317,18649127.02332505,300257328.3356371,303395237.0922201,302947966.9108559,2166150.1660094215,2188873.3162375195,2186034.8077224614,68969.01961402982
82.05245724999999,83.38071131614177,0.016187864576618565,164991.08103829998,44308.32691499999,120682.7541233,150853.44265412498,2010.8000000000002,540.0,1470.8000000000002,1838.5,0.7655148741418761,7793.616666666667,7965.916666666667,0.0,51.8200325163863,52.35243045899558,52.51888018461165,369469.1562402003,378448.9361992362,474806.9742786615,2660.4660542968986,2725.6131651337714,3427.254521716906,23789870.672635317,18649127.02332505,300257328.3356371,303395237.0922201,302947966.9108559,2166150.1660094215,2188873.3162375195,2186034.8077224614,68969.01961402982
82.48041224999999,83.53687400230034,0.012808638117595613,174050.16592995,44539.422614999996,129510.74331494998,161888.42914368748,2110.2,540.0,1570.2,1962.75,0.6419450800915328,7758.216666666667,7905.666666666667,0.0,51.8200325163863,52.35243045899558,52.51888018461165,367634.72708912025,375294.7022640817,478168.1826104766,2647.2105877497756,2702.6006655228516,3451.753589516556,23789870.672635317,18649127.02332505,300257328.3356371,303395237.0922201,302947966.9108559,2166150.1660094215,2188873.3162375195,2186034.8077224614,68969.01961402982
63.022908833333354,63.85487605934763,0.013201028664266222,78761.82993264447,34032.37077000001,44729.45916264446,55911.82395330557,1249.7333333333333,540.0,709.7333333333333,887.1666666666666,0.5183752860411895,7606.433333333333,7969.0,0.0,51.8200325163863,52.35243045899558,52.36610811073134,359769.3098203414,378610.3561931514,425065.1710431488,2590.3755906477745,2726.7908449202223,3066.4740825666227,23789870.672635317,18649127.02332505,300257328.3356371,303395237.0922201,302947966.9108559,2166150.1660094215,2188873.3162375195,2186034.8077224614,68969.01961402982
57.700031583333335,57.686845724145996,-0.00022852429756984333,42905.74348536667,31158.017055,11747.726430366669,14684.658037958334,743.6,540.0,203.60000000000002,254.5,0.3948054919908463,7292.316666666667,7781.416666666667,0.0,51.8200325163863,51.8200325163863,52.35243045899558,343491.77393973584,368836.95184350037,382113.6063313659,2472.755167854163,2655.8977861648395,2752.3496792045494,23789870.672635317,18649127.02332505,300257328.3356371,303395237.0922201,302947966.9108559,2166150.1660094215,2188873.3162375195,2186034.8077224614,68969.01961402982
54.41947975,55.4936201983082,0.019738160916692702,37190.27246115,29386.519065,7803.75339615,9754.6917451875,683.4,540.0,143.4,179.25,0.27123569794050306,6880.933333333333,7385.083333333333,0.0,51.55384335228537,51.8200325163863,51.8200325163863,322255.2861556772,348298.94562283927,357587.6864514015,2320.3448691879303,2507.4914799075,2574.6113211100937,23789870.672635317,18649127.02332505,300257328.3356371,303395237.0922201,302947966.9108559,2166150.1660094215,2188873.3162375195,2186034.8077224614,68969.01961402982
55.093344083333335,54.22916576350032,-0.015685711844354112,5768.273125525,5801.329131975,-33.056006450000005,-41.3200080625,104.7,105.3,-0.6000000000000001,-0.75,0.24713958810068612,6847.716666666667,6953.166666666667,0.0,51.55384335228537,51.55384335228537,51.55384335228537,320542.83932565886,325979.1921071573,325940.5267246431,2308.0784420000787,2347.019578386198,2346.7426144005217,23789870.672635317,18649127.02332505,300257328.3356371,303395237.0922201,302947966.9108559,2166150.1660094215,2188873.3162375195,2186034.8077224614,68969.01961402982
52.075037166666654,51.46764581998692,-0.011663771736461217,-3957.7028246666655,0.0,-3957.7028246666655,-4947.128530833332,-76.0,0.0,-76.0,-95.0,0.24713958810068612,6409.166666666667,6428.166666666667,0.0,51.55384335228537,51.55384335228537,51.55384335228537,297933.90132351406,298913.4243472075,294015.8092287404,2146.1283674421584,2153.1447884126305,2118.0626835602707,23789870.672635317,18649127.02332505,300257328.3356371,303395237.0922201,302947966.9108559,2166150.1660094215,2188873.3162375195,2186034.8077224614,68969.01961402982
51.29387616666667,51.84984226812425,0.010838839701860448,-8484.007117966668,0.0,-8484.007117966668,-10605.008897458334,-165.4,0.0,-165.4,-206.75,0.24713958810068612,6384.983333333333,6426.333333333333,0.0,51.55384335228537,51.55384335228537,51.55384335228537,296687.15754511126,298818.90896772826,288160.15185464325,2137.1978175928994,2152.467765336532,2076.11802661837,23789870.672635317,18649127.02332505,300257328.3356371,303395237.0922201,302947966.9108559,2166150.1660094215,2188873.3162375195,2186034.8077224614,68969.01961402982
51.60930616666666,50.5909355782627,-0.01973230535429495,-21070.359397644443,0.0,-21070.359397644443,-26337.949247055552,-408.26666666666665,0.0,-408.26666666666665,-510.3333333333333,0.24713958810068612,6999.516666666666,7101.583333333333,0.0,51.55384335228537,51.55384335228537,51.55384335228537,328368.7127465357,333630.641691359,307320.9969672427,2364.135952701007,2401.827673773964,2213.3690684091816,23789870.672635317,18649127.02332505,300257328.3356371,303395237.0922201,302947966.9108559,2166150.1660094215,2188873.3162375195,2186034.8077224614,68969.01961402982
51.79535958333333,51.60780456970391,-0.003621077547066142,2924.7113044722223,0.0,2924.7113044722223,3655.889130590277,56.46666666666667,0.0,56.46666666666667,70.58333333333333,0.24713958810068612,6950.2,6936.083333333333,0.0,51.55384335228537,51.55384335228537,51.55384335228537,325826.24903854553,325098.4806165557,328737.3227265045,2345.9240319539663,2340.7109542680105,2366.77634269779,23789870.672635317,18649127.02332505,300257328.3356371,303395237.0922201,302947966.9108559,2166150.1660094215,2188873.3162375195,2186034.8077224614,68969.01961402982
65.97077225,65.33333176244938,-0.009662468178104757,75677.27187371666,35624.217014999995,40053.05485871666,50066.31857339583,1147.1333333333332,540.0,607.1333333333333,758.9166666666666,0.12356979405034287,7429.200000000001,7817.416666666667,0.0,51.8200325163863,51.8200325163863,52.36610811073134,350585.0727240206,370702.4730140903,410411.38845682924,2524.0108866637315,2669.37792163649,2959.2568084665177,23789870.672635317,18649127.02332505,300257328.3356371,303395237.0922201,302947966.9108559,2166150.1660094215,2188873.3162375195,2186034.8077224614,68969.01961402982
79.488785,80.67150167334614,0.014879038261135163,157642.158412,42923.9439,114718.21451199999,143397.76814,1983.2,540.0,1443.2,1804.0,0.0,8486.716666666665,8665.916666666666,0.0,52.36610811073134,52.36610811073134,52.91215786660042,405718.5124016391,415102.51897508214,509862.97576018673,2924.9204604715037,2993.580384898207,3682.0125374680047,23789870.672635317,18649127.02332505,300257328.3356371,303395237.0922201,302947966.9108559,2166150.1660094215,2188873.3162375195,2186034.8077224614,68969.01961402982
54.239739750000005,54.48627090664154,0.004545212749505251,44422.346855250005,0.0,44422.346855250005,55527.93356906251,819.0,0.0,819.0,1023.75,0.0,7766.583333333333,7708.833333333333,147.0,51.8200325163863,51.8200325163863,52.36610811073134,368068.28802784067,365075.68115001934,418593.5928491309,2650.3434710862425,2628.7190871004696,3019.123511545045,23789870.672635317,18649127.02332505,300257328.3356371,303395237.0922201,302947966.9108559,2166150.1660094215,2188873.3162375195,2186034.8077224614,68969.01961402982
19.658822250000004,18.93618392931754,-0.036758983396498426,-16491.889453010528,-10263.974564210526,-6227.914888800002,-7784.893611000001,-838.9052631578948,-522.1052631578947,-316.8,-396.0,0.10782608695652172,6152.333333333333,6152.333333333333,442.90526315789475,51.55384335228537,51.55384335228537,51.51118310371481,284693.1558892021,284693.1558892021,264279.13048927556,2051.2835892360413,2051.2835892360413,1904.8706155972127,23789870.672635317,18649127.02332505,300257328.3356371,303395237.0922201,302947966.9108559,2166150.1660094215,2188873.3162375195,2186034.8077224614,68969.01961402982
15.7473875,15.544983779761269,-0.012853161849146713,-19813.3629525,-8503.58925,-11309.7737025,-14137.217128125001,-1258.2,-540.0,-718.2,-897.75,0.21934782608695652,5922.0,5922.0,360.4499999999998,51.55384335228537,51.55384335228537,51.51118310371481,272818.5873037257,272818.5873037257,226568.65185876435,1966.224871857162,1966.224871857162,1630.007666279935,23789870.672635317,18649127.02332505,300257328.3356371,303395237.0922201,302947966.9108559,2166150.1660094215,2188873.3162375195,2186034.8077224614,68969.01961402982
9.637658666666667,9.939614168058625,0.031330794317951646,-17058.013329422225,-5204.33568,-11853.677649422223,-14817.097061777778,-1769.9333333333334,-540.0,-1229.9333333333334,-1537.4166666666667,0.3308695652173913,5776.75,5776.75,232.51666666666642,51.51118310371481,51.51118310371481,50.67189760672262,265330.81714430975,265330.81714430975,186329.96949702816,1912.5361161757824,1912.5361161757824,1341.0247626594742,23789870.672635317,18649127.02332505,300257328.3356371,303395237.0922201,302947966.9108559,2166150.1660094215,2188873.3162375195,2186034.8077224614,68969.01961402982
0.37088908333333337,0.37014716415341553,-0.0020003802032939255,-642.9980408055557,-200.28010500000002,-442.7179358055556,-553.3974197569445,-1733.6666666666667,-540.0,-1193.6666666666667,-1492.0833333333333,0.4423913043478261,5334.916666666667,5334.916666666667,241.58333333333394,51.51118310371481,51.51118310371481,50.67189760672262,242571.45940965178,242571.45940965178,166238.5620959627,1746.6484261040457,1746.6484261040457,1195.845599557171,23789870.672635317,18649127.02332505,300257328.3356371,303395237.0922201,302947966.9108559,2166150.1660094215,2188873.3162375195,2186034.8077224614,68969.01961402982
-7.214078666666668,-7.388014504204994,0.024110610041170294,12514.021793777782,3895.602480000001,8618.41931377778,10773.024142222224,-1734.6666666666667,-540.0,-1194.6666666666667,-1493.3333333333333,0.5539130434782609,5235.916666666667,5235.916666666667,241.33333333333394,51.51118310371481,51.51118310371481,50.67189760672262,237471.852282384,237471.852282384,161158.70436088875,1709.4785702373495,1709.4785702373495,1159.1388880792242,23789870.672635317,18649127.02332505,300257328.3356371,303395237.0922201,302947966.9108559,2166150.1660094215,2188873.3162375195,2186034.8077224614,68969.01961402982
-7.79348425,-7.6177756796179334,-0.022545573295033795,10270.773110266668,4208.481495,6062.291615266668,7577.864519083333,-1317.8666666666668,-540.0,-777.8666666666668,-972.3333333333334,0.6654347826086957,4581.416666666667,4581.416666666667,345.53333333333376,51.4070122316498,51.4070122316498,50.48342530309743,203802.09333283594,203802.09333283594,154405.50598211744,1466.831460903232,1466.831460903232,1110.1256697550564,23789870.672635317,18649127.02332505,300257328.3356371,303395237.0922201,302947966.9108559,2166150.1660094215,2188873.3162375195,2186034.8077224614,68969.01961402982
-4.227516916666667,-4.228695387783514,0.00027876201091031204,4780.194294905556,2282.859135,2497.3351599055554,3121.668949881944,-1130.7333333333333,-540.0,-590.7333333333333,-738.4166666666666,0.7769565217391305,4540.416666666667,4540.416666666667,392.3166666666666,51.4070122316498,51.4070122316498,50.67189760672262,201694.40583133828,201694.40583133828,164169.45961035485,1451.7338713394543,1451.7338713394543,1180.8944036933356,23789870.672635317,18649127.02332505,300257328.3356371,303395237.0922201,302947966.9108559,2166150.1660094215,2188873.3162375195,2186034.8077224614,68969.01961402982
0.2184432499999999,0.22984617057428355,0.052200837399570224,-205.9046074499999,-117.95935499999995,-87.94525244999996,-109.93156556249994,-942.6,-540.0,-402.6,-503.25,0.8884782608695654,4507.333333333333,4507.333333333333,439.35000000000036,51.4070122316498,51.4070122316498,50.67189760672262,199993.69051000784,199993.69051000784,174409.40558504668,1439.551466752422,1439.551466752422,1254.8875668970104,23789870.672635317,18649127.02332505,300257328.3356371,303395237.0922201,302947966.9108559,2166150.1660094215,2188873.3162375195,2186034.8077224614,68969.01961402982
5.321885666666667,5.262748476996056,-0.011112074436512893,-1830.3738769555505,-2873.818259999995,1043.4443830444445,1304.3054788055556,-343.93333333333237,-539.9999999999991,196.0666666666667,245.08333333333334,1.0,4840.5,4840.5,589.0166666666655,51.4070122316498,51.4070122316498,51.51118310371481,217120.7934185192,217120.7934185192,229728.00442245885,1562.2347250369412,1562.2347250369412,1653.0354557731068,23789870.672635317,18649127.02332505,300257328.3356371,303395237.0922201,302947966.9108559,2166150.1660094215,2188873.3162375195,2186034.8077224614,68969.01961402982
31.495675666666667,31.783018062118302,0.009123233249310428,-3754.284539466667,0.0,-3754.284539466667,-4692.855674333334,-119.2,0.0,-119.2,-149.0,1.0,5996.45,6026.25,0.0,51.55384335228537,51.55384335228537,51.55384335228537,276656.77094130334,278193.07547320146,270511.55281371094,1993.718163501985,2004.722865866199,1949.6993540451292,23789870.672635317,18649127.02332505,300257328.3356371,303395237.0922201,302947966.9108559,2166150.1660094215,2188873.3162375195,2186034.8077224614,68969.01961402982
63.21092066666666,62.904890203348,-0.0048414175919451906,64829.120235733324,34133.89715999999,30695.22307573333,38369.02884466666,1025.6,540.0,485.6,607.0,0.8764302059496567,6582.9,7001.5,0.0,51.55384335228537,51.55384335228537,51.8200325163863,306890.5223752511,328470.96120251773,359876.40455420857,2210.285536035316,2364.868368574241,2591.1494502767023,23789870.672635317,18649127.02332505,300257328.3356371,303395237.0922201,302947966.9108559,2166150.1660094215,2188873.3162375195,2186034.8077224614,68969.01961402982
61.899999416666674,60.97413600741564,-0.01495740578313725,116140.90557217778,33425.999685,82714.90588717778,103393.63235897223,1876.2666666666667,540.0,1336.2666666666667,1670.3333333333333,0.7528604118993134,7882.4,8088.333333333333,0.0,52.35243045899558,52.35243045899558,52.51888018461165,374076.6357154024,384857.7462279249,472404.2355102154,2693.7139575126594,2772.3702355742153,3409.741516219499,23789870.672635317,18649127.02332505,300257328.3356371,303395237.0922201,302947966.9108559,2166150.1660094215,2188873.3162375195,2186034.8077224614,68969.01961402982
62.74868808333332,64.04259507042333,0.020620462779582432,112328.51816091109,33884.29156499999,78444.2265959111,98055.28324488888,1790.1333333333334,540.0,1250.1333333333334,1562.6666666666667,0.6292906178489701,7967.366666666667,8194.833333333334,0.0,52.35243045899558,52.36610811073134,52.51888018461165,378524.8472234017,390433.7182125852,472342.9634833334,2726.1669929252375,2813.086266229983,3409.2949186294013,23789870.672635317,18649127.02332505,300257328.3356371,303395237.0922201,302947966.9108559,2166150.1660094215,2188873.3162375195,2186034.8077224614,68969.01961402982
60.541593166666665,62.04184236095684,0.02478047100875098,87260.61628422223,32692.46031,54568.15597422223,68210.19496777777,1441.3333333333335,540.0,901.3333333333335,1126.6666666666667,0.5057208237986268,7743.916666666666,8058.583333333333,0.0,51.8200325163863,52.35243045899558,52.43758874329534,366893.70062413585,383300.26142176974,442320.0736668471,2641.8559783818696,2761.0072170941344,3191.4588537485483,23789870.672635317,18649127.02332505,300257328.3356371,303395237.0922201,302947966.9108559,2166150.1660094215,2188873.3162375195,2186034.8077224614,68969.01961402982
57.89557625,57.093941620366316,-0.01384621557564485,51731.62723191667,31263.611175,20468.01605691667,25585.020071145835,893.5333333333333,540.0,353.53333333333336,441.9166666666667,0.3821510297482836,7255.716666666666,7707.333333333333,0.0,51.8200325163863,51.8200325163863,52.35243045899558,341595.16074963607,364997.9511012448,388046.88178338535,2459.050363457985,2628.1574147891506,2795.6373686524757,23789870.672635317,18649127.02332505,300257328.3356371,303395237.0922201,302947966.9108559,2166150.1660094215,2188873.3162375195,2186034.8077224614,68969.01961402982
57.81211133333334,57.73099289515699,-0.0014031391745691721,49641.33293155556,31218.540120000005,18422.79281155556,23028.491014444448,858.6666666666667,540.0,318.6666666666667,398.3333333333333,0.25858123569794034,6634.5,7094.833333333333,0.0,51.55384335228537,51.55384335228537,51.8200325163863,309550.70069222903,333282.65324873105,353899.827470652,2229.340658249861,2399.334997902875,2547.9630903397474,23789870.672635317,18649127.02332505,300257328.3356371,303395237.0922201,302947966.9108559,2166150.1660094215,2188873.3162375195,2186034.8077224614,68969.01961402982
