price,estimated_price,price_error,profit,profit_controlled,profit_passive,profit_actual,P_ESS,P_ESS_controlled,P_ESS_passive,P_ESS_actual,SOC_controlled,P_natural_gas,P_natural_gas_actual,P_renewable_absorbed,marginal_price_gas,marginal_price_gas_actual,marginal_price_gas_withoutESS,cost,cost_actual,cost_withoutESS,carbon,carbon_actual,carbon_withoutESS,total_profit,total_profit_actual,total_cost,total_cost_actual,total_cost_withoutESS,total_carbon,total_carbon_actual,total_carbon_withoutESS,total_absorb
41.86762208333334,41.03639357271895,-0.01985373109941398,89119.42036658333,56939.96603333334,32179.454333250003,40224.317916562504,2128.6,1360.0,768.6,960.75,0.0990543381180228,5968.3166666666675,7136.166666666667,0.0,25.48822338165023,25.5666372614437,25.75975416942929,136345.6364072093,166201.52487514957,190839.2126502946,1995.2385601264268,2428.4933345781315,2792.9506570694916,29442065.95719003,25182705.105451938,120383490.7106004,121366730.39332259,126645043.25314575,1761873.983302813,1776461.0488144057,1854003.0292391395,50453.8
39.28486666666667,39.67591509628093,0.009954174795406983,16117.271297777783,0.0,16117.271297777783,20146.589122222227,410.2666666666667,0.0,410.2666666666667,512.8333333333334,0.0990543381180228,7593.566666666667,7491.0,0.0,25.61297300334298,25.61297300334298,25.75975416942929,177915.56014603935,175288.52288166314,188441.40886635688,2601.769114202602,2562.851262842246,2757.53053956963,29442065.95719003,25182705.105451938,120383490.7106004,121366730.39332259,126645043.25314575,1761873.983302813,1776461.0488144057,1854003.0292391395,50453.8
37.633097166666666,38.89677525944986,0.033578902294082086,-28781.79271306667,0.0,-28781.79271306667,-35977.240891333335,-764.8000000000001,0.0,-764.8000000000001,-956.0,0.0990543381180228,8062.133333333334,8253.333333333334,0.0,25.75975416942929,25.75975416942929,25.61297300334298,189943.20253443462,194868.46753162952,170328.1437766824,2779.7148853197673,2852.470406887969,2489.3664671309457,29442065.95719003,25182705.105451938,120383490.7106004,121366730.39332259,126645043.25314575,1761873.983302813,1776461.0488144057,1854003.0292391395,50453.8
35.14585216666666,33.65883617709354,-0.042309857291878215,-68197.01154419997,-47095.4419033333,-21101.56964086666,-26376.962051083327,-1940.3999999999996,-1339.9999999999995,-600.4,-750.5,0.2147816108452955,9225.066666666666,8035.166666666667,0.0,25.82426608259441,25.75975416942929,25.61297300334298,219907.37209216296,189248.54783033233,170003.7127853067,3222.030629990168,2769.4535155588405,2484.560232643804,29442065.95719003,25182705.105451938,120383490.7106004,121366730.39332259,126645043.25314575,1761873.983302813,1776461.0488144057,1854003.0292391395,50453.8
36.857214166666665,36.6359952347217,-0.006002052432520506,-41896.82391705554,-49388.666983333314,7491.843066277778,9364.803832847223,-1136.733333333333,-1339.9999999999995,203.26666666666668,254.08333333333334,0.3305088835725682,9768.066666666666,8377.25,0.0,25.82426608259441,25.75975416942929,25.76736368885589,233929.94857501172,198060.53040245792,204606.1198029614,3425.4012799431835,2899.6232401218936,2996.3140294066975,29442065.95719003,25182705.105451938,120383490.7106004,121366730.39332259,126645043.25314575,1761873.983302813,1776461.0488144057,1854003.0292391395,50453.8
39.34975991666667,39.947017741224066,0.015178182174992874,55703.520138033346,0.0,55703.520138033346,69629.40017254167,1415.6000000000001,0.0,1415.6000000000001,1769.5,0.3305088835725682,9471.15,9117.25,0.0,25.82426608259441,25.76736368885589,26.11383258779729,226262.29357065473,217126.91127543792,262942.45259460434,3314.196610547451,3181.2698904186122,3848.882121494531,29442065.95719003,25182705.105451938,120383490.7106004,121366730.39332259,126645043.25314575,1761873.983302813,1776461.0488144057,1854003.0292391395,50453.8
41.32651925,41.82739588665878,0.01211998120695299,141538.55521827683,30326.136815243477,111212.41840303334,139015.52300379166,3424.8845000000047,733.8178333333378,2691.066666666667,3363.8333333333335,0.2602870813397129,9282.698833333328,9343.75,0.0,25.82426608259441,25.82426608259441,27.61652394098655,221395.6804990793,222972.28207173222,312015.8753963673,3243.6156966443114,3266.4812867831524,4569.253035862358,29442065.95719003,25182705.105451938,120383490.7106004,121366730.39332259,126645043.25314575,1761873.983302813,1776461.0488144057,1854003.0292391395,50453.8
44.4109005,43.863669905726816,-0.012321988253158195,193832.85559559998,60398.82468,133434.0309156,166792.5386445,4364.533333333333,1360.0,3004.5333333333333,3755.6666666666665,0.13014354066985645,8446.466666666667,9055.333333333334,0.0,25.75975416942929,25.76736368885589,27.61652394098655,199843.53472021862,215531.48200703628,314871.8842472643,2925.9616014427393,3157.702371171167,4611.482135052193,29442065.95719003,25182705.105451938,120383490.7106004,121366730.39332259,126645043.25314575,1761873.983302813,1776461.0488144057,1854003.0292391395,50453.8
45.7207075,44.393775554842456,-0.02902255931095443,84565.02059200002,62180.162200000006,22384.858392000002,27981.07299,1849.6,1360.0,489.6,612.0,0.0,5447.4,6685.0,0.0,25.25880638621389,25.5666372614437,25.61297300334298,123126.40208260686,154666.71036402823,170319.6061190146,1798.7848074945286,2261.2031322611265,2489.2399872760207,29442065.95719003,25182705.105451938,120383490.7106004,121366730.39332259,126645043.25314575,1761873.983302813,1776461.0488144057,1854003.0292391395,50453.8
24.627041500000004,23.99420726668695,-0.025696721764693342,-86550.91645036668,-33000.23561,-53550.68084036668,-66938.35105045835,-3514.4666666666667,-1340.0,-2174.4666666666667,-2718.0833333333335,0.11572727272727273,5199.466666666666,4753.083333333333,350.0,25.25880638621389,24.93911478187209,22.61187230696291,116863.90201925156,105674.98781769695,38930.21300975472,1705.7440986632987,1541.371383352654,571.6052980687723,29442065.95719003,25182705.105451938,120383490.7106004,121366730.39332259,126645043.25314575,1761873.983302813,1776461.0488144057,1854003.0292391395,50453.8
18.724086916666668,19.198244708124165,0.02532341328940538,-79031.87433032779,-25090.276468333333,-53941.59786199445,-67426.99732749307,-4220.866666666667,-1340.0,-2880.866666666667,-3601.0833333333335,0.23145454545454547,4698.783333333333,4411.0,332.0,24.93911478187209,24.93911478187209,20.03603785638579,104320.79388504129,97143.73230273154,12715.371547353734,1521.6739315759917,1417.2798555085792,187.43033533572878,29442065.95719003,25182705.105451938,120383490.7106004,121366730.39332259,126645043.25314575,1761873.983302813,1776461.0488144057,1854003.0292391395,50453.8
21.95155275,21.99400514523807,0.0019339130913217668,-98003.4389708,-29415.080685,-68588.3582858,-85735.44785725001,-4464.533333333333,-1340.0,-3124.5333333333333,-3905.6666666666665,0.3471818181818182,4669.199999999999,4136.333333333333,26.0,24.93911478187209,24.9331021921135,15.44287933987417,103583.0117394109,90294.67904010093,2800.682737056937,1510.9425083397803,1319.1193478461873,41.342863767422514,29442065.95719003,25182705.105451938,120383490.7106004,121366730.39332259,126645043.25314575,1761873.983302813,1776461.0488144057,1854003.0292391395,50453.8
19.408228083333334,18.77956420461926,-0.03239161638119537,-89949.37387501667,-26007.02563166666,-63942.34824335001,-79927.9353041875,-4634.6,-1339.9999999999995,-3294.6000000000004,-4118.25,0.4629090909090909,4445.85,3985.5,56.0,24.93911478187209,24.9331021921135,0.0,98012.8604528798,86533.93612612382,0.0,1429.9217743744484,1265.9072404782148,0.0,29442065.95719003,25182705.105451938,120383490.7106004,121366730.39332259,126645043.25314575,1761873.983302813,1776461.0488144057,1854003.0292391395,50453.8
26.664095500000002,26.248804533678783,-0.015574912950683835,-112369.60886246667,-35729.88797,-76639.72089246668,-95799.65111558334,-4214.266666666666,-1340.0,-2874.266666666667,-3592.8333333333335,0.5786363636363636,4447.266666666666,3826.833333333333,1.0,24.93911478187209,24.9331021921135,15.44287933987417,98048.19086548743,82577.88391164181,2852.15900152318,1430.4356735153372,1209.9316314016294,42.10763731515775,29442065.95719003,25182705.105451938,120383490.7106004,121366730.39332259,126645043.25314575,1761873.983302813,1776461.0488144057,1854003.0292391395,50453.8
26.868628166666667,26.334725630512857,-0.01987085208973078,-104730.3301099111,-36003.96174333331,-68726.36836657778,-85907.96045822222,-3897.866666666666,-1339.999999999999,-2557.866666666667,-3197.3333333333335,0.6943636363636363,4672.199999999999,3988.666666666667,17.0,24.93911478187209,24.9331021921135,20.03603785638579,103657.82908375651,86612.89094973219,12343.035177189236,1512.030765344016,1267.024400743399,182.00397696580515,29442065.95719003,25182705.105451938,120383490.7106004,121366730.39332259,126645043.25314575,1761873.983302813,1776461.0488144057,1854003.0292391395,50453.8
31.90568775,31.63331272461649,-0.008536879929300639,-92760.46951849997,-42753.62158499997,-50006.8479335,-62508.559916875,-2907.3333333333326,-1339.999999999999,-1567.3333333333335,-1959.1666666666667,0.810090909090909,5204.583333333333,4298.416666666667,42.0,25.25880638621389,24.93911478187209,24.01116483795021,116993.14291192769,94336.00363020579,46140.974922934925,1707.6642047140642,1376.4399884885195,677.9552265498515,29442065.95719003,25182705.105451938,120383490.7106004,121366730.39332259,126645043.25314575,1761873.983302813,1776461.0488144057,1854003.0292391395,50453.8
32.519818916666665,32.19521528515557,-0.00998171706745674,-66665.62877916667,-43576.55734833333,-23089.071430833334,-28861.339288541665,-2050.0,-1340.0,-710.0,-887.5,0.9258181818181817,6979.416666666667,5859.916666666667,43.0,25.5666372614437,25.48822338165023,24.98363131975477,162193.95448441827,133582.7129926384,111145.4129005087,2370.371267611326,1954.1121637705244,1620.9911200334489,29442065.95719003,25182705.105451938,120383490.7106004,121366730.39332259,126645043.25314575,1761873.983302813,1776461.0488144057,1854003.0292391395,50453.8
41.191726249999995,41.62520269756872,0.010523386296992591,160169.9083505,56020.74769999999,104149.1606505,130186.45081312499,3888.4,1360.0,2528.4,3160.5,0.7956746411483252,7206.766666666666,7934.666666666667,0.0,25.61297300334298,25.75975416942929,26.11383258779729,168008.46218834628,186659.6925363047,268385.0105364445,2455.0018905478814,2731.2112042742992,3928.9710357806653,29442065.95719003,25182705.105451938,120383490.7106004,121366730.39332259,126645043.25314575,1761873.983302813,1776461.0488144057,1854003.0292391395,50453.8
38.117997333333335,37.84661035067362,-0.007119654799450604,192816.07771093334,51840.47637333334,140975.6013376,176219.501672,5058.4,1360.0,3698.4,4623.0,0.6655311004784688,7779.683333333334,8215.083333333334,0.0,25.61297300334298,25.75975416942929,27.61652394098655,182682.5613048449,193883.15693464884,315619.83177066606,2672.389141199856,2837.9154973692257,4622.541327023746,29442065.95719003,25182705.105451938,120383490.7106004,121366730.39332259,126645043.25314575,1761873.983302813,1776461.0488144057,1854003.0292391395,50453.8
37.87853191666667,36.5127951993547,-0.036055692979775705,132120.31932533334,5863.596740700001,126256.72258463335,157820.90323079168,3488.0000000000005,154.8,3333.2000000000003,4166.5,0.6507177033492821,8780.0,8101.5,0.0,25.76736368885589,25.75975416942929,27.50238891543239,208436.86787137127,190957.27819023782,299877.9036672098,3052.901451126,2794.694709408339,4389.810886043299,29442065.95719003,25182705.105451938,120383490.7106004,121366730.39332259,126645043.25314575,1761873.983302813,1776461.0488144057,1854003.0292391395,50453.8
39.68415566666667,38.61435496539647,-0.026957879871658538,168480.40568802223,53970.45170666667,114509.95398135556,143137.44247669444,4245.533333333333,1360.0,2885.5333333333333,3606.9166666666665,0.5205741626794257,7375.800000000001,8014.416666666667,0.0,25.61297300334298,25.75975416942929,27.20328488803203,172337.90839167807,188714.03293131667,282276.4549103419,2519.1398249802405,2761.5577149702412,4132.56353034917,29442065.95719003,25182705.105451938,120383490.7106004,121366730.39332259,126645043.25314575,1761873.983302813,1776461.0488144057,1854003.0292391395,50453.8
43.975086583333336,44.66313918034596,0.01564641824431105,164419.91706264444,59806.11775333334,104613.79930931111,130767.24913663889,3738.9333333333334,1360.0,2378.9333333333334,2973.6666666666665,0.39043062200956924,7491.0666666666675,8256.333333333334,0.0,25.61297300334298,25.75975416942929,26.11383258779729,175290.23041319672,194945.74679413778,271906.02563036577,2562.876558813231,2853.611968418851,3980.7838559785714,29442065.95719003,25182705.105451938,120383490.7106004,121366730.39332259,126645043.25314575,1761873.983302813,1776461.0488144057,1854003.0292391395,50453.8
45.06399883333333,44.86857933428204,-0.004336488197020343,139193.6795964,61287.03841333333,77906.64118306666,97383.30147883332,3088.8,1360.0,1728.8000000000002,2161.0,0.2602870813397128,6958.116666666667,7885.916666666667,0.0,25.5666372614437,25.75975416942929,25.82698149808759,161649.3851107495,185403.904520545,241131.45497359804,2362.473340808181,2712.6608293974696,3529.9555611134056,29442065.95719003,25182705.105451938,120383490.7106004,121366730.39332259,126645043.25314575,1761873.983302813,1776461.0488144057,1854003.0292391395,50453.8
42.422267749999996,42.70953471643325,0.006771607970751435,100139.17709946667,57694.284139999996,42444.89295946667,53056.11619933333,2360.5333333333333,1360.0,1000.5333333333334,1250.6666666666667,0.13014354066985634,6588.3,7698.166666666667,0.0,25.5666372614437,25.61297300334298,25.76736368885589,152194.41654084664,180594.67712218902,212787.25777417314,2225.34728616422,2641.458492678,3117.1649692892897,29442065.95719003,25182705.105451938,120383490.7106004,121366730.39332259,126645043.25314575,1761873.983302813,1776461.0488144057,1854003.0292391395,50453.8
38.80573766666667,40.101097002336644,0.03338061362978962,80589.16893695557,52775.80322666668,27813.365710288894,34766.707137861114,2076.7333333333336,1360.0,716.7333333333333,895.9166666666666,0.0,6239.85,7420.666666666667,0.0,25.5666372614437,25.61297300334298,25.75975416942929,143285.72178709658,173487.07711376136,196497.7719828459,2096.1438779691102,2536.1640134531162,2876.538329164061,29442065.95719003,25182705.105451938,120383490.7106004,121366730.39332259,126645043.25314575,1761873.983302813,1776461.0488144057,1854003.0292391395,50453.8
33.83277675,34.07472659447944,0.0071513445753293775,3843.4034388000005,0.0,3843.4034388000005,4804.2542985,113.60000000000001,0.0,113.60000000000001,142.0,0.0,7467.483333333333,7439.083333333333,0.0,25.61297300334298,25.61297300334298,25.61297300334298,174686.19113320118,173958.78269990624,177595.82486638095,2553.928109077302,2543.15202543771,2597.0324436356686,29442065.95719003,25182705.105451938,120383490.7106004,121366730.39332259,126645043.25314575,1761873.983302813,1776461.0488144057,1854003.0292391395,50453.8
32.57914449999999,32.714872756277856,0.00416610866739809,-1757.101860033333,0.0,-1757.101860033333,-2196.377325041666,-53.93333333333334,0.0,-53.93333333333334,-67.41666666666667,0.0,7302.016666666666,7315.5,0.0,25.61297300334298,25.61297300334298,25.61297300334298,170448.0978669147,170793.44611957646,169066.70485626772,2491.143509092639,2496.2596192243464,2470.6790685658084,29442065.95719003,25182705.105451938,120383490.7106004,121366730.39332259,126645043.25314575,1761873.983302813,1776461.0488144057,1854003.0292391395,50453.8
32.26966383333333,31.753257992939105,-0.01600282677443947,-8551.460915833333,0.0,-8551.460915833333,-10689.326144791667,-265.0,0.0,-265.0,-331.25,0.0,7238.0,7304.25,0.0,25.61297300334298,25.61297300334298,25.5666372614437,168808.44071181735,170505.30017328885,162029.901895324,2466.8530529543336,2491.9909241206346,2367.9920017121,29442065.95719003,25182705.105451938,120383490.7106004,121366730.39332259,126645043.25314575,1761873.983302813,1776461.0488144057,1854003.0292391395,50453.8
30.562176999999995,29.868551480633297,-0.022695553375229077,-44942.700017733325,-40953.31717999999,-3989.3828377333325,-4986.7285471666655,-1470.5333333333333,-1340.0,-130.53333333333333,-163.16666666666666,0.11572727272727273,8591.533333333333,7284.166666666667,0.0,25.76736368885589,25.61297300334298,25.5666372614437,203580.5787281449,169990.90629880506,165813.7642100177,2981.164840722202,2484.3705128614165,2422.869615179961,29442065.95719003,25182705.105451938,120383490.7106004,121366730.39332259,126645043.25314575,1761873.983302813,1776461.0488144057,1854003.0292391395,50453.8
33.234105,31.510029168577784,-0.05187670410929418,41084.554502750005,40191.66488175,892.8896210000001,1116.11202625,1236.2166666666667,1209.3500000000001,26.86666666666667,33.583333333333336,0.0,6401.7,7604.333333333333,0.0,25.5666372614437,25.61297300334298,25.61297300334298,147423.6820278612,178191.32648870867,179051.4954987376,2156.1569978324433,2605.8544135166726,2618.5972589003445,29442065.95719003,25182705.105451938,120383490.7106004,121366730.39332259,126645043.25314575,1761873.983302813,1776461.0488144057,1854003.0292391395,50453.8
29.852002499999998,29.40630872866836,-0.014930113024465862,16026.545075499998,0.0,16026.545075499998,20033.181344375,536.8666666666667,0.0,536.8666666666667,671.0833333333334,0.0,7682.133333333333,7547.916666666667,0.0,25.61297300334298,25.61297300334298,25.75975416942929,180184.01578836876,176746.32792843675,193984.04930514575,2635.3748116561173,2584.4476980706527,2839.405869367877,29442065.95719003,25182705.105451938,120383490.7106004,121366730.39332259,126645043.25314575,1761873.983302813,1776461.0488144057,1854003.0292391395,50453.8
30.028424333333334,29.7048069020187,-0.010777036707696868,3657.4620838000005,0.0,3657.4620838000005,4571.82760475,121.80000000000001,0.0,121.80000000000001,152.25,0.0,7162.866666666667,7132.416666666667,0.0,25.5720205386902,25.5666372614437,25.61297300334298,166884.154987243,166105.64998541918,170003.7127853067,2438.3932641664605,2427.1028545071554,2484.560232643804,29442065.95719003,25182705.105451938,120383490.7106004,121366730.39332259,126645043.25314575,1761873.983302813,1776461.0488144057,1854003.0292391395,50453.8
30.356754249999998,30.691175746991405,0.011016378570558354,5235.528216316668,0.0,5235.528216316668,6544.410270395833,172.4666666666667,0.0,172.4666666666667,215.58333333333334,0.0,4415.7,4382.583333333333,10.0,24.93911478187209,24.93911478187209,24.93911478187209,97260.94614220633,96435.04579101334,101811.50328607192,1418.9847914818813,1406.9716433295707,1485.1750008283823,29442065.95719003,25182705.105451938,120383490.7106004,121366730.39332259,126645043.25314575,1761873.983302813,1776461.0488144057,1854003.0292391395,50453.8
27.18962025,27.37071085551195,0.006660284470576469,-63966.30060015,-36434.091135,-27532.20946515,-34415.2618314375,-2352.6,-1340.0,-1012.6,-1265.75,0.11572727272727273,4628.4333333333325,3581.583333333333,40.0,24.93911478187209,24.77651648406875,24.01116483795021,102566.32716013657,76475.53874828973,45578.71347964625,1496.1543048266692,1122.8319043949168,669.6097758187061,29442065.95719003,25182705.105451938,120383490.7106004,121366730.39332259,126645043.25314575,1761873.983302813,1776461.0488144057,1854003.0292391395,50453.8
13.7176605,14.222493273310755,0.03680166696870469,-48968.389942199996,-18381.66507,-30586.724872199997,-38233.40609025,-3569.733333333333,-1340.0,-2229.733333333333,-2787.1666666666665,0.23145454545454547,3719.2333333333336,2997.666666666667,61.0,24.9331021921135,24.77651648406875,15.44287933987417,79895.0821157704,62008.1178313006,2489.251337036151,1171.9717015488525,912.6005217263595,36.71598380362404,29442065.95719003,25182705.105451938,120383490.7106004,121366730.39332259,126645043.25314575,1761873.983302813,1776461.0488144057,1854003.0292391395,50453.8
8.174058333333333,8.343814037225467,0.0207676159099429,-41183.08563222222,-10953.238166666666,-30229.84746555555,-37787.30933194444,-5038.266666666666,-1340.0,-3698.2666666666664,-4622.833333333333,0.3471818181818182,2620.3500000000004,2238.916666666667,34.0,24.01116483795021,24.01116483795021,0.0,52890.51335888274,43731.85471752726,0.0,778.1362742591028,642.1974945914922,0.0,29442065.95719003,25182705.105451938,120383490.7106004,121366730.39332259,126645043.25314575,1761873.983302813,1776461.0488144057,1854003.0292391395,50453.8
7.534934166666666,7.30191122166198,-0.03092567763040881,-46263.49112544444,-10096.811783333329,-36166.67934211111,-45208.349177638884,-6139.866666666667,-1339.9999999999995,-4799.866666666667,-5999.833333333333,0.4629090909090909,1525.3666666666668,1461.333333333333,76.0,21.91280413211907,21.82773055559787,0.0,27567.553856752755,26165.821382101043,0.0,404.01612291774086,383.3601119566906,0.0,29442065.95719003,25182705.105451938,120383490.7106004,121366730.39332259,126645043.25314575,1761873.983302813,1776461.0488144057,1854003.0292391395,50453.8
4.900198333333333,4.955663072277136,0.011318876333332674,-29998.034157,-6566.265766666666,-23431.76839033333,-29289.710487916665,-6121.8,-1340.0,-4781.8,-5977.25,0.5786363636363636,1410.5,1410.5,144.55000000000018,21.82773055559787,21.82773055559787,0.0,25056.24507885816,25056.24507885816,0.0,367.36205144884565,367.36205144884565,0.0,29442065.95719003,25182705.105451938,120383490.7106004,121366730.39332259,126645043.25314575,1761873.983302813,1776461.0488144057,1854003.0292391395,50453.8
5.684067416666665,5.832113509705201,0.026045801744792603,-31968.71090264443,-7616.6503383333265,-24352.060564311105,-30440.07570538888,-5624.2666666666655,-1339.999999999999,-4284.266666666666,-5355.333333333333,0.6943636363636363,1596.0999999999995,1391.166666666667,64.0,21.91280413211907,21.82773055559787,0.0,29117.519535697964,24634.242288116606,0.0,427.043653016694,361.27754319012433,0.0,29442065.95719003,25182705.105451938,120383490.7106004,121366730.39332259,126645043.25314575,1761873.983302813,1776461.0488144057,1854003.0292391395,50453.8
5.769872666666667,5.886262081489628,0.020171920863237967,-23436.45345564444,-7731.629373333329,-15704.824082311114,-19631.03010288889,-4061.866666666666,-1339.999999999999,-2721.866666666667,-3402.3333333333335,0.810090909090909,2122.0333333333324,1505.5,43.0,23.60764906024272,21.91280413211907,0.0,40942.14512218,27132.219481327986,0.0,600.9346510123514,397.5484471689301,0.0,29442065.95719003,25182705.105451938,120383490.7106004,121366730.39332259,126645043.25314575,1761873.983302813,1776461.0488144057,1854003.0292391395,50453.8
14.88850075,14.755475282177729,-0.008934779267299334,-21459.292414333337,-19950.591005000002,-1508.7014093333335,-1885.8767616666669,-1441.3333333333333,-1340.0,-101.33333333333334,-126.66666666666667,0.9258181818181817,3711.4999999999995,2408.833333333333,12.0,24.9331021921135,24.01116483795021,24.01116483795021,79702.2661254847,47811.75180957562,44770.33759676859,1169.2434785854557,702.7539858399098,657.611334198127,29442065.95719003,25182705.105451938,120383490.7106004,121366730.39332259,126645043.25314575,1761873.983302813,1776461.0488144057,1854003.0292391395,50453.8
29.05824291666666,29.12247301387995,0.00221039163990368,70078.79583402777,0.0,70078.79583402777,87598.49479253471,2411.666666666667,0.0,2411.666666666667,3014.5833333333335,0.9258181818181817,4519.583333333334,3916.666666666667,0.0,24.93911478187209,24.9331021921135,25.5666372614437,99851.70451612983,84817.70759190002,160962.49478965873,1456.6687131896585,1241.6237041876375,2352.5113235885647,29442065.95719003,25182705.105451938,120383490.7106004,121366730.39332259,126645043.25314575,1761873.983302813,1776461.0488144057,1854003.0292391395,50453.8
30.834257416666663,30.281340713960482,-0.017931896177506727,106382.29932182223,0.0,106382.29932182223,132977.87415227777,3450.1333333333337,0.0,3450.1333333333337,4312.666666666667,0.9258181818181817,5246.450000000001,4383.916666666667,0.0,25.25880638621389,24.93911478187209,25.76736368885589,118050.64493929721,96468.29794405586,206287.44028365923,1723.375300477983,1407.4553131092312,3021.150324925876,29442065.95719003,25182705.105451938,120383490.7106004,121366730.39332259,126645043.25314575,1761873.983302813,1776461.0488144057,1854003.0292391395,50453.8
29.83367141666666,30.182712495772464,0.011699568391398563,107743.8070934347,12952.28844554583,94791.51864788888,118489.39830986108,3611.4833333333336,434.15,3177.3333333333335,3971.6666666666665,0.8842727272727271,4684.6,4324.416666666667,0.0,24.93911478187209,24.93911478187209,25.75975416942929,103967.07410705175,94984.42061453447,195969.69702237262,1516.5288942948564,1385.8715491918938,2868.7376587030353,29442065.95719003,25182705.105451938,120383490.7106004,121366730.39332259,126645043.25314575,1761873.983302813,1776461.0488144057,1854003.0292391395,50453.8
27.231730083333332,27.068929986623722,-0.00597832367651328,38736.22831920557,-36490.51831166667,75226.74663087224,94033.43328859028,1422.4666666666672,-1340.0,2762.466666666667,3453.0833333333335,0.9999999999999998,6238.949999999999,4208.333333333333,0.0,25.5666372614437,24.9331021921135,25.61297300334298,143262.71181356124,92089.8623979331,179653.40036431616,2095.8101627520755,1344.5200444019488,2627.5140886725417,29442065.95719003,25182705.105451938,120383490.7106004,121366730.39332259,126645043.25314575,1761873.983302813,1776461.0488144057,1854003.0292391395,50453.8
29.204864750000002,28.308196789678746,-0.03070269176032576,57751.64654763335,0.0,57751.64654763335,72189.55818454167,1977.466666666667,0.0,1977.466666666667,2471.8333333333335,0.9999999999999998,5098.116666666667,4603.75,0.0,25.25880638621389,24.93911478187209,25.5666372614437,114303.92199200879,101950.74667693739,164652.6127677271,1667.7109882570935,1487.2003680307096,2406.0293565425827,29442065.95719003,25182705.105451938,120383490.7106004,121366730.39332259,126645043.25314575,1761873.983302813,1776461.0488144057,1854003.0292391395,50453.8
33.25993825,32.72732161786507,-0.01601375889911411,108023.84477756667,45233.516019999995,62790.32875756667,78487.91094695833,3247.866666666667,1360.0,1887.8666666666668,2359.8333333333335,0.8698564593301433,4064.7166666666667,4952.75,0.0,24.9331021921135,24.93911478187209,25.61297300334298,88509.05337144241,110654.49773581076,170718.7416149834,1293.853886480422,1613.800932856772,2495.1529204937547,29442065.95719003,25182705.105451938,120383490.7106004,121366730.39332259,126645043.25314575,1761873.983302813,1776461.0488144057,1854003.0292391395,50453.8
34.00016833333333,35.968524909939795,0.05789255386352649,99751.9605342222,46240.228933333325,53511.73160088888,66889.6645011111,2933.866666666667,1360.0,1573.8666666666668,1967.3333333333333,0.7397129186602869,4250.133333333333,5216.666666666667,0.0,24.9331021921135,25.25880638621389,25.61297300334298,93132.06606956344,117298.35348909446,167425.34016963685,1359.2665599023771,1712.1986571140806,2446.3633164565185,29442065.95719003,25182705.105451938,120383490.7106004,121366730.39332259,126645043.25314575,1761873.983302813,1776461.0488144057,1854003.0292391395,50453.8
34.45307225,33.2285146141775,-0.03554277037869962,83484.38780471667,46856.17826,36628.209544716665,45785.26193089583,2423.133333333333,1360.0,1063.1333333333334,1328.9166666666667,0.6095693779904304,4237.200000000001,5331.416666666667,0.0,24.9331021921135,25.25880638621389,25.5666372614437,92809.5979478788,120196.80152191251,154036.06664491264,1354.7038421877314,1755.2603188714763,2252.0568633498165,29442065.95719003,25182705.105451938,120383490.7106004,121366730.39332259,126645043.25314575,1761873.983302813,1776461.0488144057,1854003.0292391395,50453.8
31.785592000000005,31.159426333561782,-0.019699669788696174,47555.48371093334,43228.40512,4327.0785909333335,5408.848238666667,1496.1333333333332,1360.0,136.13333333333333,170.16666666666666,0.479425837320574,4103.366666666667,5429.333333333333,0.0,24.9331021921135,25.25880638621389,25.25880638621389,89472.7177711676,122670.05964722927,126968.26653395001,1307.4891215065356,1792.0050193543666,1855.8626179808025,29442065.95719003,25182705.105451938,120383490.7106004,121366730.39332259,126645043.25314575,1761873.983302813,1776461.0488144057,1854003.0292391395,50453.8
28.930211749999994,28.935101458852813,0.0001690173889868697,-8744.280717028152,-13783.923603878153,5039.64288685,6299.553608562499,-302.25429362881016,-476.4542936288102,174.20000000000002,217.75,0.5205741626794258,4814.337626962143,4294.333333333333,0.0,24.93911478187209,24.93911478187209,24.93911478187209,107202.61567738834,94234.16891151313,99664.66115526577,1563.591521379671,1374.95874978831,1453.9480706790696,29442065.95719003,25182705.105451938,120383490.7106004,121366730.39332259,126645043.25314575,1761873.983302813,1776461.0488144057,1854003.0292391395,50453.8
32.752339916666664,33.47424220605292,0.022041243197372412,48449.44469406111,44543.18228666666,3906.2624073944444,4882.828009243055,1479.2666666666667,1360.0,119.26666666666668,149.08333333333334,0.39043062200956935,2957.0666666666666,4287.25,0.0,24.65477396507858,24.93911478187209,24.93911478187209,61002.716078982514,94057.51684847487,97775.52321053896,898.0176256070833,1372.3892540838651,1426.4695813221233,29442065.95719003,25182705.105451938,120383490.7106004,121366730.39332259,126645043.25314575,1761873.983302813,1776461.0488144057,1854003.0292391395,50453.8
40.721609416666674,41.26914955414665,0.013445935593495504,80666.79348045557,55381.38880666668,25285.404673788897,31606.755842236114,1980.9333333333334,1360.0,620.9333333333334,776.1666666666666,0.2602870813397129,3175.566666666666,4380.333333333333,0.0,24.77651648406875,24.93911478187209,25.25880638621389,66415.86011381641,96378.93278275413,115778.61530485725,976.6510363147474,1406.155450576394,1689.6202113705513,29442065.95719003,25182705.105451938,120383490.7106004,121366730.39332259,126645043.25314575,1761873.983302813,1776461.0488144057,1854003.0292391395,50453.8
44.889183333333335,43.52340490856795,-0.03042555741376574,87288.51329777778,61049.289333333334,26239.223964444445,32799.029955555554,1944.5333333333333,1360.0,584.5333333333333,730.6666666666666,0.13014354066985645,3377.883333333333,4591.75,0.0,24.77651648406875,24.93911478187209,25.25880638621389,71428.56234048493,101651.47729955493,119969.47226443658,1049.492445026425,1482.8473400137677,1751.8829336356023,29442065.95719003,25182705.105451938,120383490.7106004,121366730.39332259,126645043.25314575,1761873.983302813,1776461.0488144057,1854003.0292391395,50453.8
36.62531675,36.67266831899295,0.0012928644226114343,75645.92921545001,49810.43078,25835.498435450005,32294.373044312502,2065.4,1360.0,705.4000000000001,881.75,0.0,3171.766666666667,4355.416666666667,0.0,24.77651648406875,24.93911478187209,25.25880638621389,66321.70935117696,95757.5331727725,117816.15902001184,975.2828971610891,1397.116871568994,1719.8915901513496,29442065.95719003,25182705.105451938,120383490.7106004,121366730.39332259,126645043.25314575,1761873.983302813,1776461.0488144057,1854003.0292391395,50453.8
19.777908583333332,20.541923728496013,0.03862972376192052,-37387.117443376315,-16988.182530526316,-20398.93491285,-25498.668641062497,-1890.3473684210528,-858.9473684210527,-1031.4,-1289.25,0.07418181818181818,2792.680701754386,2296.583333333333,105.0,24.01116483795021,24.01116483795021,20.03603785638579,57028.37424534693,45116.49855651571,16670.819354168558,839.5531019155412,662.749280733672,245.07626797406644,29442065.95719003,25182705.105451938,120383490.7106004,121366730.39332259,126645043.25314575,1761873.983302813,1776461.0488144057,1854003.0292391395,50453.8
5.979473916666666,5.914788830098119,-0.010817855796351774,-26330.414076244444,-8012.495048333332,-18317.91902791111,-22897.398784888886,-4403.466666666667,-1340.0,-3063.466666666667,-3829.3333333333335,0.18990909090909092,1527.0,1527.0,574.1333333333337,21.91280413211907,21.91280413211907,0.0,27603.344770168547,27603.344770168547,0.0,404.54786136017657,404.54786136017657,0.0,29442065.95719003,25182705.105451938,120383490.7106004,121366730.39332259,126645043.25314575,1761873.983302813,1776461.0488144057,1854003.0292391395,50453.8
-4.376748999999999,-4.451469827510054,0.017072221301713743,24783.19532086666,5864.8436599999995,18918.35166086666,23647.93957608333,-5662.466666666666,-1340.0,-4322.466666666666,-5403.083333333333,0.30563636363636365,1241.583333333333,1241.583333333333,259.3833333333332,21.41759783497139,21.41759783497139,0.0,21423.501237619832,21423.501237619832,0.0,314.4469761232687,314.4469761232687,0.0,29442065.95719003,25182705.105451938,120383490.7106004,121366730.39332259,126645043.25314575,1761873.983302813,1776461.0488144057,1854003.0292391395,50453.8
-5.212131333333334,-5.130776016664307,-0.015608838585615039,31287.729443155557,6984.255986666667,24303.47345648889,30379.341820611113,-6002.866666666667,-1340.0,-4662.866666666667,-5828.583333333333,0.4213636363636364,1226.75,1226.75,174.28333333333376,21.41759783497139,21.41759783497139,0.0,21105.80686973443,21105.80686973443,0.0,309.81695770865554,309.81695770865554,0.0,29442065.95719003,25182705.105451938,120383490.7106004,121366730.39332259,126645043.25314575,1761873.983302813,1776461.0488144057,1854003.0292391395,50453.8
-6.755242166666666,-6.640346524347211,-0.017008367647632406,39468.62823244444,9052.024503333332,30416.60372911111,38020.754661388884,-5842.666666666667,-1340.0,-4502.666666666667,-5628.333333333333,0.5370909090909091,1227.5,1227.5,214.33333333333394,21.41759783497139,21.41759783497139,0.0,21121.87006811066,21121.87006811066,0.0,310.05105976332703,310.05105976332703,0.0,29442065.95719003,25182705.105451938,120383490.7106004,121366730.39332259,126645043.25314575,1761873.983302813,1776461.0488144057,1854003.0292391395,50453.8
-17.37708508333333,-17.210964355525576,-0.009559757980760723,94073.7462794722,23285.29401166666,70788.45226780554,88485.56533475693,-5413.666666666666,-1340.0,-4073.6666666666665,-5092.083333333333,0.6528181818181817,1240.833333333333,1240.833333333333,321.58333333333303,21.41759783497139,21.41759783497139,0.0,21407.438039243603,21407.438039243603,0.0,314.2128740685973,314.2128740685973,0.0,29442065.95719003,25182705.105451938,120383490.7106004,121366730.39332259,126645043.25314575,1761873.983302813,1776461.0488144057,1854003.0292391395,50453.8
-29.695648083333328,-28.92914880250591,-0.025811838781104633,135697.23348159998,39792.16843166666,95905.06504993333,119881.33131241665,-4569.6,-1340.0,-3229.6000000000004,-4037.0,0.7685454545454544,1249.083333333333,1249.083333333333,532.6000000000004,21.41759783497139,21.41759783497139,0.0,21584.13322138212,21584.13322138212,0.0,316.78799666998333,316.78799666998333,0.0,29442065.95719003,25182705.105451938,120383490.7106004,121366730.39332259,126645043.25314575,1761873.983302813,1776461.0488144057,1854003.0292391395,50453.8
-22.668418833333334,-22.11384844887,-0.024464449353117163,70850.89867754445,30375.681236666667,40475.21744087778,50594.02180109722,-3125.5333333333333,-1340.0,-1785.5333333333333,-2231.9166666666665,0.8842727272727271,1475.25,1475.25,893.6166666666668,21.82773055559787,21.82773055559787,0.0,26469.590632333122,26469.590632333122,0.0,387.7399088498221,387.7399088498221,0.0,29442065.95719003,25182705.105451938,120383490.7106004,121366730.39332259,126645043.25314575,1761873.983302813,1776461.0488144057,1854003.0292391395,50453.8
16.335343249999998,16.5912391261197,0.01566516676162899,-15967.25351543333,-21889.359954999996,5922.106439566666,7402.633049458333,-977.4666666666667,-1340.0,362.53333333333336,453.1666666666667,0.9999999999999998,3230.883333333333,2331.25,531.0,24.77651648406875,24.01116483795021,24.01116483795021,67786.41441732683,45948.88560423132,56829.94513662909,996.567061976998,675.1041117093179,836.6078877803802,29442065.95719003,25182705.105451938,120383490.7106004,121366730.39332259,126645043.25314575,1761873.983302813,1776461.0488144057,1854003.0292391395,50453.8
37.29425733333334,37.340461971379376,0.0012389209854230029,142153.2775355556,50720.18997333334,91433.08756222225,114291.3594527778,3811.666666666667,1360.0,2451.666666666667,3064.5833333333335,0.8698564593301433,3904.4166666666665,4651.5,0.0,24.9331021921135,24.93911478187209,25.61297300334298,84512.27709004661,103141.58940777178,181053.57622183228,1237.3020578986361,1504.5217920147913,2648.2567848802073,29442065.95719003,25182705.105451938,120383490.7106004,121366730.39332259,126645043.25314575,1761873.983302813,1776461.0488144057,1854003.0292391395,50453.8
33.650508333333335,33.60141048874903,-0.001459052092109575,160463.5706711111,45764.691333333336,114698.87933777779,143373.59917222222,4768.533333333334,1360.0,3408.5333333333338,4260.666666666667,0.7397129186602869,5554.633333333333,6062.5,0.0,25.25880638621389,25.5666372614437,25.82698149808759,125834.98808742187,138751.4786687795,248266.15861244473,1839.0257271382593,2030.383440479075,3633.632519678089,29442065.95719003,25182705.105451938,120383490.7106004,121366730.39332259,126645043.25314575,1761873.983302813,1776461.0488144057,1854003.0292391395,50453.8
31.05875325,31.095813732926544,0.001193237945780939,103701.03593465,0.0,103701.03593465,129626.29491831249,3338.866666666667,0.0,3338.866666666667,4173.583333333333,0.7397129186602869,7394.299999999999,6559.583333333333,0.0,25.61297300334298,25.5666372614437,26.11383258779729,172811.74839223985,151460.22794082217,258931.8031396618,2526.1594569285653,2214.699298776255,3789.864181058967,29442065.95719003,25182705.105451938,120383490.7106004,121366730.39332259,126645043.25314575,1761873.983302813,1776461.0488144057,1854003.0292391395,50453.8
31.0593035,32.10961757556299,0.03381640787801305,107010.68896878333,19526.98411045,87483.70485833334,109354.63107291667,3445.366666666667,628.7,2816.666666666667,3520.8333333333335,0.6795502392344496,6746.466666666667,6671.0,0.0,25.5666372614437,25.5666372614437,25.82698149808759,156238.20633436498,154308.777442368,244874.21504236254,2283.9946456022835,2256.012006662815,3584.3429610965077,29442065.95719003,25182705.105451938,120383490.7106004,121366730.39332259,126645043.25314575,1761873.983302813,1776461.0488144057,1854003.0292391395,50453.8
30.156813916666664,29.116697534334392,-0.03449026098070111,38538.15268972229,-35376.198220027705,73914.35090974999,92392.93863718749,1277.9252077562323,-1173.0747922437677,2451.0,3063.75,0.7808612440191386,8344.658125577102,6558.833333333333,0.0,25.75975416942929,25.5666372614437,25.82426608259441,197220.97172940316,151441.05296287607,230172.94826442894,2887.221363435056,2214.42120276206,3370.913176706846,29442065.95719003,25182705.105451938,120383490.7106004,121366730.39332259,126645043.25314575,1761873.983302813,1776461.0488144057,1854003.0292391395,50453.8
35.65670483333334,35.43010000665538,-0.00635518138137434,117068.09330880005,48493.11857333335,68574.97473546669,85718.71841933335,3283.2,1360.0,1923.2,2404.0,0.6507177033492821,5707.383333333333,6586.583333333333,0.0,25.48822338165023,25.5666372614437,25.76736368885589,129694.90931949067,152150.52714688113,213863.04520818283,1896.2418102266715,2224.710755287284,3133.0563920927484,29442065.95719003,25182705.105451938,120383490.7106004,121366730.39332259,126645043.25314575,1761873.983302813,1776461.0488144057,1854003.0292391395,50453.8
34.52554,33.75310756108902,-0.02237278371058007,83597.84085333334,46954.7344,36643.10645333334,45803.88306666667,2421.3333333333335,1360.0,1061.3333333333335,1326.6666666666667,0.5205741626794257,5386.416666666666,6481.083333333333,0.0,25.25880638621389,25.5666372614437,25.61297300334298,121586.03587315424,149453.2469157988,183401.43208047203,1775.8998953129294,2185.591915957153,2683.038744984523,29442065.95719003,25182705.105451938,120383490.7106004,121366730.39332259,126645043.25314575,1761873.983302813,1776461.0488144057,1854003.0292391395,50453.8
31.040136083333334,31.214004815416356,0.005601416553594982,9796.266947900001,0.0,9796.266947900001,12245.333684875,315.6,0.0,315.6,394.5,0.5205741626794257,6763.15,6684.25,0.0,25.5666372614437,25.5666372614437,25.5666372614437,156664.74306601004,154647.53538608213,164733.57378572167,2290.180736940271,2260.925036246931,2407.203539713629,29442065.95719003,25182705.105451938,120383490.7106004,121366730.39332259,126645043.25314575,1761873.983302813,1776461.0488144057,1854003.0292391395,50453.8
28.746986749999994,29.03470230432657,0.010008546524500618,-18712.775374947392,-24692.14861894739,5979.3732439999985,7474.216554999998,-650.9473684210536,-858.9473684210536,208.0,260.0,0.5947559808612439,7753.61403508772,6842.666666666667,0.0,25.61297300334298,25.5666372614437,25.5666372614437,182014.8490726639,158697.71683891586,165345.04252689122,2662.4974180195677,2319.665094356393,2416.0717126107443,29442065.95719003,25182705.105451938,120383490.7106004,121366730.39332259,126645043.25314575,1761873.983302813,1776461.0488144057,1854003.0292391395,50453.8
32.94020183333333,32.35619684164854,-0.01772924752069423,49948.32604661111,44798.67449333333,5149.6515532777785,6437.064441597222,1516.3333333333333,1360.0,156.33333333333334,195.41666666666666,0.4646124401913875,5292.5,6613.416666666667,0.0,25.25880638621389,25.5666372614437,25.5666372614437,119213.81297338234,152836.56524672988,157832.712278237,1740.6562549348723,2234.6604126840475,2307.119874160475,29442065.95719003,25182705.105451938,120383490.7106004,121366730.39332259,126645043.25314575,1761873.983302813,1776461.0488144057,1854003.0292391395,50453.8
29.35291166666667,29.217552251896326,-0.004611447624259351,-44951.048926333315,-39332.90163333331,-5618.147293000001,-7022.684116250001,-1531.3999999999992,-1339.999999999999,-191.4,-239.25,0.5803397129186602,8040.733333333332,6748.583333333333,0.0,25.75975416942929,25.5666372614437,25.5666372614437,189391.9437952088,156292.322383235,150175.5044184346,2771.571746399476,2284.7794943534564,2196.066865825174,29442065.95719003,25182705.105451938,120383490.7106004,121366730.39332259,126645043.25314575,1761873.983302813,1776461.0488144057,1854003.0292391395,50453.8
30.6311085,30.8959325204096,0.008645590492084024,-1455.9986907,0.0,-1455.9986907,-1819.9983633749998,-47.53333333333333,0.0,-47.53333333333333,-59.416666666666664,0.5803397129186602,6948.95,6960.833333333333,0.0,25.5666372614437,25.5666372614437,25.5666372614437,161415.02426918628,161718.84114197645,160199.75677802565,2359.0743895235723,2363.4806663707104,2341.4492821350204,29442065.95719003,25182705.105451938,120383490.7106004,121366730.39332259,126645043.25314575,1761873.983302813,1776461.0488144057,1854003.0292391395,50453.8
32.012367,31.828956693001437,-0.005729357875928408,76656.8140182,43536.81912,33119.9948982,41399.99362275,2394.6000000000004,1360.0,1034.6000000000001,1293.25,0.4501961722488037,5832.983333333333,6934.333333333333,0.0,25.48822338165023,25.5666372614437,25.75975416942929,132896.23017622594,161041.32525454817,194205.15386176665,1943.8937971482703,2353.6546072024785,2842.6720037478995,29442065.95719003,25182705.105451938,120383490.7106004,121366730.39332259,126645043.25314575,1761873.983302813,1776461.0488144057,1854003.0292391395,50453.8
41.12421433333333,39.78413132788457,-0.03258622753462663,141878.53944999998,55928.93149333332,85949.60795666666,107437.00994583331,3450.0,1360.0,2090.0,2612.5,0.32005263157894726,6414.583333333333,7252.083333333333,0.0,25.5666372614437,25.61297300334298,25.82426608259441,147753.06553791283,169169.1567482811,236422.42065641677,2160.9340693651748,2472.1968268249057,3461.549819963991,29442065.95719003,25182705.105451938,120383490.7106004,121366730.39332259,126645043.25314575,1761873.983302813,1776461.0488144057,1854003.0292391395,50453.8
52.880756666666656,53.731397861892226,0.01608602540594451,196617.70405422218,71917.82906666666,124699.87498755552,155874.8437344444,3718.133333333333,1360.0,2358.133333333333,2947.6666666666665,0.1899090909090908,6822.533333333333,7593.0,0.0,25.5666372614437,25.61297300334298,26.11383258779729,158182.97520871877,177901.04612800412,253904.8903665108,2312.1997613531075,2601.55409844923,3715.8916132856884,29442065.95719003,25182705.105451938,120383490.7106004,121366730.39332259,126645043.25314575,1761873.983302813,1776461.0488144057,1854003.0292391395,50453.8
33.58547291666667,33.42452557470118,-0.004792171376143276,16430.573108715274,40616.59167177083,-24186.018563055557,-30232.523203819444,489.2166666666666,1209.35,-720.1333333333333,-900.1666666666666,0.07418181818181807,4937.7,6327.083333333333,0.0,24.93911478187209,25.5666372614437,25.25880638621389,110279.16405834357,145515.9847775365,122609.01753179591,1608.3415102188574,2128.48953437573,1791.098128874363,29442065.95719003,25182705.105451938,120383490.7106004,121366730.39332259,126645043.25314575,1761873.983302813,1776461.0488144057,1854003.0292391395,50453.8
13.414479166666672,13.558601467392712,0.010743786541050897,-52846.78782638891,-17975.40208333334,-34871.385743055565,-43589.23217881946,-3939.5333333333333,-1340.0,-2599.5333333333333,-3249.4166666666665,0.1899090909090908,3730.45,3440.333333333333,400.0,24.9331021921135,24.77651648406875,15.44287933987417,80174.74841202526,72975.85579491503,2186.828283296939,1175.9288008039514,1071.976731906947,32.22293921067896,29442065.95719003,25182705.105451938,120383490.7106004,121366730.39332259,126645043.25314575,1761873.983302813,1776461.0488144057,1854003.0292391395,50453.8
18.728055750000003,19.017081066814516,0.015432745431383739,-81149.91410180001,-25095.594704999996,-56054.31939680002,-70067.89924600002,-4333.066666666667,-1339.9999999999995,-2993.066666666667,-3741.3333333333335,0.3056363636363635,2637.583333333333,2637.583333333333,591.7333333333331,24.01116483795021,24.01116483795021,0.0,53304.30576625673,53304.30576625673,0.0,784.2780508114188,784.2780508114188,0.0,29442065.95719003,25182705.105451938,120383490.7106004,121366730.39332259,126645043.25314575,1761873.983302813,1776461.0488144057,1854003.0292391395,50453.8
16.775075499999996,16.70105260147765,-0.004412671556819384,-81465.35831983332,-22478.601169999994,-58986.75714983333,-73733.44643729166,-4856.333333333334,-1340.0,-3516.333333333334,-4395.416666666667,0.4213636363636362,2615.083333333333,2615.083333333333,460.91666666666697,24.01116483795021,24.01116483795021,0.0,52764.05455740285,52764.05455740285,0.0,776.2592903224179,776.2592903224179,0.0,29442065.95719003,25182705.105451938,120383490.7106004,121366730.39332259,126645043.25314575,1761873.983302813,1776461.0488144057,1854003.0292391395,50453.8
15.798581499999997,15.888424401592538,0.005686770144049884,-88623.7227824,-21170.099209999997,-67453.6235724,-84317.02946549999,-5609.6,-1340.0,-4269.6,-5337.0,0.537090909090909,2684.833333333333,2684.833333333333,272.60000000000036,24.01116483795021,24.01116483795021,0.0,54438.833304849875,54438.833304849875,0.0,801.1174478383207,801.1174478383207,0.0,29442065.95719003,25182705.105451938,120383490.7106004,121366730.39332259,126645043.25314575,1761873.983302813,1776461.0488144057,1854003.0292391395,50453.8
12.987244166666668,12.975783723535725,-0.0008824384129434746,-69729.37974711112,-17402.907183333336,-52326.47256377778,-65408.09070472223,-5369.066666666667,-1340.0,-4029.0666666666666,-5036.333333333333,0.6528181818181817,2474.833333333333,2474.833333333333,332.7333333333336,24.01116483795021,24.01116483795021,0.0,49396.48868888033,49396.48868888033,0.0,726.2756832743124,726.2756832743124,0.0,29442065.95719003,25182705.105451938,120383490.7106004,121366730.39332259,126645043.25314575,1761873.983302813,1776461.0488144057,1854003.0292391395,50453.8
5.392113249999999,5.286857827113481,-0.0195202544914125,-26531.713509516656,-7225.431754999993,-19306.28175451666,-24132.852193145827,-4920.466666666665,-1339.999999999999,-3580.4666666666667,-4475.583333333333,0.7685454545454544,2583.583333333333,2583.583333333333,444.8833333333323,24.01116483795021,24.01116483795021,0.0,52007.70286500742,52007.70286500742,0.0,765.0330256378168,765.0330256378168,0.0,29442065.95719003,25182705.105451938,120383490.7106004,121366730.39332259,126645043.25314575,1761873.983302813,1776461.0488144057,1854003.0292391395,50453.8
-5.823397083333334,-5.932839744563774,0.018793611300123563,21005.769732527777,7803.352091666668,13202.417640861111,16503.02205107639,-3607.133333333333,-1340.0,-2267.133333333333,-2833.9166666666665,0.8842727272727271,3277.0,3277.0,773.2166666666667,24.77651648406875,24.77651648406875,15.5301922758727,68929.0247691838,68929.0247691838,6092.627586734352,1013.1707507409169,1013.1707507409169,90.04594551610501,29442065.95719003,25182705.105451938,120383490.7106004,121366730.39332259,126645043.25314575,1761873.983302813,1776461.0488144057,1854003.0292391395,50453.8
25.0196455,25.499305327982636,0.019171327906410098,-46666.6427866,-33526.32497,-13140.317816600002,-16425.39727075,-1865.2,-1340.0,-525.2,-656.5,0.9999999999999998,5750.866666666667,4836.166666666667,294.0,25.48822338165023,24.93911478187209,24.9331021921135,130803.22223286945,107747.0126041575,91375.11346842586,1912.7391607944069,1571.5100564977317,1334.4068041065996,29442065.95719003,25182705.105451938,120383490.7106004,121366730.39332259,126645043.25314575,1761873.983302813,1776461.0488144057,1854003.0292391395,50453.8
50.89616924999999,51.43010245192931,0.01049063632484107,251498.33073195,69218.79018,182279.54055195,227849.42568993746,4941.4,1360.0,3581.4,4476.75,0.8698564593301433,7738.016666666666,8202.666666666666,0.0,25.61297300334298,25.75975416942929,27.61652394098655,181615.35409637223,193563.3066537117,311238.0099720295,2656.5791593342574,2833.1907010330756,4557.751476211943,29442065.95719003,25182705.105451938,120383490.7106004,121366730.39332259,126645043.25314575,1761873.983302813,1776461.0488144057,1854003.0292391395,50453.8
43.09791383333334,41.89201243308606,-0.027980505156483714,262325.5087264778,58613.162813333336,203712.34591314447,254640.4323914306,6086.733333333334,1360.0,4726.733333333334,5908.416666666667,0.7397129186602869,9053.349999999999,9231.666666666666,0.0,25.76736368885589,25.82426608259441,28.07250962091945,215480.37673572,220077.8122483081,379687.20876476745,3156.947449289485,3224.502538442636,5562.041313843843,29442065.95719003,25182705.105451938,120383490.7106004,121366730.39332259,126645043.25314575,1761873.983302813,1776461.0488144057,1854003.0292391395,50453.8
44.018901916666664,43.23111760824303,-0.017896500687704774,263065.7616343833,59865.70660666666,203200.05502771665,254000.06878464582,5976.2,1360.0,4616.2,5770.25,0.6095693779904304,8864.3,9070.25,0.0,25.76736368885589,25.76736368885589,28.07250962091945,210609.0566303418,215915.8451820617,371277.15275750036,3084.988803038134,3163.3801449871735,5437.094782144829,29442065.95719003,25182705.105451938,120383490.7106004,121366730.39332259,126645043.25314575,1761873.983302813,1776461.0488144057,1854003.0292391395,50453.8
43.850638000000004,45.22341466256942,0.031305739783521976,215824.07010840002,59636.86768,156187.20242840002,195234.0030355,4921.8,1360.0,3561.8,4452.25,0.479425837320574,8668.2,9137.75,0.0,25.76736368885589,25.76736368885589,27.70318112949341,205556.0766109572,217655.14223105946,336439.63907279086,3010.3466949720673,3189.0728644897717,4925.668600393347,29442065.95719003,25182705.105451938,120383490.7106004,121366730.39332259,126645043.25314575,1761873.983302813,1776461.0488144057,1854003.0292391395,50453.8
42.257498500000004,41.80693452908336,-0.010662343652846492,160113.6618165,57470.197960000005,102643.4638565,128304.32982062502,3789.0,1360.0,2429.0,3036.25,0.3492822966507175,8490.333333333334,9243.083333333334,0.0,25.75975416942929,25.82426608259441,27.50238891543239,200973.52926978425,220372.6392860844,300189.5974082514,2942.6537678276336,3228.7784406899605,4394.397555028807,29442065.95719003,25182705.105451938,120383490.7106004,121366730.39332259,126645043.25314575,1761873.983302813,1776461.0488144057,1854003.0292391395,50453.8
44.466947749999996,44.47428729357039,0.0001650561583776557,140779.39211331666,60475.04893999999,80304.34317331667,100380.42896664582,3165.9333333333334,1360.0,1805.9333333333334,2257.4166666666665,0.21913875598086108,8359.233333333334,9267.75,0.0,25.75975416942929,25.82426608259441,27.11191162055051,197596.42549817206,221009.63784945506,279662.9123535807,2892.767528928098,3238.0168864214047,4094.4639245351905,29442065.95719003,25182705.105451938,120383490.7106004,121366730.39332259,126645043.25314575,1761873.983302813,1776461.0488144057,1854003.0292391395,50453.8
41.891987750000006,42.496343549705294,0.014426524788270204,94243.00844158334,56973.10334000001,37269.90510158334,46587.38137697917,2249.6666666666665,1360.0,889.6666666666666,1112.0833333333333,0.08899521531100463,8014.250000000001,9151.833333333334,0.0,25.75975416942929,25.76736368885589,25.82698149808759,188709.73963895513,218018.03260301088,246735.90995868304,2761.4942948851926,3194.433444237845,3611.3959231352565,29442065.95719003,25182705.105451938,120383490.7106004,121366730.39332259,126645043.25314575,1761873.983302813,1776461.0488144057,1854003.0292391395,50453.8
37.85331441666666,37.24632265477938,-0.01603536628803183,30577.91098184814,35203.58600356481,-4625.675021716666,-5782.093777145833,807.8000949999984,930.0000949999984,-122.2,-152.75,0.0,8160.366571666667,9120.916666666666,0.0,25.75975416942929,25.76736368885589,25.76736368885589,192473.66660516826,217221.39160896372,213285.42680549098,2817.094647298194,3182.6655443175187,3124.523871665342,29442065.95719003,25182705.105451938,120383490.7106004,121366730.39332259,126645043.25314575,1761873.983302813,1776461.0488144057,1854003.0292391395,50453.8
31.667139000000002,31.23187953230596,-0.013744830806914486,-11691.507718800003,0.0,-11691.507718800003,-14614.384648500001,-369.20000000000005,0.0,-369.20000000000005,-461.5,0.0,8352.866666666667,8445.166666666666,0.0,25.75975416942929,25.75975416942929,25.75975416942929,197432.42172996,199810.04703979832,187921.92049060672,2890.344881679226,2925.4669247793568,2749.856709278702,29442065.95719003,25182705.105451938,120383490.7106004,121366730.39332259,126645043.25314575,1761873.983302813,1776461.0488144057,1854003.0292391395,50453.8
30.345772166666663,30.605384913117025,0.008555153746772428,-56590.751739629195,-36196.36979215142,-20394.381947477777,-25492.97743434722,-1864.8644506001842,-1192.7977839335176,-672.0666666666667,-840.0833333333334,0.1030143540669856,9208.697783933518,8183.916666666667,0.0,25.82426608259441,25.75975416942929,25.61297300334298,219484.65770898736,193080.31126303494,171519.14702133785,3215.8999664166045,2826.0559414650647,2507.010406892953,29442065.95719003,25182705.105451938,120383490.7106004,121366730.39332259,126645043.25314575,1761873.983302813,1776461.0488144057,1854003.0292391395,50453.8
32.63279441666666,32.462090701055665,-0.005231048050356814,-18572.411062338888,0.0,-18572.411062338888,-23215.513827923605,-569.1333333333333,0.0,-569.1333333333333,-711.4166666666666,0.1030143540669856,7994.883333333333,8137.166666666667,0.0,25.75975416942929,25.75975416942929,25.61297300334298,188210.8590665405,191876.04275561412,173617.276393195,2754.1248810024995,2808.2666076088226,2538.092831240719,29442065.95719003,25182705.105451938,120383490.7106004,121366730.39332259,126645043.25314575,1761873.983302813,1776461.0488144057,1854003.0292391395,50453.8
29.037793833333335,28.673037448916066,-0.0125614358484272,-59417.13374176668,-38910.64373666667,-20506.490005100004,-25633.112506375,-2046.2,-1340.0,-706.2,-882.75,0.21874162679425835,9160.866666666667,7997.416666666667,0.0,25.76736368885589,25.75975416942929,25.5666372614437,218250.79778833353,188276.11711043637,165651.84217402854,3197.871827934242,2755.0888662952443,2420.521248837868,29442065.95719003,25182705.105451938,120383490.7106004,121366730.39332259,126645043.25314575,1761873.983302813,1776461.0488144057,1854003.0292391395,50453.8
28.41004691666667,28.20246751925376,-0.007306548912847328,-40615.003072066655,-38069.46286833332,-2545.540203733334,-3181.925254666667,-1429.5999999999995,-1339.9999999999995,-89.60000000000001,-112.0,0.334468899521531,8936.266666666666,7618.666666666667,0.0,25.76736368885589,25.61297300334298,25.61297300334298,212463.44790381647,178558.44576842326,175689.79279204886,3112.3816827448554,2611.2930472784383,2568.795816023711,29442065.95719003,25182705.105451938,120383490.7106004,121366730.39332259,126645043.25314575,1761873.983302813,1776461.0488144057,1854003.0292391395,50453.8
34.523739750000004,35.39065555934041,0.02511071557189597,74918.81684015002,46952.286060000006,27966.530780150006,34958.1634751875,2170.0666666666666,1360.0,810.0666666666667,1012.5833333333334,0.20432535885167458,7058.1,8215.583333333334,0.0,25.5666372614437,25.75975416942929,25.82426608259441,164205.62272627288,193896.03681173356,219987.42731701906,2399.54662945612,2838.105757624373,3223.1916778996615,29442065.95719003,25182705.105451938,120383490.7106004,121366730.39332259,126645043.25314575,1761873.983302813,1776461.0488144057,1854003.0292391395,50453.8
35.77459666666667,37.29542903937964,0.042511516953873334,88325.09419688888,48653.451466666666,39671.64273022222,49589.55341277778,2468.9333333333334,1360.0,1108.9333333333334,1386.1666666666667,0.07418181818181813,7438.65,8521.416666666666,0.0,25.61297300334298,25.75975416942929,25.82698149808759,173947.6837449381,201774.22829521733,237532.8955515311,2542.987601626308,2954.48161368927,3477.663592872032,29442065.95719003,25182705.105451938,120383490.7106004,121366730.39332259,126645043.25314575,1761873.983302813,1776461.0488144057,1854003.0292391395,50453.8
18.79869025,18.216323384764163,-0.030979119156231416,-45591.83684031667,-25190.244935,-20401.591905316665,-25501.989881645834,-2425.2666666666664,-1340.0,-1085.2666666666667,-1356.5833333333333,0.18990909090909086,7517.35,6472.666666666667,24.0,25.61297300334298,25.5666372614437,25.25880638621389,175963.42472030123,149238.0610521817,114757.73854674779,2572.84949537405,2182.47106068674,1674.453249894635,29442065.95719003,25182705.105451938,120383490.7106004,121366730.39332259,126645043.25314575,1761873.983302813,1776461.0488144057,1854003.0292391395,50453.8
16.09227075,16.322559283367728,0.01431050576673425,-63767.232073950014,-21563.642805,-42203.58926895001,-52754.4865861875,-3962.6000000000004,-1340.0,-2622.6000000000004,-3278.25,0.3056363636363636,4605.433333333333,4179.083333333333,258.0,24.93911478187209,24.9331021921135,20.03603785638579,101992.72752015354,91360.56915881379,14536.98132246347,1487.8110011275307,1334.2010114261707,213.97812449082642,29442065.95719003,25182705.105451938,120383490.7106004,121366730.39332259,126645043.25314575,1761873.983302813,1776461.0488144057,1854003.0292391395,50453.8
17.2885985,17.47735018490476,0.01091769728499181,-62821.00408283334,-23166.72199,-39654.28209283334,-49567.852616041666,-3633.666666666667,-1340.0,-2293.666666666667,-2867.0833333333335,0.42136363636363633,4203.333333333334,3464.75,28.0,24.9331021921135,24.77651648406875,17.74813432835821,91965.19688697255,73580.81573906771,8647.611673072108,1342.7561071411324,1080.7676260302362,127.6086720499346,29442065.95719003,25182705.105451938,120383490.7106004,121366730.39332259,126645043.25314575,1761873.983302813,1776461.0488144057,1854003.0292391395,50453.8
16.989488416666664,17.3133238883111,0.01906093130660457,-81725.10244697222,-22765.91447833333,-58959.187968638886,-73698.9849607986,-4810.333333333334,-1340.0,-3470.333333333334,-4337.916666666667,0.5370909090909091,3656.25,3187.833333333333,4.0,24.77651648406875,24.77651648406875,0.0,78325.51864576688,66719.78538268767,0.0,1149.714638642245,981.0674855125228,0.0,29442065.95719003,25182705.105451938,120383490.7106004,121366730.39332259,126645043.25314575,1761873.983302813,1776461.0488144057,1854003.0292391395,50453.8
17.979496916666665,17.758374132800224,-0.012298607958349647,-100783.47064981109,-24092.525868333316,-76690.94478147777,-95863.68097684722,-5605.466666666665,-1339.999999999999,-4265.466666666666,-5331.833333333333,0.6528181818181817,3488.4666666666653,3216.833333333333,2.0,24.77651648406875,24.77651648406875,0.0,74168.4321216815,67438.30436072565,0.0,1089.3064945199562,991.5085474746547,0.0,29442065.95719003,25182705.105451938,120383490.7106004,121366730.39332259,126645043.25314575,1761873.983302813,1776461.0488144057,1854003.0292391395,50453.8
19.118999416666668,19.318423566085006,0.010430679193624203,-111544.06639671665,-25619.45921833332,-85924.60717838333,-107405.75897297918,-5834.199999999999,-1339.999999999999,-4494.2,-5617.75,0.7685454545454544,3441.783333333332,3227.333333333333,2.0,24.77651648406875,24.77651648406875,0.0,73011.78174381689,67698.45778380838,0.0,1072.4987850050532,995.2889319781852,0.0,29442065.95719003,25182705.105451938,120383490.7106004,121366730.39332259,126645043.25314575,1761873.983302813,1776461.0488144057,1854003.0292391395,50453.8
18.602866916666667,18.597434700296155,-0.00029200963458199977,-86489.68906009445,-24927.841668333334,-61561.847391761105,-76952.30923970138,-4649.266666666666,-1340.0,-3309.2666666666664,-4136.583333333333,0.8842727272727271,3716.3500000000004,3272.666666666667,69.0,24.9331021921135,24.77651648406875,0.0,79823.19167111648,68821.6598644195,0.0,1170.9544977284484,1011.6105920569203,0.0,29442065.95719003,25182705.105451938,120383490.7106004,121366730.39332259,126645043.25314575,1761873.983302813,1776461.0488144057,1854003.0292391395,50453.8
22.310026833333335,22.40724384713535,0.004357548044575463,-66373.81716428889,-29895.435956666668,-36478.381207622224,-45597.97650952778,-2975.0666666666666,-1340.0,-1635.0666666666666,-2043.8333333333333,0.9999999999999998,4839.316666666667,3948.083333333333,40.0,24.93911478187209,24.9331021921135,22.61187230696291,107825.57081572039,85601.02255243556,35973.71070561933,1572.652726352179,1252.707109976436,528.5177853687333,29442065.95719003,25182705.105451938,120383490.7106004,121366730.39332259,126645043.25314575,1761873.983302813,1776461.0488144057,1854003.0292391395,50453.8
41.05152158333333,39.97109717000432,-0.026318742196578128,17778.04561368889,0.0,17778.04561368889,22222.557017111114,433.0666666666667,0.0,433.0666666666667,541.3333333333334,0.9999999999999998,6547.683333333333,6442.416666666667,3.0,25.5666372614437,25.5666372614437,25.5666372614437,151155.98495741098,148464.670275023,162304.74324588454,2210.286842017691,2171.254521447532,2371.9780445822316,29442065.95719003,25182705.105451938,120383490.7106004,121366730.39332259,126645043.25314575,1761873.983302813,1776461.0488144057,1854003.0292391395,50453.8
44.642289416666664,47.40879473406606,0.0619705071928178,220262.07982920558,60713.51360666666,159548.5662225389,199435.70777817362,4933.933333333334,1360.0,3573.933333333334,4467.416666666667,0.8698564593301433,7844.483333333333,8311.0,0.0,25.61297300334298,25.75975416942929,27.61652394098655,184342.28195546148,196353.94668873324,313972.0458421872,2696.976824997234,2874.4137563149197,4598.177076403341,29442065.95719003,25182705.105451938,120383490.7106004,121366730.39332259,126645043.25314575,1761873.983302813,1776461.0488144057,1854003.0292391395,50453.8
41.250601333333336,41.50107825825442,0.006072079359451131,229226.84156924445,56100.817813333335,173126.02375591113,216407.52969488892,5556.933333333333,1360.0,4196.933333333333,5246.166666666667,0.7397129186602869,8435.65,8746.416666666666,0.0,25.75975416942929,25.76736368885589,27.70318112949341,199564.90004595259,207571.51390748718,347592.4780758394,2921.8456379230593,3040.118530188288,5091.679665518537,29442065.95719003,25182705.105451938,120383490.7106004,121366730.39332259,126645043.25314575,1761873.983302813,1776461.0488144057,1854003.0292391395,50453.8
40.713676500000005,40.961359439651886,0.0060835316518733275,121807.17735270002,0.0,121807.17735270002,152258.971690875,2991.8,0.0,2991.8,3739.75,0.7397129186602869,9641.616666666665,8893.666666666666,0.0,25.82426608259441,25.76736368885589,27.61652394098655,230664.47012886763,211365.75821067122,309967.6498707441,3378.0417611834064,3096.166721992104,4538.967864001798,29442065.95719003,25182705.105451938,120383490.7106004,121366730.39332259,126645043.25314575,1761873.983302813,1776461.0488144057,1854003.0292391395,50453.8
39.528333333333336,39.52543899430721,-7.322188369839858e-05,96182.9758888889,0.0,96182.9758888889,120228.71986111112,2433.266666666667,0.0,2433.266666666667,3041.5833333333335,0.7397129186602869,9717.233333333334,9108.916666666666,0.0,25.82426608259441,25.76736368885589,27.20328488803203,232617.21504914653,216912.18324469746,296671.5264969255,3406.362591104734,3178.097949739279,4342.762043417455,29442065.95719003,25182705.105451938,120383490.7106004,121366730.39332259,126645043.25314575,1761873.983302813,1776461.0488144057,1854003.0292391395,50453.8
42.17563333333334,42.29020635386413,0.002716569058377092,140169.3115288889,57358.86133333334,82810.45019555558,103513.06274444445,3323.466666666667,1360.0,1963.466666666667,2454.3333333333335,0.6095693779904304,8185.700000000001,9054.833333333334,0.0,25.75975416942929,25.76736368885589,27.11191162055051,193126.24949130378,215518.59832519185,279229.12176765193,2826.7345363750887,3157.5120547304073,4088.1667849358337,29442065.95719003,25182705.105451938,120383490.7106004,121366730.39332259,126645043.25314575,1761873.983302813,1776461.0488144057,1854003.0292391395,50453.8
40.9511525,41.194388559057494,0.005939663335665316,88812.12946516668,38084.571825,50727.55764016668,63409.447050208335,2168.7333333333336,930.0,1238.7333333333336,1548.4166666666667,0.5205741626794256,8452.766666666666,9073.083333333334,0.0,25.75975416942929,25.76736368885589,26.11383258779729,200005.821171486,215988.85271251347,256015.75850069112,2928.358880657591,3164.458604818147,3746.9536871991436,29442065.95719003,25182705.105451938,120383490.7106004,121366730.39332259,126645043.25314575,1761873.983302813,1776461.0488144057,1854003.0292391395,50453.8
40.76182333333333,41.507330422884976,0.018289345975895,67537.58571727778,49295.31104816666,18242.27466911111,22802.843336388887,1656.8833333333332,1209.35,447.5333333333333,559.4166666666666,0.40484688995215284,7893.366666666667,8990.833333333334,0.0,25.75975416942929,25.76736368885589,25.82426608259441,185595.81468910727,213869.48704910508,228304.99301778796,2715.4957071991594,3133.151550313129,3343.8220588186914,29442065.95719003,25182705.105451938,120383490.7106004,121366730.39332259,126645043.25314575,1761873.983302813,1776461.0488144057,1854003.0292391395,50453.8
42.720696000000004,41.28458159395094,-0.03361636257164606,58963.10461920001,58100.14656000001,862.9580592000002,1078.697574,1380.2,1360.0,20.200000000000003,25.25,0.2747033492822964,7593.966666666666,8948.916666666666,0.0,25.61297300334298,25.76736368885589,25.76736368885589,177925.80533524067,212789.4050544805,213440.0309876241,2601.9208900285116,3117.1966886960827,3126.8076689544623,29442065.95719003,25182705.105451938,120383490.7106004,121366730.39332259,126645043.25314575,1761873.983302813,1776461.0488144057,1854003.0292391395,50453.8
39.99547258333333,39.701591672235274,-0.007347854447418696,18595.22838641111,0.0,18595.22838641111,23244.035483013886,464.93333333333334,0.0,464.93333333333334,581.1666666666666,0.2747033492822964,8964.733333333334,8848.5,0.0,25.76736368885589,25.76736368885589,25.82426608259441,213196.95885682592,210201.9322840579,225191.01693266176,3123.2170321054573,3078.974803510119,3298.6597920166637,29442065.95719003,25182705.105451938,120383490.7106004,121366730.39332259,126645043.25314575,1761873.983302813,1776461.0488144057,1854003.0292391395,50453.8
38.11270366666667,39.25288299275487,0.029915991687711127,1994.5648252222227,0.0,1994.5648252222227,2493.206031527778,52.33333333333334,0.0,52.33333333333334,65.41666666666667,0.2747033492822964,8821.916666666668,8809.833333333334,1.0,25.76736368885589,25.76736368885589,25.76736368885589,209516.94986599585,209205.59422142216,210891.2092627348,3068.8563127430466,3064.256998758013,3089.1567330907783,29442065.95719003,25182705.105451938,120383490.7106004,121366730.39332259,126645043.25314575,1761873.983302813,1776461.0488144057,1854003.0292391395,50453.8
37.13218924999999,36.61657742937935,-0.013885844897244882,-54760.077226616646,-49757.133594999985,-5002.943631616665,-6253.679539520831,-1474.7333333333333,-1340.0,-134.73333333333332,-168.41666666666666,0.39043062200956913,10096.650000000001,8790.333333333334,0.0,25.82698149808759,25.76736368885589,25.76736368885589,242415.91685343627,208703.13062948946,204363.47712822468,3548.6205411651113,3056.8346575683736,2992.7297364390515,29442065.95719003,25182705.105451938,120383490.7106004,121366730.39332259,126645043.25314575,1761873.983302813,1776461.0488144057,1854003.0292391395,50453.8
38.35260275,39.050191011521676,0.0181888114887242,2500.5896993,0.0,2500.5896993,3125.7371241250003,65.2,0.0,65.2,81.5,0.39043062200956913,8798.3,8782.0,0.0,25.76736368885589,25.76736368885589,25.76736368885589,208908.41062687733,208488.402598749,210588.44273939074,3059.8670328578155,3053.6627168890404,3084.6842967329185,29442065.95719003,25182705.105451938,120383490.7106004,121366730.39332259,126645043.25314575,1761873.983302813,1776461.0488144057,1854003.0292391395,50453.8
44.151213750000004,46.57617569387493,0.054924015398669,92296.64063725,60045.650700000006,32250.989937250004,40313.7374215625,2090.4666666666667,1360.0,730.4666666666667,913.0833333333334,0.2602870813397127,7698.033333333333,8875.416666666666,0.0,25.61297300334298,25.76736368885589,25.82426608259441,180591.26205912192,210895.5038233496,234457.6244119661,2641.4079007360297,3089.2201719043646,3433.054208636934,29442065.95719003,25182705.105451938,120383490.7106004,121366730.39332259,126645043.25314575,1761873.983302813,1776461.0488144057,1854003.0292391395,50453.8
44.468018416666666,44.15750519671169,-0.00698284364833747,143062.5088501,60476.505046666665,82586.00380343334,103232.50475429167,3217.2,1360.0,1857.2,2321.5,0.13014354066985623,8049.383333333334,8945.083333333334,0.0,25.75975416942929,25.76736368885589,26.11383258779729,189614.7656687744,212690.63016033993,272861.35667253606,2774.8632488135195,3115.73759598359,3994.8418461311558,29442065.95719003,25182705.105451938,120383490.7106004,121366730.39332259,126645043.25314575,1761873.983302813,1776461.0488144057,1854003.0292391395,50453.8
46.43945191666666,44.96912205749741,-0.03166122334535064,157101.56987062222,63157.65460666666,93943.91526395555,117429.89407994442,3382.9333333333334,1360.0,2022.9333333333334,2528.6666666666665,0.0,8296.483333333334,9150.75,0.0,25.75975416942929,25.76736368885589,27.20328488803203,195980.00092404036,217990.1179590146,283856.51237425505,2868.8898669071527,3194.0210919495316,4155.635713594617,29442065.95719003,25182705.105451938,120383490.7106004,121366730.39332259,126645043.25314575,1761873.983302813,1776461.0488144057,1854003.0292391395,50453.8
33.406108083333336,32.912631520952296,-0.014772045912981932,-35553.47615381287,-28694.088627368426,-6859.387526444446,-8574.234408055558,-1064.280701754386,-858.9473684210527,-205.33333333333337,-256.6666666666667,0.07418181818181818,7865.6140350877195,7074.0,16.0,25.61297300334298,25.5666372614437,25.5666372614437,184883.50204903827,164612.13225872983,158050.02869495927,2704.994649274295,2405.4422649570593,2310.2716289880204,29442065.95719003,25182705.105451938,120383490.7106004,121366730.39332259,126645043.25314575,1761873.983302813,1776461.0488144057,1854003.0292391395,50453.8
11.267475833333334,11.414447582222582,0.013043892976850388,-48388.55054877778,-15098.417616666668,-33290.13293211111,-41612.66616513889,-4294.533333333333,-1340.0,-2954.5333333333333,-3693.1666666666665,0.18990909090909092,4480.449999999999,4138.083333333333,259.0,24.93911478187209,24.9331021921135,15.5301922758727,98875.75382433254,90338.31196893712,6121.09960590678,1442.4730051566305,1319.7367258874733,90.46612858991634,29442065.95719003,25182705.105451938,120383490.7106004,121366730.39332259,126645043.25314575,1761873.983302813,1776461.0488144057,1854003.0292391395,50453.8
8.225623416666666,8.449826790348792,0.027256702905684715,-47181.627543105555,-11022.335378333333,-36159.29216477222,-45199.115205965274,-5735.933333333333,-1340.0,-4395.933333333333,-5494.916666666667,0.30563636363636365,3142.083333333333,3142.083333333333,241.01666666666642,24.77651648406875,24.77651648406875,0.0,65586.25975354151,65586.25975354151,0.0,964.5958101757113,964.5958101757113,0.0,29442065.95719003,25182705.105451938,120383490.7106004,121366730.39332259,126645043.25314575,1761873.983302813,1776461.0488144057,1854003.0292391395,50453.8
5.824233083333333,5.67507427081251,-0.0256100348984413,-37438.55854187222,-7804.472331666666,-29634.08621020555,-37042.60776275694,-6428.066666666667,-1340.0,-5088.066666666667,-6360.083333333333,0.4213636363636364,3139.583333333333,3139.583333333333,67.98333333333358,24.77651648406875,24.77651648406875,0.0,65524.31846233134,65524.31846233134,0.0,963.6957186272517,963.6957186272517,0.0,29442065.95719003,25182705.105451938,120383490.7106004,121366730.39332259,126645043.25314575,1761873.983302813,1776461.0488144057,1854003.0292391395,50453.8
7.558794083333335,7.741951497400774,0.02423103633306932,-49811.445169955565,-10128.784071666669,-39682.661098288896,-49603.32637286112,-6589.866666666667,-1340.0,-5249.866666666667,-6562.333333333333,0.5370909090909091,3153.083333333333,3153.083333333333,27.533333333333758,24.77651648406875,24.77651648406875,0.0,65858.80143486627,65858.80143486627,0.0,968.5562129889338,968.5562129889338,0.0,29442065.95719003,25182705.105451938,120383490.7106004,121366730.39332259,126645043.25314575,1761873.983302813,1776461.0488144057,1854003.0292391395,50453.8
1.0655862500000002,1.0767450740860396,0.010472004575921927,-6021.485820583333,-1427.8855749999993,-4593.600245583334,-5742.000306979167,-5650.866666666666,-1339.999999999999,-4310.866666666667,-5388.583333333333,0.6528181818181817,3106.083333333333,3106.083333333333,262.28333333333285,24.77651648406875,24.77651648406875,0.0,64694.30516011504,64694.30516011504,0.0,951.6344918778925,951.6344918778925,0.0,29442065.95719003,25182705.105451938,120383490.7106004,121366730.39332259,126645043.25314575,1761873.983302813,1776461.0488144057,1854003.0292391395,50453.8
-17.114206666666664,-16.31166703316235,-0.04689318348991419,76966.01022133333,22933.03693333333,54032.973287999994,67541.21660999999,-4497.200000000001,-1340.0,-3157.2000000000003,-3946.5,0.7685454545454544,3137.916666666667,3137.916666666667,550.7000000000007,24.77651648406875,24.77651648406875,0.0,65483.02426819124,65483.02426819124,0.0,963.0956575949455,963.0956575949455,0.0,29442065.95719003,25182705.105451938,120383490.7106004,121366730.39332259,126645043.25314575,1761873.983302813,1776461.0488144057,1854003.0292391395,50453.8
-8.753400666666666,-8.597993095148631,-0.017753965280012215,26818.66896253333,11729.556893333332,15089.1120692,18861.3900865,-3063.8,-1340.0,-1723.8000000000002,-2154.75,0.8842727272727271,3507.166666666667,3507.166666666667,909.0500000000002,24.77651648406875,24.77651648406875,21.41759783497139,74631.75297993363,74631.75297993363,23797.284997662508,1096.039179302435,1096.039179302435,349.0420575358288,29442065.95719003,25182705.105451938,120383490.7106004,121366730.39332259,126645043.25314575,1761873.983302813,1776461.0488144057,1854003.0292391395,50453.8
24.153959166666667,24.044727398199132,-0.0045223132039685435,-34683.47509938889,-32366.305283333335,-2317.1698160555557,-2896.4622700694445,-1435.9333333333334,-1340.0,-95.93333333333334,-119.91666666666667,0.9999999999999998,6288.266666666666,5228.25,256.0,25.5666372614437,25.25880638621389,25.25880638621389,144523.57314117145,117590.9346630681,114561.9827972546,2114.0965206632695,1716.5454770009926,1671.5449459415208,29442065.95719003,25182705.105451938,120383490.7106004,121366730.39332259,126645043.25314575,1761873.983302813,1776461.0488144057,1854003.0292391395,50453.8
48.12130533333334,48.63951623874552,0.010768845562741212,201702.0553481778,65444.97525333334,136257.08009484445,170321.35011855557,4191.533333333333,1360.0,2831.5333333333333,3539.4166666666665,0.8698564593301433,7647.716666666667,8299.833333333334,0.0,25.61297300334298,25.75975416942929,27.20328488803203,179302.50263417038,196066.29610050796,288204.5040755255,2622.3157666351335,2870.1646106166377,4219.125595179653,29442065.95719003,25182705.105451938,120383490.7106004,121366730.39332259,126645043.25314575,1761873.983302813,1776461.0488144057,1854003.0292391395,50453.8
42.381417750000004,42.28483058206015,-0.0022789980389424738,195946.24682535004,0.0,195946.24682535004,244932.80853168754,4623.400000000001,0.0,4623.400000000001,5779.25,0.8698564593301433,10079.516666666666,8925.666666666666,2.0,25.82698149808759,25.76736368885589,28.07250962091945,241973.41457043565,212190.3138487146,367470.988328064,3542.1903804770564,3108.3469742007433,5380.547353195095,29442065.95719003,25182705.105451938,120383490.7106004,121366730.39332259,126645043.25314575,1761873.983302813,1776461.0488144057,1854003.0292391395,50453.8
40.55099108333334,41.287473641925246,0.018161888006101294,164664.0577923889,0.0,164664.0577923889,205830.0722404861,4060.6666666666665,0.0,4060.6666666666665,5075.833333333333,0.8698564593301433,10004.583333333332,8989.416666666666,0.0,25.82698149808759,25.76736368885589,27.70318112949341,240038.1127568456,213832.98328387918,349605.5759045826,3514.067809997007,3132.6123203976417,5121.6448174103125,29442065.95719003,25182705.105451938,120383490.7106004,121366730.39332259,126645043.25314575,1761873.983302813,1776461.0488144057,1854003.0292391395,50453.8
42.11883916666667,41.427435392518326,-0.01641554676785883,170742.05219448614,32825.31730454167,137916.73488994446,172395.91861243057,4053.816666666667,779.35,3274.466666666667,4093.0833333333335,0.7952775119617222,9200.1,9160.833333333334,0.0,25.82426608259441,25.76736368885589,27.69424401284482,219262.62624896754,218249.9388762106,327131.258209174,3212.679824783612,3197.859140171525,4789.809266181648,29442065.95719003,25182705.105451938,120383490.7106004,121366730.39332259,126645043.25314575,1761873.983302813,1776461.0488144057,1854003.0292391395,50453.8
42.27564708333333,40.514905844680804,-0.04164906654608435,104525.12822530557,0.0,104525.12822530557,130656.41028163195,2472.466666666667,0.0,2472.466666666667,3090.5833333333335,0.7952775119617222,10070.783333333333,9452.666666666666,0.0,25.82698149808759,25.82426608259441,27.61652394098655,241747.85893201904,225784.97505256144,307477.55996206513,3538.9127499317838,3307.2740184419295,4502.149261807276,29442065.95719003,25182705.105451938,120383490.7106004,121366730.39332259,126645043.25314575,1761873.983302813,1776461.0488144057,1854003.0292391395,50453.8
41.345761583333335,41.731052414351765,0.009318750369173179,114185.96795674445,56230.235753333334,57955.73220341112,72444.66525426389,2761.7333333333336,1360.0,1401.7333333333336,1752.1666666666667,0.6651339712918658,8923.933333333332,9933.5,0.0,25.76736368885589,25.82698149808759,27.20328488803203,212145.65041832058,238202.24482202323,284026.53290480527,3107.687210539442,3487.390149165733,4158.118373197786,29442065.95719003,25182705.105451938,120383490.7106004,121366730.39332259,126645043.25314575,1761873.983302813,1776461.0488144057,1854003.0292391395,50453.8
41.73157883333334,40.82900857857743,-0.021627992038369143,98528.2576255,56754.94721333334,41773.31041216667,52216.63801520834,2361.0,1360.0,1001.0,1251.25,0.5349904306220093,8952.25,10062.0,0.0,25.76736368885589,25.82698149808759,26.11383258779729,212875.2962667767,241521.0119445275,274080.0021932999,3118.4654649678164,3535.6163543261378,4012.774589833768,29442065.95719003,25182705.105451938,120383490.7106004,121366730.39332259,126645043.25314575,1761873.983302813,1776461.0488144057,1854003.0292391395,50453.8
42.373969833333334,41.594525501203634,-0.018394413721334917,68089.31965952223,57628.59897333333,10460.72068618889,13075.900857736111,1606.8666666666668,1360.0,246.86666666666667,308.5833333333333,0.4048468899521529,8851.466666666667,10149.75,0.0,25.76736368885589,25.82698149808759,25.85826718230545,210278.37546300152,243787.32957098467,251757.14735057202,3080.1040143919618,3568.5490352819784,3684.3528087922805,29442065.95719003,25182705.105451938,120383490.7106004,121366730.39332259,126645043.25314575,1761873.983302813,1776461.0488144057,1854003.0292391395,50453.8
42.93256958333333,43.29312299714946,0.008398132637187701,63683.311548611106,58388.29463333333,5295.016915277777,6618.771144097222,1483.3333333333333,1360.0,123.33333333333333,154.16666666666666,0.27470334928229645,8652.0,9981.166666666666,0.0,25.76736368885589,25.82698149808759,25.82698149808759,205138.64531919773,239433.33094009873,243414.99058772056,3004.1804422914433,3505.2795067219918,3563.138442874228,29442065.95719003,25182705.105451938,120383490.7106004,121366730.39332259,126645043.25314575,1761873.983302813,1776461.0488144057,1854003.0292391395,50453.8
38.48840225000001,38.26246604996449,-0.005870241081143354,6643.0982283500025,0.0,6643.0982283500025,8303.872785437501,172.60000000000002,0.0,172.60000000000002,215.75,0.27470334928229645,9909.9,9866.75,0.0,25.82698149808759,25.82426608259441,25.82698149808759,237592.72805866838,236478.3732329291,242050.4650652383,3478.533040669347,3462.3613050620233,3543.310029079354,29442065.95719003,25182705.105451938,120383490.7106004,121366730.39332259,126645043.25314575,1761873.983302813,1776461.0488144057,1854003.0292391395,50453.8
37.86485558333333,38.20995218788399,0.009113902568337315,-19079.677676961972,-26203.31917403975,7123.641497077777,8904.551871347221,-503.88882733148785,-692.0221606648212,188.13333333333333,235.16666666666666,0.334468899521531,10591.138827331488,9852.083333333334,0.0,26.11383258779729,25.82426608259441,25.82698149808759,255222.9119204564,236099.61733038438,242173.14322735422,3735.286705885389,3456.8681751676513,3545.0927098148554,29442065.95719003,25182705.105451938,120383490.7106004,121366730.39332259,126645043.25314575,1761873.983302813,1776461.0488144057,1854003.0292391395,50453.8
38.686758,38.20695695296274,-0.012402203540479047,6909.4549788,0.0,6909.4549788,8636.818723499999,178.60000000000002,0.0,178.60000000000002,223.25,0.334468899521531,9760.816666666666,9716.166666666666,0.0,25.82426608259441,25.82426608259441,25.82698149808759,233742.7226459129,232589.66916532506,238355.05446255358,3422.685925961306,3405.9630907487795,3489.6106813099536,29442065.95719003,25182705.105451938,120383490.7106004,121366730.39332259,126645043.25314575,1761873.983302813,1776461.0488144057,1854003.0292391395,50453.8
42.20821358333333,42.53228980774828,0.007678036972000898,59797.78312396111,32719.807169800002,27077.97595416111,33847.469942701384,1416.7333333333333,775.2,641.5333333333333,801.9166666666666,0.26028708133971284,9313.183333333332,9928.0,0.0,25.82426608259441,25.82698149808759,26.11383258779729,222182.92033847424,238060.19642378375,258846.93318375145,3255.0331047078353,3485.325992524626,3788.6152935511063,29442065.95719003,25182705.105451938,120383490.7106004,121366730.39332259,126645043.25314575,1761873.983302813,1776461.0488144057,1854003.0292391395,50453.8
53.592554,52.326988970388854,-0.02361456835237114,163821.7190672,72885.87344,90935.8456272,113669.807034,3056.8,1360.0,1696.8000000000002,2121.0,0.1301435406698564,8974.366666666665,9910.166666666666,0.0,25.76736368885589,25.82698149808759,27.20328488803203,213445.18446036187,237599.61525373452,293425.2678336203,3126.883795530766,3478.63312099134,4295.359796060953,29442065.95719003,25182705.105451938,120383490.7106004,121366730.39332259,126645043.25314575,1761873.983302813,1776461.0488144057,1854003.0292391395,50453.8
75.69791599999999,75.85424843515958,0.0020652145187137856,258679.9650829333,102949.16575999999,155730.79932293334,194663.49915366666,3417.266666666667,1360.0,2057.266666666667,2571.5833333333335,0.0,9262.733333333337,10108.41666666667,0.0,25.82426608259441,25.82698149808759,27.61652394098655,220880.08611460746,242719.81433573048,311254.11961099517,3236.137986309808,3553.0365853730555,4557.989674192871,29442065.95719003,25182705.105451938,120383490.7106004,121366730.39332259,126645043.25314575,1761873.983302813,1776461.0488144057,1854003.0292391395,50453.8
30.80676691666667,31.69996719354933,0.028993638939743202,-61960.623407261126,-41281.06766833334,-20679.555738927786,-25849.444673659727,-2011.2666666666669,-1340.0,-671.2666666666668,-839.0833333333334,0.11572727272727273,8724.266666666666,7566.083333333333,14.0,25.76736368885589,25.61297300334298,25.5666372614437,207000.76680177904,177211.6302713308,155740.50912900886,3031.6875118626203,2591.3408501640533,2276.77650905606,29442065.95719003,25182705.105451938,120383490.7106004,121366730.39332259,126645043.25314575,1761873.983302813,1776461.0488144057,1854003.0292391395,50453.8
13.10767016666667,13.042464005070734,-0.0049746568815682655,-56687.178092122245,-17564.27802333334,-39122.900068788906,-48903.625085986125,-4324.733333333334,-1340.0,-2984.7333333333336,-3730.9166666666665,0.23145454545454547,5158.0666666666675,4757.25,193.0,25.25880638621389,24.93911478187209,20.03603785638579,115818.18743486234,105778.90079595476,17051.504073439897,1690.2081265782779,1542.8828514140923,250.6242935720155,29442065.95719003,25182705.105451938,120383490.7106004,121366730.39332259,126645043.25314575,1761873.983302813,1776461.0488144057,1854003.0292391395,50453.8
15.153296083333332,15.223490626836162,0.004632295384238926,-77099.97047199999,-20305.416751666664,-56794.55372033333,-70993.19215041667,-5088.0,-1340.0,-3748.0,-4685.0,0.3471818181818182,4444.25,4065.25,24.0,24.93911478187209,24.9331021921135,0.0,97972.95786922879,88522.35102594487,0.0,1429.341370638856,1294.0420397882424,0.0,29442065.95719003,25182705.105451938,120383490.7106004,121366730.39332259,126645043.25314575,1761873.983302813,1776461.0488144057,1854003.0292391395,50453.8
14.385344916666666,14.30434672914972,-0.005630604478805454,-77596.4685264889,-19276.362188333333,-58320.10633815556,-72900.13292269445,-5394.133333333333,-1340.0,-4054.1333333333337,-5067.666666666667,0.46290909090909094,4285.799999999999,3985.333333333333,26.0,24.93911478187209,24.9331021921135,0.0,94021.35513204114,86529.78060909179,0.0,1371.8632631984844,1265.848442569521,0.0,29442065.95719003,25182705.105451938,120383490.7106004,121366730.39332259,126645043.25314575,1761873.983302813,1776461.0488144057,1854003.0292391395,50453.8
11.612859333333333,11.751848340712222,0.011968543094286705,-65313.04346253332,-15561.231506666665,-49751.81195586666,-62189.76494483333,-5624.2,-1340.0,-4284.2,-5355.25,0.5786363636363636,4311.283333333333,4083.333333333333,41.0,24.93911478187209,24.9331021921135,0.0,94656.88690706585,88973.22462391891,0.0,1381.1074018622403,1300.4216128815297,0.0,29442065.95719003,25182705.105451938,120383490.7106004,121366730.39332259,126645043.25314575,1761873.983302813,1776461.0488144057,1854003.0292391395,50453.8
8.072322250000001,7.719778717788032,-0.04367312420065592,-43310.699645333334,-10816.911814999994,-32493.787830333342,-40617.23478791668,-5365.333333333333,-1339.999999999999,-4025.333333333334,-5031.666666666667,0.6943636363636363,4174.166666666666,3997.5,157.0,24.9331021921135,24.9331021921135,0.0,91237.98140636922,86833.13335242918,0.0,1332.4664731197008,1270.1406899041751,0.0,29442065.95719003,25182705.105451938,120383490.7106004,121366730.39332259,126645043.25314575,1761873.983302813,1776461.0488144057,1854003.0292391395,50453.8
4.3626941666666665,4.426994991114072,0.01473878800368326,-20704.764822444442,-5846.010183333329,-14858.754639111112,-18573.443298888888,-4745.866666666666,-1339.999999999999,-3405.866666666667,-4257.333333333333,0.810090909090909,3919.5,3919.5,488.53333333333285,24.9331021921135,24.9331021921135,0.0,84888.35138144433,84888.35138144433,0.0,1242.6232686354335,1242.6232686354335,0.0,29442065.95719003,25182705.105451938,120383490.7106004,121366730.39332259,126645043.25314575,1761873.983302813,1776461.0488144057,1854003.0292391395,50453.8
5.764586833333333,5.651641993081754,-0.019592876908104292,-21155.649372544445,-7724.546356666667,-13431.103015877778,-16788.878769847222,-3669.9333333333334,-1340.0,-2329.9333333333334,-2912.4166666666665,0.9258181818181817,4618.266666666666,4361.75,501.0,24.93911478187209,24.93911478187209,21.82773055559787,102312.77949318755,95915.48089972434,25903.88861543388,1492.4663227567603,1399.41430302238,379.5835206236913,29442065.95719003,25182705.105451938,120383490.7106004,121366730.39332259,126645043.25314575,1761873.983302813,1776461.0488144057,1854003.0292391395,50453.8
40.278950666666674,41.32793052701711,0.026042879543496312,-19941.335401767286,-34597.5029176784,14656.167515911115,18320.20939488889,-495.0808070149151,-858.9474736815818,363.8666666666667,454.8333333333333,1.0,7050.830807014915,6159.916666666667,59.0,25.5666372614437,25.5666372614437,25.5666372614437,164019.77390603977,141242.09524866517,152870.6540964118,2396.851251328696,2066.5050227673237,2235.154805598172,29442065.95719003,25182705.105451938,120383490.7106004,121366730.39332259,126645043.25314575,1761873.983302813,1776461.0488144057,1854003.0292391395,50453.8
67.858919,68.9976700110075,0.016781154604120548,346998.8442704667,92288.12984,254710.7144304667,318388.39303808333,5113.533333333334,1360.0,3753.5333333333338,4691.916666666667,0.8698564593301435,9137.8,9559.416666666666,0.0,25.76736368885589,25.82426608259441,27.96344616076303,217656.4305992439,228541.7154568784,354785.8264706175,3189.0918961338475,3347.255265002674,5197.491590062713,29442065.95719003,25182705.105451938,120383490.7106004,121366730.39332259,126645043.25314575,1761873.983302813,1776461.0488144057,1854003.0292391395,50453.8
49.379483583333325,48.7494751066968,-0.012758506791050466,170892.5167852001,-66168.50800166656,237061.02478686665,296326.2809835833,3460.800000000002,-1339.9999999999982,4800.8,6001.0,0.9855837320574161,12902.28333333333,10362.08333333333,0.0,27.63116638795987,25.82698149808759,31.02015097572666,317393.4068469836,249271.25864241188,414998.8722478693,4648.68616986859,3648.2379916689497,6083.327327175679,29442065.95719003,25182705.105451938,120383490.7106004,121366730.39332259,126645043.25314575,1761873.983302813,1776461.0488144057,1854003.0292391395,50453.8
57.67719333333333,58.804614303103236,0.01954708446463768,246050.90675999998,0.0,246050.90675999998,307563.63344999996,4266.0,0.0,4266.0,5332.5,0.9855837320574161,11147.66666666667,10081.16666666667,0.0,26.11383258779729,25.82698149808759,28.07250962091945,269755.98674730386,242016.0290899076,387367.3795218908,3949.1453724461053,3542.80962746939,5676.1440853509,29442065.95719003,25182705.105451938,120383490.7106004,121366730.39332259,126645043.25314575,1761873.983302813,1776461.0488144057,1854003.0292391395,50453.8
64.21221475,68.00202820881405,0.05902013306298629,304079.08335578337,87328.61206,216750.47129578335,270938.0891197292,4735.533333333334,1360.0,3375.5333333333338,4219.416666666667,0.8554401913875597,9375.966666666667,9892.083333333334,0.0,25.82426608259441,25.82426608259441,27.70318112949341,223804.25384402648,237132.58797368818,350886.84803182166,3278.547445971587,3471.8494385159397,5140.716674405651,29442065.95719003,25182705.105451938,120383490.7106004,121366730.39332259,126645043.25314575,1761873.983302813,1776461.0488144057,1854003.0292391395,50453.8
72.84514216666666,69.95303812993016,-0.03970208514549248,251194.3319047222,99069.39334666666,152124.93855805555,190156.1731975694,3448.3333333333335,1360.0,2088.3333333333335,2610.4166666666665,0.7252966507177032,9691.750000000004,10529.66666666667,0.0,25.82426608259441,26.11383258779729,27.69424401284482,231959.12666847516,253617.63820804516,323978.73009904515,3396.818277913263,3711.6646094129314,4744.132594674253,29442065.95719003,25182705.105451938,120383490.7106004,121366730.39332259,126645043.25314575,1761873.983302813,1776461.0488144057,1854003.0292391395,50453.8
80.39318541666667,79.82690894312609,-0.00704383674568501,210410.40441819443,109334.73216666667,101075.67225152778,126344.59031440972,2617.2666666666664,1360.0,1257.2666666666667,1571.5833333333333,0.5951531100478468,10101.983333333337,11147.66666666667,0.0,25.82698149808759,26.11383258779729,27.61652394098655,242553.66075475948,269755.98674730386,312338.0681756789,3550.622147604973,3949.1453724461053,4574.016995480873,29442065.95719003,25182705.105451938,120383490.7106004,121366730.39332259,126645043.25314575,1761873.983302813,1776461.0488144057,1854003.0292391395,50453.8
77.54580433333334,78.56606882157772,0.013156927019013807,147342.19795362224,105462.29389333334,41879.90406028889,52349.880075361114,1900.0666666666666,1360.0,540.0666666666667,675.0833333333334,0.4650095693779903,9802.016666666666,11027.0,0.0,25.82426608259441,26.11383258779729,27.20328488803203,234806.6824085158,266604.91761504294,284473.12016505044,3438.1166272100436,3902.776420872205,4164.63949242211,29442065.95719003,25182705.105451938,120383490.7106004,121366730.39332259,126645043.25314575,1761873.983302813,1776461.0488144057,1854003.0292391395,50453.8
73.43452258333333,72.97267400084348,-0.006289256963109399,119007.98729855001,99870.95071333334,19137.03658521667,23921.295731520833,1620.6,1360.0,260.6,325.75,0.33486602870813387,9162.73333333333,10457.58333333333,0.0,25.76736368885589,25.8374183006536,26.11383258779729,218298.8968672193,251737.7623372192,260241.8470744829,3198.5823426464112,3684.0730380763684,3809.141880539275,29442065.95719003,25182705.105451938,120383490.7106004,121366730.39332259,126645043.25314575,1761873.983302813,1776461.0488144057,1854003.0292391395,50453.8
75.15846491666666,77.90600843419004,0.036556674229173795,125083.72787864442,102215.51228666665,22868.215591977776,28585.26948997222,1664.2666666666667,1360.0,304.26666666666665,380.3333333333333,0.20472248803827742,9029.149999999998,10313.08333333333,0.0,25.76736368885589,25.82698149808759,26.11383258779729,214856.80653444966,248005.73654900558,257893.77829429682,3147.7361335567016,3629.8482325027253,3774.5893261551337,29442065.95719003,25182705.105451938,120383490.7106004,121366730.39332259,126645043.25314575,1761873.983302813,1776461.0488144057,1854003.0292391395,50453.8
55.90021091666667,54.74482426456583,-0.020668735111272384,-43384.416934415545,-45296.204147765544,1911.7872133500005,2389.7340166875,-776.1047091412755,-810.3047091412756,34.2,42.75,0.27470334928229667,11125.438042474605,10306.58333333333,0.0,26.11383258779729,25.82698149808759,25.82698149808759,269175.5121764952,247837.861169268,248941.96462831125,3940.603510578291,3627.4087746541445,3643.4529012736566,29442065.95719003,25182705.105451938,120383490.7106004,121366730.39332259,126645043.25314575,1761873.983302813,1776461.0488144057,1854003.0292391395,50453.8
53.04617491666667,53.567888175672614,0.009835077832200466,-68532.12158067219,-71081.8743883333,2549.7528076611115,3187.191009576389,-1291.9333333333325,-1339.999999999999,48.06666666666667,60.083333333333336,0.39043062200956935,11531.266666666666,10179.25,0.0,27.11191162055051,25.82698149808759,25.82698149808759,279828.29501446604,244549.22552517828,246100.9966635217,4096.8647090074455,3579.6204209024604,3602.1697684515216,29442065.95719003,25182705.105451938,120383490.7106004,121366730.39332259,126645043.25314575,1761873.983302813,1776461.0488144057,1854003.0292391395,50453.8
54.32848825,52.225250780637566,-0.038713344271316626,3350.2567754166666,0.0,3350.2567754166666,4187.820969270833,61.666666666666664,0.0,61.666666666666664,77.08333333333333,0.39043062200956935,10179.916666666666,10164.5,0.0,25.82698149808759,25.82698149808759,25.82698149808759,244566.44351284363,244168.27754808147,246159.1073718924,3579.8706217074428,3574.0847280922194,3603.014196168338,29442065.95719003,25182705.105451938,120383490.7106004,121366730.39332259,126645043.25314575,1761873.983302813,1776461.0488144057,1854003.0292391395,50453.8
66.814638,67.8599501287277,0.015644956854031153,120422.249222,90867.90768,29554.341542,36942.9269275,1802.3333333333333,1360.0,442.3333333333333,552.9166666666666,0.2602870813397129,9246.416666666664,10495.83333333333,0.0,25.82426608259441,26.11383258779729,26.11383258779729,220458.7201730263,252734.12020549117,267172.8934738274,3230.0268793023165,3698.6633702285344,3911.134360347886,29442065.95719003,25182705.105451938,120383490.7106004,121366730.39332259,126645043.25314575,1761873.983302813,1776461.0488144057,1854003.0292391395,50453.8
63.942800500000004,64.61331031383467,0.010486087700126098,151024.3690742667,86962.20868000001,64062.16039426667,80077.70049283333,2361.866666666667,1360.0,1001.8666666666667,1252.3333333333333,0.13014354066985645,10095.549999999997,11205.08333333333,0.0,25.82698149808759,26.11383258779729,27.61652394098655,242387.50717378827,271255.3559683864,305107.1416571304,3548.207709836888,3971.2090517516394,4467.100130328202,29442065.95719003,25182705.105451938,120383490.7106004,121366730.39332259,126645043.25314575,1761873.983302813,1776461.0488144057,1854003.0292391395,50453.8
79.52600858333334,79.41972314229294,-0.0013364865524343214,162832.1534413278,108155.37167333334,54676.78176799444,68345.97720999306,2047.5333333333333,1360.0,687.5333333333333,859.4166666666666,0.0,11248.550000000003,12436.66666666667,0.0,26.11383258779729,27.61652394098655,27.69424401284482,272390.4372248695,304534.0987853551,328299.03216504893,3987.912121600361,4458.627087863845,4806.729028833729,29442065.95719003,25182705.105451938,120383490.7106004,121366730.39332259,126645043.25314575,1761873.983302813,1776461.0488144057,1854003.0292391395,50453.8
33.426167,32.56330472144537,-0.025813976174852232,-73584.3640338,-44791.06378,-28793.300253800004,-35991.62531725,-2201.4,-1340.0,-861.4000000000001,-1076.75,0.11572727272727273,10143.566666666666,9020.916666666666,2.0,25.82698149808759,25.76736368885589,25.75975416942929,243627.63273538815,214644.65524007814,186904.41020091425,3566.2284228157637,3144.602256165521,2734.8261491220915,29442065.95719003,25182705.105451938,120383490.7106004,121366730.39332259,126645043.25314575,1761873.983302813,1776461.0488144057,1854003.0292391395,50453.8
13.655310999999998,14.12670214154115,0.03452071809577629,-53763.690469199995,-18298.116739999998,-35465.5737292,-44331.96716149999,-3937.2000000000003,-1340.0,-2597.2000000000003,-3246.5,0.23145454545454547,5619.366666666667,5095.666666666667,167.0,25.25880638621389,25.25880638621389,22.61187230696291,127470.07482082279,114242.03791636258,34728.17340604413,1863.3178831681396,1666.7915889428834,510.36555726502024,29442065.95719003,25182705.105451938,120383490.7106004,121366730.39332259,126645043.25314575,1761873.983302813,1776461.0488144057,1854003.0292391395,50453.8
15.273084916666667,15.386995941902654,0.00745828533380852,-71243.85010794444,-20465.933788333332,-50777.91631961111,-63472.39539951389,-4664.666666666666,-1340.0,-3324.6666666666665,-4155.833333333333,0.3471818181818182,4926.916666666666,4433.083333333333,15.0,24.93911478187209,24.93911478187209,15.44287933987417,110010.23727061237,97694.47108749788,3520.0635329727447,1604.429830875855,1425.2906362342014,52.03057409702348,29442065.95719003,25182705.105451938,120383490.7106004,121366730.39332259,126645043.25314575,1761873.983302813,1776461.0488144057,1854003.0292391395,50453.8
16.0032855,15.681282332517343,-0.020121066232471868,-72984.5838513,-21444.402569999995,-51540.18128130001,-64425.226601625,-4560.6,-1339.9999999999995,-3220.6000000000004,-4025.75,0.4629090909090909,4808.35,4432.5,159.0,24.93911478187209,24.93911478187209,15.5301922758727,107053.28956130843,97679.9232705418,5528.363934044308,1561.4194957195705,1425.0790307056002,81.71868096238815,29442065.95719003,25182705.105451938,120383490.7106004,121366730.39332259,126645043.25314575,1761873.983302813,1776461.0488144057,1854003.0292391395,50453.8
16.572539333333335,16.474706491949462,-0.00590331025415627,-78721.77150524445,-22207.20270666667,-56514.56879857779,-70643.21099822223,-4750.133333333333,-1340.0,-3410.1333333333337,-4262.666666666667,0.5786363636363636,4931.883333333333,4457.416666666667,13.0,24.93911478187209,24.93911478187209,15.44287933987417,110134.10154069569,98301.32288052345,2246.025987433126,1606.2315008050896,1434.1176097130008,33.1024287905746,29442065.95719003,25182705.105451938,120383490.7106004,121366730.39332259,126645043.25314575,1761873.983302813,1776461.0488144057,1854003.0292391395,50453.8
16.287573249999998,16.524139322161773,0.014524328979565704,-83451.01030369998,-21825.34815499998,-61625.662148699994,-77032.07768587499,-5123.599999999999,-1339.999999999999,-3783.6000000000004,-4729.5,0.6943636363636363,4657.349999999999,4304.25,41.0,24.93911478187209,24.93911478187209,0.0,103287.48322924571,94481.4817997667,0.0,1506.6438931730504,1378.5560437745328,0.0,29442065.95719003,25182705.105451938,120383490.7106004,121366730.39332259,126645043.25314575,1761873.983302813,1776461.0488144057,1854003.0292391395,50453.8
16.92044891666667,16.674864512871526,-0.014514059585809244,-84501.8499197611,-22673.40154833332,-61828.44837142778,-77285.56046428472,-4994.066666666666,-1339.999999999999,-3654.0666666666666,-4567.583333333333,0.810090909090909,4965.316666666666,4572.833333333333,34.0,24.98363131975477,24.93911478187209,3.973937686257979,110968.02911813841,101179.7123782645,20.86317285285439,1618.3758435536474,1475.9852750148382,0.3025799867631376,29442065.95719003,25182705.105451938,120383490.7106004,121366730.39332259,126645043.25314575,1761873.983302813,1776461.0488144057,1854003.0292391395,50453.8
16.442329916666665,16.326744329384923,-0.007029757210052206,-79266.28021759444,-22032.722088333332,-57233.55812926111,-71541.94766157637,-4820.866666666667,-1340.0,-3480.866666666667,-4351.083333333333,0.9258181818181817,5337.200000000001,4926.416666666667,59.0,25.25880638621389,24.93911478187209,17.2621476743581,120342.88161884612,109997.76771322146,8258.12148400379,1757.4306016063808,1604.2484547084828,121.94488147095647,29442065.95719003,25182705.105451938,120383490.7106004,121366730.39332259,126645043.25314575,1761873.983302813,1776461.0488144057,1854003.0292391395,50453.8
32.99490358333333,33.30262198116466,0.009326240249623455,-40632.59049218265,-28340.889077271542,-12291.701414911111,-15364.62676863889,-1231.4808070149154,-858.947473681582,-372.53333333333336,-465.6666666666667,1.0,7397.814140348249,6633.0,1.0,25.61297300334298,25.5666372614437,25.5666372614437,172901.75597410952,153337.24522643315,141431.71447502085,2527.492860812861,2241.9218086102564,2069.255083352143,29442065.95719003,25182705.105451938,120383490.7106004,121366730.39332259,126645043.25314575,1761873.983302813,1776461.0488144057,1854003.0292391395,50453.8
45.59246666666667,46.00533496383278,0.009055625355492588,203099.24151111115,62005.75466666667,141093.48684444447,176366.85855555558,4454.666666666667,1360.0,3094.666666666667,3868.3333333333335,0.8698564593301435,8951.25,9537.583333333334,0.0,25.76736368885589,25.82426608259441,27.69424401284482,212849.52890308783,227977.88564740846,331340.7832991264,3118.0848320862965,3339.077992091734,4850.800663567805,29442065.95719003,25182705.105451938,120383490.7106004,121366730.39332259,126645043.25314575,1761873.983302813,1776461.0488144057,1854003.0292391395,50453.8
45.06265808333333,46.00039374235932,0.020809594882127455,225535.59952987783,41908.272017500036,183627.3275123778,229534.15939047222,5004.933333333334,930.0000000000008,4074.933333333334,5093.666666666667,0.7808612440191387,10159.566666666662,10070.83333333333,0.0,25.82698149808759,25.82698149808759,28.07250962091945,244040.86443935745,241749.15028109387,380372.64587467816,3572.233242135346,3538.9315149921563,5572.224716844625,29442065.95719003,25182705.105451938,120383490.7106004,121366730.39332259,126645043.25314575,1761873.983302813,1776461.0488144057,1854003.0292391395,50453.8
45.39553433333334,46.72277785799337,0.02923731473043723,205968.61837720004,61737.92669333334,144230.6916838667,180288.36460483336,4537.200000000001,1360.0,3177.2000000000003,3971.5,0.6507177033492823,9721.216666666669,10286.91666666667,0.0,25.82426608259441,25.82698149808759,27.96344616076303,232720.08170904225,247329.93053313912,354983.900880923,3407.854475246502,3620.0278509071586,5200.347458876564,29442065.95719003,25182705.105451938,120383490.7106004,121366730.39332259,126645043.25314575,1761873.983302813,1776461.0488144057,1854003.0292391395,50453.8
45.42982325,44.465259886727914,-0.02123194180096406,118496.12231041667,0.0,118496.12231041667,148120.15288802082,2608.3333333333335,0.0,2608.3333333333335,3260.4166666666665,0.6507177033492823,10957.250000000004,10305.16666666667,0.0,26.11383258779729,25.82698149808759,27.70318112949341,264783.47779204417,247801.2729454792,335763.2197335458,3875.9733735881223,3626.8770979435585,4915.600034448061,29442065.95719003,25182705.105451938,120383490.7106004,121366730.39332259,126645043.25314575,1761873.983302813,1776461.0488144057,1854003.0292391395,50453.8
47.659818166666675,47.80729954014203,0.0030944594240711514,169719.78981271115,64817.35270666668,104902.43710604448,131128.0463825556,3561.066666666667,1360.0,2201.066666666667,2751.3333333333335,0.5205741626794258,9527.766666666666,10337.5,0.0,25.82426608259441,25.82698149808759,27.69424401284482,227724.3774353643,248636.34534725064,322559.4000933868,3335.401340378341,3639.0118369852157,4723.56806101609,29442065.95719003,25182705.105451938,120383490.7106004,121366730.39332259,126645043.25314575,1761873.983302813,1776461.0488144057,1854003.0292391395,50453.8
53.16697249999999,51.959888844867585,-0.022703637208840576,186832.28582983333,72307.0826,114525.20322983334,143156.50403729166,3514.066666666667,1360.0,2154.066666666667,2692.5833333333335,0.39043062200956935,9516.016666666666,10337.5,0.0,25.82426608259441,25.82698149808759,27.69424401284482,227420.9423088938,248636.34534725064,320932.3632576322,3331.0005942697812,3639.0118369852157,4699.994083407953,29442065.95719003,25182705.105451938,120383490.7106004,121366730.39332259,126645043.25314575,1761873.983302813,1776461.0488144057,1854003.0292391395,50453.8
63.02217916666666,64.39561208187102,0.02179285028485326,169647.30335944443,85710.16366666666,83937.13969277778,104921.42461597221,2691.866666666667,1360.0,1331.8666666666668,1664.8333333333333,0.2602870813397129,9372.383333333337,10399.41666666667,0.0,25.82426608259441,25.82698149808759,27.20328488803203,223711.71689056393,250235.46595167398,294325.24317533284,3277.2053744633035,3662.24923674798,4308.5013408937275,29442065.95719003,25182705.105451938,120383490.7106004,121366730.39332259,126645043.25314575,1761873.983302813,1776461.0488144057,1854003.0292391395,50453.8
64.07064608333333,62.41343118463417,-0.025865431363743495,127509.12845864444,87136.07867333332,40373.04978531111,50466.31223163888,1990.1333333333332,1360.0,630.1333333333333,787.6666666666666,0.13014354066985645,9287.033333333333,10489.5,0.0,25.82426608259441,26.11383258779729,26.11383258779729,221507.6157804144,252568.73259910187,273137.7280674235,3245.239103793892,3696.2296407260383,3998.9087362208547,29442065.95719003,25182705.105451938,120383490.7106004,121366730.39332259,126645043.25314575,1761873.983302813,1776461.0488144057,1854003.0292391395,50453.8
50.288051083333336,49.103853598359336,-0.023548287504951044,79441.71056471113,68391.74947333334,11049.96109137778,13812.451364222225,1579.7333333333333,1360.0,219.73333333333335,274.6666666666667,0.0,9053.433333333334,10358.5,0.0,25.76736368885589,25.82698149808759,26.11383258779729,215482.52401602746,249178.71195871048,256320.41988088208,3156.9791686962794,3646.893162342169,3751.4368731247964,29442065.95719003,25182705.105451938,120383490.7106004,121366730.39332259,126645043.25314575,1761873.983302813,1776461.0488144057,1854003.0292391395,50453.8
40.527552666666665,40.47772388547882,-0.0012295038291030883,-3677.1999452888895,0.0,-3677.1999452888895,-4596.499931611111,-90.73333333333335,0.0,-90.73333333333335,-113.41666666666667,0.0,10329.649999999998,10352.33333333333,0.0,25.82698149808759,25.82698149808759,25.82698149808759,248433.60354249057,249019.44557280553,246090.23542123075,3636.0657225065443,3644.5788048960785,3602.013392948406,29442065.95719003,25182705.105451938,120383490.7106004,121366730.39332259,126645043.25314575,1761873.983302813,1776461.0488144057,1854003.0292391395,50453.8
40.74057208333333,41.219389711071216,0.011752844971309588,-3878.5024623333334,0.0,-3878.5024623333334,-4848.128077916666,-95.2,0.0,-95.2,-119.0,0.0,10170.61666666667,10194.41666666667,0.0,25.82698149808759,25.82698149808759,25.82698149808759,244326.25258491153,244940.934744566,241867.52394629357,3576.3803204779365,3585.3124892158166,3540.6516455264145,29442065.95719003,25182705.105451938,120383490.7106004,121366730.39332259,126645043.25314575,1761873.983302813,1776461.0488144057,1854003.0292391395,50453.8
39.87141358333333,40.46719000957734,0.014942445544319775,-2594.299977155555,0.0,-2594.299977155555,-3242.874971444444,-65.06666666666666,0.0,-65.06666666666666,-81.33333333333333,0.0,10168.400000000003,10184.66666666667,0.0,25.82698149808759,25.82698149808759,25.82698149808759,244269.0027759241,244689.12167495966,242588.52717978184,3575.548402801369,3581.6533024429455,3551.1288042350625,29442065.95719003,25182705.105451938,120383490.7106004,121366730.39332259,126645043.25314575,1761873.983302813,1776461.0488144057,1854003.0292391395,50453.8
41.80548558333333,42.88732186922058,0.025877854802828767,2789.819404594444,0.0,2789.819404594444,3487.2742557430556,66.73333333333333,0.0,66.73333333333333,83.41666666666667,0.0,10243.100000000002,10226.41666666667,0.0,25.82698149808759,25.82698149808759,25.82698149808759,246198.27829383122,245767.39815250481,247921.79885913694,3603.583402999674,3597.3221278549836,3628.6285035784367,29442065.95719003,25182705.105451938,120383490.7106004,121366730.39332259,126645043.25314575,1761873.983302813,1776461.0488144057,1854003.0292391395,50453.8
42.7828925,41.84198170598787,-0.02199268770834366,24725.659672166665,0.0,24725.659672166665,30907.074590208333,577.9333333333333,0.0,577.9333333333333,722.4166666666666,0.0,10288.150000000003,10143.66666666667,0.0,25.82698149808759,25.82698149808759,26.11383258779729,247361.78381032008,243630.21543353808,262402.76672112325,3620.4907223963764,3566.265952936513,3840.9404778548032,29442065.95719003,25182705.105451938,120383490.7106004,121366730.39332259,126645043.25314575,1761873.983302813,1776461.0488144057,1854003.0292391395,50453.8
44.263900666666665,45.033670645065364,0.017390468684527458,24528.102822755554,0.0,24528.102822755554,30660.128528444442,554.1333333333333,0.0,554.1333333333333,692.6666666666666,0.0,10342.366666666663,10203.83333333333,0.0,25.82698149808759,25.82698149808759,26.11383258779729,248762.0366572079,245184.13882033952,263197.0624623353,3640.8383028615876,3588.8465755861944,3852.628784018111,29442065.95719003,25182705.105451938,120383490.7106004,121366730.39332259,126645043.25314575,1761873.983302813,1776461.0488144057,1854003.0292391395,50453.8
21.136087083333333,20.719343981994157,-0.019717135896350144,-50047.43606838889,-28322.356691666668,-21725.07937672222,-27156.349220902775,-2367.866666666667,-1340.0,-1027.8666666666666,-1284.8333333333333,0.11572727272727273,7454.116666666667,6507.083333333333,136.0,25.61297300334298,25.5666372614437,25.25880638621389,174343.83106072317,150117.97948459635,117439.38182475082,2548.8562668948184,2195.232577782588,1714.2938868437432,29442065.95719003,25182705.105451938,120383490.7106004,121366730.39332259,126645043.25314575,1761873.983302813,1776461.0488144057,1854003.0292391395,50453.8
8.449756666666667,8.594557601799638,0.017136698824025822,-33121.919499111114,-11322.673933333335,-21799.24556577778,-27249.056957222227,-3919.866666666667,-1340.0,-2579.866666666667,-3224.8333333333335,0.23145454545454547,3456.916666666667,3456.916666666667,695.0333333333333,24.77651648406875,24.77651648406875,15.44287933987417,73386.73302660917,73386.73302660917,2822.5601494550974,1077.947339178396,1077.947339178396,41.66789252521009,29442065.95719003,25182705.105451938,120383490.7106004,121366730.39332259,126645043.25314575,1761873.983302813,1776461.0488144057,1854003.0292391395,50453.8
10.939807916666666,11.03423404029032,0.00863142427572223,-51767.17106166667,-14659.342608333332,-37107.828453333335,-46384.785566666666,-4732.0,-1340.0,-3392.0,-4240.0,0.3471818181818182,3205.166666666667,3205.166666666667,492.0,24.77651648406875,24.77651648406875,0.0,67149.24500174487,67149.24500174487,0.0,987.3081202485099,987.3081202485099,0.0,29442065.95719003,25182705.105451938,120383490.7106004,121366730.39332259,126645043.25314575,1761873.983302813,1776461.0488144057,1854003.0292391395,50453.8
8.951236583333333,9.327305520005304,0.04201307083897086,-45297.43435540555,-11994.657021666666,-33302.777333738886,-41628.47166717361,-5060.466666666667,-1340.0,-3720.4666666666667,-4650.583333333333,0.46290909090909094,3028.583333333333,3028.583333333333,409.8833333333341,24.77651648406875,24.77651648406875,0.0,62774.125132599715,62774.125132599715,0.0,923.7316538756435,923.7316538756435,0.0,29442065.95719003,25182705.105451938,120383490.7106004,121366730.39332259,126645043.25314575,1761873.983302813,1776461.0488144057,1854003.0292391395,50453.8
8.0029275,8.171692579692014,0.02108791810147131,-41888.38959200001,-10723.92285,-31164.466742000004,-38955.5834275,-5234.133333333333,-1340.0,-3894.1333333333337,-4867.666666666667,0.5786363636363636,2901.083333333333,2901.083333333333,366.46666666666624,24.22165375753167,24.22165375753167,0.0,59643.02353085146,59643.02353085146,0.0,878.1413633199938,878.1413633199938,0.0,29442065.95719003,25182705.105451938,120383490.7106004,121366730.39332259,126645043.25314575,1761873.983302813,1776461.0488144057,1854003.0292391395,50453.8
7.420354083333334,7.423835804430047,0.0004692122582848806,-37999.63326074999,-9943.27447166666,-28056.358789083333,-35070.448486354166,-5120.999999999999,-1339.999999999999,-3781.0,-4726.25,0.6943636363636363,2801.833333333333,2801.833333333333,394.7499999999991,24.01116483795021,24.01116483795021,0.0,57248.13959089005,57248.13959089005,0.0,842.8150023811254,842.8150023811254,0.0,29442065.95719003,25182705.105451938,120383490.7106004,121366730.39332259,126645043.25314575,1761873.983302813,1776461.0488144057,1854003.0292391395,50453.8
6.2815181666666655,6.403802380780074,0.019467302468743813,-30558.32957719999,-8417.234343333326,-22141.095233866665,-27676.36904233333,-4864.799999999999,-1339.999999999999,-3524.8,-4406.0,0.810090909090909,3001.083333333333,3001.083333333333,458.7999999999993,24.77651648406875,24.77651648406875,0.0,62092.77092928782,62092.77092928782,0.0,913.8306468425874,913.8306468425874,0.0,29442065.95719003,25182705.105451938,120383490.7106004,121366730.39332259,126645043.25314575,1761873.983302813,1776461.0488144057,1854003.0292391395,50453.8
6.612934083333332,6.6154969703757605,0.00038755671992669953,-26255.11175992222,-8861.331671666665,-17393.780088255553,-21742.225110319443,-3970.266666666667,-1340.0,-2630.266666666667,-3287.8333333333335,0.9258181818181817,3544.833333333333,3544.833333333333,682.4333333333334,24.77651648406875,24.77651648406875,15.44287933987417,75565.0017675002,75565.0017675002,3207.345226340286,1109.60055863256,1109.60055863256,47.384574794531375,29442065.95719003,25182705.105451938,120383490.7106004,121366730.39332259,126645043.25314575,1761873.983302813,1776461.0488144057,1854003.0292391395,50453.8
26.86857983333334,26.129700087924682,-0.027499769246902922,-24457.952534031345,-23078.698769253566,-1379.2537647777783,-1724.0672059722226,-910.2808070149151,-858.9474736815818,-51.33333333333334,-64.16666666666667,1.0,6072.780807014916,5498.666666666667,272.0,25.5666372614437,25.25880638621389,25.25880638621389,139014.32433248477,124421.33689000677,122800.56348022471,2034.1955090838198,1818.0233945048049,1793.9438886564426,29442065.95719003,25182705.105451938,120383490.7106004,121366730.39332259,126645043.25314575,1761873.983302813,1776461.0488144057,1854003.0292391395,50453.8
43.05638933333333,43.627557620025485,0.01326558718777592,159945.87509546665,58556.689493333324,101389.18560213332,126736.48200266666,3714.8,1360.0,2354.8,2943.5,0.8698564593301435,8113.116666666666,8884.416666666666,0.0,25.75975416942929,25.76736368885589,27.20328488803203,191256.52066783933,211127.4100965493,287896.2001801278,2799.115089336253,3092.6458678380445,4214.623705765906,29442065.95719003,25182705.105451938,120383490.7106004,121366730.39332259,126645043.25314575,1761873.983302813,1776461.0488144057,1854003.0292391395,50453.8
42.04901183333334,41.157813613005146,-0.021194272623113544,206376.550078,57186.65609333334,149189.89398466668,186487.36748083335,4908.0,1360.0,3548.0,4435.0,0.7397129186602871,8959.166666666666,9432.166666666666,0.0,25.76736368885589,25.82426608259441,27.70318112949341,213053.52053229127,225255.57759786825,344118.03744251543,3121.0981757316626,3299.5961209759316,5039.9622875401865,29442065.95719003,25182705.105451938,120383490.7106004,121366730.39332259,126645043.25314575,1761873.983302813,1776461.0488144057,1854003.0292391395,50453.8
42.21311583333334,43.667862867859746,0.03446196770383096,174827.02632761115,57409.837533333346,117417.1887942778,146771.48599284724,4141.533333333333,1360.0,2781.5333333333333,3476.9166666666665,0.6095693779904306,9210.133333333333,9874.75,0.0,25.82426608259441,25.82426608259441,27.69424401284482,219521.7297186629,236684.96736158986,329838.37056142953,3216.4376250068076,3465.3575577316815,4829.032352329653,29442065.95719003,25182705.105451938,120383490.7106004,121366730.39332259,126645043.25314575,1761873.983302813,1776461.0488144057,1854003.0292391395,50453.8
41.52476241666667,41.86784274646577,0.008262066050049265,163903.77389357222,56473.67688666667,107430.09700690555,134287.62125863193,3947.133333333333,1360.0,2587.133333333333,3233.9166666666665,0.4794258373205742,9130.949999999999,9844.166666666666,0.0,25.76736368885589,25.82426608259441,27.69424401284482,217479.92415797524,235895.17522389715,322261.6869702487,3186.4845608954356,3453.9031334633023,4719.254524687792,29442065.95719003,25182705.105451938,120383490.7106004,121366730.39332259,126645043.25314575,1761873.983302813,1776461.0488144057,1854003.0292391395,50453.8
41.61790208333334,42.298321158325216,0.016349192076752,159393.79045236117,56600.346833333344,102793.4436190278,128491.80452378474,3829.9333333333334,1360.0,2469.9333333333334,3087.4166666666665,0.34928229665071775,9291.816666666664,10034.33333333333,0.0,25.82426608259441,25.82698149808759,27.69424401284482,221631.1418531761,240806.46545641366,323471.00229214283,3247.030613202624,3525.2330209193565,4736.776176129867,29442065.95719003,25182705.105451938,120383490.7106004,121366730.39332259,126645043.25314575,1761873.983302813,1776461.0488144057,1854003.0292391395,50453.8
41.54088441666667,40.65391690584347,-0.021351676144558476,84472.00376514446,0.0,84472.00376514446,105590.00470643057,2033.466666666667,0.0,2033.466666666667,2541.8333333333335,0.34928229665071775,10851.449999999997,10343.08333333333,0.0,26.11383258779729,25.82698149808759,27.63116638795987,262020.634304255,248780.5459939482,316913.54559071275,3835.3172817937675,3641.1072687269443,4641.624864325112,29442065.95719003,25182705.105451938,120383490.7106004,121366730.39332259,126645043.25314575,1761873.983302813,1776461.0488144057,1854003.0292391395,50453.8
41.462756416666664,40.99283963515972,-0.011333466998302455,134331.03823871666,56389.34872666666,77941.68951205,97427.1118900625,3239.8,1360.0,1879.8000000000002,2349.75,0.2191387559808613,9579.95,10470.0,0.0,25.82426608259441,26.00417804252502,27.61652394098655,229071.97372044105,252060.1324826449,315113.52883174794,3354.945646854796,3688.7535348605347,4615.055104766079,29442065.95719003,25182705.105451938,120383490.7106004,121366730.39332259,126645043.25314575,1761873.983302813,1776461.0488144057,1854003.0292391395,50453.8
40.09877791666666,40.05182158173934,-0.0011710166086584728,93130.74833738888,54534.33796666666,38596.410370722224,48245.512963402776,2322.5333333333333,1360.0,962.5333333333334,1203.1666666666667,0.08899521531100485,9389.883333333333,10509.25,0.0,25.82426608259441,26.11383258779729,27.20328488803203,224163.64154700923,253084.48079271088,284754.22077556007,3283.7596771781787,3703.819034043037,4168.744156299348,29442065.95719003,25182705.105451938,120383490.7106004,121366730.39332259,126645043.25314575,1761873.983302813,1776461.0488144057,1854003.0292391395,50453.8
40.37169158333333,39.54922589405836,-0.020372336580875637,15152.841574277778,0.0,15152.841574277778,18941.051967847223,375.33333333333337,0.0,375.33333333333337,469.1666666666667,0.08899521531100485,10216.750000000004,10122.91666666667,0.0,25.82698149808759,25.82698149808759,26.11383258779729,245517.73733135665,243094.30556745274,255247.57659206682,3593.6942161827355,3558.478452881428,3735.649654115176,29442065.95719003,25182705.105451938,120383490.7106004,121366730.39332259,126645043.25314575,1761873.983302813,1776461.0488144057,1854003.0292391395,50453.8
37.673396583333336,38.17192562807853,0.01323292004325791,4322.394367994445,0.0,4322.394367994445,5402.992959993056,114.73333333333333,0.0,114.73333333333333,143.41666666666666,0.08899521531100485,9711.099999999999,9682.416666666666,0.0,25.82426608259441,25.82426608259441,25.82426608259441,232458.82621717325,231718.1001850375,235421.73034571623,3404.0654640579955,3393.3226497986607,3447.0367210953364,29442065.95719003,25182705.105451938,120383490.7106004,121366730.39332259,126645043.25314575,1761873.983302813,1776461.0488144057,1854003.0292391395,50453.8
39.93822166666667,39.533117005467574,-0.010143282407018284,37624.46735811115,37142.54615000004,481.92120811111124,602.401510138889,942.0666666666675,930.0000000000008,12.066666666666668,15.083333333333334,0.0,8532.933333333332,9459.916666666666,0.0,25.75975416942929,25.82426608259441,25.82426608259441,202070.8947974019,225972.20098166025,226361.71699507273,2958.863941566155,3309.989372423807,3315.638557144724,29442065.95719003,25182705.105451938,120383490.7106004,121366730.39332259,126645043.25314575,1761873.983302813,1776461.0488144057,1854003.0292391395,50453.8
38.34043908333334,39.065893860915665,0.018921399830751577,825.5974549277779,0.0,825.5974549277779,1031.9968186597223,21.533333333333335,0.0,21.533333333333335,26.916666666666668,0.0,9341.633333333333,9336.25,0.0,25.82426608259441,25.82426608259441,25.82426608259441,222917.62070852407,222778.60007611275,223473.70323816926,3265.6885282643057,3263.6722999053486,3273.753441700134,29442065.95719003,25182705.105451938,120383490.7106004,121366730.39332259,126645043.25314575,1761873.983302813,1776461.0488144057,1854003.0292391395,50453.8
38.377016,38.548486148368056,0.00446804275684336,2773.379022933333,0.0,2773.379022933333,3466.7237786666665,72.26666666666667,0.0,72.26666666666667,90.33333333333333,0.0,9461.483333333334,9443.416666666666,0.0,25.82426608259441,25.82426608259441,25.82426608259441,226012.65899852302,225546.10059129744,227878.89262742517,3310.576138571615,3303.8096012926376,3337.6422876875226,29442065.95719003,25182705.105451938,120383490.7106004,121366730.39332259,126645043.25314575,1761873.983302813,1776461.0488144057,1854003.0292391395,50453.8
35.539941166666665,35.83106983016189,0.008191591036404848,22191.13926446667,0.0,22191.13926446667,27738.924080583332,624.4000000000001,0.0,624.4000000000001,780.5,0.0,9450.1,9294.0,0.0,25.82426608259441,25.82426608259441,25.82698149808759,225718.69276961614,221687.52483412315,241843.8492132536,3306.3127207104144,3247.8483404937188,3540.3076194195623,29442065.95719003,25182705.105451938,120383490.7106004,121366730.39332259,126645043.25314575,1761873.983302813,1776461.0488144057,1854003.0292391395,50453.8
35.519965500000005,35.8908431454603,0.010441385295272635,25922.470821900006,0.0,25922.470821900006,32403.088527375003,729.8000000000001,0.0,729.8000000000001,912.25,0.0,9434.116666666667,9251.666666666666,0.0,25.82426608259441,25.82426608259441,25.82698149808759,225305.93491672934,220594.29756995998,244153.21180887424,3300.326457564161,3231.99317011678,3573.8658023878593,29442065.95719003,25182705.105451938,120383490.7106004,121366730.39332259,126645043.25314575,1761873.983302813,1776461.0488144057,1854003.0292391395,50453.8
21.178449583333336,22.076506113534506,0.04240426225099643,-43072.73076258334,-28379.12244166667,-14693.60832091667,-18367.010401145835,-2033.8000000000002,-1340.0,-693.8000000000001,-867.25,0.11572727272727273,7258.8,6169.25,77.0,25.61297300334298,25.5666372614437,25.25880638621389,169341.1905502869,141480.71719643864,119453.77163405137,2474.74539590164,2069.965773166198,1744.2212726838504,29442065.95719003,25182705.105451938,120383490.7106004,121366730.39332259,126645043.25314575,1761873.983302813,1776461.0488144057,1854003.0292391395,50453.8
7.985150833333333,8.076506659274983,0.01144071387609767,-31953.911918055557,-10700.102116666667,-21253.809801388892,-26567.262251736112,-4001.666666666667,-1340.0,-2661.666666666667,-3327.0833333333335,0.23145454545454547,3964.75,3964.75,674.5833333333335,24.9331021921135,24.9331021921135,18.26953076518428,86016.57425563746,86016.57425563746,9374.694762988362,1258.5869008458253,1258.5869008458253,138.51261131899636,29442065.95719003,25182705.105451938,120383490.7106004,121366730.39332259,126645043.25314575,1761873.983302813,1776461.0488144057,1854003.0292391395,50453.8
7.7788104166666665,7.7707330652647375,-0.001038378745498528,-36852.89223,-10423.605958333334,-26429.286271666668,-33036.60783958333,-4737.6,-1340.0,-3397.6000000000004,-4247.0,0.3471818181818182,3850.75,3850.75,490.60000000000036,24.9331021921135,24.9331021921135,0.0,83174.20060573652,83174.20060573652,0.0,1218.369131299203,1218.369131299203,0.0,29442065.95719003,25182705.105451938,120383490.7106004,121366730.39332259,126645043.25314575,1761873.983302813,1776461.0488144057,1854003.0292391395,50453.8
5.701909333333333,5.702875532086821,0.00016945179184804388,-28619.02332586667,-7640.558506666666,-20978.464819200002,-26223.081024,-5019.200000000001,-1340.0,-3679.2000000000003,-4599.0,0.46290909090909094,3452.833333333333,3452.833333333333,420.2000000000007,24.77651648406875,24.77651648406875,0.0,73285.56225096589,73285.56225096589,0.0,1076.4771896492452,1076.4771896492452,0.0,29442065.95719003,25182705.105451938,120383490.7106004,121366730.39332259,126645043.25314575,1761873.983302813,1776461.0488144057,1854003.0292391395,50453.8
5.35060725,5.303857358875475,-0.008737305681430085,-27793.907713700002,-7169.813715,-20624.093998700002,-25780.117498375002,-5194.533333333334,-1340.0,-3854.5333333333338,-4818.166666666667,0.5786363636363636,3409.666666666667,3409.666666666667,376.3666666666668,24.77651648406875,24.77651648406875,0.0,72216.04262273693,72216.04262273693,0.0,1060.9356089125088,1060.9356089125088,0.0,29442065.95719003,25182705.105451938,120383490.7106004,121366730.39332259,126645043.25314575,1761873.983302813,1776461.0488144057,1854003.0292391395,50453.8
4.520905666666667,4.547321910843841,0.005843131028356798,-23295.021325488888,-6058.0135933333295,-17237.00773215556,-21546.259665194448,-5152.733333333333,-1339.999999999999,-3812.7333333333336,-4765.916666666667,0.6943636363636363,3372.166666666667,3372.166666666667,386.8166666666657,24.77651648406875,24.77651648406875,0.0,71286.92325458434,71286.92325458434,0.0,1047.434235685614,1047.434235685614,0.0,29442065.95719003,25182705.105451938,120383490.7106004,121366730.39332259,126645043.25314575,1761873.983302813,1776461.0488144057,1854003.0292391395,50453.8
2.2633390833333333,2.2316813297419356,-0.013987189910923117,-9927.457887316665,-3032.8743716666645,-6894.583515650001,-8618.2293945625,-4386.199999999999,-1339.999999999999,-3046.2000000000003,-3807.75,0.810090909090909,3474.583333333333,3474.583333333333,578.4499999999989,24.77651648406875,24.77651648406875,0.0,73824.45148449438,73824.45148449438,0.0,1084.307986120844,1084.307986120844,0.0,29442065.95719003,25182705.105451938,120383490.7106004,121366730.39332259,126645043.25314575,1761873.983302813,1776461.0488144057,1854003.0292391395,50453.8
5.5735357500000005,5.582021847626826,0.0015225698743969965,-18176.4147879,-7468.537905000001,-10707.876882900002,-13384.846103625001,-3261.2,-1340.0,-1921.2,-2401.5,0.9258181818181817,4067.083333333333,4067.083333333333,859.6999999999998,24.9331021921135,24.9331021921135,21.91280413211907,88568.06171329707,88568.06171329707,30640.09420947804,1294.6888167838752,1294.6888167838752,449.6642404301099,29442065.95719003,25182705.105451938,120383490.7106004,121366730.39332259,126645043.25314575,1761873.983302813,1776461.0488144057,1854003.0292391395,50453.8
28.99859858333333,29.54710042785039,0.018914770758346383,-5032.6335244437905,-24908.272993460458,19875.639469016667,24844.54933627083,-173.54747368158166,-858.9474736815818,685.4000000000001,856.75,1.0,6704.797473681581,5704.5,30.0,25.5666372614437,25.44683257918552,25.5666372614437,155172.86519233818,129621.46380528965,151502.83900292456,2268.5439302904374,1895.1612403189017,2215.3172899189112,29442065.95719003,25182705.105451938,120383490.7106004,121366730.39332259,126645043.25314575,1761873.983302813,1776461.0488144057,1854003.0292391395,50453.8
45.157122166666674,44.95949652868008,-0.00437640018903757,195542.38088091117,61413.686146666674,134128.6947342445,167660.86841780558,4330.266666666666,1360.0,2970.266666666667,3712.8333333333335,0.8698564593301435,8306.566666666668,8924.0,0.0,25.75975416942929,25.76736368885589,27.61652394098655,196239.74511191546,212147.36824256653,310062.0063275425,2872.7267820526167,3107.712586064877,4540.363023604364,29442065.95719003,25182705.105451938,120383490.7106004,121366730.39332259,126645043.25314575,1761873.983302813,1776461.0488144057,1854003.0292391395,50453.8
40.719628500000006,40.45369067621973,-0.006530949165714443,207178.75516610005,55378.694760000006,151800.06040610003,189750.07550762504,5087.933333333334,1360.0,3727.933333333334,4659.916666666667,0.7397129186602871,9279.399999999998,9707.416666666666,0.0,25.82426608259441,25.82426608259441,27.96344616076303,221310.4905493172,232363.70683710236,358029.586225266,3242.380179371593,3402.685939391341,5244.26064169657,29442065.95719003,25182705.105451938,120383490.7106004,121366730.39332259,126645043.25314575,1761873.983302813,1776461.0488144057,1854003.0292391395,50453.8
37.44507325,36.46279120424149,-0.02623261114220178,109651.65616708333,0.0,109651.65616708333,137064.57020885416,2928.3333333333335,0.0,2928.3333333333335,3660.4166666666665,0.7397129186602871,10780.416666666664,10048.33333333333,0.0,26.11383258779729,25.82698149808759,27.70318112949341,260165.68172943516,241168.0431973869,339729.3918319181,3808.021084057862,3530.487237823992,4974.636881867863,29442065.95719003,25182705.105451938,120383490.7106004,121366730.39332259,126645043.25314575,1761873.983302813,1776461.0488144057,1854003.0292391395,50453.8
34.350338916666665,34.33356996893902,-0.0004881741565440928,93382.54135625555,0.0,93382.54135625555,116728.17669531943,2718.5333333333333,0.0,2718.5333333333333,3398.1666666666665,0.7397129186602871,10711.050000000003,10031.41666666667,0.0,26.11383258779729,25.82698149808759,27.69424401284482,258354.25220892843,240731.13676037773,331996.2137407637,3781.365341454194,3524.13839239756,4860.297131143281,29442065.95719003,25182705.105451938,120383490.7106004,121366730.39332259,126645043.25314575,1761873.983302813,1776461.0488144057,1854003.0292391395,50453.8
39.620290250000004,38.3266132646953,-0.03265188056780346,159255.0773362167,53883.59474000001,105371.48259621668,131714.35324527085,4019.5333333333333,1360.0,2659.5333333333333,3324.4166666666665,0.6095693779904306,9321.550000000003,10016.66666666667,0.0,25.82426608259441,25.82698149808759,27.69424401284482,222398.9833646987,240350.18878328093,329545.273145627,3258.1666856248535,3518.602699587319,4824.785692533578,29442065.95719003,25182705.105451938,120383490.7106004,121366730.39332259,126645043.25314575,1761873.983302813,1776461.0488144057,1854003.0292391395,50453.8
40.183171583333326,39.542555159785735,-0.015942405696351192,138685.5195246111,54649.11335333333,84036.40617127776,105045.5077140972,3451.3333333333335,1360.0,2091.3333333333335,2614.1666666666665,0.4794258373205742,9350.083333333332,10187.25,0.0,25.82426608259441,25.82698149808759,27.61652394098655,223135.83575692197,244755.84137716296,314607.2258928298,3268.853320146631,3582.622830562252,4607.568882508413,29442065.95719003,25182705.105451938,120383490.7106004,121366730.39332259,126645043.25314575,1761873.983302813,1776461.0488144057,1854003.0292391395,50453.8
40.918793166666674,40.6167230729372,-0.007382184819066226,96712.9316091889,55649.55870666668,41063.372902522235,51329.21612815279,2363.5333333333333,1360.0,1003.5333333333334,1254.4166666666667,0.34928229665071775,8911.966666666664,10021.08333333333,0.0,25.76736368885589,25.82698149808759,26.11383258779729,211837.30096617722,240464.257951564,273094.2050131105,3103.1323037239185,3520.2602799203264,3998.2682810886176,29442065.95719003,25182705.105451938,120383490.7106004,121366730.39332259,126645043.25314575,1761873.983302813,1776461.0488144057,1854003.0292391395,50453.8
38.751097249999994,38.144372174567955,-0.015656977956463963,63370.96103616666,52701.49225999999,10669.468776166666,13336.835970208333,1635.3333333333335,1360.0,275.33333333333337,344.1666666666667,0.2191387559808613,8278.833333333334,9570.0,0.0,25.75975416942929,25.82426608259441,25.82698149808759,195525.34126294995,228815.02227291922,237702.92317972687,2862.173679900465,3351.219057596909,3480.134325821236,29442065.95719003,25182705.105451938,120383490.7106004,121366730.39332259,126645043.25314575,1761873.983302813,1776461.0488144057,1854003.0292391395,50453.8
36.38191625,37.00979209325632,0.017257910192026226,12042.41427875,0.0,12042.41427875,15053.017848437501,331.0,0.0,331.0,413.75,0.2191387559808613,9025.833333333334,8943.083333333334,0.0,25.76736368885589,25.76736368885589,25.82426608259441,214771.34477821505,212639.0954329622,223310.1495529795,3146.4737011663283,3114.97633022055,3271.3814083366556,29442065.95719003,25182705.105451938,120383490.7106004,121366730.39332259,126645043.25314575,1761873.983302813,1776461.0488144057,1854003.0292391395,50453.8
34.16619241666667,35.8708416011747,0.049892863791181095,-252.82982388333335,0.0,-252.82982388333335,-316.0372798541667,-7.4,0.0,-7.4,-9.25,0.2191387559808613,8721.816666666666,8723.666666666666,0.0,25.76736368885589,25.76736368885589,25.76736368885589,206937.63676074133,206985.3063835657,206746.9582694438,3030.754961302896,3031.4591321337084,3027.9382779796483,29442065.95719003,25182705.105451938,120383490.7106004,121366730.39332259,126645043.25314575,1761873.983302813,1776461.0488144057,1854003.0292391395,50453.8
33.819141916666666,33.79535127084179,-0.0007034668674769122,-48562.03318287222,-45317.65016833333,-3244.383014538889,-4055.478768173611,-1435.9333333333334,-1340.0,-95.93333333333334,-119.91666666666667,0.33486602870813403,10013.683333333332,8697.666666666666,0.0,25.82698149808759,25.76736368885589,25.76736368885589,240273.13828847822,206315.35492765545,203225.41856530018,3517.48305098502,3021.562677214189,2975.918450838585,29442065.95719003,25182705.105451938,120383490.7106004,121366730.39332259,126645043.25314575,1761873.983302813,1776461.0488144057,1854003.0292391395,50453.8
36.95217075,38.95865944337865,0.05429961630545468,25270.973706412522,28798.674274012523,-3527.7005676000003,-4409.6257095,683.8833333333339,779.3500000000006,-95.46666666666667,-119.33333333333333,0.2602870813397129,8301.699999999999,9104.916666666666,0.0,25.75975416942929,25.76736368885589,25.76736368885589,196114.38097495752,216809.11378994203,213734.20838973855,2870.8749155691858,3176.575418213199,3131.1532276851485,29442065.95719003,25182705.105451938,120383490.7106004,121366730.39332259,126645043.25314575,1761873.983302813,1776461.0488144057,1854003.0292391395,50453.8
37.10651008333334,36.28772123219552,-0.022065908362144233,1172.5657186333335,0.0,1172.5657186333335,1465.707148291667,31.6,0.0,31.6,39.5,0.2602870813397129,9217.983333333334,9210.083333333334,0.0,25.82426608259441,25.82426608259441,25.82426608259441,219724.45020741128,219520.4385053588,220540.49701562125,3219.377697938909,3216.4188984276225,3231.212895984057,29442065.95719003,25182705.105451938,120383490.7106004,121366730.39332259,126645043.25314575,1761873.983302813,1776461.0488144057,1854003.0292391395,50453.8
39.291181333333334,39.540214252700174,0.0063381377427703675,74658.48335751111,53436.00661333333,21222.476744177777,26528.09593022222,1900.1333333333332,1360.0,540.1333333333333,675.1666666666666,0.13014354066985645,8419.449999999999,9644.416666666666,0.0,25.75975416942929,25.82426608259441,25.82698149808759,199147.59202840782,230736.77807389892,248173.6119287432,2915.681205656297,3379.090449617787,3632.2876903513065,29442065.95719003,25182705.105451938,120383490.7106004,121366730.39332259,126645043.25314575,1761873.983302813,1776461.0488144057,1854003.0292391395,50453.8
43.83582058333334,45.32380139212151,0.033944404119445486,102774.54255164447,59616.71599333334,43157.82655831112,53947.28319788889,2344.5333333333333,1360.0,984.5333333333334,1230.6666666666667,0.0,8830.216666666667,9944.083333333334,0.0,25.76736368885589,25.82698149808759,26.11383258779729,209730.81898461335,238475.58037621135,270463.23637988995,3072.015565659662,3491.3620869448323,3959.552768344942,29442065.95719003,25182705.105451938,120383490.7106004,121366730.39332259,126645043.25314575,1761873.983302813,1776461.0488144057,1854003.0292391395,50453.8
21.356491583333334,20.838371550178852,-0.024260540694747177,-47243.40691454445,-28617.698721666668,-18625.70819287778,-23282.135241097225,-2212.133333333333,-1340.0,-872.1333333333334,-1090.1666666666667,0.11572727272727273,9044.716666666667,7930.75,8.0,25.76736368885589,25.75975416942929,25.5666372614437,215257.91849587293,186558.80016580777,158644.45301128784,3153.661318745697,2729.720832275648,2318.892605428073,29442065.95719003,25182705.105451938,120383490.7106004,121366730.39332259,126645043.25314575,1761873.983302813,1776461.0488144057,1854003.0292391395,50453.8
16.060543,16.06890392367344,0.0005205878576732011,-60232.38976433333,-21521.12762,-38711.262144333334,-48389.07768041666,-3750.3333333333335,-1340.0,-2410.3333333333335,-3012.9166666666665,0.23145454545454547,5458.5,4977.083333333333,256.0,25.25880638621389,24.98363131975477,22.61187230696291,123406.77483349384,111262.00318000089,37328.538721344856,1802.9502492854403,1622.7100810999846,548.2627959686874,29442065.95719003,25182705.105451938,120383490.7106004,121366730.39332259,126645043.25314575,1761873.983302813,1776461.0488144057,1854003.0292391395,50453.8
18.805540166666667,19.260415807011096,0.024188384716048318,-87137.35091626667,-25199.423823333334,-61937.92709293334,-77422.40886616666,-4633.6,-1340.0,-3293.6000000000004,-4117.0,0.3471818181818182,5252.766666666667,4774.166666666667,38.0,25.25880638621389,24.93911478187209,18.26953076518428,118210.19639963678,106200.78748768143,9730.950612909464,1725.7457245601984,1549.0194117435315,143.77014775069682,29442065.95719003,25182705.105451938,120383490.7106004,121366730.39332259,126645043.25314575,1761873.983302813,1776461.0488144057,1854003.0292391395,50453.8
17.168509916666668,17.025510782345226,-0.008329152326878643,-79263.57658326667,-23005.80328833333,-56257.773294933344,-70322.21661866667,-4616.799999999999,-1339.9999999999995,-3276.8,-4096.0,0.4629090909090909,5283.633333333332,4778.833333333333,16.0,25.25880638621389,24.93911478187209,19.01305350481372,118989.85155675789,106317.17002333015,10209.019180979732,1737.3289050358255,1550.712255972342,150.8173835272309,29442065.95719003,25182705.105451938,120383490.7106004,121366730.39332259,126645043.25314575,1761873.983302813,1776461.0488144057,1854003.0292391395,50453.8
17.357092583333333,16.775177753418852,-0.033526054385009746,-81922.00557481666,-23258.504061666667,-58663.501513150004,-73329.3768914375,-4719.8,-1340.0,-3379.8,-4224.75,0.5786363636363636,5313.633333333333,4855.583333333333,37.0,25.25880638621389,24.93911478187209,18.26953076518428,119747.61574834432,108231.24708283883,9249.852969426267,1748.586855822073,1578.5534976640336,136.6702267574603,29442065.95719003,25182705.105451938,120383490.7106004,121366730.39332259,126645043.25314575,1761873.983302813,1776461.0488144057,1854003.0292391395,50453.8
14.568331333333331,14.542359340608204,-0.0017827705954011602,-72366.72906519998,-19521.56398666665,-52845.165078533326,-66056.45634816666,-4967.4,-1339.999999999999,-3627.4,-4534.25,0.6943636363636363,5111.816666666667,4709.666666666667,31.0,25.25880638621389,24.93911478187209,15.44287933987417,114649.96763949993,104592.21458425069,1947.4636535288967,1672.8521191161465,1525.6218861524685,28.66674221370988,29442065.95719003,25182705.105451938,120383490.7106004,121366730.39332259,126645043.25314575,1761873.983302813,1776461.0488144057,1854003.0292391395,50453.8
14.228215666666665,14.215900110091711,-0.0008655728071234136,-71432.28248064443,-19065.808993333318,-52366.47348731111,-65458.091859138876,-5020.466666666665,-1339.999999999999,-3680.4666666666667,-4600.583333333333,0.810090909090909,5113.966666666665,4729.083333333333,35.0,25.25880638621389,24.93911478187209,14.84569091174063,114704.27407323025,105076.44906293202,1230.031386628161,1673.6589389224937,1532.66532731877,18.070605543534775,29442065.95719003,25182705.105451938,120383490.7106004,121366730.39332259,126645043.25314575,1761873.983302813,1776461.0488144057,1854003.0292391395,50453.8
11.485850833333336,11.594580336543475,0.00946638649481617,-51478.051988222236,-15391.04011666667,-36087.011871555565,-45108.764839444455,-4481.866666666667,-1340.0,-3141.866666666667,-3927.3333333333335,0.9258181818181817,5483.700000000001,5181.166666666667,252.0,25.25880638621389,25.25880638621389,21.41759783497139,124043.29675442645,116401.66586238386,21685.866811098243,1812.4069279458884,1698.876748683688,318.270643016236,29442065.95719003,25182705.105451938,120383490.7106004,121366730.39332259,126645043.25314575,1761873.983302813,1776461.0488144057,1854003.0292391395,50453.8
26.87581541666667,27.526505711618245,0.02421099731724083,2239.6512847222225,0.0,2239.6512847222225,2799.564105902778,83.33333333333334,0.0,83.33333333333334,104.16666666666667,0.9258181818181817,6872.833333333333,6872.833333333333,20.83333333333333,25.5666372614437,25.5666372614437,25.5666372614437,159468.97706296938,159468.97706296938,162132.16844436977,2330.8507340384685,2330.8507340384685,2369.4751804544744,29442065.95719003,25182705.105451938,120383490.7106004,121366730.39332259,126645043.25314575,1761873.983302813,1776461.0488144057,1854003.0292391395,50453.8
36.35893625,37.788181935030934,0.03930933719302469,145399.38606375,49448.1533,95951.23276375,119939.0409546875,3999.0,1360.0,2639.0,3298.75,0.7956746411483252,8204.916666666666,8905.166666666666,0.0,25.75975416942929,25.76736368885589,27.21001000444642,193621.26610059294,211662.08289309306,298124.74502951064,2834.046872181237,3100.5440001295838,4364.0323635742725,29442065.95719003,25182705.105451938,120383490.7106004,121366730.39332259,126645043.25314575,1761873.983302813,1776461.0488144057,1854003.0292391395,50453.8
38.51059625,39.602424168080105,0.028351363634888035,203554.1749120833,52374.410899999995,151179.76401208332,188974.70501510415,5285.666666666666,1360.0,3925.6666666666665,4907.083333333333,0.6655311004784688,9262.333333333332,9640.916666666666,0.0,25.82426608259441,25.82426608259441,27.96344616076303,220869.7564081743,230646.39314260986,363081.6488316439,3235.9881736763236,3377.7795890748116,5317.102095678037,29442065.95719003,25182705.105451938,120383490.7106004,121366730.39332259,126645043.25314575,1761873.983302813,1776461.0488144057,1854003.0292391395,50453.8
33.29759550000001,34.290254489605395,0.029811731889330683,153399.80262880004,45284.729880000006,108115.07274880003,135143.84093600002,4606.933333333333,1360.0,3246.9333333333334,4058.6666666666665,0.5353875598086123,8966.233333333334,9514.5,0.0,25.76736368885589,25.82426608259441,27.70318112949341,213235.60990235923,227381.77550533522,335973.3021904444,3123.7879814277376,3330.4325547011586,4918.727131721169,29442065.95719003,25182705.105451938,120383490.7106004,121366730.39332259,126645043.25314575,1761873.983302813,1776461.0488144057,1854003.0292391395,50453.8
34.74372675,34.82396808197436,0.0023095200049130836,135034.96838655003,47251.46838,87783.50000655002,109729.3750081875,3886.6000000000004,1360.0,2526.6000000000004,3158.25,0.40524401913875585,8680.65,9409.0,0.0,25.76736368885589,25.82426608259441,27.61652394098655,205876.88028888343,224657.3154336215,308140.3565366488,3015.0855743469906,3290.919472620048,4511.949407308221,29442065.95719003,25182705.105451938,120383490.7106004,121366730.39332259,126645043.25314575,1761873.983302813,1776461.0488144057,1854003.0292391395,50453.8
36.87280541666667,37.77020746399696,0.02433777514863723,125637.93898972224,50147.015366666674,75490.92362305557,94363.65452881945,3407.333333333333,1360.0,2047.3333333333333,2559.1666666666665,0.2751004784688994,8686.5,9534.666666666666,0.0,25.76736368885589,25.82426608259441,27.20328488803203,206027.61936646324,227902.56487133418,295130.007019937,3017.3122767038826,3337.985608305921,4320.252596348724,29442065.95719003,25182705.105451938,120383490.7106004,121366730.39332259,126645043.25314575,1761873.983302813,1776461.0488144057,1854003.0292391395,50453.8
34.561123833333326,34.482618911307824,-0.0022714805920109665,94420.99031266665,47003.128413333325,47417.86189933332,59272.327374166656,2732.0,1360.0,1372.0,1715.0,0.14495693779904295,8427.666666666666,9444.666666666666,0.0,25.75975416942929,25.82426608259441,26.11383258779729,199359.25134183333,225578.3809239007,270069.3527383573,2918.8078158492126,3304.277765772272,3953.7566493982044,29442065.95719003,25182705.105451938,120383490.7106004,121366730.39332259,126645043.25314575,1761873.983302813,1776461.0488144057,1854003.0292391395,50453.8
31.62655141666667,32.08327768525018,0.014441228908151709,41158.794013650004,43012.10992666667,-1853.3159130166669,-2316.6448912708333,1301.4,1360.0,-58.6,-73.25,0.0148133971291865,8061.85,9436.5,0.0,25.75975416942929,25.82426608259441,25.82426608259441,189935.90393741993,225367.48275089284,223475.85526034283,2779.607071175184,3301.2190911719963,3273.784652665443,29442065.95719003,25182705.105451938,120383490.7106004,121366730.39332259,126645043.25314575,1761873.983302813,1776461.0488144057,1854003.0292391395,50453.8
28.14683725,28.291246437476026,0.005130565334690496,-14379.280923116668,0.0,-14379.280923116668,-17974.101153895834,-510.86666666666673,0.0,-510.86666666666673,-638.5833333333334,0.0148133971291865,8556.949999999999,8684.666666666666,0.0,25.75975416942929,25.76736368885589,25.75975416942929,202689.55822670436,205980.37919970034,189529.75848001527,2968.0027758217143,3016.614449754429,2773.6075311295494,29442065.95719003,25182705.105451938,120383490.7106004,121366730.39332259,126645043.25314575,1761873.983302813,1776461.0488144057,1854003.0292391395,50453.8
28.003714666666667,28.180078769433234,0.006297882436878812,-14703.817114311112,0.0,-14703.817114311112,-18379.77139288889,-525.0666666666667,0.0,-525.0666666666667,-656.3333333333334,0.0148133971291865,8182.983333333334,8314.25,0.0,25.75975416942929,25.75975416942929,25.61297300334298,193056.26882581014,196437.66588978388,179563.7549588045,2825.70078898879,2875.650447973375,2626.1860501958317,29442065.95719003,25182705.105451938,120383490.7106004,121366730.39332259,126645043.25314575,1761873.983302813,1776461.0488144057,1854003.0292391395,50453.8
27.0490655,27.5717511526172,0.01932361221932793,-22515.46728982838,-4390.790133795043,-18124.677156033336,-22655.84644504167,-832.393536472762,-162.32686980609526,-670.0666666666667,-837.5833333333334,0.028832535885167456,7932.810203139428,7938.0,0.0,25.75975416942929,25.75975416942929,25.5666372614437,186611.87049221853,186745.55838353612,165287.51759305297,2730.5047818255725,2732.479605975279,2415.2374245681585,29442065.95719003,25182705.105451938,120383490.7106004,121366730.39332259,126645043.25314575,1761873.983302813,1776461.0488144057,1854003.0292391395,50453.8
26.558066166666663,26.748408067418435,0.007167009056957404,-51062.308549777765,-35587.80866333332,-15474.499886444444,-19343.124858055555,-1922.6666666666665,-1339.9999999999998,-582.6666666666667,-728.3333333333334,0.14455980861244017,8909.25,7714.916666666667,0.0,25.76736368885589,25.61297300334298,25.5666372614437,211767.2996281559,181023.69441999504,162377.18205145863,3102.098251062457,2647.8141053879704,2373.0286295247474,29442065.95719003,25182705.105451938,120383490.7106004,121366730.39332259,126645043.25314575,1761873.983302813,1776461.0488144057,1854003.0292391395,50453.8
25.981159083333335,26.194227321849635,0.008200875019967217,-42609.10089666667,-34814.75317166667,-7794.3477250000005,-9742.934656250001,-1640.0,-1340.0,-300.0,-375.0,0.2602870813397129,8786.75,7521.75,0.0,25.76736368885589,25.61297300334298,25.5666372614437,208610.79757627106,176076.12180151592,166472.10511949984,3055.47072307626,2574.519029459057,2432.417578333998,29442065.95719003,25182705.105451938,120383490.7106004,121366730.39332259,126645043.25314575,1761873.983302813,1776461.0488144057,1854003.0292391395,50453.8
27.928215500000004,28.0759955051849,0.005291423119565117,-4258.121923233334,0.0,-4258.121923233334,-5322.652404041668,-152.46666666666667,0.0,-152.46666666666667,-190.58333333333334,0.2602870813397129,7795.133333333333,7833.25,0.0,25.61297300334298,25.61297300334298,25.61297300334298,183078.28173774653,184054.5628920573,179173.1571205035,2678.2514824756195,2692.714453886269,2620.399596833023,29442065.95719003,25182705.105451938,120383490.7106004,121366730.39332259,126645043.25314575,1761873.983302813,1776461.0488144057,1854003.0292391395,50453.8
31.735752416666667,31.28780732060456,-0.0141148408955592,65111.18537486112,43160.62328666667,21950.56208819445,27438.202610243057,2051.666666666667,1360.0,691.6666666666667,864.5833333333334,0.13014354066985645,7030.583333333332,8217.666666666666,0.0,25.5666372614437,25.75975416942929,25.76736368885589,163502.1140909621,193949.70296625316,216225.05354632798,2389.3435956908675,2838.898508687485,3167.947739565413,29442065.95719003,25182705.105451938,120383490.7106004,121366730.39332259,126645043.25314575,1761873.983302813,1776461.0488144057,1854003.0292391395,50453.8
33.97437241666667,34.09497796734703,0.0035498978230187536,120350.81684880002,46205.14648666667,74145.67036213334,92682.08795266667,3542.4,1360.0,2182.4,2728.0,0.0,7999.016666666666,8813.416666666666,0.0,25.75975416942929,25.76736368885589,27.11191162055051,188317.33271710746,209297.92727464053,280103.48091741465,2755.6976991117144,3065.620933250126,4100.859456940789,29442065.95719003,25182705.105451938,120383490.7106004,121366730.39332259,126645043.25314575,1761873.983302813,1776461.0488144057,1854003.0292391395,50453.8
18.882188,18.70213537202506,-0.0095355807269231,-34245.99496933333,-25302.13192,-8943.863049333335,-11179.828811666666,-1813.6666666666667,-1340.0,-473.66666666666674,-592.0833333333334,0.11572727272727273,7969.083333333334,6771.5,24.0,25.75975416942929,25.5666372614437,25.5666372614437,187546.25740896922,156878.2244871431,141740.64467526332,2744.3074518369162,2293.276872564978,2073.7355191364004,29442065.95719003,25182705.105451938,120383490.7106004,121366730.39332259,126645043.25314575,1761873.983302813,1776461.0488144057,1854003.0292391395,50453.8
10.849704666666668,10.965949086624896,0.01071406305789731,-43948.53703644445,-14538.604253333335,-29409.93278311112,-36762.415978888894,-4050.666666666667,-1340.0,-2710.666666666667,-3388.3333333333335,0.23145454545454547,4719.75,4349.416666666667,292.0,24.93911478187209,24.93911478187209,20.03603785638579,104843.68399163455,95607.89848408126,15744.152603310726,1529.2796388611487,1394.940357560523,231.57120566326984,29442065.95719003,25182705.105451938,120383490.7106004,121366730.39332259,126645043.25314575,1761873.983302813,1776461.0488144057,1854003.0292391395,50453.8
12.743150583333334,12.771650380280505,0.0022364796492671856,-62760.86616628889,-17075.821781666666,-45685.044384622226,-57106.30548077777,-4925.066666666667,-1340.0,-3585.0666666666666,-4481.333333333333,0.3471818181818182,4505.983333333334,4102.25,40.0,24.93911478187209,24.9331021921135,0.0,99512.53255509638,89444.87580705307,0.0,1451.735281437124,1307.0951755182864,0.0,29442065.95719003,25182705.105451938,120383490.7106004,121366730.39332259,126645043.25314575,1761873.983302813,1776461.0488144057,1854003.0292391395,50453.8
11.249745499999998,11.421106480965998,0.015232431788434793,-60559.629975599986,-15074.658969999991,-45484.9710056,-56856.21375699999,-5383.2,-1339.9999999999995,-4043.2000000000003,-5054.0,0.4629090909090909,3775.45,3448.25,2.0,24.9331021921135,24.77651648406875,0.0,81296.73801067038,73172.00321708058,0.0,1191.8042361513023,1074.8270218104026,0.0,29442065.95719003,25182705.105451938,120383490.7106004,121366730.39332259,126645043.25314575,1761873.983302813,1776461.0488144057,1854003.0292391395,50453.8
11.018887000000001,10.97766965148806,-0.003740609057152566,-60314.44906813334,-14765.30858,-45549.140488133344,-56936.425610166676,-5473.733333333334,-1340.0,-4133.733333333334,-5167.166666666667,0.5786363636363636,3410.7333333333336,3107.166666666667,3.0,24.77651648406875,24.77651648406875,0.0,72242.4709069866,64721.14638630613,0.0,1061.3196479731848,952.0245315488919,0.0,29442065.95719003,25182705.105451938,120383490.7106004,121366730.39332259,126645043.25314575,1761873.983302813,1776461.0488144057,1854003.0292391395,50453.8
3.9197294166666663,4.038547829131495,0.03031291189631967,-21551.97890930555,-5252.437418333329,-16299.541490972222,-20374.426863715278,-5498.333333333333,-1339.999999999999,-4158.333333333334,-5197.916666666667,0.6943636363636363,3369.083333333333,3365.666666666667,297.0,24.77651648406875,24.77651648406875,0.0,71210.52899542512,71125.8758974379,0.0,1046.3241227758472,1045.0939976596192,0.0,29442065.95719003,25182705.105451938,120383490.7106004,121366730.39332259,126645043.25314575,1761873.983302813,1776461.0488144057,1854003.0292391395,50453.8
-6.308047333333334,-6.544514317289931,0.03748655827407093,26176.714287377778,8452.783426666667,17723.930860711112,22154.913575888888,-4149.733333333334,-1340.0,-2809.7333333333336,-3512.1666666666665,0.810090909090909,3271.75,3271.75,637.5666666666671,24.77651648406875,24.77651648406875,0.0,68798.94805764244,68798.94805764244,0.0,1011.2805584891516,1011.2805584891516,0.0,29442065.95719003,25182705.105451938,120383490.7106004,121366730.39332259,126645043.25314575,1761873.983302813,1776461.0488144057,1854003.0292391395,50453.8
-22.182479166666667,-21.60926614718369,-0.02584080053343802,59697.48793333334,29724.522083333333,29972.96585,37466.2073125,-2691.2,-1340.0,-1351.2,-1689.0,0.9258181818181817,3781.75,3781.75,1002.1999999999998,24.9331021921135,24.9331021921135,23.50856173255272,81453.8165544807,81453.8165544807,40252.86610274877,1194.0267970999316,1194.0267970999316,590.8839251987299,29442065.95719003,25182705.105451938,120383490.7106004,121366730.39332259,126645043.25314575,1761873.983302813,1776461.0488144057,1854003.0292391395,50453.8
25.957264249999998,25.31088158350038,-0.024901802450141508,-11077.196942372735,-22295.926551222736,11218.72960885,14023.412011062499,-426.7474736815817,-858.9474736815818,432.20000000000005,540.25,1.0,5867.914140348249,5282.916666666667,382.0,25.48822338165023,25.25880638621389,25.48822338165023,133786.55438832345,118971.74941218113,132646.02078336276,1957.1463637011022,1737.0599651003768,1940.169404858353,29442065.95719003,25182705.105451938,120383490.7106004,121366730.39332259,126645043.25314575,1761873.983302813,1776461.0488144057,1854003.0292391395,50453.8
46.765393749999994,46.005189843529784,-0.016255693484248938,217995.32411916665,63600.93549999999,154394.38861916665,192992.9857739583,4661.466666666667,1360.0,3301.4666666666667,4126.833333333333,0.8698564593301435,8768.116666666665,9302.75,0.0,25.76736368885589,25.82426608259441,27.69424401284482,208130.66569953534,221913.48716234585,331996.21374076366,3048.378263717271,3251.1254918511568,4860.29713114328,29442065.95719003,25182705.105451938,120383490.7106004,121366730.39332259,126645043.25314575,1761873.983302813,1776461.0488144057,1854003.0292391395,50453.8
40.687050416666665,40.461139804812646,-0.005552395898462133,238499.35213241665,55334.38856666666,183164.96356575,228956.2044571875,5861.8,1360.0,4501.8,5627.25,0.7397129186602871,10355.78333333333,10590.33333333333,0.0,25.82698149808759,26.11383258779729,30.01518319798134,249108.5486589739,255201.877385038,410596.77550097456,3645.873594061863,3734.977176226326,6019.324426400637,29442065.95719003,25182705.105451938,120383490.7106004,121366730.39332259,126645043.25314575,1761873.983302813,1776461.0488144057,1854003.0292391395,50453.8
41.561463749999994,40.21318707427438,-0.03244054838481517,211719.63787099998,56523.59069999999,155196.04717099998,193995.05896375,5094.133333333333,1360.0,3734.1333333333337,4667.666666666667,0.6095693779904306,10212.450000000004,10638.91666666667,0.0,25.82698149808759,26.11383258779729,28.07250962091945,245406.6813109149,256470.574418262,384361.28161665064,3592.0804209905978,3753.6464433310125,5631.483085842351,29442065.95719003,25182705.105451938,120383490.7106004,121366730.39332259,126645043.25314575,1761873.983302813,1776461.0488144057,1854003.0292391395,50453.8
41.4610225,41.69479483700973,0.00563836400826178,190615.66890966668,56386.9906,134228.6783096667,167785.84788708334,4597.466666666667,1360.0,3237.466666666667,4046.8333333333335,0.4794258373205742,10180.783333333336,10731.41666666667,0.0,25.82698149808759,26.11383258779729,28.07250962091945,244588.82689680875,258886.10393263324,369529.6390335982,3580.1958827539215,3789.1917031701205,5411.132317839083,29442065.95719003,25182705.105451938,120383490.7106004,121366730.39332259,126645043.25314575,1761873.983302813,1776461.0488144057,1854003.0292391395,50453.8
41.35577591666666,40.957598629932825,-0.009628093728338658,187239.6539885722,56243.85524666666,130995.79874190553,163744.7484273819,4527.533333333333,1360.0,3167.5333333333333,3959.4166666666665,0.34928229665071775,10205.383333333333,10773.5,0.0,25.82698149808759,26.11383258779729,28.07250962091945,245224.17064166162,259985.0610540363,368257.01859744976,3589.42829245778,3805.3631952590827,5392.225248786435,29442065.95719003,25182705.105451938,120383490.7106004,121366730.39332259,126645043.25314575,1761873.983302813,1776461.0488144057,1854003.0292391395,50453.8
41.964558583333336,40.81544961478602,-0.027382844174695976,132219.13354712777,57071.799673333335,75147.33387379444,93934.16734224306,3150.7333333333336,1360.0,1790.7333333333333,2238.4166666666665,0.2191387559808613,10141.516666666663,11053.83333333333,0.0,25.82698149808759,26.11383258779729,27.69424401284482,243574.687423317,267305.63878948207,328192.8708963329,3565.459055340441,3913.087748501206,4805.190868592628,29442065.95719003,25182705.105451938,120383490.7106004,121366730.39332259,126645043.25314575,1761873.983302813,1776461.0488144057,1854003.0292391395,50453.8
37.86780058333333,37.68019510683841,-0.004954221623779509,30862.257475416664,0.0,30862.257475416664,38577.821844270824,815.0,0.0,815.0,1018.75,0.2191387559808613,11170.33333333333,10966.58333333333,0.0,26.11383258779729,26.11383258779729,27.20328488803203,270347.90028596047,265027.20689619676,292178.45060958544,3957.855562244515,3879.5599223286426,4277.153625637715,29442065.95719003,25182705.105451938,120383490.7106004,121366730.39332259,126645043.25314575,1761873.983302813,1776461.0488144057,1854003.0292391395,50453.8
34.97867433333334,35.723830342706385,0.021303151808213152,-17701.108331827134,-16665.739571560465,-1035.3687602666669,-1294.2109503333336,-506.05429362880835,-476.45429362880833,-29.6,-37.0,0.2602870813397129,11093.304293628807,10624.25,0.0,26.11383258779729,26.11383258779729,26.11383258779729,268336.3768387177,256087.57154030757,255121.35973455905,3928.2553759585235,3748.010438167333,3733.79233423169,29442065.95719003,25182705.105451938,120383490.7106004,121366730.39332259,126645043.25314575,1761873.983302813,1776461.0488144057,1854003.0292391395,50453.8
37.45787516666667,37.77425406744734,0.008446258613788367,-6942.192864222223,0.0,-6942.192864222223,-8677.741080277778,-185.33333333333334,0.0,-185.33333333333334,-231.66666666666666,0.2602870813397129,9795.583333333332,9841.916666666666,0.0,25.82426608259441,25.82426608259441,25.82426608259441,234640.54629671777,235837.07062521132,229854.44898274363,3435.7071406881932,3453.060437399961,3366.293953841124,29442065.95719003,25182705.105451938,120383490.7106004,121366730.39332259,126645043.25314575,1761873.983302813,1776461.0488144057,1854003.0292391395,50453.8
38.00178666666667,37.004999004103574,-0.026230021006812914,-5403.854064000001,0.0,-5403.854064000001,-6754.81758,-142.20000000000002,0.0,-142.20000000000002,-177.75,0.2602870813397129,8897.116666666667,8932.666666666666,0.0,25.76736368885589,25.76736368885589,25.76736368885589,211454.6556153978,212370.6853945366,207790.53649884247,3097.4799054333484,3111.0114043713834,3043.3539096812074,29442065.95719003,25182705.105451938,120383490.7106004,121366730.39332259,126645043.25314575,1761873.983302813,1776461.0488144057,1854003.0292391395,50453.8
37.95685158333334,37.15628141982371,-0.021091585052885584,-7614.1444276166685,0.0,-7614.1444276166685,-9517.680534520834,-200.60000000000002,0.0,-200.60000000000002,-250.75,0.2602870813397129,8535.35,8585.5,0.0,25.75975416942929,25.76736368885589,25.75975416942929,202133.1475366447,203425.1156338888,196965.7408502572,2959.7835327993657,2978.868355670365,2883.451118434401,29442065.95719003,25182705.105451938,120383490.7106004,121366730.39332259,126645043.25314575,1761873.983302813,1776461.0488144057,1854003.0292391395,50453.8
37.17601633333334,37.63053047722064,0.012226004524313914,-8751.234244866668,0.0,-8751.234244866668,-10939.042806083335,-235.4,0.0,-235.4,-294.25,0.2602870813397129,8335.316666666666,8394.166666666666,0.0,25.75975416942929,25.75975416942929,25.75975416942929,196980.3380442865,198496.29957715742,190916.49191280286,2883.666746723567,2906.0603787543655,2794.092218600373,29442065.95719003,25182705.105451938,120383490.7106004,121366730.39332259,126645043.25314575,1761873.983302813,1776461.0488144057,1854003.0292391395,50453.8
38.83135,40.11723085858409,0.033114503064768146,3111.685513333334,0.0,3111.685513333334,3889.606891666667,80.13333333333334,0.0,80.13333333333334,100.16666666666667,0.2602870813397129,8692.949999999999,8672.916666666666,0.0,25.76736368885589,25.76736368885589,25.76736368885589,206193.81886225633,205677.61267635628,208258.64360585666,3019.767358789686,3012.1420133965694,3050.2687403621535,29442065.95719003,25182705.105451938,120383490.7106004,121366730.39332259,126645043.25314575,1761873.983302813,1776461.0488144057,1854003.0292391395,50453.8
44.175237833333334,45.58239181968669,0.031853908555339046,125083.65843301112,60078.32345333333,65005.334979677784,81256.66872459723,2831.5333333333338,1360.0,1471.5333333333335,1839.4166666666667,0.13014354066985645,8077.299999999999,9069.416666666666,0.0,25.75975416942929,25.76736368885589,26.11383258779729,190333.8921393376,215894.37237898764,263519.1330642515,2785.486113059225,3163.06295091924,3857.36815199666,29442065.95719003,25182705.105451938,120383490.7106004,121366730.39332259,126645043.25314575,1761873.983302813,1776461.0488144057,1854003.0292391395,50453.8
57.62637766666666,56.22301185985207,-0.02435283742684997,217408.95590228887,78371.87362666667,139037.0822756222,173796.35284452775,3772.733333333333,1360.0,2412.733333333333,3015.9166666666665,0.0,8928.016666666666,9684.833333333334,0.0,25.76736368885589,25.82426608259441,27.61652394098655,212250.8671533834,231780.50882807048,311827.1624827705,3109.241461472315,3394.2277677926204,4566.462716657227,29442065.95719003,25182705.105451938,120383490.7106004,121366730.39332259,126645043.25314575,1761873.983302813,1776461.0488144057,1854003.0292391395,50453.8
29.37344941666667,29.486822570011118,0.003859715341437395,-54319.34089126112,-39360.42221833334,-14958.91867292778,-18698.648341159726,-1849.2666666666667,-1340.0,-509.2666666666667,-636.5833333333334,0.11572727272727273,10012.516666666666,8799.833333333334,0.0,25.82698149808759,25.76736368885589,25.75975416942929,240243.0068100638,208947.9205845336,192547.9430102001,3517.0451995763005,3060.4506699428134,2818.19185091899,29442065.95719003,25182705.105451938,120383490.7106004,121366730.39332259,126645043.25314575,1761873.983302813,1776461.0488144057,1854003.0292391395,50453.8
17.286357916666667,16.998062149247016,-0.01667764654703169,-66441.84528850002,-23163.719608333333,-43278.125680166675,-54097.65710020834,-3843.6000000000004,-1340.0,-2503.6000000000004,-3129.5,0.23145454545454547,6065.1,5370.0,19.0,25.5666372614437,25.25880638621389,24.01116483795021,138817.9519256593,121171.37046831392,43769.87239518734,2031.3475066616186,1769.739294466011,642.7617777370143,29442065.95719003,25182705.105451938,120383490.7106004,121366730.39332259,126645043.25314575,1761873.983302813,1776461.0488144057,1854003.0292391395,50453.8
19.66481333333333,19.587986486318428,-0.003906818016150423,-100748.08265688887,-26350.849866666664,-74397.23279022222,-92996.54098777776,-5123.266666666666,-1340.0,-3783.2666666666664,-4729.083333333333,0.3471818181818182,5180.433333333333,4812.25,26.0,25.25880638621389,24.93911478187209,14.5458879387884,116383.14273770063,107150.55210895772,568.495762652699,1698.6015543311353,1562.8342298250764,8.315410740633302,29442065.95719003,25182705.105451938,120383490.7106004,121366730.39332259,126645043.25314575,1761873.983302813,1776461.0488144057,1854003.0292391395,50453.8
19.96234158333333,19.772602341314244,-0.009504858997979527,-114464.06663883332,-26749.537721666664,-87714.52891716665,-109643.16114645831,-5734.0,-1340.0,-4394.0,-5492.5,0.46290909090909094,4907.416666666667,4690.916666666667,25.0,24.93911478187209,24.93911478187209,0.0,109523.92453236588,104124.60618209059,0.0,1597.3561603483247,1518.8202798759967,0.0,29442065.95719003,25182705.105451938,120383490.7106004,121366730.39332259,126645043.25314575,1761873.983302813,1776461.0488144057,1854003.0292391395,50453.8
18.95524275,18.559120695265765,-0.020897756887562628,-108195.26193415,-25400.025285,-82795.23664915,-103494.0458114375,-5707.933333333333,-1340.0,-4367.933333333333,-5459.916666666667,0.5786363636363636,4784.599999999999,4554.583333333333,18.0,24.93911478187209,24.93911478187209,0.0,106460.98558523894,100724.57353349534,0.0,1552.8041277693724,1469.365044905739,0.0,29442065.95719003,25182705.105451938,120383490.7106004,121366730.39332259,126645043.25314575,1761873.983302813,1776461.0488144057,1854003.0292391395,50453.8
19.583470666666667,19.437170157913584,-0.0074706118871003535,-108566.84468186666,-26241.850693333316,-82324.99398853334,-102906.24248566666,-5543.799999999999,-1339.999999999999,-4203.8,-5254.75,0.6943636363636363,4715.549999999999,4434.5,8.0,24.93911478187209,24.93911478187209,0.0,104738.93970955067,97729.80150010553,0.0,1527.7560790552188,1425.8045353750906,0.0,29442065.95719003,25182705.105451938,120383490.7106004,121366730.39332259,126645043.25314575,1761873.983302813,1776461.0488144057,1854003.0292391395,50453.8
19.092223083333334,18.46791149203571,-0.03269978506812129,-98058.93057087221,-25583.57893166665,-72475.35163920556,-90594.18954900694,-5136.066666666666,-1339.999999999999,-3796.0666666666666,-4745.083333333333,0.810090909090909,5144.4,4821.416666666667,68.0,25.25880638621389,24.93911478187209,14.5458879387884,115472.98374758405,107379.16066112489,469.0988617376494,1685.0795045534314,1566.1594595602405,6.848535662302025,29442065.95719003,25182705.105451938,120383490.7106004,121366730.39332259,126645043.25314575,1761873.983302813,1776461.0488144057,1854003.0292391395,50453.8
13.263754,12.86148772809844,-0.030328236779840798,-61249.36322120001,-17773.430360000002,-43475.9328612,-54344.916076500005,-4617.8,-1340.0,-3277.8,-4097.25,0.9258181818181817,5295.75,5295.75,520.5500000000002,25.25880638621389,25.25880638621389,20.6385788755554,119295.90409413753,119295.90409413753,20511.387286251982,1741.875866270049,1741.875866270049,301.2234989247293,29442065.95719003,25182705.105451938,120383490.7106004,121366730.39332259,126645043.25314575,1761873.983302813,1776461.0488144057,1854003.0292391395,50453.8
33.168419916666664,33.614467415223366,0.013447957414835144,-25621.96778463625,-28489.930493430693,2867.962708794444,3584.9533859930552,-772.4808070149151,-858.9474736815818,86.46666666666667,108.08333333333333,1.0,7029.397473681582,6293.833333333333,145.0,25.5666372614437,25.5666372614437,25.5666372614437,163471.79564740282,144665.8940885935,147429.22146593453,2388.9038852341387,2116.1606110797406,2156.2373366809884,29442065.95719003,25182705.105451938,120383490.7106004,121366730.39332259,126645043.25314575,1761873.983302813,1776461.0488144057,1854003.0292391395,50453.8
49.507899916666666,48.72657147940102,-0.015781894174077427,268171.0917419389,67330.74388666666,200840.34785527224,251050.4348190903,5416.733333333334,1360.0,4056.7333333333336,5070.916666666667,0.8698564593301435,8198.849999999999,8544.666666666666,0.0,25.75975416942929,25.75975416942929,27.70318112949341,193464.9902586317,202373.14257965653,337148.37879002036,2831.7383810854535,2963.328715553604,4936.218258226804,29442065.95719003,25182705.105451938,120383490.7106004,121366730.39332259,126645043.25314575,1761873.983302813,1776461.0488144057,1854003.0292391395,50453.8
48.63880025000001,48.28114019365806,-0.007353389773259179,329359.25718621677,66148.76834000001,263210.48884621676,329013.1110577709,6771.533333333334,1360.0,5411.533333333334,6764.416666666667,0.7397129186602871,9044.633333333333,9051.75,0.0,25.76736368885589,25.76736368885589,29.19634804478695,215255.7712155655,215439.14895381787,398831.2399046884,3153.6295993389035,3156.3384366790538,5844.779435932206,29442065.95719003,25182705.105451938,120383490.7106004,121366730.39332259,126645043.25314575,1761873.983302813,1776461.0488144057,1854003.0292391395,50453.8
47.86473725,47.448436560107375,-0.008697440199415816,282127.5252814333,65096.04266,217031.4826214333,271289.35327679163,5894.266666666666,1360.0,4534.266666666666,5667.833333333333,0.6095693779904306,8893.400000000001,9119.833333333334,0.0,25.76736368885589,25.76736368885589,28.07250962091945,211358.88691368757,217193.4769649675,369793.98849919514,3096.0652198903663,3182.253192029206,5415.059705344503,29442065.95719003,25182705.105451938,120383490.7106004,121366730.39332259,126645043.25314575,1761873.983302813,1776461.0488144057,1854003.0292391395,50453.8
53.985842999999996,54.871539112326445,0.016406080985462344,287233.4772096,73420.74647999999,213812.7307296,267265.913412,5320.533333333334,1360.0,3960.5333333333338,4950.666666666667,0.4794258373205742,9096.716666666667,9466.583333333334,0.0,25.76736368885589,25.82426608259441,27.96344616076303,216597.82140769344,226144.36275554425,359425.4282461241,3173.4542285847356,3312.4862496485216,5264.386117220048,29442065.95719003,25182705.105451938,120383490.7106004,121366730.39332259,126645043.25314575,1761873.983302813,1776461.0488144057,1854003.0292391395,50453.8
50.92170924999999,48.921615223115126,-0.03927782582995033,222687.42411148327,69253.52457999998,153433.8995314833,191792.37441435413,4373.133333333333,1360.0,3013.133333333333,3766.4166666666665,0.34928229665071775,9228.449999999999,9835.166666666666,0.0,25.82426608259441,25.82426608259441,27.70318112949341,219994.74419240907,235662.7568291538,336760.53425420745,3223.2977951817106,3450.5323492099374,4930.445155568756,29442065.95719003,25182705.105451938,120383490.7106004,121366730.39332259,126645043.25314575,1761873.983302813,1776461.0488144057,1854003.0292391395,50453.8
51.06366441666666,51.08438976496752,0.00040587271864659866,164247.97871835553,69446.58360666665,94801.39511168888,118501.7438896111,3216.5333333333333,1360.0,1856.5333333333333,2320.6666666666665,0.2191387559808613,9292.716666666664,10188.58333333333,0.0,25.82426608259441,25.82698149808759,27.61652394098655,221654.38369265042,244790.27735249366,306538.5981480715,3247.36769162796,3583.1232321722164,4488.265722347603,29442065.95719003,25182705.105451938,120383490.7106004,121366730.39332259,126645043.25314575,1761873.983302813,1776461.0488144057,1854003.0292391395,50453.8
42.376174416666665,43.069651013414685,0.01636477587451293,8071.248687227779,0.0,8071.248687227779,10089.060859034722,190.4666666666667,0.0,190.4666666666667,238.08333333333334,0.2191387559808613,10151.116666666667,10103.5,0.0,25.82698149808759,25.82698149808759,25.82698149808759,243822.62644569873,242592.83167669814,248741.80552170117,3569.0619469321928,3551.1913544363074,3640.5443169157347,29442065.95719003,25182705.105451938,120383490.7106004,121366730.39332259,126645043.25314575,1761873.983302813,1776461.0488144057,1854003.0292391395,50453.8
37.68366833333334,39.01050492245617,0.03520985742115696,-64406.41367077779,-50496.115566666675,-13910.298104111114,-17387.872630138892,-1709.1333333333334,-1340.0,-369.1333333333334,-461.4166666666667,0.33486602870813403,10926.050000000001,9678.333333333334,0.0,26.11383258779729,25.82426608259441,25.82426608259441,263968.7262153048,231612.65109853362,219696.90432358987,3863.9840535126605,3391.7933124985234,3218.978197582955,29442065.95719003,25182705.105451938,120383490.7106004,121366730.39332259,126645043.25314575,1761873.983302813,1776461.0488144057,1854003.0292391395,50453.8
38.47696858333334,38.107992445445944,-0.009589532426086612,-61055.25374803334,-51559.137901666676,-9496.115846366669,-11870.144807958335,-1586.8,-1340.0,-246.8,-308.5,0.45059330143540677,10524.55,9246.25,0.0,26.11383258779729,25.82426608259441,25.76736368885589,253484.02243130415,220454.41612867927,212501.6694932883,3709.698412156965,3229.9644573716996,3112.9462881857767,29442065.95719003,25182705.105451938,120383490.7106004,121366730.39332259,126645043.25314575,1761873.983302813,1776461.0488144057,1854003.0292391395,50453.8
41.167161666666665,41.498488898936074,0.008048338016407225,-4723.245681888889,0.0,-4723.245681888889,-5904.05710236111,-114.73333333333333,0.0,-114.73333333333333,-143.41666666666666,0.45059330143540677,8391.566666666668,8420.25,0.0,25.75975416942929,25.75975416942929,25.75975416942929,198429.32421631695,199168.1998317434,195473.8217546111,2905.071025427602,2915.985622064533,2861.412638879877,29442065.95719003,25182705.105451938,120383490.7106004,121366730.39332259,126645043.25314575,1761873.983302813,1776461.0488144057,1854003.0292391395,50453.8
41.212361249999994,39.27570697607771,-0.04699207264961755,-62565.859358999995,-55224.564074999995,-7341.295283999999,-9176.619104999998,-1518.1333333333332,-1340.0,-178.13333333333333,-222.66666666666666,0.5663205741626796,9496.133333333333,8200.666666666666,0.0,25.82426608259441,25.75975416942929,25.75975416942929,226907.4698182849,193511.78714537286,187775.94855031327,3323.5536579470695,2832.4296600124876,2747.7004263870363,29442065.95719003,25182705.105451938,120383490.7106004,121366730.39332259,126645043.25314575,1761873.983302813,1776461.0488144057,1854003.0292391395,50453.8
43.88008233333333,43.4361274823025,-0.010117457110912829,40322.138990805644,46637.94550798342,-6315.806517177777,-7894.758146472221,918.9166666666688,1062.8500000000022,-143.93333333333334,-179.91666666666666,0.4646124401913875,7204.08333333333,8302.916666666666,0.0,25.61297300334298,25.75975416942929,25.75975416942929,167939.7340441206,196145.72200919702,191511.11290488052,2453.9837277157358,2871.3378821900433,2802.875900379658,29442065.95719003,25182705.105451938,120383490.7106004,121366730.39332259,126645043.25314575,1761873.983302813,1776461.0488144057,1854003.0292391395,50453.8
59.930497916666674,59.0057151892194,-0.015430920142415353,119045.94106166669,81505.47716666668,37540.46389500001,46925.57986875001,1986.4,1360.0,626.4000000000001,783.0,0.334468899521531,7099.766666666666,8303.166666666666,0.0,25.5666372614437,25.75975416942929,25.76736368885589,165270.899278833,196152.16194773937,216325.97572077598,2414.9964080225222,2871.433012317617,3169.4385516846996,29442065.95719003,25182705.105451938,120383490.7106004,121366730.39332259,126645043.25314575,1761873.983302813,1776461.0488144057,1854003.0292391395,50453.8
67.82520058333334,69.09961529686296,0.018789693249249,172018.27371945002,92242.27279333334,79776.00092611669,99720.00115764585,2536.2,1360.0,1176.2,1470.25,0.20432535885167458,7793.466666666666,8859.416666666666,0.0,25.61297300334298,25.76736368885589,25.82698149808759,183035.5934494076,210483.2260043279,248434.03399218226,2677.6190832009956,3083.130045800045,3636.0719775266693,29442065.95719003,25182705.105451938,120383490.7106004,121366730.39332259,126645043.25314575,1761873.983302813,1776461.0488144057,1854003.0292391395,50453.8
91.19456799999999,91.19456799999999,0.021863119762624096,243027.4440821333,124024.61247999998,119002.83160213333,148753.53950266665,2664.9333333333334,1360.0,1304.9333333333334,1631.1666666666667,0.07418181818181813,8670.65,9704.416666666666,0.0,25.76736368885589,25.82426608259441,26.11383258779729,205619.20665199487,232286.2340388546,274663.211121094,3011.279245531791,3401.5623446402196,4021.3566886057324,29442065.95719003,25182705.105451938,120383490.7106004,121366730.39332259,126645043.25314575,1761873.983302813,1776461.0488144057,1854003.0292391395,50453.8
35.26439941666666,34.36644525196972,-0.025463475333498766,-69047.69405783332,-47254.295218333325,-21793.398839499998,-27241.748549374995,-1958.0,-1340.0,-618.0,-772.5,0.18990909090909086,8026.583333333333,7408.083333333333,567.0,25.75975416942929,25.61297300334298,25.5666372614437,189027.4432737114,173164.7805368026,153403.29237269188,2766.1873811788173,2531.3893989297053,2242.8796948813733,29442065.95719003,25182705.105451938,120383490.7106004,121366730.39332259,126645043.25314575,1761873.983302813,1776461.0488144057,1854003.0292391395,50453.8
18.679246583333335,18.236916551287152,-0.02368029299644541,-71120.6087244889,-25030.19042166667,-46090.41830282223,-57613.02287852779,-3807.466666666667,-1340.0,-2467.466666666667,-3084.3333333333335,0.3056363636363636,5262.083333333333,5262.083333333333,723.1333333333337,25.25880638621389,25.25880638621389,24.01116483795021,118445.52427913499,118445.52427913499,42263.17180160595,1729.241943721038,1729.241943721038,620.3983457065783,29442065.95719003,25182705.105451938,120383490.7106004,121366730.39332259,126645043.25314575,1761873.983302813,1776461.0488144057,1854003.0292391395,50453.8
13.385487833333334,13.711395903241524,0.024347866433122794,-63953.18377010001,-17936.55369666667,-46016.63007343334,-57520.78759179167,-4777.8,-1340.0,-3437.8,-4297.25,0.42136363636363633,4715.716666666667,4604.166666666667,369.0,24.93911478187209,24.93911478187209,15.44287933987417,104743.09622868101,101961.13797476317,3978.20228672235,1527.8165377776768,1487.3515148368535,58.837058671867794,29442065.95719003,25182705.105451938,120383490.7106004,121366730.39332259,126645043.25314575,1761873.983302813,1776461.0488144057,1854003.0292391395,50453.8
16.51006741666667,16.64586545838859,0.008225165790954735,-83048.94111931667,-22123.490338333337,-60925.450780983345,-76156.81347622917,-5030.200000000001,-1340.0,-3690.2000000000003,-4612.75,0.5370909090909091,4422.450000000001,4071.0,66.0,24.93911478187209,24.9331021921135,0.0,97429.285166984,88665.71636354952,0.0,1421.4333697414115,1296.0705676381817,0.0,29442065.95719003,25182705.105451938,120383490.7106004,121366730.39332259,126645043.25314575,1761873.983302813,1776461.0488144057,1854003.0292391395,50453.8
16.033201916666666,16.311629700775008,0.01736570059776481,-78835.25382424999,-21484.490568333316,-57350.76325591667,-71688.45406989583,-4916.999999999999,-1339.999999999999,-3577.0,-4471.25,0.6528181818181817,4078.583333333332,3632.833333333333,0.0,24.9331021921135,24.77651648406875,0.0,88854.79238850635,77745.33521809825,0.0,1298.7458724837534,1141.2837811383395,0.0,29442065.95719003,25182705.105451938,120383490.7106004,121366730.39332259,126645043.25314575,1761873.983302813,1776461.0488144057,1854003.0292391395,50453.8
22.667588,23.055589230168064,0.01711700557501158,-113912.18556266665,-30374.567919999976,-83537.61764266668,-104422.02205333333,-5025.333333333333,-1339.999999999999,-3685.333333333334,-4606.666666666667,0.7685454545454544,3815.083333333333,3644.416666666667,248.0,24.9331021921135,24.77651648406875,0.0,82284.91996088446,78032.32986737206,0.0,1205.7863788387099,1145.4542053128694,0.0,29442065.95719003,25182705.105451938,120383490.7106004,121366730.39332259,126645043.25314575,1761873.983302813,1776461.0488144057,1854003.0292391395,50453.8
24.391778833333333,24.588687868381644,0.008072762400551922,-104204.93141317778,-32684.983636666668,-71519.94777651111,-89399.93472063889,-4272.133333333333,-1340.0,-2932.133333333333,-3665.1666666666665,0.8842727272727271,3692.8833333333337,3689.916666666667,604.0,24.9331021921135,24.9331021921135,3.973937686257979,79238.09487300822,79164.12666983828,98.3549577348868,1162.6757521843483,1161.629149409597,1.4264485090262462,29442065.95719003,25182705.105451938,120383490.7106004,121366730.39332259,126645043.25314575,1761873.983302813,1776461.0488144057,1854003.0292391395,50453.8
27.269779749999998,27.771080632246495,0.018383019109147702,-100409.14702481666,-36541.504864999995,-63867.64215981667,-79834.55269977084,-3682.066666666667,-1340.0,-2342.066666666667,-2927.5833333333335,0.9999999999999998,4369.733333333334,4294.25,679.0,24.93911478187209,24.93911478187209,21.54277408637874,96114.57816606629,94232.09065194798,24102.969781649615,1402.3102758280954,1374.9285204270811,353.4994077593913,29442065.95719003,25182705.105451938,120383490.7106004,121366730.39332259,126645043.25314575,1761873.983302813,1776461.0488144057,1854003.0292391395,50453.8
49.65736100000001,48.627287966222,-0.020743612085588056,102625.21273333335,67534.01096000001,35091.20177333334,43864.002216666675,2066.666666666667,1360.0,706.6666666666667,883.3333333333334,0.8698564593301433,4493.666666666666,5677.0,0.0,24.93911478187209,25.26173052740027,25.5666372614437,99205.36579136629,128925.88982205828,151479.40291876823,1447.2673818475125,1884.946635179494,2214.9773947904505,29442065.95719003,25182705.105451938,120383490.7106004,121366730.39332259,126645043.25314575,1761873.983302813,1776461.0488144057,1854003.0292391395,50453.8
54.98178966666668,55.31852096209362,0.006124414964816648,288507.7776442223,74775.23394666669,213732.54369755564,267165.6796219445,5247.333333333334,1360.0,3887.333333333334,4859.166666666667,0.7397129186602869,7591.416666666666,7979.583333333333,0.0,25.61297300334298,25.75975416942929,27.61652394098655,177860.49225408214,187816.7348277482,315638.2427866267,2600.953319138337,2748.302917195002,4622.81355328766,29442065.95719003,25182705.105451938,120383490.7106004,121366730.39332259,126645043.25314575,1761873.983302813,1776461.0488144057,1854003.0292391395,50453.8
51.36011241666666,50.99612303622424,-0.007087005135220496,251346.1181446833,69849.75288666665,181496.36525801665,226870.4565725208,4893.8,1360.0,3533.8,4417.25,0.6095693779904304,7812.116666666666,8288.666666666666,0.0,25.61297300334298,25.75975416942929,27.61652394098655,183513.27539591995,195778.64551228264,311969.8478564656,2684.695631084037,2865.9154649183547,4568.572470202569,29442065.95719003,25182705.105451938,120383490.7106004,121366730.39332259,126645043.25314575,1761873.983302813,1776461.0488144057,1854003.0292391395,50453.8
46.77019483333333,45.37053236321329,-0.02992637672577078,144376.4734375111,0.0,144376.4734375111,180470.59179688885,3086.9333333333334,0.0,3086.9333333333334,3858.6666666666665,0.6095693779904304,8896.9,8125.166666666667,0.0,25.76736368885589,25.75975416942929,27.20328488803203,211449.07268659852,191566.92570558097,292137.64568225347,3097.3974349756854,2803.7003614852956,4276.557787332956,29442065.95719003,25182705.105451938,120383490.7106004,121366730.39332259,126645043.25314575,1761873.983302813,1776461.0488144057,1854003.0292391395,50453.8
53.929640000000006,53.447169773884966,-0.008946290502125349,229776.21949333337,73344.3104,156431.90909333338,195539.8863666667,4260.666666666667,1360.0,2900.666666666667,3625.8333333333335,0.479425837320574,7659.083333333332,8293.916666666666,0.0,25.61297300334298,25.75975416942929,27.20328488803203,179593.63676064168,195913.88422167214,290394.3685090121,2626.6287296880682,2867.913197597398,4251.1022508684655,29442065.95719003,25182705.105451938,120383490.7106004,121366730.39332259,126645043.25314575,1761873.983302813,1776461.0488144057,1854003.0292391395,50453.8
56.28620466666667,55.42808684526996,-0.015245615270714786,202071.22716697783,76549.23834666667,125521.98882031115,156902.4860253889,3590.066666666667,1360.0,2230.066666666667,2787.5833333333335,0.3492822966507175,7531.85,8334.333333333334,0.0,25.61297300334298,25.75975416942929,26.11383258779729,176334.8128288497,196955.00761935327,269083.55555816804,2578.351369063278,2883.2925682217788,3939.250340653056,29442065.95719003,25182705.105451938,120383490.7106004,121366730.39332259,126645043.25314575,1761873.983302813,1776461.0488144057,1854003.0292391395,50453.8
48.51529983333333,48.73828736239493,0.004596231082310947,127769.89364106668,65980.80777333333,61789.08586773334,77236.35733466667,2633.6000000000004,1360.0,1273.6000000000001,1592.0,0.21913875598086108,7391.733333333334,8433.333333333334,0.0,25.61297300334298,25.75975416942929,25.82698149808759,172746.00842819797,199505.22328212677,240574.02262293096,2525.185562045645,2920.964098740879,3521.855310052092,29442065.95719003,25182705.105451938,120383490.7106004,121366730.39332259,126645043.25314575,1761873.983302813,1776461.0488144057,1854003.0292391395,50453.8
42.67783708333334,42.29478329413158,-0.00897547334589151,-33106.620820111115,-57188.301691666675,24081.680871555563,30102.101089444448,-775.7333333333332,-1340.0,564.2666666666668,705.3333333333334,0.3348660287081338,9878.816666666666,8397.75,0.0,25.82426608259441,25.75975416942929,25.76736368885589,236789.98604365904,198588.60536293124,216761.87362317916,3466.8806528387568,2907.4239105829192,3175.877591263746,29442065.95719003,25182705.105451938,120383490.7106004,121366730.39332259,126645043.25314575,1761873.983302813,1776461.0488144057,1854003.0292391395,50453.8
43.877014833333334,43.16845749192377,-0.01614871349158596,-1404.0644746666667,0.0,-1404.0644746666667,-1755.0805933333334,-32.0,0.0,-32.0,-40.0,0.3348660287081338,8296.833333333334,8304.833333333334,0.0,25.75975416942929,25.75975416942929,25.75975416942929,195989.0168379997,196195.0948713551,195164.70470457795,2869.0230490857557,2872.067213168107,2856.8463927563494,29442065.95719003,25182705.105451938,120383490.7106004,121366730.39332259,126645043.25314575,1761873.983302813,1776461.0488144057,1854003.0292391395,50453.8
49.47409191666666,49.45669618011216,-0.0003516130540364104,47996.465704755545,67284.76500666665,-19288.29930191111,-24110.374127388885,970.1333333333333,1360.0,-389.8666666666667,-487.3333333333333,0.20472248803827736,6601.033333333333,8058.5,0.0,25.5666372614437,25.75975416942929,25.61297300334298,152519.965055309,189849.60876095234,177341.82955076447,2230.068738494112,2778.332327465699,2593.2696679516566,29442065.95719003,25182705.105451938,120383490.7106004,121366730.39332259,126645043.25314575,1761873.983302813,1776461.0488144057,1854003.0292391395,50453.8
42.64909141666667,41.37099068415849,-0.029967830264461863,-64742.943247477335,-34558.759615521776,-30184.18363195556,-37730.22953994445,-1518.0380424746095,-810.304709141276,-707.7333333333333,-884.6666666666666,0.27470334928229667,8004.704709141276,7371.333333333333,0.0,25.75975416942929,25.61297300334298,25.5666372614437,188463.85529295867,172223.50377892976,149595.9939738419,2757.8621159367262,2517.4449949242476,2187.662186285051,29442065.95719003,25182705.105451938,120383490.7106004,121366730.39332259,126645043.25314575,1761873.983302813,1776461.0488144057,1854003.0292391395,50453.8
40.814204499999995,42.315863603109925,0.03679256086223438,-22360.742172066664,0.0,-22360.742172066664,-27950.927715083333,-547.8666666666667,0.0,-547.8666666666667,-684.8333333333334,0.27470334928229667,6587.866666666667,6724.833333333333,0.0,25.5666372614437,25.5666372614437,25.5666372614437,152183.3376647,155685.11474827572,138176.22933039704,2225.186608467129,2275.973120570607,2022.0405600532176,29442065.95719003,25182705.105451938,120383490.7106004,121366730.39332259,126645043.25314575,1761873.983302813,1776461.0488144057,1854003.0292391395,50453.8
42.67553108333333,42.52550005834841,-0.003515621743334664,-73985.14572147219,-57185.21165166663,-16799.934069805557,-20999.917587256943,-1733.6666666666658,-1339.999999999999,-393.6666666666667,-492.0833333333333,0.39043062200956935,8111.916666666666,6870.333333333333,0.0,25.75975416942929,25.5666372614437,25.5666372614437,191225.608962836,159405.06046981577,146824.14438408037,2798.6584647239006,2329.9237473244843,2147.4618624552722,29442065.95719003,25182705.105451938,120383490.7106004,121366730.39332259,126645043.25314575,1761873.983302813,1776461.0488144057,1854003.0292391395,50453.8
43.8862095,43.23866574904929,-0.014755062201275536,-2124.0925398000004,0.0,-2124.0925398000004,-2655.11567475,-48.400000000000006,0.0,-48.400000000000006,-60.5,0.39043062200956935,6910.483333333333,6922.583333333333,0.0,25.5666372614437,25.5666372614437,25.5666372614437,160431.56095586275,160740.9172667262,159194.13571240887,2344.8111539510696,2349.297769646753,2326.864691168337,29442065.95719003,25182705.105451938,120383490.7106004,121366730.39332259,126645043.25314575,1761873.983302813,1776461.0488144057,1854003.0292391395,50453.8
54.98988683333332,55.81329466515121,0.014973804807300657,119507.68805865553,74786.24609333332,44721.44196532222,55901.80245665277,2173.266666666667,1360.0,813.2666666666668,1016.5833333333334,0.2602870813397129,5907.4,7064.083333333333,0.0,25.48822338165023,25.5666372614437,25.75975416942929,134792.97879954375,164358.5964392205,190420.61664504136,1972.1270935395842,2401.765217658255,2786.7671987772146,29442065.95719003,25182705.105451938,120383490.7106004,121366730.39332259,126645043.25314575,1761873.983302813,1776461.0488144057,1854003.0292391395,50453.8
60.47211183333334,60.981476995644385,0.00842314162460382,192869.75348123335,82242.07209333334,110627.68138790001,138284.601734875,3189.4,1360.0,1829.4,2286.75,0.13014354066985645,6375.516666666666,7278.166666666667,0.0,25.5666372614437,25.61297300334298,25.82426608259441,146754.26224223242,169837.22846078497,228683.74892033273,2146.448356981316,2482.0938754727704,3349.3151887130643,29442065.95719003,25182705.105451938,120383490.7106004,121366730.39332259,126645043.25314575,1761873.983302813,1776461.0488144057,1854003.0292391395,50453.8
52.097522166666664,51.06933028300446,-0.019735907599844903,78799.23886115555,70852.63014666666,7946.608714488889,9933.26089311111,1512.5333333333333,1360.0,152.53333333333333,190.66666666666666,0.0,3751.55,5073.416666666667,0.0,24.9331021921135,25.25880638621389,25.25880638621389,80700.83686827887,113680.02947426932,118496.04189190744,1183.3726160445983,1658.44194210975,1729.992473773455,29442065.95719003,25182705.105451938,120383490.7106004,121366730.39332259,126645043.25314575,1761873.983302813,1776461.0488144057,1854003.0292391395,50453.8
23.175825083333333,23.512323710123482,0.01451938067275715,-88862.29358952222,-31055.605611666666,-57806.68797785556,-72258.35997231945,-3834.266666666667,-1340.0,-2494.266666666667,-3117.8333333333335,0.11572727272727273,3182.833333333333,3182.833333333333,716.4333333333334,24.77651648406875,24.77651648406875,14.21903580976502,66595.90280026731,66595.90280026731,304.40889116254385,979.2673024156036,979.2673024156036,4.419389214696849,29442065.95719003,25182705.105451938,120383490.7106004,121366730.39332259,126645043.25314575,1761873.983302813,1776461.0488144057,1854003.0292391395,50453.8
15.753673416666665,16.195258535868955,0.028030612767122227,-77836.7998619611,-21109.92237833333,-56726.87748362777,-70908.59685453471,-4940.866666666667,-1340.0,-3600.866666666667,-4501.083333333333,0.23145454545454547,2974.833333333333,2974.833333333333,439.78333333333376,24.77651648406875,24.77651648406875,0.0,61442.38737158102,61442.38737158102,0.0,904.3796855837612,904.3796855837612,0.0,29442065.95719003,25182705.105451938,120383490.7106004,121366730.39332259,126645043.25314575,1761873.983302813,1776461.0488144057,1854003.0292391395,50453.8
14.580450750000002,14.9185364925774,0.023187605676552866,-89267.35167180002,-19537.804005,-69729.54766680002,-87161.93458350001,-6122.400000000001,-1340.0,-4782.400000000001,-5978.0,0.3471818181818182,3188.083333333333,3188.083333333333,144.40000000000055,24.77651648406875,24.77651648406875,0.0,66725.97951180868,66725.97951180868,0.0,981.1574946673688,981.1574946673688,0.0,29442065.95719003,25182705.105451938,120383490.7106004,121366730.39332259,126645043.25314575,1761873.983302813,1776461.0488144057,1854003.0292391395,50453.8
10.673904416666666,10.406963445609518,-0.02500874662511826,-70845.54998792776,-14303.031918333327,-56542.51806959444,-70678.14758699304,-6637.266666666666,-1339.9999999999995,-5297.266666666666,-6621.583333333333,0.4629090909090909,3025.916666666667,3025.916666666667,15.683333333333394,24.77651648406875,24.77651648406875,0.0,62708.05442197554,62708.05442197554,0.0,922.7715562239534,922.7715562239534,0.0,29442065.95719003,25182705.105451938,120383490.7106004,121366730.39332259,126645043.25314575,1761873.983302813,1776461.0488144057,1854003.0292391395,50453.8
10.839764,11.027886490282096,0.017354851109497946,-67233.99753546668,-14525.28376,-52708.71377546668,-65885.89221933334,-6202.533333333334,-1340.0,-4862.533333333334,-6078.166666666667,0.5786363636363636,3008.0,3008.0,124.36666666666679,24.77651648406875,24.77651648406875,0.0,62264.141834969305,62264.141834969305,0.0,916.3209001266592,916.3209001266592,0.0,29442065.95719003,25182705.105451938,120383490.7106004,121366730.39332259,126645043.25314575,1761873.983302813,1776461.0488144057,1854003.0292391395,50453.8
11.772025916666665,11.970604560976367,0.01686868901881668,-60096.19230458332,-15774.51472833332,-44321.67757625,-55402.096970312494,-5104.999999999999,-1339.999999999999,-3765.0,-4706.25,0.6943636363636363,3030.25,3030.25,398.7499999999991,24.77651648406875,24.77651648406875,0.0,62815.41932673984,62815.41932673984,0.0,924.3317149079501,924.3317149079501,0.0,29442065.95719003,25182705.105451938,120383490.7106004,121366730.39332259,126645043.25314575,1761873.983302813,1776461.0488144057,1854003.0292391395,50453.8
4.2247190833333335,4.108309425879565,-0.027554413715460732,-15862.41191822222,-5661.123571666663,-10201.288346555557,-12751.610433194446,-3754.666666666666,-1339.999999999999,-2414.666666666667,-3018.3333333333335,0.810090909090909,3300.583333333333,3300.583333333333,736.3333333333326,24.77651648406875,24.77651648406875,15.44287933987417,69513.3376162664,69513.3376162664,3597.2779296721087,1021.6616143480528,1021.6616143480528,53.17773441862634,29442065.95719003,25182705.105451938,120383490.7106004,121366730.39332259,126645043.25314575,1761873.983302813,1776461.0488144057,1854003.0292391395,50453.8
17.969128833333333,18.10581450551113,0.007606694428293202,-24553.017637866666,-24078.632636666665,-474.38500120000003,-592.9812515,-1366.4,-1340.0,-26.400000000000002,-33.0,0.9258181818181817,4898.4,4467.0,902.0,24.93911478187209,24.93911478187209,24.93911478187209,109299.056847416,98540.32273051637,97717.3319427146,1594.0853434633723,1437.5939862543084,1425.623159207718,29442065.95719003,25182705.105451938,120383490.7106004,121366730.39332259,126645043.25314575,1761873.983302813,1776461.0488144057,1854003.0292391395,50453.8
39.98144241666666,39.48911791936731,-0.012313825303464393,155938.28714297776,54374.76168666666,101563.52545631111,126954.40682038887,3900.266666666667,1360.0,2540.266666666667,3175.3333333333335,0.7956746411483252,5631.066666666667,6356.0,0.0,25.25880638621389,25.5666372614437,25.82426608259441,127765.60285554148,146255.28670501325,227816.48398439225,1867.7084839747758,2139.2116807008133,3336.737169693564,29442065.95719003,25182705.105451938,120383490.7106004,121366730.39332259,126645043.25314575,1761873.983302813,1776461.0488144057,1854003.0292391395,50453.8
41.62524025,40.81906756635875,-0.01936740013509594,210496.06492823333,56610.32674,153885.73818823334,192357.17273529168,5056.933333333334,1360.0,3696.933333333334,4621.166666666667,0.6655311004784688,6653.65,7089.416666666667,0.0,25.5666372614437,25.5666372614437,27.20328488803203,153865.19628588195,165006.2845831771,284704.34808659874,2249.578718867765,2411.1586830266283,4168.015909482419,29442065.95719003,25182705.105451938,120383490.7106004,121366730.39332259,126645043.25314575,1761873.983302813,1776461.0488144057,1854003.0292391395,50453.8
37.62682541666667,38.112081629460356,0.012896549401128643,179038.4691526111,51172.48256666667,127865.98658594444,159832.48323243056,4758.266666666666,1360.0,3398.2666666666664,4247.833333333333,0.5353875598086123,6888.566666666667,7399.0,0.0,25.5666372614437,25.61297300334298,27.20328488803203,159871.2254892161,172932.1293653556,282970.13867498667,2336.684570425142,2527.942822883005,4142.692781530098,29442065.95719003,25182705.105451938,120383490.7106004,121366730.39332259,126645043.25314575,1761873.983302813,1776461.0488144057,1854003.0292391395,50453.8
37.286794,38.24140957014043,0.025601975062281658,159768.94071746667,50710.03984,109058.90087746667,136323.62609683335,4284.866666666667,1360.0,2924.866666666667,3656.0833333333335,0.40524401913875585,6566.133333333333,7194.916666666667,0.0,25.5666372614437,25.61297300334298,26.11383258779729,151627.6894148846,167704.9484582567,262008.8830795906,2217.1280039668936,2450.505531705305,3835.144358908065,29442065.95719003,25182705.105451938,120383490.7106004,121366730.39332259,126645043.25314575,1761873.983302813,1776461.0488144057,1854003.0292391395,50453.8
36.015013833333335,36.040809158085025,0.0007162380908990686,95485.40567585557,0.0,95485.40567585557,119356.75709481945,2651.266666666667,0.0,2651.266666666667,3314.0833333333335,0.40524401913875585,7955.316666666667,7292.5,0.0,25.75975416942929,25.61297300334298,26.11383258779729,187191.6314599034,170204.34774049956,255626.22716458983,2739.068952811869,2487.532509234536,3741.22161376563,29442065.95719003,25182705.105451938,120383490.7106004,121366730.39332259,126645043.25314575,1761873.983302813,1776461.0488144057,1854003.0292391395,50453.8
36.857837249999996,36.88054807375752,0.0006161735319270442,129604.44171674998,50126.658659999994,79477.78305674999,99347.22882093748,3516.3333333333335,1360.0,2156.3333333333335,2695.4166666666665,0.2751004784688994,6454.5,7275.416666666667,0.0,25.5666372614437,25.61297300334298,25.82698149808759,148773.60047526544,169766.79278502578,239166.4521312852,2175.7349572317885,2481.050416669641,3501.401394244761,29442065.95719003,25182705.105451938,120383490.7106004,121366730.39332259,126645043.25314575,1761873.983302813,1776461.0488144057,1854003.0292391395,50453.8
37.90723183333334,37.20526328280371,-0.018518064141849686,104899.41907798892,51553.835293333344,53345.583784655566,66681.97973081945,2767.2666666666664,1360.0,1407.2666666666667,1759.0833333333333,0.14495693779904295,6181.4,7189.583333333333,0.0,25.5666372614437,25.61297300334298,25.76736368885589,141791.35183916517,167568.34593557217,212782.96321355828,2074.470928596161,2448.4818540265087,3117.101530475703,29442065.95719003,25182705.105451938,120383490.7106004,121366730.39332259,126645043.25314575,1761873.983302813,1776461.0488144057,1854003.0292391395,50453.8
37.02632741666667,37.89773642673146,0.023534848602687584,70320.40102973333,50355.80528666667,19964.595743066668,24955.744678833333,1899.2,1360.0,539.2,674.0,0.0148133971291865,5772.3,6997.5,0.0,25.48822338165023,25.5666372614437,25.61297300334298,131349.51982068282,162656.28450822938,179911.66450876655,1920.8708560148389,2377.0764715091445,2631.340104284017,29442065.95719003,25182705.105451938,120383490.7106004,121366730.39332259,126645043.25314575,1761873.983302813,1776461.0488144057,1854003.0292391395,50453.8
36.39864825,36.16367072789383,-0.006455666169036025,9825.20845095,0.0,9825.20845095,12281.510563687501,269.93333333333334,0.0,269.93333333333334,337.4166666666667,0.0148133971291865,6961.816666666667,6894.333333333333,0.0,25.5666372614437,25.5666372614437,25.61297300334298,161743.98166861685,160018.65976409044,168648.35963054647,2363.8452811448774,2338.822819778732,2464.481555674494,29442065.95719003,25182705.105451938,120383490.7106004,121366730.39332259,126645043.25314575,1761873.983302813,1776461.0488144057,1854003.0292391395,50453.8
36.583198333333335,37.161481184973134,0.015807334459132943,-295.1044665555555,5663.079102000001,-5958.183568555556,-7447.729460694445,-8.066666666666663,154.8,-162.86666666666667,-203.58333333333334,0.0,6271.900000000001,6467.416666666667,0.0,25.5666372614437,25.5666372614437,25.5666372614437,144105.13251132585,149103.83620655912,143898.8949707502,2108.027847642387,2180.5243885873733,2105.0367705119315,29442065.95719003,25182705.105451938,120383490.7106004,121366730.39332259,126645043.25314575,1761873.983302813,1776461.0488144057,1854003.0292391395,50453.8
36.01606291666667,34.93771593751123,-0.029940723439163902,-15534.92847138889,0.0,-15534.92847138889,-19418.66058923611,-431.3333333333333,0.0,-431.3333333333333,-539.1666666666666,0.0,6331.0,6438.833333333333,0.0,25.5666372614437,25.5666372614437,25.48822338165023,145616.12077347716,148373.05649150282,134595.86987205897,2129.9418135609717,2169.925840490821,1969.1931070836895,29442065.95719003,25182705.105451938,120383490.7106004,121366730.39332259,126645043.25314575,1761873.983302813,1776461.0488144057,1854003.0292391395,50453.8
35.02660575,35.09368911755613,0.0019152117688745836,-14167.094472350002,0.0,-14167.094472350002,-17708.8680904375,-404.4666666666667,0.0,-404.4666666666667,-505.5833333333333,0.0,6146.05,6247.166666666667,0.0,25.5666372614437,25.5666372614437,25.48822338165023,140887.57121197315,143472.78434972613,130566.60655914314,2061.363336460425,2098.8568590853706,1909.217112397999,29442065.95719003,25182705.105451938,120383490.7106004,121366730.39332259,126645043.25314575,1761873.983302813,1776461.0488144057,1854003.0292391395,50453.8
36.66679333333333,36.756056787596776,0.0024344494336322993,4676.238376444444,0.0,4676.238376444444,5845.2979705555545,127.53333333333333,0.0,127.53333333333333,159.41666666666666,0.0,6488.883333333333,6457.0,0.0,25.5666372614437,25.5666372614437,25.5666372614437,149652.66668643808,148837.51706841905,152913.26515851423,2188.484114504784,2176.6619439457727,2235.772796740828,29442065.95719003,25182705.105451938,120383490.7106004,121366730.39332259,126645043.25314575,1761873.983302813,1776461.0488144057,1854003.0292391395,50453.8
33.88507775,33.59765027305348,-0.008482420464462917,29143.42587018333,0.0,29143.42587018333,36429.282337729164,860.0666666666666,0.0,860.0666666666666,1075.0833333333333,0.0,6475.183333333333,6260.166666666667,0.0,25.5666372614437,25.5666372614437,25.61297300334298,149302.40375595633,143805.1506341249,171299.30233639246,2183.404227312151,2103.677189998088,2503.75355062864,29442065.95719003,25182705.105451938,120383490.7106004,121366730.39332259,126645043.25314575,1761873.983302813,1776461.0488144057,1854003.0292391395,50453.8
35.62322183333334,35.68484281058781,0.0017297979824163663,46740.041926788894,0.0,46740.041926788894,58425.05240848612,1312.0666666666666,0.0,1312.0666666666666,1640.0833333333333,0.0,6675.433333333333,6347.416666666667,0.0,25.5666372614437,25.5666372614437,25.75975416942929,154422.12286756042,146035.83973518587,188020.66621492288,2257.6558631022804,2136.0290263161346,2751.3153712348294,29442065.95719003,25182705.105451938,120383490.7106004,121366730.39332259,126645043.25314575,1761873.983302813,1776461.0488144057,1854003.0292391395,50453.8
24.4701945,24.529706866604258,0.0024320348824467355,-27361.28358492632,-21018.60917052632,-6342.6744144,-7928.3430180000005,-1118.1473684210528,-858.9473684210527,-259.2,-324.0,0.07418181818181818,4681.897368421052,4082.75,195.0,24.93911478187209,24.9331021921135,24.9331021921135,103899.67286789126,88958.68031430685,80880.35520406209,1515.548508379637,1300.215820201101,1185.9126857001743,29442065.95719003,25182705.105451938,120383490.7106004,121366730.39332259,126645043.25314575,1761873.983302813,1776461.0488144057,1854003.0292391395,50453.8
1.9435129166666665,1.9677376359703926,0.012464398407639066,-9373.562797083332,-2604.307308333333,-6769.255488749999,-8461.5693609375,-4823.0,-1340.0,-3483.0,-4353.75,0.18990909090909092,2775.416666666667,2775.416666666667,469.25,24.01116483795021,24.01116483795021,0.0,56613.84465308755,56613.84465308755,0.0,833.4003835847801,833.4003835847801,0.0,29442065.95719003,25182705.105451938,120383490.7106004,121366730.39332259,126645043.25314575,1761873.983302813,1776461.0488144057,1854003.0292391395,50453.8
-2.067174,-2.105416688732232,0.018499985357900105,11839.945802400001,2770.01316,9069.932642400001,11337.415803,-5727.6,-1340.0,-4387.6,-5484.5,0.30563636363636365,2946.0,2946.0,243.10000000000036,24.27387159850089,24.27387159850089,0.0,60731.00036593032,60731.00036593032,0.0,894.1179986671649,894.1179986671649,0.0,29442065.95719003,25182705.105451938,120383490.7106004,121366730.39332259,126645043.25314575,1761873.983302813,1776461.0488144057,1854003.0292391395,50453.8
-2.90754875,-2.9546485733404615,0.01619915172203438,17609.665922666667,3896.115325,13713.550597666668,17141.938247083333,-6056.533333333334,-1340.0,-4716.533333333334,-5895.666666666667,0.4213636363636364,2883.833333333333,2883.833333333333,160.8666666666668,24.22165375753167,24.22165375753167,0.0,59225.20000353404,59225.20000353404,0.0,872.0047921199389,872.0047921199389,0.0,29442065.95719003,25182705.105451938,120383490.7106004,121366730.39332259,126645043.25314575,1761873.983302813,1776461.0488144057,1854003.0292391395,50453.8
-8.737817,-8.794917859940037,0.006534911401788015,53275.63529126667,11708.67478,41566.96051126667,51958.700639083334,-6097.133333333334,-1340.0,-4757.133333333334,-5946.416666666667,0.5370909090909091,2492.666666666667,2492.666666666667,150.71666666666715,24.01116483795021,24.01116483795021,0.0,49824.68779515712,49824.68779515712,0.0,732.6312934396689,732.6312934396689,0.0,29442065.95719003,25182705.105451938,120383490.7106004,121366730.39332259,126645043.25314575,1761873.983302813,1776461.0488144057,1854003.0292391395,50453.8
-19.25209025,-19.384996318261273,0.006903461729890754,100887.37027341666,25797.800935,75089.56933841667,93861.96167302084,-5240.333333333334,-1340.0,-3900.333333333334,-4875.416666666667,0.6528181818181817,2513.333333333333,2513.333333333333,364.91666666666697,24.01116483795021,24.01116483795021,0.0,50320.91853514142,50320.91853514142,0.0,739.9966734443806,739.9966734443806,0.0,29442065.95719003,25182705.105451938,120383490.7106004,121366730.39332259,126645043.25314575,1761873.983302813,1776461.0488144057,1854003.0292391395,50453.8
-24.31176325,-23.796631041761398,-0.021188599236569156,106287.78736056667,32577.762755,73710.02460556666,92137.53075695834,-4371.866666666667,-1340.0,-3031.866666666667,-3789.8333333333335,0.7685454545454544,2522.083333333333,2522.083333333333,582.0333333333333,24.01116483795021,24.01116483795021,0.0,50531.01622747348,50531.01622747348,0.0,743.1150803012142,743.1150803012142,0.0,29442065.95719003,25182705.105451938,120383490.7106004,121366730.39332259,126645043.25314575,1761873.983302813,1776461.0488144057,1854003.0292391395,50453.8
-23.522907500000002,-22.709381866326694,-0.03458439963993851,75124.32558583334,31520.696050000002,43603.629535833345,54504.53691979167,-3193.666666666667,-1340.0,-1853.666666666667,-2317.0833333333335,0.8842727272727271,2845.666666666667,2845.666666666667,876.5833333333335,24.22165375753167,24.22165375753167,16.50039024059181,58300.74021845493,58300.74021845493,7462.696926789164,858.4272577739237,858.4272577739237,110.33296928824329,29442065.95719003,25182705.105451938,120383490.7106004,121366730.39332259,126645043.25314575,1761873.983302813,1776461.0488144057,1854003.0292391395,50453.8
10.313030666666668,10.189977385399002,-0.01193182540079056,-12609.398828444446,-13819.461093333335,1210.062264888889,1512.5778311111112,-1222.6666666666667,-1340.0,117.33333333333333,146.66666666666666,0.9999999999999998,4107.666666666666,3855.333333333333,1117.0,24.9331021921135,24.9331021921135,24.9331021921135,89579.93011059368,83288.47732411703,86945.33231229369,1309.006107550838,1219.9860737882848,1271.7282334389101,29442065.95719003,25182705.105451938,120383490.7106004,121366730.39332259,126645043.25314575,1761873.983302813,1776461.0488144057,1854003.0292391395,50453.8
38.43194958333333,39.35053977468695,0.023901732837201414,113179.52939294443,0.0,113179.52939294443,141474.41174118052,2944.9333333333334,0.0,2944.9333333333334,3681.1666666666665,0.9999999999999998,6656.483333333334,5920.25,0.0,25.5666372614437,25.48822338165023,25.82426608259441,153937.63509145606,135120.50246999797,229626.33463234737,2250.629303810281,1977.00231672384,3362.985591518377,29442065.95719003,25182705.105451938,120383490.7106004,121366730.39332259,126645043.25314575,1761873.983302813,1776461.0488144057,1854003.0292391395,50453.8
43.680687166666665,43.295303573406684,-0.008822745663078136,207992.87205861113,0.0,207992.87205861113,259991.09007326385,4761.666666666667,0.0,4761.666666666667,5952.083333333333,0.9999999999999998,8220.833333333332,7030.416666666667,0.0,25.75975416942929,25.5666372614437,27.69424401284482,194031.275521123,163497.85298475192,319614.5788133543,2840.1034903034156,2389.2817965766026,4680.900833458669,29442065.95719003,25182705.105451938,120383490.7106004,121366730.39332259,126645043.25314575,1761873.983302813,1776461.0488144057,1854003.0292391395,50453.8
44.88486833333334,44.377076047912,-0.01131321766726067,232382.42882216672,28219.116721166673,204163.31210100005,255204.14012625001,5177.3,628.7,4548.6,5685.75,0.9398373205741625,7941.783333333333,7433.333333333333,0.0,25.75975416942929,25.61297300334298,27.69424401284482,186843.0161201438,173811.50810513704,323397.1509747753,2733.919241905891,2540.9702479402577,4735.706151614321,29442065.95719003,25182705.105451938,120383490.7106004,121366730.39332259,126645043.25314575,1761873.983302813,1776461.0488144057,1854003.0292391395,50453.8
53.85095624999999,52.93296703565848,-0.017046850757483214,291613.69828499993,73237.30049999998,218376.39778499998,272970.49723124993,5415.200000000001,1360.0,4055.2000000000003,5069.0,0.809693779904306,7677.049999999999,8023.25,0.0,25.61297300334298,25.75975416942929,27.69424401284482,180053.8165089351,188941.57742647995,322654.02209376404,2633.445993868514,2764.9189794778376,4724.939029926634,29442065.95719003,25182705.105451938,120383490.7106004,121366730.39332259,126645043.25314575,1761873.983302813,1776461.0488144057,1854003.0292391395,50453.8
55.19057966666668,54.44305752025176,-0.013544379329402025,265893.49534608895,75059.18834666668,190834.3069994223,238542.88374927785,4817.733333333334,1360.0,3457.7333333333336,4322.166666666667,0.6795502392344496,8016.516666666667,8512.083333333334,0.0,25.75975416942929,25.75975416942929,27.61652394098655,188768.12841507248,201533.80392296932,315513.96842889226,2762.3568080418586,2950.930088926527,4620.976026006233,29442065.95719003,25182705.105451938,120383490.7106004,121366730.39332259,126645043.25314575,1761873.983302813,1776461.0488144057,1854003.0292391395,50453.8
69.33091250000001,68.82468084806152,-0.007301673001036642,305864.8756458334,94290.04100000001,211574.83464583338,264468.5433072917,4411.666666666667,1360.0,3051.666666666667,3814.5833333333335,0.5494066985645931,7933.416666666666,8530.5,0.0,25.75975416942929,25.75975416942929,27.61652394098655,186627.4928435929,202008.21272892298,302004.8854677597,2730.7355536364316,2957.93800832444,4421.230004858503,29442065.95719003,25182705.105451938,120383490.7106004,121366730.39332259,126645043.25314575,1761873.983302813,1776461.0488144057,1854003.0292391395,50453.8
72.44813358333333,73.46166615486594,0.013989767871201032,232225.24738801667,98529.46167333332,133695.78571468333,167119.73214335417,3205.4,1360.0,1845.4,2306.75,0.41926315789473667,7748.683333333334,8647.333333333334,0.0,25.61297300334298,25.76736368885589,26.11383258779729,181888.55914174125,205018.39762198308,264700.7839888494,2660.6265146918513,3002.404155511017,3874.7565088368724,29442065.95719003,25182705.105451938,120383490.7106004,121366730.39332259,126645043.25314575,1761873.983302813,1776461.0488144057,1854003.0292391395,50453.8
64.95763891666668,65.28766993043786,0.005080711357051677,145340.55182141115,88342.38892666668,56998.16289474446,71247.70361843056,2237.4666666666667,1360.0,877.4666666666667,1096.8333333333333,0.2891196172248802,7514.033333333333,8654.666666666666,0.0,25.61297300334298,25.76736368885589,25.82426608259441,175878.47502650679,205207.35828903466,233502.1265669101,2571.5910208175483,3005.19546330883,3419.1965400397676,29442065.95719003,25182705.105451938,120383490.7106004,121366730.39332259,126645043.25314575,1761873.983302813,1776461.0488144057,1854003.0292391395,50453.8
59.93237941666667,60.08138251581513,0.0024861869426633285,114626.66887231669,81508.03600666668,33118.632865650005,41398.291082062504,1912.6,1360.0,552.6,690.75,0.15897607655502377,7375.983333333334,8597.833333333334,0.0,25.61297300334298,25.76736368885589,25.82426608259441,172342.6041033953,203742.9131193847,221547.64339284244,2519.2093889004486,2983.5628278757786,3245.8196277486386,29442065.95719003,25182705.105451938,120383490.7106004,121366730.39332259,126645043.25314575,1761873.983302813,1776461.0488144057,1854003.0292391395,50453.8
44.91681366666666,44.45940618519723,-0.010183435647593162,6640.950900616666,6766.717978883333,-125.76707826666667,-157.20884783333332,147.85,150.65,-2.8000000000000003,-3.5,0.14455980861244003,8300.066666666666,8451.416666666666,0.0,25.75975416942929,25.75975416942929,25.75975416942929,196072.30670981412,199971.04550335725,199880.88636376426,2870.2533987357056,2927.845177968694,2926.513356182665,29442065.95719003,25182705.105451938,120383490.7106004,121366730.39332259,126645043.25314575,1761873.983302813,1776461.0488144057,1854003.0292391395,50453.8
38.569916,37.55015577514485,-0.02643926486267557,-55054.698098400004,-51683.68744,-3371.0106584,-4213.763323,-1427.4,-1340.0,-87.4,-109.25,0.2602870813397128,9289.233333333334,7971.083333333333,0.0,25.82426608259441,25.75975416942929,25.61297300334298,221564.42916579611,187597.77691730807,184786.66703706948,3246.063073278048,2745.0684928575038,2703.560101446069,29442065.95719003,25182705.105451938,120383490.7106004,121366730.39332259,126645043.25314575,1761873.983302813,1776461.0488144057,1854003.0292391395,50453.8
39.4667755,38.667404553883934,-0.020254275551750137,-7119.8063002,0.0,-7119.8063002,-8899.75787525,-180.4,0.0,-180.4,-225.5,0.2602870813397128,7894.9,7940.0,0.0,25.75975416942929,25.75975416942929,25.61297300334298,185635.3129788337,186797.07789187497,181013.0223479103,2716.07917198161,2733.240646995867,2647.656005569314,29442065.95719003,25182705.105451938,120383490.7106004,121366730.39332259,126645043.25314575,1761873.983302813,1776461.0488144057,1854003.0292391395,50453.8
43.165775,43.96289537320821,0.018466490482522722,-2687.788923333333,0.0,-2687.788923333333,-3359.736154166666,-62.266666666666666,0.0,-62.266666666666666,-77.83333333333333,0.2602870813397128,7979.516666666666,7995.083333333333,0.0,25.75975416942929,25.75975416942929,25.75975416942929,187815.0175108036,188216.01101737437,186211.04348452046,2748.2775491609823,2754.200985104558,2724.5838053866796,29442065.95719003,25182705.105451938,120383490.7106004,121366730.39332259,126645043.25314575,1761873.983302813,1776461.0488144057,1854003.0292391395,50453.8
49.94172466666666,50.04754112170049,0.002118798574540609,85230.54731613332,67920.74554666666,17309.801769466663,21637.25221183333,1706.6,1360.0,346.6,433.25,0.13014354066985634,6851.15,8124.5,0.0,25.5666372614437,25.75975416942929,25.75975416942929,158914.60714501707,191549.75253613468,202710.16603003992,2322.8106692725128,2803.4466811450993,2968.30719222995,29442065.95719003,25182705.105451938,120383490.7106004,121366730.39332259,126645043.25314575,1761873.983302813,1776461.0488144057,1854003.0292391395,50453.8
50.60871774999999,47.89907295050024,-0.05354106802083025,103855.83665203332,68827.85613999999,35027.980512033326,43784.97564004166,2052.133333333333,1360.0,692.1333333333333,865.1666666666666,0.0,7001.366666666667,8188.333333333333,0.0,25.5666372614437,25.75975416942929,25.76736368885589,162755.14217230695,193194.0835106166,215484.24184027337,2378.5102109601066,2827.7365737188625,3157.004544221714,29442065.95719003,25182705.105451938,120383490.7106004,121366730.39332259,126645043.25314575,1761873.983302813,1776461.0488144057,1854003.0292391395,50453.8
29.730507250000002,29.9574980569532,0.007634945648402836,-54722.3889146272,-25536.94096421053,-29185.447950416667,-36481.80993802084,-1840.6140350877195,-858.9473684210527,-981.6666666666666,-1227.0833333333333,0.07418181818181818,6333.8640350877195,5740.333333333333,20.0,25.5666372614437,25.48822338165023,24.93911478187209,145689.34451966893,130534.74627991606,99693.75678917796,2131.003782550852,1908.7428688975847,1454.3712817362723,29442065.95719003,25182705.105451938,120383490.7106004,121366730.39332259,126645043.25314575,1761873.983302813,1776461.0488144057,1854003.0292391395,50453.8
3.1842315000000005,3.0887224261649995,-0.029994387604984487,-16187.571535500003,-4266.870210000001,-11920.701325500002,-14900.876656875002,-5083.666666666666,-1340.0,-3743.6666666666665,-4679.583333333333,0.18990909090909092,2666.25,2666.25,404.08333333333303,24.01116483795021,24.01116483795021,0.0,53992.62582494464,53992.62582494464,0.0,794.4945456566645,794.4945456566645,0.0,29442065.95719003,25182705.105451938,120383490.7106004,121366730.39332259,126645043.25314575,1761873.983302813,1776461.0488144057,1854003.0292391395,50453.8
2.0476784166666664,2.0251975286368435,-0.010978720021095147,-12021.237424777777,-2743.889078333333,-9277.348346444443,-11596.685433055552,-5870.666666666667,-1340.0,-4530.666666666667,-5663.333333333333,0.30563636363636365,2235.5,2235.5,207.33333333333394,24.01116483795021,24.01116483795021,0.0,43649.81657099759,43649.81657099759,0.0,640.9798309616808,640.9798309616808,0.0,29442065.95719003,25182705.105451938,120383490.7106004,121366730.39332259,126645043.25314575,1761873.983302813,1776461.0488144057,1854003.0292391395,50453.8
6.378874333333332,6.513295150869514,0.021072811676780497,-40340.42654228888,-8547.691606666665,-31792.734935622215,-39740.91866952777,-6324.066666666667,-1340.0,-4984.066666666667,-6230.083333333333,0.4213636363636364,2247.416666666667,2247.416666666667,93.98333333333358,24.01116483795021,24.01116483795021,0.0,43935.949618649836,43935.949618649836,0.0,645.2268041095591,645.2268041095591,0.0,29442065.95719003,25182705.105451938,120383490.7106004,121366730.39332259,126645043.25314575,1761873.983302813,1776461.0488144057,1854003.0292391395,50453.8
5.7994955,5.700198487565201,-0.017121663847277563,-36430.1109328,-7771.3239699999995,-28658.7869628,-35823.4837035,-6281.6,-1340.0,-4941.6,-6177.0,0.5370909090909091,2126.416666666667,2126.416666666667,104.60000000000036,23.60764906024272,23.60764906024272,0.0,41045.62531722743,41045.62531722743,0.0,602.4530012890814,602.4530012890814,0.0,29442065.95719003,25182705.105451938,120383490.7106004,121366730.39332259,126645043.25314575,1761873.983302813,1776461.0488144057,1854003.0292391395,50453.8
4.29190225,4.207511128652338,-0.01966287124728006,-24912.489673533328,-5751.149014999995,-19161.340658533332,-23951.675823166664,-5804.533333333333,-1339.999999999999,-4464.533333333334,-5580.666666666667,0.6528181818181817,2121.583333333333,2121.583333333333,223.86666666666588,23.60764906024272,23.60764906024272,0.0,40931.52168010291,40931.52168010291,0.0,600.7787747482007,600.7787747482007,0.0,29442065.95719003,25182705.105451938,120383490.7106004,121366730.39332259,126645043.25314575,1761873.983302813,1776461.0488144057,1854003.0292391395,50453.8
-3.8530918333333335,-3.843507409297568,-0.002487463172522949,18497.40952788889,5163.143056666667,13334.266471222221,16667.833089027776,-4800.666666666666,-1340.0,-3460.6666666666665,-4325.833333333333,0.7685454545454544,2346.833333333333,2346.833333333333,474.83333333333303,24.01116483795021,24.01116483795021,0.0,46323.0595896227,46323.0595896227,0.0,680.657845825774,680.657845825774,0.0,29442065.95719003,25182705.105451938,120383490.7106004,121366730.39332259,126645043.25314575,1761873.983302813,1776461.0488144057,1854003.0292391395,50453.8
-2.861916583333334,-2.883384222094499,0.007501140629389466,11141.25046447778,3834.9682216666674,7306.282242811113,9132.85280351389,-3892.9333333333334,-1340.0,-2552.9333333333334,-3191.1666666666665,0.8842727272727271,3007.583333333333,3007.583333333333,701.7666666666669,24.77651648406875,24.77651648406875,0.0,62253.81828643427,62253.81828643427,0.0,916.1708848685824,916.1708848685824,0.0,29442065.95719003,25182705.105451938,120383490.7106004,121366730.39332259,126645043.25314575,1761873.983302813,1776461.0488144057,1854003.0292391395,50453.8
27.25474875,27.38533460977815,0.00479130668112098,-28508.4671925,-36521.363325,8012.8961325,10016.120165625,-1046.0,-1340.0,294.0,367.5,0.9999999999999998,5252.583333333333,3977.083333333333,138.0,25.25880638621389,24.9331021921135,24.93911478187209,118205.56561846596,86324.08251600685,95487.3594293022,1725.6769259720597,1262.9379460891732,1393.1870546092543,29442065.95719003,25182705.105451938,120383490.7106004,121366730.39332259,126645043.25314575,1761873.983302813,1776461.0488144057,1854003.0292391395,50453.8
50.19472966666667,52.490216479555926,0.04573163015585759,250133.72319024443,68264.83234666666,181868.89084357777,227336.11355447222,4983.266666666666,1360.0,3623.2666666666664,4529.083333333333,0.8698564593301433,5805.15,6259.333333333333,0.0,25.48822338165023,25.5666372614437,26.11383258779729,132186.80795877002,143783.8451030737,260374.5923901376,1933.3339752057186,2103.3681944267596,3811.095268692596,29442065.95719003,25182705.105451938,120383490.7106004,121366730.39332259,126645043.25314575,1761873.983302813,1776461.0488144057,1854003.0292391395,50453.8
45.29298916666667,44.336387041047466,-0.021120313391089142,271099.6768907778,61598.46526666667,209501.2116241111,261876.5145301389,5985.466666666666,1360.0,4625.466666666666,5781.833333333333,0.7397129186602869,6636.033333333334,6839.666666666667,0.0,25.5666372614437,25.5666372614437,27.61652394098655,153414.79735945954,158621.0169271315,309638.5529604473,2243.0465524898905,2318.5527102996125,4534.101819534316,29442065.95719003,25182705.105451938,120383490.7106004,121366730.39332259,126645043.25314575,1761873.983302813,1776461.0488144057,1854003.0292391395,50453.8
42.62025216666667,41.7190197727878,-0.021145637298310493,236863.47209132224,57963.54294666667,178899.9291446556,223624.91143081945,5557.533333333334,1360.0,4197.533333333334,5246.916666666667,0.6095693779904304,6480.966666666666,6791.583333333333,0.0,25.5666372614437,25.5666372614437,27.20328488803203,149450.26414145165,157391.6877854771,293624.75858946587,2185.548656577167,2300.723665833984,4298.272783328672,29442065.95719003,25182705.105451938,120383490.7106004,121366730.39332259,126645043.25314575,1761873.983302813,1776461.0488144057,1854003.0292391395,50453.8
46.92920716666666,46.77959408932835,-0.0031880589162089426,243252.85242769995,63823.721746666655,179429.1306810333,224286.41335129162,5183.4,1360.0,3823.4,4779.25,0.479425837320574,6462.1,6866.25,0.0,25.5666372614437,25.5666372614437,27.20328488803203,148967.90691845244,159300.6633676649,282933.8676284693,2178.5529968423007,2328.409669024977,4142.163147481422,29442065.95719003,25182705.105451938,120383490.7106004,121366730.39332259,126645043.25314575,1761873.983302813,1776461.0488144057,1854003.0292391395,50453.8
45.424358916666655,44.623013319366514,-0.017641318808048673,184065.55891152215,61777.12812666665,122288.43078485552,152860.5384810694,4052.133333333333,1360.0,2692.133333333333,3365.1666666666665,0.3492822966507175,6374.533333333333,7061.5,0.0,25.5666372614437,25.5666372614437,25.82698149808759,146729.121715592,164292.54929296178,250939.25119749675,2146.083742207149,2400.8073313871387,3672.476194651644,29442065.95719003,25182705.105451938,120383490.7106004,121366730.39332259,126645043.25314575,1761873.983302813,1776461.0488144057,1854003.0292391395,50453.8
39.785213000000006,39.44989524669719,-0.00842820053025278,66306.03598580002,0.0,66306.03598580002,82882.54498225001,1666.6000000000001,0.0,1666.6000000000001,2083.25,0.3492822966507175,7572.483333333333,7155.833333333333,0.0,25.61297300334298,25.5666372614437,25.82426608259441,177375.5532985522,166704.33540795796,220269.34222175396,2593.769263378609,2435.7856300614735,3227.280314355131,29442065.95719003,25182705.105451938,120383490.7106004,121366730.39332259,126645043.25314575,1761873.983302813,1776461.0488144057,1854003.0292391395,50453.8
38.741066749999995,39.123328569877174,0.009867095873842404,37868.10137923333,0.0,37868.10137923333,47335.12672404166,977.4666666666667,0.0,977.4666666666667,1221.8333333333333,0.3492822966507175,7121.616666666667,6877.25,0.0,25.5666372614437,25.5666372614437,25.75975416942929,165829.53030299558,159581.89637754078,190895.02545099502,2423.098271902744,2332.4884105665074,2793.7751181751282,29442065.95719003,25182705.105451938,120383490.7106004,121366730.39332259,126645043.25314575,1761873.983302813,1776461.0488144057,1854003.0292391395,50453.8
38.12815308333334,37.29169560450371,-0.021938053936194093,7208.762809622224,0.0,7208.762809622224,9010.95351202778,189.0666666666667,0.0,189.0666666666667,236.33333333333334,0.3492822966507175,6571.766666666666,6524.5,0.0,25.5666372614437,25.5666372614437,25.5666372614437,151771.71480479074,150563.2650835665,156605.5136896877,2219.2168140290714,2201.6905852233444,2289.321729251979,29442065.95719003,25182705.105451938,120383490.7106004,121366730.39332259,126645043.25314575,1761873.983302813,1776461.0488144057,1854003.0292391395,50453.8
38.86707725,38.83498953374263,-0.0008255757450188879,-4822.108717483334,0.0,-4822.108717483334,-6027.635896854167,-124.06666666666668,0.0,-124.06666666666668,-155.08333333333334,0.3492822966507175,6084.483333333334,6115.5,0.0,25.5666372614437,25.5666372614437,25.48822338165023,139313.51857791026,140106.51044363604,136144.27944249424,2038.534743650709,2050.035558815539,1992.2413412038102,29442065.95719003,25182705.105451938,120383490.7106004,121366730.39332259,126645043.25314575,1761873.983302813,1776461.0488144057,1854003.0292391395,50453.8
36.67138775,36.82534588467004,0.004198317656250735,-25885.11023313334,0.0,-25885.11023313334,-32356.38779141667,-705.8666666666668,0.0,-705.8666666666668,-882.3333333333334,0.3492822966507175,5570.950000000001,5747.416666666667,0.0,25.25880638621389,25.48822338165023,24.93911478187209,126247.12761162361,130715.28786220275,108468.16867326664,1845.1488014825575,1911.4302487332643,1581.999644844113,29442065.95719003,25182705.105451938,120383490.7106004,121366730.39332259,126645043.25314575,1761873.983302813,1776461.0488144057,1854003.0292391395,50453.8
38.740119166666666,37.990581021781416,-0.01934785336257239,-22810.182165333335,0.0,-22810.182165333335,-28512.727706666665,-588.8000000000001,0.0,-588.8000000000001,-736.0,0.3492822966507175,5665.466666666667,5812.666666666667,0.0,25.26173052740027,25.48822338165023,25.25880638621389,128634.53786330894,132378.39443785543,113762.12059502452,1880.618077398747,1936.185759454875,1659.6615534449268,29442065.95719003,25182705.105451938,120383490.7106004,121366730.39332259,126645043.25314575,1761873.983302813,1776461.0488144057,1854003.0292391395,50453.8
40.26404991666667,40.75164109810847,0.012109839483384104,18459.724751794452,37445.56642250001,-18985.841670705555,-23732.302088381944,458.4666666666667,930.0,-471.5333333333333,-589.4166666666666,0.26028708133971273,5038.7,6086.583333333333,0.0,25.25880638621389,25.5666372614437,25.25880638621389,112803.12791256125,139367.2085161593,124383.44868042743,1645.4139912832204,2039.3134124904554,1817.4604969654922,29442065.95719003,25182705.105451938,120383490.7106004,121366730.39332259,126645043.25314575,1761873.983302813,1776461.0488144057,1854003.0292391395,50453.8
40.12460075,40.81884276515988,0.01730215384535323,3712.863056066667,0.0,3712.863056066667,4641.078820083333,92.53333333333335,0.0,92.53333333333335,115.66666666666667,0.26028708133971273,6041.633333333333,6018.5,0.0,25.5666372614437,25.5666372614437,25.5666372614437,138217.9881712574,137626.546629276,140583.75433918298,2022.6461913730207,2014.068474312954,2056.957059613287,29442065.95719003,25182705.105451938,120383490.7106004,121366730.39332259,126645043.25314575,1761873.983302813,1776461.0488144057,1854003.0292391395,50453.8
45.84196399999999,44.783008350780335,-0.023100137010265396,107823.3554589333,62345.07103999999,45478.28441893332,56847.85552366665,2352.0666666666666,1360.0,992.0666666666666,1240.0833333333333,0.13014354066985628,5421.349999999999,6533.333333333333,0.0,25.25880638621389,25.5666372614437,25.61297300334298,122468.41017624599,150789.10371270927,182522.05334069056,1789.009153561804,2204.9659382794216,2670.0113199272696,29442065.95719003,25182705.105451938,120383490.7106004,121366730.39332259,126645043.25314575,1761873.983302813,1776461.0488144057,1854003.0292391395,50453.8
56.58675291666666,56.40411130258541,-0.0032276390615701236,183914.49187955554,76957.98396666667,106956.50791288888,133695.63489111108,3250.133333333333,1360.0,1890.1333333333332,2362.6666666666665,0.0,6061.450000000001,6948.916666666667,0.0,25.5666372614437,25.5666372614437,25.82426608259441,138724.63369965504,161414.17204794424,222141.6015127421,2029.9941060592018,2359.0620297007194,3254.4338541739044,29442065.95719003,25182705.105451938,120383490.7106004,121366730.39332259,126645043.25314575,1761873.983302813,1776461.0488144057,1854003.0292391395,50453.8
30.316575333333336,29.662374780205834,-0.021578972754491926,-32754.453485927494,-26040.34260210527,-6714.110883822223,-8392.638604777778,-1080.4140350877194,-858.9473684210527,-221.46666666666667,-276.8333333333333,0.07418181818181818,6581.997368421053,5829.416666666667,51.0,25.5666372614437,25.48822338165023,25.25880638621389,152033.27944547514,132805.32217949806,125783.20753433015,2223.0103038694915,1942.5406223604227,1838.2564338345326,29442065.95719003,25182705.105451938,120383490.7106004,121366730.39332259,126645043.25314575,1761873.983302813,1776461.0488144057,1854003.0292391395,50453.8
7.001865916666667,6.857905823366148,-0.020560247084687552,-29897.967464166664,-9382.500328333334,-20515.467135833333,-25644.333919791665,-4270.0,-1340.0,-2930.0,-3662.5,0.18990909090909092,3469.25,3469.25,607.5,24.77651648406875,24.77651648406875,0.0,73692.31006324601,73692.31006324601,0.0,1082.3877908174636,1082.3877908174636,0.0,29442065.95719003,25182705.105451938,120383490.7106004,121366730.39332259,126645043.25314575,1761873.983302813,1776461.0488144057,1854003.0292391395,50453.8
4.0638709166666676,3.937277118560642,-0.031151038185499816,-21108.558315350005,-5445.587028333334,-15662.971287016671,-19578.714108770837,-5194.200000000001,-1340.0,-3854.2000000000003,-4817.75,0.30563636363636365,3047.5,3047.5,376.4500000000007,24.77651648406875,24.77651648406875,0.0,63242.81423609002,63242.81423609002,0.0,930.5423465923216,930.5423465923216,0.0,29442065.95719003,25182705.105451938,120383490.7106004,121366730.39332259,126645043.25314575,1761873.983302813,1776461.0488144057,1854003.0292391395,50453.8
3.3361520000000002,3.3356337826452136,-0.0001553338561272483,-19391.7171152,-4470.44368,-14921.273435200002,-18651.591794,-5812.6,-1340.0,-4472.6,-5590.75,0.4213636363636364,2676.75,2676.75,221.85000000000036,24.01116483795021,24.01116483795021,0.0,54244.74305574312,54244.74305574312,0.0,798.2366338848649,798.2366338848649,0.0,29442065.95719003,25182705.105451938,120383490.7106004,121366730.39332259,126645043.25314575,1761873.983302813,1776461.0488144057,1854003.0292391395,50453.8
0.07459508333333309,0.07709168499970909,0.03346871609781274,-471.58017082222074,-99.95741166666635,-371.6227591555544,-464.5284489444429,-6321.866666666667,-1340.0,-4981.866666666667,-6227.333333333333,0.5370909090909091,2691.25,2691.25,94.53333333333376,24.01116483795021,24.01116483795021,0.0,54592.9049458934,54592.9049458934,0.0,803.4042795333322,803.4042795333322,0.0,29442065.95719003,25182705.105451938,120383490.7106004,121366730.39332259,126645043.25314575,1761873.983302813,1776461.0488144057,1854003.0292391395,50453.8
-15.84497775,-15.501971966551555,-0.021647602720581003,94185.71674155,21232.270185,72953.44655655,91191.8081956875,-5944.2,-1340.0,-4604.2,-5755.25,0.6528181818181817,2410.0,2410.0,188.94999999999982,24.01116483795021,24.01116483795021,0.0,47839.7648352199,47839.7648352199,0.0,703.169773420821,703.169773420821,0.0,29442065.95719003,25182705.105451938,120383490.7106004,121366730.39332259,126645043.25314575,1761873.983302813,1776461.0488144057,1854003.0292391395,50453.8
-22.97420408333333,-23.209340070221167,0.01023478271695239,119030.88296935553,30785.433471666664,88245.44949768887,110306.81187211108,-5181.066666666667,-1340.0,-3841.0666666666666,-4801.333333333333,0.7685454545454544,2309.833333333333,2309.833333333333,379.7333333333336,24.01116483795021,24.01116483795021,0.0,45434.64649061855,45434.64649061855,0.0,667.4714396883058,667.4714396883058,0.0,29442065.95719003,25182705.105451938,120383490.7106004,121366730.39332259,126645043.25314575,1761873.983302813,1776461.0488144057,1854003.0292391395,50453.8
-22.70346066666667,-22.85021763681654,0.006464079300709601,84101.18612955557,30422.637293333337,53678.54883622223,67098.18604527778,-3704.3333333333335,-1340.0,-2364.3333333333335,-2955.4166666666665,0.8842727272727271,2525.75,2525.75,748.916666666667,24.01116483795021,24.01116483795021,0.0,50619.05716521264,50619.05716521264,0.0,744.4218412697923,744.4218412697923,0.0,29442065.95719003,25182705.105451938,120383490.7106004,121366730.39332259,126645043.25314575,1761873.983302813,1776461.0488144057,1854003.0292391395,50453.8
15.5393975,15.175176286937548,-0.02343856723289639,-17538.799978333333,-20822.79265,3283.9926716666673,4104.990839583334,-1128.6666666666665,-1340.0,211.33333333333337,264.1666666666667,0.9999999999999998,4562.25,3778.416666666667,609.0,24.93911478187209,24.9331021921135,24.9331021921135,100915.7734134897,81370.70621384033,87957.2007095903,1472.1461461387853,1192.8508389260537,1286.045524205873,29442065.95719003,25182705.105451938,120383490.7106004,121366730.39332259,126645043.25314575,1761873.983302813,1776461.0488144057,1854003.0292391395,50453.8
47.69090183333333,47.88186930115216,0.004004274620056592,236578.66702788888,64859.62649333333,171719.04053455553,214648.8006681944,4960.666666666666,1360.0,3600.6666666666665,4500.833333333333,0.8698564593301433,5726.666666666667,6186.5,0.0,25.48822338165023,25.5666372614437,26.11383258779729,130186.40722703352,141921.74168919853,257734.9191460544,1903.5578066263918,2076.3619814926883,3772.2516649224717,29442065.95719003,25182705.105451938,120383490.7106004,121366730.39332259,126645043.25314575,1761873.983302813,1776461.0488144057,1854003.0292391395,50453.8
56.36427725000001,54.6907038268293,-0.02969209408554445,351570.30053763336,76655.41706,274914.88347763335,343643.6043470417,6237.466666666666,1360.0,4877.466666666666,6096.833333333333,0.7397129186602869,6748.033333333334,6888.666666666667,0.0,25.5666372614437,25.5666372614437,27.69424401284482,156278.26073274124,159873.78215294227,319697.6615453928,2284.57555727638,2336.7216498937014,4682.104611038659,29442065.95719003,25182705.105451938,120383490.7106004,121366730.39332259,126645043.25314575,1761873.983302813,1776461.0488144057,1854003.0292391395,50453.8
47.45285483333333,46.90173055226208,-0.011614143827741182,204679.98051444447,0.0,204679.98051444447,255849.97564305557,4313.333333333334,0.0,4313.333333333334,5391.666666666667,0.7397129186602869,7995.833333333333,6917.5,0.0,25.75975416942929,25.5666372614437,27.61652394098655,188235.33083300144,160610.9535273139,301012.99198287923,2754.4863754872786,2347.4128966616518,4406.563814890075,29442065.95719003,25182705.105451938,120383490.7106004,121366730.39332259,126645043.25314575,1761873.983302813,1776461.0488144057,1854003.0292391395,50453.8
54.743826083333325,54.92022841566579,0.0032223237751766434,286908.7429143444,74451.60347333332,212457.1394410111,265571.4243012639,5240.933333333334,1360.0,3880.933333333334,4851.166666666667,0.6095693779904304,6680.066666666666,7069.833333333333,0.0,25.5666372614437,25.5666372614437,27.20328488803203,154540.58162020508,164505.6046034738,290428.3726151221,2259.373878478864,2403.897287100419,4251.5987827890995,29442065.95719003,25182705.105451938,120383490.7106004,121366730.39332259,126645043.25314575,1761873.983302813,1776461.0488144057,1854003.0292391395,50453.8
58.636051,57.51239816855749,-0.019163173717863736,249770.03190966666,79745.02936,170025.00254966668,212531.25318708335,4259.666666666667,1360.0,2899.666666666667,3624.5833333333335,0.479425837320574,6832.25,7467.333333333333,0.0,25.5666372614437,25.61297300334298,26.11383258779729,158431.39770077582,174682.3491872507,268300.14058053406,2315.8026497147926,2553.871193142586,3927.7221482728037,29442065.95719003,25182705.105451938,120383490.7106004,121366730.39332259,126645043.25314575,1761873.983302813,1776461.0488144057,1854003.0292391395,50453.8
58.38373716666666,58.668011594626456,0.004869068712547218,190253.13818044445,79401.88254666666,110851.2556337778,138564.06954222222,3258.666666666667,1360.0,1898.666666666667,2373.3333333333335,0.3492822966507175,6915.666666666666,7801.0,0.0,25.5666372614437,25.61297300334298,25.82698149808759,160564.08135900123,183228.54451269947,244422.24286614603,2346.73310640473,2680.477527922296,3577.7751899657133,29442065.95719003,25182705.105451938,120383490.7106004,121366730.39332259,126645043.25314575,1761873.983302813,1776461.0488144057,1854003.0292391395,50453.8
43.80694308333332,44.12816372235156,0.007332642188869157,29502.515935188883,0.0,29502.515935188883,36878.1449189861,673.4666666666667,0.0,673.4666666666667,841.8333333333334,0.3492822966507175,8565.033333333333,8396.666666666666,0.0,25.75975416942929,25.75975416942929,25.82426608259441,202897.78290624058,198560.698962581,220254.27806653915,2971.0786499465908,2907.0116800301007,3227.061837597969,29442065.95719003,25182705.105451938,120383490.7106004,121366730.39332259,126645043.25314575,1761873.983302813,1776461.0488144057,1854003.0292391395,50453.8
43.73664766666666,44.502311549428,0.017506231584019493,-24337.51807553636,-20637.397682936364,-3700.1203926,-4625.150490749999,-556.4559556786721,-471.8559556786721,-84.60000000000001,-105.75,0.3900334928229665,8843.789289012006,8393.083333333334,0.0,25.76736368885589,25.75975416942929,25.75975416942929,210080.54968079718,198468.39317680724,195744.2991733901,3077.1817520127506,2905.648148201548,2865.4081042379635,29442065.95719003,25182705.105451938,120383490.7106004,121366730.39332259,126645043.25314575,1761873.983302813,1776461.0488144057,1854003.0292391395,50453.8
44.74153941666666,45.28326041579338,0.012107786325405769,-42003.357204366665,0.0,-42003.357204366665,-52504.19650545833,-938.8000000000001,0.0,-938.8000000000001,-1173.5,0.3900334928229665,8051.216666666666,8285.916666666666,0.0,25.75975416942929,25.75975416942929,25.5666372614437,189661.99188475165,195707.80618831672,165594.31724019026,2775.560869749058,2864.8690335150463,2419.686960795282,29442065.95719003,25182705.105451938,120383490.7106004,121366730.39332259,126645043.25314575,1761873.983302813,1776461.0488144057,1854003.0292391395,50453.8
44.07526058333334,44.67031714594719,0.013500919897881814,-82242.04324266221,-38061.002033928875,-44181.041208733346,-55226.30151091667,-1865.9457063711905,-863.5457063711904,-1002.4000000000001,-1253.0,0.4646124401913875,8801.279039704523,8188.333333333333,0.0,25.76736368885589,25.75975416942929,25.5666372614437,208985.17262638733,193194.0835106166,161066.89189180962,3061.0009533247107,2827.7365737188625,2354.025401888072,29442065.95719003,25182705.105451938,120383490.7106004,121366730.39332259,126645043.25314575,1761873.983302813,1776461.0488144057,1854003.0292391395,50453.8
43.21782316666667,42.783486499350886,-0.010049943182950055,-90538.45834595553,-57911.8830433333,-32626.575302622226,-40783.21912827778,-2094.9333333333325,-1339.999999999999,-754.9333333333334,-943.6666666666666,0.5803397129186602,9432.683333333332,8281.416666666666,0.0,25.82426608259441,25.75975416942929,25.61297300334298,225268.92013534426,195591.88729455427,171363.3347689008,3299.789628960847,2863.1566912187236,2504.702149540575,29442065.95719003,25182705.105451938,120383490.7106004,121366730.39332259,126645043.25314575,1761873.983302813,1776461.0488144057,1854003.0292391395,50453.8
48.458002,48.71611680212406,0.0053265671606530915,39581.30366696666,58602.684718699995,-19021.381051733333,-23776.726314666666,816.8166666666666,1209.35,-392.53333333333336,-490.6666666666667,0.4646124401913874,7364.9333333333325,8672.416666666666,0.0,25.61297300334298,25.76736368885589,25.75975416942929,172059.58075170836,205664.72899451185,193024.49846233448,2515.0165817096918,3011.9516969558094,2825.231480359427,29442065.95719003,25182705.105451938,120383490.7106004,121366730.39332259,126645043.25314575,1761873.983302813,1776461.0488144057,1854003.0292391395,50453.8
49.72918741666666,49.77981630693861,0.0010180920481918409,34405.13831422083,7491.702084320833,26913.4362299,33641.795287375,691.85,150.65,541.2,676.5,0.4501961722488037,8946.15,8961.5,0.0,25.76736368885589,25.76736368885589,25.82426608259441,212718.11534827467,213113.64438089862,230571.07236653563,3116.143604390544,3121.986319121876,3376.6872052889994,29442065.95719003,25182705.105451938,120383490.7106004,121366730.39332259,126645043.25314575,1761873.983302813,1776461.0488144057,1854003.0292391395,50453.8
54.73418891666666,54.03626842020159,-0.012751088675629485,146486.93427063889,74438.49692666666,72048.43734397223,90060.54667996528,2676.3333333333335,1360.0,1316.3333333333335,1645.4166666666667,0.32005263157894726,8313.25,9344.166666666666,0.0,25.75975416942929,25.82426608259441,26.11383258779729,196411.90613561447,222983.04218259995,265627.82504571613,2875.269927463081,3266.637341609697,3888.3982031535024,29442065.95719003,25182705.105451938,120383490.7106004,121366730.39332259,126645043.25314575,1761873.983302813,1776461.0488144057,1854003.0292391395,50453.8
61.195367,62.74672079080641,0.025350837275089907,248926.43419146666,83225.69911999999,165700.73507146668,207125.91883933332,4067.7333333333336,1360.0,2707.7333333333336,3384.6666666666665,0.1899090909090908,8860.433333333332,9543.5,0.0,25.76736368885589,25.82426608259441,27.69424401284482,210509.42282407824,228130.67922173045,318109.8582219897,3083.5170225629236,3341.293970628668,4659.099083954406,29442065.95719003,25182705.105451938,120383490.7106004,121366730.39332259,126645043.25314575,1761873.983302813,1776461.0488144057,1854003.0292391395,50453.8
45.91644325000001,45.34060133561928,-0.0125410827499301,23907.161452166674,0.0,23907.161452166674,29883.95181520834,520.6666666666667,0.0,520.6666666666667,650.8333333333334,0.1899090909090908,8685.75,8555.583333333334,0.0,25.76736368885589,25.75975416942929,25.82426608259441,206008.29384369662,202654.3532293395,219425.7495297226,3017.026802042743,2967.4827311243134,3215.0456159540295,29442065.95719003,25182705.105451938,120383490.7106004,121366730.39332259,126645043.25314575,1761873.983302813,1776461.0488144057,1854003.0292391395,50453.8
27.67080658333334,27.486719763982805,-0.00665274497135239,-106962.42520809446,-37078.880821666666,-69883.54438642779,-87354.43048303474,-3865.533333333333,-1339.9999999999995,-2525.5333333333333,-3156.9166666666665,0.3056363636363635,6374.949999999999,5945.333333333333,279.0,25.5666372614437,25.48822338165023,24.01116483795021,146739.77448111758,135759.83207315434,56925.98979598089,2146.238239992813,1986.518802965481,838.0334452006471,29442065.95719003,25182705.105451938,120383490.7106004,121366730.39332259,126645043.25314575,1761873.983302813,1776461.0488144057,1854003.0292391395,50453.8
19.731351749999998,19.587968070115302,-0.007266794576539705,-98142.42818105,-26440.011345,-71702.41683605,-89628.0210450625,-4973.933333333334,-1340.0,-3633.933333333334,-4542.416666666667,0.4213636363636362,5138.833333333333,5138.833333333333,431.51666666666733,25.25880638621389,25.25880638621389,17.74813432835821,115332.37639203413,115332.37639203413,8625.426505161653,1682.9905292408723,1682.9905292408723,127.28409531859118,29442065.95719003,25182705.105451938,120383490.7106004,121366730.39332259,126645043.25314575,1761873.983302813,1776461.0488144057,1854003.0292391395,50453.8
20.047987333333335,20.924141248964915,0.04370283665207721,-115178.36029497781,-26864.30302666667,-88314.05726831114,-110392.5715853889,-5745.133333333334,-1340.0,-4405.133333333334,-5506.416666666667,0.537090909090909,5207.583333333333,5207.583333333333,238.71666666666715,25.25880638621389,25.25880638621389,0.0,117068.91933108633,117068.91933108633,0.0,1708.7899997926888,1708.7899997926888,0.0,29442065.95719003,25182705.105451938,120383490.7106004,121366730.39332259,126645043.25314575,1761873.983302813,1776461.0488144057,1854003.0292391395,50453.8
15.402561583333336,15.286604124361924,-0.007528452870909903,-90148.11243493334,-20639.43252166667,-69508.67991326668,-86885.84989158335,-5852.8,-1340.0,-4512.8,-5641.0,0.6528181818181817,4988.5,4988.5,211.80000000000018,24.98363131975477,24.98363131975477,0.0,111547.23297090142,111547.23297090142,0.0,1626.9153965663313,1626.9153965663313,0.0,29442065.95719003,25182705.105451938,120383490.7106004,121366730.39332259,126645043.25314575,1761873.983302813,1776461.0488144057,1854003.0292391395,50453.8
7.14558075,7.095133766831766,-0.007059885673845891,-35261.05914099999,-9575.078204999993,-25685.980935999996,-32107.476169999998,-4934.666666666666,-1339.999999999999,-3594.6666666666665,-4493.333333333333,0.7685454545454544,5371.833333333333,5371.833333333333,441.33333333333303,25.25880638621389,25.25880638621389,20.03603785638579,121217.67828002197,121217.67828002197,14089.509810337528,1770.4272803473925,1770.4272803473925,207.45676106867603,29442065.95719003,25182705.105451938,120383490.7106004,121366730.39332259,126645043.25314575,1761873.983302813,1776461.0488144057,1854003.0292391395,50453.8
3.456212333333333,3.6003152117684203,0.04169387310070364,-12938.676491066664,-4631.324526666666,-8307.351964399999,-10384.1899555,-3743.6,-1340.0,-2403.6,-3004.5,0.8842727272727271,5566.166666666667,5566.166666666667,739.0999999999999,25.25880638621389,25.25880638621389,24.01116483795021,126126.30632107622,126126.30632107622,51481.45816897569,1843.353783773861,1843.353783773861,757.2221589392716,29442065.95719003,25182705.105451938,120383490.7106004,121366730.39332259,126645043.25314575,1761873.983302813,1776461.0488144057,1854003.0292391395,50453.8
6.66351225,6.8091304637504555,0.021853072116803676,-19796.8506606,-8929.106415,-10867.7442456,-13584.680307,-2970.9333333333334,-1340.0,-1630.9333333333334,-2038.6666666666667,0.9999999999999998,6515.0,6515.0,932.2666666666667,25.5666372614437,25.5666372614437,24.93911478187209,150320.3820295828,150320.3820295828,98773.08780181385,2198.168035710205,2198.168035710205,1440.9796747119299,29442065.95719003,25182705.105451938,120383490.7106004,121366730.39332259,126645043.25314575,1761873.983302813,1776461.0488144057,1854003.0292391395,50453.8
46.23020941666666,45.95395759265838,-0.005975569384046307,11970.542224955554,0.0,11970.542224955554,14963.177781194443,258.93333333333334,0.0,258.93333333333334,323.6666666666667,0.9999999999999998,7959.5,7959.5,64.73333333333335,25.75975416942929,25.75975416942929,25.75975416942929,187299.39309817884,187299.39309817884,195636.96686435078,2740.660796946599,2740.660796946599,2863.822602111738,29442065.95719003,25182705.105451938,120383490.7106004,121366730.39332259,126645043.25314575,1761873.983302813,1776461.0488144057,1854003.0292391395,50453.8
71.01672233333333,72.39244992784413,0.019371882414588107,328655.92206235556,96582.74237333333,232073.17968902225,290091.4746112778,4627.866666666667,1360.0,3267.866666666667,4084.8333333333335,0.8698564593301433,9932.133333333337,10475.16666666667,0.0,25.82698149808759,26.026895983899,27.96344616076303,238166.9479473093,252194.5154728405,363417.21018557315,3486.8772375155195,3690.729794870844,5321.940273433265,29442065.95719003,25182705.105451938,120383490.7106004,121366730.39332259,126645043.25314575,1761873.983302813,1776461.0488144057,1854003.0292391395,50453.8
70.64142983333333,72.0440738995101,0.01985582779802249,354351.5403299667,96072.34457333334,258279.19575663336,322848.9946957917,5016.200000000001,1360.0,3656.2000000000003,4570.25,0.7397129186602869,10918.05,11364.0,0.0,26.11383258779729,26.11383258779729,29.19634804478695,263759.81555460236,275405.2791971306,402278.8420029769,3860.909868877926,4032.2764486103597,5895.999759300601,29442065.95719003,25182705.105451938,120383490.7106004,121366730.39332259,126645043.25314575,1761873.983302813,1776461.0488144057,1854003.0292391395,50453.8
58.07142733333333,57.45003385129447,-0.010700502993873788,269052.66569231113,78977.14117333334,190075.52451897776,237594.4056487222,4633.133333333333,1360.0,3273.133333333333,4091.4166666666665,0.6095693779904304,11106.783333333333,11648.5,0.0,26.11383258779729,27.20328488803203,29.19634804478695,268688.366225006,283015.4774831334,396605.0183662733,3933.4350080523504,4143.354824090943,5811.704915196791,29442065.95719003,25182705.105451938,120383490.7106004,121366730.39332259,126645043.25314575,1761873.983302813,1776461.0488144057,1854003.0292391395,50453.8
58.44630200000001,58.68505364435395,0.004084974347118476,269254.32047373336,79486.97072000001,189767.34975373338,237209.18719216672,4606.866666666667,1360.0,3246.866666666667,4058.5833333333335,0.479425837320574,11318.216666666667,11866.5,0.0,26.11383258779729,27.20328488803203,29.19634804478695,274209.70089515264,288945.7935887244,402011.2088125664,4014.683146127832,4229.949991049468,5892.023587408912,29442065.95719003,25182705.105451938,120383490.7106004,121366730.39332259,126645043.25314575,1761873.983302813,1776461.0488144057,1854003.0292391395,50453.8
59.45427,58.76852104622872,-0.011534057247213318,242624.94863400003,80857.8072,161767.14143400002,202208.92679250002,4080.866666666667,1360.0,2720.866666666667,3401.0833333333335,0.3492822966507175,10902.466666666667,11582.25,0.0,26.11383258779729,27.20328488803203,28.07250962091945,263352.87499677594,281213.25985930127,375286.8428816884,3854.9216133915183,4117.0386322973545,5496.665951917322,29442065.95719003,25182705.105451938,120383490.7106004,121366730.39332259,126645043.25314575,1761873.983302813,1776461.0488144057,1854003.0292391395,50453.8
55.767633,55.43373153306995,-0.005987370253459384,158450.71672179998,75843.98087999999,82606.7358418,103258.41980224999,2841.2666666666664,1360.0,1481.2666666666667,1851.5833333333333,0.21913875598086108,10470.899999999998,11460.58333333333,0.0,26.00948919846558,26.37504509308782,27.69424401284482,252083.5404918079,277930.024797364,328744.4479229221,3689.097255010258,4069.158106922014,4813.182614193118,29442065.95719003,25182705.105451938,120383490.7106004,121366730.39332259,126645043.25314575,1761873.983302813,1776461.0488144057,1854003.0292391395,50453.8
53.63504266666667,53.11917480981209,-0.00961811217454647,76459.43507346668,41800.47050226667,34658.964571200006,43323.705714,1425.5500000000002,779.35,646.2,807.75,0.14455980861244,10538.7,11156.5,0.0,26.11383258779729,26.11383258779729,27.20328488803203,253853.53316242152,269986.65893516265,291604.9146865295,3715.1358762296504,3952.539784646956,4268.778787243027,29442065.95719003,25182705.105451938,120383490.7106004,121366730.39332259,126645043.25314575,1761873.983302813,1776461.0488144057,1854003.0292391395,50453.8
51.63286041666666,51.97470570800322,0.00662069249268657,7063.375305,0.0,7063.375305,8829.219131249998,136.8,0.0,136.8,171.0,0.14455980861244,10610.36666666667,10576.16666666667,0.0,26.11383258779729,26.11383258779729,26.11383258779729,255725.0244978804,254831.9314233777,259297.39679589105,3742.6754469158072,3729.5333076023207,3795.2440041697523,29442065.95719003,25182705.105451938,120383490.7106004,121366730.39332259,126645043.25314575,1761873.983302813,1776461.0488144057,1854003.0292391395,50453.8
52.27378166666667,52.21948461713507,-0.00103870521321446,-12057.818971111112,0.0,-12057.818971111112,-15072.27371388889,-230.66666666666666,0.0,-230.66666666666666,-288.3333333333333,0.14455980861244,10342.916666666664,10400.58333333333,0.0,25.82698149808759,25.82698149808759,25.82698149808759,248776.24149703188,250265.59743008824,242818.8177648063,3641.0447185256985,3662.6870881566974,3554.4752400017032,29442065.95719003,25182705.105451938,120383490.7106004,121366730.39332259,126645043.25314575,1761873.983302813,1776461.0488144057,1854003.0292391395,50453.8
48.56189125,49.24742497887078,0.014116701619827721,-18621.86656466667,0.0,-18621.86656466667,-23277.333205833333,-383.4666666666667,0.0,-383.4666666666667,-479.3333333333333,0.14455980861244,10077.466666666664,10173.33333333333,0.0,25.82698149808759,25.82698149808759,25.82426608259441,241920.4692583645,244396.41588464784,232017.23126716082,3541.4210130017336,3577.3998887582384,3397.660973976602,29442065.95719003,25182705.105451938,120383490.7106004,121366730.39332259,126645043.25314575,1761873.983302813,1776461.0488144057,1854003.0292391395,50453.8
50.92755508333334,50.00175976409794,-0.018178671992411705,-100826.37355398334,-68242.92381166667,-32583.449742316672,-40729.31217789584,-1979.8000000000002,-1340.0,-639.8000000000001,-799.75,0.26028708133971273,10961.216666666667,9781.166666666666,0.0,26.11383258779729,25.82426608259441,25.76736368885589,264887.062661309,234268.2464606937,213626.84437436832,3877.4976568028433,3430.307643689748,3129.567257345482,29442065.95719003,25182705.105451938,120383490.7106004,121366730.39332259,126645043.25314575,1761873.983302813,1776461.0488144057,1854003.0292391395,50453.8
54.00724766666667,53.650916882093185,-0.006597832697803138,-30654.513775600004,0.0,-30654.513775600004,-38318.142219500005,-567.6,0.0,-567.6,-709.5,0.26028708133971273,9473.6,9615.5,0.0,25.82426608259441,25.82426608259441,25.76736368885589,226325.56302255712,229990.02637967726,211683.5556961671,3315.114212927534,3368.260244655587,3100.8611941975173,29442065.95719003,25182705.105451938,120383490.7106004,121366730.39332259,126645043.25314575,1761873.983302813,1776461.0488144057,1854003.0292391395,50453.8
54.71214983333334,56.158862193060614,0.026442250288725794,57604.5988211889,74408.52377333335,-16803.92495214445,-21004.90619018056,1052.8666666666666,1360.0,-307.1333333333334,-383.9166666666667,0.13014354066985628,8345.883333333333,9782.666666666666,0.0,25.75975416942929,25.82426608259441,25.82426608259441,197252.53278001017,234306.9828598176,224392.61670627492,2887.6875801156734,3430.869441065309,3287.0805238870494,29442065.95719003,25182705.105451938,120383490.7106004,121366730.39332259,126645043.25314575,1761873.983302813,1776461.0488144057,1854003.0292391395,50453.8
53.123667833333336,52.71879610790482,-0.007621305944061157,49900.83198477779,0.0,49900.83198477779,62376.03998097223,939.3333333333335,0.0,939.3333333333335,1174.1666666666667,0.13014354066985628,10326.250000000004,10091.41666666667,0.0,25.82698149808759,25.82698149808759,26.11383258779729,248345.79180539725,242280.755650263,272835.2428399483,3634.789698401135,3546.656464845998,3994.4575730518145,29442065.95719003,25182705.105451938,120383490.7106004,121366730.39332259,126645043.25314575,1761873.983302813,1776461.0488144057,1854003.0292391395,50453.8
57.780435916666654,58.13649254170707,0.006162235008990585,186808.00134764443,78581.39284666665,108226.60850097776,135283.2606262222,3233.0666666666666,1360.0,1873.0666666666668,2341.3333333333335,0.0,9424.599999999997,10316.33333333333,0.0,25.82426608259441,25.82698149808759,27.61652394098655,225060.1739845099,248089.67423887437,310637.350576313,3296.7621653258793,3631.0679614270157,4548.870094351711,29442065.95719003,25182705.105451938,120383490.7106004,121366730.39332259,126645043.25314575,1761873.983302813,1776461.0488144057,1854003.0292391395,50453.8
42.71938983333334,42.46971092913575,-0.0058446271159697735,-45280.304834394745,-36693.70747789474,-8586.5973565,-10733.246695625001,-1059.9473684210527,-858.9473684210527,-201.0,-251.25,0.07418181818181818,9842.86403508772,9049.166666666666,15.0,25.82426608259441,25.76736368885589,25.76736368885589,235861.53571939486,215372.58326428832,208898.53313746327,3453.4152567950523,3155.35513506846,3059.7211235865666,29442065.95719003,25182705.105451938,120383490.7106004,121366730.39332259,126645043.25314575,1761873.983302813,1776461.0488144057,1854003.0292391395,50453.8
22.173669333333333,22.55689435990656,0.01728288723044738,-85287.32347911112,-29712.716906666665,-55574.60657244445,-69468.25821555556,-3846.3333333333335,-1340.0,-2506.3333333333335,-3132.9166666666665,0.18990909090909092,6304.333333333334,5827.916666666667,237.0,25.5666372614437,25.48822338165023,24.01116483795021,144934.34377983867,132767.0898444256,54682.94681403572,2120.0539552784744,1941.971530159926,804.7407396148325,29442065.95719003,25182705.105451938,120383490.7106004,121366730.39332259,126645043.25314575,1761873.983302813,1776461.0488144057,1854003.0292391395,50453.8
20.502968666666664,19.663515283035977,-0.04094301646158458,-94112.72677373332,-27473.97801333333,-66638.74876039999,-83298.43595049999,-4590.200000000001,-1340.0,-3250.2000000000003,-4062.75,0.30563636363636365,5800.533333333334,5499.083333333333,226.0,25.48822338165023,25.25880638621389,21.82773055559787,132069.13732749142,124431.86139266768,25620.128118211098,1931.5824358775233,1818.1797549323915,375.49221334627504,29442065.95719003,25182705.105451938,120383490.7106004,121366730.39332259,126645043.25314575,1761873.983302813,1776461.0488144057,1854003.0292391395,50453.8
16.489989666666663,16.81766667697034,0.019871268383269896,-96208.09637855554,-22096.586153333326,-74111.51022522221,-92639.38778152777,-5834.333333333334,-1340.0,-4494.333333333334,-5617.916666666667,0.4213636363636364,5464.0,5253.583333333333,6.0,25.25880638621389,25.25880638621389,0.0,123545.69826861803,118230.82442485218,0.0,1805.0142069295857,1726.052190998268,0.0,29442065.95719003,25182705.105451938,120383490.7106004,121366730.39332259,126645043.25314575,1761873.983302813,1776461.0488144057,1854003.0292391395,50453.8
19.22402875,19.72142224585991,0.02587353058655355,-119669.57896875,-25760.198525,-93909.38044375,-117386.7255546875,-6225.0,-1340.0,-4885.0,-6106.25,0.5370909090909091,5488.333333333333,5389.583333333333,20.0,25.25880638621389,25.25880638621389,0.0,124160.32922401588,121666.02209337727,0.0,1814.1456559006529,1777.088234562589,0.0,29442065.95719003,25182705.105451938,120383490.7106004,121366730.39332259,126645043.25314575,1761873.983302813,1776461.0488144057,1854003.0292391395,50453.8
18.66559725,18.607376437448746,-0.0031191507976663867,-114087.86351144998,-25011.900314999984,-89075.96319645,-111344.95399556251,-6112.199999999999,-1339.999999999999,-4772.2,-5965.25,0.6528181818181817,5488.25,5488.25,146.9499999999989,25.25880638621389,25.25880638621389,0.0,124158.22432348371,124158.22432348371,0.0,1814.1143838151356,1814.1143838151356,0.0,29442065.95719003,25182705.105451938,120383490.7106004,121366730.39332259,126645043.25314575,1761873.983302813,1776461.0488144057,1854003.0292391395,50453.8
19.758962416666666,19.708164144194676,-0.002570897772908503,-100363.67369921664,-26477.009638333315,-73886.66406088333,-92358.33007610416,-5079.4,-1339.999999999999,-3739.4,-4674.25,0.7685454545454544,5596.4,5456.25,265.0,25.25880638621389,25.25880638621389,20.03603785638579,126889.96423415274,123349.94251912486,12156.0321571963,1854.6992963995567,1802.1059029764717,179.27863105804073,29442065.95719003,25182705.105451938,120383490.7106004,121366730.39332259,126645043.25314575,1761873.983302813,1776461.0488144057,1854003.0292391395,50453.8
17.025584,17.171775993737253,0.008586606705370797,-75666.23545173333,-22814.28256,-52851.95289173333,-66064.94111466667,-4444.266666666666,-1340.0,-3104.266666666667,-3880.3333333333335,0.8842727272727271,6252.516666666666,6085.583333333333,397.0,25.5666372614437,25.5666372614437,24.01116483795021,143609.56585907485,139341.64187889785,42923.478834649584,2100.840610653296,2038.9426178048618,630.1990529709127,29442065.95719003,25182705.105451938,120383490.7106004,121366730.39332259,126645043.25314575,1761873.983302813,1776461.0488144057,1854003.0292391395,50453.8
38.340914999999995,38.120045705224655,-0.005760668329781368,-50671.35326399999,-51376.82609999999,705.472836,881.8410449999999,-1321.6,-1340.0,18.400000000000002,23.0,0.9999999999999998,8908.1,7616.5,53.0,25.76736368885589,25.61297300334298,25.61297300334298,211737.66715991372,178502.9509935827,179092.0493726596,3101.6605232487095,2610.470928221427,2619.1980382112374,29442065.95719003,25182705.105451938,120383490.7106004,121366730.39332259,126645043.25314575,1761873.983302813,1776461.0488144057,1854003.0292391395,50453.8
52.109606333333325,53.78841490174388,0.03221687298252839,257373.68814752775,63018.75241921666,194354.9357283111,242943.66966038887,4939.083333333334,1209.3500000000001,3729.7333333333336,4662.166666666667,0.884272727272727,9799.333333333332,10076.25,0.0,25.82426608259441,25.82698149808759,28.07250962091945,234737.3872945275,241889.04643087526,368411.4174003649,3437.1116341270954,3540.964396532642,5394.519121134735,29442065.95719003,25182705.105451938,120383490.7106004,121366730.39332259,126645043.25314575,1761873.983302813,1776461.0488144057,1854003.0292391395,50453.8
52.889814,51.999927102655136,-0.01682529829552558,259026.10107119998,0.0,259026.10107119998,323782.626339,4897.466666666666,0.0,4897.466666666666,6121.833333333333,0.884272727272727,11765.616666666667,10541.25,0.0,27.20328488803203,26.11383258779729,32.80706519540729,286201.4355316034,253920.1234355204,424459.4872801862,4189.876554841521,3716.1157725819717,6220.521546540942,29442065.95719003,25182705.105451938,120383490.7106004,121366730.39332259,126645043.25314575,1761873.983302813,1776461.0488144057,1854003.0292391395,50453.8
48.60405,49.973781496502696,0.028181427195937334,195109.61778,0.0,195109.61778,243887.022225,4014.2666666666664,0.0,4014.2666666666664,5017.833333333333,0.884272727272727,11865.399999999998,10861.83333333333,0.0,27.20328488803203,26.11383258779729,29.19634804478695,288915.8699753475,262291.782932625,400685.2080055322,4229.51304295931,3839.3073172675986,5872.32346303645,29442065.95719003,25182705.105451938,120383490.7106004,121366730.39332259,126645043.25314575,1761873.983302813,1776461.0488144057,1854003.0292391395,50453.8
54.196272916666665,54.08490833940698,-0.0020548382991376966,181051.68239027777,0.0,181051.68239027777,226314.6029878472,3340.6666666666665,0.0,3340.6666666666665,4175.833333333333,0.884272727272727,12119.833333333336,11284.66666666667,0.0,27.20328488803203,26.11383258779729,28.07250962091945,295837.2924270259,273333.5818118321,388682.1087224705,4330.580460297908,4001.790784315919,5695.676755953084,29442065.95719003,25182705.105451938,120383490.7106004,121366730.39332259,126645043.25314575,1761873.983302813,1776461.0488144057,1854003.0292391395,50453.8
54.81391616666667,54.318113589209766,-0.009045195310427703,171830.6643992667,0.0,171830.6643992667,214788.33049908336,3134.8,0.0,3134.8,3918.5,0.884272727272727,11900.28333333333,11116.58333333333,0.0,27.20328488803203,26.11383258779729,28.07250962091945,289864.8112298583,268944.28178436635,376739.5952545708,4243.369593757795,3937.2008842298983,5518.249205376316,29442065.95719003,25182705.105451938,120383490.7106004,121366730.39332259,126645043.25314575,1761873.983302813,1776461.0488144057,1854003.0292391395,50453.8
61.29454074999999,60.221440953977066,-0.01750726545777932,227304.67491729997,83360.57541999998,143944.0994973,179930.12437162496,3708.4,1360.0,2348.4,2935.5,0.7541291866028705,10387.26666666667,11160.16666666667,0.0,25.82698149808759,26.11383258779729,27.70318112949341,249921.6681264722,270082.40965465136,350448.21433060477,3657.689327077171,3953.948785937877,5134.18757020905,29442065.95719003,25182705.105451938,120383490.7106004,121366730.39332259,126645043.25314575,1761873.983302813,1776461.0488144057,1854003.0292391395,50453.8
62.47694516666669,64.1839727080126,0.02732251931960114,144021.85399820007,84968.6454266667,59053.20857153336,73816.5107144167,2305.2,1360.0,945.2,1181.5,0.6239856459330141,9861.3,10985.0,0.0,25.82426608259441,26.11383258779729,27.20328488803203,236337.63098277894,265508.13664635544,297106.779055134,3460.320107930819,3886.6369515398533,4349.117652001567,29442065.95719003,25182705.105451938,120383490.7106004,121366730.39332259,126645043.25314575,1761873.983302813,1776461.0488144057,1854003.0292391395,50453.8
55.23047333333333,52.64575148562432,-0.046798835709942255,9510.687508,0.0,9510.687508,11888.359385,172.20000000000002,0.0,172.20000000000002,215.25,0.6239856459330141,10731.216666666669,10688.16666666667,0.0,26.11383258779729,26.11383258779729,26.11383258779729,258880.88116611567,257756.68067321103,263377.68313773436,3789.1148485542517,3772.5718924885914,3855.2866728168938,29442065.95719003,25182705.105451938,120383490.7106004,121366730.39332259,126645043.25314575,1761873.983302813,1776461.0488144057,1854003.0292391395,50453.8
52.65844216666667,51.563810576971406,-0.020787390295950933,5314.9920960222225,0.0,5314.9920960222225,6643.740120027778,100.93333333333334,0.0,100.93333333333334,126.16666666666667,0.6239856459330141,10442.566666666664,10417.33333333333,0.0,25.82698149808759,25.82698149808759,26.11383258779729,251349.9002033163,250698.19937018122,253978.87955884283,3678.4434838504794,3668.9733833818864,3716.980387010489,29442065.95719003,25182705.105451938,120383490.7106004,121366730.39332259,126645043.25314575,1761873.983302813,1776461.0488144057,1854003.0292391395,50453.8
54.54271716666668,57.03571015663542,0.04570716530954768,47219.44834175556,74178.09534666668,-26958.64700491112,-33698.3087561389,865.7333333333333,1360.0,-494.2666666666667,-617.8333333333334,0.49384210526315764,8935.266666666663,10418.83333333333,0.0,25.76736368885589,25.82698149808759,25.82426608259441,212437.68054012753,250736.93984242834,234780.42773799843,3112.0010498633337,3669.5363351930973,3437.735853433273,29442065.95719003,25182705.105451938,120383490.7106004,121366730.39332259,126645043.25314575,1761873.983302813,1776461.0488144057,1854003.0292391395,50453.8
49.76042025,50.748227638075114,0.019851266993170285,-32878.36833985,0.0,-32878.36833985,-41097.9604248125,-660.7333333333333,0.0,-660.7333333333333,-825.9166666666666,0.49384210526315764,10119.899999999998,10285.08333333333,0.0,25.82698149808759,25.82698149808759,25.82426608259441,243016.39417326672,247282.58106705913,225952.83278209827,3557.3462942388796,3619.339798693454,3309.7084737360256,29442065.95719003,25182705.105451938,120383490.7106004,121366730.39332259,126645043.25314575,1761873.983302813,1776461.0488144057,1854003.0292391395,50453.8
47.10006716666666,45.49137813475512,-0.03415470781005667,-85361.4827262763,-55035.31947989853,-30326.16324637778,-37907.70405797222,-1812.3431209602977,-1168.476454293631,-643.8666666666668,-804.8333333333334,0.5947559808612439,11265.593120960295,10258.08333333333,0.0,26.11383258779729,25.82698149808759,25.82426608259441,272835.4984324001,246585.25256661075,225800.03920777622,3994.4613341733657,3609.206666091657,3307.4924951990906,29442065.95719003,25182705.105451938,120383490.7106004,121366730.39332259,126645043.25314575,1761873.983302813,1776461.0488144057,1854003.0292391395,50453.8
53.7332805,54.12344654395058,0.0072611618036345004,58443.8980905,73077.26148,-14633.363389500002,-18291.704236875,1087.6666666666665,1360.0,-272.33333333333337,-340.4166666666667,0.4646124401913875,8944.333333333336,10372.41666666667,0.0,25.76736368885589,25.82698149808759,25.82698149808759,212671.3046375733,249538.1374512256,240746.20249958496,3115.4521213224507,3652.116104146183,3524.35731810192,29442065.95719003,25182705.105451938,120383490.7106004,121366730.39332259,126645043.25314575,1761873.983302813,1776461.0488144057,1854003.0292391395,50453.8
63.361310833333334,65.59050835629168,0.035182313838519885,139162.55902694445,86171.38273333333,52991.17629361112,66238.9703670139,2196.3333333333335,1360.0,836.3333333333335,1045.4166666666667,0.334468899521531,9652.416666666664,10803.33333333333,0.0,25.82426608259441,26.11383258779729,27.20328488803203,230943.37220255964,260764.12372623885,288462.9352819617,3382.086702287444,3816.827342126109,4222.899237776468,29442065.95719003,25182705.105451938,120383490.7106004,121366730.39332259,126645043.25314575,1761873.983302813,1776461.0488144057,1854003.0292391395,50453.8
85.47082083333333,85.25578882635506,-0.002515852835877113,284811.56723555556,116240.31633333334,168571.25090222224,210714.0636277778,3332.266666666667,1360.0,1972.2666666666669,2465.3333333333335,0.20432535885167458,10126.483333333337,10993.41666666667,0.0,25.82698149808759,26.11383258779729,27.69424401284482,243186.42180146262,265727.9280706361,332803.96252447175,3559.8170271880854,3889.8712499576473,4872.0005242820735,29442065.95719003,25182705.105451938,120383490.7106004,121366730.39332259,126645043.25314575,1761873.983302813,1776461.0488144057,1854003.0292391395,50453.8
57.34008075,55.53369584798178,-0.03150300589728791,79247.81426854999,77982.50981999999,1265.30444855,1581.6305606874998,1382.0666666666666,1360.0,22.066666666666666,27.583333333333332,0.07418181818181813,8042.6,9397.083333333334,0.0,25.75975416942929,25.82426608259441,25.82426608259441,189440.02866965844,224349.57626280395,225061.89560224884,2772.2820513520255,3286.456304580871,3296.7871340981283,29442065.95719003,25182705.105451938,120383490.7106004,121366730.39332259,126645043.25314575,1761873.983302813,1776461.0488144057,1854003.0292391395,50453.8
25.889756000000006,26.170555246675768,0.010845959563147909,-90184.37605040002,-34692.27304000001,-55492.10301040002,-69365.12876300002,-3483.4,-1340.0,-2143.4,-2679.25,0.18990909090909086,6127.733333333334,5529.583333333333,206.0,25.5666372614437,25.25880638621389,24.22165375753167,140419.2756394677,125202.2549874472,58413.774602656726,2054.5716138026346,1829.6253382317427,860.0873929778031,29442065.95719003,25182705.105451938,120383490.7106004,121366730.39332259,126645043.25314575,1761873.983302813,1776461.0488144057,1854003.0292391395,50453.8
27.31487966666667,27.372741444070336,0.0021183244484242235,-124918.22868357779,-36601.938753333336,-88316.28993024446,-110395.36241280557,-4573.266666666666,-1340.0,-3233.266666666667,-4041.5833333333335,0.3056363636363636,5114.4333333333325,4750.75,168.0,25.25880638621389,24.93911478187209,19.25824521378865,114716.0615162105,105616.79654987258,10711.992885613896,1673.834062601391,1540.5249612382488,158.17889001280992,29442065.95719003,25182705.105451938,120383490.7106004,121366730.39332259,126645043.25314575,1761873.983302813,1776461.0488144057,1854003.0292391395,50453.8
29.858973833333334,30.954767020831177,0.03669895668934703,-153805.56481375557,-40011.02493666667,-113794.53987708889,-142243.1748463611,-5151.066666666667,-1340.0,-3811.0666666666666,-4763.833333333333,0.42136363636363633,5022.066666666667,4634.833333333333,0.0,24.98363131975477,24.93911478187209,0.0,112385.85019553453,102725.93749474057,0.0,1639.279637952057,1498.4759197690385,0.0,29442065.95719003,25182705.105451938,120383490.7106004,121366730.39332259,126645043.25314575,1761873.983302813,1776461.0488144057,1854003.0292391395,50453.8
30.4733245,30.949405031034164,0.015622861596021777,-163395.93441403334,-40834.25483,-122561.67958403335,-153202.09948004168,-5361.933333333334,-1340.0,-4021.933333333334,-5027.416666666667,0.5370909090909091,4881.183333333334,4546.666666666667,0.0,24.93911478187209,24.93911478187209,0.0,108869.68842125479,100527.13887480553,0.0,1587.83995743351,1466.4932555890066,0.0,29442065.95719003,25182705.105451938,120383490.7106004,121366730.39332259,126645043.25314575,1761873.983302813,1776461.0488144057,1854003.0292391395,50453.8
29.19593675,29.30845031028327,0.0038537403765018523,-163078.7707065833,-39122.555244999974,-123956.21546158334,-154945.26932697918,-5585.666666666666,-1339.999999999999,-4245.666666666667,-5307.083333333333,0.6528181818181817,4785.0,4506.416666666667,0.0,24.93911478187209,24.93911478187209,0.0,106470.96123115171,99523.33950483518,0.0,1552.9492287032708,1451.8924741155138,0.0,29442065.95719003,25182705.105451938,120383490.7106004,121366730.39332259,126645043.25314575,1761873.983302813,1776461.0488144057,1854003.0292391395,50453.8
29.831250166666667,29.561696160013135,-0.009035960784329814,-154573.60586359998,-39973.87522333331,-114599.73064026667,-143249.66330033334,-5181.599999999999,-1339.999999999999,-3841.6000000000004,-4802.0,0.7685454545454544,5130.266666666666,4750.666666666667,0.0,25.25880638621389,24.93911478187209,0.0,115115.99261732557,105614.71829030744,0.0,1679.7757588496884,1540.49473187702,0.0,29442065.95719003,25182705.105451938,120383490.7106004,121366730.39332259,126645043.25314575,1761873.983302813,1776461.0488144057,1854003.0292391395,50453.8
26.81596275,25.838034348852347,-0.03646814437597076,-123787.84724655,-35933.390085,-87854.45716155,-109818.0714519375,-4616.200000000001,-1340.0,-3276.2000000000003,-4095.25,0.8842727272727271,6005.700000000001,5488.75,4.0,25.5666372614437,25.25880638621389,21.82773055559787,137299.29367232954,124170.85372667681,24685.173659412994,2009.3223023373555,1814.3020163282397,362.011880393763,29442065.95719003,25182705.105451938,120383490.7106004,121366730.39332259,126645043.25314575,1761873.983302813,1776461.0488144057,1854003.0292391395,50453.8
44.56689908333333,45.38589091925451,0.018376684327751424,-59897.912368,-59719.644771666666,-178.26759633333333,-222.83449541666667,-1344.0,-1340.0,-4.0,-5.0,0.9999999999999998,8473.666666666668,7152.666666666667,18.0,25.75975416942929,25.5666372614437,25.5666372614437,200544.2000336271,166623.3743899634,166495.54120365618,2936.311759322735,2434.611446890427,2432.7574734624586,29442065.95719003,25182705.105451938,120383490.7106004,121366730.39332259,126645043.25314575,1761873.983302813,1776461.0488144057,1854003.0292391395,50453.8
60.810458916666676,61.16331143563597,0.005802497222604909,320637.3337452056,82702.22412666668,237935.10961853893,297418.8870231737,5272.733333333334,1360.0,3912.7333333333336,4890.916666666667,0.8698564593301433,9316.266666666666,9698.083333333334,0.0,25.82426608259441,25.82426608259441,27.96344616076303,222262.54515889558,232122.68035366485,364228.1501242352,3256.187910424266,3399.190311276741,5333.632536341728,29442065.95719003,25182705.105451938,120383490.7106004,121366730.39332259,126645043.25314575,1761873.983302813,1776461.0488144057,1854003.0292391395,50453.8
57.66911083333334,57.30773705739066,-0.006266331676017542,340566.8563299445,78429.99073333334,262136.86559661117,327671.08199576393,5905.533333333334,1360.0,4545.533333333334,5681.916666666667,0.7397129186602869,10241.966666666664,10465.58333333333,0.0,25.82698149808759,25.99863148109895,29.42934738908365,246169.00771479993,251945.2941004805,408525.93892108335,3603.1580616312012,3687.087260551032,5988.750103322517,29442065.95719003,25182705.105451938,120383490.7106004,121366730.39332259,126645043.25314575,1761873.983302813,1776461.0488144057,1854003.0292391395,50453.8
56.84076616666667,58.6315512716358,0.03150529497998406,283972.6783842556,77303.44198666667,206669.23639758892,258336.54549698613,4995.933333333334,1360.0,3635.933333333334,4544.916666666667,0.6095693779904304,10340.650000000001,10791.66666666667,0.0,25.82698149808759,26.11383258779729,28.07250962091945,248717.70033896965,260459.46234604804,385203.4569052782,3640.1940357887593,3812.344156200458,5643.995116833073,29442065.95719003,25182705.105451938,120383490.7106004,121366730.39332259,126645043.25314575,1761873.983302813,1776461.0488144057,1854003.0292391395,50453.8
57.24013741666667,56.306786217273135,-0.01630588676961789,225411.66114683333,77846.58688666667,147565.07426016667,184456.34282520835,3938.0,1360.0,2578.0,3222.5,0.479425837320574,10598.0,11313.5,0.0,26.11383258779729,26.11383258779729,27.96344616076303,255402.0834348779,274086.53065144684,362746.08747771475,3737.923269834613,4012.8706581036035,5312.263917922811,29442065.95719003,25182705.105451938,120383490.7106004,121366730.39332259,126645043.25314575,1761873.983302813,1776461.0488144057,1854003.0292391395,50453.8
56.53793725,57.05488052155115,0.009143299113749514,198877.8480706,76891.59466,121986.2534106,152482.81676324998,3517.6,1360.0,2157.6,2697.0,0.3492822966507175,10486.9,11307.5,0.0,26.11383258779729,26.11383258779729,27.70318112949341,252500.83663437358,273929.8476559201,347922.6076509659,3695.23053071975,4010.5650196275533,5096.593675519138,29442065.95719003,25182705.105451938,120383490.7106004,121366730.39332259,126645043.25314575,1761873.983302813,1776461.0488144057,1854003.0292391395,50453.8
58.42888966666667,56.29147327860625,-0.03658149932771717,159588.77397622223,79463.28994666667,80125.48402955556,100156.85503694446,2731.3333333333335,1360.0,1371.3333333333335,1714.1666666666667,0.21913875598086108,10220.750000000004,11237.91666666667,0.0,25.82698149808759,26.11383258779729,27.69424401284482,245621.045257349,272112.7601383526,318772.21222463035,3595.1954210126314,3983.8260178566943,4668.695866328216,29442065.95719003,25182705.105451938,120383490.7106004,121366730.39332259,126645043.25314575,1761873.983302813,1776461.0488144057,1854003.0292391395,50453.8
54.41213666666667,53.89282605058587,-0.009544021754965075,109901.63363933335,74000.50586666667,35901.127772666674,44876.40971583333,2019.8000000000002,1360.0,659.8000000000001,824.75,0.08899521531100463,9666.03333333333,10861.08333333333,0.0,25.82426608259441,26.11383258779729,27.20328488803203,231295.0126257176,262272.19755818415,284031.0667856198,3387.1865740189232,3839.0191124580924,4158.18457745387,29442065.95719003,25182705.105451938,120383490.7106004,121366730.39332259,126645043.25314575,1761873.983302813,1776461.0488144057,1854003.0292391395,50453.8
50.64953549999999,51.983350493747444,0.02633419992069725,-2903.906702,0.0,-2903.906702,-3629.8833775,-57.33333333333334,0.0,-57.33333333333334,-71.66666666666667,0.08899521531100463,10561.083333333336,10575.41666666667,0.0,26.11383258779729,26.11383258779729,26.11383258779729,254438.0477818451,254812.34604893686,252940.8547134781,3723.737188655583,3729.245102792814,3701.705532106659,29442065.95719003,25182705.105451938,120383490.7106004,121366730.39332259,126645043.25314575,1761873.983302813,1776461.0488144057,1854003.0292391395,50453.8
52.34498516666667,53.637918545040776,0.024700233924174465,36142.46742474444,48680.836205,-12538.368780255558,-15672.960975319445,690.4666666666667,930.0,-239.53333333333336,-299.4166666666667,0.0,8731.366666666667,9721.25,0.0,25.76736368885589,25.82426608259441,25.82426608259441,207183.71508396993,232720.9425179116,224988.72684834816,3034.3900053214124,3407.8669596326245,3295.7259612776243,29442065.95719003,25182705.105451938,120383490.7106004,121366730.39332259,126645043.25314575,1761873.983302813,1776461.0488144057,1854003.0292391395,50453.8
52.111544,53.19189947268462,0.020731595914421877,-26278.114587733337,0.0,-26278.114587733337,-32847.64323466667,-504.2666666666667,0.0,-504.2666666666667,-630.3333333333334,0.0,9317.683333333332,9443.75,0.0,25.82426608259441,25.82426608259441,25.76736368885589,222299.12953584592,225554.70867999166,209297.92727464053,3256.7184968345177,3303.9344451538736,3065.620933250126,29442065.95719003,25182705.105451938,120383490.7106004,121366730.39332259,126645043.25314575,1761873.983302813,1776461.0488144057,1854003.0292391395,50453.8
45.51184491666667,45.44908526010064,-0.001378974125987277,-88402.20756613334,-60985.872188333335,-27416.3353778,-34270.41922225,-1942.4,-1340.0,-602.4,-753.0,0.11572727272727273,10383.316666666666,9193.916666666666,0.0,25.82698149808759,25.82426608259441,25.75975416942929,249819.65154955466,219102.94620369014,199700.56808457826,3656.2068873076473,3210.363971157689,2923.8497126106076,29442065.95719003,25182705.105451938,120383490.7106004,121366730.39332259,126645043.25314575,1761873.983302813,1776461.0488144057,1854003.0292391395,50453.8
48.86206683333334,50.50833837412069,0.033692220724160504,26839.11894376945,59091.340524891675,-32252.221581122227,-40315.27697640278,549.2833333333334,1209.3500000000001,-660.0666666666667,-825.0833333333334,0.0,7874.799999999999,9249.166666666666,0.0,25.61297300334298,25.82426608259441,25.75975416942929,185118.78192034617,220529.7369047535,199266.9455560595,2708.480167802643,3231.0568411575123,2917.4442840206593,29442065.95719003,25182705.105451938,120383490.7106004,121366730.39332259,126645043.25314575,1761873.983302813,1776461.0488144057,1854003.0292391395,50453.8
47.60998566666666,47.66487461777913,0.0011528873689810024,-15650.989288155553,0.0,-15650.989288155553,-19563.736610194443,-328.73333333333335,0.0,-328.73333333333335,-410.9166666666667,0.0,9089.650000000001,9171.833333333334,0.0,25.76736368885589,25.76736368885589,25.76736368885589,216415.73203762554,218533.379876788,207945.14068097563,3170.7644228886616,3202.0461018682445,3045.637706970328,29442065.95719003,25182705.105451938,120383490.7106004,121366730.39332259,126645043.25314575,1761873.983302813,1776461.0488144057,1854003.0292391395,50453.8
49.47355274999999,50.66019136789505,0.023985312392893938,35904.606349099995,0.0,35904.606349099995,44880.75793637499,725.7333333333333,0.0,725.7333333333333,907.1666666666666,0.0,9724.016666666666,9542.583333333334,0.0,25.82426608259441,25.82426608259441,25.82698149808759,232792.38965407346,228107.00697782144,251535.42402041095,3408.903163680881,3340.95065001027,3681.1393975241685,29442065.95719003,25182705.105451938,120383490.7106004,121366730.39332259,126645043.25314575,1761873.983302813,1776461.0488144057,1854003.0292391395,50453.8
50.119528083333336,49.594596362238555,-0.01047359664324815,93295.8308761889,0.0,93295.8308761889,116619.78859523612,1861.466666666667,0.0,1861.466666666667,2326.8333333333335,0.0,10307.45,9842.083333333334,0.0,25.82698149808759,25.82426608259441,27.20328488803203,247860.24455323312,235841.37466955846,297172.52032694675,3627.7340357006233,3453.122859330579,4350.077613714792,29442065.95719003,25182705.105451938,120383490.7106004,121366730.39332259,126645043.25314575,1761873.983302813,1776461.0488144057,1854003.0292391395,50453.8
44.44406808333333,46.02636869343539,0.03560206521003484,8201.41203031111,0.0,8201.41203031111,10251.765037888887,184.53333333333333,0.0,184.53333333333333,230.66666666666666,0.0,8078.133333333333,8032.0,0.0,25.75975416942929,25.75975416942929,25.75975416942929,190355.35860114548,189166.97527546246,195108.8919038775,2785.8032134844702,2768.2485339429095,2856.0219316507123,29442065.95719003,25182705.105451938,120383490.7106004,121366730.39332259,126645043.25314575,1761873.983302813,1776461.0488144057,1854003.0292391395,50453.8
29.873479833333338,29.17110900235469,-0.02351151706788882,-107747.66706286668,-40030.46297666667,-67717.20408620001,-84646.50510775001,-3606.8,-1340.0,-2266.8,-2833.5,0.11572727272727273,6074.716666666667,5404.416666666667,103.0,25.5666372614437,25.25880638621389,24.01116483795021,139063.81775399018,122040.69438810612,51703.56144372673,2034.9133155547443,1782.654665784678,760.5187604736386,29442065.95719003,25182705.105451938,120383490.7106004,121366730.39332259,126645043.25314575,1761873.983302813,1776461.0488144057,1854003.0292391395,50453.8
29.676780249999997,29.385979534591396,-0.009798930778840207,-135332.05329605,-39766.885534999994,-95565.16776104999,-119456.45970131249,-4560.200000000001,-1340.0,-3220.2000000000003,-4025.25,0.23145454545454547,5063.116666666668,4614.166666666667,86.0,25.25880638621389,24.93911478187209,17.2621476743581,113419.86376849134,102210.5291225819,8492.598989913815,1654.5767123398055,1490.9790381843052,125.34220667061301,29442065.95719003,25182705.105451938,120383490.7106004,121366730.39332259,126645043.25314575,1761873.983302813,1776461.0488144057,1854003.0292391395,50453.8
30.52761058333333,30.91421139514445,0.012663972201682468,-139592.5873273889,-40906.99818166666,-98685.58914572223,-123356.98643215277,-4572.666666666667,-1340.0,-3232.666666666667,-4040.8333333333335,0.3471818181818182,5050.833333333334,4519.0,0.0,25.25880638621389,24.93911478187209,16.17272560508454,113109.60143004733,99837.15669917373,6645.295987918292,1649.9672069345474,1456.4571076610569,98.22157916094449,29442065.95719003,25182705.105451938,120383490.7106004,121366730.39332259,126645043.25314575,1761873.983302813,1776461.0488144057,1854003.0292391395,50453.8
31.352215583333333,31.940438180971476,0.018761755323947277,-164599.13181249998,-42011.96888166665,-122587.16293083334,-153233.95366354167,-5250.0,-1339.9999999999995,-3910.0,-4887.5,0.4629090909090909,4875.666666666667,4519.166666666667,6.0,24.93911478187209,24.93911478187209,0.0,108732.10763804145,99841.31321830404,0.0,1585.8387737201658,1456.5175663835146,0.0,29442065.95719003,25182705.105451938,120383490.7106004,121366730.39332259,126645043.25314575,1761873.983302813,1776461.0488144057,1854003.0292391395,50453.8
29.544233333333338,30.35931186911173,0.027588413839758585,-162432.22525111114,-39589.27266666667,-122842.95258444447,-153553.6907305556,-5497.933333333333,-1340.0,-4157.933333333333,-5197.416666666667,0.5786363636363636,4601.933333333333,4310.416666666667,9.0,24.93911478187209,24.93911478187209,0.0,101905.440618417,94635.27300758826,0.0,1486.5413679559226,1380.7930165054615,0.0,29442065.95719003,25182705.105451938,120383490.7106004,121366730.39332259,126645043.25314575,1761873.983302813,1776461.0488144057,1854003.0292391395,50453.8
28.441622500000005,27.702753610677238,-0.02597843668457267,-146097.03034983334,-38111.77414999998,-107985.25619983335,-134981.5702497917,-5136.733333333333,-1339.999999999999,-3796.7333333333336,-4745.916666666667,0.6943636363636363,4712.149999999999,4422.333333333333,101.0,24.93911478187209,24.93911478187209,0.0,104654.14671929229,97426.37560359275,0.0,1526.522721117085,1421.391048635691,0.0,29442065.95719003,25182705.105451938,120383490.7106004,121366730.39332259,126645043.25314575,1761873.983302813,1776461.0488144057,1854003.0292391395,50453.8
23.17831741666667,23.799434096156233,0.026797315280657163,-96964.17308088332,-31058.945338333317,-65905.22774255,-82381.53467818751,-4183.4,-1339.999999999999,-2843.4,-3554.25,0.810090909090909,5161.083333333333,5161.083333333333,629.1499999999996,25.25880638621389,25.25880638621389,21.91280413211907,115894.38483412738,115894.38483412738,29352.716966716045,1691.3401760740057,1691.3401760740057,430.53793420984346,29442065.95719003,25182705.105451938,120383490.7106004,121366730.39332259,126645043.25314575,1761873.983302813,1776461.0488144057,1854003.0292391395,50453.8
49.024720583333334,49.196975842657174,0.003513640817820423,77861.06123045001,66673.61999333334,11187.441237116667,13984.301546395833,1588.2,1360.0,228.20000000000002,285.25,0.6799473684210525,5457.466666666667,6760.416666666667,0.0,25.25880638621389,25.5666372614437,25.5666372614437,123380.67406689478,156594.86092416212,163887.74420298892,1802.5624754250252,2289.167231466315,2394.936415531906,29442065.95719003,25182705.105451938,120383490.7106004,121366730.39332259,126645043.25314575,1761873.983302813,1776461.0488144057,1854003.0292391395,50453.8
55.77232291666667,55.39030038361711,-0.006849679430070785,290841.50954583334,75850.35916666666,214991.15037916668,268738.9379739583,5214.8,1360.0,3854.8,4818.5,0.5498038277511961,8811.95,9208.25,0.0,25.76736368885589,25.82426608259441,27.70318112949341,209260.13514123025,219473.0940175407,348539.00343109714,3065.062671690564,3215.7322571908257,5105.768785100679,29442065.95719003,25182705.105451938,120383490.7106004,121366730.39332259,126645043.25314575,1761873.983302813,1776461.0488144057,1854003.0292391395,50453.8
54.82805991666667,56.42369178847002,0.029102468229380334,313817.5389430278,74566.16148666666,239251.37745636114,299064.2218204514,5723.666666666667,1360.0,4363.666666666667,5454.583333333333,0.4196602870813396,9641.75,9910.833333333334,0.0,25.82426608259441,25.82698149808759,28.07250962091945,230667.91336434535,237616.83324139993,386012.8809326814,3378.091698727901,3478.883321796323,5656.020568840822,29442065.95719003,25182705.105451938,120383490.7106004,121366730.39332259,126645043.25314575,1761873.983302813,1776461.0488144057,1854003.0292391395,50453.8
50.22020800000001,51.100658692170704,0.01753180098678008,202537.26186053338,15339.762533600002,187197.49932693338,233996.8741586667,4032.9833333333336,305.45,3727.5333333333338,4659.416666666667,0.3904306220095693,10464.933333333334,9838.5,0.0,25.99863148109895,25.82426608259441,27.96344616076303,251928.39499001787,235748.8377160958,361681.14623642573,3686.8409760696504,3451.7807878222948,5296.909423241294,29442065.95719003,25182705.105451938,120383490.7106004,121366730.39332259,126645043.25314575,1761873.983302813,1776461.0488144057,1854003.0292391395,50453.8
53.50758941666667,52.32932085921103,-0.022020587552176885,217668.873747,72770.32160666666,144898.55214033334,181123.19017541668,4068.0,1360.0,2708.0,3385.0,0.26028708133971284,9210.25,9893.25,0.0,25.82426608259441,25.82426608259441,27.69424401284482,219524.74254970587,237162.71628411784,327805.15148015314,3216.48132035824,3472.286392030265,4799.57323988601,29442065.95719003,25182705.105451938,120383490.7106004,121366730.39332259,126645043.25314575,1761873.983302813,1776461.0488144057,1854003.0292391395,50453.8
55.735037750000004,55.3680070740213,-0.0065852772474115995,214572.46399913335,75799.65134000001,138772.81265913334,173466.01582391668,3849.866666666667,1360.0,2489.866666666667,3112.3333333333335,0.1301435406698564,9437.799999999997,10175.33333333333,0.0,25.82426608259441,25.82698149808759,27.69424401284482,225401.05429680017,244448.06984764402,328065.9389446074,3301.7059822308147,3578.1504911731863,4803.351763956533,29442065.95719003,25182705.105451938,120383490.7106004,121366730.39332259,126645043.25314575,1761873.983302813,1776461.0488144057,1854003.0292391395,50453.8
52.8013665,51.828977959248355,-0.018415973017509735,161751.7061361,71809.85844,89941.84769610001,112427.309620125,3063.4,1360.0,1703.4,2129.25,0.0,9010.35,9944.5,0.0,25.76736368885589,25.82698149808759,27.20328488803203,214372.38009709923,238486.34161850222,294583.67438176903,3140.580235384127,3491.5184624479466,4312.274983490543,29442065.95719003,25182705.105451938,120383490.7106004,121366730.39332259,126645043.25314575,1761873.983302813,1776461.0488144057,1854003.0292391395,50453.8
48.65277799999999,50.866571285404504,0.04550188861578493,31079.394586399998,0.0,31079.394586399998,38849.243232999994,638.8000000000001,0.0,638.8000000000001,798.5,0.0,9921.95,9762.25,0.0,25.82698149808759,25.82426608259441,26.11383258779729,237903.94318572036,233779.73742729798,254429.34317098244,3483.055420219409,3423.22275456462,3723.609097629135,29442065.95719003,25182705.105451938,120383490.7106004,121366730.39332259,126645043.25314575,1761873.983302813,1776461.0488144057,1854003.0292391395,50453.8
46.639486,47.63367181824133,0.02131639740286441,-4819.413553333333,0.0,-4819.413553333333,-6024.266941666666,-103.33333333333333,0.0,-103.33333333333333,-129.16666666666666,0.0,9418.5,9444.333333333334,0.0,25.82426608259441,25.82426608259441,25.82426608259441,224902.64596140615,225569.77283520653,222234.13846620475,3294.4775226652664,3304.152921911036,3255.7759256821887,29442065.95719003,25182705.105451938,120383490.7106004,121366730.39332259,126645043.25314575,1761873.983302813,1776461.0488144057,1854003.0292391395,50453.8
45.97284725,46.281783407799715,0.006719970075373421,-2730.78712665,0.0,-2730.78712665,-3413.4839083125003,-59.400000000000006,0.0,-59.400000000000006,-74.25,0.0,8728.316666666666,8743.166666666666,0.0,25.76736368885589,25.76736368885589,25.76736368885589,207105.12462471888,207487.7699754984,205574.54322160085,3033.229075032776,3038.8814733233476,3010.6194818704894,29442065.95719003,25182705.105451938,120383490.7106004,121366730.39332259,126645043.25314575,1761873.983302813,1776461.0488144057,1854003.0292391395,50453.8
44.4093145,44.52663312715727,0.0026417572186858873,-11839.523245700002,0.0,-11839.523245700002,-14799.404057125,-266.6,0.0,-266.6,-333.25,0.0,7857.6,7924.25,0.0,25.61297300334298,25.75975416942929,25.61297300334298,184678.2387846887,186391.36176370646,177849.82018199743,2701.9538072885243,2727.2474489587376,2600.795219319681,29442065.95719003,25182705.105451938,120383490.7106004,121366730.39332259,126645043.25314575,1761873.983302813,1776461.0488144057,1854003.0292391395,50453.8
43.45575433333334,42.82524262306944,-0.014509280069734188,-6677.70091588889,0.0,-6677.70091588889,-8347.126144861113,-153.66666666666669,0.0,-153.66666666666669,-192.08333333333334,0.0,6990.333333333333,7028.75,0.0,25.5666372614437,25.5666372614437,25.5666372614437,162473.05694118902,163455.2419226495,158544.3170153472,2374.419109595723,2388.6638054339464,2317.4403262428314,29442065.95719003,25182705.105451938,120383490.7106004,121366730.39332259,126645043.25314575,1761873.983302813,1776461.0488144057,1854003.0292391395,50453.8
45.62049016666666,45.9916238990599,0.008135242103654954,-15556.587146833332,0.0,-15556.587146833332,-19445.733933541665,-341.0,0.0,-341.0,-426.25,0.0,6923.916666666667,7009.166666666667,0.0,25.5666372614437,25.5666372614437,25.5666372614437,160775.00611640816,162954.56194294622,152056.78281025586,2349.792162560878,2381.402409507737,2223.351174773441,29442065.95719003,25182705.105451938,120383490.7106004,121366730.39332259,126645043.25314575,1761873.983302813,1776461.0488144057,1854003.0292391395,50453.8
44.58091516666667,44.487972472441704,-0.0020848090237155278,-4749.353495755556,0.0,-4749.353495755556,-5936.691869694445,-106.53333333333333,0.0,-106.53333333333333,-133.16666666666666,0.0,6968.783333333334,6995.416666666667,0.0,25.5666372614437,25.5666372614437,25.5666372614437,161922.09590820494,162603.0206806014,159198.3968186191,2366.42848412118,2376.3039825808246,2326.926490282602,29442065.95719003,25182705.105451938,120383490.7106004,121366730.39332259,126645043.25314575,1761873.983302813,1776461.0488144057,1854003.0292391395,50453.8
45.20591941666667,45.3220574716729,0.002569089546344186,26743.8219269,0.0,26743.8219269,33429.777408625,591.6,0.0,591.6,739.5,0.0,7180.65,7032.75,0.0,25.61297300334298,25.5666372614437,25.61297300334298,167339.53671007563,163557.50847169527,182492.17153885335,2445.092193914524,2390.146984176321,2669.568640435033,29442065.95719003,25182705.105451938,120383490.7106004,121366730.39332259,126645043.25314575,1761873.983302813,1776461.0488144057,1854003.0292391395,50453.8
41.8330435,42.047076359246226,0.005116358776196104,33488.74575653333,0.0,33488.74575653333,41860.93219566667,800.5333333333333,0.0,800.5333333333333,1000.6666666666666,0.0,7121.55,6921.416666666667,0.0,25.5666372614437,25.5666372614437,25.75975416942929,165827.82586051148,160711.08952325454,186335.54896300606,2423.0735522570376,2348.8651758468936,2726.4229878531005,29442065.95719003,25182705.105451938,120383490.7106004,121366730.39332259,126645043.25314575,1761873.983302813,1776461.0488144057,1854003.0292391395,50453.8
37.40990800000001,39.113964859948474,0.04555095029767171,1371.6966266666673,0.0,1371.6966266666673,1714.6207833333337,36.66666666666667,0.0,36.66666666666667,45.833333333333336,0.0,4541.916666666667,4538.75,6.0,24.93911478187209,24.93911478187209,24.93911478187209,100408.67807959164,100329.7042161157,101472.7469769515,1464.770181998967,1463.621466272274,1480.247614948094,29442065.95719003,25182705.105451938,120383490.7106004,121366730.39332259,126645043.25314575,1761873.983302813,1776461.0488144057,1854003.0292391395,50453.8
35.04475075,35.80170530265941,0.02159965576754475,-111500.71530291668,-46959.966004999995,-64540.74929791668,-80675.93662239584,-3181.666666666667,-1340.0,-1841.666666666667,-2302.0833333333335,0.11572727272727273,3664.5000000000005,2795.916666666667,11.0,24.9331021921135,24.01116483795021,16.17272560508454,78530.4103224554,57106.073532265524,6898.668689064621,1152.6624683337784,840.7063653636476,101.98588670733527,29442065.95719003,25182705.105451938,120383490.7106004,121366730.39332259,126645043.25314575,1761873.983302813,1776461.0488144057,1854003.0292391395,50453.8
25.508917999999998,25.54352927874941,0.0013568305307740034,-79875.22463613332,-34181.950119999994,-45693.27451613334,-57116.59314516666,-3131.266666666667,-1340.0,-1791.2666666666669,-2239.0833333333335,0.23145454545454547,3486.8500000000004,2594.666666666667,0.0,24.77651648406875,24.01116483795021,15.5301922758727,74128.37675336564,52273.82660862805,4733.73576259549,1088.7244353186195,768.9830076564729,69.99175335692456,29442065.95719003,25182705.105451938,120383490.7106004,121366730.39332259,126645043.25314575,1761873.983302813,1776461.0488144057,1854003.0292391395,50453.8
22.133966083333334,22.473711711097348,0.015349514248142007,-83222.23687559445,-29659.514551666667,-53562.72232392778,-66953.40290490972,-3759.9333333333334,-1340.0,-2419.9333333333334,-3024.9166666666665,0.3471818181818182,3278.35,2543.333333333333,0.0,24.77651648406875,24.01116483795021,0.0,68962.47306643729,51041.25348027992,0.0,1013.6568001770851,750.6883540963818,0.0,29442065.95719003,25182705.105451938,120383490.7106004,121366730.39332259,126645043.25314575,1761873.983302813,1776461.0488144057,1854003.0292391395,50453.8
25.5611995,25.94137770898561,0.014873253854366584,-102287.39999916666,-34252.007329999986,-68035.39266916667,-85044.24083645834,-4001.6666666666665,-1339.9999999999995,-2661.666666666667,-3327.0833333333335,0.4629090909090909,3130.75,2456.166666666667,0.0,24.77651648406875,24.01116483795021,0.0,65305.45923338874,48948.28027857194,0.0,960.5153951560277,719.623081979734,0.0,29442065.95719003,25182705.105451938,120383490.7106004,121366730.39332259,126645043.25314575,1761873.983302813,1776461.0488144057,1854003.0292391395,50453.8
26.655109750000005,26.618793451954602,-0.0013624516419558747,-113726.69125935003,-35717.84706500001,-78008.84419435002,-97511.05524293752,-4266.6,-1340.0,-2926.6000000000004,-3658.25,0.5786363636363636,2877.7666666666673,2270.416666666667,1.0,24.22165375753167,24.01116483795021,0.0,59078.2553040717,44488.20640992269,0.0,869.8466163548957,653.4237592760934,0.0,29442065.95719003,25182705.105451938,120383490.7106004,121366730.39332259,126645043.25314575,1761873.983302813,1776461.0488144057,1854003.0292391395,50453.8
28.341085833333334,28.5168142027768,0.006200481183991382,-117111.0348805,-37977.05501666664,-79133.97986383335,-98917.47482979167,-4132.199999999999,-1339.999999999999,-2792.2000000000003,-3490.25,0.6943636363636363,2933.616666666666,2291.666666666667,0.0,24.22165375753167,24.01116483795021,0.0,60431.03466642981,44998.443662729136,0.0,889.7148773127544,660.997033071261,0.0,29442065.95719003,25182705.105451938,120383490.7106004,121366730.39332259,126645043.25314575,1761873.983302813,1776461.0488144057,1854003.0292391395,50453.8
25.951001333333334,25.599989499362337,-0.013525945664382966,-97731.4710213333,-34774.34178666664,-62957.12923466667,-78696.41154333334,-3765.999999999999,-1339.999999999999,-2426.0,-3032.5,0.810090909090909,3538.499999999999,2809.0,4.0,24.77651648406875,24.01116483795021,0.0,75408.08382976775,57420.21960556204,0.0,1107.3203267097954,845.3691260924369,0.0,29442065.95719003,25182705.105451938,120383490.7106004,121366730.39332259,126645043.25314575,1761873.983302813,1776461.0488144057,1854003.0292391395,50453.8
33.284515166666665,33.398523941052076,0.003425279707831987,-59526.02692406667,-44601.250323333334,-14924.776600733334,-18655.970750916666,-1788.4,-1340.0,-448.40000000000003,-560.5,0.9258181818181817,4995.233333333334,3767.333333333333,0.0,24.98363131975477,24.9331021921135,24.77651648406875,111715.45608845445,81094.36433121105,67190.53919588497,1629.395611819476,1188.9407779979097,987.9081812808162,29442065.95719003,25182705.105451938,120383490.7106004,121366730.39332259,126645043.25314575,1761873.983302813,1776461.0488144057,1854003.0292391395,50453.8
43.944505166666666,44.08503992354926,0.0031980052193007046,161000.94839595555,59764.52702666666,101236.42136928887,126545.5267116111,3663.733333333333,1360.0,2303.733333333333,2879.6666666666665,0.7956746411483252,5095.433333333333,5879.5,0.0,25.25880638621389,25.48822338165023,25.76736368885589,114236.14419487245,134081.8573671957,207900.0477945201,1666.7040271034348,1961.5419786103437,3044.9715994276676,29442065.95719003,25182705.105451938,120383490.7106004,121366730.39332259,126645043.25314575,1761873.983302813,1776461.0488144057,1854003.0292391395,50453.8
45.39725066666667,45.19621678645548,-0.004428327206140711,222936.81857386668,61740.26090666667,161196.55766720002,201495.697084,4910.8,1360.0,3550.8,4438.5,0.6655311004784688,6025.783333333333,6498.083333333333,0.0,25.5666372614437,25.5666372614437,26.11383258779729,137812.7569706635,149887.87974924338,264243.7919185629,2016.7690956063611,2191.895425612245,3868.0317299483922,29442065.95719003,25182705.105451938,120383490.7106004,121366730.39332259,126645043.25314575,1761873.983302813,1776461.0488144057,1854003.0292391395,50453.8
44.06234758333333,44.052431810171235,-0.00022503960197158124,191821.02396928333,59924.79271333333,131896.23125595,164870.28906993748,4353.4,1360.0,2993.4,3741.75,0.5353875598086123,6171.016666666667,6782.666666666667,0.0,25.5666372614437,25.5666372614437,26.11383258779729,141525.8849222672,157163.71860322924,253480.54058695916,2070.6208437774135,2297.417413220774,3709.6471757463864,29442065.95719003,25182705.105451938,120383490.7106004,121366730.39332259,126645043.25314575,1761873.983302813,1776461.0488144057,1854003.0292391395,50453.8
48.57355558333333,48.89303167973907,0.006577161020416589,186234.2503435389,66060.03559333333,120174.21475020557,150217.76843775695,3834.066666666667,1360.0,2474.066666666667,3092.5833333333335,0.40524401913875585,6684.516666666666,7426.0,0.0,25.5666372614437,25.61297300334298,26.11383258779729,154654.35315601854,173623.67963644586,253328.20989686367,2261.023914829756,2538.1876911319127,3707.4055827835596,29442065.95719003,25182705.105451938,120383490.7106004,121366730.39332259,126645043.25314575,1761873.983302813,1776461.0488144057,1854003.0292391395,50453.8
52.788378,52.47641499188836,-0.005909691108744411,183260.1330648,71792.19408,111467.9389848,139334.92373100002,3471.6,1360.0,2111.6,2639.5,0.2751004784688994,6885.0666666666675,7717.166666666667,0.0,25.5666372614437,25.61297300334298,25.82698149808759,159781.74225880107,181081.32360925255,249131.36249263067,2335.3867890255647,2648.6678444087124,3646.205110128467,29442065.95719003,25182705.105451938,120383490.7106004,121366730.39332259,126645043.25314575,1761873.983302813,1776461.0488144057,1854003.0292391395,50453.8
48.52290425,48.56340991080359,0.0008347740397998027,150369.24541046668,65991.14978,84378.09563046668,105472.61953808334,3098.9333333333334,1360.0,1738.9333333333334,2173.6666666666665,0.14495693779904295,6925.15,7850.416666666667,0.0,25.5666372614437,25.61297300334298,25.82698149808759,160806.53830236392,184494.25226194802,240541.73889605835,2350.2494760064433,2699.2281664148954,3521.3861835427497,29442065.95719003,25182705.105451938,120383490.7106004,121366730.39332259,126645043.25314575,1761873.983302813,1776461.0488144057,1854003.0292391395,50453.8
49.24568525,49.626899937109606,0.007741077927423237,105973.43161231668,66974.13194,38999.29967231667,48749.12459039583,2151.9333333333334,1360.0,791.9333333333334,989.9166666666666,0.0148133971291865,6317.816666666666,7479.833333333333,0.0,25.5666372614437,25.61297300334298,25.75975416942929,145279.0672722471,175002.51134979248,200443.30766313014,2125.053503622562,2558.614187702265,2934.821387324083,29442065.95719003,25182705.105451938,120383490.7106004,121366730.39332259,126645043.25314575,1761873.983302813,1776461.0488144057,1854003.0292391395,50453.8
41.9268395,41.92437707580069,-5.873145289927548e-05,4360.391308,6490.2747546,-2129.8834466000003,-2662.35430825,104.0,154.8,-50.800000000000004,-63.5,0.0,7019.25,7186.75,0.0,25.5666372614437,25.61297300334298,25.5666372614437,163212.3588686658,167495.77584539604,165871.28914385592,2385.1412559208065,2447.406775259648,2423.7039032225466,29442065.95719003,25182705.105451938,120383490.7106004,121366730.39332259,126645043.25314575,1761873.983302813,1776461.0488144057,1854003.0292391395,50453.8
40.145136083333334,40.448944075912685,0.007567741007246973,-521.8867690833333,0.0,-521.8867690833333,-652.3584613541667,-13.0,0.0,-13.0,-16.25,0.0,6763.25,6766.5,0.0,25.5666372614437,25.5666372614437,25.5666372614437,156667.2997297362,156750.39130083588,156334.93344533743,2290.2178164088305,2291.4228991370096,2285.397485496113,29442065.95719003,25182705.105451938,120383490.7106004,121366730.39332259,126645043.25314575,1761873.983302813,1776461.0488144057,1854003.0292391395,50453.8
35.917539250000004,36.358994235579175,0.012290791485086617,-4444.196856533334,0.0,-4444.196856533334,-5555.246070666667,-123.73333333333333,0.0,-123.73333333333333,-154.66666666666666,0.0,6446.15,6477.083333333333,0.0,25.5666372614437,25.5666372614437,25.5666372614437,148560.11905413237,149350.98036675304,145396.67380364976,2172.6388216070814,2184.1087372147786,2126.759159176293,29442065.95719003,25182705.105451938,120383490.7106004,121366730.39332259,126645043.25314575,1761873.983302813,1776461.0488144057,1854003.0292391395,50453.8
35.01737166666667,34.31556551570781,-0.02004165697070047,-58014.446885888894,-46923.278033333336,-11091.168852555556,-13863.961065694446,-1656.7333333333333,-1340.0,-316.73333333333335,-395.9166666666667,0.11572727272727273,7384.566666666667,6123.75,0.0,25.61297300334298,25.5666372614437,25.48822338165023,172562.44878834067,140317.43520104294,130216.14348764542,2522.466245164762,2053.0946149716865,1904.0004338934446,29442065.95719003,25182705.105451938,120383490.7106004,121366730.39332259,126645043.25314575,1761873.983302813,1776461.0488144057,1854003.0292391395,50453.8
33.57931408333334,34.35636960544741,0.02314089919126009,-50986.83050413334,-44996.28087166667,-5990.549632466667,-7488.187040583334,-1518.4,-1340.0,-178.4,-223.0,0.23145454545454547,7167.3166666666675,5871.916666666667,0.0,25.60992427661602,25.48822338165023,25.25880638621389,166998.031572043,133888.57167321822,128216.47254953542,2440.0367674788013,1958.6649013744989,1874.4069646925932,29442065.95719003,25182705.105451938,120383490.7106004,121366730.39332259,126645043.25314575,1761873.983302813,1776461.0488144057,1854003.0292391395,50453.8
36.12549966666666,36.937237404032594,0.02246993798994917,-37325.07973962387,-37060.15940873498,-264.9203308888888,-331.15041361111105,-1033.2059095106183,-1025.872576177285,-7.333333333333333,-9.166666666666666,0.32005263157894737,6917.122576177285,5893.083333333333,0.0,25.5666372614437,25.48822338165023,25.48822338165023,160601.3040693447,134428.0724014631,134194.43035379797,2347.2729499139728,1966.6954246481757,1963.217638978473,29442065.95719003,25182705.105451938,120383490.7106004,121366730.39332259,126645043.25314575,1761873.983302813,1776461.0488144057,1854003.0292391395,50453.8
37.585388583333334,36.28689744756127,-0.03454776403051101,7770.152666461112,0.0,7770.152666461112,9712.690833076389,206.73333333333335,0.0,206.73333333333335,258.4166666666667,0.32005263157894737,5970.1,5918.416666666667,0.0,25.48822338165023,25.48822338165023,25.5666372614437,136391.09040557322,135073.77406046493,141674.5975290046,1995.9151475203507,1976.3067595898997,2072.7776328652835,29442065.95719003,25182705.105451938,120383490.7106004,121366730.39332259,126645043.25314575,1761873.983302813,1776461.0488144057,1854003.0292391395,50453.8
46.55777558333333,47.474413725549255,0.019688185930945925,95008.90070705555,63318.57479333333,31690.325913722223,39612.907392152774,2040.6666666666667,1360.0,680.6666666666667,850.8333333333334,0.18990909090909092,4901.75,6091.583333333333,0.0,24.93911478187209,25.5666372614437,25.5666372614437,109382.60288193528,139495.0417024665,161247.98890574483,1595.3005637847687,2041.1673859184236,2356.6518642443602,29442065.95719003,25182705.105451938,120383490.7106004,121366730.39332259,126645043.25314575,1761873.983302813,1776461.0488144057,1854003.0292391395,50453.8
38.535454333333334,38.81097795758844,0.007149873513150051,-3424.5173750888894,0.0,-3424.5173750888894,-4280.646718861111,-88.86666666666667,0.0,-88.86666666666667,-111.08333333333333,0.18990909090909092,4152.950000000001,4175.166666666667,0.0,24.9331021921135,24.9331021921135,24.9331021921135,90708.98408819325,91262.91450856136,88493.26240672074,1324.9814993429688,1332.8192605718646,1293.6304544273853,29442065.95719003,25182705.105451938,120383490.7106004,121366730.39332259,126645043.25314575,1761873.983302813,1776461.0488144057,1854003.0292391395,50453.8
30.136558583333336,29.538196421144583,-0.019855026264334982,-102627.03659968334,-40382.988501666674,-62244.048098016676,-77805.06012252084,-3405.4,-1340.0,-2065.4,-2581.75,0.30563636363636365,3801.733333333333,3038.083333333333,60.0,24.9331021921135,24.77651648406875,15.5301922758727,81952.06304661976,63009.50203919836,6298.4026343896585,1201.076666352329,927.1520017597902,93.08272318592367,29442065.95719003,25182705.105451938,120383490.7106004,121366730.39332259,126645043.25314575,1761873.983302813,1776461.0488144057,1854003.0292391395,50453.8
19.235274166666667,19.6980300049212,0.024057667920140906,-103343.43398783333,-25775.267383333332,-77568.1666045,-96960.208255625,-5372.6,-1340.0,-4032.6000000000004,-5040.75,0.4213636363636364,3096.9333333333334,2932.083333333333,167.0,24.77651648406875,24.22165375753167,0.0,64467.60003428582,60393.89479733494,0.0,948.3401568105303,889.1694043171941,0.0,29442065.95719003,25182705.105451938,120383490.7106004,121366730.39332259,126645043.25314575,1761873.983302813,1776461.0488144057,1854003.0292391395,50453.8
11.697931083333335,11.3279306151479,-0.03162956471102787,-69937.25077481668,-15675.22765166667,-54262.023123150015,-67827.5289039375,-5978.6,-1340.0,-4638.6,-5798.25,0.5370909090909091,2998.75,2998.75,180.35000000000036,24.77651648406875,24.77651648406875,0.0,62034.959057491666,62034.959057491666,0.0,912.9905613973585,912.9905613973585,0.0,29442065.95719003,25182705.105451938,120383490.7106004,121366730.39332259,126645043.25314575,1761873.983302813,1776461.0488144057,1854003.0292391395,50453.8
8.90460125,8.774491569388468,-0.014611511168064011,-56417.178959666664,-11932.165674999993,-44485.013284666675,-55606.26660583334,-6335.733333333333,-1339.999999999999,-4995.733333333334,-6244.666666666667,0.6528181818181817,2919.666666666667,2919.666666666667,91.0666666666657,24.22165375753167,24.22165375753167,0.0,60093.14259651227,60093.14259651227,0.0,884.7522588640146,884.7522588640146,0.0,29442065.95719003,25182705.105451938,120383490.7106004,121366730.39332259,126645043.25314575,1761873.983302813,1776461.0488144057,1854003.0292391395,50453.8
14.803924083333335,14.673672984813868,-0.00879841708092165,-77874.56224796666,-19837.258271666655,-58037.303976300005,-72546.62997037501,-5260.4,-1339.999999999999,-3920.4,-4900.5,0.7685454545454544,2989.6499999999996,2960.75,331.0,24.77651648406875,24.65477396507858,0.0,61809.49275748663,61093.52782975389,0.0,909.7142281609653,899.3154005966536,0.0,29442065.95719003,25182705.105451938,120383490.7106004,121366730.39332259,126645043.25314575,1761873.983302813,1776461.0488144057,1854003.0292391395,50453.8
11.843459333333334,11.616884437156013,-0.019130803745796354,-54945.75566711112,-15870.235506666668,-39075.52016044445,-48844.40020055556,-4639.333333333334,-1340.0,-3299.333333333334,-4124.166666666667,0.8842727272727271,3276.5,3276.5,515.166666666667,24.77651648406875,24.77651648406875,0.0,68916.63651094177,68916.63651094177,0.0,1012.990732431225,1012.990732431225,0.0,29442065.95719003,25182705.105451938,120383490.7106004,121366730.39332259,126645043.25314575,1761873.983302813,1776461.0488144057,1854003.0292391395,50453.8
20.62714075,20.194156503775588,-0.02099099683626352,-70726.3402036,-27640.368605,-43085.9715986,-53857.464498249996,-3428.8,-1340.0,-2088.8,-2611.0,0.9999999999999998,4470.466666666667,4185.666666666667,533.0,24.93911478187209,24.9331021921135,21.91280413211907,98626.77832842688,91524.71208157855,28647.85510046623,1438.851527681425,1336.5235288195797,420.0659424353432,29442065.95719003,25182705.105451938,120383490.7106004,121366730.39332259,126645043.25314575,1761873.983302813,1776461.0488144057,1854003.0292391395,50453.8
37.10963858333333,36.779675979091394,-0.008891560706013595,19987.25134098333,0.0,19987.25134098333,24984.064176229163,538.6,0.0,538.6,673.25,0.9999999999999998,5267.483333333333,5219.833333333333,87.0,25.25880638621389,25.25880638621389,25.48822338165023,118581.92183362054,117378.33970931746,134428.0724014631,1731.2683748625625,1713.3869963637399,1966.6954246481757,29442065.95719003,25182705.105451938,120383490.7106004,121366730.39332259,126645043.25314575,1761873.983302813,1776461.0488144057,1854003.0292391395,50453.8
49.33220508333333,50.431660866640144,0.022286775574892434,125856.3216086,0.0,125856.3216086,157320.40201075,2551.2000000000003,0.0,2551.2000000000003,3189.0,0.9999999999999998,8172.799999999999,7535.0,0.0,25.75975416942929,25.61297300334298,26.11383258779729,192793.9486625181,176415.49369381025,258692.42634094035,2821.8258217922967,2579.546603692317,3786.341677831668,29442065.95719003,25182705.105451938,120383490.7106004,121366730.39332259,126645043.25314575,1761873.983302813,1776461.0488144057,1854003.0292391395,50453.8
53.35479116666667,53.14943599538208,-0.003848860932528341,236464.87746458894,49619.955785000006,186844.92167958894,233556.15209948615,4431.933333333334,930.0,3501.933333333334,4377.416666666667,0.911004784688995,8018.233333333333,8072.75,0.0,25.75975416942929,25.75975416942929,27.61652394098655,188812.34932639665,190216.68525786672,304906.9218585584,2763.010034917863,2783.7547447373877,4464.139669708126,29442065.95719003,25182705.105451938,120383490.7106004,121366730.39332259,126645043.25314575,1761873.983302813,1776461.0488144057,1854003.0292391395,50453.8
55.42483608333333,55.6404452067507,0.0038901174753712756,286247.1084359833,75377.77707333333,210869.33136265,263586.6642033125,5164.6,1360.0,3804.6000000000004,4755.75,0.7808612440191386,7963.4,8372.25,0.0,25.75975416942929,25.75975416942929,27.69424401284482,187399.85613943962,197931.73163161078,323644.0913172232,2742.144826936745,2897.7206375704236,4739.284046088181,29442065.95719003,25182705.105451938,120383490.7106004,121366730.39332259,126645043.25314575,1761873.983302813,1776461.0488144057,1854003.0292391395,50453.8
59.022248083333324,58.98230429543828,-0.0006767581580193914,275267.96061104996,80270.25739333332,194997.70321771665,243747.1290221458,4663.8,1360.0,3303.8,4129.75,0.6507177033492821,8379.2,8913.25,0.0,25.75975416942929,25.76736368885589,27.69424401284482,198110.76192308834,211870.36908291132,321290.0805761314,2900.3652551169666,3103.620782588537,4705.177014655133,29442065.95719003,25182705.105451938,120383490.7106004,121366730.39332259,126645043.25314575,1761873.983302813,1776461.0488144057,1854003.0292391395,50453.8
56.94773358333333,56.68430458856261,-0.004625802963435552,225626.92045716668,77448.91767333333,148178.00278383333,185222.50347979166,3962.0,1360.0,2602.0,3252.5,0.5205741626794257,8413.0,9122.5,0.0,25.75975416942929,25.76736368885589,27.61652394098655,198981.44161401503,217262.18993480442,302831.07980899414,2913.226848364902,3183.2682130465923,4433.446158451694,29442065.95719003,25182705.105451938,120383490.7106004,121366730.39332259,126645043.25314575,1761873.983302813,1776461.0488144057,1854003.0292391395,50453.8
57.065325249999994,56.95817194022799,-0.0018777306412005334,189510.14080023332,77608.84233999999,111901.29846023333,139876.62307529163,3320.9333333333334,1360.0,1960.9333333333334,2451.1666666666665,0.39043062200956924,8543.9,9413.666666666666,0.0,25.75975416942929,25.82426608259441,27.20328488803203,202353.3934347933,224777.82867534028,288900.4547805776,2963.036983162379,3292.6672866773483,4229.2879484886225,29442065.95719003,25182705.105451938,120383490.7106004,121366730.39332259,126645043.25314575,1761873.983302813,1776461.0488144057,1854003.0292391395,50453.8
57.03619750000001,57.17576092128109,0.0024469271690331354,138856.52402033337,77569.22860000002,61287.29542033335,76609.11927541668,2434.5333333333338,1360.0,1074.5333333333335,1343.1666666666667,0.2602870813397128,8335.05,9426.416666666666,0.0,25.75975416942929,25.82426608259441,26.11383258779729,196973.468776508,225107.08806789335,259882.78187640072,2883.5652745874886,3297.442564369615,3803.858125698327,29442065.95719003,25182705.105451938,120383490.7106004,121366730.39332259,126645043.25314575,1761873.983302813,1776461.0488144057,1854003.0292391395,50453.8
55.080662999999994,53.617274178207474,-0.02656810470477663,18863.291055399997,8526.4866324,10336.804423,12921.00552875,342.4666666666667,154.8,187.66666666666669,234.58333333333334,0.24547368421052618,8957.366666666667,9065.25,0.0,25.76736368885589,25.76736368885589,25.82426608259441,213007.13927765135,215787.0083636174,221838.16638627162,3120.413036544927,3161.4769805795736,3250.0331080653445,29442065.95719003,25182705.105451938,120383490.7106004,121366730.39332259,126645043.25314575,1761873.983302813,1776461.0488144057,1854003.0292391395,50453.8
58.526864666666675,59.9270140579695,0.02392319149978782,57914.28348315557,79596.53594666669,-21682.252463511115,-27102.81557938889,989.5333333333333,1360.0,-370.4666666666667,-463.0833333333333,0.11533014354066973,7435.133333333333,8887.75,0.0,25.61297300334298,25.76736368885589,25.75975416942929,173857.61145654303,211213.3013088455,199281.97207932503,2541.6532391568517,3093.914644109778,2917.666254318331,29442065.95719003,25182705.105451938,120383490.7106004,121366730.39332259,126645043.25314575,1761873.983302813,1776461.0488144057,1854003.0292391395,50453.8
52.22538324999999,53.02457291534449,0.015302705611921081,-21361.052172304167,7867.753986612499,-29228.80615891667,-36536.00769864583,-409.01666666666677,150.65,-559.6666666666667,-699.5833333333334,0.100913875598086,8595.683333333334,8886.25,0.0,25.76736368885589,25.76736368885589,25.75975416942929,203687.51328745368,211174.6502633122,193151.15058700088,2982.7444671805106,3093.343694787498,2827.102372868373,29442065.95719003,25182705.105451938,120383490.7106004,121366730.39332259,126645043.25314575,1761873.983302813,1776461.0488144057,1854003.0292391395,50453.8
47.803043083333336,48.168612156953955,0.007647401714224248,-116671.29381872222,-64056.07773166666,-52615.21608705556,-65769.02010881944,-2440.6666666666665,-1339.9999999999998,-1100.6666666666667,-1375.8333333333333,0.2166411483253587,10024.333333333334,8959.5,0.0,25.82698149808759,25.76736368885589,25.61297300334298,240548.1956414329,213062.10965352092,177661.99171330626,3521.480008844618,3121.2250533588362,2598.012662511336,29442065.95719003,25182705.105451938,120383490.7106004,121366730.39332259,126645043.25314575,1761873.983302813,1776461.0488144057,1854003.0292391395,50453.8
47.559235916666665,47.119429099522065,-0.009247558516609281,-113083.18054692222,-63729.37612833333,-49353.80441858889,-61692.25552323611,-2377.7333333333336,-1340.0,-1037.7333333333333,-1297.1666666666667,0.3323684210526314,10090.066666666668,9009.5,0.0,25.82698149808759,25.76736368885589,25.61297300334298,242245.8892252405,214350.4778379637,180957.5275730697,3546.1498082159073,3140.2566974348347,2646.833886512303,29442065.95719003,25182705.105451938,120383490.7106004,121366730.39332259,126645043.25314575,1761873.983302813,1776461.0488144057,1854003.0292391395,50453.8
47.97941208333333,50.260139788613316,0.04753554923346485,-24085.664865833332,0.0,-24085.664865833332,-30107.081082291665,-502.0,0.0,-502.0,-627.5,0.3323684210526314,9101.583333333334,9227.083333333334,0.0,25.76736368885589,25.82426608259441,25.76736368885589,216723.22257764588,219959.45102876288,203788.0060058402,3175.3066419414663,3222.785935350645,2984.228935418438,29442065.95719003,25182705.105451938,120383490.7106004,121366730.39332259,126645043.25314575,1761873.983302813,1776461.0488144057,1854003.0292391395,50453.8
46.45883958333334,47.6939100176474,0.02658418603199751,-65878.63452916667,-62254.84504166667,-3623.7894875,-4529.736859375001,-1418.0,-1340.0,-78.0,-97.5,0.44809569377990416,11559.5,10239.0,0.0,27.20328488803203,25.82698149808759,25.82698149808759,280594.38512809854,246092.387669689,243574.25697362545,4108.001751341821,3602.04466804903,3565.452800320318,29442065.95719003,25182705.105451938,120383490.7106004,121366730.39332259,126645043.25314575,1761873.983302813,1776461.0488144057,1854003.0292391395,50453.8
52.55930625,51.702412670280694,-0.01630336549047016,58792.83997125,0.0,58792.83997125,73491.04996406249,1118.6000000000001,0.0,1118.6000000000001,1398.25,0.44809569377990416,11185.15,10905.5,0.0,26.11383258779729,26.11383258779729,27.61652394098655,270734.82023880305,263432.08695562556,300863.40247819887,3963.5492083700956,3856.087241732188,4404.351976495764,29442065.95719003,25182705.105451938,120383490.7106004,121366730.39332259,126645043.25314575,1761873.983302813,1776461.0488144057,1854003.0292391395,50453.8
55.88841316666667,55.72553618859696,-0.0029143246129388622,94063.92525371112,76008.24190666668,18055.683347044447,22569.604183805557,1683.0666666666666,1360.0,323.06666666666666,403.8333333333333,0.3179521531100477,10346.349999999997,11625.58333333333,0.0,25.82698149808759,27.20328488803203,27.20328488803203,248864.91413350863,282392.0688711159,293377.6620850662,3642.333252671359,4134.251738879323,4294.664651372065,29442065.95719003,25182705.105451938,120383490.7106004,121366730.39332259,126645043.25314575,1761873.983302813,1776461.0488144057,1854003.0292391395,50453.8
48.952843666666666,47.49185918931763,-0.02984473153995471,-55584.322222044444,0.0,-55584.322222044444,-69480.40277755556,-1135.4666666666667,0.0,-1135.4666666666667,-1419.3333333333333,0.3179521531100477,11486.966666666664,11770.83333333333,0.0,26.87142087332974,27.20328488803203,25.82698149808759,278630.3347914043,286343.3460011026,248997.92308822376,4079.4488187594375,4191.948748056964,3644.26605388985,29442065.95719003,25182705.105451938,120383490.7106004,121366730.39332259,126645043.25314575,1761873.983302813,1776461.0488144057,1854003.0292391395,50453.8
48.3568075,47.645588033893176,-0.014707742360924557,-90130.24867869909,-8071.970138365756,-82058.27854033334,-102572.84817541666,-1863.8585410895682,-166.92520775623484,-1696.9333333333334,-2121.1666666666665,0.33236842105263165,11212.858541089572,11470.16666666667,0.0,26.11383258779729,26.41196788648245,25.82426608259441,271458.3964420683,278182.9838773894,223107.85946866593,3974.196854778652,4072.840950296469,3268.4475775976166,29442065.95719003,25182705.105451938,120383490.7106004,121366730.39332259,126645043.25314575,1761873.983302813,1776461.0488144057,1854003.0292391395,50453.8
47.47055233333333,47.83697898200521,0.007719030655023296,-166805.57721798852,-55686.50831612185,-111119.06890186667,-138898.8361273333,-3513.874792243767,-1173.0747922437668,-2340.8,-2926.0,0.43367942583732055,11630.291458910437,11074.41666666667,32.0,27.20328488803203,26.11383258779729,25.75975416942929,282520.14535247855,267843.1485102477,192165.8399900203,4136.121926587632,3920.9973693843253,2812.5474633496306,29442065.95719003,25182705.105451938,120383490.7106004,121366730.39332259,126645043.25314575,1761873.983302813,1776461.0488144057,1854003.0292391395,50453.8
46.103111333333324,44.90405574090184,-0.026008127385635852,-201381.46384475555,-61778.16918666665,-139603.29465808888,-174504.1183226111,-4368.0666666666675,-1340.0,-3028.066666666667,-3785.0833333333335,0.5494066985645933,11156.650000000003,10573.66666666667,0.0,26.11383258779729,26.11383258779729,25.5666372614437,269990.57601005095,254766.64684190822,157314.98787369282,3952.5974256088584,3728.5726249039662,2299.6112817772037,29442065.95719003,25182705.105451938,120383490.7106004,121366730.39332259,126645043.25314575,1761873.983302813,1776461.0488144057,1854003.0292391395,50453.8
43.40851599999999,43.36229405319864,-0.001064812876840833,-185108.38172933325,-58167.41143999995,-126940.97028933332,-158676.21286166663,-4264.333333333332,-1339.999999999999,-2924.3333333333335,-3655.4166666666665,0.665133971291866,10595.0,9986.083333333334,0.0,26.11383258779729,25.82698149808759,25.5666372614437,255323.74193711448,239560.31359913104,145607.59856105671,3736.770450596588,3507.124737658739,2129.818215332441,29442065.95719003,25182705.105451938,120383490.7106004,121366730.39332259,126645043.25314575,1761873.983302813,1776461.0488144057,1854003.0292391395,50453.8
42.72002666666666,41.88118753229319,-0.019635735270455725,-175935.30982222216,-57244.83573333329,-118690.47408888888,-148363.0926111111,-4118.333333333332,-1339.999999999999,-2778.3333333333335,-3472.9166666666665,0.7808612440191387,10597.25,9951.833333333334,0.0,26.11383258779729,25.82698149808759,25.5666372614437,255382.49806043704,238675.73948282152,149397.85253506573,3737.635065025107,3494.2706713027555,2184.788527471701,29442065.95719003,25182705.105451938,120383490.7106004,121366730.39332259,126645043.25314575,1761873.983302813,1776461.0488144057,1854003.0292391395,50453.8
45.332212999999996,46.16504528877991,0.018371754513284138,-167061.29349513326,-60745.16541999991,-106316.12807513334,-132895.16009391667,-3685.266666666665,-1339.9999999999982,-2345.266666666667,-2931.5833333333335,0.8965885167464113,11038.68333333333,10286.0,1.0,26.11383258779729,25.82698149808759,25.61297300334298,266910.01422577695,247306.2558000991,171790.21765228987,3907.2660113491797,3619.6838248003064,2511.026142286815,29442065.95719003,25182705.105451938,120383490.7106004,121366730.39332259,126645043.25314575,1761873.983302813,1776461.0488144057,1854003.0292391395,50453.8
54.65087425000001,56.156794642109695,0.02755528457277492,67592.20127240001,74325.18898,-6732.987707600001,-8416.2346345,1236.8,1360.0,-123.2,-154.0,0.7664449760765548,9844.86666666667,11235.66666666667,0.0,25.82426608259441,26.11383258779729,26.11383258779729,235913.25221015507,272054.00401503005,268032.47379650926,3454.165305571899,3982.9614034281753,3923.783349209553,29442065.95719003,25182705.105451938,120383490.7106004,121366730.39332259,126645043.25314575,1761873.983302813,1776461.0488144057,1854003.0292391395,50453.8
55.65422291666667,55.13664863262661,-0.009299820515238299,200874.64191388892,75689.74316666667,125184.89874722224,156481.12343402777,3609.3333333333335,1360.0,2249.3333333333335,2811.6666666666665,0.6363014354066984,10747.833333333332,11545.5,0.0,26.11383258779729,27.11191162055051,27.96344616076303,259314.80601761615,280214.18788986525,357745.29118929827,3795.500186222645,4102.466539442708,5240.161629987281,29442065.95719003,25182705.105451938,120383490.7106004,121366730.39332259,126645043.25314575,1761873.983302813,1776461.0488144057,1854003.0292391395,50453.8
57.31014283333334,57.32762181078247,0.00030498924945899386,270396.8952400445,77941.79425333334,192455.10098671116,240568.87623338893,4718.133333333333,1360.0,3358.1333333333337,4197.666666666667,0.5061578947368419,11086.533333333333,11607.0,0.0,26.11383258779729,27.20328488803203,29.19634804478695,268159.56111510313,281886.54116028006,398495.4819021733,3925.653478195681,4126.869964325903,5839.791147558996,29442065.95719003,25182705.105451938,120383490.7106004,121366730.39332259,126645043.25314575,1761873.983302813,1776461.0488144057,1854003.0292391395,50453.8
56.72557775000001,58.15624248634753,0.025220805024723233,251438.01422946667,77146.78574,174291.22848946668,217864.03561183336,4432.533333333333,1360.0,3072.5333333333333,3840.6666666666665,0.37601435406698547,10765.550000000003,11357.41666666667,0.0,26.11383258779729,26.11383258779729,28.07250962091945,259777.4560849634,275233.3631325943,381315.41432278085,3802.308224278317,4029.746650838028,5586.231240425907,29442065.95719003,25182705.105451938,120383490.7106004,121366730.39332259,126645043.25314575,1761873.983302813,1776461.0488144057,1854003.0292391395,50453.8
55.82968424999999,56.47669985015411,0.011589096532533602,223102.86222089996,75928.37057999999,147174.49164089997,183968.11455112498,3996.133333333333,1360.0,2636.133333333333,3295.1666666666665,0.24587081339712902,10641.200000000003,11342.16666666667,0.0,26.11383258779729,26.11383258779729,27.96344616076303,256530.2010026708,274835.12718563044,365579.71668867214,3754.523866862176,4023.8864863780673,5353.119641189169,29442065.95719003,25182705.105451938,120383490.7106004,121366730.39332259,126645043.25314575,1761873.983302813,1776461.0488144057,1854003.0292391395,50453.8
54.78817016666667,54.51533087447409,-0.00497989422465829,207526.63095730002,74511.91142666667,133014.71953063333,166268.39941329166,3787.8,1360.0,2427.8,3034.75,0.11572727272727257,10571.28333333333,11324.33333333333,0.0,26.11383258779729,26.11383258779729,27.96344616076303,254704.40887424047,274369.43050448125,357798.8877944397,3727.6567740648657,4017.0336164631376,5240.934394489851,29442065.95719003,25182705.105451938,120383490.7106004,121366730.39332259,126645043.25314575,1761873.983302813,1776461.0488144057,1854003.0292391395,50453.8
53.42093250000001,55.67243448830378,0.04214643741577831,123399.68302837503,64604.60471887501,58795.07830950002,73493.84788687502,2309.95,1209.35,1100.6000000000001,1375.75,0.0,10282.96666666667,11217.16666666667,0.0,25.82698149808759,26.11383258779729,27.61652394098655,247227.9139562217,271570.8981121558,308849.18065113423,3618.5454111376366,3975.852351460354,4522.430118468956,29442065.95719003,25182705.105451938,120383490.7106004,121366730.39332259,126645043.25314575,1761873.983302813,1776461.0488144057,1854003.0292391395,50453.8
50.750484416666666,49.01769666943411,-0.034143275027804516,12085.382022422224,0.0,12085.382022422224,15106.727528027779,238.13333333333335,0.0,238.13333333333335,297.6666666666667,0.0,10999.116666666663,10939.58333333333,0.0,26.11383258779729,26.11383258779729,26.11383258779729,265876.77691638644,264322.13341632625,272095.3509166272,3892.0616065098925,3869.1845491864165,3983.569835803797,29442065.95719003,25182705.105451938,120383490.7106004,121366730.39332259,126645043.25314575,1761873.983302813,1776461.0488144057,1854003.0292391395,50453.8
45.32476358333333,43.30039731528277,-0.044663581406852615,-79813.88701934443,-60735.18320166666,-19078.703817677775,-23848.379772097218,-1760.9333333333334,-1340.0,-420.93333333333334,-526.1666666666666,0.11572727272727273,11616.183333333336,10381.41666666667,0.0,27.20328488803203,25.82698149808759,25.82426608259441,282136.3579931686,249770.58028470838,236181.39417297934,4130.51781883616,3655.4938150134485,3458.054191849392,29442065.95719003,25182705.105451938,120383490.7106004,121366730.39332259,126645043.25314575,1761873.983302813,1776461.0488144057,1854003.0292391395,50453.8
47.731652583333336,46.243561341239364,-0.031176193606453434,-8588.515354827778,0.0,-8588.515354827778,-10735.644193534723,-179.93333333333334,0.0,-179.93333333333334,-224.91666666666666,0.11572727272727273,9500.183333333332,9545.166666666666,0.0,25.82426608259441,25.82426608259441,25.82426608259441,227012.05809591938,228173.71966520144,222365.41181879124,3325.0705108610837,3341.9181899348464,3257.6797945660333,29442065.95719003,25182705.105451938,120383490.7106004,121366730.39332259,126645043.25314575,1761873.983302813,1776461.0488144057,1854003.0292391395,50453.8
47.33600566666667,46.341040970924595,-0.021019194199622015,-30380.248436866674,0.0,-30380.248436866674,-37975.31054608334,-641.8000000000001,0.0,-641.8000000000001,-802.25,0.11572727272727273,8903.3,9063.75,0.0,25.76736368885589,25.76736368885589,25.75975416942929,211613.9838142072,215748.35731808413,195078.8388573465,3099.833485417413,3160.9060312572938,2855.5779910553697,29442065.95719003,25182705.105451938,120383490.7106004,121366730.39332259,126645043.25314575,1761873.983302813,1776461.0488144057,1854003.0292391395,50453.8
42.113380250000006,41.69438756342005,-0.009949158298209861,-118619.35437083335,-56431.92953500001,-62187.42483583334,-77734.28104479167,-2816.666666666667,-1340.0,-1476.6666666666667,-1845.8333333333333,0.23145454545454547,9993.916666666668,9023.083333333334,0.0,25.82698149808759,25.76736368885589,25.61297300334298,239762.6249541994,214700.48452807066,167252.4526018643,3510.0645971172853,3145.426960742148,2443.802099394292,29442065.95719003,25182705.105451938,120383490.7106004,121366730.39332259,126645043.25314575,1761873.983302813,1776461.0488144057,1854003.0292391395,50453.8
40.74465433333334,40.713015108492954,-0.0007765245615178251,-122019.37448717779,-54597.83680666667,-67421.53768051112,-84276.92210063888,-2994.7333333333336,-1340.0,-1654.7333333333333,-2068.4166666666665,0.3471818181818182,9908.983333333334,8982.666666666666,0.0,25.82698149808759,25.76736368885589,25.5666372614437,237569.05332562848,213659.0535789794,160527.86195621418,3478.189014562496,3130.043048447382,2346.2078139334726,29442065.95719003,25182705.105451938,120383490.7106004,121366730.39332259,126645043.25314575,1761873.983302813,1776461.0488144057,1854003.0292391395,50453.8
41.886122666666665,41.31288375551303,-0.01368565230340185,-99772.74419199998,-56127.40437333331,-43645.33981866667,-54556.67477333333,-2381.9999999999995,-1339.9999999999995,-1042.0,-1302.5,0.4629090909090909,10092.583333333334,9013.083333333334,0.0,25.82698149808759,25.76736368885589,25.61297300334298,242310.88712867736,214442.81089118213,180912.70487031387,3547.0943162547164,3141.6206319269486,2646.169867273948,29442065.95719003,25182705.105451938,120383490.7106004,121366730.39332259,126645043.25314575,1761873.983302813,1776461.0488144057,1854003.0292391395,50453.8
49.51569383333333,50.64424827240137,0.022791853485213884,61944.1329855,67341.34361333333,-5397.210627833333,-6746.513284791667,1251.0,1360.0,-109.0,-136.25,0.33276555023923443,8038.25,9425.5,0.0,25.75975416942929,25.82426608259441,25.82426608259441,189327.9737390214,225083.4158239843,221564.85957023082,2770.626787132247,3297.099243751217,3246.06931547111,29442065.95719003,25182705.105451938,120383490.7106004,121366730.39332259,126645043.25314575,1761873.983302813,1776461.0488144057,1854003.0292391395,50453.8
50.227383833333334,49.386631183529005,-0.016738929755811167,108296.93652917778,68309.24201333334,39987.69451584444,49984.61814480556,2156.133333333333,1360.0,796.1333333333333,995.1666666666666,0.20262200956937798,8609.699999999999,9770.666666666666,0.0,25.76736368885589,25.82426608259441,26.11383258779729,204048.6858351591,233997.09166682645,259784.8550041965,2988.079671403148,3426.375062060822,3802.4171016507958,29442065.95719003,25182705.105451938,120383490.7106004,121366730.39332259,126645043.25314575,1761873.983302813,1776461.0488144057,1854003.0292391395,50453.8
51.07710558333333,50.8764760027997,-0.003927974740195473,74862.01108330555,69464.86359333333,5397.1474899722225,6746.434362465277,1465.6666666666667,1360.0,105.66666666666669,132.08333333333334,0.07247846889952153,8408.083333333332,9741.666666666666,0.0,25.75975416942929,25.82426608259441,25.82426608259441,198854.78948934865,233248.18795043122,236659.14309550726,2911.3559558559564,3415.513646133313,3464.983026147974,29442065.95719003,25182705.105451938,120383490.7106004,121366730.39332259,126645043.25314575,1761873.983302813,1776461.0488144057,1854003.0292391395,50453.8
49.049945083333334,48.606155769379875,-0.00904770256520129,-22356.960309238544,37150.433065861456,-59507.3933751,-74384.241718875,-455.79990499999997,757.4000950000001,-1213.2,-1516.5,0.0,8502.883238333334,9563.583333333334,0.0,25.75975416942929,25.82426608259441,25.75975416942929,201296.81173743395,228649.3165655559,189555.5182341847,2947.429264082374,3348.815813268121,2773.9880516398434,29442065.95719003,25182705.105451938,120383490.7106004,121366730.39332259,126645043.25314575,1761873.983302813,1776461.0488144057,1854003.0292391395,50453.8
42.19112466666666,43.699271619832274,0.03574559732836736,-95740.10009359999,0.0,-95740.10009359999,-119675.12511699997,-2269.2000000000003,0.0,-2269.2000000000003,-2836.5,0.0,7684.783333333335,8252.083333333334,0.0,25.61297300334298,25.75975416942929,25.25880638621389,180251.89016682765,194836.26783891773,122322.75105941885,2636.38032650277,2851.994756250102,1786.8451252440036,29442065.95719003,25182705.105451938,120383490.7106004,121366730.39332259,126645043.25314575,1761873.983302813,1776461.0488144057,1854003.0292391395,50453.8
41.92738975,42.95574132353878,0.02452696386945427,-116907.53841958335,0.0,-116907.53841958335,-146134.42302447918,-2788.3333333333335,0.0,-2788.3333333333335,-3485.4166666666665,0.0,7043.5,7740.583333333333,0.0,25.5666372614437,25.61297300334298,24.9331021921135,163832.34982225578,181681.09406041415,93257.56268393042,2394.1330270464528,2657.553054217178,1361.0422567449325,29442065.95719003,25182705.105451938,120383490.7106004,121366730.39332259,126645043.25314575,1761873.983302813,1776461.0488144057,1854003.0292391395,50453.8
40.11050624999999,40.33286509176118,0.005543655828606834,-173488.63566625,-53748.07837499999,-119740.55729124999,-149675.69661406247,-4325.266666666666,-1340.0,-2985.266666666667,-3731.5833333333335,0.11572727272727273,8181.9333333333325,7589.25,1.0,25.75975416942929,25.61297300334298,24.9331021921135,193029.2210839322,177804.99747924157,83346.65456256531,2825.301242452981,2600.131200081326,1220.8092445099994,29442065.95719003,25182705.105451938,120383490.7106004,121366730.39332259,126645043.25314575,1761873.983302813,1776461.0488144057,1854003.0292391395,50453.8
40.32468191666667,40.06626079206443,-0.006408509932856426,-146803.3486736889,-54035.073768333335,-92768.27490535556,-115960.34363169444,-3640.5333333333333,-1340.0,-2300.5333333333333,-2875.6666666666665,0.23145454545454547,8220.283333333333,7455.416666666667,0.0,25.75975416942929,25.61297300334298,24.93911478187209,194017.10765632984,174377.12792562752,101352.20792217246,2839.894204022754,2549.349538329025,1478.4943119968257,29442065.95719003,25182705.105451938,120383490.7106004,121366730.39332259,126645043.25314575,1761873.983302813,1776461.0488144057,1854003.0292391395,50453.8
41.81967891666667,41.994166445331025,0.004172378487459366,-76192.66700757222,0.0,-76192.66700757222,-95240.83375946527,-1821.9333333333334,0.0,-1821.9333333333334,-2277.4166666666665,0.23145454545454547,7368.516666666666,7824.0,0.0,25.61297300334298,25.61297300334298,25.25880638621389,172151.36057163702,183817.64289177634,125631.65469601286,2516.3762401501335,2689.204637912106,1836.0048436772831,29442065.95719003,25182705.105451938,120383490.7106004,121366730.39332259,126645043.25314575,1761873.983302813,1776461.0488144057,1854003.0292391395,50453.8
42.32724591666666,42.78482689799045,0.010810554086714573,-51644.88365112222,0.0,-51644.88365112222,-64556.10456390277,-1220.1333333333334,0.0,-1220.1333333333334,-1525.1666666666667,0.23145454545454547,8022.883333333333,8327.916666666666,0.0,25.75975416942929,25.75975416942929,25.5666372614437,188932.1321832845,196789.71586343274,157677.1819015632,2764.77945529073,2880.850894947392,2304.8642064897795,29442065.95719003,25182705.105451938,120383490.7106004,121366730.39332259,126645043.25314575,1761873.983302813,1776461.0488144057,1854003.0292391395,50453.8
46.99824375,46.38846355650341,-0.012974531489734448,70743.323100625,49757.040658125,20986.2824425,26232.853053125,1505.2333333333333,1058.7,446.5333333333333,558.1666666666666,0.13014354066985648,8376.349999999999,9323.416666666666,0.0,25.75975416942929,25.82426608259441,25.82426608259441,198037.3466237054,222447.1886613861,236861.4331798209,2899.2807716626285,3258.8658112477724,3467.9168568870136,29442065.95719003,25182705.105451938,120383490.7106004,121366730.39332259,126645043.25314575,1761873.983302813,1776461.0488144057,1854003.0292391395,50453.8
44.07441358333333,43.869629409897236,-0.004646327807604344,64983.315387266666,0.0,64983.315387266666,81229.14423408333,1474.4,0.0,1474.4,1843.0,0.13014354066985648,9735.1,9366.5,0.0,25.82426608259441,25.82426608259441,26.11383258779729,233078.60860315556,223559.78412511124,271370.69206231594,3413.0542220669695,3275.0018803124917,3972.906257852066,29442065.95719003,25182705.105451938,120383490.7106004,121366730.39332259,126645043.25314575,1761873.983302813,1776461.0488144057,1854003.0292391395,50453.8
47.57362583333333,47.60734265919222,0.0007087293698615875,150297.7703077222,64700.13113333333,85597.6391743889,106997.04896798612,3159.266666666667,1360.0,1799.2666666666669,2249.0833333333335,2.7755575615628914e-17,8940.900000000001,9851.083333333334,0.0,25.76736368885589,25.82426608259441,27.20328488803203,212582.83668890822,236073.7930643018,295302.2944908946,3114.145281762565,3456.493643583944,4322.768358079937,29442065.95719003,25182705.105451938,120383490.7106004,121366730.39332259,126645043.25314575,1761873.983302813,1776461.0488144057,1854003.0292391395,50453.8
44.53089,44.31794338346533,-0.004781997766823772,66704.304494,0.0,66704.304494,83380.3806175,1497.9333333333334,0.0,1497.9333333333334,1872.4166666666667,2.7755575615628914e-17,10181.9,9807.416666666666,0.0,25.82698149808759,25.82426608259441,27.20328488803203,244617.66702614818,234946.1334453618,283867.8470762917,3580.614969102266,3440.139097762062,4155.801224234829,29442065.95719003,25182705.105451938,120383490.7106004,121366730.39332259,126645043.25314575,1761873.983302813,1776461.0488144057,1854003.0292391395,50453.8
46.60193391666667,46.731203649241735,0.0027739134776300213,59473.38806445,0.0,59473.38806445,74341.7350805625,1276.2,0.0,1276.2,1595.25,2.7755575615628914e-17,10462.05,10143.0,0.0,25.96940720969114,25.82698149808759,27.20328488803203,251853.45418745087,243612.9974458726,285456.97230183426,3685.748802801989,3566.015752131529,4179.0058159924465,29442065.95719003,25182705.105451938,120383490.7106004,121366730.39332259,126645043.25314575,1761873.983302813,1776461.0488144057,1854003.0292391395,50453.8
44.57447725,45.266696136596074,0.0155294897282519,53049.57119113334,0.0,53049.57119113334,66311.96398891667,1190.1333333333334,0.0,1190.1333333333334,1487.6666666666667,2.7755575615628914e-17,10116.366666666667,9818.833333333334,0.0,25.82698149808759,25.82426608259441,26.11383258779729,242925.1388386402,235240.96048313813,273903.73382333224,3556.0202299724724,3444.415000009387,4010.1807465482116,29442065.95719003,25182705.105451938,120383490.7106004,121366730.39332259,126645043.25314575,1761873.983302813,1776461.0488144057,1854003.0292391395,50453.8
44.179905166666664,44.18590051718956,0.00013570310982503165,33308.70316865556,0.0,33308.70316865556,41635.87896081944,753.9333333333334,0.0,753.9333333333334,942.4166666666666,2.7755575615628914e-17,9973.316666666668,9784.833333333334,0.0,25.82698149808759,25.82426608259441,26.11383258779729,239230.58913533879,234362.93543632992,258777.2962968507,3502.3333922433217,3431.6809261633416,3787.590565339529,29442065.95719003,25182705.105451938,120383490.7106004,121366730.39332259,126645043.25314575,1761873.983302813,1776461.0488144057,1854003.0292391395,50453.8
45.169830999999995,45.91965006554807,0.016599997142962022,11894.722163333334,0.0,11894.722163333334,14868.402704166665,263.33333333333337,0.0,263.33333333333337,329.1666666666667,2.7755575615628914e-17,9184.0,9118.166666666666,0.0,25.7807360731226,25.76736368885589,25.82426608259441,218846.91215405008,217150.53135881937,225647.24563345427,3206.6530587620496,3181.6188038933387,3305.2765166621575,29442065.95719003,25182705.105451938,120383490.7106004,121366730.39332259,126645043.25314575,1761873.983302813,1776461.0488144057,1854003.0292391395,50453.8
41.18656083333334,41.70548984553555,0.012599474238748118,-67826.02838033334,-55189.991516666676,-12636.036863666668,-15795.046079583335,-1646.8,-1340.0,-306.8,-383.5,0.11572727272727276,9613.966666666665,8350.666666666666,0.0,25.82426608259441,25.75975416942929,25.75975416942929,229950.4291716839,197375.75027078725,187496.88454681114,3367.685962893902,2889.5077365565794,2743.5781208588523,29442065.95719003,25182705.105451938,120383490.7106004,121366730.39332259,126645043.25314575,1761873.983302813,1776461.0488144057,1854003.0292391395,50453.8
44.40574475,43.775897352980905,-0.01418391698112639,-74122.06913669998,-59503.69796499998,-14618.3711717,-18272.963964625,-1669.1999999999996,-1339.9999999999995,-329.20000000000005,-411.5,0.23145454545454547,8719.783333333333,7462.083333333333,0.0,25.76736368885589,25.61297300334298,25.5666372614437,206885.24312124067,174547.88107898313,164013.446836191,3029.981007777139,2551.8791354275204,2396.759489402741,29442065.95719003,25182705.105451938,120383490.7106004,121366730.39332259,126645043.25314575,1761873.983302813,1776461.0488144057,1854003.0292391395,50453.8
42.236965250000004,41.193239296498064,-0.02471119663366299,-66120.56120003333,-56597.533435000005,-9523.027765033334,-11903.784706291666,-1565.4666666666667,-1340.0,-225.46666666666667,-281.8333333333333,0.3471818181818182,8059.05,6775.416666666667,0.0,25.75975416942929,25.5666372614437,25.5666372614437,189863.77662574555,156978.36048308376,149772.8298815669,2778.541613746361,2294.72915175022,2190.226849527074,29442065.95719003,25182705.105451938,120383490.7106004,121366730.39332259,126645043.25314575,1761873.983302813,1776461.0488144057,1854003.0292391395,50453.8
36.551067499999995,35.105088597322656,-0.03956051085723666,-69827.15935199997,-48978.43044999998,-20848.728901999995,-26060.911127499996,-1910.3999999999996,-1339.9999999999995,-570.4,-713.0,0.4629090909090909,7473.566666666667,6276.166666666667,0.0,25.61297300334298,25.5666372614437,25.25880638621389,174842.0033856382,144214.216830308,126050.52990191757,2556.2363664296795,2109.6099049675863,1842.2279886952365,29442065.95719003,25182705.105451938,120383490.7106004,121366730.39332259,126645043.25314575,1761873.983302813,1776461.0488144057,1854003.0292391395,50453.8
37.9322185,38.23286707481172,0.007925942291293144,-68369.0306244,-50829.17279,-17539.8578344,-21924.822292999997,-1802.4,-1340.0,-462.40000000000003,-578.0,0.5786363636363636,7490.4,6266.0,0.0,25.61297300334298,25.5666372614437,25.26173052740027,175273.15509786113,143954.2893514833,129203.76885785967,2562.623599103381,2105.840158997384,1889.0750284385883,29442065.95719003,25182705.105451938,120383490.7106004,121366730.39332259,126645043.25314575,1761873.983302813,1776461.0488144057,1854003.0292391395,50453.8
35.68667833333333,35.17117617797293,-0.014445226606559697,-60841.02833455552,-47820.14896666663,-13020.879367888889,-16276.09920986111,-1704.8666666666659,-1339.999999999999,-364.8666666666667,-456.0833333333333,0.6943636363636363,7622.95,6374.166666666667,0.0,25.61297300334298,25.5666372614437,25.48822338165023,178668.15466945423,146719.74728192948,135065.2779860044,2612.9183134142218,2145.947784155765,1976.1802946564562,29442065.95719003,25182705.105451938,120383490.7106004,121366730.39332259,126645043.25314575,1761873.983302813,1776461.0488144057,1854003.0292391395,50453.8
44.00510574999999,44.171498793777985,0.0037812213138014783,21516.018123152808,-867.9123350138592,22383.930458166666,27979.91307270833,488.9436749769159,-19.722991689750895,508.66666666666674,635.8333333333334,0.696066985645933,7365.72299168975,7218.833333333333,0.0,25.61297300334298,25.61297300334298,25.61297300334298,172079.80624987313,168317.52539591995,184603.10739721218,2515.3162093327715,2459.5804612961583,2700.840784565186,29442065.95719003,25182705.105451938,120383490.7106004,121366730.39332259,126645043.25314575,1761873.983302813,1776461.0488144057,1854003.0292391395,50453.8
50.07368108333333,50.01535925444592,-0.0011647202207951512,156950.9459876,68100.20627333333,88850.73971426666,111063.42464283331,3134.4,1360.0,1774.4,2218.0,0.5659234449760765,6885.4333333333325,7801.833333333333,0.0,25.5666372614437,25.61297300334298,25.82698149808759,159791.11669246358,183249.88865686892,240431.97422469145,2335.5227470769482,2680.7937275596078,3519.791153410985,29442065.95719003,25182705.105451938,120383490.7106004,121366730.39332259,126645043.25314575,1761873.983302813,1776461.0488144057,1854003.0292391395,50453.8
54.48451891666667,54.78605919189998,0.005534421175572995,176667.86873792222,74098.94572666667,102568.92301125557,128211.15376406944,3242.5333333333333,1360.0,1882.5333333333333,2353.1666666666665,0.43577990430622005,6645.55,7534.916666666667,0.0,25.5666372614437,25.61297300334298,25.82426608259441,153658.10652406426,176413.3592793933,237029.2909093578,2246.575281914457,2579.5149837285862,3470.351312181111,29442065.95719003,25182705.105451938,120383490.7106004,121366730.39332259,126645043.25314575,1761873.983302813,1776461.0488144057,1854003.0292391395,50453.8
57.97260766666667,57.83277646222902,-0.0024120219887581278,130639.33895657778,78842.74642666666,51796.59252991111,64745.74066238889,2253.4666666666667,1360.0,893.4666666666667,1116.8333333333333,0.3056363636363636,5023.033333333334,6159.666666666667,0.0,24.98363131975477,25.5666372614437,25.61297300334298,112410.00103914364,141235.7035893498,169794.54017244608,1639.6357084586969,2066.412324095925,2481.4614761981466,29442065.95719003,25182705.105451938,120383490.7106004,121366730.39332259,126645043.25314575,1761873.983302813,1776461.0488144057,1854003.0292391395,50453.8
39.58297925,41.432995717035716,0.04673767619539953,-124021.3905861,-53041.192195,-70980.1983911,-88725.24798887501,-3133.2,-1340.0,-1793.2,-2241.5,0.42136363636363633,6709.2,5838.5,21.0,25.5666372614437,25.48822338165023,24.77651648406875,155285.42298575517,133036.84020854806,76857.5100440858,2270.176363652493,1945.9867917967645,1128.3824689437513,29442065.95719003,25182705.105451938,120383490.7106004,121366730.39332259,126645043.25314575,1761873.983302813,1776461.0488144057,1854003.0292391395,50453.8
36.01764450000001,36.75638671914824,0.020510564458156962,-139157.77129020006,-48263.64363000001,-90894.12766020004,-113617.65957525003,-3863.6000000000004,-1340.0,-2523.6000000000004,-3154.5,0.5370909090909091,5797.016666666667,5089.916666666667,2.0,25.48822338165023,25.25880638621389,22.61187230696291,131979.50374193263,114096.79977964185,36678.44739251968,1930.248230829692,1664.6338150421861,538.7884862927708,29442065.95719003,25182705.105451938,120383490.7106004,121366730.39332259,126645043.25314575,1761873.983302813,1776461.0488144057,1854003.0292391395,50453.8
32.20327666666667,30.831154248165884,-0.04260816166949425,-158644.07528555556,-43152.390733333305,-115491.68455222224,-144364.6056902778,-4926.333333333333,-1339.999999999999,-3586.333333333334,-4482.916666666667,0.6528181818181817,4660.083333333333,4217.666666666667,1.0,24.93911478187209,24.9331021921135,0.0,103355.65014298283,92322.57135172618,0.0,1507.6354162213538,1347.812727288807,0.0,29442065.95719003,25182705.105451938,120383490.7106004,121366730.39332259,126645043.25314575,1761873.983302813,1776461.0488144057,1854003.0292391395,50453.8
30.67758858333333,30.504422621802842,-0.0056447057779685905,-150903.0582414166,-41107.968701666636,-109795.08953974998,-137243.8619246875,-4918.999999999999,-1339.999999999999,-3579.0,-4473.75,0.7685454545454544,4468.999999999999,4026.75,3.0,24.93911478187209,24.9331021921135,0.0,98590.20096008011,87562.4265915485,0.0,1438.3194909237984,1280.4597228799532,0.0,29442065.95719003,25182705.105451938,120383490.7106004,121366730.39332259,126645043.25314575,1761873.983302813,1776461.0488144057,1854003.0292391395,50453.8
29.997605583333335,30.15157895163903,0.005132855283331206,-148298.1628021389,-40196.79148166667,-108101.37132047223,-135126.71415059027,-4943.666666666666,-1340.0,-3603.6666666666665,-4504.583333333333,0.8842727272727271,4612.333333333333,4182.25,9.0,24.93911478187209,24.9331021921135,0.0,102164.80741214845,91439.52398242215,0.0,1490.3139922372723,1335.3181716913548,0.0,29442065.95719003,25182705.105451938,120383490.7106004,121366730.39332259,126645043.25314575,1761873.983302813,1776461.0488144057,1854003.0292391395,50453.8
33.76722441666666,33.60775010047493,-0.0047227546517862665,-140075.4514735111,-45248.08071833332,-94827.37075517776,-118534.2134439722,-4148.266666666666,-1340.0,-2808.266666666667,-3510.3333333333335,0.9999999999999998,5668.766666666666,5046.833333333333,16.0,25.26173052740027,25.25880638621389,21.91280413211907,128717.90157404933,113008.56620450245,27811.516409423668,1881.856595376475,1648.466146829714,407.6406257702621,29442065.95719003,25182705.105451938,120383490.7106004,121366730.39332259,126645043.25314575,1761873.983302813,1776461.0488144057,1854003.0292391395,50453.8
48.40271108333334,47.64554223520733,-0.015643108230495875,17079.703317605556,0.0,17079.703317605556,21349.629147006945,352.8666666666667,0.0,352.8666666666667,441.0833333333333,0.9999999999999998,7042.049999999999,6960.833333333333,7.0,25.5666372614437,25.5666372614437,25.61297300334298,163795.27819822668,161718.84114197645,173006.83386994866,2393.5953747523417,2363.4806663707104,2529.0495216135964,29442065.95719003,25182705.105451938,120383490.7106004,121366730.39332259,126645043.25314575,1761873.983302813,1776461.0488144057,1854003.0292391395,50453.8
57.954009333333325,57.39003693389124,-0.00973137848320893,269235.00935955555,78817.45269333333,190417.5566662222,238021.9458327777,4645.666666666666,1360.0,3285.6666666666665,4107.083333333333,0.8698564593301433,8653.916666666668,9192.5,0.0,25.76736368885589,25.82426608259441,27.69424401284482,205188.03276626806,219066.36182673983,328395.9620190938,3004.9099886476906,3209.833384747437,4808.133436010383,29442065.95719003,25182705.105451938,120383490.7106004,121366730.39332259,126645043.25314575,1761873.983302813,1776461.0488144057,1854003.0292391395,50453.8
57.716774499999985,57.28344062937814,-0.0075079363733647365,308615.4410364666,78494.81331999999,230120.6277164666,287650.78464558325,5347.066666666667,1360.0,3987.0666666666666,4983.833333333333,0.7397129186602869,9819.266666666666,10182.5,0.0,25.82426608259441,25.82698149808759,28.07250962091945,235252.15099844057,244633.16321504704,380424.1121423166,3444.5772970289927,3580.840149826751,5572.989340960725,29442065.95719003,25182705.105451938,120383490.7106004,121366730.39332259,126645043.25314575,1761873.983302813,1776461.0488144057,1854003.0292391395,50453.8
55.54250316666667,56.25812702014192,0.012884256428412623,277797.6810048556,75537.80430666667,202259.87669818892,252824.84587273613,5001.533333333334,1360.0,3641.5333333333338,4551.916666666667,0.6095693779904304,9919.716666666664,10369.33333333333,0.0,25.82698149808759,25.82698149808759,28.07250962091945,237846.26292704119,249458.504258273,373544.0079093895,3482.2172475227153,3650.958925423136,5470.772998894854,29442065.95719003,25182705.105451938,120383490.7106004,121366730.39332259,126645043.25314575,1761873.983302813,1776461.0488144057,1854003.0292391395,50453.8
54.682235666666664,53.77413898532522,-0.016606795063702846,214511.11955557778,50854.47917,163656.64038557778,204570.80048197223,3922.866666666667,930.0,2992.866666666667,3741.0833333333335,0.5205741626794256,10471.716666666667,10653.5,0.0,26.00948919846558,26.11383258779729,27.96344616076303,252104.78157465337,256851.40114350064,358791.59013314685,3689.409824058261,3759.250425738078,5255.247337015731,29442065.95719003,25182705.105451938,120383490.7106004,121366730.39332259,126645043.25314575,1761873.983302813,1776461.0488144057,1854003.0292391395,50453.8
57.67757275,59.01073601810721,0.02311406677749294,206643.36247718334,78441.49894,128201.86353718332,160252.32942147917,3582.733333333333,1360.0,2222.733333333333,2778.4166666666665,0.39043062200956913,10209.433333333334,11013.75,0.0,25.82698149808759,26.11383258779729,27.70318112949341,245328.7699167289,266258.9093332546,342040.29885780346,3590.94826234805,3897.6848025709273,5009.0349518720695,29442065.95719003,25182705.105451938,120383490.7106004,121366730.39332259,126645043.25314575,1761873.983302813,1776461.0488144057,1854003.0292391395,50453.8
62.28836516666666,63.3328762234108,0.01676895924221665,219487.58861662218,84712.17662666665,134775.41198995552,168469.26498744442,3523.733333333333,1360.0,2163.733333333333,2704.6666666666665,0.2602870813397127,9807.433333333334,10626.5,0.0,25.82426608259441,26.11383258779729,27.69424401284482,234946.56384979657,256146.3276636301,329270.63855916617,3440.1453399551247,3748.875052595852,4820.806538866388,29442065.95719003,25182705.105451938,120383490.7106004,121366730.39332259,126645043.25314575,1761873.983302813,1776461.0488144057,1854003.0292391395,50453.8
62.95954025,59.603731007974424,-0.05330104426907061,155866.83514558335,85624.97474,70241.86040558334,87802.32550697916,2475.666666666667,1360.0,1115.6666666666667,1394.5833333333333,0.13014354066985623,9541.999999999996,10623.08333333333,0.0,25.82426608259441,26.11383258779729,27.20328488803203,228091.94282260648,256057.10540228838,293058.0234876318,3340.7321732531054,3747.5621195747667,4289.997251318108,29442065.95719003,25182705.105451938,120383490.7106004,121366730.39332259,126645043.25314575,1761873.983302813,1776461.0488144057,1854003.0292391395,50453.8
59.36523958333333,60.483508775469375,0.018837104002019427,79585.04018541667,80736.72583333333,-1151.6856479166668,-1439.6070598958331,1340.6,1360.0,-19.400000000000002,-24.25,0.0,9442.15,10807.0,0.0,25.82426608259441,26.11383258779729,26.11383258779729,225513.3898542595,260859.8744457275,260226.61400547344,3303.335194619942,3818.2363434170297,3808.9177212429936,29442065.95719003,25182705.105451938,120383490.7106004,121366730.39332259,126645043.25314575,1761873.983302813,1776461.0488144057,1854003.0292391395,50453.8
43.211081916666664,42.838204995291335,-0.0086291966050382,-20605.924596661105,-57902.84976833333,37296.92517167223,46621.156464590276,-476.86666666666656,-1340.0,863.1333333333334,1078.9166666666667,0.11572727272727273,12082.200000000003,10526.41666666667,0.0,27.20328488803203,26.11383258779729,27.20328488803203,294813.54213907296,253532.76825213482,281841.2023521334,4315.631539274028,3710.4157219050708,4126.207921765059,29442065.95719003,25182705.105451938,120383490.7106004,121366730.39332259,126645043.25314575,1761873.983302813,1776461.0488144057,1854003.0292391395,50453.8
42.33456375,42.52139240725493,0.004413147100279887,-23405.36914525,-56728.315425,33322.94627975,41653.6828496875,-552.8666666666667,-1340.0,787.1333333333333,983.9166666666666,0.23145454545454547,11038.199999999999,9501.416666666666,0.0,26.11383258779729,25.82426608259441,26.11383258779729,266897.3925400262,227043.90802408793,252459.92496331935,3907.080279360832,3325.532433147656,3694.6285028954476,29442065.95719003,25182705.105451938,120383490.7106004,121366730.39332259,126645043.25314575,1761873.983302813,1776461.0488144057,1854003.0292391395,50453.8
39.81223083333333,39.85911087048672,0.0011775285175464297,-28643.57301022222,-53348.38931666666,24704.81630644444,30881.02038305555,-719.4666666666667,-1340.0,620.5333333333333,775.6666666666666,0.3471818181818182,10648.966666666667,9153.833333333334,0.0,26.11383258779729,25.76736368885589,25.82698149808759,256733.0184357693,218069.56733038859,238098.9368960309,3757.508387778396,3195.1947100008847,3485.888944335837,29442065.95719003,25182705.105451938,120383490.7106004,121366730.39332259,126645043.25314575,1761873.983302813,1776461.0488144057,1854003.0292391395,50453.8
40.36233683333334,39.55979669546158,-0.019883391320617907,-30796.463003833316,-54085.53135666665,23289.068352833336,29111.33544104167,-762.9999999999995,-1339.9999999999995,577.0,721.25,0.4629090909090909,10226.75,8742.5,0.0,25.82698149808759,25.76736368885589,25.82426608259441,245776.00714633742,207470.59173303918,226071.19400164354,3597.447228257474,3038.6277180690013,3311.4250768280176,29442065.95719003,25182705.105451938,120383490.7106004,121366730.39332259,126645043.25314575,1761873.983302813,1776461.0488144057,1854003.0292391395,50453.8
42.77447183333334,42.200024622657885,-0.013429673963333357,-47359.895213866665,-57317.79225666667,9957.897042800001,12447.3713035,-1107.2,-1340.0,232.8,291.0,0.5786363636363636,10341.783333333335,8943.583333333334,0.0,25.82698149808759,25.76736368885589,25.82426608259441,248746.9709180008,212651.97911480663,220153.13302438235,3640.61937715723,3115.16664666131,3225.594922228449,29442065.95719003,25182705.105451938,120383490.7106004,121366730.39332259,126645043.25314575,1761873.983302813,1776461.0488144057,1854003.0292391395,50453.8
49.21624691666667,49.657676503499026,0.008969184252911112,31592.729166590303,6538.378402879189,25054.350763711114,31317.938454638894,641.9166666666672,132.85000000000045,509.0666666666667,636.3333333333334,0.5659234449760765,9325.25,9330.833333333334,0.0,25.82426608259441,25.82426608259441,25.82698149808759,222494.53314920422,222638.71863483207,239071.75319912555,3259.552452484569,3261.643587160268,3500.0252898173567,29442065.95719003,25182705.105451938,120383490.7106004,121366730.39332259,126645043.25314575,1761873.983302813,1776461.0488144057,1854003.0292391395,50453.8
56.972843083333345,54.72592855777425,-0.039438342971098723,142375.13486525003,77483.06659333335,64892.06827191668,81115.08533989584,2499.0,1360.0,1139.0,1423.75,0.43577990430622005,8585.25,9660.5,0.0,25.76736368885589,25.82426608259441,26.11383258779729,203418.67379296658,231152.118353394,268099.9345306943,2978.773197449985,3385.1141659224113,3924.7760546645177,29442065.95719003,25182705.105451938,120383490.7106004,121366730.39332259,126645043.25314575,1761873.983302813,1776461.0488144057,1854003.0292391395,50453.8
51.493884083333334,53.314097630895695,0.03534815017287658,53811.108867083334,70031.68235333334,-16220.573486250001,-20275.716857812502,1045.0,1360.0,-315.0,-393.75,0.3056363636363636,6216.75,7655.5,0.0,25.5666372614437,25.61297300334298,25.61297300334298,142695.1324663572,179501.85694071307,169416.74882064675,2087.578520731897,2625.269071247627,2475.864742617725,29442065.95719003,25182705.105451938,120383490.7106004,121366730.39332259,126645043.25314575,1761873.983302813,1776461.0488144057,1854003.0292391395,50453.8
30.409283416666668,30.0841733918716,-0.010691143896435272,-125387.61195472223,-40748.43977833333,-84639.17217638889,-105798.9652204861,-4123.333333333334,-1340.0,-2783.3333333333335,-3479.1666666666665,0.42136363636363633,4516.333333333334,3903.166666666667,31.0,24.93911478187209,24.9331021921135,15.5301922758727,99770.65239308875,84481.11071230649,5796.2597508031195,1455.4897681017367,1236.8610735834322,85.67222170234096,29442065.95719003,25182705.105451938,120383490.7106004,121366730.39332259,126645043.25314575,1761873.983302813,1776461.0488144057,1854003.0292391395,50453.8
25.17798491666667,24.28858822247722,-0.035324379497928375,-123093.48972525558,-33738.499788333334,-89354.98993692224,-111693.73742115281,-4888.933333333334,-1340.0,-3548.933333333334,-4436.166666666667,0.5370909090909091,3410.1833333333343,3120.416666666667,163.0,24.77651648406875,24.77651648406875,0.0,72228.84382292037,65049.43522972004,0.0,1061.1216278325242,956.7950167557279,0.0,29442065.95719003,25182705.105451938,120383490.7106004,121366730.39332259,126645043.25314575,1761873.983302813,1776461.0488144057,1854003.0292391395,50453.8
26.681701083333333,26.139088178875642,-0.020336518378756236,-159024.71723673888,-35753.479451666644,-123271.23778507223,-154089.04723134026,-5960.066666666666,-1339.999999999999,-4620.066666666667,-5775.083333333333,0.6528181818181817,3190.8999999999996,3034.916666666667,29.0,24.77651648406875,24.77651648406875,0.0,66795.76669990546,62931.04307033216,0.0,982.1715978119666,926.0118857984081,0.0,29442065.95719003,25182705.105451938,120383490.7106004,121366730.39332259,126645043.25314575,1761873.983302813,1776461.0488144057,1854003.0292391395,50453.8
27.503204916666665,26.783124223743357,-0.026181701191010782,-161115.60794882773,-36854.29458833331,-124261.31336049443,-155326.64170061803,-5858.066666666666,-1339.999999999999,-4518.066666666667,-5647.583333333333,0.7685454545454544,3113.9833333333327,2904.5,1.0,24.77651648406875,24.22165375753167,0.0,64890.03964033917,59725.78084785637,0.0,954.4787811710248,879.3568194514058,0.0,29442065.95719003,25182705.105451938,120383490.7106004,121366730.39332259,126645043.25314575,1761873.983302813,1776461.0488144057,1854003.0292391395,50453.8
29.04665075,27.768218165671453,-0.044013080727682466,-172213.71940998334,-38922.512005000004,-133291.20740498335,-166614.00925622915,-5928.866666666667,-1340.0,-4588.866666666667,-5736.083333333333,0.8842727272727271,3090.116666666667,2897.333333333333,0.0,24.77651648406875,24.22165375753167,0.0,64298.70678025275,59552.19232926072,0.0,945.885907188397,876.8073261025905,0.0,29442065.95719003,25182705.105451938,120383490.7106004,121366730.39332259,126645043.25314575,1761873.983302813,1776461.0488144057,1854003.0292391395,50453.8
29.6145245,30.074335638682225,0.015526541332183884,-161276.75182373333,-39683.462830000004,-121593.28899373334,-151991.61124216666,-5445.866666666667,-1340.0,-4105.866666666667,-5132.333333333333,0.9999999999999998,3364.2000000000007,3050.666666666667,0.0,24.77651648406875,24.77651648406875,0.0,71089.5370065946,63321.27320495625,0.0,1044.5659439511896,931.6824625537039,0.0,29442065.95719003,25182705.105451938,120383490.7106004,121366730.39332259,126645043.25314575,1761873.983302813,1776461.0488144057,1854003.0292391395,50453.8
46.80192891666667,46.64849875857185,-0.0032782870630825977,-46904.89316028334,0.0,-46904.89316028334,-58631.116450354166,-1002.2,0.0,-1002.2,-1252.75,0.9999999999999998,3371.783333333333,3622.333333333333,0.0,24.77651648406875,24.77651648406875,24.01116483795021,71277.4255899321,77485.18179501552,46869.31358968608,1047.2962216481833,1137.503396634809,688.7657036535416,29442065.95719003,25182705.105451938,120383490.7106004,121366730.39332259,126645043.25314575,1761873.983302813,1776461.0488144057,1854003.0292391395,50453.8
57.040124416666664,56.70648906045411,-0.005849134440440749,177931.91477409028,68981.47446329583,108950.44031079445,136188.05038849305,3119.416666666667,1209.3500000000001,1910.0666666666668,2387.5833333333335,0.884272727272727,4846.083333333334,5577.916666666667,0.0,24.93911478187209,25.25880638621389,25.75975416942929,107994.32549241108,126423.09729611423,187453.95162319543,1575.1073504839546,1847.763147831808,2742.9439200083625,29442065.95719003,25182705.105451938,120383490.7106004,121366730.39332259,126645043.25314575,1761873.983302813,1776461.0488144057,1854003.0292391395,50453.8
51.59697691666667,50.115330716633984,-0.028715756010776774,206941.7152189056,0.0,206941.7152189056,258677.14402363196,4010.7333333333336,0.0,4010.7333333333336,5013.416666666667,0.884272727272727,8690.266666666666,7687.583333333333,0.0,25.76736368885589,25.61297300334298,27.61652394098655,206124.67643635793,180323.60649123698,311834.0666137558,3018.745993890941,2637.4427572841378,4566.564801506195,29442065.95719003,25182705.105451938,120383490.7106004,121366730.39332259,126645043.25314575,1761873.983302813,1776461.0488144057,1854003.0292391395,50453.8
51.882107083333324,52.69456386811307,0.015659672099954988,205826.69522099997,0.0,205826.69522099997,257283.36902624994,3967.2000000000003,0.0,3967.2000000000003,4959.0,0.884272727272727,9277.466666666665,8285.666666666666,0.0,25.82426608259441,25.75975416942929,27.69424401284482,221260.5636348909,195701.36624977435,326875.0864520551,3241.656084976426,2864.7739033874727,4786.0976186433445,29442065.95719003,25182705.105451938,120383490.7106004,121366730.39332259,126645043.25314575,1761873.983302813,1776461.0488144057,1854003.0292391395,50453.8
48.91459366666667,48.620856997798164,-0.00600509269013253,78853.5859635778,-65545.55551333334,144399.14147691114,180498.9268461389,1612.066666666667,-1340.0,2952.066666666667,3690.0833333333335,0.9999999999999998,10653.183333333332,8575.166666666666,0.0,26.11383258779729,25.76736368885589,27.50238891543239,256843.13176318115,203158.85287577062,299802.27209769236,3759.128739262953,2974.935149227992,4388.697944304168,29442065.95719003,25182705.105451938,120383490.7106004,121366730.39332259,126645043.25314575,1761873.983302813,1776461.0488144057,1854003.0292391395,50453.8
57.84864241666668,56.58663939191239,-0.021815603133163473,164695.08496025004,0.0,164695.08496025004,205868.85620031253,2847.0,0.0,2847.0,3558.75,0.9999999999999998,8791.916666666668,8080.166666666667,0.0,25.76736368885589,25.75975416942929,27.20328488803203,208743.92895533016,190407.73676795667,282754.7793362898,3057.4373262974473,2786.576938522068,4139.548079366085,29442065.95719003,25182705.105451938,120383490.7106004,121366730.39332259,126645043.25314575,1761873.983302813,1776461.0488144057,1854003.0292391395,50453.8
62.58698466666666,61.5008708194584,-0.01735366950481509,229251.95236835553,85118.29914666666,144133.65322168887,180167.06652711108,3662.9333333333334,1360.0,2302.9333333333334,2878.6666666666665,0.8698564593301433,7553.3166666666675,8337.583333333334,0.0,25.61297300334298,25.75975416942929,26.11383258779729,176884.63798265482,197038.7268204039,271546.9604322836,2586.4966717204347,2884.529259880234,3975.5001011376226,29442065.95719003,25182705.105451938,120383490.7106004,121366730.39332259,126645043.25314575,1761873.983302813,1776461.0488144057,1854003.0292391395,50453.8
67.93762966666668,69.52683384577016,0.023392105183840713,204306.56910891115,92395.17634666669,111911.39276224448,139889.2409528056,3007.266666666667,1360.0,1647.2666666666669,2059.0833333333335,0.7397129186602869,7530.900000000001,8479.083333333334,0.0,25.61297300334298,25.75975416942929,26.11383258779729,176310.48050449655,200683.73203537817,253839.60578504138,2577.9909014767427,2938.3729120868265,3714.9309305873353,29442065.95719003,25182705.105451938,120383490.7106004,121366730.39332259,126645043.25314575,1761873.983302813,1776461.0488144057,1854003.0292391395,50453.8
65.70887058333334,65.1347070319816,-0.008737991480519618,162625.0741023778,89364.06399333334,73261.01010904445,91576.26263630556,2474.9333333333334,1360.0,1114.9333333333334,1393.6666666666667,0.6095693779904304,7754.8166666666675,8836.083333333334,0.0,25.61297300334298,25.76736368885589,25.82698149808759,182045.65204282844,209881.98751825464,245853.4880908317,2662.953744022467,3074.2486118979127,3598.5731318798958,29442065.95719003,25182705.105451938,120383490.7106004,121366730.39332259,126645043.25314575,1761873.983302813,1776461.0488144057,1854003.0292391395,50453.8
67.69383941666666,69.36923102825678,0.024749543326650403,126321.21727412779,92063.62160666667,34257.595667461115,42821.99458432639,1866.0666666666666,1360.0,506.0666666666667,632.5833333333334,0.479425837320574,7928.9333333333325,9162.416666666666,0.0,25.75975416942929,25.76736368885589,25.82426608259441,186512.00327906662,218290.73720205124,234625.48214150296,2729.0295533486137,3198.4618089005976,3435.488663931031,29442065.95719003,25182705.105451938,120383490.7106004,121366730.39332259,126645043.25314575,1761873.983302813,1776461.0488144057,1854003.0292391395,50453.8
59.28448325,59.20817399453835,-0.0012871707954315748,98254.15023966666,80626.89722,17627.25301966667,22034.066274583336,1657.3333333333335,1360.0,297.33333333333337,371.6666666666667,0.3492822966507175,7882.916666666667,9168.583333333334,0.0,25.68804975261132,25.76736368885589,25.82426608259441,185326.7535091702,218449.63594479923,228046.75035696203,2711.539342775902,3200.8090450033046,3340.0767429816196,29442065.95719003,25182705.105451938,120383490.7106004,121366730.39332259,126645043.25314575,1761873.983302813,1776461.0488144057,1854003.0292391395,50453.8
57.024327333333325,55.83646919577473,-0.02083072599199668,-2185.9325477777775,0.0,-2185.9325477777775,-2732.4156847222216,-38.333333333333336,0.0,-38.333333333333336,-47.916666666666664,0.3492822966507175,9201.583333333332,9211.166666666666,0.0,25.82426608259441,25.82426608259441,25.76736368885589,219300.9322436567,219548.4147936149,218312.2100051253,3213.2353799661105,3216.824640976638,3198.779002968531,29442065.95719003,25182705.105451938,120383490.7106004,121366730.39332259,126645043.25314575,1761873.983302813,1776461.0488144057,1854003.0292391395,50453.8
58.449482749999994,59.725312535338325,0.021827905488835796,82413.7706775,79491.29654,2922.4741375,3653.0926718749997,1410.0,1360.0,50.0,62.5,0.21913875598086108,7772.166666666666,9119.666666666666,0.0,25.61297300334298,25.76736368885589,25.77264577819517,182490.0371244364,217189.18240435264,218799.64774092584,2669.5370204713017,3182.1897532156186,3205.9709236272283,29442065.95719003,25182705.105451938,120383490.7106004,121366730.39332259,126645043.25314575,1761873.983302813,1776461.0488144057,1854003.0292391395,50453.8
61.548051833333346,62.214444018779226,0.010827185680066811,85539.48243796668,83705.35049333335,1834.1319446333337,2292.6649307916673,1389.8,1360.0,29.8,37.25,0.08899521531100463,7696.366666666666,9048.916666666666,0.0,25.61297300334298,25.76736368885589,25.76736368885589,180548.573770783,215366.1414233661,216325.97572077598,2640.7755014614054,3155.2599768480804,3169.4385516846996,29442065.95719003,25182705.105451938,120383490.7106004,121366730.39332259,126645043.25314575,1761873.983302813,1776461.0488144057,1854003.0292391395,50453.8
57.244370249999996,57.342683734452095,0.0017174349900738477,671.6672775999987,8861.4285147,-8189.7612371000005,-10237.201546375,11.73333333333332,154.8,-143.0666666666667,-178.83333333333334,0.07418181818181802,8859.683333333332,9050.25,0.0,25.76736368885589,25.76736368885589,25.76736368885589,210490.0973013116,215400.4979082846,210792.43436859417,3083.2315479017834,3155.767487356774,3087.6976403782846,29442065.95719003,25182705.105451938,120383490.7106004,121366730.39332259,126645043.25314575,1761873.983302813,1776461.0488144057,1854003.0292391395,50453.8
50.94288758333334,52.61729787779103,0.03286838210179319,-55368.12641807223,-68263.46936166668,12895.342943594447,16119.178679493058,-1086.8666666666666,-1340.0,253.13333333333335,316.4166666666667,0.18990909090909075,10579.449999999999,9176.166666666666,0.0,26.11383258779729,25.76736368885589,25.82426608259441,254917.6718403742,218645.038452773,226815.79367369166,3730.795004212824,3203.695511021497,3322.2240708249087,29442065.95719003,25182705.105451938,120383490.7106004,121366730.39332259,126645043.25314575,1761873.983302813,1776461.0488144057,1854003.0292391395,50453.8
54.23641758333333,55.177495954268245,0.01735141096826623,28944.16818363889,0.0,28944.16818363889,36180.21022954861,533.6666666666667,0.0,533.6666666666667,667.0833333333334,0.18990909090909075,9487.5,9354.083333333334,0.0,25.82426608259441,25.82426608259441,25.82698149808759,226684.52032110517,223239.13282125237,240466.41020002228,3320.320201941064,3270.3514464814607,3520.291555020951,29442065.95719003,25182705.105451938,120383490.7106004,121366730.39332259,126645043.25314575,1761873.983302813,1776461.0488144057,1854003.0292391395,50453.8
49.0376135,49.64154287879521,0.012315635604803787,-69450.33741293334,-65710.40209,-3739.9353229333333,-4674.919153666667,-1416.2666666666667,-1340.0,-76.26666666666667,-95.33333333333333,0.3056363636363635,9466.85,8145.916666666667,0.0,25.82426608259441,25.75975416942929,25.75975416942929,226151.2492264996,192101.44060459663,189645.67737377773,3312.5861247375105,2811.596162073895,2775.319873425872,29442065.95719003,25182705.105451938,120383490.7106004,121366730.39332259,126645043.25314575,1761873.983302813,1776461.0488144057,1854003.0292391395,50453.8
49.01983933333333,47.83673301728096,-0.024135254871140606,-146026.83338471112,-65686.58470666666,-80340.24867804445,-100425.31084755553,-2978.9333333333334,-1340.0,-1638.9333333333334,-2048.6666666666665,0.4213636363636362,7844.766666666666,6921.5,7.0,25.61297300334298,25.5666372614437,24.93911478187209,184349.5389644791,160713.22007635966,108661.44681282615,2697.08433287392,2348.8960754040263,1584.810975438388,29442065.95719003,25182705.105451938,120383490.7106004,121366730.39332259,126645043.25314575,1761873.983302813,1776461.0488144057,1854003.0292391395,50453.8
41.88953716666666,42.0906708050249,0.004801524484693782,-156287.0705330222,-56131.97980333333,-100155.09072968888,-125193.8634121111,-3730.9333333333334,-1340.0,-2390.9333333333334,-2988.6666666666665,0.537090909090909,7070.683333333334,6328.416666666667,0.0,25.5666372614437,25.5666372614437,24.77651648406875,164527.33624514606,145550.07362721843,70483.75117855912,2404.212462583174,2128.9839272898553,1035.7630486072542,29442065.95719003,25182705.105451938,120383490.7106004,121366730.39332259,126645043.25314575,1761873.983302813,1776461.0488144057,1854003.0292391395,50453.8
42.979771500000005,42.68372197641725,-0.0068881130180683415,-206208.34770270003,-57592.89381000001,-148615.45389270002,-185769.31736587503,-4797.8,-1340.0,-3457.8,-4322.25,0.6528181818181817,7004.633333333333,6529.083333333333,0.0,25.5666372614437,25.5666372614437,24.01116483795021,162838.65985402768,150680.4455043481,42961.49651230968,2379.7214735997127,2203.3900608656486,630.7633361164351,29442065.95719003,25182705.105451938,120383490.7106004,121366730.39332259,126645043.25314575,1761873.983302813,1776461.0488144057,1854003.0292391395,50453.8
42.073023750000004,41.0986144817631,-0.023159953371235952,-238158.55823925,-56377.85182499997,-181780.70641425005,-227225.88301781254,-5660.599999999999,-1339.999999999999,-4320.6,-5400.75,0.7685454545454544,6669.599999999999,6409.75,0.0,25.5666372614437,25.5666372614437,20.03603785638579,154272.98415020198,147629.49345781584,16704.212750595874,2255.492894102984,2159.1418950514726,245.5629368861673,29442065.95719003,25182705.105451938,120383490.7106004,121366730.39332259,126645043.25314575,1761873.983302813,1776461.0488144057,1854003.0292391395,50453.8
45.060398916666664,45.031875646064464,-0.0006330008452643715,-202687.68238035555,-60380.93454833333,-142306.7478320222,-177883.43479002776,-4498.133333333333,-1340.0,-3158.133333333333,-3947.6666666666665,0.8842727272727271,6911.633333333333,6361.166666666667,0.0,25.5666372614437,25.5666372614437,24.01116483795021,160460.96258871342,146387.3809975307,47923.80391215274,2345.2375678395024,2141.1274532430475,704.4171361635547,29442065.95719003,25182705.105451938,120383490.7106004,121366730.39332259,126645043.25314575,1761873.983302813,1776461.0488144057,1854003.0292391395,50453.8
51.76554566666667,51.43990715929675,-0.006290641838623561,-120206.49911075557,-69365.83119333333,-50840.66791742223,-63550.834896777786,-2322.133333333333,-1340.0,-982.1333333333334,-1227.6666666666667,0.9999999999999998,7466.216666666666,6382.75,11.0,25.61297300334298,25.5666372614437,25.25880638621389,174653.7480340636,146939.19425175688,115742.8319958101,2553.447485628588,2149.1304385404437,1689.0885859167563,29442065.95719003,25182705.105451938,120383490.7106004,121366730.39332259,126645043.25314575,1761873.983302813,1776461.0488144057,1854003.0292391395,50453.8
56.408606,54.951177640380706,-0.025836985931176792,16068.931562533333,0.0,16068.931562533333,20086.164453166664,284.8666666666667,0.0,284.8666666666667,356.0833333333333,0.9999999999999998,6759.716666666666,6688.5,0.0,25.5666372614437,25.5666372614437,25.5666372614437,156576.96427807907,154756.1935944433,163860.04701262235,2288.907675186399,2262.500913660704,2394.534721289179,29442065.95719003,25182705.105451938,120383490.7106004,121366730.39332259,126645043.25314575,1761873.983302813,1776461.0488144057,1854003.0292391395,50453.8
61.029666666666664,62.15996871005689,0.018520534440467067,165317.16106666665,83000.34666666666,82316.8144,102896.018,2708.8,1360.0,1348.8000000000002,1686.0,0.8698564593301433,6782.95,7805.75,0.0,25.5666372614437,25.61297300334298,25.82426608259441,157170.96248378663,183350.20613446535,226794.2734519562,2297.5224717150254,2682.279865854974,3321.9119611718197,29442065.95719003,25182705.105451938,120383490.7106004,121366730.39332259,126645043.25314575,1761873.983302813,1776461.0488144057,1854003.0292391395,50453.8
64.76729466666667,63.692360630455894,-0.016596864848888077,211167.28753120004,88083.52074666668,123083.76678453335,153854.70848066668,3260.4,1360.0,1900.4,2375.5,0.7397129186602869,8464.016666666666,9348.916666666666,0.0,25.75975416942929,25.82426608259441,27.20328488803203,200295.61840589208,223105.70744649228,285080.66019421647,2932.639736398398,3268.416366632306,4173.510862737432,29442065.95719003,25182705.105451938,120383490.7106004,121366730.39332259,126645043.25314575,1761873.983302813,1776461.0488144057,1854003.0292391395,50453.8
56.440740999999996,56.206836728066115,-0.004144245234729997,134280.0482711333,0.0,134280.0482711333,167850.06033891664,2379.133333333333,0.0,2379.133333333333,2973.9166666666665,0.7397129186602869,10191.616666666667,9596.833333333334,0.0,25.82698149808759,25.82426608259441,27.61652394098655,244868.6191963713,229507.97341280218,308237.01437044225,3584.2616458348884,3361.268988426386,4513.378595193776,29442065.95719003,25182705.105451938,120383490.7106004,121366730.39332259,126645043.25314575,1761873.983302813,1776461.0488144057,1854003.0292391395,50453.8
60.95628075,62.49534068553218,0.025248586636122443,217187.22831225,82900.54182,134286.68649224998,167858.3581153125,3563.0,1360.0,2203.0,2753.75,0.6095693779904304,8741.5,9550.75,0.0,25.76736368885589,25.82426608259441,27.61652394098655,207444.82436935033,228317.90515082926,300884.1148711546,3038.2470851874814,3344.0093246105453,4404.658231042668,29442065.95719003,25182705.105451938,120383490.7106004,121366730.39332259,126645043.25314575,1761873.983302813,1776461.0488144057,1854003.0292391395,50453.8
60.144405000000006,58.700516266100955,-0.0240070333042458,109061.85440000001,0.0,109061.85440000001,136327.318,1813.3333333333333,0.0,1813.3333333333333,2266.6666666666665,0.6095693779904304,9932.333333333334,9479.0,0.0,25.82698149808759,25.82426608259441,27.20328488803203,238172.11334360883,226465.01405940313,285658.72999808716,3486.952297757013,3317.1366834795526,4181.951905388206,29442065.95719003,25182705.105451938,120383490.7106004,121366730.39332259,126645043.25314575,1761873.983302813,1776461.0488144057,1854003.0292391395,50453.8
64.01892433333333,63.916753897388446,-0.0015959411534768246,179223.11263531112,87065.73709333333,92157.37554197779,115196.71942747223,2799.5333333333338,1360.0,1439.5333333333335,1799.4166666666667,0.479425837320574,8319.883333333333,9320.0,0.0,25.75975416942929,25.82426608259441,26.11383258779729,196582.779171605,222358.95575227062,269018.2709766985,2877.794046848031,3257.5861616701063,3938.289657954701,29442065.95719003,25182705.105451938,120383490.7106004,121366730.39332259,126645043.25314575,1761873.983302813,1776461.0488144057,1854003.0292391395,50453.8
65.98388708333333,66.47733502213393,0.007478309639100166,175737.08593194443,89738.08643333333,85998.99949861111,107498.74937326388,2663.3333333333335,1360.0,1303.3333333333335,1629.1666666666667,0.3492822966507175,8127.916666666667,9162.083333333334,0.0,25.75975416942929,25.76736368885589,26.11383258779729,191637.76502954692,218282.14808082164,260448.58158246972,2804.746792888604,3198.334931273425,3812.184042417398,29442065.95719003,25182705.105451938,120383490.7106004,121366730.39332259,126645043.25314575,1761873.983302813,1776461.0488144057,1854003.0292391395,50453.8
68.46096274999998,67.03458821357282,-0.020834859445898843,146310.20552511662,93106.90933999997,53203.29618511665,66504.1202313958,2137.133333333333,1360.0,777.1333333333333,971.4166666666666,0.21913875598086108,8050.866666666667,9216.583333333334,0.0,25.75975416942929,25.82426608259441,25.82698149808759,189652.97597079238,219688.29623489565,244775.21161328655,2775.4276875704554,3218.853353721719,3582.9043064678576,29442065.95719003,25182705.105451938,120383490.7106004,121366730.39332259,126645043.25314575,1761873.983302813,1776461.0488144057,1854003.0292391395,50453.8
66.74299525000002,67.05260955167847,0.004638903311407193,75695.45567953336,90770.47354000004,-15075.017860466673,-18843.772325583337,1134.1333333333332,1360.0,-225.86666666666667,-282.3333333333333,0.08899521531100463,7906.866666666668,9323.333333333334,0.0,25.75975416942929,25.82426608259441,25.76736368885589,185943.57137039458,222445.0366392126,215162.14979416266,2720.632734088128,3258.8346002824637,3152.2466332027143,29442065.95719003,25182705.105451938,120383490.7106004,121366730.39332259,126645043.25314575,1761873.983302813,1776461.0488144057,1854003.0292391395,50453.8
61.85917908333334,61.531043999346004,-0.0053045496052459475,59137.37520366668,57529.03654750001,1608.3386561666669,2010.4233202083335,956.0,930.0,26.0,32.5,0.0,8254.5,9178.0,0.0,25.75975416942929,25.76736368885589,25.82426608259441,194898.5205781605,218692.27861953594,219531.19861622652,2852.9143474833118,3204.3933379709506,3216.5749532541668,29442065.95719003,25182705.105451938,120383490.7106004,121366730.39332259,126645043.25314575,1761873.983302813,1776461.0488144057,1854003.0292391395,50453.8
56.659597166666664,55.36194211077147,-0.022902652344634324,-1847.1028676333333,0.0,-1847.1028676333333,-2308.8785845416664,-32.6,0.0,-32.6,-40.75,0.0,8885.683333333334,8893.833333333334,0.0,25.76736368885589,25.76736368885589,25.76736368885589,211160.0487572219,211370.05277128605,210320.03270096518,3093.1280028213037,3096.2301608056914,3080.719370883752,29442065.95719003,25182705.105451938,120383490.7106004,121366730.39332259,126645043.25314575,1761873.983302813,1776461.0488144057,1854003.0292391395,50453.8
51.720553083333336,51.88320618059919,0.003144844507052782,-7540.856639550001,0.0,-7540.856639550001,-9426.0707994375,-145.8,0.0,-145.8,-182.25,0.0,8607.883333333333,8644.333333333334,0.0,25.76736368885589,25.76736368885589,25.75975416942929,204001.8751244577,204941.0955309165,200245.81621449787,2987.388188335054,3001.2622568664574,2931.9040634118296,29442065.95719003,25182705.105451938,120383490.7106004,121366730.39332259,126645043.25314575,1761873.983302813,1776461.0488144057,1854003.0292391395,50453.8
48.88621633333333,48.13234654746182,-0.015420906799806443,-76435.2287777111,-65507.52988666666,-10927.698891044445,-13659.623613805556,-1563.5333333333333,-1340.0,-223.53333333333336,-279.4166666666667,0.11572727272727273,9902.866666666667,8618.75,0.0,25.82698149808759,25.76736368885589,25.75975416942929,237411.07828879848,204281.88047654327,197083.80639020042,3475.8934221767804,2991.524398980904,2885.1951707732483,29442065.95719003,25182705.105451938,120383490.7106004,121366730.39332259,126645043.25314575,1761873.983302813,1776461.0488144057,1854003.0292391395,50453.8
51.27724583333333,52.19687555017657,0.01793446004944024,-65265.9815200954,-52603.920282317624,-12662.06123777778,-15827.576547222223,-1272.8059095106184,-1025.872576177285,-246.93333333333337,-308.6666666666667,0.20432535885167463,9605.055909510618,8640.916666666666,0.0,25.82426608259441,25.76736368885589,25.75975416942929,229720.31540788876,204853.0570383129,196901.34146483362,3364.3486029042174,2999.9617611879303,2882.499817158666,29442065.95719003,25182705.105451938,120383490.7106004,121366730.39332259,126645043.25314575,1761873.983302813,1776461.0488144057,1854003.0292391395,50453.8
52.52572283333333,52.77706593674864,0.004785143161434033,6271.5713063,0.0,6271.5713063,7839.464132875,119.4,0.0,119.4,149.25,0.20432535885167463,8684.85,8655.0,0.0,25.76736368885589,25.76736368885589,25.76736368885589,205985.10321637665,205215.94741026429,209061.72644082602,3016.684232449375,3005.3223409360035,3062.13179850286,29442065.95719003,25182705.105451938,120383490.7106004,121366730.39332259,126645043.25314575,1761873.983302813,1776461.0488144057,1854003.0292391395,50453.8
56.27159041666666,55.615757287676516,-0.011654782175765514,90796.08685697221,76529.36296666665,14266.723890305555,17833.404862881944,1613.5333333333333,1360.0,253.53333333333336,316.9166666666667,0.07418181818181818,7378.799999999999,8675.416666666666,0.0,25.61297300334298,25.76736368885589,25.76736368885589,172414.74731068805,205742.0310855784,213908.1380946383,2520.2781436745627,3013.0935956003696,3133.722499635408,29442065.95719003,25182705.105451938,120383490.7106004,121366730.39332259,126645043.25314575,1761873.983302813,1776461.0488144057,1854003.0292391395,50453.8
46.35304583333333,47.39627740041392,0.022506213956934494,-86432.97946388889,-62113.08141666667,-24319.898047222225,-30399.87255902778,-1864.6666666666667,-1340.0,-524.6666666666667,-655.8333333333334,0.18990909090909092,8665.916666666666,7457.083333333333,0.0,25.76736368885589,25.61297300334298,25.5666372614437,205497.2411305343,174419.8162139664,157638.83194567106,3009.4775832259297,2549.9819376036485,2304.308014461389,29442065.95719003,25182705.105451938,120383490.7106004,121366730.39332259,126645043.25314575,1761873.983302813,1776461.0488144057,1854003.0292391395,50453.8
48.68426391666667,48.57527004204151,-0.0022387906452017714,-176243.52661352223,-65236.91364833334,-111006.61296518889,-138758.26620648612,-3620.133333333333,-1340.0,-2280.133333333333,-2850.1666666666665,0.30563636363636365,5343.299999999999,4573.333333333333,0.0,25.25880638621389,24.93911478187209,21.91280413211907,120496.96033780198,101192.18193565543,31901.906514085902,1759.7197182662505,1476.166651182211,468.41073347720794,29442065.95719003,25182705.105451938,120383490.7106004,121366730.39332259,126645043.25314575,1761873.983302813,1776461.0488144057,1854003.0292391395,50453.8
46.74355283333333,45.4779080345544,-0.027076350043216728,-240355.348669,-62636.36079666667,-177718.98787233332,-222148.73484041667,-5142.0,-1340.0,-3802.0,-4752.5,0.4213636363636364,4350.666666666667,3962.166666666667,1.0,24.93911478187209,24.9331021921135,0.0,95639.07237755861,85952.16374164118,0.0,1395.3937979789544,1257.67553326107,0.0,29442065.95719003,25182705.105451938,120383490.7106004,121366730.39332259,126645043.25314575,1761873.983302813,1776461.0488144057,1854003.0292391395,50453.8
37.97477966666666,38.430626268461985,0.01200393012932885,-229299.31458326662,-50886.20475333333,-178413.1098299333,-223016.38728741664,-6038.2,-1340.0,-4698.2,-5872.75,0.5370909090909091,3889.533333333333,3724.083333333333,0.0,24.9331021921135,24.9331021921135,0.0,84141.18941908731,80016.00766140214,0.0,1232.0514046522715,1173.6827206918447,0.0,29442065.95719003,25182705.105451938,120383490.7106004,121366730.39332259,126645043.25314575,1761873.983302813,1776461.0488144057,1854003.0292391395,50453.8
36.330712416666664,37.03530897340213,0.019393964771586388,-218318.5170542333,-48683.1546383333,-169635.3624159,-212044.20301987499,-6009.199999999999,-1339.999999999999,-4669.2,-5836.5,0.6528181818181817,3736.449999999999,3564.75,1.0,24.9331021921135,24.77651648406875,0.0,80324.34702517792,76058.46738747458,0.0,1178.045525516931,1116.771287968622,0.0,29442065.95719003,25182705.105451938,120383490.7106004,121366730.39332259,126645043.25314575,1761873.983302813,1776461.0488144057,1854003.0292391395,50453.8
35.444688583333324,35.00353000454916,-0.012446394549269699,-194031.31424288324,-47495.882701666626,-146535.43154121662,-183169.2894265208,-5474.199999999999,-1339.999999999999,-4134.2,-5167.75,0.7685454545454544,3874.866666666666,3572.416666666667,4.0,24.9331021921135,24.77651648406875,0.0,83775.50392026964,76248.42068051912,0.0,1226.877188687209,1119.5315687172317,0.0,29442065.95719003,25182705.105451938,120383490.7106004,121366730.39332259,126645043.25314575,1761873.983302813,1776461.0488144057,1854003.0292391395,50453.8
38.14937941666667,36.777209948404206,-0.03596833000284644,-173981.5164756889,-51120.168418333335,-122861.34805735556,-153576.68507169446,-4560.533333333333,-1340.0,-3220.5333333333333,-4025.6666666666665,0.8842727272727271,4329.366666666667,3794.5,0.0,24.93911478187209,24.9331021921135,0.0,95107.86923270472,81771.71360743014,0.0,1387.6671732488824,1198.5248371150142,0.0,29442065.95719003,25182705.105451938,120383490.7106004,121366730.39332259,126645043.25314575,1761873.983302813,1776461.0488144057,1854003.0292391395,50453.8
44.16351608333333,43.89170818696144,-0.006154580080512856,-135637.93482953886,-59179.11155166666,-76458.82327787222,-95573.52909734027,-3071.266666666667,-1340.0,-1731.2666666666669,-2164.0833333333335,0.9999999999999998,5608.85,4704.666666666667,3.0,25.25880638621389,24.93911478187209,24.01116483795021,127204.43637366111,104467.51901034132,50975.22277697557,1859.3713459758496,1523.8081244787427,749.7082833699485,29442065.95719003,25182705.105451938,120383490.7106004,121366730.39332259,126645043.25314575,1761873.983302813,1776461.0488144057,1854003.0292391395,50453.8
60.89552741666665,62.48556631185006,0.026110930681392225,156184.84871826664,82817.91728666665,73366.93143159998,91708.66428949998,2564.8,1360.0,1204.8,1506.0,0.8698564593301433,5394.866666666667,6453.666666666667,0.0,25.25880638621389,25.5666372614437,25.75975416942929,121799.47278711777,148752.29494421426,187303.68639054042,1779.0708847843894,2175.4259616604604,2740.724217031648,29442065.95719003,25182705.105451938,120383490.7106004,121366730.39332259,126645043.25314575,1761873.983302813,1776461.0488144057,1854003.0292391395,50453.8
55.55388383333334,56.48668945070038,0.016791006370779557,169302.3127782111,0.0,169302.3127782111,211627.89097276388,3047.5333333333333,0.0,3047.5333333333333,3809.4166666666665,0.8698564593301433,8204.716666666667,7442.833333333333,0.0,25.75975416942929,25.61297300334298,26.11383258779729,193616.1141497591,174054.83134866878,272487.05840544426,2833.9707680791785,2544.574923805614,3989.333931993924,29442065.95719003,25182705.105451938,120383490.7106004,121366730.39332259,126645043.25314575,1761873.983302813,1776461.0488144057,1854003.0292391395,50453.8
59.95411166666667,61.51976005785114,0.026114112071064764,312045.1634618889,81537.59186666667,230507.57159522225,288134.46449402784,5204.733333333334,1360.0,3844.7333333333336,4805.916666666667,0.7397129186602869,7207.1,7605.916666666667,0.0,25.61297300334298,25.61297300334298,27.61652394098655,168016.99984601408,178231.88036263065,303848.2884408205,2455.1283704028065,2606.4551928275655,4448.486659533006,29442065.95719003,25182705.105451938,120383490.7106004,121366730.39332259,126645043.25314575,1761873.983302813,1776461.0488144057,1854003.0292391395,50453.8
55.78325966666668,57.33485867537994,0.02781477844759962,230793.93966088895,51878.43149000001,178915.50817088893,223644.38521361115,4137.333333333334,930.0,3207.3333333333335,4009.1666666666665,0.6507177033492821,7845.083333333332,7973.25,0.0,25.61297300334298,25.75975416942929,27.20328488803203,184357.64973926346,187653.5897180085,292099.10769532877,2697.204488736098,2745.8929539631404,4275.995051156237,29442065.95719003,25182705.105451938,120383490.7106004,121366730.39332259,126645043.25314575,1761873.983302813,1776461.0488144057,1854003.0292391395,50453.8
59.96303358333335,61.656517158867736,0.028242126429125283,235230.98321184452,81549.72567333335,153681.25753851116,192101.57192313892,3922.9333333333334,1360.0,2562.9333333333334,3203.6666666666665,0.5205741626794257,7471.483333333334,8190.75,0.0,25.61297300334298,25.75975416942929,26.11383258779729,174788.64302521458,193256.33624985936,276199.57493834273,2555.4458673363997,2828.656164952073,4043.96475477367,29442065.95719003,25182705.105451938,120383490.7106004,121366730.39332259,126645043.25314575,1761873.983302813,1776461.0488144057,1854003.0292391395,50453.8
61.84982566666667,60.93247187484955,-0.014831954365742374,215480.66930095557,84115.76290666667,131364.9063942889,164206.1329928611,3483.9333333333334,1360.0,2123.9333333333334,2654.9166666666665,0.39043062200956924,7376.8166666666675,8205.833333333334,0.0,25.61297300334298,25.75975416942929,26.11383258779729,172363.94824756478,193644.8792085816,262263.4929473216,2519.525588537761,2834.395682649007,3838.8910214316465,29442065.95719003,25182705.105451938,120383490.7106004,121366730.39332259,126645043.25314575,1761873.983302813,1776461.0488144057,1854003.0292391395,50453.8
60.50410349999999,60.93122294037243,0.007059346650305042,183682.39101219998,82285.58075999998,101396.8102522,126746.01281525,3035.866666666667,1360.0,1675.8666666666668,2094.8333333333335,0.2602870813397128,7207.133333333333,8148.166666666667,0.0,25.61297300334298,25.75975416942929,25.82698149808759,168017.85361178085,192159.40005147786,246195.69559568135,2455.1410183882986,2812.452333222056,3603.545872878926,29442065.95719003,25182705.105451938,120383490.7106004,121366730.39332259,126645043.25314575,1761873.983302813,1776461.0488144057,1854003.0292391395,50453.8
63.650320416666666,61.98237523970923,-0.026204819803557357,162541.70157069445,86564.43576666666,75977.26580402779,94971.58225503472,2553.666666666667,1360.0,1193.6666666666667,1492.0833333333333,0.13014354066985634,7242.75,8304.333333333334,0.0,25.61297300334298,25.75975416942929,25.82426608259441,168930.10233358326,196182.2149942704,234662.06651845333,2468.655390887012,2871.8769529129604,3436.0192503412836,29442065.95719003,25182705.105451938,120383490.7106004,121366730.39332259,126645043.25314575,1761873.983302813,1776461.0488144057,1854003.0292391395,50453.8
61.90258433333333,62.49193229707352,0.00952057123441988,132628.35035364443,84187.51469333333,48440.83566031111,60551.044575388885,2142.5333333333333,1360.0,782.5333333333333,978.1666666666666,0.0,7132.299999999999,8296.666666666666,0.0,25.5666372614437,25.75975416942929,25.82426608259441,166102.66721107197,195984.7235456381,221192.55973420673,2427.059595127169,2868.959629000706,3240.669818472664,29442065.95719003,25182705.105451938,120383490.7106004,121366730.39332259,126645043.25314575,1761873.983302813,1776461.0488144057,1854003.0292391395,50453.8
