price,estimated_price,price_error,profit,profit_controlled,profit_passive,profit_actual,P_ESS,P_ESS_controlled,P_ESS_passive,P_ESS_actual,SOC_controlled,P_natural_gas,P_natural_gas_actual,P_renewable_absorbed,marginal_price_gas,marginal_price_gas_actual,marginal_price_gas_withoutESS,cost,cost_actual,cost_withoutESS,carbon,carbon_actual,carbon_withoutESS,total_profit,total_profit_actual,total_cost,total_cost_actual,total_cost_withoutESS,total_carbon,total_carbon_actual,total_carbon_withoutESS,total_absorb
49.26853333333333,48.89984026690164,-0.0074833375683672956,48628.0424,0.0,48628.0424,60785.053,987.0,0.0,987.0,1233.75,0.02261048519736851,7597.916666666667,7351.166666666667,0.0,28.35730167798622,28.35730167798622,28.53095294745815,198359.33576907785,191362.17158003474,226476.04221206965,2652.1439200712125,2558.558728209938,3025.286797283414,39888816.62650722,33204678.176826853,133680558.49636322,136464914.97109273,148507229.46363583,1783970.466377752,1821028.3649878516,1980620.0393995978,120698.53333333335
48.383188,49.5676998643923,0.024481889543787553,26137.340597619946,19953.969171219946,6183.3714264,7729.214282999999,540.2153450000019,412.4153450000018,127.80000000000001,159.75,0.0,6947.034654999998,7327.5,0.0,28.25837873121386,28.35730167798622,28.35730167798622,179909.81847446138,190691.04877365576,195221.12771671405,2404.9589500507077,2549.5826409122005,2610.1712301719313,39888816.62650722,33204678.176826853,133680558.49636322,136464914.97109273,148507229.46363583,1783970.466377752,1821028.3649878516,1980620.0393995978,120698.53333333335
37.42668158333333,38.140191731281014,0.019064210818664228,-27735.666165355553,0.0,-27735.666165355553,-34669.58270669444,-741.0666666666667,0.0,-741.0666666666667,-926.3333333333334,0.0,6816.066666666667,7001.333333333333,0.0,28.25837873121386,28.25837873121386,28.0976733589821,176208.8754584729,181444.21109140912,155319.74550730517,2354.6953677536035,2425.797981952803,2072.0228535029464,39888816.62650722,33204678.176826853,133680558.49636322,136464914.97109273,148507229.46363583,1783970.466377752,1821028.3649878516,1980620.0393995978,120698.53333333335
35.291431166666676,36.37331995095086,0.030655848984272645,-87694.50092501115,-62818.747476666686,-24875.753448344454,-31094.691810430566,-2484.866666666667,-1780.0,-704.8666666666668,-881.0833333333334,0.08807291666666667,8347.45,6743.666666666667,0.0,28.53095294745815,28.25837873121386,28.0976733589821,219700.89191881326,174162.96883833304,149351.3313913014,2936.4202984916988,2326.9093155692453,1991.580486442448,39888816.62650722,33204678.176826853,133680558.49636322,136464914.97109273,148507229.46363583,1783970.466377752,1821028.3649878516,1980620.0393995978,120698.53333333335
35.95320258333333,35.78416166104781,-0.0047016930381573,-68541.18540486666,-63996.70059833333,-4544.484806533333,-5680.6060081666665,-1906.4,-1780.0,-126.4,-158.0,0.17614583333333333,8717.316666666668,6968.916666666667,0.0,28.53095294745815,28.25837873121386,28.25837873121386,230253.54038231313,180528.16864753896,176063.34480800715,3074.834485829273,2413.3569433941993,2352.718873710103,39888816.62650722,33204678.176826853,133680558.49636322,136464914.97109273,148507229.46363583,1783970.466377752,1821028.3649878516,1980620.0393995978,120698.53333333335
38.05739858333333,37.383979126382094,-0.01769483679964789,-58463.77570371666,-67742.16947833332,9278.393774616667,11597.992218270832,-1536.2,-1780.0,243.8,304.75,0.26421875,9071.616666666667,7230.666666666667,0.0,28.75992700836201,28.35730167798622,28.35730167798622,240387.0013951501,187945.11672783742,196587.00441420372,3208.4487516507634,2512.8565372503294,2628.439464179299,39888816.62650722,33204678.176826853,133680558.49636322,136464914.97109273,148507229.46363583,1783970.466377752,1821028.3649878516,1980620.0393995978,120698.53333333335
45.33552075,45.943911884870204,0.013419745153587927,150943.1051531,86137.489425,64805.615728100005,81007.01966012499,3329.4666666666667,1900.0,1429.4666666666667,1786.8333333333333,0.16005208333333332,6899.116666666667,8441.75,0.0,28.25837873121386,28.53095294745815,28.77883487405135,178555.73381210022,222391.36078175853,273666.8595664117,2386.5687328628705,2971.7099286267016,3650.724795855134,39888816.62650722,33204678.176826853,133680558.49636322,136464914.97109273,148507229.46363583,1783970.466377752,1821028.3649878516,1980620.0393995978,120698.53333333335
38.43416133333333,38.05506153476909,-0.009863615736957659,-34938.81035930292,-36734.9668322807,1796.1564729777776,2245.195591222222,-909.0561403508772,-955.7894736842105,46.733333333333334,58.416666666666664,0.20734375,9186.972807017544,8219.5,0.0,28.75992700836201,28.53095294745815,28.53095294745815,243704.63557160768,216050.35648918594,217717.03965719996,3252.735568699272,2888.5379212300477,2910.3990300358423,39888816.62650722,33204678.176826853,133680558.49636322,136464914.97109273,148507229.46363583,1783970.466377752,1821028.3649878516,1980620.0393995978,120698.53333333335
15.086645166666663,15.187850748508001,0.0067082893992196566,-71375.92405984443,-26854.228396666662,-44521.69566317777,-55652.11957897221,-4731.0666666666675,-1780.0,-2951.066666666667,-3688.8333333333335,0.29541666666666666,6587.983333333334,6177.75,632.0,28.25837873121386,28.0976733589821,26.44303420930038,169763.61024286188,158206.78144494057,56275.81879760592,2267.1603483836816,2110.934363344294,759.321881183684,39888816.62650722,33204678.176826853,133680558.49636322,136464914.97109273,148507229.46363583,1783970.466377752,1821028.3649878516,1980620.0393995978,120698.53333333335
9.581020416666666,9.676693239266076,0.009985661071442966,-66766.93761027778,-17054.216341666666,-49712.72126861111,-62140.90158576388,-6968.666666666667,-1780.0,-5188.666666666667,-6485.833333333333,0.38348958333333333,5078.833333333333,5078.833333333333,482.83333333333394,28.01740671434946,28.01740671434946,0.0,127359.49193248732,127359.49193248732,0.0,1696.1113995338205,1696.1113995338205,0.0,39888816.62650722,33204678.176826853,133680558.49636322,136464914.97109273,148507229.46363583,1783970.466377752,1821028.3649878516,1980620.0393995978,120698.53333333335
10.279503,10.299634484006901,0.0019584102467697815,-76840.65552540001,-18297.51534,-58543.14018540001,-73178.92523175,-7475.133333333334,-1780.0,-5695.133333333334,-7118.916666666667,0.4715625,4960.0,4960.0,356.21666666666715,28.01740671434946,28.01740671434946,0.0,124030.09010126546,124030.09010126546,0.0,1651.5385505757931,1651.5385505757931,0.0,39888816.62650722,33204678.176826853,133680558.49636322,136464914.97109273,148507229.46363583,1783970.466377752,1821028.3649878516,1980620.0393995978,120698.53333333335
10.998257583333332,11.397642989848134,0.03631351634462772,-82920.99644095554,-19576.89849833331,-63344.097942622226,-79180.12242827777,-7539.466666666665,-1779.9999999999982,-5759.466666666667,-7199.333333333333,0.5596354166666666,4982.25,4982.25,340.1333333333323,28.01740671434946,28.01740671434946,0.0,124653.47740065974,124653.47740065974,0.0,1659.884238283923,1659.884238283923,0.0,39888816.62650722,33204678.176826853,133680558.49636322,136464914.97109273,148507229.46363583,1783970.466377752,1821028.3649878516,1980620.0393995978,120698.53333333335
10.550059416666668,10.51412601009594,-0.003405990919251427,-73758.98206838891,-18779.10576166667,-54979.87630672224,-68724.84538340279,-6991.333333333334,-1780.0,-5211.333333333334,-6514.166666666667,0.6477083333333333,4683.416666666667,4683.416666666667,477.16666666666697,28.01740671434946,28.01740671434946,0.0,116280.942360855,116280.942360855,0.0,1547.7957134848443,1547.7957134848443,0.0,39888816.62650722,33204678.176826853,133680558.49636322,136464914.97109273,148507229.46363583,1783970.466377752,1821028.3649878516,1980620.0393995978,120698.53333333335
8.055577166666668,8.393915949682272,0.04200056383490725,-47855.498754777786,-14338.927356666669,-33516.57139811112,-41895.71424763889,-5940.666666666667,-1780.0,-4160.666666666667,-5200.833333333333,0.73578125,4665.75,4665.75,739.8333333333339,27.74203824836471,27.74203824836471,0.0,115786.98748640918,115786.98748640918,0.0,1541.174885424616,1541.174885424616,0.0,39888816.62650722,33204678.176826853,133680558.49636322,136464914.97109273,148507229.46363583,1783970.466377752,1821028.3649878516,1980620.0393995978,120698.53333333335
13.399127166666668,13.13881266559945,-0.019427720763394846,-68593.70506674446,-23850.44635666667,-44743.25871007778,-55929.07338759722,-5119.266666666666,-1780.0,-3339.2666666666664,-4174.083333333333,0.8238541666666668,4717.833333333333,4717.833333333333,945.1833333333334,28.01740671434946,28.01740671434946,21.57446557216196,117245.20810860717,117245.20810860717,9036.081890950529,1560.7049607637118,1560.7049607637118,121.51301550533364,39888816.62650722,33204678.176826853,133680558.49636322,136464914.97109273,148507229.46363583,1783970.466377752,1821028.3649878516,1980620.0393995978,120698.53333333335
13.352949416666666,13.728877501424407,0.028153187211847102,-50462.57623883888,-23768.249961666665,-26694.32627717222,-33367.90784646528,-3779.133333333333,-1780.0,-1999.1333333333332,-2498.9166666666665,0.9119270833333335,5225.466666666667,5073.25,1128.0,28.01740671434946,28.01740671434946,26.87347372209153,131467.77767036812,127203.06141166555,58548.29693813028,1751.1116695384105,1694.0171632924546,789.4183479835806,39888816.62650722,33204678.176826853,133680558.49636322,136464914.97109273,148507229.46363583,1783970.466377752,1821028.3649878516,1980620.0393995978,120698.53333333335
20.955746833333333,20.646574267917174,-0.01475359326847609,-51883.63505975548,-37301.22936333325,-14582.405696422224,-18228.007120527778,-2475.866666666663,-1779.9999999999961,-695.8666666666668,-869.8333333333334,1.0,6280.866666666663,5260.833333333333,586.0,28.0976733589821,28.01740671434946,27.71759299894158,161104.1198628075,132458.65995449893,108170.7048922831,2149.984730155066,1764.3772495508833,1439.8995652304675,39888816.62650722,33204678.176826853,133680558.49636322,136464914.97109273,148507229.46363583,1783970.466377752,1821028.3649878516,1980620.0393995978,120698.53333333335
72.86668358333334,72.37543708479633,-0.006741716164084762,383987.9913685445,138446.69880833334,245541.29256021115,306926.61570026394,5269.733333333334,1900.0,3369.7333333333336,4212.166666666667,0.8958333333333334,6088.433333333333,7146.0,0.0,28.0976733589821,28.35730167798622,29.20072509152424,155697.1909194275,185544.19851910125,306437.82251985563,2077.110067928271,2480.7449010020837,4080.6818011274013,39888816.62650722,33204678.176826853,133680558.49636322,136464914.97109273,148507229.46363583,1783970.466377752,1821028.3649878516,1980620.0393995978,120698.53333333335
63.6729365,63.10643968278133,-0.008896979601665963,594751.9203967666,120978.57935,473773.34104676667,592216.6763084583,9340.733333333334,1900.0,7440.733333333334,9300.916666666666,0.7916666666666667,8678.933333333332,8718.75,0.0,28.53095294745815,28.53095294745815,39.50585983592206,229158.42730501312,230294.43474820445,519236.93268608203,3060.470396362868,3075.370878227931,6926.265387759501,39888816.62650722,33204678.176826853,133680558.49636322,136464914.97109273,148507229.46363583,1783970.466377752,1821028.3649878516,1980620.0393995978,120698.53333333335
53.874657000000006,54.086986184555286,0.003941170048753705,478363.8544344001,102361.84830000001,376002.0061344001,470002.50766800006,8879.2,1900.0,6979.200000000001,8724.0,0.6875000000000001,8727.3,8882.5,0.0,28.53095294745815,28.53095294745815,38.09562452300365,230538.3743959052,234966.37829335075,503273.63509761466,3078.5705212571384,3136.650591214217,6714.252832007784,39888816.62650722,33204678.176826853,133680558.49636322,136464914.97109273,148507229.46363583,1783970.466377752,1821028.3649878516,1980620.0393995978,120698.53333333335
48.70346125,48.337420887301704,-0.007515695051310016,371321.68236483337,92536.57637499999,278785.10598983336,348481.38248729164,7624.133333333334,1900.0,5724.133333333334,7155.166666666667,0.5833333333333335,8220.533333333333,8689.5,0.0,28.53095294745815,28.53095294745815,31.61297349762471,216079.8384738983,229459.90437449128,442276.829622261,2888.924622726755,3064.424731022747,5899.8240095858,39888816.62650722,33204678.176826853,133680558.49636322,136464914.97109273,148507229.46363583,1783970.466377752,1821028.3649878516,1980620.0393995978,120698.53333333335
52.768135666666666,49.76729866812703,-0.056868353612031124,343116.00748322223,100259.45776666666,242856.54971655557,303570.68714569445,6502.333333333334,1900.0,4602.333333333334,5752.916666666667,0.4791666666666668,7775.416666666667,8524.833333333334,0.0,28.45196742055357,28.53095294745815,30.49717367894778,203398.65063222818,224761.80745580987,393360.1536260151,2719.794300391894,3002.801976386156,5245.201819541107,39888816.62650722,33204678.176826853,133680558.49636322,136464914.97109273,148507229.46363583,1783970.466377752,1821028.3649878516,1980620.0393995978,120698.53333333335
53.059639833333335,53.59018699002526,0.00999907195673463,223519.03876189998,100813.31568333333,122705.72307856666,153382.15384820834,4212.6,1900.0,2312.6,2890.75,0.3750000000000001,7252.066666666666,8573.916666666666,0.0,28.35730167798622,28.53095294745815,29.20072509152424,188551.96298374629,226162.20172964755,309547.6997421029,2520.9729429477197,3021.170297479755,4121.472581861467,39888816.62650722,33204678.176826853,133680558.49636322,136464914.97109273,148507229.46363583,1783970.466377752,1821028.3649878516,1980620.0393995978,120698.53333333335
51.03855133333334,48.80636651818234,-0.043735269846759135,146269.68298115558,96973.24753333334,49296.43544782223,61620.54430977778,2865.866666666667,1900.0,965.8666666666667,1207.3333333333333,0.2708333333333334,7060.3,8718.833333333334,0.0,28.35730167798622,28.53095294745815,28.75992700836201,183113.97776529784,230296.81232761676,264963.79702014587,2448.241351083092,3075.4020638325046,3536.5223105761024,39888816.62650722,33204678.176826853,133680558.49636322,136464914.97109273,148507229.46363583,1783970.466377752,1821028.3649878516,1980620.0393995978,120698.53333333335
51.97428958333334,51.384712020287836,-0.01134363870621441,116654.56049347224,98751.15020833335,17903.410285138893,22379.26285642361,2244.4666666666667,1900.0,344.4666666666667,430.5833333333333,0.16666666666666674,7078.200000000001,8892.083333333334,0.0,28.35730167798622,28.53095294745815,28.75992700836201,183621.5734653338,235239.7999257639,247607.18107059938,2455.030307250536,3140.2369357401326,3304.8303173499107,39888816.62650722,33204678.176826853,133680558.49636322,136464914.97109273,148507229.46363583,1783970.466377752,1821028.3649878516,1980620.0393995978,120698.53333333335
46.52232516666666,47.056304123042,0.011477907745632801,92247.5678288111,88392.41781666665,3855.150012144444,4818.937515180554,1982.8666666666668,1900.0,82.86666666666667,103.58333333333333,0.06250000000000007,6671.716666666666,8551.0,0.0,28.25837873121386,28.53095294745815,28.53095294745815,172129.77848862216,225508.36739126834,228463.69860074256,2299.2959667479117,3012.594256222132,3051.3579627065874,39888816.62650722,33204678.176826853,133680558.49636322,136464914.97109273,148507229.46363583,1783970.466377752,1821028.3649878516,1980620.0393995978,120698.53333333335
42.23732141666667,42.54680163025253,0.007327174243197786,-27741.47270646667,0.0,-27741.47270646667,-34676.840883083336,-656.8000000000001,0.0,-656.8000000000001,-821.0,0.06250000000000007,8398.883333333333,8563.083333333334,0.0,28.53095294745815,28.53095294745815,28.45196742055357,221168.33393207748,225853.11640605013,202450.25171820974,2955.668053634261,3017.1161688852426,2706.9505598955675,39888816.62650722,33204678.176826853,133680558.49636322,136464914.97109273,148507229.46363583,1783970.466377752,1821028.3649878516,1980620.0393995978,120698.53333333335
43.03238233333334,43.44722387883719,0.009640217970979336,-30819.792227133337,0.0,-30819.792227133337,-38524.74028391667,-716.2,0.0,-716.2,-895.25,0.06250000000000007,8434.783333333335,8613.833333333334,0.0,28.53095294745815,28.53095294745815,28.45196742055357,222192.59514289128,227301.06226813362,201781.6304838267,2969.102812084385,3036.108202070305,2697.895722845657,39888816.62650722,33204678.176826853,133680558.49636322,136464914.97109273,148507229.46363583,1783970.466377752,1821028.3649878516,1980620.0393995978,120698.53333333335
37.80264441666667,36.49813564326169,-0.03450839996870283,-85149.19646039445,-67288.70706166666,-17860.489398727783,-22325.611748409727,-2252.4666666666662,-1779.9999999999995,-472.4666666666667,-590.5833333333334,0.15057291666666672,10191.716666666667,8529.833333333334,0.0,28.77883487405135,28.53095294745815,28.45196742055357,272605.879854055,224904.46222054714,208060.0312946289,3636.8084034971084,3004.6731126605464,2782.92128493134,39888816.62650722,33204678.176826853,133680558.49636322,136464914.97109273,148507229.46363583,1783970.466377752,1821028.3649878516,1980620.0393995978,120698.53333333335
45.93056816666667,46.17882081678928,0.005404954914160696,39622.004628975024,38877.92942467502,744.0752043,930.094005375,862.6500000000005,846.4500000000005,16.2,20.25,0.10416666666666669,8124.7666666666655,8967.166666666666,0.0,28.53095294745815,28.6258182180586,28.75992700836201,213347.5242132967,237383.40602580973,237965.41554104598,2853.0861259512635,3168.3915655419314,3176.1232076082683,39888816.62650722,33204678.176826853,133680558.49636322,136464914.97109273,148507229.46363583,1783970.466377752,1821028.3649878516,1980620.0393995978,120698.53333333335
70.3349055,67.66254792543891,-0.037994756025670574,245736.09283590002,133636.32045,112099.77238590003,140124.715482375,3493.8,1900.0,1593.8000000000002,1992.25,1.3877787807814457e-17,8118.366666666666,9619.916666666666,0.0,28.53095294745815,28.75992700836201,29.20072509152424,213164.926114433,256156.06937383494,313854.8066931027,2850.691071520044,3418.9487017517085,4177.966855648085,39888816.62650722,33204678.176826853,133680558.49636322,136464914.97109273,148507229.46363583,1783970.466377752,1821028.3649878516,1980620.0393995978,120698.53333333335
42.08683858333334,43.16776908874469,0.025683338112247982,-1251.3820005444447,0.0,-1251.3820005444447,-1564.2275006805557,-29.733333333333334,0.0,-29.733333333333334,-37.166666666666664,1.3877787807814457e-17,9406.066666666668,9413.5,0.0,28.75992700836201,28.75992700836201,28.75992700836201,250005.75898309678,250219.54110719223,249150.6304867148,3336.8487303326187,3339.702489763132,3325.433692610566,39888816.62650722,33204678.176826853,133680558.49636322,136464914.97109273,148507229.46363583,1783970.466377752,1821028.3649878516,1980620.0393995978,120698.53333333335
18.810183333333335,18.186327796885674,-0.03316584030003207,-80670.60625555555,-33482.12633333333,-47188.47992222223,-58985.59990277779,-4288.666666666667,-1780.0,-2508.666666666667,-3135.8333333333335,0.08807291666666668,6952.083333333334,6722.25,923.0,28.25837873121386,28.25837873121386,27.41972944024914,180052.48593889686,173557.7685605062,85971.7124654674,2406.896558332919,2318.689914773458,1145.3404783999733,39888816.62650722,33204678.176826853,133680558.49636322,136464914.97109273,148507229.46363583,1783970.466377752,1821028.3649878516,1980620.0393995978,120698.53333333335
16.687205833333334,16.135344224401653,-0.033070941561068004,-98503.46355377778,-29703.22638333333,-68800.23717044445,-86000.29646305557,-5902.933333333333,-1779.9999999999998,-4122.933333333333,-5153.666666666667,0.17614583333333333,5205.0,5205.0,749.2666666666664,28.01740671434946,28.01740671434946,4.383040671054008,130894.3547462811,130894.3547462811,224.9960877807711,1743.434887137224,1743.434887137224,2.959883205251345,39888816.62650722,33204678.176826853,133680558.49636322,136464914.97109273,148507229.46363583,1783970.466377752,1821028.3649878516,1980620.0393995978,120698.53333333335
16.44435041666667,16.668500886686758,0.013630849765455325,-111722.91673083336,-29270.94374166667,-82451.97298916668,-103064.96623645835,-6794.0,-1780.0,-5014.0,-6267.5,0.26421875,5023.833333333333,5023.833333333333,526.5,28.01740671434946,28.01740671434946,0.0,125818.5345631981,125818.5345631981,0.0,1675.4816096934992,1675.4816096934992,0.0,39888816.62650722,33204678.176826853,133680558.49636322,136464914.97109273,148507229.46363583,1783970.466377752,1821028.3649878516,1980620.0393995978,120698.53333333335
19.6210025,19.1633260434069,-0.02332584467042897,-136004.940929,-34925.38445,-101079.556479,-126349.44559875,-6931.6,-1780.0,-5151.6,-6439.5,0.35229166666666667,4575.916666666667,4575.916666666667,492.10000000000036,27.71759299894158,27.71759299894158,0.0,113296.14979767072,113296.14979767072,0.0,1507.855512281715,1507.855512281715,0.0,39888816.62650722,33204678.176826853,133680558.49636322,136464914.97109273,148507229.46363583,1783970.466377752,1821028.3649878516,1980620.0393995978,120698.53333333335
21.3126745,20.472961401792514,-0.03939970547607648,-131973.76388386666,-37936.56061,-94037.20327386666,-117546.50409233333,-6192.266666666666,-1780.0,-4412.266666666666,-5515.333333333333,0.44036458333333334,4577.666666666667,4577.666666666667,676.9333333333334,27.71759299894158,27.71759299894158,0.0,113344.65558541886,113344.65558541886,0.0,1508.4986284998656,1508.4986284998656,0.0,39888816.62650722,33204678.176826853,133680558.49636322,136464914.97109273,148507229.46363583,1783970.466377752,1821028.3649878516,1980620.0393995978,120698.53333333335
23.89774108333333,23.627796548050515,-0.011295818058346892,-134353.10037049997,-42537.979128333325,-91815.12124216666,-114768.90155270831,-5622.0,-1780.0,-3842.0,-4802.5,0.5284375,4562.0,4562.0,819.5,27.71759299894158,27.71759299894158,0.0,112910.4132951021,112910.4132951021,0.0,1502.7412071183267,1502.7412071183267,0.0,39888816.62650722,33204678.176826853,133680558.49636322,136464914.97109273,148507229.46363583,1783970.466377752,1821028.3649878516,1980620.0393995978,120698.53333333335
25.937952999999997,26.093377281149937,0.0059921567885462155,-131956.74209219994,-46169.556339999945,-85787.18575219999,-107233.98219024998,-5087.399999999998,-1779.9999999999982,-3307.4,-4134.25,0.6165104166666666,4743.916666666667,4743.916666666667,953.1499999999978,28.01740671434946,28.01740671434946,21.84974776242512,117975.99546707314,117975.99546707314,10463.3098192481,1570.4884823091977,1570.4884823091977,140.39079937026133,39888816.62650722,33204678.176826853,133680558.49636322,136464914.97109273,148507229.46363583,1783970.466377752,1821028.3649878516,1980620.0393995978,120698.53333333335
34.906833,34.42944917038502,-0.013675942174845277,-123423.58012140001,-62134.16274,-61289.4173814,-76611.77172675,-3535.8,-1780.0,-1755.8000000000002,-2194.75,0.7045833333333333,6083.633333333333,5191.583333333333,449.0,28.0976733589821,28.01740671434946,26.87347372209153,155562.32208730438,130518.45453953023,69902.33958571394,2075.2923039648795,1738.4024687064789,934.53554443381,39888816.62650722,33204678.176826853,133680558.49636322,136464914.97109273,148507229.46363583,1783970.466377752,1821028.3649878516,1980620.0393995978,120698.53333333335
34.96189583333334,34.828344511993045,-0.0038199107387352437,-86297.61288194446,-62232.17458333334,-24065.438298611116,-30081.79787326389,-2468.3333333333335,-1780.0,-688.3333333333334,-860.4166666666666,0.7926562500000001,7600.833333333334,6185.916666666667,193.0,28.35730167798622,28.0976733589821,28.01740671434946,198442.04456563867,158436.24577737227,134270.4522553602,2653.2501280128354,2114.027086754231,1788.6328812419279,39888816.62650722,33204678.176826853,133680558.49636322,136464914.97109273,148507229.46363583,1783970.466377752,1821028.3649878516,1980620.0393995978,120698.53333333335
54.9629,54.39594615740062,-0.010315209761482204,229968.43779333335,104429.51,125538.92779333335,156923.65974166666,4184.0666666666675,1900.0,2284.066666666667,2855.0833333333335,0.6884895833333334,5678.1833333333325,7007.166666666667,0.0,28.0976733589821,28.25837873121386,28.75992700836201,144170.12042390506,181609.0516340079,263125.55835219467,1921.7480541821606,2428.036729251267,3511.983818611936,39888816.62650722,33204678.176826853,133680558.49636322,136464914.97109273,148507229.46363583,1783970.466377752,1821028.3649878516,1980620.0393995978,120698.53333333335
63.86245541666668,62.50767873121709,-0.0212139773926704,526639.6098450279,121338.66529166668,405300.9445533612,506626.1806917015,8246.466666666667,1900.0,6346.466666666667,7933.083333333333,0.5843229166666668,7292.533333333333,7605.916666666667,0.0,28.35730167798622,28.35730167798622,31.61297349762471,189699.48845831546,198586.19418250176,432613.79738982033,2536.3207879892043,2655.178090425378,5768.837085118209,39888816.62650722,33204678.176826853,133680558.49636322,136464914.97109273,148507229.46363583,1783970.466377752,1821028.3649878516,1980620.0393995978,120698.53333333335
49.6275565,47.797256935091454,-0.0368807109193164,379928.7215414,94292.35734999999,285636.3641914,357045.45523925,7655.6,1900.0,5755.6,7194.5,0.4801562500000001,7600.066666666667,8061.166666666667,0.0,28.35730167798622,28.53095294745815,31.32332298758161,198420.30396768553,211532.95560583842,423670.9114937097,2652.9593533538946,2829.285272541018,5647.891103419154,39888816.62650722,33204678.176826853,133680558.49636322,136464914.97109273,148507229.46363583,1783970.466377752,1821028.3649878516,1980620.0393995978,120698.53333333335
52.215772166666675,50.979971312726086,-0.023667194846722903,354900.16026240005,99209.96711666668,255690.19314573338,319612.7414321667,6796.8,1900.0,4896.8,6121.0,0.37598958333333343,7445.7,8121.5,0.0,28.35730167798622,28.53095294745815,30.49717367894778,194042.8818319937,213254.32310033505,392285.1282538322,2594.412507894987,2851.8636502519958,5231.115098143715,39888816.62650722,33204678.176826853,133680558.49636322,136464914.97109273,148507229.46363583,1783970.466377752,1821028.3649878516,1980620.0393995978,120698.53333333335
53.55428874999999,52.488372619350166,-0.019903469087708254,305013.09614675,101753.14862499999,203259.94752174997,254074.93440218744,5695.4,1900.0,3795.4,4744.25,0.27182291666666675,7200.1,8151.25,0.0,28.35730167798622,28.53095294745815,29.89577970970236,187078.3285398803,214103.11895052192,351761.0314148945,2501.263478022124,2862.9969110846187,4684.658429253259,39888816.62650722,33204678.176826853,133680558.49636322,136464914.97109273,148507229.46363583,1783970.466377752,1821028.3649878516,1980620.0393995978,120698.53333333335
50.292946083333334,52.0782577122499,0.035498251105798816,163921.47560094445,95556.59755833333,68364.87804261112,85456.0975532639,3259.3333333333335,1900.0,1359.3333333333335,1699.1666666666667,0.16765625000000006,6428.75,7988.916666666667,0.0,28.25837873121386,28.45196742055357,28.75992700836201,165263.93440289493,209473.14567651635,258116.53773157165,2206.048943556482,2802.058458270866,3445.1188274709893,39888816.62650722,33204678.176826853,133680558.49636322,136464914.97109273,148507229.46363583,1783970.466377752,1821028.3649878516,1980620.0393995978,120698.53333333335
47.572232750000005,47.484060276038505,-0.0018534440967877602,120697.09745111669,90387.24222500001,30309.85522611667,37887.319032645835,2537.133333333333,1900.0,637.1333333333333,796.4166666666666,0.06348958333333339,5500.616666666667,7241.333333333333,0.0,28.0976733589821,28.35730167798622,28.53095294745815,139180.91022446184,188247.59461240258,210864.85579098543,1854.5034108975356,2516.902097722549,2820.522117655956,39888816.62650722,33204678.176826853,133680558.49636322,136464914.97109273,148507229.46363583,1783970.466377752,1821028.3649878516,1980620.0393995978,120698.53333333335
44.4406665,45.57316911338317,0.025483474992058715,61040.00033738837,51464.51806218837,9575.4822752,11969.352844,1373.516761666668,1158.0500950000012,215.46666666666667,269.3333333333333,0.0,6064.316571666665,7168.5,0.0,28.0976733589821,28.35730167798622,28.35730167798622,155019.56602764103,186182.23780685593,193819.80439212688,2067.977030371736,2489.2785051231726,2591.428907046725,39888816.62650722,33204678.176826853,133680558.49636322,136464914.97109273,148507229.46363583,1783970.466377752,1821028.3649878516,1980620.0393995978,120698.53333333335
41.38057308333333,40.81241822697397,-0.013729990041829367,2623.5283334833334,0.0,2623.5283334833334,3279.4104168541667,63.400000000000006,0.0,63.400000000000006,79.25,0.0,7027.6,7011.75,0.0,28.35730167798622,28.25837873121386,28.35730167798622,182186.6940004277,181738.5692031926,183984.546926812,2435.839179760443,2429.795744985774,2459.8849798172,39888816.62650722,33204678.176826853,133680558.49636322,136464914.97109273,148507229.46363583,1783970.466377752,1821028.3649878516,1980620.0393995978,120698.53333333335
42.47997683333333,43.76354401817709,0.03021581649819939,-11030.633984388889,0.0,-11030.633984388889,-13788.29248048611,-259.6666666666667,0.0,-259.6666666666667,-324.5833333333333,0.0,6786.666666666666,6851.583333333333,0.0,28.25837873121386,28.25837873121386,28.25837873121386,175378.0791237752,177212.51887640986,168040.3201132367,2343.4120813693476,2368.3261405908197,2243.7558444834594,39888816.62650722,33204678.176826853,133680558.49636322,136464914.97109273,148507229.46363583,1783970.466377752,1821028.3649878516,1980620.0393995978,120698.53333333335
40.52392033333333,39.92838006911183,-0.014696018038798424,-27618.40250451111,0.0,-27618.40250451111,-34523.003130638885,-681.5333333333333,0.0,-681.5333333333333,-851.9166666666666,0.0,6855.866666666667,7026.25,0.0,28.25837873121386,28.32616330114135,28.0976733589821,177333.55893197522,182148.41320008124,158110.78106096404,2369.9700207499773,2435.327476883861,2109.640468856463,39888816.62650722,33204678.176826853,133680558.49636322,136464914.97109273,148507229.46363583,1783970.466377752,1821028.3649878516,1980620.0393995978,120698.53333333335
34.895898583333334,35.1762462707677,0.008033829155161964,-71915.79419377222,-62114.699478333336,-9801.094715438889,-12251.36839429861,-2060.866666666667,-1780.0,-280.8666666666667,-351.0833333333333,0.08807291666666667,8722.2,7012.416666666667,0.0,28.53095294745815,28.25837873121386,28.25837873121386,230392.8665358732,181757.40812234677,171836.36232279643,3076.6619622572607,2430.051601819884,2295.310996556647,39888816.62650722,33204678.176826853,133680558.49636322,136464914.97109273,148507229.46363583,1783970.466377752,1821028.3649878516,1980620.0393995978,120698.53333333335
36.6295085,36.48135583026453,-0.004044626198996648,-5335.698404833334,0.0,-5335.698404833334,-6669.623006041667,-145.66666666666669,0.0,-145.66666666666669,-182.08333333333334,0.08807291666666667,7093.333333333333,7129.75,0.0,28.35730167798622,28.35730167798622,28.25837873121386,184050.71396406062,185083.39236683396,179927.67809950066,2460.769946170498,2474.5817424701863,2405.2015068069395,39888816.62650722,33204678.176826853,133680558.49636322,136464914.97109273,148507229.46363583,1783970.466377752,1821028.3649878516,1980620.0393995978,120698.53333333335
42.193323166666666,41.134634660963755,-0.025091375275680818,122486.51793914629,67781.46800945739,54705.049929688896,68381.31241211112,2902.983428333334,1606.4500950000004,1296.5333333333335,1620.6666666666667,0.0,6659.766571666666,7942.083333333333,0.0,28.25837873121386,28.45196742055357,28.75992700836201,171792.0881782382,208140.64520232042,254511.96021319026,2294.7096965368887,2784.013002873527,3397.001628104489,39888816.62650722,33204678.176826853,133680558.49636322,136464914.97109273,148507229.46363583,1783970.466377752,1821028.3649878516,1980620.0393995978,120698.53333333335
31.182736583333327,30.08607103429957,-0.03516899634844455,3292.8969832,0.0,3292.8969832,4116.121228999999,105.60000000000001,0.0,105.60000000000001,132.0,0.0,7548.583333333333,7548.583333333333,26.39999999999999,28.35730167798622,28.35730167798622,28.35730167798622,196960.37555296384,196960.37555296384,200703.53937445802,2633.4332028871954,2633.4332028871954,2683.4970137309165,39888816.62650722,33204678.176826853,133680558.49636322,136464914.97109273,148507229.46363583,1783970.466377752,1821028.3649878516,1980620.0393995978,120698.53333333335
17.72917408333333,18.064133712521684,0.018893132168138795,-69189.87477761666,-31557.92986833333,-37631.944909283324,-47039.93113660416,-3902.6,-1780.0,-2122.6,-2653.25,0.08807291666666667,6182.266666666666,5435.916666666667,503.0,28.0976733589821,28.01740671434946,26.87347372209153,158333.68926961196,137364.04091340298,64146.937296899356,2112.644828740402,1830.0487472092395,860.9751509669286,39888816.62650722,33204678.176826853,133680558.49636322,136464914.97109273,148507229.46363583,1783970.466377752,1821028.3649878516,1980620.0393995978,120698.53333333335
11.281621333333334,11.164505909430371,-0.010381080914046142,-68067.28626062222,-20081.285973333335,-47986.00028728889,-59982.50035911111,-6033.466666666666,-1780.0,-4253.466666666666,-5316.833333333333,0.17614583333333333,5032.333333333333,5032.333333333333,716.6333333333332,28.01740671434946,28.01740671434946,0.0,126056.68252027007,126056.68252027007,0.0,1678.6698499415488,1678.6698499415488,0.0,39888816.62650722,33204678.176826853,133680558.49636322,136464914.97109273,148507229.46363583,1783970.466377752,1821028.3649878516,1980620.0393995978,120698.53333333335
11.131082333333334,11.016385994666798,-0.010304149698278987,-75562.23931160002,-19813.326553333332,-55748.91275826668,-69686.14094783334,-6788.400000000001,-1780.0,-5008.400000000001,-6260.5,0.26421875,4755.583333333333,4755.583333333333,527.9000000000005,28.01740671434946,28.01740671434946,0.0,118302.86521207386,118302.86521207386,0.0,1574.8644983359322,1574.8644983359322,0.0,39888816.62650722,33204678.176826853,133680558.49636322,136464914.97109273,148507229.46363583,1783970.466377752,1821028.3649878516,1980620.0393995978,120698.53333333335
13.36703091666667,13.23818968686159,-0.009638732087051098,-97772.70207226113,-23793.315031666672,-73979.38704059446,-92474.23380074307,-7314.466666666667,-1780.0,-5534.466666666667,-6918.083333333333,0.35229166666666667,4550.166666666667,4550.166666666667,396.3833333333341,27.71759299894158,27.71759299894158,0.0,112582.42177794798,112582.42177794798,0.0,1498.3925165003561,1498.3925165003561,0.0,39888816.62650722,33204678.176826853,133680558.49636322,136464914.97109273,148507229.46363583,1783970.466377752,1821028.3649878516,1980620.0393995978,120698.53333333335
14.113951666666667,13.851762665288351,-0.01857658348069408,-104435.71489244443,-25122.83396666664,-79312.88092577779,-99141.10115722222,-7399.466666666665,-1779.9999999999982,-5619.466666666667,-7024.333333333333,0.4403645833333332,4400.5,4400.5,375.1333333333323,27.71759299894158,27.71759299894158,0.0,108434.02202577304,108434.02202577304,0.0,1443.3907675575708,1443.3907675575708,0.0,39888816.62650722,33204678.176826853,133680558.49636322,136464914.97109273,148507229.46363583,1783970.466377752,1821028.3649878516,1980620.0393995978,120698.53333333335
7.260888250000001,7.3871770501727445,0.017393023528869758,-50979.18046246667,-12924.381085,-38054.79937746667,-47568.499221833335,-7021.066666666667,-1780.0,-5241.066666666667,-6551.333333333333,0.5284374999999999,4242.583333333333,4242.583333333333,469.7333333333336,27.71759299894158,27.71759299894158,0.0,104056.95213135684,104056.95213135684,0.0,1385.3571850149328,1385.3571850149328,0.0,39888816.62650722,33204678.176826853,133680558.49636322,136464914.97109273,148507229.46363583,1783970.466377752,1821028.3649878516,1980620.0393995978,120698.53333333335
3.783323166666666,3.8353972110205716,0.013764101574168715,-24839.786583066663,-6734.315236666665,-18105.471346399998,-22631.839182999996,-6565.6,-1780.0,-4785.6,-5982.0,0.6165104166666666,4238.25,4238.25,583.6000000000004,27.71759299894158,27.71759299894158,0.0,103936.84256169476,103936.84256169476,0.0,1383.7647067604646,1383.7647067604646,0.0,39888816.62650722,33204678.176826853,133680558.49636322,136464914.97109273,148507229.46363583,1783970.466377752,1821028.3649878516,1980620.0393995978,120698.53333333335
-7.906997666666666,-7.910610939955796,0.0004569715891484467,39826.49298064444,14074.455846666666,25752.037133977778,32190.046417472222,-5036.866666666667,-1780.0,-3256.866666666667,-4071.0833333333335,0.7045833333333333,4385.0,4385.0,965.7833333333333,27.71759299894158,27.71759299894158,17.60037407675032,108004.39933428945,108004.39933428945,4481.959393005657,1437.6945953396655,1437.6945953396655,60.64741728764757,39888816.62650722,33204678.176826853,133680558.49636322,136464914.97109273,148507229.46363583,1783970.466377752,1821028.3649878516,1980620.0393995978,120698.53333333335
-1.05180475,-1.0495184953462642,-0.0021736492954000713,3332.187568316667,1872.212455,1459.9751133166667,1824.9688916458333,-3168.0666666666666,-1780.0,-1388.0666666666666,-1735.0833333333333,0.7926562500000001,4799.166666666667,4799.166666666667,1432.9833333333333,28.01740671434946,28.01740671434946,26.87347372209153,119523.95718804095,119523.95718804095,71709.58069352462,1591.2120439215205,1591.2120439215205,957.6340804368349,39888816.62650722,33204678.176826853,133680558.49636322,136464914.97109273,148507229.46363583,1783970.466377752,1821028.3649878516,1980620.0393995978,120698.53333333335
33.57556875,33.695246589585025,0.003564432235716621,91553.86086750001,63793.580625,27760.280242500005,34700.350303125,2726.8,1900.0,826.8000000000001,1033.5,0.6884895833333334,3701.783333333333,5395.083333333333,0.0,27.41972944024914,28.01740671434946,28.25837873121386,89135.0352518908,136219.99680590036,165259.2246731064,1187.2815392575499,1814.7326911156676,2205.984979347954,39888816.62650722,33204678.176826853,133680558.49636322,136464914.97109273,148507229.46363583,1783970.466377752,1821028.3649878516,1980620.0393995978,120698.53333333335
37.54165991666667,39.048576632328604,0.04013985313933719,282060.5020632278,71329.15384166667,210731.34822156111,263414.1852769514,7513.266666666666,1900.0,5613.266666666666,7016.583333333333,0.5843229166666668,5072.4,5569.083333333333,0.0,28.01740671434946,28.0976733589821,29.89577970970236,127179.24661595834,141104.66426044013,342498.3223348384,1693.6983392676495,1880.4317940975768,4558.739265459095,39888816.62650722,33204678.176826853,133680558.49636322,136464914.97109273,148507229.46363583,1783970.466377752,1821028.3649878516,1980620.0393995978,120698.53333333335
34.95904841666666,34.36542211473354,-0.0169806195768793,255326.90601596664,66422.19199166665,188904.7140243,236130.89253037496,7303.6,1900.0,5403.6,6754.5,0.4801562500000001,5062.65,5611.75,0.0,28.01740671434946,28.0976733589821,29.38437869246251,126906.07690049344,142303.4983237567,335966.30799561995,1690.0412401595925,1896.5896959943896,4471.037811168228,39888816.62650722,33204678.176826853,133680558.49636322,136464914.97109273,148507229.46363583,1783970.466377752,1821028.3649878516,1980620.0393995978,120698.53333333335
33.33545625,33.17863023341801,-0.0047044808808336365,228345.65294875004,63337.366875,165008.28607375003,206260.3575921875,6849.933333333334,1900.0,4949.933333333334,6187.416666666667,0.37598958333333343,4862.233333333333,5524.75,0.0,28.01740671434946,28.0976733589821,29.20072509152424,121290.92163815923,139859.00074152526,316774.87920225516,1614.8675362717552,1863.6427241579202,4216.268058215284,39888816.62650722,33204678.176826853,133680558.49636322,136464914.97109273,148507229.46363583,1783970.466377752,1821028.3649878516,1980620.0393995978,120698.53333333335
30.378249333333333,31.03316456660466,0.021558689116186257,189839.75573386665,57718.67373333333,132121.08200053332,165151.35250066666,6249.2,1900.0,4349.2,5436.5,0.27182291666666675,4533.55,5346.25,0.0,27.71759299894158,28.01740671434946,29.04858081779068,112121.84777428223,134851.81344468295,289690.9032270172,1492.285974886107,1796.415938318049,3860.967268053182,39888816.62650722,33204678.176826853,133680558.49636322,136464914.97109273,148507229.46363583,1783970.466377752,1821028.3649878516,1980620.0393995978,120698.53333333335
20.182038833333333,20.31093549370862,0.006386701633057974,13826.042070088894,-35924.029123333334,49750.07119342223,62187.58899177778,685.0666666666671,-1780.0,2465.066666666667,3081.3333333333335,0.3598958333333334,7856.016666666666,5459.75,0.0,28.45196742055357,28.0976733589821,28.53095294745815,205691.87920632478,138032.65197319144,225225.43544120606,2750.8504649120114,1839.0271704869947,3008.883169277925,39888816.62650722,33204678.176826853,133680558.49636322,136464914.97109273,148507229.46363583,1783970.466377752,1821028.3649878516,1980620.0393995978,120698.53333333335
20.733741416666668,20.516426307027228,-0.0104812298596891,-5153.02586675555,-36906.059721666665,31753.033854911115,39691.29231863889,-248.5333333333333,-1780.0,1531.4666666666667,1914.3333333333333,0.4479687500000001,7232.783333333334,5069.916666666667,0.0,28.35730167798622,28.01740671434946,28.25837873121386,188005.13968305584,127109.67005595106,180961.46378808422,2513.6593281565356,1692.766872999102,2419.241650578732,39888816.62650722,33204678.176826853,133680558.49636322,136464914.97109273,148507229.46363583,1783970.466377752,1821028.3649878516,1980620.0393995978,120698.53333333335
28.211164333333333,27.851940074562492,-0.012733407757523615,79758.6038032,53601.21223333333,26157.391569866668,32696.73946233333,2827.2,1900.0,927.2,1159.0,0.3438020833333334,3811.55,5479.75,0.0,27.41972944024914,28.0976733589821,28.25837873121386,92144.80755344883,138594.6054403711,171198.19393644982,1227.1867439394339,1846.6011870011255,2286.643846301167,39888816.62650722,33204678.176826853,133680558.49636322,136464914.97109273,148507229.46363583,1783970.466377752,1821028.3649878516,1980620.0393995978,120698.53333333335
26.42739666666667,26.74060630096117,0.011851702165183695,62652.3101908889,50212.053666666674,12440.256524222224,15550.32065527778,2370.7333333333336,1900.0,470.73333333333335,588.4166666666666,0.2396354166666667,3495.516666666666,5277.833333333333,0.0,27.41972944024914,28.01740671434946,28.0976733589821,83479.25905934874,132934.95586864286,149454.35619361766,1112.2941701195307,1770.7537300469828,1992.9690561367051,39888816.62650722,33204678.176826853,133680558.49636322,136464914.97109273,148507229.46363583,1783970.466377752,1821028.3649878516,1980620.0393995978,120698.53333333335
27.861975499999996,28.04683644235568,0.006634882812085091,51282.75210529999,52937.75344999999,-1655.0013447,-2068.7516808749997,1840.6,1900.0,-59.400000000000006,-74.25,0.13546875000000003,3313.483333333333,5228.333333333333,0.0,27.41972944024914,28.01740671434946,28.01740671434946,78487.95431024207,131548.09423628257,129467.80178774212,1046.116726217992,1752.1869191906935,1724.33670290626,39888816.62650722,33204678.176826853,133680558.49636322,136464914.97109273,148507229.46363583,1783970.466377752,1821028.3649878516,1980620.0393995978,120698.53333333335
25.01751775,25.517445901282535,0.01998312367670993,37776.86876112917,40236.9246732125,-2460.0559120833336,-3075.069890104167,1510.0166666666669,1608.3500000000001,-98.33333333333334,-122.91666666666667,0.047291666666666676,3492.9833333333336,5125.916666666667,0.0,27.41972944024914,28.01740671434946,28.01740671434946,83409.7957447668,128678.64483195463,125234.8385899825,1111.3731875638605,1713.771749927429,1667.6672953600441,39888816.62650722,33204678.176826853,133680558.49636322,136464914.97109273,148507229.46363583,1783970.466377752,1821028.3649878516,1980620.0393995978,120698.53333333335
20.361562,20.71670728970803,0.017441947219375014,-38234.941123599994,-36243.58035999999,-1991.3607636000002,-2489.2009545,-1877.7999999999997,-1779.9999999999998,-97.80000000000001,-122.25,0.13536458333333334,6595.716666666667,4840.166666666667,0.0,28.25837873121386,28.01740671434946,28.01740671434946,169982.14170504996,120672.67086332927,117247.54289250005,2270.128287659359,1606.59061452976,1560.736218021046,39888816.62650722,33204678.176826853,133680558.49636322,136464914.97109273,148507229.46363583,1783970.466377752,1821028.3649878516,1980620.0393995978,120698.53333333335
23.144520916666668,23.652269453411343,0.021938174420324103,-27071.37463219444,-41197.24723166667,14125.872599472224,17657.340749340277,-1169.6666666666665,-1780.0,610.3333333333334,762.9166666666666,0.2234375,6919.833333333333,4987.25,0.0,28.25837873121386,28.01740671434946,28.0976733589821,179141.15322481518,124793.56443423149,146192.68461119581,2394.5194839828423,1661.7596737239523,1949.008201952604,39888816.62650722,33204678.176826853,133680558.49636322,136464914.97109273,148507229.46363583,1783970.466377752,1821028.3649878516,1980620.0393995978,120698.53333333335
28.400329333333335,28.56710401547225,0.00587227986624696,104229.20865333333,53960.625733333334,50268.58292,62835.728650000005,3670.0,1900.0,1770.0,2212.5,0.11927083333333334,3846.666666666667,5304.166666666667,0.0,27.41972944024914,28.01740671434946,28.35730167798622,93107.69705229226,133672.7475787874,196055.30500774147,1239.953258707841,1780.6310233644701,2621.3281274117253,39888816.62650722,33204678.176826853,133680558.49636322,136464914.97109273,148507229.46363583,1783970.466377752,1821028.3649878516,1980620.0393995978,120698.53333333335
21.187627499999998,21.066125064290233,-0.00573459372502963,-25923.768500499995,-37713.97695,11790.2084495,14737.760561874999,-1223.5333333333333,-1780.0,556.4666666666667,695.5833333333334,0.20734375,6864.533333333334,5089.416666666667,144.0,28.25837873121386,28.01740671434946,28.0976733589821,177578.4648809791,127656.00948688087,147171.42023320036,2373.296159593409,1700.0810712152158,1962.1996140480483,39888816.62650722,33204678.176826853,133680558.49636322,136464914.97109273,148507229.46363583,1783970.466377752,1821028.3649878516,1980620.0393995978,120698.53333333335
6.5197044166666664,6.353228644813765,-0.02553425143436427,-25949.29287225555,-11605.073861666666,-14344.219010588888,-17930.27376323611,-3980.133333333333,-1780.0,-2200.133333333333,-2750.1666666666665,0.29541666666666666,3155.583333333333,3155.583333333333,1229.9666666666667,26.87347372209153,26.87347372209153,19.70060319106663,74168.50353909597,74168.50353909597,6168.451864394123,989.061828307121,989.061828307121,83.29916573743016,39888816.62650722,33204678.176826853,133680558.49636322,136464914.97109273,148507229.46363583,1783970.466377752,1821028.3649878516,1980620.0393995978,120698.53333333335
3.0503889166666665,2.971549275767565,-0.025845766901505213,-17751.63662091111,-5429.692271666666,-12321.944349244444,-15402.430436555553,-5819.466666666667,-1780.0,-4039.4666666666667,-5049.333333333333,0.38348958333333333,2595.333333333333,2595.333333333333,770.1333333333341,26.87347372209153,26.87347372209153,0.0,59112.63988629419,59112.63988629419,0.0,796.631273724302,796.631273724302,0.0,39888816.62650722,33204678.176826853,133680558.49636322,136464914.97109273,148507229.46363583,1783970.466377752,1821028.3649878516,1980620.0393995978,120698.53333333335
3.098598916666667,3.0948654998060836,-0.0012048725766029627,-19736.629086338893,-5515.506071666668,-14221.123014672225,-17776.403768340282,-6369.533333333334,-1780.0,-4589.533333333334,-5736.916666666667,0.4715625,2316.0,2316.0,632.6166666666668,26.06783176638855,26.06783176638855,0.0,51749.189683860604,51749.189683860604,0.0,697.9960046701889,697.9960046701889,0.0,39888816.62650722,33204678.176826853,133680558.49636322,136464914.97109273,148507229.46363583,1783970.466377752,1821028.3649878516,1980620.0393995978,120698.53333333335
1.916377916666667,1.8944801573043044,-0.011426639376251744,-13528.35050638889,-3411.152691666664,-10117.197814722225,-12646.49726840278,-7059.333333333332,-1779.9999999999982,-5279.333333333334,-6599.166666666667,0.5596354166666666,2325.333333333333,2325.333333333333,460.16666666666515,26.06783176638855,26.06783176638855,0.0,51992.489447013555,51992.489447013555,0.0,701.2940481860043,701.2940481860043,0.0,39888816.62650722,33204678.176826853,133680558.49636322,136464914.97109273,148507229.46363583,1783970.466377752,1821028.3649878516,1980620.0393995978,120698.53333333335
2.403678666666667,2.4699430657118464,0.027567910787789588,-16809.726142222225,-4278.548026666667,-12531.178115555558,-15663.972644444448,-6993.333333333334,-1780.0,-5213.333333333334,-6516.666666666667,0.6477083333333333,2319.25,2319.25,476.66666666666697,26.06783176638855,26.06783176638855,0.0,51833.91013710137,51833.91013710137,0.0,699.1444305373032,699.1444305373032,0.0,39888816.62650722,33204678.176826853,133680558.49636322,136464914.97109273,148507229.46363583,1783970.466377752,1821028.3649878516,1980620.0393995978,120698.53333333335
0.7643978333333332,0.7974694192102033,0.04326488699301234,-4958.546825122222,-1360.6281433333331,-3597.9186817888885,-4497.39835223611,-6486.866666666667,-1780.0,-4706.866666666667,-5883.583333333333,0.73578125,2309.166666666667,2309.166666666667,603.2833333333338,26.06783176638855,26.06783176638855,0.0,51571.05950012362,51571.05950012362,0.0,695.5813656675384,695.5813656675384,0.0,39888816.62650722,33204678.176826853,133680558.49636322,136464914.97109273,148507229.46363583,1783970.466377752,1821028.3649878516,1980620.0393995978,120698.53333333335
-0.7291280000000001,-0.7259115115746347,-0.004411418057412985,3757.5854522666677,1297.8478400000001,2459.7376122666674,3074.672015333334,-5153.533333333334,-1780.0,-3373.5333333333338,-4216.916666666667,0.8238541666666668,2351.0,2351.0,936.6166666666668,26.06783176638855,26.06783176638855,0.0,52661.563795684204,52661.563795684204,0.0,710.3636678544968,710.3636678544968,0.0,39888816.62650722,33204678.176826853,133680558.49636322,136464914.97109273,148507229.46363583,1783970.466377752,1821028.3649878516,1980620.0393995978,120698.53333333335
0.10779491666666667,0.10771516328895915,-0.000739862139827414,-443.9928890944445,-191.87495166666668,-252.1179374277778,-315.14742178472227,-4118.866666666667,-1780.0,-2338.866666666667,-2923.5833333333335,0.9119270833333335,2587.0,2587.0,1195.2833333333333,26.87347372209153,26.87347372209153,0.0,58888.69427194344,58888.69427194344,0.0,793.7690016049681,793.7690016049681,0.0,39888816.62650722,33204678.176826853,133680558.49636322,136464914.97109273,148507229.46363583,1783970.466377752,1821028.3649878516,1980620.0393995978,120698.53333333335
-0.0421355833333333,-0.04153249474509591,-0.014313047085793958,117.1818662888888,75.00133833333328,42.18052795555552,52.7256599444444,-2781.0666666666666,-1780.0,-1001.0666666666666,-1251.3333333333333,1.0,3278.166666666667,3278.166666666667,1529.7333333333336,27.41972944024914,27.41972944024914,26.06783176638855,77519.58086551062,77519.58086551062,44211.24166474659,1033.2775023004533,1033.2775023004533,595.8155493141207,39888816.62650722,33204678.176826853,133680558.49636322,136464914.97109273,148507229.46363583,1783970.466377752,1821028.3649878516,1980620.0393995978,120698.53333333335
32.877692499999995,32.5216388146617,-0.010829643392348747,35321.60097583333,0.0,35321.60097583333,44152.001219791666,1074.3333333333335,0.0,1074.3333333333335,1342.9166666666667,1.0,4906.25,4851.666666666667,214.0,28.01740671434946,28.01740671434946,28.0976733589821,122524.15449036918,120994.87104054428,158679.75894648346,1631.3776195954792,1610.9041160418271,2117.309160577021,39888816.62650722,33204678.176826853,133680558.49636322,136464914.97109273,148507229.46363583,1783970.466377752,1821028.3649878516,1980620.0393995978,120698.53333333335
39.365679,39.1833607988904,-0.004631399882867671,273315.909297,74794.7901,198521.119197,248151.39899625,6943.0,1900.0,5043.0,6303.75,0.8958333333333334,5260.083333333333,5899.333333333333,0.0,28.01740671434946,28.0976733589821,29.38437869246251,132437.64689946317,150383.92088724396,331171.75687229977,1764.095934234879,2005.4977417871632,4407.159524615283,39888816.62650722,33204678.176826853,133680558.49636322,136464914.97109273,148507229.46363583,1783970.466377752,1821028.3649878516,1980620.0393995978,120698.53333333335
34.63311116666667,35.554894695815804,0.026615672057678678,246961.7891072667,65802.91121666667,181158.87789060004,226448.59736325004,7130.8,1900.0,5230.8,6538.5,0.7916666666666667,5417.783333333333,6010.083333333333,0.0,28.01740671434946,28.0976733589821,29.89577970970236,136855.9919383161,153495.73821175125,341389.68717060355,1823.2471680134001,2047.438858234163,4543.6682520410195,39888816.62650722,33204678.176826853,133680558.49636322,136464914.97109273,148507229.46363583,1783970.466377752,1821028.3649878516,1980620.0393995978,120698.53333333335
33.12282308333334,34.751456438492575,0.049169521301423345,153453.62296867225,0.0,153453.62296867225,191817.0287108403,4632.866666666667,0.0,4632.866666666667,5791.083333333333,0.7916666666666667,7173.466666666666,6015.25,0.0,28.35730167798622,28.0976733589821,29.20072509152424,186323.0790718566,153640.90952410598,319524.61414837366,2491.16221921805,2049.3954791669803,4252.335023966061,39888816.62650722,33204678.176826853,133680558.49636322,136464914.97109273,148507229.46363583,1783970.466377752,1821028.3649878516,1980620.0393995978,120698.53333333335
33.82116733333333,34.20701332467102,0.011408417324419502,150091.57639186666,0.0,150091.57639186666,187614.4704898333,4437.8,0.0,4437.8,5547.25,0.7916666666666667,7401.033333333333,6291.583333333333,0.0,28.35730167798622,28.0976733589821,29.20072509152424,192776.25569037697,161405.2332623047,320473.6377138482,2577.471723417566,2154.0431406705557,4264.782914800401,39888816.62650722,33204678.176826853,133680558.49636322,136464914.97109273,148507229.46363583,1783970.466377752,1821028.3649878516,1980620.0393995978,120698.53333333335
35.25709916666666,35.4717253008631,0.00608745867553825,177166.9233125,66988.48841666666,110178.43489583333,137723.04361979166,5025.0,1900.0,3125.0,3906.25,0.6875000000000001,4993.75,6112.5,0.0,28.01740671434946,28.0976733589821,28.77883487405135,124975.67757787477,156373.408258267,267628.1007153399,1664.1977397959902,2086.224134466942,3571.517119640153,39888816.62650722,33204678.176826853,133680558.49636322,136464914.97109273,148507229.46363583,1783970.466377752,1821028.3649878516,1980620.0393995978,120698.53333333335
36.06035141666667,36.42027373449046,0.009981109547851834,154362.34429761115,68514.66769166668,85847.67660594446,107309.59575743056,4280.666666666667,1900.0,2380.666666666667,2975.8333333333335,0.5833333333333335,5067.75,6372.583333333333,0.0,28.01740671434946,28.0976733589821,28.75992700836201,127048.96567473662,163681.14480438226,248347.74919106465,1691.9541843084226,2184.7179075527856,3314.7160983367776,39888816.62650722,33204678.176826853,133680558.49636322,136464914.97109273,148507229.46363583,1783970.466377752,1821028.3649878516,1980620.0393995978,120698.53333333335
37.358870499999995,36.37971083261337,-0.02620956293061976,134392.31014533332,70981.85394999999,63410.456195333325,79263.07024416665,3597.333333333333,1900.0,1697.3333333333333,2121.6666666666665,0.4791666666666668,6037.0,7512.666666666667,0.0,28.0976733589821,28.35730167798622,28.75992700836201,154252.03391966384,195941.87580102953,256570.6916548722,2057.6322221260975,2619.8110422346426,3424.4834593916057,39888816.62650722,33204678.176826853,133680558.49636322,136464914.97109273,148507229.46363583,1783970.466377752,1821028.3649878516,1980620.0393995978,120698.53333333335
35.88128883333333,35.698353823764734,-0.005098339984896311,31247.818401988887,0.0,31247.818401988887,39059.7730024861,870.8666666666667,0.0,870.8666666666667,1088.5833333333333,0.4791666666666668,8101.799999999999,7884.083333333333,0.0,28.53095294745815,28.45196742055357,28.75547126345474,212692.2633272701,206490.4310919283,237541.2098852189,2844.491373330897,2761.6648944099184,3170.46433363736,39888816.62650722,33204678.176826853,133680558.49636322,136464914.97109273,148507229.46363583,1783970.466377752,1821028.3649878516,1980620.0393995978,120698.53333333335
35.67469608333333,36.34016187466912,0.018653719986326308,32648.88727719867,14200.312775970893,18448.574501227777,23060.71812653472,915.183333333335,398.0500000000017,517.1333333333333,646.4166666666666,0.45734375000000005,7900.066666666665,8168.833333333333,0.0,28.45196742055357,28.53095294745815,28.53095294745815,206945.1883712001,214604.78820651473,233047.67170763417,2767.8234679779066,2869.5770736495583,3111.483808323666,39888816.62650722,33204678.176826853,133680558.49636322,136464914.97109273,148507229.46363583,1783970.466377752,1821028.3649878516,1980620.0393995978,120698.53333333335
37.1274285,37.696577417792945,0.015329607807148222,14212.3796298,0.0,14212.3796298,17765.47453725,382.8,0.0,382.8,478.5,0.45734375000000005,8366.2,8270.5,0.0,28.53095294745815,28.53095294745815,28.53095294745815,220235.8472865781,217505.43508950633,231157.49607486508,2943.437059520663,2907.62351122883,3086.6912526879933,39888816.62650722,33204678.176826853,133680558.49636322,136464914.97109273,148507229.46363583,1783970.466377752,1821028.3649878516,1980620.0393995978,120698.53333333335
37.003100249999996,36.63760791447234,-0.009877343602517566,49709.964875850026,28122.35619000003,21587.60868585,26984.510857312496,1343.400000000001,760.0000000000009,583.4,729.25,0.4156770833333333,7458.516666666666,8072.666666666667,0.0,28.35730167798622,28.53095294745815,28.53095294745815,194406.32791516656,211861.0615647342,232667.2590016681,2599.2735016498887,2833.588885972116,3106.4941115919587,39888816.62650722,33204678.176826853,133680558.49636322,136464914.97109273,148507229.46363583,1783970.466377752,1821028.3649878516,1980620.0393995978,120698.53333333335
40.757051583333336,41.225421476445426,0.011491751118317548,104175.023847,77438.39800833334,26736.625838666667,33420.78229833334,2556.0,1900.0,656.0,820.0,0.3115104166666666,6603.5,8339.5,0.0,28.25837873121386,28.53095294745815,28.75992700836201,170202.08608617453,219474.07084288093,242914.5196470683,2273.1154161975946,2933.4451918154177,3242.188378281023,39888816.62650722,33204678.176826853,133680558.49636322,136464914.97109273,148507229.46363583,1783970.466377752,1821028.3649878516,1980620.0393995978,120698.53333333335
43.18168683333334,43.29822757501,0.0026988464375296327,132930.50474773336,82045.20498333334,50885.299764400006,63606.624705500006,3078.4,1900.0,1178.4,1473.0,0.20734374999999994,6907.933333333334,8513.333333333334,0.0,28.25837873121386,28.53095294745815,28.77883487405135,178804.87851791378,224433.7014969141,266695.18681817275,2389.952439493977,2998.498362955058,3559.2805088190144,39888816.62650722,33204678.176826853,133680558.49636322,136464914.97109273,148507229.46363583,1783970.466377752,1821028.3649878516,1980620.0393995978,120698.53333333335
34.8352035,34.00422010756063,-0.02385470182309603,-452.8576455,0.0,-452.8576455,-566.0720568749999,-13.0,0.0,-13.0,-16.25,0.20734374999999994,7028.833333333333,7032.083333333333,0.0,28.35730167798622,28.35730167798622,28.25837873121386,182221.66800583052,182313.82923628396,181853.9575830117,2436.306947690043,2437.5395793964226,2431.362868094698,39888816.62650722,33204678.176826853,133680558.49636322,136464914.97109273,148507229.46363583,1783970.466377752,1821028.3649878516,1980620.0393995978,120698.53333333335
12.439820500000002,12.112883761542708,-0.02628146752256547,-52946.364012100006,-22142.880490000003,-30803.483522100007,-38504.354402625,-4256.200000000001,-1780.0,-2476.2000000000003,-3095.25,0.2954166666666666,3041.0333333333338,2678.083333333333,798.0,26.87347372209153,26.87347372209153,0.0,71090.14712423041,61336.419836797264,0.0,949.7170357547573,825.0536358692877,0.0,39888816.62650722,33204678.176826853,133680558.49636322,136464914.97109273,148507229.46363583,1783970.466377752,1821028.3649878516,1980620.0393995978,120698.53333333335
8.30546325,8.173192180049647,-0.015925790767944682,-50806.73349045,-14783.724585000002,-36023.00890545,-45028.7611318125,-6117.266666666666,-1780.0,-4337.266666666666,-5421.583333333333,0.3834895833333333,1853.666666666667,1853.666666666667,695.6833333333334,26.06783176638855,26.06783176638855,0.0,39697.16213053364,39697.16213053364,0.0,534.6250633689018,534.6250633689018,0.0,39888816.62650722,33204678.176826853,133680558.49636322,136464914.97109273,148507229.46363583,1783970.466377752,1821028.3649878516,1980620.0393995978,120698.53333333335
4.624454916666666,4.624022172652288,-9.357730201204786e-05,-31992.904004483327,-8231.529751666661,-23761.374252816666,-29701.71781602083,-6918.2,-1779.999999999999,-5138.200000000001,-6422.75,0.4715624999999999,1546.333333333333,1546.333333333333,495.4499999999998,24.4408978939451,24.4408978939451,0.0,31958.432313063986,31958.432313063986,0.0,430.6920233798407,430.6920233798407,0.0,39888816.62650722,33204678.176826853,133680558.49636322,136464914.97109273,148507229.46363583,1783970.466377752,1821028.3649878516,1980620.0393995978,120698.53333333335
7.7689717499999995,7.857033951946236,0.011335116767059368,-62449.584583749995,-13828.769714999999,-48620.81486875,-60776.0185859375,-8038.333333333334,-1780.0,-6258.333333333334,-7822.916666666667,0.5596354166666666,1564.166666666667,1564.166666666667,215.41666666666697,24.4408978939451,24.4408978939451,0.0,32394.294992172687,32394.294992172687,0.0,436.65098348470485,436.65098348470485,0.0,39888816.62650722,33204678.176826853,133680558.49636322,136464914.97109273,148507229.46363583,1783970.466377752,1821028.3649878516,1980620.0393995978,120698.53333333335
8.936096916666667,9.085916754291768,0.016765690773303168,-71870.04880177778,-15906.252511666667,-55963.79629011112,-69954.74536263889,-8042.666666666667,-1780.0,-6262.666666666667,-7828.333333333333,0.6477083333333333,1677.416666666667,1677.416666666667,214.33333333333394,24.75429585025212,24.75429585025212,0.0,35193.54763054305,35193.54763054305,0.0,474.0083933787865,474.0083933787865,0.0,39888816.62650722,33204678.176826853,133680558.49636322,136464914.97109273,148507229.46363583,1783970.466377752,1821028.3649878516,1980620.0393995978,120698.53333333335
9.035724833333333,9.269845728478145,0.025910582655320147,-67630.59323253334,-16083.590203333333,-51547.0030292,-64433.7537865,-7484.8,-1780.0,-5704.8,-7131.0,0.73578125,1674.083333333333,1674.083333333333,353.8000000000002,24.75429585025212,24.75429585025212,0.0,35111.03331104219,35111.03331104219,0.0,472.91117778596487,472.91117778596487,0.0,39888816.62650722,33204678.176826853,133680558.49636322,136464914.97109273,148507229.46363583,1783970.466377752,1821028.3649878516,1980620.0393995978,120698.53333333335
8.796373500000001,9.081168187079406,0.03237637500038006,-51584.86632850001,-15657.544830000003,-35927.32149850001,-44909.15187312501,-5864.333333333334,-1780.0,-4084.333333333334,-5105.416666666667,0.8238541666666668,1785.833333333333,1785.833333333333,758.916666666667,26.06783176638855,26.06783176638855,0.0,37928.894209046935,37928.894209046935,0.0,510.6553542450285,510.6553542450285,0.0,39888816.62650722,33204678.176826853,133680558.49636322,136464914.97109273,148507229.46363583,1783970.466377752,1821028.3649878516,1980620.0393995978,120698.53333333335
8.568553833333333,8.673889925827872,0.012293333804446825,-33726.39912492222,-15252.025823333332,-18474.37330158889,-23092.96662698611,-3936.066666666667,-1780.0,-2156.066666666667,-2695.0833333333335,0.9119270833333335,2288.083333333333,2288.083333333333,1240.9833333333336,26.06783176638855,26.06783176638855,0.0,51021.462713715584,51021.462713715584,0.0,688.1313209398479,688.1313209398479,0.0,39888816.62650722,33204678.176826853,133680558.49636322,136464914.97109273,148507229.46363583,1783970.466377752,1821028.3649878516,1980620.0393995978,120698.53333333335
17.676074749999998,17.860542062672128,0.010435988491852765,-42604.05376743326,-31463.413054999928,-11140.640712433335,-13925.800890541666,-2410.266666666663,-1779.9999999999961,-630.2666666666668,-787.8333333333334,1.0,4247.349999999997,3563.916666666667,939.0,27.71759299894158,27.41972944024914,26.87347372209153,104189.07265798505,85354.76855306182,63970.02026156225,1387.1089110948467,1137.1606991226363,858.7139559926547,39888816.62650722,33204678.176826853,133680558.49636322,136464914.97109273,148507229.46363583,1783970.466377752,1821028.3649878516,1980620.0393995978,120698.53333333335
65.36930091666667,64.36902357010078,-0.01530194345876605,285934.03811628895,124201.67174166668,161732.36637462224,202165.4579682778,4374.133333333333,1900.0,2474.133333333333,3092.6666666666665,0.8958333333333334,4686.366666666667,5967.833333333333,0.0,28.01740671434946,28.0976733589821,28.75992700836201,116363.59371066232,152308.61151233426,240067.28687324046,1548.9022203944614,2031.4387483480616,3204.1809096324846,39888816.62650722,33204678.176826853,133680558.49636322,136464914.97109273,148507229.46363583,1783970.466377752,1821028.3649878516,1980620.0393995978,120698.53333333335
60.17324524999999,59.2789275688555,-0.014862380737965619,553625.9486974665,114329.16597499998,439296.78272246657,549120.9784030832,9200.533333333333,1900.0,7300.533333333333,9125.666666666666,0.7916666666666667,6849.716666666666,6924.583333333333,0.0,28.25837873121386,28.25837873121386,31.9837377546645,177159.76990277824,179275.38052378845,448789.5927533529,2367.609741455311,2396.342463925877,5987.772821418246,39888816.62650722,33204678.176826853,133680558.49636322,136464914.97109273,148507229.46363583,1783970.466377752,1821028.3649878516,1980620.0393995978,120698.53333333335
50.131337333333335,51.47557338512954,0.0268142866977219,459193.0237058667,95249.54093333334,363943.4827725334,454929.3534656667,9159.8,1900.0,7259.8,9074.75,0.6875000000000001,7072.200000000001,7157.25,0.0,28.35730167798622,28.35730167798622,33.26397914170879,183451.42965526588,185863.2181629786,454624.8227366822,2452.7546794849127,2485.011703062628,6066.429541854325,39888816.62650722,33204678.176826853,133680558.49636322,136464914.97109273,148507229.46363583,1783970.466377752,1821028.3649878516,1980620.0393995978,120698.53333333335
48.10716608333333,49.44151760207175,0.02773706346424544,304604.95420645,0.0,304604.95420645,380756.1927580625,6331.8,0.0,6331.8,7914.75,0.6875000000000001,8911.033333333333,7328.083333333333,0.0,28.53095294745815,28.35730167798622,31.32332298758161,235780.4614841182,190707.59053296788,423268.92884870234,3147.3285422200715,2549.8038825005247,5642.514692150717,39888816.62650722,33204678.176826853,133680558.49636322,136464914.97109273,148507229.46363583,1783970.466377752,1821028.3649878516,1980620.0393995978,120698.53333333335
52.55930416666667,53.405260365639485,0.016095270140758768,334900.8782427778,99862.67791666667,235038.20032611114,293797.7504076389,6371.866666666667,1900.0,4471.866666666667,5589.833333333333,0.5833333333333335,7215.549999999999,7997.583333333333,0.0,28.35730167798622,28.45196742055357,29.92816708722221,187516.44885080517,209719.72939416114,372461.2665726774,2507.123219518605,2805.397830799911,4966.770085877663,39888816.62650722,33204678.176826853,133680558.49636322,136464914.97109273,148507229.46363583,1783970.466377752,1821028.3649878516,1980620.0393995978,120698.53333333335
54.67946575,54.15876976551283,-0.009522697000512812,247741.7234201,103890.984925,143850.7384951,179813.42311887498,4530.8,1900.0,2630.8,3288.5,0.4791666666666668,7065.2,8307.5,0.0,28.35730167798622,28.53095294745815,29.20072509152424,183252.92854351996,218561.08034856227,313382.7283041231,2450.099780425018,2921.469919659319,4171.7748278997215,39888816.62650722,33204678.176826853,133680558.49636322,136464914.97109273,148507229.46363583,1783970.466377752,1821028.3649878516,1980620.0393995978,120698.53333333335
54.104886416666666,54.452050040530516,0.0064164929797710085,154469.4507195833,102799.28419166667,51670.16652791666,64587.70815989583,2855.0,1900.0,955.0,1193.75,0.3750000000000001,7235.5,8896.75,0.0,28.35730167798622,28.53095294745815,28.77883487405135,188082.17701928102,235372.944372852,269692.98211755307,2514.689681839304,3141.98332959623,3598.6012376787144,39888816.62650722,33204678.176826853,133680558.49636322,136464914.97109273,148507229.46363583,1783970.466377752,1821028.3649878516,1980620.0393995978,120698.53333333335
49.1190225,48.412139133770104,-0.014391234398646622,25911.9216695,0.0,25911.9216695,32389.902086874998,527.5333333333333,0.0,527.5333333333333,659.4166666666666,0.3750000000000001,9123.716666666667,8991.833333333334,0.0,28.75992700836201,28.75992700836201,28.75992700836201,241885.39359228575,238092.4385519996,257057.21375343032,3228.4506619193376,3177.8188270008386,3430.978001593334,39888816.62650722,33204678.176826853,133680558.49636322,136464914.97109273,148507229.46363583,1783970.466377752,1821028.3649878516,1980620.0393995978,120698.53333333335
48.85151891666666,48.69830419540347,-0.003136334850192689,22771.32135102222,0.0,22771.32135102222,28464.151688777773,466.1333333333333,0.0,466.1333333333333,582.6666666666666,0.3750000000000001,9262.949999999999,9146.416666666666,0.0,28.75992700836201,28.75992700836201,28.75992700836201,245889.7340960833,242538.24393537553,259295.69473891443,3281.9042634496213,3237.1655057407697,3460.8592942850296,39888816.62650722,33204678.176826853,133680558.49636322,136464914.97109273,148507229.46363583,1783970.466377752,1821028.3649878516,1980620.0393995978,120698.53333333335
47.31428891666667,48.654807635790156,0.02833221738753181,24842.367395695877,18833.45270327921,6008.914692416667,7511.143365520834,525.0500000000009,398.05000000000086,127.0,158.75,0.3531770833333334,8651.533333333333,9017.833333333334,0.0,28.53095294745815,28.75992700836201,28.75992700836201,228376.67919425276,238840.19665421703,243405.8350667945,3050.2165695792087,3187.800586443889,3248.746906120207,39888816.62650722,33204678.176826853,133680558.49636322,136464914.97109273,148507229.46363583,1783970.466377752,1821028.3649878516,1980620.0393995978,120698.53333333335
47.44200116666667,47.52978307548141,0.0018502994531440712,-4715.734915966667,0.0,-4715.734915966667,-5894.668644958334,-99.4,0.0,-99.4,-124.25,0.3531770833333334,9203.9,9228.75,0.0,28.75992700836201,28.75992700836201,28.75992700836201,244191.46040623955,244906.14459239735,241332.72366160838,3259.2341520991554,3268.774410643763,3221.0731179207237,39888816.62650722,33204678.176826853,133680558.49636322,136464914.97109273,148507229.46363583,1783970.466377752,1821028.3649878516,1980620.0393995978,120698.53333333335
48.45170716666667,49.52813295658564,0.02221646775450487,69783.37877524445,92058.24361666667,-22274.864841422226,-27843.58105177778,1440.2666666666667,1900.0,-459.73333333333335,-574.6666666666666,0.24901041666666673,7864.483333333333,9879.416666666666,0.0,28.45196742055357,28.75992700836201,28.75992700836201,205932.77253048544,263619.2704325049,247091.89904503286,2754.1127749980783,3518.5743392698473,3297.9518613234495,39888816.62650722,33204678.176826853,133680558.49636322,136464914.97109273,148507229.46363583,1783970.466377752,1821028.3649878516,1980620.0393995978,120698.53333333335
53.99355016666666,54.35351656121388,0.006666840639966828,113469.24546025554,102587.74531666665,10881.500143588886,13601.87517948611,2101.5333333333333,1900.0,201.53333333333333,251.91666666666666,0.14484375000000005,8476.633333333333,10326.25,0.0,28.53095294745815,28.77883487405135,29.04858081779068,223386.61552374237,276477.5924391107,283748.0477347108,2984.764222701032,3687.5919112339884,3783.0176068697792,39888816.62650722,33204678.176826853,133680558.49636322,136464914.97109273,148507229.46363583,1783970.466377752,1821028.3649878516,1980620.0393995978,120698.53333333335
57.12831133333333,57.07944196359569,-0.0008554317219791937,155743.20235693333,108543.79153333332,47199.410823599996,58999.26352949999,2726.2,1900.0,826.2,1032.75,0.04067708333333338,9725.96666666667,11419.41666666667,0.0,28.75992700836201,29.20072509152424,29.85760445682451,259206.05963307188,308226.3669317115,338508.0692366144,3459.6627628646147,4104.141287699811,4504.7639691268005,39888816.62650722,33204678.176826853,133680558.49636322,136464914.97109273,148507229.46363583,1783970.466377752,1821028.3649878516,1980620.0393995978,120698.53333333335
47.572316583333325,47.526372241142724,-0.000965778954870153,29793.753523568732,35296.28480837429,-5502.5312848055555,-6878.164106006944,626.2834283333343,741.950095000001,-115.66666666666669,-144.58333333333334,0.0,10863.466571666662,11634.33333333333,0.0,29.04858081779068,29.20072509152424,29.20072509152424,292035.6050824112,314502.08943263144,310280.1512631485,3891.721627710871,4186.4569555504795,4131.079800172071,39888816.62650722,33204678.176826853,133680558.49636322,136464914.97109273,148507229.46363583,1783970.466377752,1821028.3649878516,1980620.0393995978,120698.53333333335
22.421878583333335,22.85264524031327,0.01921188964514913,-104130.19372481112,-39910.94387833334,-64219.24984647778,-80274.06230809723,-4644.133333333333,-1780.0,-2864.133333333333,-3580.1666666666665,0.08807291666666667,8535.633333333333,7592.666666666667,121.0,28.53095294745815,28.35730167798622,27.71759299894158,225069.94174764238,198210.45993526845,97679.59594218372,3006.8436307388392,2650.152745776292,1300.8027146190368,39888816.62650722,33204678.176826853,133680558.49636322,136464914.97109273,148507229.46363583,1783970.466377752,1821028.3649878516,1980620.0393995978,120698.53333333335
16.989252416666666,17.29094811217175,0.01775803243756145,-108845.60976627222,-30240.869301666666,-78604.74046460555,-98255.92558075694,-6406.733333333334,-1780.0,-4626.733333333334,-5783.416666666667,0.17614583333333333,5606.9,5316.583333333333,333.0,28.0976733589821,28.01740671434946,0.0,142167.22460796565,134020.6303788239,0.0,1894.7529969897125,1785.288354707209,0.0,39888816.62650722,33204678.176826853,133680558.49636322,136464914.97109273,148507229.46363583,1783970.466377752,1821028.3649878516,1980620.0393995978,120698.53333333335
14.119855999999999,14.42893141525268,0.02188941694962629,-105183.51396266668,-25133.343679999998,-80050.17028266667,-100062.71285333333,-7449.333333333334,-1780.0,-5669.333333333334,-7086.666666666667,0.26421875,4851.916666666667,4851.916666666667,362.66666666666697,28.01740671434946,28.01740671434946,0.0,121001.87539222288,121001.87539222288,0.0,1610.9978878138286,1610.9978878138286,0.0,39888816.62650722,33204678.176826853,133680558.49636322,136464914.97109273,148507229.46363583,1783970.466377752,1821028.3649878516,1980620.0393995978,120698.53333333335
19.23097908333333,19.529794942869557,0.015538255137264183,-160876.11448898888,-34231.14276833333,-126644.97172065555,-158306.21465081943,-8365.466666666667,-1780.0,-6585.466666666667,-8231.833333333334,0.35229166666666667,4221.583333333333,4221.583333333333,133.6333333333332,27.71759299894158,27.71759299894158,0.0,103474.88267837907,103474.88267837907,0.0,1377.6397903971256,1377.6397903971256,0.0,39888816.62650722,33204678.176826853,133680558.49636322,136464914.97109273,148507229.46363583,1783970.466377752,1821028.3649878516,1980620.0393995978,120698.53333333335
19.89386308333333,20.73109911246088,0.04208514081053323,-153750.38396831107,-35411.07628833332,-118339.30767997776,-147924.1345999722,-7728.533333333334,-1780.0,-5948.533333333334,-7435.666666666667,0.44036458333333334,4209.5,4209.5,292.8666666666668,27.71759299894158,27.71759299894158,0.0,103139.9617629752,103139.9617629752,0.0,1373.1992260337047,1373.1992260337047,0.0,39888816.62650722,33204678.176826853,133680558.49636322,136464914.97109273,148507229.46363583,1783970.466377752,1821028.3649878516,1980620.0393995978,120698.53333333335
17.89188975,18.03593533460408,0.008050887112362142,-116349.7662516,-31847.563755000003,-84502.2024966,-105627.75312075001,-6502.933333333333,-1780.0,-4722.933333333333,-5903.666666666667,0.5284375,4516.266666666666,4366.0,449.0,27.71759299894158,27.71759299894158,0.0,111642.79537528384,107477.76506730955,0.0,1485.934436617324,1430.7121906854588,0.0,39888816.62650722,33204678.176826853,133680558.49636322,136464914.97109273,148507229.46363583,1783970.466377752,1821028.3649878516,1980620.0393995978,120698.53333333335
18.231422,18.17699333888653,-0.0029854314772303145,-98070.46522239996,-32451.931159999964,-65618.5340624,-82023.167578,-5379.199999999999,-1779.9999999999982,-3599.2000000000003,-4499.0,0.6165104166666666,4940.866666666666,4593.666666666667,533.0,28.01740671434946,27.71759299894158,16.04523005992051,123494.02371946422,113788.13707340193,813.3859876460565,1644.3618842919477,1514.378548208671,10.820624249810816,39888816.62650722,33204678.176826853,133680558.49636322,136464914.97109273,148507229.46363583,1783970.466377752,1821028.3649878516,1980620.0393995978,120698.53333333335
13.35427933333333,13.44254051834806,0.006609206143713385,-52206.329340444434,-23770.617213333328,-28435.712127111106,-35544.64015888888,-3909.3333333333335,-1780.0,-2129.3333333333335,-2661.6666666666665,0.7045833333333333,5856.333333333334,5123.666666666667,515.0,28.0976733589821,28.01740671434946,26.44303420930038,149175.72093280777,128615.60566684735,55564.060460138935,1989.2136062817822,1712.9278039794158,749.6920529953616,39888816.62650722,33204678.176826853,133680558.49636322,136464914.97109273,148507229.46363583,1783970.466377752,1821028.3649878516,1980620.0393995978,120698.53333333335
22.153787583333337,21.85193288421866,-0.013625421746923605,-55607.4837533389,-39433.74189833334,-16173.741855005559,-20217.17731875695,-2510.0666666666666,-1780.0,-730.0666666666667,-912.5833333333334,0.7926562500000001,7505.483333333334,6110.0,202.0,28.35730167798622,28.0976733589821,28.01740671434946,195738.17585064267,156303.16407486954,130681.88941203062,2617.086610104132,2085.2773824026754,1740.5904767198465,39888816.62650722,33204678.176826853,133680558.49636322,136464914.97109273,148507229.46363583,1783970.466377752,1821028.3649878516,1980620.0393995978,120698.53333333335
68.48211966666666,69.66109497155223,0.017215812107221187,344935.3058117111,130116.02736666666,214819.27844504445,268524.09805630555,5036.866666666667,1900.0,3136.866666666667,3921.0833333333335,0.6884895833333334,7812.133333333333,8927.916666666666,0.0,28.45196742055357,28.53095294745815,29.89577970970236,204443.3120360195,236262.15907304778,350370.87765839335,2733.9416805485976,3153.6467457065964,4665.76039445037,39888816.62650722,33204678.176826853,133680558.49636322,136464914.97109273,148507229.46363583,1783970.466377752,1821028.3649878516,1980620.0393995978,120698.53333333335
53.573199249999995,53.21065169567475,-0.006767330669079705,503945.22761166666,101789.07857499999,402156.14903666667,502695.1862958333,9406.666666666668,1900.0,7506.666666666668,9383.333333333334,0.5843229166666668,10041.083333333336,10064.41666666667,0.0,28.77883487405135,28.77883487405135,43.67068782756588,268270.82802752714,268942.3341745883,578883.8529432324,3579.9474839076734,3588.755327172247,7721.689949753368,39888816.62650722,33204678.176826853,133680558.49636322,136464914.97109273,148507229.46363583,1783970.466377752,1821028.3649878516,1980620.0393995978,120698.53333333335
51.35963325,50.310646880557385,-0.0204243352816896,472286.0674892501,97583.30317500001,374702.7643142501,468378.45539281255,9195.666666666668,1900.0,7295.666666666668,9119.583333333334,0.4801562500000001,10069.583333333336,10145.66666666667,0.0,28.77883487405135,28.77883487405135,42.84094021300735,269091.0248214376,271280.61450810503,570956.9333033758,3590.7056353236876,3619.425495682813,7614.961205562757,39888816.62650722,33204678.176826853,133680558.49636322,136464914.97109273,148507229.46363583,1783970.466377752,1821028.3649878516,1980620.0393995978,120698.53333333335
50.25155241666667,51.02641500484567,0.015419674635205894,385228.40082616673,95477.94959166668,289750.45123450004,362188.064043125,7666.0,1900.0,5766.0,7207.5,0.37598958333333343,9881.58333333333,10340.08333333333,0.0,28.75992700836201,28.77883487405135,38.00224983346205,263681.5836076896,276875.69965486834,501029.4495664476,3519.4061525567677,3692.8137040265556,6684.34149521482,39888816.62650722,33204678.176826853,133680558.49636322,136464914.97109273,148507229.46363583,1783970.466377752,1821028.3649878516,1980620.0393995978,120698.53333333335
56.48783716666667,55.74273485130188,-0.013190491134691056,349689.83890815557,107326.89061666667,242362.94829148892,302953.68536436115,6190.533333333334,1900.0,4290.533333333334,5363.166666666667,0.27182291666666675,9830.050000000003,10657.41666666667,0.0,28.75992700836201,29.04858081779068,31.9837377546645,262199.4887025255,286050.14776452084,447840.7418666312,3499.621793455544,3813.2131782691354,5975.18019166178,39888816.62650722,33204678.176826853,133680558.49636322,136464914.97109273,148507229.46363583,1783970.466377752,1821028.3649878516,1980620.0393995978,120698.53333333335
52.894269666666666,55.07918120445768,0.04130715012344573,199023.50533244445,100499.11236666667,98524.39296577779,123155.49120722224,3762.666666666667,1900.0,1862.666666666667,2328.3333333333335,0.16765625000000006,9528.749999999996,10963.08333333333,0.0,28.75992700836201,29.04858081779068,29.92816708722221,253534.12269490585,294929.33063449204,363602.5291148596,3383.9485580635755,3929.677274896718,4845.885166732555,39888816.62650722,33204678.176826853,133680558.49636322,136464914.97109273,148507229.46363583,1783970.466377752,1821028.3649878516,1980620.0393995978,120698.53333333335
51.78030558333333,52.75970388534028,0.018914494439024487,134169.6758071611,98382.58060833333,35787.095198827774,44733.868998534716,2591.133333333333,1900.0,691.1333333333333,863.9166666666666,0.06348958333333339,9235.700000000003,10962.91666666667,0.0,28.75992700836201,29.04858081779068,29.20072509152424,245106.02608510555,294924.48920435586,320123.22901275,3271.4426117256567,3929.613772117752,4260.186770492339,39888816.62650722,33204678.176826853,133680558.49636322,136464914.97109273,148507229.46363583,1783970.466377752,1821028.3649878516,1980620.0393995978,120698.53333333335
48.01379966666667,47.98905810956546,-0.0005153009608274607,63508.65761040547,55602.38526529436,7906.272345111112,9882.84043138889,1322.716761666668,1158.0500950000012,164.66666666666669,205.83333333333334,0.0,9750.866571666666,10867.75,0.0,28.75992700836201,29.04858081779068,29.04858081779068,259922.17908338687,292160.0325965294,298139.198814858,3469.222180628644,3893.353685326938,3971.779617352602,39888816.62650722,33204678.176826853,133680558.49636322,136464914.97109273,148507229.46363583,1783970.466377752,1821028.3649878516,1980620.0393995978,120698.53333333335
43.54179741666666,44.73971248340792,0.027511842363281216,-3259.8292332611104,0.0,-3259.8292332611104,-4074.786541576388,-74.86666666666666,0.0,-74.86666666666666,-93.58333333333333,0.0,10400.700000000003,10419.41666666667,0.0,28.77883487405135,28.77883487405135,28.77883487405135,278620.1766954839,279158.8205548766,276465.6012579132,3715.6952225645946,3722.760371126106,3687.4346283185505,39888816.62650722,33204678.176826853,133680558.49636322,136464914.97109273,148507229.46363583,1783970.466377752,1821028.3649878516,1980620.0393995978,120698.53333333335
45.08628933333333,45.538378062009905,0.010027188650061107,-22666.380524177777,0.0,-22666.380524177777,-28332.97565522222,-502.73333333333335,0.0,-502.73333333333335,-628.4166666666666,0.0,10119.983333333337,10245.66666666667,0.0,28.77883487405135,28.77883487405135,28.75992700836201,270541.4780990898,274158.4979955102,256079.3762351461,3609.7305767751654,3657.1733953881253,3417.924931552423,39888816.62650722,33204678.176826853,133680558.49636322,136464914.97109273,148507229.46363583,1783970.466377752,1821028.3649878516,1980620.0393995978,120698.53333333335
44.659920666666665,45.150135907648675,0.010976625879855153,-34962.76322591111,0.0,-34962.76322591111,-43703.45403238889,-782.8666666666668,0.0,-782.8666666666668,-978.5833333333334,0.0,10046.866666666663,10242.58333333333,0.0,28.77883487405135,28.77883487405135,28.75992700836201,268437.2656225485,274069.7632546483,245919.93201944203,3582.1305707739616,3656.009501813876,3282.30737296559,39888816.62650722,33204678.176826853,133680558.49636322,136464914.97109273,148507229.46363583,1783970.466377752,1821028.3649878516,1980620.0393995978,120698.53333333335
40.897403833333335,41.229884023490094,0.008129616038995782,-80537.89412218888,-72797.37882333333,-7740.5152988555565,-9675.644123569446,-1969.2666666666667,-1780.0,-189.26666666666668,-236.58333333333334,0.08807291666666667,11992.433333333334,10259.75,0.0,29.38437869246251,28.77883487405135,28.77883487405135,324981.9375007326,274563.7999199863,267755.20723603363,4324.691938941876,3662.489557929956,3573.184318543804,39888816.62650722,33204678.176826853,133680558.49636322,136464914.97109273,148507229.46363583,1783970.466377752,1821028.3649878516,1980620.0393995978,120698.53333333335
44.491294333333336,45.50749383181084,0.022840412123415418,-12042.154223084213,-14471.378893684214,2429.2246706,3036.53083825,-270.66315789473686,-325.2631578947369,54.6,68.25,0.10416666666666667,11004.579824561406,10665.66666666667,0.0,29.04858081779068,29.04858081779068,29.04858081779068,296134.74481358554,286289.79855626763,288272.3641970818,3945.4881299591793,3816.3565658280586,3842.3609538155156,39888816.62650722,33204678.176826853,133680558.49636322,136464914.97109273,148507229.46363583,1783970.466377752,1821028.3649878516,1980620.0393995978,120698.53333333335
50.98642183333334,52.02045845103483,0.020280627283114555,183438.9484719667,96874.20148333334,86564.74698863336,108205.93373579168,3597.8,1900.0,1697.8000000000002,2122.25,0.0,9226.45,10702.0,0.0,28.75992700836201,29.04858081779068,29.89577970970236,244839.99676027815,287345.2303259806,349630.9571105782,3267.891408846878,3830.200171643114,4655.701763023025,39888816.62650722,33204678.176826853,133680558.49636322,136464914.97109273,148507229.46363583,1783970.466377752,1821028.3649878516,1980620.0393995978,120698.53333333335
42.316641499999996,41.20630362768345,-0.026238799511453442,9730.006435566667,0.0,9730.006435566667,12162.508044458333,229.93333333333337,0.0,229.93333333333337,287.4166666666667,0.0,10032.066666666668,9974.583333333334,0.0,28.77883487405135,28.77883487405135,28.77883487405135,268011.3388664127,266357.0355084027,274628.5522984529,3576.5438816175774,3554.84513060364,3663.3388856733254,39888816.62650722,33204678.176826853,133680558.49636322,136464914.97109273,148507229.46363583,1783970.466377752,1821028.3649878516,1980620.0393995978,120698.53333333335
23.709091916666665,22.850738717442457,-0.036203545974732874,-121136.0730267611,-42202.18361166667,-78933.88941509444,-98667.36176886804,-5109.266666666666,-1780.0,-3329.2666666666664,-4161.583333333333,0.08807291666666667,7637.516666666666,6752.833333333333,63.0,28.35730167798622,28.25837873121386,26.87347372209153,199482.2849155261,174422.0039767025,59002.90653526233,2667.163063324329,2330.4273470382595,795.2287603858284,39888816.62650722,33204678.176826853,133680558.49636322,136464914.97109273,148507229.46363583,1783970.466377752,1821028.3649878516,1980620.0393995978,120698.53333333335
24.609098250000002,24.106735521391382,-0.020413699173581927,-166656.09456210004,-43804.194885000004,-122851.89967710004,-153564.874596375,-6772.133333333334,-1780.0,-4992.133333333334,-6240.166666666667,0.17614583333333333,5216.716666666667,5025.75,341.0,28.01740671434946,28.01740671434946,0.0,131222.62536161757,125872.23459273395,0.0,1747.8296575183595,1676.200526612177,0.0,39888816.62650722,33204678.176826853,133680558.49636322,136464914.97109273,148507229.46363583,1783970.466377752,1821028.3649878516,1980620.0393995978,120698.53333333335
22.5376675,23.172161836159447,0.02815261766371549,-168046.85892466665,-40117.04815,-127929.81077466666,-159912.26346833335,-7456.266666666666,-1780.0,-5676.266666666666,-7095.333333333333,0.26421875,3992.7666666666664,3916.833333333333,285.0,27.71759299894158,27.50588569464469,0.0,97132.63544033792,95034.92487755856,0.0,1293.550813644843,1265.6405529850965,0.0,39888816.62650722,33204678.176826853,133680558.49636322,136464914.97109273,148507229.46363583,1783970.466377752,1821028.3649878516,1980620.0393995978,120698.53333333335
23.640587666666665,23.57681545098075,-0.002697573198479994,-193275.98852759998,-42080.24604666667,-151195.74248093332,-188994.67810116665,-8175.6,-1780.0,-6395.6,-7994.5,0.35229166666666667,4245.0,4245.0,181.10000000000036,27.71759299894158,27.71759299894158,0.0,104123.93631443763,104123.93631443763,0.0,1386.245297887617,1386.245297887617,0.0,39888816.62650722,33204678.176826853,133680558.49636322,136464914.97109273,148507229.46363583,1783970.466377752,1821028.3649878516,1980620.0393995978,120698.53333333335
25.286491166666664,25.80164934105904,0.0203728611849267,-189242.41412525554,-45009.954276666664,-144232.4598485889,-180290.5748107361,-7483.933333333334,-1780.0,-5703.933333333334,-7129.916666666667,0.44036458333333334,4441.516666666667,4232.5,145.0,27.71759299894158,27.71759299894158,0.0,109570.90529861298,103777.46640195085,0.0,1458.4641867277485,1381.6516106151128,0.0,39888816.62650722,33204678.176826853,133680558.49636322,136464914.97109273,148507229.46363583,1783970.466377752,1821028.3649878516,1980620.0393995978,120698.53333333335
22.99764383333333,22.049251744346744,-0.041238663223924006,-145168.79375727777,-40935.80602333333,-104232.98773394445,-130291.23466743054,-6312.333333333334,-1780.0,-4532.333333333334,-5665.416666666667,0.5284375,4732.583333333334,4316.666666666667,231.0,28.01740671434946,27.71759299894158,0.0,117658.46485764385,106110.36381269511,0.0,1566.2374953117983,1412.5824382499752,0.0,39888816.62650722,33204678.176826853,133680558.49636322,136464914.97109273,148507229.46363583,1783970.466377752,1821028.3649878516,1980620.0393995978,120698.53333333335
24.1270165,24.960469522341793,0.034544388127798274,-135968.60571963328,-42946.08936999996,-93022.51634963334,-116278.14543704168,-5635.533333333332,-1779.9999999999982,-3855.5333333333338,-4819.416666666667,0.6165104166666666,5425.033333333332,4793.916666666667,185.0,28.01740671434946,28.01740671434946,0.0,137059.1181369951,119376.8658027906,0.0,1825.966549401442,1589.24283670949,0.0,39888816.62650722,33204678.176826853,133680558.49636322,136464914.97109273,148507229.46363583,1783970.466377752,1821028.3649878516,1980620.0393995978,120698.53333333335
20.960877416666662,21.427003046322472,0.022237887297846554,-78402.06588929999,-37310.36180166666,-41091.70408763333,-51364.63010954166,-3740.4,-1780.0,-1960.4,-2450.5,0.7045833333333333,6227.4,5086.5,149.0,28.0976733589821,28.01740671434946,26.87347372209153,159601.83092721403,127574.29205063068,60205.49448432592,2129.7368593406236,1698.987067208532,810.5991616666515,39888816.62650722,33204678.176826853,133680558.49636322,136464914.97109273,148507229.46363583,1783970.466377752,1821028.3649878516,1980620.0393995978,120698.53333333335
26.993086833333333,27.229707255329718,0.008765963798708119,-72906.5279977111,-48047.69456333333,-24858.83343437778,-31073.541792972224,-2700.9333333333334,-1780.0,-920.9333333333334,-1151.1666666666667,0.7926562500000001,7809.599999999999,6316.833333333333,57.0,28.45196742055357,28.0976733589821,28.01740671434946,204371.23371855405,162114.699514619,129792.33674885,2732.9655562708767,2163.605336519646,1728.6814616756608,39888816.62650722,33204678.176826853,133680558.49636322,136464914.97109273,148507229.46363583,1783970.466377752,1821028.3649878516,1980620.0393995978,120698.53333333335
59.04851133333333,58.12245937217606,-0.015682901062985925,272304.1782973778,112192.17153333333,160112.00676404443,200140.00845505553,4611.533333333333,1900.0,2711.5333333333333,3389.4166666666665,0.6884895833333334,8467.133333333333,9689.25,0.0,28.53095294745815,28.75992700836201,29.89577970970236,223115.5714707415,258150.09097974806,357236.9417317216,2981.2090637796905,3445.566726933177,4759.0990753047845,39888816.62650722,33204678.176826853,133680558.49636322,136464914.97109273,148507229.46363583,1783970.466377752,1821028.3649878516,1980620.0393995978,120698.53333333335
52.4302095,53.332360612805225,0.01720670432959525,485898.7142148999,99617.39804999999,386281.31616489997,482851.64520612493,9267.533333333333,1900.0,7367.533333333333,9209.416666666666,0.5843229166666668,10934.216666666664,10992.33333333333,0.0,29.04858081779068,29.04858081779068,45.50035964448142,294090.7949348851,295779.0016234124,612536.2348078736,3918.6785935794346,3940.822012605628,8168.324833573032,39888816.62650722,33204678.176826853,133680558.49636322,136464914.97109273,148507229.46363583,1783970.466377752,1821028.3649878516,1980620.0393995978,120698.53333333335
48.505507,47.79735847205476,-0.014599342873485284,431763.6863093333,92160.4633,339603.2230093333,424504.0287616667,8901.333333333332,1900.0,7001.333333333333,8751.666666666666,0.4801562500000001,11058.000000000004,11207.66666666667,0.0,29.04858081779068,29.20072509152424,45.01877661013889,297686.52509711415,302043.11339358124,601522.9697691165,3965.8421075190813,4023.0384912637683,8021.458891898187,39888816.62650722,33204678.176826853,133680558.49636322,136464914.97109273,148507229.46363583,1783970.466377752,1821028.3649878516,1980620.0393995978,120698.53333333335
42.43427533333334,42.72826542291678,0.006928127964341549,247603.99657000005,0.0,247603.99657000005,309504.99571250007,5835.0,0.0,5835.0,7293.75,0.4801562500000001,12842.83333333333,11384.08333333333,0.0,29.89577970970236,29.20072509152424,41.73063236752959,350186.5203501834,307194.6079784775,546167.0189544351,4663.254203455003,4090.608196126065,7282.896388703129,39888816.62650722,33204678.176826853,133680558.49636322,136464914.97109273,148507229.46363583,1783970.466377752,1821028.3649878516,1980620.0393995978,120698.53333333335
42.16299716666666,43.02331719864109,0.020404622294132792,179858.91331356665,0.0,179858.91331356665,224823.64164195833,4265.8,0.0,4265.8,5332.25,0.4801562500000001,12421.2,11354.75,0.0,29.66508620023022,29.20072509152424,33.90837836874513,337584.12710027286,306338.05337579286,469884.8646154481,4492.576818318706,4079.373176706355,6272.715109811133,39888816.62650722,33204678.176826853,133680558.49636322,136464914.97109273,148507229.46363583,1783970.466377752,1821028.3649878516,1980620.0393995978,120698.53333333335
43.687427500000005,42.99230857754472,-0.01591118915059215,112608.71312400003,0.0,112608.71312400003,140760.89140500003,2577.6000000000004,0.0,2577.6000000000004,3222.0,0.4801562500000001,11874.56666666667,11230.16666666667,0.0,29.38437869246251,29.20072509152424,30.49717367894778,321518.4987321811,302700.12970814056,398679.3690018517,4278.548196091782,4031.656261841388,5314.90278380764,39888816.62650722,33204678.176826853,133680558.49636322,136464914.97109273,148507229.46363583,1783970.466377752,1821028.3649878516,1980620.0393995978,120698.53333333335
43.84158883333333,43.57384755720527,-0.006107015809712097,45943.062324744446,0.0,45943.062324744446,57428.82790593056,1047.9333333333334,0.0,1047.9333333333334,1309.9166666666667,0.4801562500000001,11240.650000000003,10978.66666666667,0.0,29.20072509152424,29.04858081779068,29.38437869246251,303006.25064285006,295382.0043522361,333684.12125050544,4035.671504577183,3935.6147847302423,4440.632007763048,39888816.62650722,33204678.176826853,133680558.49636322,136464914.97109273,148507229.46363583,1783970.466377752,1821028.3649878516,1980620.0393995978,120698.53333333335
44.51869366666667,43.995366946604655,-0.011755212854636368,75657.29395181675,51554.873200683425,24102.420751133333,30128.02593891667,1699.450000000002,1158.050000000002,541.4,676.75,0.4166666666666667,9490.466666666667,10513.16666666667,0.0,28.75992700836201,29.04858081779068,29.20072509152424,252433.09682260253,281859.88998155453,301524.8005232067,3369.25105714006,3758.2515230722024,4016.240027808091,39888816.62650722,33204678.176826853,133680558.49636322,136464914.97109273,148507229.46363583,1783970.466377752,1821028.3649878516,1980620.0393995978,120698.53333333335
44.35688325,46.63525761213429,0.05136461796229318,89757.63181915,84278.078175,5479.55364415,6849.4420551875,2023.5333333333333,1900.0,123.53333333333333,154.41666666666666,0.3125,7701.466666666667,9570.583333333334,0.0,28.35730167798622,28.75992700836201,28.75992700836201,201295.73435783334,254737.24630808912,259178.258370297,2691.417462592935,3400.0089530648956,3459.2916461673713,39888816.62650722,33204678.176826853,133680558.49636322,136464914.97109273,148507229.46363583,1783970.466377752,1821028.3649878516,1980620.0393995978,120698.53333333335
42.35501525,41.80625362028935,-0.012956237330374955,-19339.299963150002,0.0,-19339.299963150002,-24174.124953937502,-456.6,0.0,-456.6,-570.75,0.3125,9589.35,9703.5,0.0,28.75992700836201,28.75992700836201,28.75992700836201,255276.9742716127,258559.91993961722,242145.1915995946,3407.2137358423793,3451.0374989356183,3231.918683469423,39888816.62650722,33204678.176826853,133680558.49636322,136464914.97109273,148507229.46363583,1783970.466377752,1821028.3649878516,1980620.0393995978,120698.53333333335
44.190564583333334,43.49804763305063,-0.01567114964047977,-37470.65272902778,0.0,-37470.65272902778,-46838.31591128473,-847.9333333333334,0.0,-847.9333333333334,-1059.9166666666667,0.3125,9553.516666666666,9765.5,0.0,28.75992700836201,28.75992700836201,28.53095294745815,254246.4102204797,260343.03541413567,229918.7772010629,3393.456823789457,3474.8401560690463,3070.4435527053697,39888816.62650722,33204678.176826853,133680558.49636322,136464914.97109273,148507229.46363583,1783970.466377752,1821028.3649878516,1980620.0393995978,120698.53333333335
44.05760050000001,44.638403244005104,0.01318280472412698,50281.47086396668,83709.44095000002,-33427.97008603334,-41784.962607541675,1141.2666666666667,1900.0,-758.7333333333333,-948.4166666666666,0.20833333333333331,7691.650000000001,9781.333333333334,0.0,28.35730167798622,28.75992700836201,28.53095294745815,201017.36017969443,260798.40092510142,233551.71854303931,2687.694282720845,3480.9187916273145,3118.0951564931793,39888816.62650722,33204678.176826853,133680558.49636322,136464914.97109273,148507229.46363583,1783970.466377752,1821028.3649878516,1980620.0393995978,120698.53333333335
44.59665216666667,45.295687147955924,0.015674606665020838,88253.80152768889,84733.63911666667,3520.162411022223,4400.203013777778,1978.9333333333334,1900.0,78.93333333333334,98.66666666666667,0.10416666666666664,7888.483333333334,9768.75,0.0,28.45196742055357,28.75992700836201,28.75992700836201,206615.61974857876,260436.50517691285,263274.1513084045,2763.360268155434,3476.0878759994275,3513.967373373055,39888816.62650722,33204678.176826853,133680558.49636322,136464914.97109273,148507229.46363583,1783970.466377752,1821028.3649878516,1980620.0393995978,120698.53333333335
42.916656249999996,43.29510568493776,0.008818241401035681,87020.67332291667,0.0,87020.67332291667,108775.84165364582,2027.666666666667,0.0,2027.666666666667,2534.5833333333335,0.10416666666666664,10367.916666666666,9861.0,0.0,28.77883487405135,28.75992700836201,29.38437869246251,277676.71055886283,263089.60844343423,336828.2497705989,3703.3202027778684,3511.5039263310205,4482.521548076622,39888816.62650722,33204678.176826853,133680558.49636322,136464914.97109273,148507229.46363583,1783970.466377752,1821028.3649878516,1980620.0393995978,120698.53333333335
43.662016583333326,43.66299872307762,2.249414528112568e-05,28808.19854168333,0.0,28808.19854168333,36010.248177104164,659.8000000000001,0.0,659.8000000000001,824.75,0.10416666666666664,9924.116666666667,9759.166666666666,0.0,28.75992700836201,28.75992700836201,29.04858081779068,264904.8391697787,260160.88920974935,283915.07707441313,3535.7352872354,3472.408701845739,3785.2084527441802,39888816.62650722,33204678.176826853,133680558.49636322,136464914.97109273,148507229.46363583,1783970.466377752,1821028.3649878516,1980620.0393995978,120698.53333333335
23.420862083333333,23.89629970536842,0.020299749016216416,-97983.51861183331,-41689.13450833332,-56294.38410349999,-70367.98012937499,-4183.599999999999,-1779.9999999999995,-2403.6,-3004.5,0.1922395833333333,7218.016666666666,6240.916666666667,202.0,28.35730167798622,28.0976733589821,27.41972944024914,187586.39686161088,159981.61781211628,76374.80716138022,2508.058755377806,2134.855632168091,1018.0994674191719,39888816.62650722,33204678.176826853,133680558.49636322,136464914.97109273,148507229.46363583,1783970.466377752,1821028.3649878516,1980620.0393995978,120698.53333333335
21.051588499999998,21.043086428190385,-0.00040386842112229756,-145083.33762429998,-37471.827529999995,-107611.51009429999,-134514.38761787498,-6891.8,-1780.0,-5111.8,-6389.75,0.28031249999999996,5502.05,5438.0,438.0,28.0976733589821,28.01740671434946,0.0,139221.18355627637,137422.41051072453,0.0,1855.0462154143815,1830.830178642585,0.0,39888816.62650722,33204678.176826853,133680558.49636322,136464914.97109273,148507229.46363583,1783970.466377752,1821028.3649878516,1980620.0393995978,120698.53333333335
15.137826333333336,15.011712090644428,-0.008331066819759035,-123081.62916264447,-26945.33087333334,-96136.29828931113,-120170.37286163891,-8130.733333333334,-1780.0,-6350.733333333334,-7938.416666666667,0.36838541666666663,4950.75,4950.75,192.3166666666666,28.01740671434946,28.01740671434946,0.0,123770.92908915774,123770.92908915774,0.0,1648.0689950117392,1648.0689950117392,0.0,39888816.62650722,33204678.176826853,133680558.49636322,136464914.97109273,148507229.46363583,1783970.466377752,1821028.3649878516,1980620.0393995978,120698.53333333335
12.931199583333333,12.638657412521454,-0.02262297236436817,-113239.37683122222,-23017.535258333333,-90221.8415728889,-112777.30196611112,-8757.066666666668,-1780.0,-6977.0666666666675,-8721.333333333334,0.4564583333333333,5014.333333333333,5014.333333333333,35.733333333333576,28.01740671434946,28.01740671434946,0.0,125552.36919941178,125552.36919941178,0.0,1671.9182823574438,1671.9182823574438,0.0,39888816.62650722,33204678.176826853,133680558.49636322,136464914.97109273,148507229.46363583,1783970.466377752,1821028.3649878516,1980620.0393995978,120698.53333333335
13.236660749999999,13.011614107083528,-0.01700176858551519,-109378.05755345,-23561.256134999996,-85816.80141844999,-107271.00177306248,-8263.266666666666,-1780.0,-6483.266666666666,-8104.083333333333,0.5445312499999999,4999.416666666667,4999.416666666667,159.1833333333334,28.01740671434946,28.01740671434946,0.0,125134.44288258941,125134.44288258941,0.0,1666.32323329469,1666.32323329469,0.0,39888816.62650722,33204678.176826853,133680558.49636322,136464914.97109273,148507229.46363583,1783970.466377752,1821028.3649878516,1980620.0393995978,120698.53333333335
10.0004255,10.206283500474717,0.0205849241589487,-69543.62562203333,-17800.757390000002,-51742.86823203333,-64678.585290041665,-6954.066666666667,-1780.0,-5174.066666666667,-6467.583333333333,0.6326041666666666,5023.316666666667,4810.833333333333,274.0,28.01740671434946,28.01740671434946,0.0,125804.05890306237,119850.82693304167,0.0,1675.2878146980295,1595.588059948255,0.0,39888816.62650722,33204678.176826853,133680558.49636322,136464914.97109273,148507229.46363583,1783970.466377752,1821028.3649878516,1980620.0393995978,120698.53333333335
3.7777600000000002,3.820650053404527,0.011353302857917684,-19192.02820266667,-6724.4128,-12467.615402666666,-15584.519253333334,-5080.266666666666,-1780.0,-3300.2666666666664,-4125.333333333333,0.7206770833333334,5468.683333333333,4866.75,353.0,28.0976733589821,28.01740671434946,22.10975254704169,138283.65785519834,121417.46692515239,13372.930017044884,1842.4102311966399,1616.5616796192485,179.02169301593102,39888816.62650722,33204678.176826853,133680558.49636322,136464914.97109273,148507229.46363583,1783970.466377752,1821028.3649878516,1980620.0393995978,120698.53333333335
-2.0415569166666665,-2.0092433091263726,-0.01582792391262527,7352.190872094445,3633.971311666666,3718.219560427778,4647.774450534722,-3601.266666666667,-1780.0,-1821.2666666666669,-2276.5833333333335,0.8087500000000001,6180.433333333333,5324.75,469.0,28.0976733589821,28.01740671434946,26.87347372209153,158282.17686845385,134249.43920032444,71281.84457011464,2111.950543893273,1788.3515659259235,952.1671406889069,39888816.62650722,33204678.176826853,133680558.49636322,136464914.97109273,148507229.46363583,1783970.466377752,1821028.3649878516,1980620.0393995978,120698.53333333335
10.29179375,10.242949258433407,-0.004745964868038073,-24325.6837075,-18319.392875,-6006.2908325,-7507.8635406250005,-2363.6,-1780.0,-583.6,-729.5,0.8968229166666668,7303.1,5942.0,273.0,28.35730167798622,28.0976733589821,28.01740671434946,189999.13061271288,151582.75495056054,131104.4852966387,2540.3284213319976,2021.655643683976,1746.2480402972678,39888816.62650722,33204678.176826853,133680558.49636322,136464914.97109273,148507229.46363583,1783970.466377752,1821028.3649878516,1980620.0393995978,120698.53333333335
44.299268250000004,45.46178712115598,0.026242394447587164,167259.27048925002,84168.60967500001,83090.66081425002,103863.32601781252,3775.666666666667,1900.0,1875.666666666667,2344.5833333333335,0.7926562500000002,6478.333333333334,7909.416666666667,0.0,28.25837873121386,28.45196742055357,28.77883487405135,166665.0790149843,207211.21426658233,274398.3216194605,2225.0782955934214,2771.426137187127,3660.3190536969005,39888816.62650722,33204678.176826853,133680558.49636322,136464914.97109273,148507229.46363583,1783970.466377752,1821028.3649878516,1980620.0393995978,120698.53333333335
42.71332158333334,43.199383592004644,0.011379634986312248,270668.62376403896,0.0,270668.62376403896,338335.77970504866,6336.866666666667,0.0,6336.866666666667,7921.083333333333,0.7926562500000002,11052.883333333331,9468.666666666666,0.0,29.04858081779068,28.75992700836201,37.92206587432789,297537.8931919297,251806.13041382018,495040.3322297282,3963.892572204757,3360.881735760886,6604.744867892262,39888816.62650722,33204678.176826853,133680558.49636322,136464914.97109273,148507229.46363583,1783970.466377752,1821028.3649878516,1980620.0393995978,120698.53333333335
43.68997683333333,43.698826531909404,0.00020255672393289736,279694.49369163334,0.0,279694.49369163334,349618.11711454164,6401.8,0.0,6401.8,8002.25,0.7926562500000002,11026.45,9426.0,0.0,29.04858081779068,28.75992700836201,37.92206587432789,296770.0423723128,250579.04019479678,496500.33176588983,3953.82103146041,3344.5014125722905,6624.064640343224,39888816.62650722,33204678.176826853,133680558.49636322,136464914.97109273,148507229.46363583,1783970.466377752,1821028.3649878516,1980620.0393995978,120698.53333333335
42.55186875,42.01118552787099,-0.012706450692109824,247232.03102000002,0.0,247232.03102000002,309040.03877499996,5810.133333333334,0.0,5810.133333333334,7262.666666666667,0.7926562500000002,10320.783333333333,8868.25,0.0,28.77883487405135,28.53095294745815,31.9837377546645,276320.2681417992,234559.81221384945,451369.6142655625,3685.5283593834315,3131.3178528322046,6022.013455138081,39888816.62650722,33204678.176826853,133680558.49636322,136464914.97109273,148507229.46363583,1783970.466377752,1821028.3649878516,1980620.0393995978,120698.53333333335
41.25127525,41.307898255673294,0.0013726364901480912,202073.49693965,0.0,202073.49693965,252591.8711745625,4898.6,0.0,4898.6,6123.25,0.7926562500000002,10022.4,8797.75,0.0,28.77883487405135,28.53095294745815,31.32332298758161,267733.14346263016,232548.38003105365,413188.0394005324,3572.8949179793967,3104.9348313632995,5507.685469302003,39888816.62650722,33204678.176826853,133680558.49636322,136464914.97109273,148507229.46363583,1783970.466377752,1821028.3649878516,1980620.0393995978,120698.53333333335
45.922273083333344,45.291505107838205,-0.013735556477147927,123628.8821100778,0.0,123628.8821100778,154536.10263759724,2692.133333333333,0.0,2692.133333333333,3365.1666666666665,0.7926562500000002,9482.449999999999,8809.416666666666,0.0,28.75992700836201,28.53095294745815,29.38437869246251,252202.53807441876,232881.241148774,330334.3020795646,3366.1733479784516,3109.300816003544,4396.002030232695,39888816.62650722,33204678.176826853,133680558.49636322,136464914.97109273,148507229.46363583,1783970.466377752,1821028.3649878516,1980620.0393995978,120698.53333333335
45.921941333333336,44.70173440040938,-0.02657132728921128,59732.199823644456,0.0,59732.199823644456,74665.24977955557,1300.7333333333336,0.0,1300.7333333333336,1625.9166666666667,0.7926562500000002,9342.099999999999,9016.916666666666,0.0,28.75992700836201,28.75992700836201,29.04858081779068,248166.08231879515,238813.83338779266,285626.5226275946,3312.2910426772155,3187.4486654378834,3807.656685109421,39888816.62650722,33204678.176826853,133680558.49636322,136464914.97109273,148507229.46363583,1783970.466377752,1821028.3649878516,1980620.0393995978,120698.53333333335
44.00698925,45.19898014851392,0.02708639965670733,21073.480252183334,0.0,21073.480252183334,26341.850315229167,478.86666666666673,0.0,478.86666666666673,598.5833333333334,0.7926562500000002,9630.383333333333,9510.666666666666,0.0,28.75992700836201,28.75992700836201,28.77883487405135,256457.08994318914,253014.04734817139,270232.58527144155,3422.9669997839114,3377.00611639966,3605.6789688734607,39888816.62650722,33204678.176826853,133680558.49636322,136464914.97109273,148507229.46363583,1783970.466377752,1821028.3649878516,1980620.0393995978,120698.53333333335
44.097497833333335,44.02541990215995,-0.001634512947782132,-1381.721598777778,0.0,-1381.721598777778,-1727.1519984722222,-31.333333333333332,0.0,-31.333333333333332,-39.166666666666664,0.7926562500000002,9461.416666666666,9469.25,0.0,28.75992700836201,28.75992700836201,28.75992700836201,251597.62094300956,251822.90703790842,250696.47656341427,3358.098360531574,3361.1056854919802,3346.0690606899493,39888816.62650722,33204678.176826853,133680558.49636322,136464914.97109273,148507229.46363583,1783970.466377752,1821028.3649878516,1980620.0393995978,120698.53333333335
42.09762275,42.536599346358486,0.010427586350074458,-76917.37893678845,-53929.270407105105,-22988.108529683333,-28735.135662104167,-1827.1192982456105,-1281.0526315789436,-546.0666666666667,-682.5833333333334,0.8560416666666666,10513.452631578943,9368.916666666666,0.0,29.04858081779068,28.75992700836201,28.53095294745815,281868.19685641973,248937.32769473607,229369.5563568243,3758.3604804719025,3322.586331743798,3063.2396780489657,39888816.62650722,33204678.176826853,133680558.49636322,136464914.97109273,148507229.46363583,1783970.466377752,1821028.3649878516,1980620.0393995978,120698.53333333335
42.82450875000001,43.52691873125761,0.016402055779743213,-30708.027741000005,0.0,-30708.027741000005,-38385.034676250005,-717.0666666666667,0.0,-717.0666666666667,-896.3333333333334,0.8560416666666666,9268.9,9448.166666666666,0.0,28.75992700836201,28.75992700836201,28.53095294745815,246060.85566178308,251216.55191014876,225532.14318539118,3284.1885507067814,3353.0115023538656,3012.9061122678636,39888816.62650722,33204678.176826853,133680558.49636322,136464914.97109273,148507229.46363583,1783970.466377752,1821028.3649878516,1980620.0393995978,120698.53333333335
46.087529916666675,44.636725232952664,-0.03147933261637784,-25984.149367016675,0.0,-25984.149367016675,-32480.186708770838,-563.8000000000001,0.0,-563.8000000000001,-704.75,0.8560416666666666,9504.3,9645.25,0.0,28.75992700836201,28.75992700836201,28.53095294745815,252830.94247955148,256884.65419138013,236621.17356430332,3374.561865048862,3428.674518644938,3158.355771997146,39888816.62650722,33204678.176826853,133680558.49636322,136464914.97109273,148507229.46363583,1783970.466377752,1821028.3649878516,1980620.0393995978,120698.53333333335
46.00348016666667,46.145728311282205,0.003092117033323973,74813.92634571112,52443.967390000005,22369.958955711114,27962.448694638893,1626.2666666666667,1140.0,486.2666666666667,607.8333333333334,0.7935416666666666,8690.483333333334,9708.916666666666,0.0,28.53095294745815,28.75992700836201,28.77883487405135,229487.9598115563,258715.70287757917,276204.1935078072,3064.7927211567103,3453.1170321529203,3684.005860761984,39888816.62650722,33204678.176826853,133680558.49636322,136464914.97109273,148507229.46363583,1783970.466377752,1821028.3649878516,1980620.0393995978,120698.53333333335
50.16121641666667,50.36991068364618,0.0041604706163021685,229694.89813410555,95306.31119166667,134388.58694243888,167985.73367804862,4579.133333333333,1900.0,2679.133333333333,3348.9166666666665,0.689375,8894.700000000003,10124.91666666667,0.0,28.53095294745815,28.77883487405135,29.92816708722221,235314.4559193098,270683.45368446846,369061.9255943539,3141.216163723731,3611.592806493961,4920.383220789044,39888816.62650722,33204678.176826853,133680558.49636322,136464914.97109273,148507229.46363583,1783970.466377752,1821028.3649878516,1980620.0393995978,120698.53333333335
53.99732133333333,53.84089190783021,-0.002896984917778793,185923.57681493333,102594.91053333333,83328.6662816,104160.83285199999,3443.2,1900.0,1543.2,1929.0,0.5852083333333333,8899.883333333331,10414.08333333333,0.0,28.53095294745815,28.77883487405135,29.38437869246251,235462.341358754,279005.3334355481,335285.5698892445,3143.1559083281804,3720.747149808487,4461.968268950801,39888816.62650722,33204678.176826853,133680558.49636322,136464914.97109273,148507229.46363583,1783970.466377752,1821028.3649878516,1980620.0393995978,120698.53333333335
34.55225458333334,34.24152010956763,-0.008993175047847397,-115478.2417847778,-61503.01315833334,-53975.228626444456,-67469.03578305556,-3342.133333333333,-1780.0,-1562.1333333333334,-1952.6666666666667,0.67328125,8759.883333333333,7558.416666666667,188.0,28.53095294745815,28.35730167798622,28.0976733589821,231468.0079461099,197239.2223527974,142134.9122836028,3090.7640926452495,2637.1627039475234,1894.3174910401501,39888816.62650722,33204678.176826853,133680558.49636322,136464914.97109273,148507229.46363583,1783970.466377752,1821028.3649878516,1980620.0393995978,120698.53333333335
30.92930133333334,30.09645093336463,-0.026927552969685804,-176583.62912568892,-55054.156373333346,-121529.47275235556,-151911.84094044447,-5709.266666666666,-1780.0,-3929.2666666666664,-4911.583333333333,0.7613541666666668,7428.933333333333,7016.25,385.0,28.35730167798622,28.25837873121386,26.06783176638855,193567.42440719283,181865.73190748307,46240.18790389717,2588.0533925277164,2431.522778616017,623.3188764906532,39888816.62650722,33204678.176826853,133680558.49636322,136464914.97109273,148507229.46363583,1783970.466377752,1821028.3649878516,1980620.0393995978,120698.53333333335
30.628478916666666,29.75781402341659,-0.02842664487580211,-207520.19605198334,-54518.69247166666,-153001.50358031667,-191251.87947539584,-6775.400000000001,-1780.0,-4995.400000000001,-6244.25,0.8494270833333335,6783.0666666666675,6760.916666666667,509.0,28.25837873121386,28.25837873121386,21.51880929808544,175276.34896034288,174650.42587144647,8451.995229994038,2342.0304544651535,2333.5296111518446,113.8139012871187,39888816.62650722,33204678.176826853,133680558.49636322,136464914.97109273,148507229.46363583,1783970.466377752,1821028.3649878516,1980620.0393995978,120698.53333333335
36.24750325000001,35.5830411956089,-0.018331250288007347,-244902.63095830005,-64520.55578500001,-180382.07517330005,-225477.59396662505,-6756.400000000001,-1780.0,-4976.400000000001,-6220.5,0.9375000000000002,6956.0,6956.0,535.9000000000005,28.25837873121386,28.25837873121386,22.10975254704169,180163.16458892744,180163.16458892744,13242.113981141547,2408.3997172333156,2408.3997172333156,177.2940177798365,39888816.62650722,33204678.176826853,133680558.49636322,136464914.97109273,148507229.46363583,1783970.466377752,1821028.3649878516,1980620.0393995978,120698.53333333335
43.837533750000006,45.306293218900834,0.03350460993715982,-178579.49998625,0.0,-178579.49998625,-223224.37498281253,-4073.6666666666665,0.0,-4073.6666666666665,-5092.083333333333,0.9375000000000002,6294.583333333334,7313.0,0.0,28.0976733589821,28.35730167798622,26.06783176638855,161489.52628238167,190279.86789932495,49270.57334673983,2155.1792431476756,2544.0832071452764,664.3971863528191,39888816.62650722,33204678.176826853,133680558.49636322,136464914.97109273,148507229.46363583,1783970.466377752,1821028.3649878516,1980620.0393995978,120698.53333333335
43.751267750000004,42.99606741091912,-0.017261221855242873,-150384.77426148334,0.0,-150384.77426148334,-187980.96782685418,-3437.2666666666664,0.0,-3437.2666666666664,-4296.583333333333,0.9375000000000002,6580.933333333333,7440.25,0.0,28.25837873121386,28.35730167798622,26.87347372209153,169564.38867280682,193888.33453784868,73848.2613105744,2264.454662362967,2592.345479341212,984.9687791764737,39888816.62650722,33204678.176826853,133680558.49636322,136464914.97109273,148507229.46363583,1783970.466377752,1821028.3649878516,1980620.0393995978,120698.53333333335
43.831457166666674,43.87562862631609,0.0010077570426523389,-104757.18262833335,0.0,-104757.18262833335,-130946.47828541668,-2390.0,0.0,-2390.0,-2987.5,0.9375000000000002,6989.75,7587.25,0.0,28.25837873121386,28.35730167798622,27.71759299894158,181116.8848711059,198056.85788451266,113956.75243081215,2421.35246946014,2648.098359598993,1516.6141426812896,39888816.62650722,33204678.176826853,133680558.49636322,136464914.97109273,148507229.46363583,1783970.466377752,1821028.3649878516,1980620.0393995978,120698.53333333335
45.92592925,45.28151215130931,-0.014031661617183125,-42496.79319933334,0.0,-42496.79319933334,-53120.991499166674,-925.3333333333335,0.0,-925.3333333333335,-1156.6666666666667,0.9375000000000002,7430.833333333334,7662.166666666667,0.0,28.35730167798622,28.35730167798622,28.25837873121386,193621.303280381,200181.29240188847,167432.7649705156,2588.774007986831,2676.5121007280995,2235.504461583408,39888816.62650722,33204678.176826853,133680558.49636322,136464914.97109273,148507229.46363583,1783970.466377752,1821028.3649878516,1980620.0393995978,120698.53333333335
49.23772358333333,48.895537409807744,-0.006949674936666126,96082.49380051666,93551.67480833332,2530.818992183333,3163.5237402291664,1951.4,1900.0,51.400000000000006,64.25,0.8333333333333336,6734.1,8621.25,0.0,28.25837873121386,28.53095294745815,28.53095294745815,173892.63034847108,227512.66683582726,229345.78056270146,2323.2377699997655,3038.8837208773175,3062.9278220032343,39888816.62650722,33204678.176826853,133680558.49636322,136464914.97109273,148507229.46363583,1783970.466377752,1821028.3649878516,1980620.0393995978,120698.53333333335
53.74368041666667,53.482617488450224,-0.0048575558315408765,212570.58769602783,102112.99279166668,110457.59490436113,138071.9936304514,3955.266666666667,1900.0,2055.266666666667,2569.0833333333335,0.729166666666667,8826.316666666666,10212.5,0.0,28.53095294745815,28.77883487405135,29.89577970970236,233363.41425358603,273203.99997218733,348355.40384296427,3115.6252566109833,3644.653675319196,4638.361630730768,39888816.62650722,33204678.176826853,133680558.49636322,136464914.97109273,148507229.46363583,1783970.466377752,1821028.3649878516,1980620.0393995978,120698.53333333335
55.131246833333336,52.50446218139557,-0.04764602295099131,403843.73388707783,104749.36898333333,299094.3649037445,373867.95612968056,7325.133333333334,1900.0,5425.133333333334,6781.416666666667,0.6250000000000003,9949.700000000003,10493.41666666667,0.0,28.77883487405135,28.79447860137394,36.49385493575369,265640.92216728674,281288.4702400125,490687.1355356744,3545.4521948936354,3750.6996940929894,6547.125148118235,39888816.62650722,33204678.176826853,133680558.49636322,136464914.97109273,148507229.46363583,1783970.466377752,1821028.3649878516,1980620.0393995978,120698.53333333335
55.661845750000005,53.954365253122525,-0.030675958978192513,389799.90578725,105757.50692500001,284042.39886225003,355052.9985778125,7003.0,1900.0,5103.0,6378.75,0.5208333333333337,10085.66666666667,10709.91666666667,0.0,28.77883487405135,29.04858081779068,35.84058050383352,269553.8844156619,287575.19825745485,484009.80925700505,3596.7767558596256,3833.216553644102,6458.56907652925,39888816.62650722,33204678.176826853,133680558.49636322,136464914.97109273,148507229.46363583,1783970.466377752,1821028.3649878516,1980620.0393995978,120698.53333333335
52.593322083333334,51.868127065457365,-0.013788728096067076,321871.13115000003,99927.31195833333,221943.81919166667,277429.7739895833,6120.0,1900.0,4220.0,5275.0,0.416666666666667,9949.33333333333,10794.33333333333,0.0,28.77883487405135,29.04858081779068,31.9837377546645,265630.36992783274,290027.3826214898,449399.94908217096,3545.3137859280473,3865.380711191467,5995.873136626759,39888816.62650722,33204678.176826853,133680558.49636322,136464914.97109273,148507229.46363583,1783970.466377752,1821028.3649878516,1980620.0393995978,120698.53333333335
62.344820000000006,61.519563556612226,-0.013236968899545733,317717.5153626667,118455.15800000001,199262.3573626667,249077.94670333335,5096.133333333333,1900.0,3196.133333333333,3995.1666666666665,0.31250000000000033,9677.033333333333,10778.0,0.0,28.75992700836201,29.04858081779068,31.32332298758161,257798.74053812923,289552.9224681327,408557.40815220156,3440.876579707692,3859.1574388525896,5445.752004430532,39888816.62650722,33204678.176826853,133680558.49636322,136464914.97109273,148507229.46363583,1783970.466377752,1821028.3649878516,1980620.0393995978,120698.53333333335
58.366678750000005,59.725743185718365,0.02328493696788175,180979.50635608335,110896.68962500001,70082.81673108334,87603.52091385418,3100.7333333333336,1900.0,1200.7333333333333,1500.9166666666667,0.20833333333333365,9106.266666666663,10706.08333333333,0.0,28.75992700836201,29.04858081779068,29.38437869246251,241383.53286598972,287463.8453643198,331286.8456888452,3221.75136567775,3831.7559897278325,4408.692864486573,39888816.62650722,33204678.176826853,133680558.49636322,136464914.97109273,148507229.46363583,1783970.466377752,1821028.3649878516,1980620.0393995978,120698.53333333335
53.104457249999996,53.919093205419884,0.015340255745102995,119269.07068635,100898.46877499999,18370.60191135,22963.2523891875,2245.9333333333334,1900.0,345.9333333333334,432.4166666666667,0.10416666666666698,8778.233333333334,10591.75,0.0,28.53095294745815,29.04858081779068,29.04858081779068,231991.55093269577,284142.62429081916,296703.7147794455,3097.6311627722625,3788.1930833556835,3952.9510433885457,39888816.62650722,33204678.176826853,133680558.49636322,136464914.97109273,148507229.46363583,1783970.466377752,1821028.3649878516,1980620.0393995978,120698.53333333335
46.72711416666666,48.50928659830656,0.03814000636297015,96494.6058951111,88781.51691666666,7713.088978444444,9641.361223055554,2065.0666666666666,1900.0,165.0666666666667,206.33333333333334,3.0531133177191805e-16,8492.016666666666,10350.75,0.0,28.53095294745815,28.77883487405135,29.04858081779068,223825.51668325075,277182.673893525,283135.6068224691,2990.52108530524,3696.84014666179,3774.984505330309,39888816.62650722,33204678.176826853,133680558.49636322,136464914.97109273,148507229.46363583,1783970.466377752,1821028.3649878516,1980620.0393995978,120698.53333333335
43.642748916666676,41.56464907268594,-0.04761615378418867,-41631.96668500088,-28390.756663684213,-13241.21002131667,-16551.512526645838,-953.9263157894736,-650.5263157894736,-303.40000000000003,-379.25,0.0321875000000003,10550.009649122807,9975.333333333334,0.0,29.04858081779068,28.77883487405135,28.75992700836201,282930.1263350001,266378.6196345582,255470.62444680237,3772.289313700839,3555.12823985143,3409.7987555955797,39888816.62650722,33204678.176826853,133680558.49636322,136464914.97109273,148507229.46363583,1783970.466377752,1821028.3649878516,1980620.0393995978,120698.53333333335
43.44066916666666,44.935993789399724,0.0344222280968101,-23843.135283277774,0.0,-23843.135283277774,-29803.91910409722,-548.8666666666667,0.0,-548.8666666666667,-686.0833333333334,0.0321875000000003,9328.449999999999,9465.666666666666,0.0,28.75992700836201,28.75992700836201,28.53095294745815,247773.50931513103,251719.8506327951,232030.0677191748,3307.0506189696143,3359.729994286688,3098.136369566347,39888816.62650722,33204678.176826853,133680558.49636322,136464914.97109273,148507229.46363583,1783970.466377752,1821028.3649878516,1980620.0393995978,120698.53333333335
42.98556883333334,42.009150803927824,-0.022715019386886595,-37214.03979131112,0.0,-37214.03979131112,-46517.5497391389,-865.7333333333335,0.0,-865.7333333333335,-1082.1666666666667,0.0321875000000003,9096.650000000001,9313.083333333334,0.0,28.75992700836201,28.75992700836201,28.53095294745815,241106.95823459278,247331.56510343592,216376.08486866948,3218.0593943965728,3301.151143196222,2892.810349056573,39888816.62650722,33204678.176826853,133680558.49636322,136464914.97109273,148507229.46363583,1783970.466377752,1821028.3649878516,1980620.0393995978,120698.53333333335
41.04354116666667,40.825141263894565,-0.005321175916211555,-100458.17135953334,-73057.50327666667,-27400.668082866672,-34250.83510358334,-2447.6,-1780.0,-667.6,-834.5,0.12026041666666697,10793.266666666666,9180.166666666666,0.0,29.04858081779068,28.75992700836201,28.53095294745815,289996.3974686176,243508.89147190776,219650.01171939023,3864.9742934060723,3250.1225973254986,2935.7529265538324,39888816.62650722,33204678.176826853,133680558.49636322,136464914.97109273,148507229.46363583,1783970.466377752,1821028.3649878516,1980620.0393995978,120698.53333333335
41.615095499999995,41.185822512483135,-0.010315319053319467,-91863.93614639973,-74074.86998999973,-17789.0661564,-22236.332695499997,-2207.466666666661,-1779.9999999999939,-427.4666666666667,-534.3333333333334,0.20833333333333331,10853.383333333328,9180.25,0.0,29.04858081779068,28.75992700836201,28.53095294745815,291742.7013187803,243511.2881324918,228216.43034186456,3887.8797457798814,3250.154590144227,3048.114659830977,39888816.62650722,33204678.176826853,133680558.49636322,136464914.97109273,148507229.46363583,1783970.466377752,1821028.3649878516,1980620.0393995978,120698.53333333335
47.73348008333332,48.250457102623564,0.010830490850189507,135623.5458447722,90693.6121583333,44929.933686438875,56162.41710804859,2841.2666666666664,1900.0,941.2666666666667,1176.5833333333333,0.10416666666666664,8266.316666666668,9931.0,0.0,28.53095294745815,28.75992700836201,29.04858081779068,217386.08060300947,265102.80333401955,299126.8505626629,2906.057993879257,3538.37789406231,3984.7341842621045,39888816.62650722,33204678.176826853,133680558.49636322,136464914.97109273,148507229.46363583,1783970.466377752,1821028.3649878516,1980620.0393995978,120698.53333333335
53.75441558333333,53.11270305009611,-0.011937857128079188,135539.96707952223,102133.38960833334,33406.57747118889,41758.221838986115,2521.4666666666667,1900.0,621.4666666666667,776.8333333333334,0.0,8374.116666666667,10118.75,0.0,28.53095294745815,28.77883487405135,29.04858081779068,220461.71733074545,270505.984202745,292968.55142929126,2946.399691955114,3609.265019345465,3903.9586494146192,39888816.62650722,33204678.176826853,133680558.49636322,136464914.97109273,148507229.46363583,1783970.466377752,1821028.3649878516,1980620.0393995978,120698.53333333335
42.131565416666675,41.58142794580358,-0.013057608124037666,-37645.95808530557,0.0,-37645.95808530557,-47057.447606631955,-893.5333333333334,0.0,-893.5333333333334,-1116.9166666666667,0.0,8981.033333333333,9204.416666666666,0.0,28.75992700836201,28.75992700836201,28.53095294745815,237781.83134030926,244206.31970186054,212284.27070012144,3173.6725576937247,3259.432507575267,2839.1399235861404,39888816.62650722,33204678.176826853,133680558.49636322,136464914.97109273,148507229.46363583,1783970.466377752,1821028.3649878516,1980620.0393995978,120698.53333333335
38.1483395,37.328865261472835,-0.02148125578381113,-166667.55205286667,-67904.04431,-98763.50774286667,-123454.38467858333,-4368.933333333333,-1780.0,-2588.9333333333334,-3236.1666666666665,0.08807291666666667,8850.183333333334,7818.416666666667,101.0,28.53095294745815,28.45196742055357,27.71759299894158,234044.3529972654,204622.08523131197,113471.69455333067,3124.5568137607406,2736.362725632155,1510.1829804997838,39888816.62650722,33204678.176826853,133680558.49636322,136464914.97109273,148507229.46363583,1783970.466377752,1821028.3649878516,1980620.0393995978,120698.53333333335
34.751132250000005,35.543154958682805,0.022791277791612212,-213703.24614245005,-61857.015405000006,-151846.23073745004,-189807.78842181253,-6149.533333333334,-1780.0,-4369.533333333334,-5461.916666666667,0.17614583333333333,8099.283333333334,7626.666666666667,215.0,28.53095294745815,28.35730167798622,26.06783176638855,212620.46042901903,199174.60819231995,47806.430129194334,2843.5495680727877,2663.047969781493,644.5500316237151,39888816.62650722,33204678.176826853,133680558.49636322,136464914.97109273,148507229.46363583,1783970.466377752,1821028.3649878516,1980620.0393995978,120698.53333333335
36.48557375000001,37.628219489046714,0.031317740728873826,-238366.91032571497,-59337.0646776316,-179029.84564808337,-223787.3070601042,-6533.182456140351,-1626.3157894736844,-4906.866666666667,-6133.583333333333,0.2566145833333333,7491.432456140351,7420.833333333333,329.0,28.35730167798622,28.35730167798622,23.69971618874727,195339.7308872409,193337.73026360112,25752.622104179267,2611.7575157255123,2584.981295044124,345.573044816435,39888816.62650722,33204678.176826853,133680558.49636322,136464914.97109273,148507229.46363583,1783970.466377752,1821028.3649878516,1980620.0393995978,120698.53333333335
37.23873016666666,37.836308179015774,0.01604721776694803,-181225.87356688888,-12112.38697,-169113.4865968889,-211391.8582461111,-4866.596491228071,-325.2631578947369,-4541.333333333334,-5676.666666666667,0.27270833333333333,6512.179824561404,7322.25,0.0,28.25837873121386,28.35730167798622,24.75429585025212,167621.5259828298,190542.17293984632,34405.53587931001,2238.068079730446,2547.59146661728,463.5299844673417,39888816.62650722,33204678.176826853,133680558.49636322,136464914.97109273,148507229.46363583,1783970.466377752,1821028.3649878516,1980620.0393995978,120698.53333333335
38.034563,39.13328047941133,0.028887343320109574,-105444.48682366667,0.0,-105444.48682366667,-131805.60852958332,-2772.3333333333335,0.0,-2772.3333333333335,-3465.4166666666665,0.27270833333333333,6525.666666666667,7218.75,0.0,28.25837873121386,28.35730167798622,27.41972944024914,168002.6422749284,187607.19221617474,90548.52230453567,2243.2441308152393,2508.336887660271,1206.0223224462939,39888816.62650722,33204678.176826853,133680558.49636322,136464914.97109273,148507229.46363583,1783970.466377752,1821028.3649878516,1980620.0393995978,120698.53333333335
22.487249500000004,22.91601710359883,0.01906714307584953,-78706.87239996668,-40027.304110000005,-38679.56828996668,-48349.46036245835,-3500.0666666666666,-1780.0,-1720.0666666666668,-2150.0833333333335,0.36078125,8166.4,7067.416666666667,251.0,28.53095294745815,28.35730167798622,28.01740671434946,214535.3628876759,183315.78722890618,122834.6807481199,2868.6664539960216,2450.9404984606513,1635.5348348208774,39888816.62650722,33204678.176826853,133680558.49636322,136464914.97109273,148507229.46363583,1783970.466377752,1821028.3649878516,1980620.0393995978,120698.53333333335
31.718319666666662,31.921775973714368,0.0064144730611791646,-53775.23916286666,-56458.60900666666,2683.3698438,3354.2123047499995,-1695.4,-1780.0,84.60000000000001,105.75,0.44885416666666667,8799.15,7148.0,150.0,28.53095294745815,28.35730167798622,28.35730167798622,232588.32336518008,185600.91312245722,188599.69777490426,3105.458749520129,2481.503443590625,2521.6113829597425,39888816.62650722,33204678.176826853,133680558.49636322,136464914.97109273,148507229.46363583,1783970.466377752,1821028.3649878516,1980620.0393995978,120698.53333333335
37.94934241666667,36.51334578800788,-0.03783982902502469,-77664.59423378881,-67549.8295016666,-10114.764732122223,-12643.45591515278,-2046.5333333333315,-1779.9999999999982,-266.53333333333336,-333.1666666666667,0.5369270833333333,9538.033333333331,7889.666666666667,65.0,28.75992700836201,28.45196742055357,28.35730167798622,253801.11068396686,206649.2879100264,197184.8708579146,3387.5125580698445,2763.8162209430534,2636.4357673001714,39888816.62650722,33204678.176826853,133680558.49636322,136464914.97109273,148507229.46363583,1783970.466377752,1821028.3649878516,1980620.0393995978,120698.53333333335
49.795594916666666,49.97484649226942,0.003599747646407985,189276.37598457778,94611.63034166666,94664.74564291112,118330.9320536389,3801.0666666666666,1900.0,1901.0666666666668,2376.3333333333335,0.4327604166666666,8037.35,9462.083333333334,0.0,28.53095294745815,28.75992700836201,29.20072509152424,210853.44340980647,251616.79422768185,320461.4707450601,2820.372426754005,3358.354303081396,4264.6233264563725,39888816.62650722,33204678.176826853,133680558.49636322,136464914.97109273,148507229.46363583,1783970.466377752,1821028.3649878516,1980620.0393995978,120698.53333333335
45.885768500000005,47.64259954789547,0.038287057301774514,265363.5173379667,87182.96015000001,178180.5571879667,222725.69648495837,5783.133333333333,1900.0,3883.1333333333337,4853.916666666667,0.3285937499999999,9097.450000000004,10026.66666666667,0.0,28.75992700836201,28.77883487405135,31.32332298758161,241129.96617619955,267855.9331580929,411922.055096451,3218.36652545636,3574.505495033491,5490.753264982577,39888816.62650722,33204678.176826853,133680558.49636322,136464914.97109273,148507229.46363583,1783970.466377752,1821028.3649878516,1980620.0393995978,120698.53333333335
45.22527958333334,44.12264303054997,-0.024380978137495388,245341.1117023056,85928.03120833334,159413.08049397226,199266.3506174653,5424.866666666667,1900.0,3524.866666666667,4406.083333333333,0.22442708333333322,9023.133333333335,10041.91666666667,0.0,28.75992700836201,28.77883487405135,30.49717367894778,238992.62426736136,268294.8103899222,398552.2974448561,3189.835329714973,3580.2620497385515,5313.237686715749,39888816.62650722,33204678.176826853,133680558.49636322,136464914.97109273,148507229.46363583,1783970.466377752,1821028.3649878516,1980620.0393995978,120698.53333333335
44.89071358333334,45.65313703489399,0.016983990467100103,222619.03408822778,85292.35580833333,137326.67827989446,171658.34784986806,4959.133333333333,1900.0,3059.133333333333,3823.9166666666665,0.12026041666666655,8980.116666666663,10115.33333333333,0.0,28.75992700836201,28.77883487405135,30.49717367894778,237755.46807388484,270407.65651692526,383036.8603356912,3173.3206366877184,3607.975299438866,5109.929331795933,39888816.62650722,33204678.176826853,133680558.49636322,136464914.97109273,148507229.46363583,1783970.466377752,1821028.3649878516,1980620.0393995978,120698.53333333335
50.021345583333336,48.87710459732508,-0.022875054092697297,200892.3933754111,95040.55660833334,105851.83676707778,132314.79595884721,4016.133333333333,1900.0,2116.133333333333,2645.1666666666665,0.01609374999999988,8530.783333333333,9901.75,0.0,28.53095294745815,28.75992700836201,29.89577970970236,224931.5666258472,264261.575469025,341339.8608710874,3005.0286285526804,3527.1484146888783,4542.990903123354,39888816.62650722,33204678.176826853,133680558.49636322,136464914.97109273,148507229.46363583,1783970.466377752,1821028.3649878516,1980620.0393995978,120698.53333333335
41.95741458333334,41.66743500090244,-0.0069112833884213435,33656.14010802084,12316.599050937502,21339.541057083337,26674.42632135417,802.1500000000001,293.55,508.6,635.75,0.0,9298.6,9465.0,0.0,28.75992700836201,28.75992700836201,28.77883487405135,246915.02549393146,251700.67734812287,269987.9651750121,3295.5907913013434,3359.4740517368664,3602.470397398509,39888816.62650722,33204678.176826853,133680558.49636322,136464914.97109273,148507229.46363583,1783970.466377752,1821028.3649878516,1980620.0393995978,120698.53333333335
37.91397608333333,37.87372586190469,-0.0010616196344106989,11146.7089685,0.0,11146.7089685,13933.386210625,294.0,0.0,294.0,367.5,0.0,9142.25,9068.75,0.0,28.75992700836201,28.75992700836201,28.75992700836201,242418.41090617405,240304.55627105944,250873.82944663247,3235.5658648043836,3207.3481986865295,3348.436529275801,39888816.62650722,33204678.176826853,133680558.49636322,136464914.97109273,148507229.46363583,1783970.466377752,1821028.3649878516,1980620.0393995978,120698.53333333335
32.583691833333326,32.961945102011285,0.011608668244615676,-26499.23044498888,-57998.97146333332,31499.74101834444,39374.67627293055,-813.2666666666665,-1780.0,966.7333333333335,1208.4166666666667,0.08807291666666667,10449.183333333334,8427.5,0.0,28.77883487405135,28.53095294745815,28.75992700836201,280015.4705396274,221984.79470225726,256616.22820596874,3733.996662605053,2966.377190244689,3425.091322947432,39888816.62650722,33204678.176826853,133680558.49636322,136464914.97109273,148507229.46363583,1783970.466377752,1821028.3649878516,1980620.0393995978,120698.53333333335
36.474765,37.718227682299144,0.03409104026576039,14541.27298,0.0,14541.27298,18176.591224999996,398.6666666666667,0.0,398.6666666666667,498.3333333333333,0.08807291666666667,8382.0,8282.333333333334,0.0,28.53095294745815,28.53095294745815,28.53095294745815,220686.6363431479,217843.05136605125,232060.97625153462,2949.349850147736,2912.0518670782208,3098.5417824257997,39888816.62650722,33204678.176826853,133680558.49636322,136464914.97109273,148507229.46363583,1783970.466377752,1821028.3649878516,1980620.0393995978,120698.53333333335
36.701706249999994,35.774153762329654,-0.025272734770208242,-9175.426562499999,0.0,-9175.426562499999,-11469.283203124998,-250.0,0.0,-250.0,-312.5,0.08807291666666667,7709.416666666667,7771.916666666667,0.0,28.35730167798622,28.45196742055357,28.35730167798622,201521.1749061733,203299.06874625623,194431.84948667677,2694.4326693823864,2718.4457076397794,2599.6148458147327,39888816.62650722,33204678.176826853,133680558.49636322,136464914.97109273,148507229.46363583,1783970.466377752,1821028.3649878516,1980620.0393995978,120698.53333333335
37.03662308333333,37.512209408145125,0.012840974290277701,-2059.236243433333,0.0,-2059.236243433333,-2574.0453042916665,-55.6,0.0,-55.6,-69.5,0.08807291666666667,7063.433333333333,7077.333333333333,0.0,28.35730167798622,28.35730167798622,28.25837873121386,183202.83064388885,183596.99713721283,181627.890553162,2449.4297344718066,2454.701605462168,2428.292586085377,39888816.62650722,33204678.176826853,133680558.49636322,136464914.97109273,148507229.46363583,1783970.466377752,1821028.3649878516,1980620.0393995978,120698.53333333335
36.564938000000005,36.680892407024494,0.003171191129176585,-31799.17944930527,-11893.227202105267,-19905.952247200003,-24882.440309000005,-869.6631578947369,-325.2631578947369,-544.4,-680.5,0.10416666666666667,7166.663157894737,6977.5,0.0,28.35730167798622,28.25837873121386,28.0976733589821,186130.14992114218,180770.71973164854,161557.4289929992,2488.581843640539,2416.651100133367,2156.0944368097994,39888816.62650722,33204678.176826853,133680558.49636322,136464914.97109273,148507229.46363583,1783970.466377752,1821028.3649878516,1980620.0393995978,120698.53333333335
37.01834066666667,37.74969040783257,0.019756416089834205,-1850.9170333333334,0.0,-1850.9170333333334,-2313.646291666667,-50.0,0.0,-50.0,-62.5,0.10416666666666667,6774.583333333333,6787.083333333333,0.0,28.25837873121386,28.25837873121386,28.25837873121386,175036.6237141064,175389.85344824655,173623.70477754567,2338.7746762511015,2343.571991890666,2319.5854136928433,39888816.62650722,33204678.176826853,133680558.49636322,136464914.97109273,148507229.46363583,1783970.466377752,1821028.3649878516,1980620.0393995978,120698.53333333335
37.210378,37.42798027139511,0.005847891988496097,47453.15471746666,0.0,47453.15471746666,59316.443396833325,1275.2666666666667,0.0,1275.2666666666667,1594.0833333333333,0.10416666666666667,7056.816666666667,6738.0,0.0,28.35730167798622,28.25837873121386,28.53095294745815,183015.1998311195,174002.8380255228,219262.4662751873,2446.9202227413825,2324.7345324793096,2930.6696730084054,39888816.62650722,33204678.176826853,133680558.49636322,136464914.97109273,148507229.46363583,1783970.466377752,1821028.3649878516,1980620.0393995978,120698.53333333335
42.5680985,43.17881456279442,0.014346801579460262,91989.66085849999,80879.38715,11110.273708499999,13887.842135625,2161.0,1900.0,261.0,326.25,0.0,5012.166666666667,6846.916666666667,0.0,28.01740671434946,28.25837873121386,28.35730167798622,125491.66481819737,177080.64644233085,186314.57188135321,1671.1055936667647,2366.535142752049,2491.048437829769,39888816.62650722,33204678.176826853,133680558.49636322,136464914.97109273,148507229.46363583,1783970.466377752,1821028.3649878516,1980620.0393995978,120698.53333333335
24.106443666666667,24.21701910021865,0.004586965837058719,-73036.09592502224,-42909.46972666667,-30126.626198355563,-37658.282747944446,-3029.7333333333336,-1780.0,-1249.7333333333336,-1562.1666666666667,0.08807291666666667,5147.233333333334,3744.666666666667,65.0,28.01740671434946,27.41972944024914,26.06783176638855,129275.88255174884,90310.88464938685,48269.13414304773,1721.7673563534202,1202.8715926505788,650.8222036671856,39888816.62650722,33204678.176826853,133680558.49636322,136464914.97109273,148507229.46363583,1783970.466377752,1821028.3649878516,1980620.0393995978,120698.53333333335
16.38213325,17.116677346318536,0.04483812242941796,-78542.4996538,-29160.197184999997,-49382.3024688,-61727.878086,-4794.4,-1780.0,-3014.4,-3768.0,0.17614583333333333,2785.5666666666666,2145.166666666667,386.0,26.87347372209153,26.06783176638855,0.0,64224.87037069341,47295.9350904359,0.0,861.9712216644566,637.630029603924,0.0,39888816.62650722,33204678.176826853,133680558.49636322,136464914.97109273,148507229.46363583,1783970.466377752,1821028.3649878516,1980620.0393995978,120698.53333333335
8.767295166666667,8.620314584931732,-0.016764643934169918,-54707.33735365556,-15605.785396666668,-39101.55195698889,-48876.93994623612,-6239.933333333333,-1780.0,-4459.933333333333,-5574.916666666667,0.26421875,1524.8499999999995,1325.833333333333,466.0,24.4408978939451,23.69971618874727,0.0,31433.36035664239,26667.036153795092,0.0,423.51342564603715,358.1572421151718,0.0,39888816.62650722,33204678.176826853,133680558.49636322,136464914.97109273,148507229.46363583,1783970.466377752,1821028.3649878516,1980620.0393995978,120698.53333333335
8.388651416666667,8.539576147477034,0.017991536817289534,-61073.85626075556,-14931.799521666668,-46142.05673908889,-57677.570923861116,-7280.533333333334,-1780.0,-5500.533333333334,-6875.666666666667,0.35229166666666667,1044.083333333333,1044.083333333333,404.8666666666668,22.22218405455357,22.22218405455357,0.0,20070.025165386924,20070.025165386924,0.0,267.79939978834153,267.79939978834153,0.0,39888816.62650722,33204678.176826853,133680558.49636322,136464914.97109273,148507229.46363583,1783970.466377752,1821028.3649878516,1980620.0393995978,120698.53333333335
3.2094972499999996,3.1540599013442616,-0.017272907355112468,-23850.843897166662,-5712.9051049999935,-18137.938792166668,-22672.423490208334,-7431.333333333332,-1779.9999999999982,-5651.333333333334,-7064.166666666667,0.4403645833333332,1021.5,1021.5,367.16666666666515,22.22218405455357,22.22218405455357,0.0,19568.17417548826,19568.17417548826,0.0,261.0354384053832,261.0354384053832,0.0,39888816.62650722,33204678.176826853,133680558.49636322,136464914.97109273,148507229.46363583,1783970.466377752,1821028.3649878516,1980620.0393995978,120698.53333333335
-7.064573916666667,-7.295935137020026,0.032749493894817,50319.076122038896,12574.941571666668,37744.134550372226,47180.16818796528,-7122.733333333334,-1780.0,-5342.733333333334,-6678.416666666667,0.5284374999999999,1015.833333333333,1015.833333333333,444.3166666666666,22.1624387459902,22.1624387459902,0.0,19442.365964952627,19442.365964952627,0.0,259.34373132728257,259.34373132728257,0.0,39888816.62650722,33204678.176826853,133680558.49636322,136464914.97109273,148507229.46363583,1783970.466377752,1821028.3649878516,1980620.0393995978,120698.53333333335
-5.189711916666666,-5.262225681150541,0.013972599182432115,33323.83217850555,9237.687211666665,24086.14496683889,30107.68120854861,-6421.133333333334,-1780.0,-4641.133333333334,-5801.416666666667,0.6165104166666666,1035.25,1035.25,619.7166666666672,22.22218405455357,22.22218405455357,0.0,19873.72920623837,19873.72920623837,0.0,265.15371747618815,265.15371747618815,0.0,39888816.62650722,33204678.176826853,133680558.49636322,136464914.97109273,148507229.46363583,1783970.466377752,1821028.3649878516,1980620.0393995978,120698.53333333335
-7.181614083333333,-7.144136865178864,-0.005218495134881128,37120.32687393333,12783.273068333332,24337.0538056,30421.317257,-5168.8,-1780.0,-3388.8,-4236.0,0.7045833333333333,1246.25,1246.25,932.8000000000002,23.69971618874727,23.69971618874727,0.0,24780.93374044063,24780.93374044063,0.0,332.2006364557902,332.2006364557902,0.0,39888816.62650722,33204678.176826853,133680558.49636322,136464914.97109273,148507229.46363583,1783970.466377752,1821028.3649878516,1980620.0393995978,120698.53333333335
2.287579416666666,2.3753735819194275,0.03837863053545505,-7528.5763655444425,-4071.8913616666655,-3456.6850038777766,-4320.856254847221,-3291.0666666666666,-1780.0,-1511.0666666666666,-1888.8333333333333,0.7926562500000001,2232.2333333333336,1956.0,1126.0,26.06783176638855,26.06783176638855,16.04523005992051,49565.5743095628,42364.770247960725,372.1421609982388,668.3960641157453,570.7857547744497,4.919105089265122,39888816.62650722,33204678.176826853,133680558.49636322,136464914.97109273,148507229.46363583,1783970.466377752,1821028.3649878516,1980620.0393995978,120698.53333333335
42.66554583333333,44.35005824371362,0.039481796786582396,162868.61029444443,81064.53708333333,81804.07321111111,102255.09151388888,3817.333333333333,1900.0,1917.3333333333333,2396.6666666666665,0.6884895833333334,1789.0000000000005,3209.666666666667,0.0,26.06783176638855,27.41972944024914,28.0976733589821,38011.44234297385,75641.32939885356,142151.30259306225,511.77433329503754,1008.3746187227821,1894.5383998551458,39888816.62650722,33204678.176826853,133680558.49636322,136464914.97109273,148507229.46363583,1783970.466377752,1821028.3649878516,1980620.0393995978,120698.53333333335
38.373316249999995,38.85687840350231,0.012601521076571403,293694.01325099997,72909.30087499999,220784.71237599998,275980.89047,7653.6,1900.0,5753.6,7192.0,0.5843229166666668,3557.0666666666666,4018.666666666667,0.0,27.41972944024914,27.71759299894158,29.20072509152424,85166.9434063961,97850.52109901053,302130.71556885575,1134.670410764869,1303.0689336734722,4024.1875273407836,39888816.62650722,33204678.176826853,133680558.49636322,136464914.97109273,148507229.46363583,1783970.466377752,1821028.3649878516,1980620.0393995978,120698.53333333335
33.09612116666667,32.94926164113684,-0.004437363665375397,257726.1147490667,62882.63021666667,194843.48453240003,243554.3556655,7787.200000000001,1900.0,5887.200000000001,7359.0,0.4801562500000001,3638.1333333333323,4066.333333333333,0.0,27.41972944024914,27.71759299894158,29.20072509152424,87389.76947301893,99171.72636529339,308399.1378885029,1164.1418525463268,1320.5861944726219,4106.4074421850355,39888816.62650722,33204678.176826853,133680558.49636322,136464914.97109273,148507229.46363583,1783970.466377752,1821028.3649878516,1980620.0393995978,120698.53333333335
29.939848,28.276426772689433,-0.055558773288046384,169776.90206880003,0.0,169776.90206880003,212221.12758600002,5670.6,0.0,5670.6,7088.25,0.4801562500000001,5027.65,3610.0,0.0,28.01740671434946,27.41972944024914,29.04858081779068,125925.4676654912,86618.36108476661,287236.2981479139,1676.9131920793882,1153.914098901775,3828.7713591163306,39888816.62650722,33204678.176826853,133680558.49636322,136464914.97109273,148507229.46363583,1783970.466377752,1821028.3649878516,1980620.0393995978,120698.53333333335
30.267671916666668,30.32222813218495,0.0018024582686268528,208643.1339007611,57508.57664166667,151134.55725909444,188918.19657386804,6893.266666666666,1900.0,4993.266666666666,6241.583333333333,0.37598958333333343,2964.6499999999996,3616.333333333333,0.0,26.87347372209153,27.41972944024914,28.75992700836201,69037.4616230913,86792.01937122153,263000.93200182513,923.4814495089423,1156.2165552909514,3510.3201920380943,39888816.62650722,33204678.176826853,133680558.49636322,136464914.97109273,148507229.46363583,1783970.466377752,1821028.3649878516,1980620.0393995978,120698.53333333335
28.765334499999998,29.108541132093407,0.011931258164003197,136666.02189846666,54654.13555,82011.88634846667,102514.85793558334,4751.0666666666675,1900.0,2851.066666666667,3563.8333333333335,0.27182291666666675,2477.016666666666,3664.25,0.0,26.44303420930038,27.41972944024914,28.35730167798622,55961.146690515234,88105.88140690014,187871.8603651693,755.0644834583201,1173.6364556037993,2511.8767530734635,39888816.62650722,33204678.176826853,133680558.49636322,136464914.97109273,148507229.46363583,1783970.466377752,1821028.3649878516,1980620.0393995978,120698.53333333335
26.746976583333335,26.70279570768366,-0.0016518082151088522,35931.888342050006,0.0,35931.888342050006,44914.860427562504,1343.4,0.0,1343.4,1679.25,0.27182291666666675,4188.35,3852.5,0.0,27.71759299894158,27.41972944024914,28.0976733589821,102553.7346710476,93267.64547402703,140055.68445503814,1365.4267071686274,1242.0739422241877,1866.293629937866,39888816.62650722,33204678.176826853,133680558.49636322,136464914.97109273,148507229.46363583,1783970.466377752,1821028.3649878516,1980620.0393995978,120698.53333333335
27.36878091666667,27.486616753376044,0.004305483575178763,30483.348184983333,0.0,30483.348184983333,38104.18523122917,1113.8,0.0,1113.8,1392.25,0.27182291666666675,4227.033333333333,3948.583333333333,0.0,27.71759299894158,27.60952449334937,28.01740671434946,103625.9435602233,95908.34902372879,134700.0524916469,1379.6426380479372,1277.3270807814013,1794.3842165913507,39888816.62650722,33204678.176826853,133680558.49636322,136464914.97109273,148507229.46363583,1783970.466377752,1821028.3649878516,1980620.0393995978,120698.53333333335
27.51375208333333,27.579023355289728,0.0023723144614628553,8228.446123055555,0.0,8228.446123055555,10285.557653819442,299.06666666666666,0.0,299.06666666666666,373.8333333333333,0.27182291666666675,3938.2666666666664,3863.5,0.0,27.50588569464469,27.41972944024914,27.71759299894158,95624.46769428044,93569.26249786977,103911.43476811239,1273.5331427914002,1246.0729454264415,1383.4278363604808,39888816.62650722,33204678.176826853,133680558.49636322,136464914.97109273,148507229.46363583,1783970.466377752,1821028.3649878516,1980620.0393995978,120698.53333333335
28.506901166666665,28.609922352914804,0.00361390337188248,5665.271491855556,0.0,5665.271491855556,7081.589364819444,198.73333333333335,0.0,198.73333333333335,248.41666666666666,0.27182291666666675,4091.1833333333334,4041.5,0.0,27.71759299894158,27.71759299894158,27.71759299894158,99860.50855131709,98483.40613915301,105368.91819997343,1329.7184447703605,1311.4600690912466,1402.7519474868159,39888816.62650722,33204678.176826853,133680558.49636322,136464914.97109273,148507229.46363583,1783970.466377752,1821028.3649878516,1980620.0393995978,120698.53333333335
28.13842666666667,28.427108286045137,0.01025933762389211,-2352.372469333334,0.0,-2352.372469333334,-2940.465586666667,-83.60000000000001,0.0,-83.60000000000001,-104.5,0.27182291666666675,4163.266666666667,4184.166666666667,0.0,27.71759299894158,27.71759299894158,27.71759299894158,101858.48504665749,102437.78274033536,99541.29427194595,1356.2087080418023,1363.8893531614294,1325.4861275632932,39888816.62650722,33204678.176826853,133680558.49636322,136464914.97109273,148507229.46363583,1783970.466377752,1821028.3649878516,1980620.0393995978,120698.53333333335
28.38466766666666,27.650713306447916,-0.025857423058035584,-34688.95215309582,-31999.9779694736,-2688.974183622222,-3361.2177295277775,-1222.101754385962,-1127.3684210526287,-94.73333333333335,-118.41666666666667,0.3276041666666666,5147.768421052629,4044.083333333333,0.0,28.01740671434946,27.71759299894158,27.50588569464469,129290.87432200818,98555.00992106694,95277.89353452792,1721.9680608478782,1312.409431127564,1268.8933310545685,39888816.62650722,33204678.176826853,133680558.49636322,136464914.97109273,148507229.46363583,1783970.466377752,1821028.3649878516,1980620.0393995978,120698.53333333335
26.716040500000005,27.205348978879737,0.0183151571012079,-32497.391664200008,-47554.55209000001,15057.160425800004,18821.450532250004,-1216.4,-1780.0,563.6,704.5,0.41567708333333325,6036.483333333334,4115.583333333333,0.0,28.0976733589821,27.71759299894158,28.01740671434946,154237.5167884284,100536.81782049125,120109.9879451494,2057.436560032816,1338.6853223262888,1599.057615512309,39888816.62650722,33204678.176826853,133680558.49636322,136464914.97109273,148507229.46363583,1783970.466377752,1821028.3649878516,1980620.0393995978,120698.53333333335
31.796008,32.22742474520424,0.013568267601525097,113475.71308426667,60412.4152,53063.29788426667,66329.12235533334,3568.866666666667,1900.0,1668.8666666666668,2086.0833333333335,0.31151041666666657,2961.3833333333337,4444.166666666667,0.0,26.87347372209153,27.71759299894158,28.25837873121386,68949.67494226582,109644.35692006016,168132.15984411314,922.3594388381637,1459.4380484295193,2245.003146549746,39888816.62650722,33204678.176826853,133680558.49636322,136464914.97109273,148507229.46363583,1783970.466377752,1821028.3649878516,1980620.0393995978,120698.53333333335
56.74406258333334,55.7275556563889,-0.017913890558181537,164043.30199091113,107813.71890833334,56229.58308257779,70286.97885322223,2890.9333333333334,1900.0,990.9333333333334,1238.6666666666667,0.20734374999999988,2676.9000000000005,4329.166666666667,0.0,26.87347372209153,27.71759299894158,28.0976733589821,61304.619559559476,106456.83372518189,141069.54216874143,824.6471932283426,1417.1761255224797,1879.958418065444,39888816.62650722,33204678.176826853,133680558.49636322,136464914.97109273,148507229.46363583,1783970.466377752,1821028.3649878516,1980620.0393995978,120698.53333333335
16.454143,16.376922111148932,-0.004693096981779446,-63480.08369399999,-29288.374539999997,-34191.709154,-42739.6364425,-3858.0,-1780.0,-2078.0,-2597.5,0.29541666666666655,3209.083333333333,2279.583333333333,331.0,27.41972944024914,26.06783176638855,0.0,75625.33455668006,50799.88614370128,0.0,1008.1625503711472,685.1277455950874,0.0,39888816.62650722,33204678.176826853,133680558.49636322,136464914.97109273,148507229.46363583,1783970.466377752,1821028.3649878516,1980620.0393995978,120698.53333333335
6.357887083333334,6.525487781830768,0.02636106874826156,-44011.41368652778,-11317.039008333335,-32694.37467819445,-40867.96834774306,-6922.333333333334,-1780.0,-5142.333333333334,-6427.916666666667,0.3834895833333332,1449.583333333333,1449.583333333333,494.41666666666697,23.69971618874727,23.69971618874727,0.0,29599.87603215257,29599.87603215257,0.0,398.5190844232157,398.5190844232157,0.0,39888816.62650722,33204678.176826853,133680558.49636322,136464914.97109273,148507229.46363583,1783970.466377752,1821028.3649878516,1980620.0393995978,120698.53333333335
2.2421633333333335,2.2107017346624853,-0.014031804999716641,-18465.859303111112,-3991.0507333333335,-14474.808569777779,-18093.510712222225,-8235.733333333334,-1780.0,-6455.733333333334,-8069.666666666667,0.4715624999999999,1046.666666666667,1046.666666666667,166.0666666666666,22.57947743895687,22.57947743895687,0.0,20127.563481768815,20127.563481768815,0.0,268.5734063169022,268.5734063169022,0.0,39888816.62650722,33204678.176826853,133680558.49636322,136464914.97109273,148507229.46363583,1783970.466377752,1821028.3649878516,1980620.0393995978,120698.53333333335
1.9546522499999999,1.9364412263799529,-0.009316758835259311,-15865.912313249999,-3479.281005,-12386.63130825,-15483.2891353125,-8117.0,-1780.0,-6337.0,-7921.25,0.5596354166666666,1005.0,1005.0,195.75,22.1624387459902,22.1624387459902,0.0,19202.27287853774,19202.27287853774,0.0,256.1294503749017,256.1294503749017,0.0,39888816.62650722,33204678.176826853,133680558.49636322,136464914.97109273,148507229.46363583,1783970.466377752,1821028.3649878516,1980620.0393995978,120698.53333333335
-1.1626766666666668,-1.194204883689165,0.02711692590588228,8826.653694444445,2069.5644666666667,6757.089227777779,8446.361534722222,-7591.666666666667,-1780.0,-5811.666666666667,-7264.583333333333,0.6477083333333333,1018.25,1018.25,327.08333333333394,22.22218405455357,22.22218405455357,0.0,19495.95207731096,19495.95207731096,0.0,260.0620269886475,260.0620269886475,0.0,39888816.62650722,33204678.176826853,133680558.49636322,136464914.97109273,148507229.46363583,1783970.466377752,1821028.3649878516,1980620.0393995978,120698.53333333335
-5.409896333333332,-5.437680428979784,0.005135790768347893,39290.273770222215,9629.615473333331,29660.658296888883,37075.8228711111,-7262.666666666667,-1780.0,-5482.666666666667,-6853.333333333333,0.73578125,1069.25,1069.25,409.33333333333394,22.6203123405124,22.6203123405124,0.0,20638.371506374082,20638.371506374082,0.0,275.2387290195687,275.2387290195687,0.0,39888816.62650722,33204678.176826853,133680558.49636322,136464914.97109273,148507229.46363583,1783970.466377752,1821028.3649878516,1980620.0393995978,120698.53333333335
-3.3218223333333334,-3.4150412203212586,0.028062574585192582,19942.892560400003,5912.843753333334,14030.048807066669,17537.561008833334,-6003.6,-1780.0,-4223.6,-5279.5,0.8238541666666668,1185.416666666667,1185.416666666667,724.1000000000004,23.53046807489469,23.53046807489469,0.0,23342.701620780033,23342.701620780033,0.0,312.5961311406353,312.5961311406353,0.0,39888816.62650722,33204678.176826853,133680558.49636322,136464914.97109273,148507229.46363583,1783970.466377752,1821028.3649878516,1980620.0393995978,120698.53333333335
-3.0220300000000004,-3.0813114358147398,0.019616428630668634,11105.557312666668,5379.213400000001,5726.343912666668,7157.929890833335,-3674.866666666667,-1780.0,-1894.8666666666668,-2368.5833333333335,0.9119270833333335,1583.75,1583.75,1306.2833333333333,24.75429585025212,24.75429585025212,0.0,32874.895252569426,32874.895252569426,0.0,443.1766352205045,443.1766352205045,0.0,39888816.62650722,33204678.176826853,133680558.49636322,136464914.97109273,148507229.46363583,1783970.466377752,1821028.3649878516,1980620.0393995978,120698.53333333335
13.013385249999999,13.364020372339779,0.02694418981715609,-29891.745919249945,-23163.825744999947,-6727.920174249999,-8409.9002178125,-2296.9999999999964,-1779.9999999999961,-517.0,-646.25,1.0,3347.5833333333294,2634.833333333333,938.0,27.41972944024914,26.87347372209153,26.06783176638855,79422.96708415446,60174.14209831681,43214.14709968221,1058.5136361449775,810.1984435699447,582.2994602626982,39888816.62650722,33204678.176826853,133680558.49636322,136464914.97109273,148507229.46363583,1783970.466377752,1821028.3649878516,1980620.0393995978,120698.53333333335
63.96415675,65.39899342794844,0.02243188608827311,332826.8289558334,121531.89782500001,211294.93113083337,264118.6639135417,5203.333333333334,1900.0,3303.333333333334,4129.166666666667,0.8958333333333334,3685.0,4759.166666666667,0.0,27.41972944024914,28.01740671434946,28.53095294745815,88674.8407927853,118403.26091946696,235132.80885221093,1181.1800298262326,1576.2085604012868,3138.8335835343396,39888816.62650722,33204678.176826853,133680558.49636322,136464914.97109273,148507229.46363583,1783970.466377752,1821028.3649878516,1980620.0393995978,120698.53333333335
54.981896750000004,54.442909923584025,-0.009802987133505518,519498.28417226666,104465.60382500001,415032.68034726667,518790.8504340833,9448.533333333333,1900.0,7548.533333333333,9435.666666666666,0.7916666666666667,5465.966666666666,5478.833333333333,0.0,28.0976733589821,28.0976733589821,31.32332298758161,138207.3258425731,138568.849239792,412984.4378011131,1841.3814272868035,1846.2540445775612,5504.962351906301,39888816.62650722,33204678.176826853,133680558.49636322,136464914.97109273,148507229.46363583,1783970.466377752,1821028.3649878516,1980620.0393995978,120698.53333333335
47.96264225000001,46.99186079768661,-0.020240366392937807,419391.73885296675,91129.02027500002,328262.71857796673,410328.3982224584,8744.133333333333,1900.0,6844.133333333333,8555.166666666666,0.6875000000000001,5584.283333333333,5773.25,0.0,28.0976733589821,28.0976733589821,30.49717367894778,141531.74889549665,146841.27257123232,394905.3437590818,1886.1880466483162,1957.7498793459965,5265.449400178494,39888816.62650722,33204678.176826853,133680558.49636322,136464914.97109273,148507229.46363583,1783970.466377752,1821028.3649878516,1980620.0393995978,120698.53333333335
44.29549775,44.32611152410238,0.0006911260885961712,308621.4979901667,84161.44572500001,224460.0522651667,280575.06533145835,6967.333333333334,1900.0,5067.333333333334,6334.166666666667,0.5833333333333335,5742.75,6375.916666666667,0.0,28.0976733589821,28.0976733589821,29.89577970970236,145984.29353378338,163774.80371557886,346217.85559372057,1946.1995041619468,2185.9802436384743,4609.303362162884,39888816.62650722,33204678.176826853,133680558.49636322,136464914.97109273,148507229.46363583,1783970.466377752,1821028.3649878516,1980620.0393995978,120698.53333333335
48.341458916666674,47.14482882263737,-0.024753702532894405,292301.4654855167,91848.77194166668,200452.69354385004,250565.86692981253,6046.6,1900.0,4146.6,5183.25,0.4791666666666668,5820.066666666667,6683.416666666667,0.0,28.0976733589821,28.25837873121386,29.26603234939547,148156.71197898866,172460.4015197774,321286.4962663661,1975.4793896694912,2303.7862541865443,4275.457632306299,39888816.62650722,33204678.176826853,133680558.49636322,136464914.97109273,148507229.46363583,1783970.466377752,1821028.3649878516,1980620.0393995978,120698.53333333335
52.135526416666664,54.87389781855204,0.052524096141282575,249729.17153583333,99057.50019166667,150671.67134416665,188339.58918020834,4790.0,1900.0,2890.0,3612.5,0.3750000000000001,5853.583333333333,7031.083333333333,0.0,28.0976733589821,28.35730167798622,29.04858081779068,149098.45233107056,182285.47193460597,285648.30906320794,1988.1721790110887,2437.160308102152,3807.9424476147774,39888816.62650722,33204678.176826853,133680558.49636322,136464914.97109273,148507229.46363583,1783970.466377752,1821028.3649878516,1980620.0393995978,120698.53333333335
48.46098241666667,49.22729155014683,0.015812909587582344,140617.6173123611,92075.86659166667,48541.75072069444,60677.18840086805,2901.6666666666665,1900.0,1001.6666666666666,1252.0833333333333,0.2708333333333334,5864.333333333334,7513.916666666667,0.0,28.0976733589821,28.35730167798622,28.53095294745815,149400.50231967962,195977.32242812702,231642.52227497185,1992.2432128874345,2620.285131352481,3093.0531160209207,39888816.62650722,33204678.176826853,133680558.49636322,136464914.97109273,148507229.46363583,1783970.466377752,1821028.3649878516,1980620.0393995978,120698.53333333335
47.94499666666667,49.04492213979476,0.02294140264051377,109490.39072111112,91095.49366666668,18394.897054444446,22993.621318055557,2283.6666666666665,1900.0,383.6666666666667,479.5833333333333,0.16666666666666674,6326.0,8130.083333333333,0.0,28.0976733589821,28.53095294745815,28.53095294745815,162372.26152040967,213499.21377980072,227182.1832975192,2167.076760755289,2855.0757675230325,3034.5489218416465,39888816.62650722,33204678.176826853,133680558.49636322,136464914.97109273,148507229.46363583,1783970.466377752,1821028.3649878516,1980620.0393995978,120698.53333333335
39.41605458333334,40.73137505718628,0.03337017080367815,-73516.19727186112,-70160.57715833334,-3355.620113527779,-4194.525141909723,-1865.1333333333334,-1780.0,-85.13333333333334,-106.41666666666667,0.2547395833333334,10175.216666666667,8416.5,0.0,28.77883487405135,28.53095294745815,28.53095294745815,272131.0290786332,221670.9542198352,218634.78531034323,3630.580000045732,2962.26069044103,2922.436673401088,39888816.62650722,33204678.176826853,133680558.49636322,136464914.97109273,148507229.46363583,1783970.466377752,1821028.3649878516,1980620.0393995978,120698.53333333335
38.32954766666667,38.75874986095665,0.01119768482588253,-81222.86680884445,-68226.59484666667,-12996.27196217778,-16245.339952722223,-2119.0666666666666,-1780.0,-339.06666666666666,-423.8333333333333,0.3428125000000001,10253.066666666668,8557.833333333334,0.0,28.77883487405135,28.53095294745815,28.53095294745815,274371.46137357806,225703.32890307598,213610.96001217832,3659.9667399663176,3015.1514757971327,2856.541490937972,39888816.62650722,33204678.176826853,133680558.49636322,136464914.97109273,148507229.46363583,1783970.466377752,1821028.3649878516,1980620.0393995978,120698.53333333335
35.7561895,35.60311552290043,-0.0042810483790384265,-82627.78644256666,-63646.017309999996,-18981.769132566667,-23727.211415708334,-2310.866666666667,-1780.0,-530.8666666666667,-663.5833333333334,0.43088541666666674,10341.699999999999,8694.416666666666,0.0,28.77883487405135,28.53095294745815,28.53095294745815,276922.2254379148,229600.18155981626,210667.51669976552,3693.423961738459,3066.264681692564,2817.9337124763824,39888816.62650722,33204678.176826853,133680558.49636322,136464914.97109273,148507229.46363583,1783970.466377752,1821028.3649878516,1980620.0393995978,120698.53333333335
37.30292291666666,38.04177702991222,0.01980686915328667,-84672.66129777777,-66399.20279166666,-18273.45850611111,-22841.823132638885,-2269.866666666667,-1780.0,-489.86666666666673,-612.3333333333334,0.5189583333333334,10632.616666666667,8975.083333333334,0.0,29.04858081779068,28.75992700836201,28.53095294745815,285329.7429602395,237610.70977460954,220137.41549890934,3803.7639647586734,3171.3882704365656,2942.145975491333,39888816.62650722,33204678.176826853,133680558.49636322,136464914.97109273,148507229.46363583,1783970.466377752,1821028.3649878516,1980620.0393995978,120698.53333333335
40.14782391666666,40.804434240677814,0.016354817271642397,-71278.44658164999,-71463.12657166665,184.67999001666666,230.84998752083328,-1775.4,-1780.0,4.6000000000000005,5.75,0.6070312500000001,11126.566666666666,9345.416666666666,0.0,29.04858081779068,28.75992700836201,28.75992700836201,299678.2894551872,248261.46941003957,248426.83899033765,3991.967150786576,3313.564356862579,3315.7718613547922,39888816.62650722,33204678.176826853,133680558.49636322,136464914.97109273,148507229.46363583,1783970.466377752,1821028.3649878516,1980620.0393995978,120698.53333333335
54.38615516666667,52.58561426506995,-0.033106603989176184,180456.8885866778,103333.69481666667,77123.19377001112,96403.99221251388,3318.0666666666666,1900.0,1418.0666666666666,1772.5833333333333,0.5028645833333335,8336.433333333332,9881.916666666666,0.0,28.53095294745815,28.75992700836201,29.20072509152424,219386.5759205087,263691.1702500258,315090.97072197724,2932.297561567125,3519.534123831679,4194.181031401533,39888816.62650722,33204678.176826853,133680558.49636322,136464914.97109273,148507229.46363583,1783970.466377752,1821028.3649878516,1980620.0393995978,120698.53333333335
47.51848533333335,47.62301076157528,0.002199679293409717,53256.34243733352,27130.679201066843,26125.66323626668,32657.079045333347,1120.7500000000036,570.9500000000035,549.8000000000001,687.25,0.4715625,9368.33333333333,9801.833333333334,0.0,28.75992700836201,28.75992700836201,28.77883487405135,248920.5510706478,261387.97942877284,281163.74605110206,3322.362382012703,3488.7890250343353,3749.0580745874727,39888816.62650722,33204678.176826853,133680558.49636322,136464914.97109273,148507229.46363583,1783970.466377752,1821028.3649878516,1980620.0393995978,120698.53333333335
29.638222999999996,29.779981386576722,0.004782958363486492,-121001.00921979992,-52756.03693999994,-68244.97227979999,-85306.21534975,-4082.599999999998,-1779.9999999999982,-2302.6,-2878.25,0.5596354166666666,7570.0999999999985,6677.75,312.0,28.35730167798622,28.25837873121386,27.41972944024914,197570.53016073516,172300.2707069672,91814.39981369383,2641.593856902251,2301.611471096608,1222.8060177042375,39888816.62650722,33204678.176826853,133680558.49636322,136464914.97109273,148507229.46363583,1783970.466377752,1821028.3649878516,1980620.0393995978,120698.53333333335
29.160977666666668,30.293626605707043,0.03884125395202675,-135108.6417252,-51906.54024666667,-83202.10147853334,-104002.62684816666,-4633.200000000001,-1780.0,-2853.2000000000003,-3566.5,0.6477083333333333,5764.450000000001,5586.75,889.0,28.0976733589821,28.0976733589821,26.06783176638855,146594.0130456733,141601.05648978215,44039.628438951186,1954.417312079779,1887.122175351726,593.4892507627865,39888816.62650722,33204678.176826853,133680558.49636322,136464914.97109273,148507229.46363583,1783970.466377752,1821028.3649878516,1980620.0393995978,120698.53333333335
30.167011083333332,29.814870555304335,-0.011673033402488701,-167296.18779780553,-53697.27972833333,-113598.9080694722,-141998.63508684025,-5545.666666666666,-1780.0,-3765.6666666666665,-4707.083333333333,0.73578125,5677.166666666666,5516.583333333333,678.0,28.0976733589821,28.0976733589821,22.10975254704169,144141.55445599012,139629.53640909356,14878.235669622632,1921.3630416760257,1860.5500007479832,198.9021249580314,39888816.62650722,33204678.176826853,133680558.49636322,136464914.97109273,148507229.46363583,1783970.466377752,1821028.3649878516,1980620.0393995978,120698.53333333335
29.67793716666667,29.075979667330706,-0.02028299662323112,-170216.81935484445,-52826.72815666667,-117390.09119817779,-146737.61399772222,-5735.466666666667,-1780.0,-3955.4666666666667,-4944.333333333333,0.8238541666666668,5689.133333333334,5535.0,637.0,28.0976733589821,28.0976733589821,21.57446557216196,144477.78994718596,140147.00189345484,10048.283900711134,1925.894828223648,1867.5244076214121,134.8418688899214,39888816.62650722,33204678.176826853,133680558.49636322,136464914.97109273,148507229.46363583,1783970.466377752,1821028.3649878516,1980620.0393995978,120698.53333333335
29.917467583333334,30.560829050074087,0.02150454295467055,-182478.60177778336,-53253.09229833334,-129225.50947945002,-161531.8868493125,-6099.400000000001,-1780.0,-4319.400000000001,-5399.25,0.9119270833333335,6093.0666666666675,5447.916666666667,55.0,28.0976733589821,28.01740671434946,4.383040671054008,155827.37680599082,137700.24979397515,213.30797932462974,2078.8647150873785,1834.5497922653099,2.8061230387448153,39888816.62650722,33204678.176826853,133680558.49636322,136464914.97109273,148507229.46363583,1783970.466377752,1821028.3649878516,1980620.0393995978,120698.53333333335
40.776371833333336,39.93789291639631,-0.02056286224689561,-209234.43757598876,-72581.94186333318,-136652.49571265557,-170815.61964081944,-5131.266666666663,-1779.9999999999961,-3351.2666666666664,-4189.083333333333,1.0,6585.43333333333,5644.25,1.0,28.25837873121386,28.0976733589821,24.01983117395022,169691.55137709717,143216.67270792363,29732.78210816703,2266.1816959932094,1908.8974728298522,400.32019591132814,39888816.62650722,33204678.176826853,133680558.49636322,136464914.97109273,148507229.46363583,1783970.466377752,1821028.3649878516,1980620.0393995978,120698.53333333335
41.88649616666667,42.74540336744176,0.02050558722690705,-119513.34329581112,0.0,-119513.34329581112,-149391.6791197639,-2853.266666666667,0.0,-2853.266666666667,-3566.5833333333335,1.0,5082.6,5795.916666666667,0.0,28.01740671434946,28.0976733589821,26.06783176638855,127465.02416444472,147478.15316736925,49489.977597440266,1697.5242275653093,1966.3337647286783,667.371314880474,39888816.62650722,33204678.176826853,133680558.49636322,136464914.97109273,148507229.46363583,1783970.466377752,1821028.3649878516,1980620.0393995978,120698.53333333335
49.70011016666667,50.51477597714184,0.01639162987251396,-65650.53218948889,0.0,-65650.53218948889,-82063.16523686112,-1320.9333333333334,0.0,-1320.9333333333334,-1651.1666666666667,1.0,5877.183333333333,6207.416666666667,0.0,28.0976733589821,28.0976733589821,27.71759299894158,149761.55742234254,159040.34575459038,112751.03713535819,1997.1095184977635,2122.1691545069216,1500.6281109729748,39888816.62650722,33204678.176826853,133680558.49636322,136464914.97109273,148507229.46363583,1783970.466377752,1821028.3649878516,1980620.0393995978,120698.53333333335
68.07504783333333,68.7273566022089,0.009582200668776774,115373.59106793332,129342.59088333332,-13968.9998154,-17461.24976925,1694.8,1900.0,-205.20000000000002,-256.5,0.8958333333333334,5470.366666666667,7421.666666666667,0.0,28.0976733589821,28.35730167798622,28.35730167798622,138330.95560535262,193361.36134833278,186087.7134679293,1843.0477109199126,2585.297354456017,2488.014267475604,39888816.62650722,33204678.176826853,133680558.49636322,136464914.97109273,148507229.46363583,1783970.466377752,1821028.3649878516,1980620.0393995978,120698.53333333335
169.29501449999998,164.42290533935824,-0.028778810616669055,880356.6480685999,321660.52754999994,558696.1205186,698370.15064825,5200.133333333333,1900.0,3300.1333333333337,4125.166666666667,0.7916666666666667,8309.7,9384.666666666666,0.0,28.53095294745815,28.75992700836201,29.92816708722221,218623.8484450467,249390.29654511777,370139.3396094938,2922.2932196200513,3328.6329744833383,4935.0854406850685,39888816.62650722,33204678.176826853,133680558.49636322,136464914.97109273,148507229.46363583,1783970.466377752,1821028.3649878516,1980620.0393995978,120698.53333333335
59.4943185,58.65546600734401,-0.014099707565454119,283434.8996219,0.0,283434.8996219,354293.624527375,4764.066666666667,0.0,4764.066666666667,5955.083333333333,0.7916666666666667,10628.016666666666,9437.0,0.0,29.04858081779068,28.75992700836201,31.61297349762471,285196.1194884777,250895.39939188876,427969.3247001276,3802.011288059153,3348.7244646443505,5705.879084072309,39888816.62650722,33204678.176826853,133680558.49636322,136464914.97109273,148507229.46363583,1783970.466377752,1821028.3649878516,1980620.0393995978,120698.53333333335
60.711373333333334,61.80880159876952,0.018076156166173283,355825.3116817778,115351.60933333334,240473.70234844447,300592.1279355556,5860.933333333334,1900.0,3960.933333333334,4951.166666666667,0.6875000000000001,8591.066666666666,9500.833333333334,0.0,28.53095294745815,28.75992700836201,30.49717367894778,226651.50757269646,252731.24139925587,398674.28613957175,3027.5882949009138,3373.230963789789,5314.836179923963,39888816.62650722,33204678.176826853,133680558.49636322,136464914.97109273,148507229.46363583,1783970.466377752,1821028.3649878516,1980620.0393995978,120698.53333333335
65.63543275,66.19735013895219,0.008561189671628727,324177.7780477667,124707.32222500001,199470.4558227667,249338.06977845836,4939.0666666666675,1900.0,3039.066666666667,3798.8333333333335,0.5833333333333335,8275.766666666666,9416.0,0.0,28.53095294745815,28.75992700836201,29.92816708722221,217655.69810836294,250291.44092471316,361310.5303187633,2909.5944414378546,3340.6622743249636,4814.608916537074,39888816.62650722,33204678.176826853,133680558.49636322,136464914.97109273,148507229.46363583,1783970.466377752,1821028.3649878516,1980620.0393995978,120698.53333333335
73.30505958333333,71.5917744451755,-0.023371990254099258,304660.71463230555,139279.61320833332,165381.10142397226,206726.37677996527,4156.0666666666675,1900.0,2256.066666666667,2820.0833333333335,0.4791666666666668,8356.016666666666,9692.0,0.0,28.53095294745815,28.75992700836201,29.89577970970236,219945.30708239644,258229.18077902106,340298.4912111995,2939.626178641821,3446.622489951192,4528.834310744128,39888816.62650722,33204678.176826853,133680558.49636322,136464914.97109273,148507229.46363583,1783970.466377752,1821028.3649878516,1980620.0393995978,120698.53333333335
67.21009466666666,66.10694868132683,-0.016413397285198986,223997.80350506667,127699.17986666666,96298.62363840001,120373.27954799999,3332.8,1900.0,1432.8000000000002,1791.0,0.3750000000000001,8183.95,9725.75,0.0,28.53095294745815,28.75992700836201,29.20072509152424,215036.08111190383,259199.82831555328,311068.5708406198,2875.234142319132,3459.579581535921,4141.421124865216,39888816.62650722,33204678.176826853,133680558.49636322,136464914.97109273,148507229.46363583,1783970.466377752,1821028.3649878516,1980620.0393995978,120698.53333333335
53.8018605,52.980078215690746,-0.015274235438554211,16700.0974992,0.0,16700.0974992,20875.121874,310.40000000000003,0.0,310.40000000000003,388.0,0.3750000000000001,9711.433333333334,9633.833333333334,0.0,28.75992700836201,28.75992700836201,28.77883487405135,258788.0820272169,256556.31169136803,267716.8354562016,3454.083215278498,3424.2915024792396,3572.6810132144,39888816.62650722,33204678.176826853,133680558.49636322,136464914.97109273,148507229.46363583,1783970.466377752,1821028.3649878516,1980620.0393995978,120698.53333333335
61.92981383333335,61.016183165827826,-0.014752679056395967,130184.72598617781,117666.64628333336,12518.079702844447,15647.59962855556,2102.133333333333,1900.0,202.13333333333333,252.66666666666666,0.2708333333333334,7784.533333333334,9634.0,0.0,28.45196742055357,28.75992700836201,28.75992700836201,203658.03773521222,256561.10501253605,263827.77990331553,2723.3070634176393,3424.3554881166947,3521.3577144991596,39888816.62650722,33204678.176826853,133680558.49636322,136464914.97109273,148507229.46363583,1783970.466377752,1821028.3649878516,1980620.0393995978,120698.53333333335
58.5179135,58.04038958293239,-0.008160303204720488,-4119.6611104,0.0,-4119.6611104,-5149.5763879999995,-70.4,0.0,-70.4,-88.0,0.2708333333333334,9726.65,9744.25,0.0,28.75992700836201,28.75992700836201,28.75992700836201,259225.7122498608,259731.886965208,257201.0133884721,3459.9251039781802,3466.681987293476,3432.8975707169975,39888816.62650722,33204678.176826853,133680558.49636322,136464914.97109273,148507229.46363583,1783970.466377752,1821028.3649878516,1980620.0393995978,120698.53333333335
50.970430833333346,50.698442394205834,-0.005336200512349568,-115509.19035450002,-90727.36688333335,-24781.823471166674,-30977.279338958342,-2266.2,-1780.0,-486.20000000000005,-607.75,0.3589062500000001,11394.95,9736.5,0.0,29.20072509152424,28.75992700836201,28.75992700836201,307511.9225244722,259508.99753089316,242030.15189156117,4094.770260138369,3463.706655151798,3230.3830281704923,39888816.62650722,33204678.176826853,133680558.49636322,136464914.97109273,148507229.46363583,1783970.466377752,1821028.3649878516,1980620.0393995978,120698.53333333335
53.1499555,50.03889333255952,-0.058533673982859365,-126316.18424129998,-94606.92078999999,-31709.2634513,-39636.579314124996,-2376.6,-1780.0,-596.6,-745.75,0.44697916666666676,11252.35,9621.5,0.0,29.20072509152424,28.75992700836201,28.53095294745815,303347.8991264208,256201.60592493153,234773.7943609554,4040.152745277544,3419.556565307536,3134.12455724379,39888816.62650722,33204678.176826853,133680558.49636322,136464914.97109273,148507229.46363583,1783970.466377752,1821028.3649878516,1980620.0393995978,120698.53333333335
55.48715091666665,54.46420514644577,-0.018435723466090223,-27344.067971733326,0.0,-27344.067971733326,-34180.084964666654,-492.8,0.0,-492.8,-616.0,0.44697916666666676,9519.55,9642.75,0.0,28.75992700836201,28.75992700836201,28.75992700836201,253269.531366429,256812.75437385924,239096.63933670823,3380.4165508760357,3427.714734083106,3191.2238180477552,39888816.62650722,33204678.176826853,133680558.49636322,136464914.97109273,148507229.46363583,1783970.466377752,1821028.3649878516,1980620.0393995978,120698.53333333335
53.12250508333333,52.69846003889568,-0.0079823992443965,23030.37670379444,0.0,23030.37670379444,28787.97087974305,433.5333333333333,0.0,433.5333333333333,541.9166666666666,0.44697916666666676,9964.716666666667,9856.333333333334,0.0,28.77883487405135,28.75992700836201,28.77883487405135,266073.0843376453,262955.3954507286,278549.6685500424,3551.1206711660493,3509.712328482268,3714.770399021814,39888816.62650722,33204678.176826853,133680558.49636322,136464914.97109273,148507229.46363583,1783970.466377752,1821028.3649878516,1980620.0393995978,120698.53333333335
59.13531166666667,58.66372716715548,-0.007974668370218641,134101.14626650012,32695.9138205001,101405.23244600001,126756.5405575,2267.7000000000016,552.9000000000017,1714.8000000000002,2143.5,0.4166666666666667,10224.55,10348.75,0.0,28.77883487405135,28.77883487405135,29.89577970970236,273550.78493241966,277125.11622377683,339705.558246957,3649.2022972336854,3696.0851886676837,4520.773858623899,39888816.62650722,33204678.176826853,133680558.49636322,136464914.97109273,148507229.46363583,1783970.466377752,1821028.3649878516,1980620.0393995978,120698.53333333335
65.77353308333333,67.93410270333021,0.03284861734977041,200043.62351965002,124969.71285833334,75073.91066131667,93842.38832664583,3041.4,1900.0,1141.4,1426.75,0.3125,8929.93333333333,10544.58333333333,0.0,28.53095294745815,29.04858081779068,29.38437869246251,236319.6964948251,282772.4995622466,324361.9271103215,3154.4014373372665,3770.221796907696,4316.43147818845,39888816.62650722,33204678.176826853,133680558.49636322,136464914.97109273,148507229.46363583,1783970.466377752,1821028.3649878516,1980620.0393995978,120698.53333333335
63.60168974999999,64.6012093515323,0.01571529947492194,78454.80436294999,120843.21052499999,-42388.40616205,-52985.50770256249,1233.5333333333333,1900.0,-666.4666666666667,-833.0833333333334,0.20833333333333331,8311.550000000003,10378.16666666667,0.0,28.53095294745815,28.77883487405135,28.75992700836201,218676.63070799957,277971.69361632195,254003.86816937596,2922.9855400415763,3707.1893624976647,3390.219150534212,39888816.62650722,33204678.176826853,133680558.49636322,136464914.97109273,148507229.46363583,1783970.466377752,1821028.3649878516,1980620.0393995978,120698.53333333335
77.25011583333334,79.74535466515754,0.032300777868186706,87328.68094572224,146775.22008333335,-59446.539137611115,-74308.1739220139,1130.4666666666667,1900.0,-769.5333333333333,-961.9166666666666,0.10416666666666664,7828.950000000001,9921.333333333334,0.0,28.45196742055357,28.75992700836201,28.6258182180586,204921.7792881418,264824.7907062721,237161.55593461983,2740.4213476289947,3534.6667270898943,3165.5274862624824,39888816.62650722,33204678.176826853,133680558.49636322,136464914.97109273,148507229.46363583,1783970.466377752,1821028.3649878516,1980620.0393995978,120698.53333333335
71.36741250000001,72.50817076511441,0.01598430187047058,6951.18597749999,135598.08375000002,-128646.89777250003,-160808.62221562504,97.39999999999986,1900.0,-1802.6000000000001,-2253.25,0.0,7250.433333333334,9601.083333333334,0.0,28.35730167798622,28.75992700836201,28.35730167798622,188505.6460576723,255614.42408184416,191267.64724110815,2520.3534665004117,3411.7183247192434,2557.29449056237,39888816.62650722,33204678.176826853,133680558.49636322,136464914.97109273,148507229.46363583,1783970.466377752,1821028.3649878516,1980620.0393995978,120698.53333333335
51.942538750000004,51.726579464501654,-0.004157657494135338,-117033.46547558333,0.0,-117033.46547558333,-146291.83184447917,-2253.133333333333,0.0,-2253.133333333333,-2816.4166666666665,0.0,8956.800000000001,9520.083333333334,0.0,28.59772324834059,28.75992700836201,28.25837873121386,237086.67480827073,253284.86999416683,173032.6336890845,3164.541306248169,3380.6213049158937,2311.5579055226394,39888816.62650722,33204678.176826853,133680558.49636322,136464914.97109273,148507229.46363583,1783970.466377752,1821028.3649878516,1980620.0393995978,120698.53333333335
49.31374575,47.31126097117066,-0.0406070305221002,-180225.302801,0.0,-180225.302801,-225281.62850125,-3654.6666666666665,0.0,-3654.6666666666665,-4568.333333333333,0.0,8383.666666666668,9297.333333333334,0.0,28.53095294745815,28.75992700836201,28.01740671434946,220734.1879313937,246878.59625305422,117558.06915025077,2949.9735622392,3295.1045004566818,1564.8934332464441,39888816.62650722,33204678.176826853,133680558.49636322,136464914.97109273,148507229.46363583,1783970.466377752,1821028.3649878516,1980620.0393995978,120698.53333333335
40.670756,40.35894464297867,-0.0076667214403717725,-244835.23973626667,-72393.94567999999,-172441.29405626666,-215551.61757033333,-6019.933333333333,-1780.0,-4239.933333333333,-5299.916666666667,0.08807291666666667,9256.266666666666,8741.25,205.0,28.75992700836201,28.53095294745815,27.41972944024914,245697.52191724413,230936.38118952228,81993.56671917792,3279.338439387658,3083.790991462688,1092.5960498005506,39888816.62650722,33204678.176826853,133680558.49636322,136464914.97109273,148507229.46363583,1783970.466377752,1821028.3649878516,1980620.0393995978,120698.53333333335
32.952694916666665,31.500960864695067,-0.04405509338895814,-226883.69819390558,-58655.79695166666,-168227.9012422389,-210284.8765527986,-6885.133333333334,-1780.0,-5105.133333333334,-6381.416666666667,0.17614583333333333,9146.800000000001,8746.083333333334,103.0,28.75992700836201,28.53095294745815,26.06783176638855,242549.26857406212,231074.280795435,53017.82416315819,3237.312672706918,3085.599756527932,715.1929458597982,39888816.62650722,33204678.176826853,133680558.49636322,136464914.97109273,148507229.46363583,1783970.466377752,1821028.3649878516,1980620.0393995978,120698.53333333335
29.567726000000004,28.95646057271081,-0.020673400020319237,-173042.15964240002,-52630.55228,-120411.60736240001,-150514.50920300002,-5852.4,-1780.0,-4072.4,-5090.5,0.26421875,8803.15,8242.25,201.0,28.53095294745815,28.53095294745815,26.87347372209153,232702.44717696993,216699.43566874063,74065.48855649463,3106.9556585396413,2897.051591278524,987.7451831322276,39888816.62650722,33204678.176826853,133680558.49636322,136464914.97109273,148507229.46363583,1783970.466377752,1821028.3649878516,1980620.0393995978,120698.53333333335
36.502643416666665,35.820134160373435,-0.018697529614570406,-156520.90146110556,-64974.70528166666,-91546.19617943889,-114432.7452242986,-4287.933333333333,-1780.0,-2507.9333333333334,-3134.9166666666665,0.35229166666666667,9877.35,8769.333333333334,45.0,28.75992700836201,28.53095294745815,28.0976733589821,263559.833250021,231737.6254514634,142940.37891989367,3517.7809173654005,3094.3005402038475,1905.1735813770715,39888816.62650722,33204678.176826853,133680558.49636322,136464914.97109273,148507229.46363583,1783970.466377752,1821028.3649878516,1980620.0393995978,120698.53333333335
52.68765025,51.143521465249734,-0.029307224319616826,128712.41705073333,38240.696551450004,90471.72049928333,113089.65062410415,2442.9333333333334,725.8000000000001,1717.1333333333332,2146.4166666666665,0.3125,9783.900000000003,10080.41666666667,0.0,28.75992700836201,28.77883487405135,29.38437869246251,260872.21807108962,269402.7955325732,331869.6358662459,3481.9041704441297,3594.7949911250967,4416.457436600774,39888816.62650722,33204678.176826853,133680558.49636322,136464914.97109273,148507229.46363583,1783970.466377752,1821028.3649878516,1980620.0393995978,120698.53333333335
53.24005916666667,52.15065510338479,-0.020462112182699225,334198.499401,101156.11241666667,233042.38698433334,291302.9837304167,6277.2,1900.0,4377.2,5471.5,0.20833333333333331,9436.96666666667,10242.66666666667,0.0,28.75992700836201,28.77883487405135,31.61297349762471,250894.44072765525,274072.161490888,438151.336580821,3348.711667516861,3656.0409583969663,5843.901020568285,39888816.62650722,33204678.176826853,133680558.49636322,136464914.97109273,148507229.46363583,1783970.466377752,1821028.3649878516,1980620.0393995978,120698.53333333335
49.47940141666667,48.81835148299711,-0.013360103694522379,203099.74830837225,0.0,203099.74830837225,253874.6853854653,4104.733333333334,0.0,4104.733333333334,5130.916666666667,0.20833333333333331,11266.683333333334,10240.5,0.0,29.20072509152424,28.77883487405135,31.61297349762471,303766.44285273267,274009.8073486608,427315.9899145101,4045.642584312176,3655.223087236683,5697.022825275156,39888816.62650722,33204678.176826853,133680558.49636322,136464914.97109273,148507229.46363583,1783970.466377752,1821028.3649878516,1980620.0393995978,120698.53333333335
49.80377433333334,48.55850509790031,-0.02500351132222476,170674.21438871115,0.0,170674.21438871115,213342.76798588893,3426.933333333334,0.0,3426.933333333334,4283.666666666667,0.20833333333333331,11063.566666666664,10206.83333333333,0.0,29.04858081779068,28.77883487405135,30.55013652931675,297848.22886366636,273040.91990790097,399848.554178792,3967.963100336615,3642.5146276692267,5330.252824504706,39888816.62650722,33204678.176826853,133680558.49636322,136464914.97109273,148507229.46363583,1783970.466377752,1821028.3649878516,1980620.0393995978,120698.53333333335
51.44778191666666,50.71610877629783,-0.014221665407343917,229319.9132632222,97750.78564166666,131569.12762155556,164461.40952694442,4457.333333333334,1900.0,2557.3333333333335,3196.6666666666665,0.10416666666666664,9135.833333333332,10396.5,0.0,28.75992700836201,28.77883487405135,29.92816708722221,242233.86804120368,278499.3055890128,372633.353533429,3233.102417762348,3714.109810776971,4969.118357111056,39888816.62650722,33204678.176826853,133680558.49636322,136464914.97109273,148507229.46363583,1783970.466377752,1821028.3649878516,1980620.0393995978,120698.53333333335
51.02041233333333,52.68990785569227,0.0327221095637479,144180.28389317778,96938.78343333333,47241.50045984445,59051.875574805556,2825.9333333333334,1900.0,925.9333333333334,1157.4166666666667,0.0,8864.400000000003,10532.91666666667,0.0,28.53095294745815,29.04858081779068,29.20072509152424,234449.96804500185,282433.5994527059,316137.33003775694,3129.877077900925,3765.776602379928,4207.905628988113,39888816.62650722,33204678.176826853,133680558.49636322,136464914.97109273,148507229.46363583,1783970.466377752,1821028.3649878516,1980620.0393995978,120698.53333333335
44.29117558333334,43.50498718839656,-0.017750452196907174,283.4635237333334,0.0,283.4635237333334,354.32940466666673,6.4,0.0,6.4,8.0,0.0,10479.51666666667,10477.91666666667,0.0,28.77883487405135,28.77883487405135,28.77883487405135,280888.4285308071,280842.3823950086,281072.613074001,3745.446858848999,3744.842892453714,3747.8627244301388,39888816.62650722,33204678.176826853,133680558.49636322,136464914.97109273,148507229.46363583,1783970.466377752,1821028.3649878516,1980620.0393995978,120698.53333333335
43.51182950000001,44.18522709095716,0.015476195754010968,-200.15441570000007,0.0,-200.15441570000007,-250.19301962500006,-4.6000000000000005,0.0,-4.6000000000000005,-5.75,0.0,10285.43333333333,10286.58333333333,0.0,28.77883487405135,28.77883487405135,28.77883487405135,275302.93632900144,275336.03198910656,275170.55368858075,3672.1844768376027,3672.6185776842135,3670.448073451158,39888816.62650722,33204678.176826853,133680558.49636322,136464914.97109273,148507229.46363583,1783970.466377752,1821028.3649878516,1980620.0393995978,120698.53333333335
43.97456075,43.429530316121934,-0.012394221217504,-11934.695787550003,0.0,-11934.695787550003,-14918.369734437501,-271.40000000000003,0.0,-271.40000000000003,-339.25,0.0,10116.06666666667,10183.91666666667,0.0,28.77883487405135,28.77883487405135,28.75992700836201,270428.7609958331,272381.4049420375,262619.8629689644,3608.25211737004,3633.864067320095,3505.233333860387,39888816.62650722,33204678.176826853,133680558.49636322,136464914.97109273,148507229.46363583,1783970.466377752,1821028.3649878516,1980620.0393995978,120698.53333333335
37.829169416666666,37.45469619811268,-0.009899060019779405,-98867.79524277222,-67335.92156166666,-31531.873681105557,-39414.842101381946,-2613.5333333333333,-1780.0,-833.5333333333334,-1041.9166666666667,0.08807291666666667,11625.116666666667,10053.5,0.0,29.20072509152424,28.77883487405135,28.75992700836201,314232.95608303795,268628.1652272132,238660.44711041477,4182.926861380537,3584.6345147877487,3185.4011250393096,39888816.62650722,33204678.176826853,133680558.49636322,136464914.97109273,148507229.46363583,1783970.466377752,1821028.3649878516,1980620.0393995978,120698.53333333335
42.50959658333333,43.58419221465324,0.025278895065808073,-46638.69539812778,0.0,-46638.69539812778,-58298.36924765971,-1097.1333333333334,0.0,-1097.1333333333334,-1371.4166666666667,0.08807291666666667,9754.799999999997,10029.08333333333,0.0,28.75992700836201,28.77883487405135,28.53095294745815,260035.30419514613,267925.48200903833,228551.66903899715,3470.7322781444054,3575.417735943034,3052.5118300757936,39888816.62650722,33204678.176826853,133680558.49636322,136464914.97109273,148507229.46363583,1783970.466377752,1821028.3649878516,1980620.0393995978,120698.53333333335
41.04485083333333,41.31177745449023,0.006503291295680096,-89157.62498016666,-73059.83448333332,-16097.790496833333,-20122.238121041664,-2172.2,-1780.0,-392.20000000000005,-490.25,0.17614583333333333,11541.783333333333,9859.833333333334,0.0,29.20072509152424,28.75992700836201,28.75992700836201,311799.56232541095,263056.0551952578,248956.50097940836,4151.009192574538,3511.0560268688323,3322.8422742936204,39888816.62650722,33204678.176826853,133680558.49636322,136464914.97109273,148507229.46363583,1783970.466377752,1821028.3649878516,1980620.0393995978,120698.53333333335
47.03999108333333,47.55212162622131,0.010887130951634842,109468.33124972777,89375.98305833332,20092.34819139444,25115.435239243052,2327.133333333333,1900.0,427.1333333333333,533.9166666666666,0.07197916666666666,8491.283333333333,10284.5,0.0,28.53095294745815,28.77883487405135,29.04858081779068,223804.59398442262,275276.076083119,290726.96927618503,2990.246651984996,3671.8321631070207,3874.5568627523658,39888816.62650722,33204678.176826853,133680558.49636322,136464914.97109273,148507229.46363583,1783970.466377752,1821028.3649878516,1980620.0393995978,120698.53333333335
45.52221191666666,44.919233441382524,-0.013245807923128858,194961.0117896361,59766.11202539167,135194.89976424444,168993.62470530556,4282.766666666666,1312.9,2969.866666666667,3712.3333333333335,0.0,10335.233333333337,10905.66666666667,0.0,28.77883487405135,29.04858081779068,30.64520850367948,276736.12230572937,293261.4579525374,403751.33086582145,3690.9829308908506,3907.800567542193,5381.816382090733,39888816.62650722,33204678.176826853,133680558.49636322,136464914.97109273,148507229.46363583,1783970.466377752,1821028.3649878516,1980620.0393995978,120698.53333333335
43.19217333333333,43.66164620525197,0.010869396830196647,79833.5337111111,0.0,79833.5337111111,99791.91713888888,1848.3333333333333,0.0,1848.3333333333333,2310.4166666666665,0.0,11313.166666666664,10857.08333333333,6.0,29.20072509152424,29.04858081779068,29.92816708722221,305123.7898907369,291850.1810678062,359893.93040996796,4063.4462599721605,3889.2895074729754,4795.2782200071115,39888816.62650722,33204678.176826853,133680558.49636322,136464914.97109273,148507229.46363583,1783970.466377752,1821028.3649878516,1980620.0393995978,120698.53333333335
23.816335249999998,23.5228239330399,-0.012323949670640457,-71953.9120573,-42393.076745,-29560.835312299998,-36951.044140374994,-3021.2,-1780.0,-1241.2,-1551.5,0.08807291666666667,8124.033333333333,7535.333333333333,881.0,28.53095294745815,28.35730167798622,28.0976733589821,213326.6015144686,196584.64130573053,152758.17428607796,2852.81169263102,2628.40785823811,2037.4979615593663,39888816.62650722,33204678.176826853,133680558.49636322,136464914.97109273,148507229.46363583,1783970.466377752,1821028.3649878516,1980620.0393995978,120698.53333333335
13.207388666666665,12.510057803887449,-0.05279854181464104,-68524.33486555556,-23509.151826666664,-45015.18303888889,-56268.978798611104,-5188.333333333334,-1780.0,-3408.333333333334,-4260.416666666667,0.17614583333333333,6014.416666666667,6014.416666666667,927.916666666667,28.0976733589821,28.0976733589821,26.04200895983594,153617.49479630686,153617.49479630686,37099.21800342825,2049.079895145558,2049.079895145558,499.4048002760683,39888816.62650722,33204678.176826853,133680558.49636322,136464914.97109273,148507229.46363583,1783970.466377752,1821028.3649878516,1980620.0393995978,120698.53333333335
10.587184333333335,10.622635071657143,0.0033484576453620936,-67534.23723775556,-18845.188113333337,-48689.04912442223,-60861.311405527784,-6378.866666666667,-1780.0,-4598.866666666667,-5748.583333333333,0.26421875,5793.833333333333,5793.833333333333,630.2833333333338,28.0976733589821,28.0976733589821,4.383040671054008,147419.61634787137,147419.61634787137,198.33259036519388,1965.5448046751228,1965.5448046751228,2.6091178254082625,39888816.62650722,33204678.176826853,133680558.49636322,136464914.97109273,148507229.46363583,1783970.466377752,1821028.3649878516,1980620.0393995978,120698.53333333335
12.724145333333334,12.661805813790425,-0.004899308983810364,-92255.99160115558,-22648.978693333334,-69607.01290782224,-87008.76613477778,-7250.466666666667,-1780.0,-5470.466666666667,-6838.083333333333,0.35229166666666667,5054.916666666667,5054.916666666667,412.3833333333341,28.01740671434946,28.01740671434946,0.0,126689.40895523582,126689.40895523582,0.0,1687.1405666790142,1687.1405666790142,0.0,39888816.62650722,33204678.176826853,133680558.49636322,136464914.97109273,148507229.46363583,1783970.466377752,1821028.3649878516,1980620.0393995978,120698.53333333335
19.534831416666666,20.14996726163994,0.03148918113767042,-137480.93422212222,-34771.99992166667,-102708.93430045556,-128386.16787556944,-7037.733333333334,-1780.0,-5257.733333333334,-6572.166666666667,0.44036458333333334,4654.316666666667,4470.75,282.0,27.74203824836471,27.71759299894158,0.0,115469.80351576954,110381.18293394869,0.0,1536.8753062138503,1469.207290029045,0.0,39888816.62650722,33204678.176826853,133680558.49636322,136464914.97109273,148507229.46363583,1783970.466377752,1821028.3649878516,1980620.0393995978,120698.53333333335
18.500150833333333,17.849536303418436,-0.03516806623774264,-126458.39769294445,-32930.26848333333,-93528.12920961111,-116910.16151201389,-6835.533333333334,-1780.0,-5055.533333333334,-6319.416666666667,0.5284375,4557.033333333334,4347.916666666667,307.0,27.71759299894158,27.71759299894158,0.0,112772.74924987403,106976.53859391203,0.0,1500.9159820420518,1424.066656431236,0.0,39888816.62650722,33204678.176826853,133680558.49636322,136464914.97109273,148507229.46363583,1783970.466377752,1821028.3649878516,1980620.0393995978,120698.53333333335
17.65122491666667,17.618963759195438,-0.0018277007756425554,-109692.9488704611,-31419.18035166664,-78273.76851879446,-97842.21064849307,-6214.466666666664,-1779.9999999999982,-4434.466666666666,-5543.083333333333,0.6165104166666666,4461.666666666667,4461.666666666667,671.3833333333314,27.71759299894158,27.71759299894158,0.0,110129.41479754164,110129.41479754164,0.0,1465.8692106110254,1465.8692106110254,0.0,39888816.62650722,33204678.176826853,133680558.49636322,136464914.97109273,148507229.46363583,1783970.466377752,1821028.3649878516,1980620.0393995978,120698.53333333335
18.964374499999998,18.983997093026964,0.0010347081590783044,-90844.41102153333,-33756.58661,-57087.82441153333,-71359.78051441666,-4790.266666666666,-1780.0,-3010.266666666667,-3762.8333333333335,0.7045833333333333,4654.416666666667,4654.416666666667,1027.433333333333,27.74203824836471,27.74203824836471,22.10975254704169,115472.57771959438,115472.57771959438,16693.077857858974,1536.9129118629244,1536.9129118629244,222.87057717708774,39888816.62650722,33204678.176826853,133680558.49636322,136464914.97109273,148507229.46363583,1783970.466377752,1821028.3649878516,1980620.0393995978,120698.53333333335
23.494721333333334,23.030086940295682,-0.019776118492558913,-70966.58894471113,-41820.60397333334,-29145.984971377784,-36432.48121422223,-3020.5333333333338,-1780.0,-1240.5333333333335,-1550.6666666666667,0.7926562500000001,6033.283333333334,5583.416666666667,1020.0,28.0976733589821,28.0976733589821,27.71759299894158,154147.60423367965,141507.39757858557,98240.87720041227,2056.2247173905553,1885.8598392660374,1308.2444880004937,39888816.62650722,33204678.176826853,133680558.49636322,136464914.97109273,148507229.46363583,1783970.466377752,1821028.3649878516,1980620.0393995978,120698.53333333335
52.86566883333333,54.48216858746045,0.030577495561880927,218405.6998401111,100444.77078333333,117960.92905677778,147451.1613209722,4131.333333333334,1900.0,2231.3333333333335,2789.1666666666665,0.6884895833333334,6150.916666666666,7493.083333333333,0.0,28.0976733589821,28.35730167798622,28.77883487405135,157452.82720980787,195386.5453098356,275211.32370465243,2100.7725578545014,2612.3836460551765,3670.9828353636512,39888816.62650722,33204678.176826853,133680558.49636322,136464914.97109273,148507229.46363583,1783970.466377752,1821028.3649878516,1980620.0393995978,120698.53333333335
46.761463666666664,46.40303617366591,-0.007665018690513201,276157.61726077774,12971.630021133335,263185.9872396444,328982.4840495555,5905.666666666666,277.40000000000003,5628.266666666666,7035.333333333333,0.67328125,9452.666666666668,8324.0,1.0,28.75992700836201,28.53095294745815,31.61297349762471,251345.97158168646,219031.84107219533,426933.9998180804,3354.7391145651636,2927.644669364807,5691.844770736496,39888816.62650722,33204678.176826853,133680558.49636322,136464914.97109273,148507229.46363583,1783970.466377752,1821028.3649878516,1980620.0393995978,120698.53333333335
44.34803433333334,42.31280161829036,-0.04589228689924684,238119.37901377783,0.0,238119.37901377783,297649.22376722225,5369.333333333334,0.0,5369.333333333334,6711.666666666667,0.67328125,10017.666666666668,8704.333333333334,29.0,28.77883487405135,28.53095294745815,31.61297349762471,267596.9236442264,229883.1135098786,428725.40164961247,3571.1081840600123,3069.975768636772,5716.128060986758,39888816.62650722,33204678.176826853,133680558.49636322,136464914.97109273,148507229.46363583,1783970.466377752,1821028.3649878516,1980620.0393995978,120698.53333333335
40.669242000000004,41.48781033542939,0.02012745493091269,134501.3171424001,-72391.25075999994,206892.56790240004,258615.70987800002,3307.2000000000025,-1779.9999999999982,5087.200000000001,6359.0,0.7613541666666667,11602.299999999997,8605.5,55.0,29.20072509152424,28.53095294745815,31.32332298758161,313566.69287219964,227063.3043269048,414550.60395049216,4174.1878036614535,3032.9896416129877,5525.909408796314,39888816.62650722,33204678.176826853,133680558.49636322,136464914.97109273,148507229.46363583,1783970.466377752,1821028.3649878516,1980620.0393995978,120698.53333333335
38.77180225,37.21337495547796,-0.040194863382241784,83705.73627093343,-69013.80800499993,152719.54427593335,190899.43034491668,2158.9333333333357,-1779.9999999999982,3938.933333333334,4923.666666666667,0.8494270833333333,11306.483333333332,8541.75,0.0,29.20072509152424,28.53095294745815,29.92816708722221,304928.63171137526,225244.45607650434,368810.0301880364,4060.88646293392,3009.13265411451,4916.945896230019,39888816.62650722,33204678.176826853,133680558.49636322,136464914.97109273,148507229.46363583,1783970.466377752,1821028.3649878516,1980620.0393995978,120698.53333333335
40.60436575,40.9044814596058,0.0073912177683947864,34440.62302915001,-72275.771035,106716.39406415001,133395.4925801875,848.2000000000003,-1780.0,2628.2000000000003,3285.25,0.9375,10777.716666666665,8340.666666666666,0.0,29.04858081779068,28.53095294745815,29.20072509152424,289544.69203690096,219507.35695465296,314256.31666311115,3859.0494841283435,2933.8817902794417,4183.233271001075,39888816.62650722,33204678.176826853,133680558.49636322,136464914.97109273,148507229.46363583,1783970.466377752,1821028.3649878516,1980620.0393995978,120698.53333333335
47.198737833333325,46.07722878145215,-0.02376142039732959,171085.98489826664,89677.60188333332,81408.38301493332,101760.47876866665,3624.8,1900.0,1724.8000000000002,2156.0,0.8333333333333334,7175.616666666666,8644.416666666666,0.0,28.35730167798622,28.53095294745815,29.04858081779068,186384.04727046425,228173.63391244336,290204.0948214648,2491.9776525007314,3047.5533189486596,3867.6985626238056,39888816.62650722,33204678.176826853,133680558.49636322,136464914.97109273,148507229.46363583,1783970.466377752,1821028.3649878516,1980620.0393995978,120698.53333333335
50.37597025,50.52293698426684,0.0029173975913017866,154110.16818880002,95714.343475,58395.82471380001,72994.78089225,3059.2,1900.0,1159.2,1449.0,0.7291666666666667,7496.716666666666,9106.916666666666,0.0,28.35730167798622,28.75992700836201,29.04858081779068,195489.57683926565,241402.22681854523,283101.716811515,2613.7616650910263,3222.0009096638278,3774.5399858775313,39888816.62650722,33204678.176826853,133680558.49636322,136464914.97109273,148507229.46363583,1783970.466377752,1821028.3649878516,1980620.0393995978,120698.53333333335
51.51252933333333,51.11270372375914,-0.007761715736902647,143462.39419333334,97873.80573333333,45588.58846,56985.735575,2785.0,1900.0,885.0,1106.25,0.6250000000000001,7467.083333333334,9145.833333333334,0.0,28.35730167798622,28.75992700836201,28.77883487405135,194649.255466208,242521.46731128736,274343.1621859519,2602.5225924041406,3236.941556009676,3659.595552285882,39888816.62650722,33204678.176826853,133680558.49636322,136464914.97109273,148507229.46363583,1783970.466377752,1821028.3649878516,1980620.0393995978,120698.53333333335
52.48518708333334,52.94953307201577,0.008847181738061956,119571.75321325002,99721.85545833335,19849.89775491667,24812.372193645835,2278.2,1900.0,378.20000000000005,472.75,0.5208333333333335,7397.216666666666,9202.666666666666,0.0,28.35730167798622,28.75992700836201,28.75992700836201,192668.025322306,244155.9898295959,257752.24532279905,2576.0241713111,3258.7606583819847,3440.255919024374,39888816.62650722,33204678.176826853,133680558.49636322,136464914.97109273,148507229.46363583,1783970.466377752,1821028.3649878516,1980620.0393995978,120698.53333333335
51.49508608333334,50.02363356132419,-0.028574620103128473,103522.28805619445,97840.66355833334,5681.624497861112,7102.03062232639,2010.3333333333333,1900.0,110.33333333333333,137.91666666666666,0.4166666666666668,7408.25,9280.666666666666,0.0,28.35730167798622,28.75992700836201,28.75992700836201,192980.90088415312,246399.26413624812,250365.73740281805,2580.2087979245525,3288.7059367111365,3341.6540517055228,39888816.62650722,33204678.176826853,133680558.49636322,136464914.97109273,148507229.46363583,1783970.466377752,1821028.3649878516,1980620.0393995978,120698.53333333335
51.84055575,53.10521386820805,0.02439514970300141,112701.3682005,98497.055925,14204.3122755,17755.390344375,2174.0,1900.0,274.0,342.5,0.3125000000000001,7727.416666666666,9558.916666666666,0.0,28.45196742055357,28.75992700836201,28.75992700836201,202032.95619604157,254401.71382632485,264251.98882668884,2701.299314077183,3395.529958443013,3527.0204434139673,39888816.62650722,33204678.176826853,133680558.49636322,136464914.97109273,148507229.46363583,1783970.466377752,1821028.3649878516,1980620.0393995978,120698.53333333335
47.87707541666668,47.300583564546656,-0.012041083276346811,128824.44272613892,90966.44329166668,37857.99943447223,47322.49929309029,2690.7333333333336,1900.0,790.7333333333333,988.4166666666666,0.20833333333333343,7883.3499999999985,9585.666666666666,0.0,28.45196742055357,28.75992700836201,29.04858081779068,206469.56631581986,255171.04187379856,283629.4326963715,2761.382332118999,3405.7996532546135,3781.461788785059,39888816.62650722,33204678.176826853,133680558.49636322,136464914.97109273,148507229.46363583,1783970.466377752,1821028.3649878516,1980620.0393995978,120698.53333333335
69.10836183333332,71.61941702943116,0.03633504151282998,263989.33497921104,131305.8874833333,132683.44749587774,165854.30936984718,3819.9333333333334,1900.0,1919.9333333333334,2399.9166666666665,0.10416666666666675,8750.650000000003,10170.66666666667,0.0,28.53095294745815,28.77883487405135,29.89577970970236,231204.57214722846,272000.0853799563,342047.3943242171,3087.3087276585434,3628.862470609141,4552.609257754216,39888816.62650722,33204678.176826853,133680558.49636322,136464914.97109273,148507229.46363583,1783970.466377752,1821028.3649878516,1980620.0393995978,120698.53333333335
53.49157566666667,53.926379792196215,0.008128459857661158,152486.65170044446,101633.99376666667,50852.65793377778,63565.82241722222,2850.6666666666665,1900.0,950.6666666666666,1188.3333333333333,8.326672684688674e-17,8248.083333333332,9910.416666666666,0.0,28.53095294745815,28.75992700836201,29.04858081779068,216865.86622760075,264510.82816976414,298870.254765439,2899.2345835986457,3530.4756678365616,3981.3685369767923,39888816.62650722,33204678.176826853,133680558.49636322,136464914.97109273,148507229.46363583,1783970.466377752,1821028.3649878516,1980620.0393995978,120698.53333333335
18.09112191666667,17.888186914459048,-0.011217380720908445,-66628.3959442889,-32202.19701166667,-34426.198932622225,-43032.74866577778,-3682.9333333333334,-1780.0,-1902.9333333333334,-2378.6666666666665,0.08807291666666675,7241.183333333334,6173.916666666667,237.0,28.35730167798622,28.0976733589821,27.41972944024914,188243.34101715093,158099.07369706448,91697.86596357278,2516.845207028409,2109.4826768457524,1221.2609482851853,39888816.62650722,33204678.176826853,133680558.49636322,136464914.97109273,148507229.46363583,1783970.466377752,1821028.3649878516,1980620.0393995978,120698.53333333335
16.564496583333334,16.69186370071219,0.007689163189360418,-94418.73482477223,-29484.803918333335,-64933.93090643889,-81167.4136330486,-5700.066666666667,-1780.0,-3920.0666666666666,-4900.083333333333,0.17614583333333342,4309.316666666667,4019.333333333333,510.0,27.71759299894158,27.71759299894158,0.0,105906.63950415289,97868.99949434314,0.0,1409.8813501337427,1303.3139303280054,0.0,39888816.62650722,33204678.176826853,133680558.49636322,136464914.97109273,148507229.46363583,1783970.466377752,1821028.3649878516,1980620.0393995978,120698.53333333335
14.58047875,14.384108160335387,-0.013468048136938643,-99982.23091641665,-25953.252174999987,-74028.97874141666,-92536.22342677083,-6857.2666666666655,-1779.999999999999,-5077.266666666666,-6346.583333333333,0.26421875000000006,3874.4333333333325,3710.75,347.0,27.41972944024914,27.41972944024914,0.0,93869.05153974981,89380.89882587171,0.0,1250.047712245651,1190.541332776963,0.0,39888816.62650722,33204678.176826853,133680558.49636322,136464914.97109273,148507229.46363583,1783970.466377752,1821028.3649878516,1980620.0393995978,120698.53333333335
13.311236916666665,13.03068811745183,-0.021076087892596046,-107738.48935611665,-23694.001711666664,-84044.48764445,-105055.60955556249,-8093.8,-1780.0,-6313.8,-7892.25,0.3522916666666667,3198.0,3198.0,201.55000000000018,27.41972944024914,27.41972944024914,0.0,75321.43255538397,75321.43255538397,0.0,1004.1332516900886,1004.1332516900886,0.0,39888816.62650722,33204678.176826853,133680558.49636322,136464914.97109273,148507229.46363583,1783970.466377752,1821028.3649878516,1980620.0393995978,120698.53333333335
4.469774499999999,4.460927211915765,-0.0019793589328127117,-39176.67953759999,-7956.198609999998,-31220.480927599994,-39025.60115949999,-8764.8,-1780.0,-6984.8,-8731.0,0.4403645833333334,3122.75,3122.75,33.79999999999927,26.87347372209153,26.87347372209153,0.0,73286.15781855397,73286.15781855397,0.0,977.7844761569455,977.7844761569455,0.0,39888816.62650722,33204678.176826853,133680558.49636322,136464914.97109273,148507229.46363583,1783970.466377752,1821028.3649878516,1980620.0393995978,120698.53333333335
-2.7137066666666665,-2.674440925821971,-0.014469412382336486,21179.756878222222,4830.397866666666,16349.359011555554,20436.698764444445,-7804.733333333334,-1780.0,-6024.733333333334,-7530.916666666667,0.5284375000000001,3177.916666666667,3177.916666666667,273.8166666666666,27.30978019044229,27.30978019044229,0.0,74770.91130585663,74770.91130585663,0.0,996.8382972478487,996.8382972478487,0.0,39888816.62650722,33204678.176826853,133680558.49636322,136464914.97109273,148507229.46363583,1783970.466377752,1821028.3649878516,1980620.0393995978,120698.53333333335
-4.177426,-4.212967855198992,0.008508075355252944,29158.990470133333,7435.8182799999995,21723.172190133333,27153.965237666667,-6980.133333333334,-1780.0,-5200.133333333334,-6500.166666666667,0.6165104166666668,3209.583333333333,3209.583333333333,479.96666666666715,27.41972944024914,27.41972944024914,0.0,75639.04442140018,75639.04442140018,0.0,1008.344323243977,1008.344323243977,0.0,39888816.62650722,33204678.176826853,133680558.49636322,136464914.97109273,148507229.46363583,1783970.466377752,1821028.3649878516,1980620.0393995978,120698.53333333335
-3.950677083333334,-3.9167810239675527,-0.008579810156790107,19890.342222222225,7032.205208333334,12858.137013888892,16072.671267361113,-5034.666666666667,-1780.0,-3254.666666666667,-4068.3333333333335,0.7045833333333336,3517.416666666667,3517.416666666667,966.3333333333335,27.41972944024914,27.41972944024914,0.0,84079.75113409023,84079.75113409023,0.0,1120.2558219494726,1120.2558219494726,0.0,39888816.62650722,33204678.176826853,133680558.49636322,136464914.97109273,148507229.46363583,1783970.466377752,1821028.3649878516,1980620.0393995978,120698.53333333335
1.2185136666666672,1.2599649363277554,0.03401789474752554,-2856.114800422223,-2168.9543266666674,-687.1604737555558,-858.9505921944448,-2343.9333333333334,-1780.0,-563.9333333333333,-704.9166666666666,0.7926562500000003,4315.833333333333,4315.833333333333,1639.0166666666669,27.71759299894158,27.71759299894158,27.41972944024914,106087.26581852931,106087.26581852931,86643.49583675351,1412.276192431808,1412.276192431808,1154.2473491686294,39888816.62650722,33204678.176826853,133680558.49636322,136464914.97109273,148507229.46363583,1783970.466377752,1821028.3649878516,1980620.0393995978,120698.53333333335
42.32524816666666,43.26046449999451,0.022095944473738194,176400.34762582218,80417.97151666666,95982.37610915554,119977.97013644442,4167.733333333334,1900.0,2267.733333333333,2834.6666666666665,0.6884895833333337,5603.35,6936.416666666667,0.0,28.0976733589821,28.25837873121386,28.75992700836201,142067.47786754128,179609.7713387745,260503.6116732657,1893.4086090584547,2400.8839227313315,3476.9836749238043,39888816.62650722,33204678.176826853,133680558.49636322,136464914.97109273,148507229.46363583,1783970.466377752,1821028.3649878516,1980620.0393995978,120698.53333333335
41.862737,42.764661076923744,0.021544794763986394,293756.4072272667,79539.20030000001,214217.2069272667,267771.50865908334,7017.133333333334,1900.0,5117.133333333334,6396.416666666667,0.584322916666667,7619.366666666667,8240.083333333334,0.0,28.35730167798622,28.53095294745815,30.64520850367948,198967.59989007065,216637.61860402115,404318.2672231394,2660.279289333317,2896.2407655596217,5389.252699874869,39888816.62650722,33204678.176826853,133680558.49636322,136464914.97109273,148507229.46363583,1783970.466377752,1821028.3649878516,1980620.0393995978,120698.53333333335
37.85889758333333,39.17756974448597,0.034831235068322766,248922.25161041663,71931.90540833333,176990.3462020833,221237.93275260416,6575.0,1900.0,4675.0,5843.75,0.48015625000000034,7504.833333333334,8236.083333333334,0.0,28.35730167798622,28.53095294745815,30.49717367894778,195719.74360455197,216523.49479223133,387324.2546687234,2616.8400837628565,2894.7438565401094,5166.109707676315,39888816.62650722,33204678.176826853,133680558.49636322,136464914.97109273,148507229.46363583,1783970.466377752,1821028.3649878516,1980620.0393995978,120698.53333333335
33.00735291666667,33.042741212856626,0.0010721337236371403,137821.10185844445,0.0,137821.10185844445,172276.37732305555,4175.466666666666,0.0,4175.466666666666,5219.333333333333,0.48015625000000034,8653.783333333333,7609.916666666667,0.0,28.53095294745815,28.35730167798622,29.89577970970236,228440.87383838455,198699.6233892137,349780.4360091267,3051.0585809026843,2656.69517560246,4657.733809776024,39888816.62650722,33204678.176826853,133680558.49636322,136464914.97109273,148507229.46363583,1783970.466377752,1821028.3649878516,1980620.0393995978,120698.53333333335
34.13987666666666,32.87022820487858,-0.03718960306109522,98719.82568166107,-28066.572291227803,126786.39797288887,158482.9974661111,2891.6280701754467,-822.1052631578871,3713.7333333333336,4642.166666666667,0.5208333333333333,9345.871929824552,7595.333333333333,0.0,28.75992700836201,28.35730167798622,29.38437869246251,248274.56274522998,198286.0794064097,332183.0692389654,3313.7391386827835,2651.1641358943466,4420.633340931098,39888816.62650722,33204678.176826853,133680558.49636322,136464914.97109273,148507229.46363583,1783970.466377752,1821028.3649878516,1980620.0393995978,120698.53333333335
37.40766025,38.659331994811374,0.033460305628480715,148014.6300772,71074.554475,76940.0756022,96175.09450275,3956.8,1900.0,2056.8,2571.0,0.4166666666666666,6657.7,8043.5,0.0,28.25837873121386,28.53095294745815,29.04858081779068,171733.69021340634,211028.9087704333,284803.4795044239,2293.9165768107464,2822.673924371505,3796.8612126848357,39888816.62650722,33204678.176826853,133680558.49636322,136464914.97109273,148507229.46363583,1783970.466377752,1821028.3649878516,1980620.0393995978,120698.53333333335
37.37414358333333,36.3133237249219,-0.028383790415052935,38408.16155580556,0.0,38408.16155580556,48010.20194475693,1027.6666666666667,0.0,1027.6666666666667,1284.5833333333333,0.4166666666666666,8336.666666666666,8079.75,0.0,28.53095294745815,28.53095294745815,28.75992700836201,219393.23314286312,212063.15581477867,248805.51136261446,2932.3848812599294,2836.2396623608356,3320.8267267137735,39888816.62650722,33204678.176826853,133680558.49636322,136464914.97109273,148507229.46363583,1783970.466377752,1821028.3649878516,1980620.0393995978,120698.53333333335
36.22394333333333,36.704001953828666,0.013252522401490814,94416.50083355555,68825.49233333333,25591.008500222222,31988.760625277777,2606.4666666666667,1900.0,706.4666666666667,883.0833333333334,0.3124999999999999,5936.616666666667,7660.0,0.0,28.0976733589821,28.35730167798622,28.53095294745815,151431.49580897804,200119.85158158618,225282.497347101,2019.6169709055891,2675.69034625718,3009.631623787681,39888816.62650722,33204678.176826853,133680558.49636322,136464914.97109273,148507229.46363583,1783970.466377752,1821028.3649878516,1980620.0393995978,120698.53333333335
37.01398858333334,36.032634978650734,-0.026513046614070786,80051.38690879445,70326.57830833334,9724.808600461112,12156.01075057639,2162.7333333333336,1900.0,262.73333333333335,328.4166666666667,0.2083333333333332,5931.6,7765.916666666667,0.0,28.0976733589821,28.45196742055357,28.53095294745815,151290.53914762713,203128.3569417329,212479.23221192913,2017.717155096628,2716.133834350441,2841.6971431611414,39888816.62650722,33204678.176826853,133680558.49636322,136464914.97109273,148507229.46363583,1783970.466377752,1821028.3649878516,1980620.0393995978,120698.53333333335
35.495485249999994,35.27170269877109,-0.006304535623411635,-6919.253258066666,0.0,-6919.253258066666,-8649.066572583331,-194.93333333333334,0.0,-194.93333333333334,-243.66666666666666,0.2083333333333332,7320.683333333333,7369.416666666667,0.0,28.35730167798622,28.35730167798622,28.35730167798622,190497.7465005508,191879.692335658,184969.96316012202,2546.9972749229223,2565.480429330377,2473.0646572931037,39888816.62650722,33204678.176826853,133680558.49636322,136464914.97109273,148507229.46363583,1783970.466377752,1821028.3649878516,1980620.0393995978,120698.53333333335
35.57670975,35.680583170980235,0.002919702853641224,-15174.652598699999,0.0,-15174.652598699999,-18968.315748374996,-426.5333333333333,0.0,-426.5333333333333,-533.1666666666666,0.2083333333333332,7142.45,7249.083333333333,0.0,28.35730167798622,28.35730167798622,28.25837873121386,185443.53009814437,188467.36370040698,173378.79882854183,2479.398487907423,2519.8414502531464,2316.2592748494117,39888816.62650722,33204678.176826853,133680558.49636322,136464914.97109273,148507229.46363583,1783970.466377752,1821028.3649878516,1980620.0393995978,120698.53333333335
34.94789041666666,36.18899878374358,0.03551311258790686,12590.559987444442,0.0,12590.559987444442,15738.199984305551,360.26666666666665,0.0,360.26666666666665,450.3333333333333,0.2083333333333332,7329.15,7239.083333333333,0.0,28.35730167798622,28.35730167798622,28.35730167798622,190737.8383214244,188183.79068362713,200954.02887261356,2550.208438547747,2516.04873731044,2686.8472434969735,39888816.62650722,33204678.176826853,133680558.49636322,136464914.97109273,148507229.46363583,1783970.466377752,1821028.3649878516,1980620.0393995978,120698.53333333335
32.30555558333334,32.51680982137116,0.006539254138282555,-10171.942601338866,-57503.88893833332,47331.94633699446,59164.93292124307,-314.8666666666661,-1779.9999999999995,1465.1333333333334,1831.4166666666667,0.29640624999999987,9084.2,6937.916666666667,0.0,28.75992700836201,28.25837873121386,28.53095294745815,240748.89714333866,179652.15890687134,231737.6254514634,3213.27966727865,2401.459600608079,3094.3005402038475,39888816.62650722,33204678.176826853,133680558.49636322,136464914.97109273,148507229.46363583,1783970.466377752,1821028.3649878516,1980620.0393995978,120698.53333333335
37.1610575,36.91743092623345,-0.006555964500379153,118025.99602383334,0.0,118025.99602383334,147532.49502979167,3176.066666666667,0.0,3176.066666666667,3970.0833333333335,0.29640624999999987,8556.433333333334,7762.416666666667,0.0,28.53095294745815,28.45196742055357,29.20072509152424,225663.38556894954,203028.77505576098,317368.62727911613,3014.6275576403036,2714.7852415983266,4224.0559694039475,39888816.62650722,33204678.176826853,133680558.49636322,136464914.97109273,148507229.46363583,1783970.466377752,1821028.3649878516,1980620.0393995978,120698.53333333335
40.123096000000004,39.69670511316446,-0.010627068430500528,174591.6399344,76233.8824,98357.7575344,122947.19691800002,4351.4,1900.0,2451.4,3064.25,0.19223958333333319,6598.35,7885.5,0.0,28.25837873121386,28.45196742055357,29.04858081779068,170056.5554357088,206530.7380457741,294542.0162235882,2271.138922154094,2762.2107533810126,3924.5970525792673,39888816.62650722,33204678.176826853,133680558.49636322,136464914.97109273,148507229.46363583,1783970.466377752,1821028.3649878516,1980620.0393995978,120698.53333333335
23.636014416666665,23.21138036758179,-0.01796555212732694,-77548.18756678888,-42072.10566166666,-35476.08190512222,-44345.10238140278,-3280.9333333333334,-1780.0,-1500.9333333333334,-1876.1666666666667,0.28031249999999985,6129.683333333333,5188.916666666667,464.0,28.0976733589821,28.01740671434946,27.41972944024914,156856.2199454855,130443.74145495864,78467.84650865255,2092.731476988666,1737.4022364717969,1045.8501260045086,39888816.62650722,33204678.176826853,133680558.49636322,136464914.97109273,148507229.46363583,1783970.466377752,1821028.3649878516,1980620.0393995978,120698.53333333335
11.455117999999999,11.374144735982382,-0.007068741152873037,-65966.96986386666,-20390.11004,-45576.85982386667,-56971.07477983333,-5758.733333333334,-1780.0,-3978.7333333333336,-4973.416666666667,0.3683854166666665,3403.0,3403.0,785.3166666666666,27.41972944024914,27.41972944024914,0.0,80942.47709063505,80942.47709063505,0.0,1078.6601295502724,1078.6601295502724,0.0,39888816.62650722,33204678.176826853,133680558.49636322,136464914.97109273,148507229.46363583,1783970.466377752,1821028.3649878516,1980620.0393995978,120698.53333333335
10.902559916666666,10.596551094053074,-0.028067612097760486,-80245.02149864999,-19406.556651666655,-60838.46484698334,-76048.08105872916,-7360.2,-1779.999999999999,-5580.200000000001,-6975.25,0.45645833333333313,2734.916666666667,2734.916666666667,384.9499999999998,26.87347372209153,26.87347372209153,0.0,62863.728926669486,62863.728926669486,0.0,844.5743317231452,844.5743317231452,0.0,39888816.62650722,33204678.176826853,133680558.49636322,136464914.97109273,148507229.46363583,1783970.466377752,1821028.3649878516,1980620.0393995978,120698.53333333335
2.7873450833333333,2.668140810833568,-0.04276624132854441,-22662.602111544446,-4961.474248333333,-17701.127863211113,-22126.40982901389,-8130.533333333334,-1780.0,-6350.533333333334,-7938.166666666667,0.5445312499999998,2574.75,2574.75,192.3666666666668,26.87347372209153,26.87347372209153,0.0,58559.494218847816,58559.494218847816,0.0,789.5614615895473,789.5614615895473,0.0,39888816.62650722,33204678.176826853,133680558.49636322,136464914.97109273,148507229.46363583,1783970.466377752,1821028.3649878516,1980620.0393995978,120698.53333333335
-2.179255166666667,-2.2680654867220116,0.04075260273040287,17326.240844422227,3879.0741966666674,13447.16664775556,16808.958309694448,-7950.533333333334,-1780.0,-6170.533333333334,-7713.166666666667,0.6326041666666664,2226.166666666667,2226.166666666667,237.3666666666668,26.06783176638855,26.06783176638855,0.0,49407.42946351337,49407.42946351337,0.0,666.2523358304652,666.2523358304652,0.0,39888816.62650722,33204678.176826853,133680558.49636322,136464914.97109273,148507229.46363583,1783970.466377752,1821028.3649878516,1980620.0393995978,120698.53333333335
-3.479959166666666,-3.5922061317817677,0.0322552535070748,25433.861562777773,6194.327316666665,19239.534246111107,24049.41780763888,-7308.666666666667,-1780.0,-5528.666666666667,-6910.833333333333,0.7206770833333331,2131.75,2131.75,397.83333333333394,26.06783176638855,26.06783176638855,0.0,46946.19168090352,46946.19168090352,0.0,632.8890920499391,632.8890920499391,0.0,39888816.62650722,33204678.176826853,133680558.49636322,136464914.97109273,148507229.46363583,1783970.466377752,1821028.3649878516,1980620.0393995978,120698.53333333335
-5.620870666666666,-5.792569421129169,0.030546647422564775,33106.92822666666,10005.149786666665,23101.77844,28877.223049999997,-5890.0,-1780.0,-4110.0,-5137.5,0.8087499999999999,2160.416666666667,2160.416666666667,752.5,26.06783176638855,26.06783176638855,0.0,47693.469524873326,47693.469524873326,0.0,643.0187971342295,643.0187971342295,0.0,39888816.62650722,33204678.176826853,133680558.49636322,136464914.97109273,148507229.46363583,1783970.466377752,1821028.3649878516,1980620.0393995978,120698.53333333335
-7.301073583333334,-7.366827593824071,0.0090060742081599,28858.71018372223,12995.910978333335,15862.799205388894,19828.499006736114,-3952.666666666667,-1780.0,-2172.666666666667,-2715.8333333333335,0.8968229166666666,2682.916666666667,2682.916666666667,1236.8333333333335,26.87347372209153,26.87347372209153,0.0,61466.308293120725,61466.308293120725,0.0,826.7137536985016,826.7137536985016,0.0,39888816.62650722,33204678.176826853,133680558.49636322,136464914.97109273,148507229.46363583,1783970.466377752,1821028.3649878516,1980620.0393995978,120698.53333333335
5.34626975,5.289612701585553,-0.010597491534063952,-11110.61779445,-9516.360155,-1594.25763945,-1992.8220493125002,-2078.2,-1780.0,-298.2,-372.75,0.9848958333333333,3905.833333333333,3905.833333333333,1705.4499999999998,27.50588569464469,27.50588569464469,27.41972944024914,94732.36013491746,94732.36013491746,84509.32689532077,1261.589923691037,1261.589923691037,1125.9513719648035,39888816.62650722,33204678.176826853,133680558.49636322,136464914.97109273,148507229.46363583,1783970.466377752,1821028.3649878516,1980620.0393995978,120698.53333333335
47.269383250000004,45.92832265481878,-0.028370596419432372,224665.0760028167,89811.828175,134853.2478278167,168566.55978477086,4752.866666666667,1900.0,2852.866666666667,3566.0833333333335,0.8807291666666667,4855.383333333333,6042.166666666667,0.0,28.01740671434946,28.0976733589821,28.75992700836201,121099.00240216595,154397.2052320186,255820.53689207073,1612.2981897189154,2059.588843058915,3414.4697071298274,39888816.62650722,33204678.176826853,133680558.49636322,136464914.97109273,148507229.46363583,1783970.466377752,1821028.3649878516,1980620.0393995978,120698.53333333335
43.405357,43.321065031312834,-0.0019419715563489058,337305.92293746665,82470.1783,254835.74463746668,318544.68079683336,7771.066666666667,1900.0,5871.066666666667,7338.833333333333,0.7765625,6642.516666666666,7074.75,0.0,28.25837873121386,28.35730167798622,30.49717367894778,171304.63382967073,183523.7407745447,397502.6863840722,2288.089437413889,2453.721821285302,5299.483984736733,39888816.62650722,33204678.176826853,133680558.49636322,136464914.97109273,148507229.46363583,1783970.466377752,1821028.3649878516,1980620.0393995978,120698.53333333335
35.73867408333333,36.7451595292402,0.028162361131809397,160807.73152366374,-34158.6484922807,194966.38001594445,243707.97501993054,4499.543859649123,-955.7894736842105,5455.333333333334,6819.166666666667,0.8238541666666667,9640.78947368421,7321.166666666667,0.0,28.75992700836201,28.35730167798622,30.49717367894778,256756.36978011913,190511.45252969518,389169.3336762997,3426.9620609267217,2547.18058938182,5190.286917450563,39888816.62650722,33204678.176826853,133680558.49636322,136464914.97109273,148507229.46363583,1783970.466377752,1821028.3649878516,1980620.0393995978,120698.53333333335
34.76534925,35.11547021581729,0.010070975076348075,100986.3865014,-61882.321665,162868.7081664,203585.885208,2904.8,-1780.0,4684.8,5856.0,0.9119270833333333,10230.866666666667,7279.666666666667,0.0,28.77883487405135,28.35730167798622,29.92816708722221,273732.5712393741,189334.62451005875,358941.21709102485,3651.586706231738,2531.4408306695896,4782.277645932387,39888816.62650722,33204678.176826853,133680558.49636322,136464914.97109273,148507229.46363583,1783970.466377752,1821028.3649878516,1980620.0393995978,120698.53333333335
35.08283741666666,35.2223514214374,0.003976702428990578,136784.1670596538,-18132.287549035085,154916.4546086889,193645.5682608611,3898.8912280701757,-516.8421052631579,4415.733333333334,5519.666666666667,0.9375,8879.858771929825,7259.083333333333,0.0,28.53095294745815,28.35730167798622,29.89577970970236,234891.02153955706,188750.93671718685,348270.6991337868,3135.6621716840086,2523.634163195852,4637.210137570735,39888816.62650722,33204678.176826853,133680558.49636322,136464914.97109273,148507229.46363583,1783970.466377752,1821028.3649878516,1980620.0393995978,120698.53333333335
39.6042365,39.34734882834977,-0.006486368488639494,138844.5323217,0.0,138844.5323217,173555.66540212499,3505.8,0.0,3505.8,4382.25,0.9375,8387.116666666667,7510.666666666667,0.0,28.53095294745815,28.35730167798622,29.38437869246251,220832.6197190624,195885.16119767356,322057.70208118774,2951.2646462685293,2619.0524996461018,4285.7320565100445,39888816.62650722,33204678.176826853,133680558.49636322,136464914.97109273,148507229.46363583,1783970.466377752,1821028.3649878516,1980620.0393995978,120698.53333333335
45.51385266666667,45.21919990416187,-0.006473913879863691,213299.15339391117,86476.32006666668,126822.83332724449,158528.54165905557,4686.466666666667,1900.0,2786.466666666667,3483.0833333333335,0.8333333333333334,6383.533333333333,7586.916666666667,0.0,28.0976733589821,28.35730167798622,29.04858081779068,163988.8143276631,198047.40545062002,298035.1080669276,2188.864681594272,2647.971935834236,3970.4143076047867,39888816.62650722,33204678.176826853,133680558.49636322,136464914.97109273,148507229.46363583,1783970.466377752,1821028.3649878516,1980620.0393995978,120698.53333333335
43.77992508333333,42.99234391365488,-0.01798955042018285,167901.85001792776,83181.85765833333,84719.99235959444,105899.99044949304,3835.133333333333,1900.0,1935.1333333333332,2418.9166666666665,0.7291666666666667,6118.616666666667,7534.833333333333,0.0,28.0976733589821,28.35730167798622,28.77883487405135,156545.27236031278,196570.46265489154,265757.47644852655,2088.5405211841803,2628.2182225909746,3546.9809848316995,39888816.62650722,33204678.176826853,133680558.49636322,136464914.97109273,148507229.46363583,1783970.466377752,1821028.3649878516,1980620.0393995978,120698.53333333335
47.66794466666667,48.535710001763675,0.018204379088822324,134585.67497186668,90569.09486666668,44016.58010520001,55020.7251315,2823.4,1900.0,923.4000000000001,1154.25,0.6250000000000001,6007.9333333333325,7677.083333333333,0.0,28.0976733589821,28.35730167798622,28.53095294745815,153435.3282140294,200604.28881858508,233506.54453420575,2046.6246514588938,2682.1695642009695,3117.502630006288,39888816.62650722,33204678.176826853,133680558.49636322,136464914.97109273,148507229.46363583,1783970.466377752,1821028.3649878516,1980620.0393995978,120698.53333333335
45.36065991666666,45.60305776349284,0.00534379013161406,88286.96441780556,86185.25384166666,2101.710576138889,2627.138220173611,1946.3333333333333,1900.0,46.333333333333336,57.916666666666664,0.5208333333333335,5902.083333333334,7790.5,0.0,28.0976733589821,28.45196742055357,28.45196742055357,150461.1894889812,203827.8011408215,205475.6442539286,2006.5391690578565,2725.6060929664814,2747.9220920788493,39888816.62650722,33204678.176826853,133680558.49636322,136464914.97109273,148507229.46363583,1783970.466377752,1821028.3649878516,1980620.0393995978,120698.53333333335
43.72517183333334,44.21463536435404,0.011194090508926422,48843.203196425246,50635.93524159191,-1792.732045166667,-2240.9150564583338,1117.0500000000054,1158.0500000000054,-41.0,-51.25,0.4573437499999998,6742.116666666661,7910.416666666667,0.0,28.25837873121386,28.45196742055357,28.45196742055357,174119.16835129948,207239.6662340029,205781.50290369953,2326.3144484299373,2771.811449402017,2752.0641983889145,39888816.62650722,33204678.176826853,133680558.49636322,136464914.97109273,148507229.46363583,1783970.466377752,1821028.3649878516,1980620.0393995978,120698.53333333335
50.30462599999999,52.166118499890366,0.03700439995101789,100307.42424399998,95578.78939999998,4728.634843999999,5910.793554999999,1994.0,1900.0,94.0,117.5,0.35317708333333314,6199.0,8075.5,0.0,28.0976733589821,28.53095294745815,28.53095294745815,158803.85700381896,211941.899264752,215294.2862360783,2118.981755890558,2834.6491965276036,2878.6208989757783,39888816.62650722,33204678.176826853,133680558.49636322,136464914.97109273,148507229.46363583,1783970.466377752,1821028.3649878516,1980620.0393995978,120698.53333333335
48.33024600000001,46.44946039452454,-0.0389152913783113,101203.53512400003,91827.46740000002,9376.067724000002,11720.084655000002,2094.0,1900.0,194.0,242.5,0.24901041666666646,6253.25,8104.75,0.0,28.0976733589821,28.53095294745815,28.53095294745815,160328.15578354374,212776.42963846514,219695.18572822373,2139.526275685138,2845.5953437327876,2936.345453040723,39888816.62650722,33204678.176826853,133680558.49636322,136464914.97109273,148507229.46363583,1783970.466377752,1821028.3649878516,1980620.0393995978,120698.53333333335
51.272047500000006,51.17429603589857,-0.0019065254630494897,152513.83249350003,97416.89025000001,55096.942243500016,68871.17780437501,2974.6000000000004,1900.0,1074.6000000000001,1343.25,0.14484374999999977,6554.316666666667,8185.666666666667,0.0,28.25837873121386,28.53095294745815,28.75992700836201,168812.24482557768,215085.05924779698,253538.91601607407,2254.239578261121,2875.8765657733393,3384.012543701033,39888816.62650722,33204678.176826853,133680558.49636322,136464914.97109273,148507229.46363583,1783970.466377752,1821028.3649878516,1980620.0393995978,120698.53333333335
48.50730591666667,48.57779174373466,0.0014530971311636845,107343.43417318889,92163.88124166666,15179.552931522225,18974.44116440278,2212.9333333333334,1900.0,312.9333333333334,391.1666666666667,0.0406770833333331,6044.566666666667,7866.333333333333,0.0,28.0976733589821,28.45196742055357,28.53095294745815,154464.63964808013,205985.40867021348,217134.53270118937,2060.4977250406105,2754.825602595625,2902.758556915415,39888816.62650722,33204678.176826853,133680558.49636322,136464914.97109273,148507229.46363583,1783970.466377752,1821028.3649878516,1980620.0393995978,120698.53333333335
14.389938583333334,14.431936715137995,0.002918576167746935,-65701.58158378334,-25614.090678333334,-40087.49090545,-50109.363631812506,-4565.8,-1780.0,-2785.8,-3482.25,0.12874999999999975,4859.8,4388.25,612.0,28.01740671434946,27.71759299894158,22.10975254704169,121222.74594848766,108094.48151153601,17011.826790412157,1613.954824357608,1438.8889540305165,227.08026472419098,39888816.62650722,33204678.176826853,133680558.49636322,136464914.97109273,148507229.46363583,1783970.466377752,1821028.3649878516,1980620.0393995978,120698.53333333335
5.467505249999999,5.524833953533138,0.010485349517156635,-36942.1104725,-9732.159344999998,-27209.9511275,-34012.43890937499,-6756.666666666667,-1780.0,-4976.666666666667,-6220.833333333333,0.21682291666666642,2698.833333333333,2698.833333333333,535.8333333333339,26.87347372209153,26.87347372209153,0.0,61894.04441653066,61894.04441653066,0.0,832.1806934464291,832.1806934464291,0.0,39888816.62650722,33204678.176826853,133680558.49636322,136464914.97109273,148507229.46363583,1783970.466377752,1821028.3649878516,1980620.0393995978,120698.53333333335
6.30698775,6.23067533598771,-0.012099661048539488,-45546.96320125001,-11226.438195,-34320.525006250005,-42900.6562578125,-7221.666666666667,-1780.0,-5441.666666666667,-6802.083333333333,0.3048958333333331,2223.916666666667,2223.916666666667,419.58333333333394,26.06783176638855,26.06783176638855,0.0,49348.776842039,49348.776842039,0.0,665.4572717686168,665.4572717686168,0.0,39888816.62650722,33204678.176826853,133680558.49636322,136464914.97109273,148507229.46363583,1783970.466377752,1821028.3649878516,1980620.0393995978,120698.53333333335
7.914434083333332,8.107610321891316,0.02440809241999829,-62702.36783967777,-14087.692668333331,-48614.67517134444,-60768.34396418055,-7922.533333333334,-1780.0,-6142.533333333334,-7678.166666666667,0.39296874999999976,2158.666666666667,2158.666666666667,244.3666666666668,26.06783176638855,26.06783176638855,0.0,47647.85081928215,47647.85081928215,0.0,642.4004139750141,642.4004139750141,0.0,39888816.62650722,33204678.176826853,133680558.49636322,136464914.97109273,148507229.46363583,1783970.466377752,1821028.3649878516,1980620.0393995978,120698.53333333335
9.392894083333333,9.55382447436297,0.01713320618777027,-74629.67445677778,-16719.351468333323,-57910.32298844445,-72387.90373555556,-7945.333333333333,-1779.999999999999,-6165.333333333334,-7706.666666666667,0.48104166666666637,2148.416666666667,2148.416666666667,238.66666666666606,26.06783176638855,26.06783176638855,0.0,47380.655543676665,47380.655543676665,0.0,638.7784554710382,638.7784554710382,0.0,39888816.62650722,33204678.176826853,133680558.49636322,136464914.97109273,148507229.46363583,1783970.466377752,1821028.3649878516,1980620.0393995978,120698.53333333335
6.563182500000001,6.60536260729991,0.006426776537131069,-51080.81185200001,-11682.464850000002,-39398.34700200001,-49247.93375250001,-7782.933333333334,-1780.0,-6002.933333333334,-7503.666666666667,0.5691145833333331,2215.5,2215.5,279.26666666666733,26.06783176638855,26.06783176638855,0.0,49129.37259133856,49129.37259133856,0.0,662.4831432409617,662.4831432409617,0.0,39888816.62650722,33204678.176826853,133680558.49636322,136464914.97109273,148507229.46363583,1783970.466377752,1821028.3649878516,1980620.0393995978,120698.53333333335
2.983654166666667,3.0355212785360113,0.017383754608292827,-18464.642175833338,-5310.904416666667,-13153.73775916667,-16442.172198958335,-6188.6,-1780.0,-4408.6,-5510.75,0.6571874999999998,2269.0,2269.0,677.8500000000004,26.06783176638855,26.06783176638855,0.0,50524.001590840344,50524.001590840344,0.0,681.3879998226896,681.3879998226896,0.0,39888816.62650722,33204678.176826853,133680558.49636322,136464914.97109273,148507229.46363583,1783970.466377752,1821028.3649878516,1980620.0393995978,120698.53333333335
7.049908250000001,7.105670487463519,0.00790964016638349,-30622.921462466675,-12548.836685000002,-18074.084777466673,-22592.605971833338,-4343.733333333334,-1780.0,-2563.7333333333336,-3204.6666666666665,0.7452604166666665,2674.333333333333,2674.333333333333,1139.066666666667,26.87347372209153,26.87347372209153,0.0,61235.64431033942,61235.64431033942,0.0,823.7656134155875,823.7656134155875,0.0,39888816.62650722,33204678.176826853,133680558.49636322,136464914.97109273,148507229.46363583,1783970.466377752,1821028.3649878516,1980620.0393995978,120698.53333333335
23.985833,23.758783966728704,-0.00946596406600909,-49426.80653533334,-42694.78274,-6732.0237953333335,-8415.029744166666,-2060.6666666666665,-1780.0,-280.6666666666667,-350.8333333333333,0.8333333333333333,4472.75,3817.916666666667,1055.0,27.71759299894158,27.41972944024914,27.41972944024914,110436.61811994656,92319.3798308851,82699.62475226435,1469.9422799926458,1229.5013185201324,1101.9573527512812,39888816.62650722,33204678.176826853,133680558.49636322,136464914.97109273,148507229.46363583,1783970.466377752,1821028.3649878516,1980620.0393995978,120698.53333333335
68.66135383333332,69.08813210554617,0.006215698473537144,440471.7396880111,130456.57228333331,310015.1674046778,387518.9592558472,6415.133333333334,1900.0,4515.133333333334,5643.916666666667,0.7291666666666666,5681.116666666666,6452.333333333333,0.0,28.0976733589821,28.25837873121386,29.38437869246251,144252.54026575809,165930.3611679727,328032.5257486551,1922.8589099375665,2215.0998790631265,4365.3352328068695,39888816.62650722,33204678.176826853,133680558.49636322,136464914.97109273,148507229.46363583,1783970.466377752,1821028.3649878516,1980620.0393995978,120698.53333333335
48.23508566666667,48.69090090526137,0.00944986895523857,436386.0356987112,91646.66276666668,344739.3729320445,430924.21616505564,9047.066666666668,1900.0,7147.0666666666675,8933.833333333334,0.625,7812.683333333333,7925.916666666667,0.0,28.45196742055357,28.45196742055357,35.01419878296146,204458.9606181008,207680.67172902147,475855.94996764616,2734.153602266787,2777.7837887328087,6350.734731586251,39888816.62650722,33204678.176826853,133680558.49636322,136464914.97109273,148507229.46363583,1783970.466377752,1821028.3649878516,1980620.0393995978,120698.53333333335
43.71048266666667,42.322511040774636,-0.0317537474128716,271226.45897884446,0.0,271226.45897884446,339033.0737235556,6205.066666666667,0.0,6205.066666666667,7756.333333333333,0.625,9683.099999999999,8131.833333333333,0.0,28.75992700836201,28.53095294745815,31.61297349762471,257973.2174286466,213549.14294745878,443651.9939694076,3443.2056569110705,2855.730665219069,5918.465005924971,39888816.62650722,33204678.176826853,133680558.49636322,136464914.97109273,148507229.46363583,1783970.466377752,1821028.3649878516,1980620.0393995978,120698.53333333335
44.345033416666666,43.21047480730135,-0.02558479545397972,244610.16066189445,0.0,244610.16066189445,305762.70082736807,5516.066666666667,0.0,5516.066666666667,6895.083333333333,0.625,9691.016666666666,8312.0,0.0,28.75992700836201,28.53095294745815,31.32332298758161,258200.90018412948,218689.46963682584,422149.1200518963,3446.244974690205,2923.1539423062704,5627.537546474358,39888816.62650722,33204678.176826853,133680558.49636322,136464914.97109273,148507229.46363583,1783970.466377752,1821028.3649878516,1980620.0393995978,120698.53333333335
46.52881791666666,46.270841454678134,-0.005544444787971208,318520.7778515278,88404.75404166666,230116.0238098611,287645.02976232633,6845.666666666667,1900.0,4945.666666666667,6182.083333333333,0.5208333333333334,7864.166666666666,8527.75,0.0,28.45196742055357,28.53095294745815,30.96480714042024,205923.76274080228,224845.02273523994,406577.72708699084,2753.9907594633632,3003.893472546217,5419.263188596409,39888816.62650722,33204678.176826853,133680558.49636322,136464914.97109273,148507229.46363583,1783970.466377752,1821028.3649878516,1980620.0393995978,120698.53333333335
44.41213333333332,44.873659940017056,0.010391903564275176,129224.50395555554,0.0,129224.50395555554,161530.6299444444,2909.666666666667,0.0,2909.666666666667,3637.0833333333335,0.5208333333333334,9475.916666666666,8748.5,0.0,28.75992700836201,28.53095294745815,29.38437869246251,252014.63988463083,231143.23059839135,336534.4059836742,3363.665110990198,3086.5041390605543,4478.606637766942,39888816.62650722,33204678.176826853,133680558.49636322,136464914.97109273,148507229.46363583,1783970.466377752,1821028.3649878516,1980620.0393995978,120698.53333333335
48.075065249999994,47.02255888850849,-0.021892978325006137,162657.17576685,91342.623975,71314.55179185,89143.18973981249,3383.4,1900.0,1483.4,1854.25,0.4166666666666667,7221.183333333334,8750.333333333334,0.0,28.35730167798622,28.53095294745815,29.04858081779068,187676.1949835912,231195.5373454617,284515.4144113142,2509.2597811429964,3087.190222361164,3793.082797336231,39888816.62650722,33204678.176826853,133680558.49636322,136464914.97109273,148507229.46363583,1783970.466377752,1821028.3649878516,1980620.0393995978,120698.53333333335
53.142478833333335,50.94153189632836,-0.04141596299840738,151130.12413815557,100970.70978333334,50159.41435482223,62699.267943527775,2843.866666666667,1900.0,943.8666666666667,1179.8333333333333,0.3125,7063.883333333332,8727.916666666666,0.0,28.35730167798622,28.53095294745815,28.75992700836201,183215.59142964392,230555.96848355615,264434.13503107516,2449.600406554228,3078.80129473098,3529.4518976372747,39888816.62650722,33204678.176826853,133680558.49636322,136464914.97109273,148507229.46363583,1783970.466377752,1821028.3649878516,1980620.0393995978,120698.53333333335
50.495853916666675,49.76245681364935,-0.014523907333612942,109131.63948470002,95942.12244166668,13189.517043033335,16486.89630379167,2161.2,1900.0,261.2,326.5,0.20833333333333331,6906.55,8741.25,0.0,28.25837873121386,28.53095294745815,28.75992700836201,178765.7877606689,230936.38118952228,240275.79634405108,2389.4215365631985,3083.790991462688,3206.964284861797,39888816.62650722,33204678.176826853,133680558.49636322,136464914.97109273,148507229.46363583,1783970.466377752,1821028.3649878516,1980620.0393995978,120698.53333333335
46.84197966666667,46.65872333795066,-0.003912224248848614,93009.43482613334,88999.76136666667,4009.6734594666673,5012.0918243333335,1985.6,1900.0,85.60000000000001,107.0,0.10416666666666664,6841.4,8720.0,0.0,28.25837873121386,28.53095294745815,28.53095294745815,176924.7543863303,230330.0984393888,233382.9104047668,2364.4179274497874,3075.8386622965286,3115.8809785684834,39888816.62650722,33204678.176826853,133680558.49636322,136464914.97109273,148507229.46363583,1783970.466377752,1821028.3649878516,1980620.0393995978,120698.53333333335
42.628158,42.62470241662042,-8.106339897615689e-05,-8630.781056400001,0.0,-8630.781056400001,-10788.4763205,-202.4666666666667,0.0,-202.4666666666667,-253.08333333333334,0.10416666666666664,7895.966666666666,7946.583333333333,0.0,28.45196742055357,28.45196742055357,28.35730167798622,206828.53530477587,208268.6790557129,201069.8211877987,2766.243687896859,2785.746907840531,2688.3959346152456,39888816.62650722,33204678.176826853,133680558.49636322,136464914.97109273,148507229.46363583,1783970.466377752,1821028.3649878516,1980620.0393995978,120698.53333333335
43.52488325000001,43.68400850171129,0.0036559604490444164,-7512.394848950003,0.0,-7512.394848950003,-9390.493561187503,-172.60000000000002,0.0,-172.60000000000002,-215.75,0.10416666666666664,7713.766666666667,7756.916666666667,0.0,28.42825607064018,28.45196742055357,28.35730167798622,201644.64596658773,202872.28923494794,196750.05889885215,2696.070760806874,2712.6660244164327,2630.620274121355,39888816.62650722,33204678.176826853,133680558.49636322,136464914.97109273,148507229.46363583,1783970.466377752,1821028.3649878516,1980620.0393995978,120698.53333333335
41.56838641666667,40.73310157826682,-0.0200942329112142,-4896.755919883334,0.0,-4896.755919883334,-6120.9448998541675,-117.80000000000001,0.0,-117.80000000000001,-147.25,0.10416666666666664,7737.966666666667,7767.416666666667,0.0,28.45196742055357,28.45196742055357,28.35730167798622,202333.12445232845,203171.03489286374,198990.28573141305,2705.364357944271,2716.7118026727753,2660.582706368734,39888816.62650722,33204678.176826853,133680558.49636322,136464914.97109273,148507229.46363583,1783970.466377752,1821028.3649878516,1980620.0393995978,120698.53333333335
49.75665258333334,50.180233116301885,0.008513043200788425,120537.14943821114,94537.63990833335,25999.50952987778,32499.386912347225,2422.5333333333333,1900.0,522.5333333333333,653.1666666666666,0.0,6157.633333333333,7927.0,0.0,28.0976733589821,28.45196742055357,28.53095294745815,157641.54991586905,207711.49469372706,226340.52018556918,2103.3161650671636,2778.2012102989393,3023.509217822743,39888816.62650722,33204678.176826853,133680558.49636322,136464914.97109273,148507229.46363583,1783970.466377752,1821028.3649878516,1980620.0393995978,120698.53333333335
40.74152266666667,39.5177115708619,-0.030038423105036516,1347.1863495111113,0.0,1347.1863495111113,1683.982936888889,33.06666666666667,0.0,33.06666666666667,41.333333333333336,0.0,7105.933333333333,7097.666666666667,0.0,28.35730167798622,28.35730167798622,28.35730167798622,184408.01596520326,184173.59560466526,185345.69740735533,2465.548764478308,2462.4134551123375,2478.0900019421892,39888816.62650722,33204678.176826853,133680558.49636322,136464914.97109273,148507229.46363583,1783970.466377752,1821028.3649878516,1980620.0393995978,120698.53333333335
12.982949166666666,12.800279076438635,-0.014069999649773828,-56802.13366405555,-23109.649516666665,-33692.48414738889,-42115.605184236105,-4375.133333333333,-1780.0,-2595.133333333333,-3243.9166666666665,0.08807291666666667,3660.4666666666667,3053.25,524.0,27.41972944024914,26.87347372209153,0.0,88002.14343051786,71418.4513948686,0.0,1172.2610408660544,953.9131266817006,0.0,39888816.62650722,33204678.176826853,133680558.49636322,136464914.97109273,148507229.46363583,1783970.466377752,1821028.3649878516,1980620.0393995978,120698.53333333335
7.379828583333333,7.160100363010868,-0.029774163158572634,-51590.90566036666,-13136.094878333332,-38454.81078203333,-48068.51347754166,-6990.8,-1780.0,-5210.8,-6513.5,0.17614583333333333,1920.916666666667,1920.916666666667,477.3000000000002,26.06783176638855,26.06783176638855,0.0,41450.223816823265,41450.223816823265,0.0,558.3886447730364,558.3886447730364,0.0,39888816.62650722,33204678.176826853,133680558.49636322,136464914.97109273,148507229.46363583,1783970.466377752,1821028.3649878516,1980620.0393995978,120698.53333333335
3.008427166666667,2.98105761303626,-0.009097628798749504,-23803.879113533338,-5355.000356666667,-18448.87875686667,-23061.098446083335,-7912.400000000001,-1780.0,-6132.400000000001,-7665.5,0.26421875,1714.166666666667,1714.166666666667,246.90000000000055,24.75429585025212,24.75429585025212,0.0,36103.26800303982,36103.26800303982,0.0,486.1051952896426,486.1051952896426,0.0,39888816.62650722,33204678.176826853,133680558.49636322,136464914.97109273,148507229.46363583,1783970.466377752,1821028.3649878516,1980620.0393995978,120698.53333333335
1.13353325,1.1624028460674747,0.025468680400398257,-9844.585138483333,-2017.689185,-7826.895953483334,-9783.619941854167,-8684.866666666669,-1780.0,-6904.866666666668,-8631.083333333334,0.35229166666666667,1680.333333333333,1680.333333333333,53.78333333333467,24.75429585025212,24.75429585025212,0.0,35265.74766010627,35265.74766010627,0.0,474.968457022505,474.968457022505,0.0,39888816.62650722,33204678.176826853,133680558.49636322,136464914.97109273,148507229.46363583,1783970.466377752,1821028.3649878516,1980620.0393995978,120698.53333333335
-2.609638416666667,-2.589065864202203,-0.007883296142896927,23021.18625646667,4645.156381666667,18376.029874800002,22970.0373435,-8821.6,-1780.0,-7041.6,-8802.0,0.44036458333333334,1642.916666666667,1642.916666666667,19.600000000000364,24.75429585025212,24.75429585025212,0.0,34339.52442370935,34339.52442370935,0.0,462.6522119930848,462.6522119930848,0.0,39888816.62650722,33204678.176826853,133680558.49636322,136464914.97109273,148507229.46363583,1783970.466377752,1821028.3649878516,1980620.0393995978,120698.53333333335
-9.7662005,-9.54865344315863,-0.022275505898263073,67699.95294603333,17383.83689,50316.11605603333,62895.14507004166,-6932.066666666667,-1780.0,-5152.066666666667,-6440.083333333333,0.5284375,1562.333333333333,1562.333333333333,491.9833333333336,24.4408978939451,24.4408978939451,0.0,32349.486679367106,32349.486679367106,0.0,436.03838010943826,436.03838010943826,0.0,39888816.62650722,33204678.176826853,133680558.49636322,136464914.97109273,148507229.46363583,1783970.466377752,1821028.3649878516,1980620.0393995978,120698.53333333335
-10.318784083333334,-10.734771897488299,0.04031364653000744,60250.00442470556,18367.435668333335,41882.568756372224,52353.210945465275,-5838.866666666667,-1780.0,-4058.866666666667,-5073.583333333333,0.6165104166666666,1589.666666666667,1589.666666666667,765.2833333333338,24.75429585025212,24.75429585025212,0.0,33021.35816968343,33021.35816968343,0.0,445.1241928977626,445.1241928977626,0.0,39888816.62650722,33204678.176826853,133680558.49636322,136464914.97109273,148507229.46363583,1783970.466377752,1821028.3649878516,1980620.0393995978,120698.53333333335
-7.018577416666665,-6.859653459793293,-0.022643328902518526,28540.34320713333,12493.067801666664,16047.275405466664,20059.09425683333,-4066.4,-1780.0,-2286.4,-2858.0,0.7045833333333333,1881.666666666667,1881.666666666667,1208.4,26.06783176638855,26.06783176638855,0.0,40427.06141999252,40427.06141999252,0.0,544.5191939163482,544.5191939163482,0.0,39888816.62650722,33204678.176826853,133680558.49636322,136464914.97109273,148507229.46363583,1783970.466377752,1821028.3649878516,1980620.0393995978,120698.53333333335
10.700846166666667,10.604566199676485,-0.008997416231446686,-22896.95723768889,-19047.506176666666,-3849.4510610222223,-4811.8138262777775,-2139.7333333333336,-1780.0,-359.73333333333335,-449.6666666666667,0.7926562500000001,3269.5666666666666,2608.5,1029.0,27.41972944024914,26.87347372209153,26.06783176638855,77283.77119232446,59466.4739569684,47652.195457909875,1030.151008887782,801.1536636728497,642.4593076092251,39888816.62650722,33204678.176826853,133680558.49636322,136464914.97109273,148507229.46363583,1783970.466377752,1821028.3649878516,1980620.0393995978,120698.53333333335
36.784272249999994,35.063926480257514,-0.04676851449038729,195030.21146949998,69890.11727499998,125140.09419449998,156425.11774312498,5302.0,1900.0,3402.0,4252.5,0.6884895833333334,3364.0,4413.5,0.0,27.41972944024914,27.71759299894158,28.53095294745815,79873.10764246533,108794.35073475928,228789.426980226,1064.4818454695546,1448.1682023209753,3055.630390533112,39888816.62650722,33204678.176826853,133680558.49636322,136464914.97109273,148507229.46363583,1783970.466377752,1821028.3649878516,1980620.0393995978,120698.53333333335
37.486675,36.68684426109794,-0.02133640123862836,284131.50271833333,71224.6825,212906.82021833333,266133.52527291665,7579.533333333334,1900.0,5679.533333333334,7099.416666666667,0.5843229166666668,4737.8,5217.916666666667,0.0,28.01740671434946,28.01740671434946,29.38437869246251,117804.62232933703,131256.2462496748,334528.9221379137,1568.1941996208952,1748.2797620239662,4451.887374903376,39888816.62650722,33204678.176826853,133680558.49636322,136464914.97109273,148507229.46363583,1783970.466377752,1821028.3649878516,1980620.0393995978,120698.53333333335
37.07446075,37.25848554316884,0.004963653939830839,242296.43078555004,70441.475425,171854.95536055003,214818.6942006875,6535.400000000001,1900.0,4635.400000000001,5794.25,0.4801562500000001,4743.6833333333325,5484.833333333333,0.0,28.01740671434946,28.0976733589821,29.20072509152424,117969.45807217309,138737.4352799459,304128.5318438675,1570.4009619886626,1848.5262495318004,4050.391933430508,39888816.62650722,33204678.176826853,133680558.49636322,136464914.97109273,148507229.46363583,1783970.466377752,1821028.3649878516,1980620.0393995978,120698.53333333335
37.24054625,38.61399949839994,0.03688058814121024,209051.0477259167,70757.03787500001,138294.0098509167,172867.51231364586,5613.533333333334,1900.0,3713.5333333333338,4641.916666666667,0.37598958333333343,5059.633333333333,6031.25,0.0,28.01740671434946,28.0976733589821,29.04858081779068,126821.55772357182,154090.47229784972,286507.66291240096,1688.9097274441083,2055.454692378285,3819.2141908816247,39888816.62650722,33204678.176826853,133680558.49636322,136464914.97109273,148507229.46363583,1783970.466377752,1821028.3649878516,1980620.0393995978,120698.53333333335
35.03205216666667,36.488453157979286,0.041573384978525134,159386.4954777556,66560.89911666668,92825.59636108892,116031.99545136113,4549.733333333334,1900.0,2649.7333333333336,3312.1666666666665,0.27182291666666675,5151.85,6389.416666666667,0.0,28.01740671434946,28.0976733589821,28.75992700836201,129405.22957941343,164154.12230592512,258504.79674618455,1723.4990084097137,2191.0927047855125,3450.3016641048807,39888816.62650722,33204678.176826853,133680558.49636322,136464914.97109273,148507229.46363583,1783970.466377752,1821028.3649878516,1980620.0393995978,120698.53333333335
34.776633749999995,32.96667837048916,-0.052045157461821104,113390.37356299999,66075.60412499998,47314.769438,59143.46179749999,3260.5333333333338,1900.0,1360.5333333333335,1700.6666666666667,0.16765625000000006,4993.8,6553.666666666667,0.0,28.01740671434946,28.25837873121386,28.53095294745815,124977.0784482105,168793.8768794024,217044.18468352244,1664.2164941503906,2253.990117847864,2901.5735039416345,39888816.62650722,33204678.176826853,133680558.49636322,136464914.97109273,148507229.46363583,1783970.466377752,1821028.3649878516,1980620.0393995978,120698.53333333335
30.878566333333335,30.19634190987984,-0.02209378557569349,20754.51371817778,0.0,20754.51371817778,25943.14214772222,672.1333333333333,0.0,672.1333333333333,840.1666666666666,0.16765625000000006,6636.116666666667,6468.083333333333,0.0,28.25837873121386,28.25837873121386,28.35730167798622,171123.78020579097,166375.43063298933,190145.1707163545,2285.633211806432,2221.144496768978,2542.281668497491,39888816.62650722,33204678.176826853,133680558.49636322,136464914.97109273,148507229.46363583,1783970.466377752,1821028.3649878516,1980620.0393995978,120698.53333333335
32.30925283333333,32.08711987378905,-0.006875211899518484,73637.09510754445,61387.580383333334,12249.514724211112,15311.893405263889,2279.133333333333,1900.0,379.1333333333334,473.9166666666667,0.06348958333333339,4695.450000000001,6500.666666666667,0.0,28.01740671434946,28.25837873121386,28.25837873121386,116618.08515498435,167296.18280664805,180688.29946034917,1552.309261443848,2233.64949953611,2415.5317264841356,39888816.62650722,33204678.176826853,133680558.49636322,136464914.97109273,148507229.46363583,1783970.466377752,1821028.3649878516,1980620.0393995978,120698.53333333335
31.23991275,30.443474991882695,-0.025494237595695718,-15630.36967925,0.0,-15630.36967925,-19537.962099062497,-500.3333333333333,0.0,-500.3333333333333,-625.4166666666666,0.06348958333333339,6352.416666666667,6477.5,0.0,28.0976733589821,28.25837873121386,28.0976733589821,163114.5083916428,166641.5303660416,149056.30582103206,2177.0807742343704,2224.7584745507834,1987.604127772529,39888816.62650722,33204678.176826853,133680558.49636322,136464914.97109273,148507229.46363583,1783970.466377752,1821028.3649878516,1980620.0393995978,120698.53333333335
29.985515333333336,30.015544992557164,0.0010014721738146773,-28362.299436622223,0.0,-28362.299436622223,-35452.87429577778,-945.8666666666667,0.0,-945.8666666666667,-1182.3333333333333,0.06348958333333339,6256.616666666667,6493.083333333333,0.0,28.0976733589821,28.25837873121386,28.01740671434946,160422.7512838523,167081.89010126967,133857.19550632357,2140.8012351316834,2230.7391280481074,1783.1003466938419,39888816.62650722,33204678.176826853,133680558.49636322,136464914.97109273,148507229.46363583,1783970.466377752,1821028.3649878516,1980620.0393995978,120698.53333333335
27.564465416666664,27.234420771868347,-0.011973555075686645,-79664.98031622221,-49064.748441666656,-30600.231874555557,-38250.28984319444,-2890.133333333333,-1779.9999999999998,-1110.1333333333334,-1387.6666666666667,0.15156250000000004,8253.966666666667,6751.5,0.0,28.53095294745815,28.25837873121386,28.01740671434946,217033.72333410836,174384.3261383942,135344.45284607692,2901.4362872815127,2329.9156333700394,1803.011219615485,39888816.62650722,33204678.176826853,133680558.49636322,136464914.97109273,148507229.46363583,1783970.466377752,1821028.3649878516,1980620.0393995978,120698.53333333335
30.56180375,28.791840151033252,-0.05791423874864543,-1562.7268984166667,0.0,-1562.7268984166667,-1953.4086230208331,-51.13333333333333,0.0,-51.13333333333333,-63.916666666666664,0.15156250000000004,6991.299999999999,7004.083333333333,0.0,28.25837873121386,28.25837873121386,28.25837873121386,181160.68535813925,181521.92163291996,179715.74025901651,2421.947336599446,2426.8533913935075,2402.3231174232005,39888816.62650722,33204678.176826853,133680558.49636322,136464914.97109273,148507229.46363583,1783970.466377752,1821028.3649878516,1980620.0393995978,120698.53333333335
28.390180916666665,26.673607291083023,-0.060463638136800876,-5511.480455288889,-50534.52203166667,45023.04157637778,56278.80197047222,-194.1333333333332,-1780.0,1585.8666666666668,1982.3333333333333,0.2396354166666667,9343.716666666667,7249.25,82.0,28.75992700836201,28.35730167798622,28.75992700836201,248212.5775341254,188472.08991735333,244987.6310522544,3312.9117033605344,2519.9046621355246,3269.862166480506,39888816.62650722,33204678.176826853,133680558.49636322,136464914.97109273,148507229.46363583,1783970.466377752,1821028.3649878516,1980620.0393995978,120698.53333333335
30.942885333333333,31.346767964158904,0.013052520037311749,135938.28384640004,18225.359461333363,117712.92438506667,147141.15548133332,4393.200000000001,589.0000000000009,3804.2000000000003,4755.25,0.20734375,7804.799999999999,7442.75,0.0,28.45196742055357,28.35730167798622,29.38437869246251,204234.6642749354,193959.22779204365,331022.38628061314,2731.1160576394054,2593.293657576889,4405.169445207863,39888816.62650722,33204678.176826853,133680558.49636322,136464914.97109273,148507229.46363583,1783970.466377752,1821028.3649878516,1980620.0393995978,120698.53333333335
30.052021999999994,29.947180401461534,-0.0034886703642923013,105051.8515713333,0.0,105051.8515713333,131314.81446416664,3495.6666666666665,0.0,3495.6666666666665,4369.583333333333,0.20734375,8404.083333333334,7576.166666666667,46.0,28.53095294745815,28.35730167798622,29.38437869246251,221316.6948874043,197742.56445758167,323610.1767554395,2957.6140353596275,2643.894769420827,4306.415832646187,39888816.62650722,33204678.176826853,133680558.49636322,136464914.97109273,148507229.46363583,1783970.466377752,1821028.3649878516,1980620.0393995978,120698.53333333335
15.259657333333335,15.034983027422378,-0.014723417505593424,-49589.81709137779,-27162.190053333336,-22427.62703804445,-28034.53379755556,-3249.7333333333336,-1780.0,-1469.7333333333336,-1837.1666666666667,0.29541666666666666,6427.9,5167.333333333333,152.0,28.25837873121386,28.01740671434946,27.41972944024914,165239.91478097337,129839.03242670726,78945.40679640355,2205.7227260929913,1729.3066068223372,1052.1818810747434,39888816.62650722,33204678.176826853,133680558.49636322,136464914.97109273,148507229.46363583,1783970.466377752,1821028.3649878516,1980620.0393995978,120698.53333333335
1.5303439166666666,1.5225814928950583,-0.005072339418002197,-10348.1855645,-2724.0121716666663,-7624.173392833333,-9530.216741041666,-6762.0,-1780.0,-4982.0,-6227.5,0.38348958333333333,3600.083333333333,3600.083333333333,534.5,27.41972944024914,27.41972944024914,0.0,86346.44876781748,86346.44876781748,0.0,1150.3089369239856,1150.3089369239856,0.0,39888816.62650722,33204678.176826853,133680558.49636322,136464914.97109273,148507229.46363583,1783970.466377752,1821028.3649878516,1980620.0393995978,120698.53333333335
2.1106449999999994,2.097468586939081,-0.006242837171062971,-16714.619883999996,-3756.948099999999,-12957.671783999998,-16197.089729999996,-7919.200000000001,-1780.0,-6139.200000000001,-7674.0,0.4715625,3005.0,3005.0,245.20000000000073,26.87347372209153,26.87347372209153,0.0,70121.8062877777,70121.8062877777,0.0,937.3405711107573,937.3405711107573,0.0,39888816.62650722,33204678.176826853,133680558.49636322,136464914.97109273,148507229.46363583,1783970.466377752,1821028.3649878516,1980620.0393995978,120698.53333333335
2.6578609166666665,2.6261723649161204,-0.011922577119004326,-22287.935693527776,-4730.992431666661,-17556.943261861114,-21946.17907732639,-8385.666666666666,-1779.9999999999982,-6605.666666666668,-8257.083333333334,0.5596354166666666,2798.0,2798.0,128.58333333333212,26.87347372209153,26.87347372209153,0.0,64558.997227304746,64558.997227304746,0.0,866.2417316665028,866.2417316665028,0.0,39888816.62650722,33204678.176826853,133680558.49636322,136464914.97109273,148507229.46363583,1783970.466377752,1821028.3649878516,1980620.0393995978,120698.53333333335
0.2865471666666666,0.2857238908087434,-0.00287309020535833,-2236.978214444444,-510.0539566666665,-1726.9242577777773,-2158.6553222222215,-7806.666666666667,-1780.0,-6026.666666666667,-7533.333333333333,0.6477083333333333,2667.916666666667,2667.916666666667,273.33333333333394,26.87347372209153,26.87347372209153,0.0,61063.206187289354,61063.206187289354,0.0,821.5616638837006,821.5616638837006,0.0,39888816.62650722,33204678.176826853,133680558.49636322,136464914.97109273,148507229.46363583,1783970.466377752,1821028.3649878516,1980620.0393995978,120698.53333333335
-4.76785,-4.7520208773739085,-0.003319970767975464,29745.98043666667,8486.773000000001,21259.207436666667,26574.009295833333,-6238.866666666667,-1780.0,-4458.866666666667,-5573.583333333333,0.73578125,2874.5,2874.5,665.2833333333338,26.87347372209153,26.87347372209153,0.0,66614.81796704476,66614.81796704476,0.0,892.5173897219881,892.5173897219881,0.0,39888816.62650722,33204678.176826853,133680558.49636322,136464914.97109273,148507229.46363583,1783970.466377752,1821028.3649878516,1980620.0393995978,120698.53333333335
-11.715530333333334,-11.60318027757664,-0.009589839517297085,54752.14049515556,20853.643993333335,33898.49650182223,42373.12062727778,-4673.466666666667,-1780.0,-2893.466666666667,-3616.8333333333335,0.8238541666666668,3373.166666666667,3373.166666666667,1056.6333333333337,27.41972944024914,27.41972944024914,0.0,80124.45516233428,80124.45516233428,0.0,1067.8143481380994,1067.8143481380994,0.0,39888816.62650722,33204678.176826853,133680558.49636322,136464914.97109273,148507229.46363583,1783970.466377752,1821028.3649878516,1980620.0393995978,120698.53333333335
-0.3363165833333331,-0.33681236405767884,0.0014741489088403014,941.6415911222215,598.6435183333328,342.99807278888863,428.74759098611077,-2799.866666666667,-1780.0,-1019.8666666666667,-1274.8333333333333,0.9119270833333335,4178.666666666667,4178.666666666667,1525.0333333333335,27.71759299894158,27.71759299894158,26.87347372209153,102285.33597884118,102285.33597884118,67403.10652955945,1361.8681307615275,1361.8681307615275,902.5925875820437,39888816.62650722,33204678.176826853,133680558.49636322,136464914.97109273,148507229.46363583,1783970.466377752,1821028.3649878516,1980620.0393995978,120698.53333333335
16.158774499999996,16.0513683495749,-0.006646924271707433,-27536.706251266598,-28762.618609999932,1225.912358733333,1532.3904484166662,-1704.1333333333296,-1779.9999999999961,75.86666666666666,94.83333333333333,1.0,7097.299999999996,6005.333333333333,707.0,28.35730167798622,28.0976733589821,28.0976733589821,184163.19792738318,153362.27426329607,156026.87028683955,2462.2743889711032,2045.6400293120569,2081.5534909498942,39888816.62650722,33204678.176826853,133680558.49636322,136464914.97109273,148507229.46363583,1783970.466377752,1821028.3649878516,1980620.0393995978,120698.53333333335
55.681642333333336,54.38449754355758,-0.023295735100816756,361284.76811560005,105795.12043333334,255489.64768226672,319362.05960283335,6488.400000000001,1900.0,4588.400000000001,5735.5,0.8958333333333334,8607.766666666666,9360.666666666666,0.0,28.53095294745815,28.75992700836201,31.32332298758161,227127.97448691903,248700.0582969171,418674.8414771904,3033.837890057378,3319.419042689753,5581.069991940013,39888816.62650722,33204678.176826853,133680558.49636322,136464914.97109273,148507229.46363583,1783970.466377752,1821028.3649878516,1980620.0393995978,120698.53333333335
44.41400333333333,44.15281017928495,-0.00588087392366076,296528.61278822226,0.0,296528.61278822226,370660.76598527783,6676.466666666667,0.0,6676.466666666667,8345.583333333334,0.8958333333333334,12201.199999999997,10542.08333333333,10.0,29.38437869246251,29.04858081779068,42.05876893277211,331116.4162924289,282699.87811020215,554965.9724233815,4406.422216506959,3769.269255223174,7400.731218899743,39888816.62650722,33204678.176826853,133680558.49636322,136464914.97109273,148507229.46363583,1783970.466377752,1821028.3649878516,1980620.0393995978,120698.53333333335
45.466286833333335,46.57004666228756,0.024276445380294703,351690.8219132001,86385.94498333333,265304.87692986673,331631.0961623333,7735.200000000001,1900.0,5835.200000000001,7294.0,0.7916666666666667,10404.05,10845.25,0.0,28.77883487405135,29.04858081779068,40.04819034408525,278716.5857923119,291506.4395281291,523975.0643200906,3716.9597772047214,3884.780810166238,6988.913070150091,39888816.62650722,33204678.176826853,133680558.49636322,136464914.97109273,148507229.46363583,1783970.466377752,1821028.3649878516,1980620.0393995978,120698.53333333335
41.229612,41.489741500052595,0.006309288092562934,186082.98216000004,0.0,186082.98216000004,232603.72770000002,4513.333333333334,0.0,4513.333333333334,5641.666666666667,0.7916666666666667,12251.000000000004,11122.66666666667,0.0,29.38437869246251,29.04858081779068,34.52282234957021,332579.75835131377,299564.99998999794,472539.31858801044,4425.918469849168,3990.481185758723,6307.767936549384,39888816.62650722,33204678.176826853,133680558.49636322,136464914.97109273,148507229.46363583,1783970.466377752,1821028.3649878516,1980620.0393995978,120698.53333333335
44.204528416666676,45.22144294588653,0.023004759142197805,244972.65557948337,83988.60399166668,160984.0515878167,201230.06448477088,5541.8,1900.0,3641.8,4552.25,0.6875000000000001,10497.53333333333,11487.08333333333,0.0,28.81301520738651,29.20072509152424,31.9837377546645,281407.0326588085,310202.2826629045,448440.436949531,3752.273692126939,4130.05843477028,5983.139016648309,39888816.62650722,33204678.176826853,133680558.49636322,136464914.97109273,148507229.46363583,1783970.466377752,1821028.3649878516,1980620.0393995978,120698.53333333335
45.57818766666666,43.647126698240946,-0.04236809463659261,148916.09329037784,51959.13394000007,96956.95935037777,121196.1991879722,3267.2666666666687,1140.0000000000018,2127.266666666667,2659.0833333333335,0.625,10873.566666666666,11481.75,0.0,29.04858081779068,29.20072509152424,30.49717367894778,292328.9985082862,310046.5454624164,389184.5822631392,3895.569932312926,4128.015703966697,5190.486729101591,39888816.62650722,33204678.176826853,133680558.49636322,136464914.97109273,148507229.46363583,1783970.466377752,1821028.3649878516,1980620.0393995978,120698.53333333335
42.708747249999995,43.811226074068905,0.025813888139013797,94500.22141516666,61996.0175081,32504.203907066665,40630.25488383333,2212.666666666667,1451.6000000000001,761.0666666666667,951.3333333333334,0.5454166666666667,10126.499999999996,11387.83333333333,0.0,28.77883487405135,29.20072509152424,29.38437869246251,270729.02017301886,307304.1106975707,335170.481072699,3612.1904815726257,4092.044491222335,4460.43492907951,39888816.62650722,33204678.176826853,133680558.49636322,136464914.97109273,148507229.46363583,1783970.466377752,1821028.3649878516,1980620.0393995978,120698.53333333335
42.44610016666666,41.141244446749894,-0.030741474830271568,26367.517423533332,0.0,26367.517423533332,32959.39677941666,621.2,0.0,621.2,776.5,0.5454166666666667,10907.3,10752.0,0.0,29.04858081779068,29.04858081779068,29.20072509152424,293308.903967873,288797.6593668701,311411.6793604452,3908.4228947760794,3849.2510053335586,4145.921516166863,39888816.62650722,33204678.176826853,133680558.49636322,136464914.97109273,148507229.46363583,1783970.466377752,1821028.3649878516,1980620.0393995978,120698.53333333335
43.80535774999999,45.78374257641102,0.04516307885674168,93232.40307791665,83230.17972499998,10002.223352916666,12502.779191145832,2128.3333333333335,1900.0,228.33333333333337,285.4166666666667,0.44125,8373.833333333334,10216.75,0.0,28.53095294745815,28.77883487405135,28.9025303067285,220453.63356074368,273326.3100204021,281540.7284986126,2946.2936608995656,3646.2579610566713,3754.039814395705,39888816.62650722,33204678.176826853,133680558.49636322,136464914.97109273,148507229.46363583,1783970.466377752,1821028.3649878516,1980620.0393995978,120698.53333333335
44.576666666666675,44.47564614431525,-0.0022662197491533607,5919.781333333335,0.0,5919.781333333335,7399.726666666668,132.8,0.0,132.8,166.0,0.44125,10153.45,10120.25,0.0,28.77883487405135,28.77883487405135,28.77883487405135,271504.6097728746,270549.15245505614,275326.43904414866,3622.3635405432087,3609.831237841045,3672.4927513518637,39888816.62650722,33204678.176826853,133680558.49636322,136464914.97109273,148507229.46363583,1783970.466377752,1821028.3649878516,1980620.0393995978,120698.53333333335
45.54711416666666,45.386626122961815,-0.00352356118803888,5195.407489277777,0.0,5195.407489277777,6494.259361597222,114.06666666666668,0.0,114.06666666666668,142.58333333333334,0.44125,10138.349999999997,10109.83333333333,0.0,28.77883487405135,28.77883487405135,28.77883487405135,271070.04936627636,270249.372925118,274352.75513090985,3616.6636076877053,3605.899164955074,3659.721378618232,39888816.62650722,33204678.176826853,133680558.49636322,136464914.97109273,148507229.46363583,1783970.466377752,1821028.3649878516,1980620.0393995978,120698.53333333335
48.57354675,48.92275750901566,0.007189319750789378,94190.58362115,92289.738825,1900.8447961499999,2376.0559951875,1939.1333333333334,1900.0,39.13333333333333,48.916666666666664,0.3370833333333333,8311.200000000003,10201.41666666667,0.0,28.53095294745815,28.77883487405135,28.77883487405135,218666.64487446795,272885.03455233335,274292.7992249224,2922.8545605023687,3640.4699497685247,3658.9349640410396,39888816.62650722,33204678.176826853,133680558.49636322,136464914.97109273,148507229.46363583,1783970.466377752,1821028.3649878516,1980620.0393995978,120698.53333333335
53.44317133333333,54.69448005157098,0.02341381858559704,136704.06939257777,101542.02553333333,35162.04385924445,43952.55482405555,2557.9333333333334,1900.0,657.9333333333334,822.4166666666666,0.2329166666666666,8895.733333333334,10631.25,0.0,28.53095294745815,29.04858081779068,29.20072509152424,235343.9379040221,285290.0432331219,309226.4917660961,3141.6028652204373,3803.243241971135,4117.259449579075,39888816.62650722,33204678.176826853,133680558.49636322,136464914.97109273,148507229.46363583,1783970.466377752,1821028.3649878516,1980620.0393995978,120698.53333333335
60.14248333333333,62.36356353033615,0.036930304069632804,241788.82099555555,114270.71833333332,127518.10266222223,159397.62832777778,4020.266666666667,1900.0,2120.266666666667,2650.3333333333335,0.12874999999999992,9606.399999999998,10976.33333333333,0.0,28.75992700836201,29.04858081779068,29.92816708722221,255767.33102710522,295314.22433032776,373635.94713085087,3413.759466554071,3934.725745824686,4982.799589514302,39888816.62650722,33204678.176826853,133680558.49636322,136464914.97109273,148507229.46363583,1783970.466377752,1821028.3649878516,1980620.0393995978,120698.53333333335
55.277063749999996,57.055573065914736,0.03217445347600862,189334.9987565,105026.421125,84308.5776315,105385.72203937499,3425.2,1900.0,1525.2,1906.5,0.02458333333333325,8996.8,10515.5,0.0,28.75992700836201,29.04858081779068,29.66508620023022,238235.27952280777,281927.67000346264,337607.859169233,3179.7255989970104,3759.140561977755,4492.892696544977,39888816.62650722,33204678.176826853,133680558.49636322,136464914.97109273,148507229.46363583,1783970.466377752,1821028.3649878516,1980620.0393995978,120698.53333333335
34.157022833333336,33.007199349888346,-0.03366287188012452,-127237.18718902224,-60799.50064333333,-66437.6865456889,-83047.10818211113,-3725.0666666666666,-1779.9999999999998,-1945.0666666666668,-2431.3333333333335,0.1126562499999999,8891.233333333334,7901.5,304.0,28.53095294745815,28.45196742055357,28.0976733589821,235215.54861575854,206985.96952450296,138325.33607068082,3139.918842573486,2768.3757488192496,1842.9719707547708,39888816.62650722,33204678.176826853,133680558.49636322,136464914.97109273,148507229.46363583,1783970.466377752,1821028.3649878516,1980620.0393995978,120698.53333333335
21.543391333333332,22.17299698317169,0.029225001769530655,-132200.30280395554,-38347.23657333333,-93853.06623062221,-117316.33278827777,-6136.466666666666,-1780.0,-4356.466666666666,-5445.583333333333,0.20072916666666657,5305.583333333333,5305.583333333333,690.8833333333332,28.01740671434946,28.01740671434946,0.0,133712.43890496608,133712.43890496608,0.0,1781.162396739145,1781.162396739145,0.0,39888816.62650722,33204678.176826853,133680558.49636322,136464914.97109273,148507229.46363583,1783970.466377752,1821028.3649878516,1980620.0393995978,120698.53333333335
25.51127775,25.12014357798893,-0.015331814260501774,-170852.42859545004,-45410.074395,-125442.35420045003,-156802.9427505625,-6697.133333333334,-1780.0,-4917.133333333334,-6146.416666666667,0.28880208333333324,4826.833333333333,4826.833333333333,550.7166666666672,28.01740671434946,28.01740671434946,0.0,120299.10544047126,120299.10544047126,0.0,1601.5894533563485,1601.5894533563485,0.0,39888816.62650722,33204678.176826853,133680558.49636322,136464914.97109273,148507229.46363583,1783970.466377752,1821028.3649878516,1980620.0393995978,120698.53333333335
33.70358891666667,34.765101743177176,0.031495542778400824,-253848.69100255,-59992.38827166667,-193856.30273088336,-242320.37841360416,-7531.8,-1780.0,-5751.8,-7189.75,0.3768749999999999,4996.466666666667,4977.416666666667,323.0,28.01740671434946,28.01740671434946,0.0,125051.7915327821,124518.05993487373,0.0,1665.216726385073,1658.0713173585616,0.0,39888816.62650722,33204678.176826853,133680558.49636322,136464914.97109273,148507229.46363583,1783970.466377752,1821028.3649878516,1980620.0393995978,120698.53333333335
36.930443583333336,37.819890625576676,0.02408438556218011,-244304.7324220389,-65736.18957833333,-178568.54284370557,-223210.67855463194,-6615.266666666666,-1780.0,-4835.266666666666,-6044.083333333333,0.46494791666666657,5452.1,5037.916666666667,157.0,28.0976733589821,28.01740671434946,0.0,137817.70477199522,126213.11304109187,0.0,1836.1301091703397,1680.764086182915,0.0,39888816.62650722,33204678.176826853,133680558.49636322,136464914.97109273,148507229.46363583,1783970.466377752,1821028.3649878516,1980620.0393995978,120698.53333333335
37.730557999999995,38.452305015142954,0.019128978032685217,-227550.47992746666,-67160.39323999999,-160390.08668746665,-200487.60835933333,-6030.933333333333,-1780.0,-4250.933333333333,-5313.666666666667,0.5530208333333333,5612.433333333333,5028.166666666667,133.0,28.0976733589821,28.01740671434946,0.0,142322.698400552,125939.94332562697,0.0,1896.8484748919557,1677.1069870748581,0.0,39888816.62650722,33204678.176826853,133680558.49636322,136464914.97109273,148507229.46363583,1783970.466377752,1821028.3649878516,1980620.0393995978,120698.53333333335
36.5072075,36.94389342298239,0.011961635876488089,-185639.1501375,-64982.82935,-120656.3207875,-150820.400984375,-5085.0,-1780.0,-3305.0,-4131.25,0.64109375,5858.75,5238.0,333.0,28.0976733589821,28.01740671434946,22.87522035112863,149243.6236434253,131818.92916785463,21494.293204862315,1990.128799943906,1755.812761041417,287.77469529658725,39888816.62650722,33204678.176826853,133680558.49636322,136464914.97109273,148507229.46363583,1783970.466377752,1821028.3649878516,1980620.0393995978,120698.53333333335
35.628150416666664,35.64947713772985,0.0005985918666496902,-133980.84724688888,-63418.10774166666,-70562.73950522221,-88203.42438152776,-3760.5333333333333,-1780.0,-1980.5333333333333,-2475.6666666666665,0.7291666666666667,6923.783333333334,6058.916666666667,420.0,28.25837873121386,28.0976733589821,27.41972944024914,179252.7738208035,154867.84126078154,85884.88332223997,2396.035435724945,2065.9320818894994,1144.1892502053854,39888816.62650722,33204678.176826853,133680558.49636322,136464914.97109273,148507229.46363583,1783970.466377752,1821028.3649878516,1980620.0393995978,120698.53333333335
46.6852715,45.09050786317353,-0.034159887810151716,9663.8512005,0.0,9663.8512005,12079.814000625,207.0,0.0,207.0,258.75,0.7291666666666667,7844.666666666667,7844.666666666667,51.75,28.45196742055357,28.45196742055357,28.53095294745815,205368.9493761015,205368.9493761015,212738.38836786852,2746.4771712730126,2746.4771712730126,2845.096374059617,39888816.62650722,33204678.176826853,133680558.49636322,136464914.97109273,148507229.46363583,1783970.466377752,1821028.3649878516,1980620.0393995978,120698.53333333335
51.33953666666667,52.262245054301616,0.01797266682841024,364774.25328822224,97545.11966666667,267229.1336215556,334036.41702694446,7105.133333333334,1900.0,5205.133333333334,6506.416666666667,0.6250000000000001,9705.283333333333,10304.0,0.0,28.75992700836201,28.77883487405135,34.52282234957021,258611.20847611545,275837.26336316305,474130.2453179531,3451.7221452563913,3679.1930035495566,6328.7166276191065,39888816.62650722,33204678.176826853,133680558.49636322,136464914.97109273,148507229.46363583,1783970.466377752,1821028.3649878516,1980620.0393995978,120698.53333333335
45.188455166666664,44.331243813398316,-0.018969698125477698,289691.1358187889,0.0,289691.1358187889,362113.9197734861,6410.733333333334,0.0,6410.733333333334,8013.416666666667,0.6250000000000001,12493.100000000002,10890.41666666667,0.0,29.89577970970236,29.04858081779068,42.05876893277211,339730.96965971036,292818.4670950661,555645.9225211282,4521.11930657191,3901.9900632666076,7409.737589737526,39888816.62650722,33204678.176826853,133680558.49636322,136464914.97109273,148507229.46363583,1783970.466377752,1821028.3649878516,1980620.0393995978,120698.53333333335
47.438933166666665,44.94040825541728,-0.05266823565511779,257024.139897,0.0,257024.139897,321280.17487125,5418.0,0.0,5418.0,6772.5,0.6250000000000001,12472.5,11118.0,0.0,29.85760445682451,29.04858081779068,39.50585983592206,339115.1738605697,299429.4399461815,514134.0924572755,4512.76653477211,3988.7031079476137,6859.333803871151,39888816.62650722,33204678.176826853,133680558.49636322,136464914.97109273,148507229.46363583,1783970.466377752,1821028.3649878516,1980620.0393995978,120698.53333333335
52.68018758333334,52.343036770594594,-0.006399954673764509,337634.34624659456,100092.35640833335,237541.9898382612,296927.48729782645,6409.133333333334,1900.0,4509.133333333334,5636.416666666667,0.5208333333333335,10443.616666666663,11216.33333333333,0.0,28.77883487405135,29.20072509152424,35.01419878296146,279855.26835882844,302296.1863443743,475610.8505761653,3731.895362854789,4026.35792881959,6347.614803586249,39888816.62650722,33204678.176826853,133680558.49636322,136464914.97109273,148507229.46363583,1783970.466377752,1821028.3649878516,1980620.0393995978,120698.53333333335
54.96247866666667,54.73358690263417,-0.004164509490568419,251156.54251520004,104428.70946666667,146727.83304853336,183409.79131066668,4569.6,1900.0,2669.6000000000004,3337.0,0.4166666666666668,10209.65,11442.25,0.0,28.77883487405135,29.20072509152424,31.32332298758161,273121.9802927963,308893.1168213012,408747.9583670427,3643.577860177594,4112.886728952653,5448.300563018817,39888816.62650722,33204678.176826853,133680558.49636322,136464914.97109273,148507229.46363583,1783970.466377752,1821028.3649878516,1980620.0393995978,120698.53333333335
50.77070708333333,49.81048955161849,-0.018912825660252614,165201.11142155554,96464.34345833333,68736.76796322221,85920.95995402777,3253.866666666667,1900.0,1353.8666666666668,1692.3333333333333,0.3125000000000001,10083.466666666667,11645.0,0.0,28.77883487405135,29.20072509152424,29.92816708722221,269490.57097893895,314813.56383360777,364976.730786948,3595.946302066108,4190.542417157649,4864.637303683276,39888816.62650722,33204678.176826853,133680558.49636322,136464914.97109273,148507229.46363583,1783970.466377752,1821028.3649878516,1980620.0393995978,120698.53333333335
45.51558574999999,46.66809006500868,0.0253210915781454,81733.09592437091,73118.51272808757,8614.583196283333,10768.228995354166,1795.7166666666685,1606.4500000000019,189.26666666666668,236.58333333333334,0.22442708333333333,9912.366666666665,11471.5,0.0,28.75992700836201,29.20072509152424,29.20072509152424,264566.9100274304,309747.2380302283,316655.6429081315,3531.22429979479,4124.0898307035595,4214.70409244379,39888816.62650722,33204678.176826853,133680558.49636322,136464914.97109273,148507229.46363583,1783970.466377752,1821028.3649878516,1980620.0393995978,120698.53333333335
47.64030291666668,46.1111748234582,-0.032097362938335115,92218.92236588891,90516.57554166668,1702.3468242222227,2127.933530277778,1935.7333333333333,1900.0,35.733333333333334,44.666666666666664,0.12026041666666666,9364.266666666663,11255.33333333333,0.0,28.75992700836201,29.20072509152424,29.20072509152424,248803.5940341471,303435.01462294377,304739.3136770318,3320.8011324587897,4041.2953978207975,4058.4032683008127,39888816.62650722,33204678.176826853,133680558.49636322,136464914.97109273,148507229.46363583,1783970.466377752,1821028.3649878516,1980620.0393995978,120698.53333333335
48.017134250000005,46.7365618182549,-0.026669072441471323,88914.92806186668,91232.55507500001,-2317.627013133334,-2897.0337664166673,1851.7333333333333,1900.0,-48.26666666666667,-60.333333333333336,0.01609374999999999,8709.183333333334,10621.25,0.0,28.53095294745815,29.04858081779068,29.04858081779068,230021.48863167377,284999.557424944,283246.9597156039,3071.790770822931,3799.4330752330457,3776.4450692465757,39888816.62650722,33204678.176826853,133680558.49636322,136464914.97109273,148507229.46363583,1783970.466377752,1821028.3649878516,1980620.0393995978,120698.53333333335
43.62288725,43.290120895434995,-0.007628251487755446,-35439.2336019,0.0,-35439.2336019,-44299.042002375,-812.4000000000001,0.0,-812.4000000000001,-1015.5,0.01609374999999999,10030.56666666667,10233.66666666667,0.0,28.77883487405135,28.77883487405135,28.75992700836201,267968.1706141017,273813.15197702154,244601.7686982256,3575.9776631219984,3652.643647423488,3264.7113226653432,39888816.62650722,33204678.176826853,133680558.49636322,136464914.97109273,148507229.46363583,1783970.466377752,1821028.3649878516,1980620.0393995978,120698.53333333335
42.65199716666667,43.461732111102776,0.018984690008113706,-51091.40567271111,0.0,-51091.40567271111,-63864.25709088889,-1197.8666666666666,0.0,-1197.8666666666666,-1497.3333333333333,0.01609374999999999,9805.533333333333,10105.0,0.0,28.75992700836201,28.77883487405135,28.53095294745815,261494.39115870374,270110.2752232268,227125.12139162427,3490.209506185846,3604.0746831359847,3033.80046733189,39888816.62650722,33204678.176826853,133680558.49636322,136464914.97109273,148507229.46363583,1783970.466377752,1821028.3649878516,1980620.0393995978,120698.53333333335
40.124239416666676,40.670781496578705,0.013621244610683132,-106695.70250750557,-71421.14616166668,-35274.5563458389,-44093.19543229863,-2659.133333333333,-1780.0,-879.1333333333334,-1098.9166666666667,0.10416666666666666,11605.299999999997,10045.08333333333,0.0,29.20072509152424,28.77883487405135,28.56388090370718,313654.2950474742,268385.9433670232,236782.88699679726,4175.33683973847,3581.457399895884,3160.4849276458162,39888816.62650722,33204678.176826853,133680558.49636322,136464914.97109273,148507229.46363583,1783970.466377752,1821028.3649878516,1980620.0393995978,120698.53333333335
44.256403750000004,43.213038328255486,-0.023575467804351758,-65704.45457789476,-65173.37773289477,-531.076845,-663.8460562500001,-1484.631578947369,-1472.631578947369,-12.0,-15.0,0.17703125000000003,11632.964912280699,10163.33333333333,0.0,29.20072509152424,28.77883487405135,28.77883487405135,314462.13054566405,271789.04059087974,271357.358067769,4185.932833831139,3626.094291297416,3620.432106341619,39888816.62650722,33204678.176826853,133680558.49636322,136464914.97109273,148507229.46363583,1783970.466377752,1821028.3649878516,1980620.0393995978,120698.53333333335
43.062613166666665,43.63756256202906,0.013351474819634125,71015.99079358888,0.0,71015.99079358888,88769.9884919861,1649.1333333333332,0.0,1649.1333333333332,2061.4166666666665,0.17703125000000003,10521.200000000003,10108.91666666667,0.0,29.04858081779068,28.77883487405135,29.38437869246251,282093.2469141241,270222.99232648365,330209.41847012175,3761.312357018467,3605.553142541111,4394.338193351083,39888816.62650722,33204678.176826853,133680558.49636322,136464914.97109273,148507229.46363583,1783970.466377752,1821028.3649878516,1980620.0393995978,120698.53333333335
62.029465249999994,59.947111380934594,-0.03357039853032431,239131.85913411665,117855.983975,121275.87515911665,151594.8439488958,3855.133333333333,1900.0,1955.1333333333332,2443.9166666666665,0.07286458333333336,8507.366666666667,9918.583333333334,0.0,28.53095294745815,28.75992700836201,29.38437869246251,224263.46681099426,264745.7009069991,335856.1165755232,2996.2654736676186,3533.610964071879,4469.569719802097,39888816.62650722,33204678.176826853,133680558.49636322,136464914.97109273,148507229.46363583,1783970.466377752,1821028.3649878516,1980620.0393995978,120698.53333333335
41.220892750000004,42.260528903892606,0.02522109747107795,-93791.27130383333,-73373.189095,-20418.082208833333,-25522.602761041668,-2275.333333333333,-1779.9999999999995,-495.3333333333333,-619.1666666666666,0.1609375,9206.0,7972.833333333333,423.0,28.75992700836201,28.45196742055357,28.35730167798622,244251.85625295714,209015.54320050243,191433.0648342297,3260.040371131094,2795.8613534813885,2559.5069064456147,39888816.62650722,33204678.176826853,133680558.49636322,136464914.97109273,148507229.46363583,1783970.466377752,1821028.3649878516,1980620.0393995978,120698.53333333335
34.214826833333326,33.92252310210582,-0.008543188970424167,-136327.83702318885,-60902.39176333332,-75425.44525985554,-94281.80657481943,-3984.4666666666667,-1780.0,-2204.4666666666667,-2755.5833333333335,0.24901041666666668,6874.466666666666,5681.583333333333,36.0,28.25837873121386,28.0976733589821,26.87347372209153,177859.16477637578,144265.65251332562,67998.80186373246,2377.1084264216493,1923.035636989563,910.2062314194716,39888816.62650722,33204678.176826853,133680558.49636322,136464914.97109273,148507229.46363583,1783970.466377752,1821028.3649878516,1980620.0393995978,120698.53333333335
36.64093033333333,36.570363599281315,-0.0019258990808924967,-202384.9573318222,-65220.85599333332,-137164.10133848886,-171455.12667311108,-5523.466666666667,-1780.0,-3743.4666666666667,-4679.333333333333,0.33708333333333335,5681.050000000001,4956.916666666667,120.0,28.0976733589821,28.01740671434946,16.77478027168213,144250.6670875342,123943.70309722958,3862.4853489203188,1922.8336632158534,1650.3820320544419,52.32231186842772,39888816.62650722,33204678.176826853,133680558.49636322,136464914.97109273,148507229.46363583,1783970.466377752,1821028.3649878516,1980620.0393995978,120698.53333333335
40.57124033333333,39.27113914973033,-0.0320448961609595,-277515.3981280667,-72216.80779333333,-205298.59033473334,-256623.23791841665,-6840.200000000001,-1780.0,-5060.200000000001,-6325.25,0.42515625,5536.200000000001,5119.25,98.0,28.0976733589821,28.01740671434946,0.0,140180.71910148562,128491.86212052562,0.0,1867.9788486122602,1711.2711693407232,0.0,39888816.62650722,33204678.176826853,133680558.49636322,136464914.97109273,148507229.46363583,1783970.466377752,1821028.3649878516,1980620.0393995978,120698.53333333335
38.27441050000001,38.977391479787606,0.01836686628491902,-262118.4728682001,-68128.45069000001,-193990.02217820007,-242487.52772275006,-6848.400000000001,-1780.0,-5068.400000000001,-6335.5,0.5132291666666666,5625.150000000001,5174.25,62.0,28.0976733589821,28.01740671434946,0.0,142680.00714676708,130032.81948981484,0.0,1901.6642870588573,1731.9009591810445,0.0,39888816.62650722,33204678.176826853,133680558.49636322,136464914.97109273,148507229.46363583,1783970.466377752,1821028.3649878516,1980620.0393995978,120698.53333333335
39.17453875,39.007019018910505,-0.004276240038422871,-281751.11759775004,-69730.678975,-212020.43862275005,-265025.5482784375,-7192.200000000001,-1780.0,-5412.200000000001,-6765.25,0.6013020833333333,5445.533333333334,5164.583333333333,146.0,28.01740671434946,28.01740671434946,0.0,137633.4749746393,129761.9845582428,0.0,1833.6558347055625,1728.2751173303213,0.0,39888816.62650722,33204678.176826853,133680558.49636322,136464914.97109273,148507229.46363583,1783970.466377752,1821028.3649878516,1980620.0393995978,120698.53333333335
34.222189750000005,33.224084046545634,-0.02916545407367944,-274007.9474109834,-60915.49775500001,-213092.44965598336,-266365.5620699792,-8006.733333333334,-1780.0,-6226.733333333334,-7783.416666666667,0.6893750000000001,4753.0,4753.0,223.3166666666666,28.01740671434946,28.01740671434946,0.0,118230.48691139513,118230.48691139513,0.0,1573.8955233585841,1573.8955233585841,0.0,39888816.62650722,33204678.176826853,133680558.49636322,136464914.97109273,148507229.46363583,1783970.466377752,1821028.3649878516,1980620.0393995978,120698.53333333335
16.888752666666665,16.1136256744668,-0.045896047357584444,-117152.77358128889,-30061.979746666664,-87090.79383462222,-108863.49229327777,-6936.733333333334,-1780.0,-5156.733333333334,-6445.916666666667,0.7774479166666668,4530.316666666667,4392.5,353.0,27.71759299894158,27.71759299894158,0.0,112032.22755691897,108212.28128178151,0.0,1491.0977411116191,1440.450807703168,0.0,39888816.62650722,33204678.176826853,133680558.49636322,136464914.97109273,148507229.46363583,1783970.466377752,1821028.3649878516,1980620.0393995978,120698.53333333335
24.389094916666668,24.841365635575265,0.018543973052461686,-67391.94707373335,-43412.58895166667,-23979.358122066667,-29974.197652583334,-2763.2,-1780.0,-983.2,-1229.0,0.8655208333333335,5859.033333333333,4826.833333333333,502.0,28.0976733589821,28.01740671434946,27.41972944024914,149251.584650877,120299.10544047126,86284.75437657691,1990.2360985111893,1601.5894533563485,1149.490958996252,39888816.62650722,33204678.176826853,133680558.49636322,136464914.97109273,148507229.46363583,1783970.466377752,1821028.3649878516,1980620.0393995978,120698.53333333335
48.40309049999999,48.20440442087336,-0.004104822173010452,176990.7407223,0.0,176990.7407223,221238.42590287497,3656.6000000000004,0.0,3656.6000000000004,4570.75,0.8655208333333335,6976.816666666667,6111.666666666667,49.0,28.25837873121386,28.0976733589821,29.04858081779068,180751.40983951552,156349.99353046785,286776.3622849656,2416.388846878404,2085.9085504455197,3822.738595114357,39888816.62650722,33204678.176826853,133680558.49636322,136464914.97109273,148507229.46363583,1783970.466377752,1821028.3649878516,1980620.0393995978,120698.53333333335
43.98696583333333,43.48374363376528,-0.011440257131504858,153549.700331,-78296.79918333332,231846.49951433332,289808.1243929166,3490.8,-1780.0,5270.8,6588.5,0.9535937500000002,9423.366666666667,6352.666666666667,27.0,28.75992700836201,28.0976733589821,29.89577970970236,250503.30572034142,163121.53280998254,353126.27202163765,3343.4904395004946,2177.175449440797,4703.217789597316,39888816.62650722,33204678.176826853,133680558.49636322,136464914.97109273,148507229.46363583,1783970.466377752,1821028.3649878516,1980620.0393995978,120698.53333333335
44.0999,45.864832117643346,0.04002122720557976,225712.10818,0.0,225712.10818,282140.135225,5118.200000000001,0.0,5118.200000000001,6397.75,0.9535937500000002,7338.633333333332,6076.083333333333,17.0,28.35730167798622,28.0976733589821,29.85760445682451,191006.76006567062,155350.18465344407,339154.98399984546,2553.8051946550795,2072.433112730795,4513.291293175081,39888816.62650722,33204678.176826853,133680558.49636322,136464914.97109273,148507229.46363583,1783970.466377752,1821028.3649878516,1980620.0393995978,120698.53333333335
47.94932958333333,49.12454491006804,0.024509525721151948,201559.8018365,0.0,201559.8018365,251949.752295625,4203.6,0.0,4203.6,5254.5,0.9535937500000002,7418.9,6368.0,0.0,28.35730167798622,28.0976733589821,29.20072509152424,193282.90614702366,163552.36380148694,314156.5475190485,2584.2480372085347,2182.982195434964,4181.924646580029,39888816.62650722,33204678.176826853,133680558.49636322,136464914.97109273,148507229.46363583,1783970.466377752,1821028.3649878516,1980620.0393995978,120698.53333333335
52.251253416666664,51.75246706752787,-0.009545921227215846,265735.9412095889,99277.38149166666,166458.55971792224,208073.19964740277,5085.733333333334,1900.0,3185.7333333333336,3982.1666666666665,0.8494270833333336,5628.1833333333325,6731.75,0.0,28.0976733589821,28.25837873121386,29.04858081779068,142765.23675595596,173826.22315845272,287691.3925807259,1902.8130128968335,2322.3358746595272,3834.7406203393366,39888816.62650722,33204678.176826853,133680558.49636322,136464914.97109273,148507229.46363583,1783970.466377752,1821028.3649878516,1980620.0393995978,120698.53333333335
49.0633535,47.70656089817434,-0.02765389043016922,96279.47174072526,14402.547419925253,81876.92432080001,102346.155401,1962.3500000000054,293.5500000000052,1668.8000000000002,2086.0,0.8333333333333334,7292.816666666662,7169.166666666667,0.0,28.35730167798622,28.35730167798622,28.75992700836201,189707.52302712412,186201.14267464128,245665.88599753496,2536.428248189246,2489.5313526526866,3278.916134180453,39888816.62650722,33204678.176826853,133680558.49636322,136464914.97109273,148507229.46363583,1783970.466377752,1821028.3649878516,1980620.0393995978,120698.53333333335
51.12956725,51.415564992145654,0.005593588162936421,125349.24707010001,97146.177775,28203.069295100002,35253.836618875,2451.6,1900.0,551.6,689.5,0.7291666666666667,5342.4,7104.5,0.0,28.01740671434946,28.35730167798622,28.45196742055357,134743.9464288327,184367.37049946483,203927.38302679345,1794.9718530292266,2465.005142289853,2726.954685718596,39888816.62650722,33204678.176826853,133680558.49636322,136464914.97109273,148507229.46363583,1783970.466377752,1821028.3649878516,1980620.0393995978,120698.53333333335
54.140698166666674,53.09748512214431,-0.01926855544623633,127317.26580873335,102867.32651666668,24449.939292066672,30562.424115083337,2351.6,1900.0,451.6,564.5,0.6250000000000001,5186.9,6974.0,0.0,28.01740671434946,28.25837873121386,28.35730167798622,130387.23968475136,180671.81540608927,196674.43942771084,1736.6458108443182,2415.307851754289,2629.6088840033003,39888816.62650722,33204678.176826853,133680558.49636322,136464914.97109273,148507229.46363583,1783970.466377752,1821028.3649878516,1980620.0393995978,120698.53333333335
52.03872716666667,52.480097876464214,0.008481581580271114,84854.34851796666,98873.58161666666,-14019.233098700002,-17524.041373375,1630.6,1900.0,-269.40000000000003,-336.75,0.5208333333333335,5151.8166666666675,7119.166666666667,0.0,28.01740671434946,28.35730167798622,28.25837873121386,129404.29566585629,184783.27759074196,175257.98101416757,1723.4865055067805,2470.5677879391556,2341.780994051896,39888816.62650722,33204678.176826853,133680558.49636322,136464914.97109273,148507229.46363583,1783970.466377752,1821028.3649878516,1980620.0393995978,120698.53333333335
52.29729458333333,51.367398594831954,-0.017780957808814273,75799.69876908333,99364.85970833333,-23565.16093925,-29456.4511740625,1449.4,1900.0,-450.6,-563.25,0.4166666666666668,5156.6,7169.25,0.0,28.01740671434946,28.35730167798622,28.25837873121386,129538.3122613066,186203.50578311444,170272.73203300257,1725.2806720777417,2489.5629585938755,2274.0748793255075,39888816.62650722,33204678.176826853,133680558.49636322,136464914.97109273,148507229.46363583,1783970.466377752,1821028.3649878516,1980620.0393995978,120698.53333333335
53.44447133333333,53.359392684134036,-0.0015919073961581376,84770.05746417778,101544.49553333333,-16774.438069155556,-20968.04758644444,1586.1333333333332,1900.0,-313.8666666666667,-392.3333333333333,0.3125000000000001,5537.616666666667,7516.083333333333,0.0,28.0976733589821,28.35730167798622,28.35730167798622,140220.52413874416,196038.7632484293,184913.24855676605,1868.5153414486776,2621.1068858234003,2472.3061147045623,39888816.62650722,33204678.176826853,133680558.49636322,136464914.97109273,148507229.46363583,1783970.466377752,1821028.3649878516,1980620.0393995978,120698.53333333335
52.73903525,52.833969469561396,0.001800075012964797,107819.6836651,100204.166975,7615.5166901,9519.395862625,2044.4,1900.0,144.4,180.5,0.20833333333333343,5829.6833333333325,7693.583333333333,0.0,28.0976733589821,28.35730167798622,28.45196742055357,148426.91793779086,201072.18429627185,206205.91141772276,1979.1212292767023,2688.427540556435,2757.8117722610205,39888816.62650722,33204678.176826853,133680558.49636322,136464914.97109273,148507229.46363583,1783970.466377752,1821028.3649878516,1980620.0393995978,120698.53333333335
45.31211083333333,45.65891281238907,0.007653626650308677,61017.28844816666,0.0,61017.28844816666,76271.61056020833,1346.6000000000001,0.0,1346.6000000000001,1683.25,0.20833333333333343,7900.65,7564.0,0.0,28.45196742055357,28.35730167798622,28.75992700836201,206961.78535219547,197397.55062049947,245438.20324205206,2768.048233436593,2639.280302007201,3275.8768164013186,39888816.62650722,33204678.176826853,133680558.49636322,136464914.97109273,148507229.46363583,1783970.466377752,1821028.3649878516,1980620.0393995978,120698.53333333335
60.09738024999999,59.98883462750668,-0.0018061622992845293,298387.49943326664,114185.02247499999,184202.47695826666,230253.0961978333,4965.0666666666675,1900.0,3065.066666666667,3831.3333333333335,0.10416666666666675,6658.8499999999985,7792.583333333333,0.0,28.25837873121386,28.45196742055357,29.20072509152424,171766.1873489472,203887.07607294765,314197.91521292814,2294.357929849586,2726.4088267475017,4182.467246949731,39888816.62650722,33204678.176826853,133680558.49636322,136464914.97109273,148507229.46363583,1783970.466377752,1821028.3649878516,1980620.0393995978,120698.53333333335
55.24465958333334,55.36183847303436,0.002121089904161075,241500.18787988892,104964.85320833334,136535.33467155558,170669.16833944447,4371.466666666667,1900.0,2471.466666666667,3089.3333333333335,8.326672684688674e-17,7223.033333333333,8505.166666666666,0.0,28.35730167798622,28.53095294745815,29.20072509152424,187728.65599169544,224200.6987145098,313338.9272164858,2509.9614330373965,2995.4421737068865,4171.200309861213,39888816.62650722,33204678.176826853,133680558.49636322,136464914.97109273,148507229.46363583,1783970.466377752,1821028.3649878516,1980620.0393995978,120698.53333333335
26.337004666666672,26.76215324726283,0.01614263223844295,-89408.86344240003,-46879.86830666668,-42528.99513573335,-53161.243919666675,-3394.8,-1780.0,-1614.8000000000002,-2018.5,0.08807291666666675,7960.883333333333,6675.583333333333,91.0,28.45196742055357,28.25837873121386,27.74203824836471,208675.5421898268,172239.0442197162,115546.55648825667,2791.256872513455,2300.7799363857503,1537.9157291715574,39888816.62650722,33204678.176826853,133680558.49636322,136464914.97109273,148507229.46363583,1783970.466377752,1821028.3649878516,1980620.0393995978,120698.53333333335
19.6283955,19.353436606366436,-0.014008220571750857,-117772.99011940003,-34938.54399,-82834.44612940002,-103543.05766175,-6000.133333333334,-1780.0,-4220.133333333334,-5275.166666666667,0.17614583333333342,4915.8,4560.833333333333,370.0,28.01740671434946,27.71759299894158,0.0,122791.72072449123,112878.07610327,0.0,1634.959701285935,1502.3124629728927,0.0,39888816.62650722,33204678.176826853,133680558.49636322,136464914.97109273,148507229.46363583,1783970.466377752,1821028.3649878516,1980620.0393995978,120698.53333333335
20.465638916666663,20.03660675552328,-0.02096353614418511,-131845.10340487774,-36428.83727166664,-95416.26613321109,-119270.33266651386,-6442.2666666666655,-1779.999999999999,-4662.266666666666,-5827.833333333333,0.26421875000000006,3918.4333333333325,3867.0,563.0,27.50588569464469,27.41972944024914,0.0,95078.93429466998,93665.23155091064,0.0,1266.2297354278685,1247.3453555362494,0.0,39888816.62650722,33204678.176826853,133680558.49636322,136464914.97109273,148507229.46363583,1783970.466377752,1821028.3649878516,1980620.0393995978,120698.53333333335
19.604605166666666,19.60960170328039,0.00025486545488905205,-144722.5023140111,-34896.19719666667,-109826.30511734444,-137282.88139668055,-7382.066666666667,-1780.0,-5602.066666666667,-7002.583333333333,0.3522916666666667,3503.083333333333,3503.083333333333,379.4833333333336,27.41972944024914,27.41972944024914,0.0,83686.7350121133,83686.7350121133,0.0,1115.0449995950205,1115.0449995950205,0.0,39888816.62650722,33204678.176826853,133680558.49636322,136464914.97109273,148507229.46363583,1783970.466377752,1821028.3649878516,1980620.0393995978,120698.53333333335
18.463158333333336,18.17503121581985,-0.015605516256300534,-140620.3373755556,-32864.42183333334,-107755.91554222224,-134694.8944277778,-7616.266666666666,-1780.0,-5836.266666666666,-7295.333333333333,0.4403645833333334,3239.416666666667,3239.416666666667,320.9333333333334,27.41972944024914,27.41972944024914,0.0,76457.06634970097,76457.06634970097,0.0,1019.1901046561502,1019.1901046561502,0.0,39888816.62650722,33204678.176826853,133680558.49636322,136464914.97109273,148507229.46363583,1783970.466377752,1821028.3649878516,1980620.0393995978,120698.53333333335
22.023786416666667,22.580379013164595,0.0252723390051007,-165865.54026120002,-39202.33982166667,-126663.20043953335,-158329.00054941667,-7531.200000000001,-1780.0,-5751.200000000001,-7189.0,0.5284375000000001,3171.166666666667,3171.166666666667,342.2000000000007,27.07075506235916,27.07075506235916,0.0,74588.08411538234,74588.08411538234,0.0,994.452930685545,994.452930685545,0.0,39888816.62650722,33204678.176826853,133680558.49636322,136464914.97109273,148507229.46363583,1783970.466377752,1821028.3649878516,1980620.0393995978,120698.53333333335
20.255782166666666,19.97070458978892,-0.014073886386222928,-133476.1517799889,-36055.29225666667,-97420.85952332223,-121776.07440415278,-6589.533333333334,-1780.0,-4809.533333333334,-6011.916666666667,0.6165104166666668,3254.583333333333,3254.583333333333,577.6166666666668,27.41972944024914,27.41972944024914,0.0,76872.93224621139,76872.93224621139,0.0,1024.7038817986513,1024.7038817986513,0.0,39888816.62650722,33204678.176826853,133680558.49636322,136464914.97109273,148507229.46363583,1783970.466377752,1821028.3649878516,1980620.0393995978,120698.53333333335
17.818822916666665,18.09070748835843,0.015258279009970836,-92615.11399166666,-31717.504791666663,-60897.6092,-76122.0115,-5197.6,-1780.0,-3417.6000000000004,-4272.0,0.7045833333333336,3862.0166666666673,3702.416666666667,766.0,27.41972944024914,27.41972944024914,0.0,93528.58989920009,89152.40108053632,0.0,1245.5336859037134,1187.5117848964678,0.0,39888816.62650722,33204678.176826853,133680558.49636322,136464914.97109273,148507229.46363583,1783970.466377752,1821028.3649878516,1980620.0393995978,120698.53333333335
29.92316391666667,31.133121869067754,0.04043549524945665,-78003.70369796667,-53263.23177166667,-24740.471926300004,-30925.589907875004,-2606.8,-1780.0,-826.8000000000001,-1033.5,0.7926562500000003,5505.133333333333,4447.833333333333,516.0,28.0976733589821,27.71759299894158,27.41972944024914,139307.81804913323,109745.9880943896,81253.23402429119,1856.2138762936434,1460.7855300294536,1082.7803146677459,39888816.62650722,33204678.176826853,133680558.49636322,136464914.97109273,148507229.46363583,1783970.466377752,1821028.3649878516,1980620.0393995978,120698.53333333335
52.88066091666667,53.17509820156953,0.005567957733487128,279862.08445797226,100473.25574166667,179388.8287163056,224236.03589538197,5292.333333333334,1900.0,3392.333333333334,4240.416666666667,0.6884895833333337,5528.916666666666,6580.833333333333,0.0,28.0976733589821,28.25837873121386,29.04858081779068,139976.07438052102,169561.5628349337,290809.27358850214,1865.2206442650304,2264.4162838378506,3875.6364099948246,39888816.62650722,33204678.176826853,133680558.49636322,136464914.97109273,148507229.46363583,1783970.466377752,1821028.3649878516,1980620.0393995978,120698.53333333335
49.675956333333325,48.842303221439394,-0.016781823107742396,349516.71703091107,94384.31703333331,255132.39999757777,318915.49999697215,7035.933333333334,1900.0,5135.933333333334,6419.916666666667,0.584322916666667,6784.733333333333,7400.75,0.0,28.25837873121386,28.35730167798622,29.92816708722221,175323.44625822818,192768.22112156823,379442.0115457721,2342.670096550428,2577.364263217523,5062.028218954002,39888816.62650722,33204678.176826853,133680558.49636322,136464914.97109273,148507229.46363583,1783970.466377752,1821028.3649878516,1980620.0393995978,120698.53333333335
49.81536725000001,48.907748495386095,-0.018219653988677875,249538.45865318336,0.0,249538.45865318336,311923.0733164792,5009.266666666666,0.0,5009.266666666666,6261.583333333333,0.584322916666667,8861.733333333334,7609.416666666667,0.0,28.53095294745815,28.35730167798622,30.33898709985666,234373.88550380853,198685.4447383747,380958.7343316061,3128.8791385545824,2656.505539955325,5082.493707921953,39888816.62650722,33204678.176826853,133680558.49636322,136464914.97109273,148507229.46363583,1783970.466377752,1821028.3649878516,1980620.0393995978,120698.53333333335
49.96423416666667,49.59740855925612,-0.007341763834244436,318195.55981594446,94932.04491666668,223263.51489927777,279079.3936240972,6368.466666666666,1900.0,4468.466666666666,5585.583333333333,0.48015625000000034,7389.283333333334,8172.166666666667,0.0,28.35730167798622,28.53095294745815,29.92816708722221,192443.05739566067,214699.89138300627,377559.03103320097,2573.0152857098865,2870.824497832485,5036.333367052382,39888816.62650722,33204678.176826853,133680558.49636322,136464914.97109273,148507229.46363583,1783970.466377752,1821028.3649878516,1980620.0393995978,120698.53333333335
50.788956583333345,52.07229854845279,0.02526813014978502,276877.6897792612,96499.01750833336,180378.67227092784,225473.3403386598,5451.533333333334,1900.0,3551.5333333333338,4439.416666666667,0.37598958333333365,7820.966666666667,8833.083333333334,0.0,28.45196742055357,28.53095294745815,29.92816708722221,204694.63774823438,233556.47370186387,363036.3879541264,2737.345271780124,3118.1575277023253,4838.159694703857,39888816.62650722,33204678.176826853,133680558.49636322,136464914.97109273,148507229.46363583,1783970.466377752,1821028.3649878516,1980620.0393995978,120698.53333333335
47.52723699999999,46.39476783825707,-0.02382779292940866,125741.22668966666,0.0,125741.22668966666,157176.5333620833,2645.666666666667,0.0,2645.666666666667,3307.0833333333335,0.37598958333333365,9681.0,9019.583333333334,0.0,28.75992700836201,28.75992700836201,29.38437869246251,257912.82158192908,238890.52652648167,334803.17633904336,3442.399437879132,3188.472435637171,4455.541291192411,39888816.62650722,33204678.176826853,133680558.49636322,136464914.97109273,148507229.46363583,1783970.466377752,1821028.3649878516,1980620.0393995978,120698.53333333335
49.0165855,48.895005874985586,-0.002480377279939475,177913.86650316668,93131.51245,84782.35405316668,105977.94256645834,3629.666666666667,1900.0,1729.666666666667,2162.0833333333335,0.27182291666666697,7580.166666666666,9047.75,0.0,28.35730167798622,28.75992700836201,29.20072509152424,197855.99366429358,239700.59780388384,302106.3816312795,2645.411854597909,3199.2860083671426,4023.8683506527236,39888816.62650722,33204678.176826853,133680558.49636322,136464914.97109273,148507229.46363583,1783970.466377752,1821028.3649878516,1980620.0393995978,120698.53333333335
53.225417,53.865725099260096,0.012030118979811726,161464.6250112,101128.2923,60336.332711200004,75420.415889,3033.6000000000004,1900.0,1133.6000000000001,1417.0,0.16765625000000028,7595.733333333334,9212.333333333334,0.0,28.35730167798622,28.75992700836201,29.04858081779068,198297.42232708092,244434.00245734342,285234.36678655446,2651.3158444120554,3262.4718253544015,3802.5129600130012,39888816.62650722,33204678.176826853,133680558.49636322,136464914.97109273,148507229.46363583,1783970.466377752,1821028.3649878516,1980620.0393995978,120698.53333333335
49.79846366666666,48.19801039457342,-0.03213860738367565,79155.48797256137,57669.1108491836,21486.377123377777,26857.971404222222,1589.516666666672,1158.0500000000054,431.4666666666667,539.3333333333334,0.10416666666666666,8571.483333333326,9621.666666666666,0.0,28.53095294745815,28.75992700836201,28.77883487405135,226092.77641080855,256206.39924609958,271721.8899761737,3020.259677826216,3419.620550944991,3625.2135069709598,39888816.62650722,33204678.176826853,133680558.49636322,136464914.97109273,148507229.46363583,1783970.466377752,1821028.3649878516,1980620.0393995978,120698.53333333335
45.768080166666664,46.77945880175095,0.02209790385354374,-9629.604067066666,0.0,-9629.604067066666,-12037.005083833332,-210.4,0.0,-210.4,-263.0,0.10416666666666666,9972.73333333333,10025.33333333333,0.0,28.77883487405135,28.77883487405135,28.75992700836201,266303.79466388555,267817.56137826067,260251.96231194242,3554.1467944590904,3574.0021897040847,3473.6244289573915,39888816.62650722,33204678.176826853,133680558.49636322,136464914.97109273,148507229.46363583,1783970.466377752,1821028.3649878516,1980620.0393995978,120698.53333333335
43.819386916666666,43.78066964497748,-0.0008835648879071899,-17372.92626622778,0.0,-17372.92626622778,-21716.15783278472,-396.4666666666667,0.0,-396.4666666666667,-495.5833333333333,0.10416666666666666,10055.716666666664,10154.83333333333,0.0,28.77883487405135,28.77883487405135,28.75992700836201,268691.9583111839,271544.4204944503,257287.2931694971,3585.471259897882,3622.885719822464,3434.049312191194,39888816.62650722,33204678.176826853,133680558.49636322,136464914.97109273,148507229.46363583,1783970.466377752,1821028.3649878516,1980620.0393995978,120698.53333333335
45.80027725,46.911604922799654,0.024264649463440775,77762.76406686667,87020.526775,-9257.762708133334,-11572.203385166666,1697.8666666666668,1900.0,-202.13333333333333,-252.66666666666666,0.0,8315.133333333337,10265.66666666667,0.0,28.53095294745815,28.77883487405135,28.77883487405135,218778.86662272798,274734.07469299115,267462.6224148142,2924.3265210382233,3664.722975329188,3569.346615407099,39888816.62650722,33204678.176826853,133680558.49636322,136464914.97109273,148507229.46363583,1783970.466377752,1821028.3649878516,1980620.0393995978,120698.53333333335
46.3739655,47.75975088907691,0.029882831328645137,18385.7315219,0.0,18385.7315219,22982.164402374998,396.4666666666667,0.0,396.4666666666667,495.5833333333333,0.0,10738.783333333336,10639.66666666667,0.0,29.04858081779068,29.04858081779068,29.04858081779068,288413.7339570617,285534.53545500507,299930.5279652885,3844.2152349613857,3806.4501323090276,3995.275645570818,39888816.62650722,33204678.176826853,133680558.49636322,136464914.97109273,148507229.46363583,1783970.466377752,1821028.3649878516,1980620.0393995978,120698.53333333335
44.51725433333334,44.03960449912186,-0.010729543889543777,122953.68865171114,0.0,122953.68865171114,153692.1108146389,2761.9333333333334,0.0,2761.9333333333334,3452.4166666666665,0.0,11238.650000000003,10548.16666666667,0.0,29.20072509152424,29.04858081779068,30.49717367894778,302947.849192667,282876.5903101772,384907.3536546668,4034.905480525839,3771.5871066555137,5134.439560988561,39888816.62650722,33204678.176826853,133680558.49636322,136464914.97109273,148507229.46363583,1783970.466377752,1821028.3649878516,1980620.0393995978,120698.53333333335
47.561441083333335,48.12229543094212,0.011792206771575756,82227.39010760556,0.0,82227.39010760556,102784.23763450695,1728.8666666666668,0.0,1728.8666666666668,2161.0833333333335,0.0,10910.966666666667,10478.75,0.0,29.04858081779068,28.77883487405135,29.89577970970236,293415.4154308716,280866.36475740356,344117.67706911394,3909.819955913379,3745.15745828459,4580.75310528325,39888816.62650722,33204678.176826853,133680558.49636322,136464914.97109273,148507229.46363583,1783970.466377752,1821028.3649878516,1980620.0393995978,120698.53333333335
24.315350749999997,24.980138413013073,0.02734024566818456,-76562.55541821667,-43281.324335,-33281.23108321667,-41601.53885402083,-3148.7333333333336,-1780.0,-1368.7333333333336,-1710.9166666666667,0.08807291666666667,7955.066666666667,6748.25,231.0,28.45196742055357,28.25837873121386,28.01740671434946,208510.0465793306,174292.48640751775,126196.76955384182,2789.0156397968462,2328.6683313037524,1680.545285381578,39888816.62650722,33204678.176826853,133680558.49636322,136464914.97109273,148507229.46363583,1783970.466377752,1821028.3649878516,1980620.0393995978,120698.53333333335
19.95998816666667,19.76117394121226,-0.009960638442984086,-116768.59210675558,-35528.77893666667,-81239.8131700889,-101549.76646261112,-5850.133333333333,-1780.0,-4070.1333333333337,-5087.666666666667,0.17614583333333333,4751.049999999999,4589.583333333333,601.0,28.01740671434946,27.71759299894158,0.0,118175.85296830213,113674.95690198957,0.0,1573.1641035369723,1512.8779436996529,0.0,39888816.62650722,33204678.176826853,133680558.49636322,136464914.97109273,148507229.46363583,1783970.466377752,1821028.3649878516,1980620.0393995978,120698.53333333335
25.69057825,25.650347875191624,-0.0015659583220310976,-178701.9496017834,-45729.229285,-132972.72031678338,-166215.90039597917,-6955.933333333334,-1780.0,-5175.933333333334,-6469.916666666667,0.26421875,3823.2666666666673,3818.25,481.0,27.41972944024914,27.41972944024914,0.0,92466.07538339043,92328.5197406985,0.0,1231.4462882594105,1229.622500435352,0.0,39888816.62650722,33204678.176826853,133680558.49636322,136464914.97109273,148507229.46363583,1783970.466377752,1821028.3649878516,1980620.0393995978,120698.53333333335
23.364933166666663,24.211324407988318,0.03622485180180813,-171939.42784907777,-41589.58103666666,-130349.8468124111,-162937.30851551387,-7358.866666666667,-1780.0,-5578.866666666667,-6973.583333333333,0.35229166666666667,3710.25,3710.25,385.28333333333376,27.41972944024914,27.41972944024914,0.0,89367.1889611516,89367.1889611516,0.0,1190.3595599041332,1190.3595599041332,0.0,39888816.62650722,33204678.176826853,133680558.49636322,136464914.97109273,148507229.46363583,1783970.466377752,1821028.3649878516,1980620.0393995978,120698.53333333335
27.068068416666666,27.27899384202948,0.007792407722486031,-191712.30136788334,-48181.16178166666,-143531.13958621668,-179413.92448277082,-7082.6,-1780.0,-5302.6,-6628.25,0.44036458333333334,3580.75,3580.75,454.35000000000036,27.41972944024914,27.41972944024914,0.0,85816.33399863933,85816.33399863933,0.0,1143.2803858412367,1143.2803858412367,0.0,39888816.62650722,33204678.176826853,133680558.49636322,136464914.97109273,148507229.46363583,1783970.466377752,1821028.3649878516,1980620.0393995978,120698.53333333335
26.015613500000004,25.927063284171197,-0.003403733524439382,-184391.7309910667,-46307.792030000004,-138083.93896106668,-172604.92370133338,-7087.733333333334,-1780.0,-5307.733333333334,-6634.666666666667,0.5284375,3537.75,3537.75,453.0666666666666,27.41972944024914,27.41972944024914,0.0,84637.28563270862,84637.28563270862,0.0,1127.647918777881,1127.647918777881,0.0,39888816.62650722,33204678.176826853,133680558.49636322,136464914.97109273,148507229.46363583,1783970.466377752,1821028.3649878516,1980620.0393995978,120698.53333333335
22.452501166666668,22.495331434494886,0.001907594504072639,-149104.06658101108,-39965.452076666625,-109138.61450434446,-136423.26813043054,-6640.866666666665,-1779.9999999999982,-4860.866666666667,-6076.083333333333,0.6165104166666666,3572.416666666667,3572.416666666667,564.7833333333319,27.41972944024914,27.41972944024914,0.0,85587.83625330393,85587.83625330393,0.0,1140.2508379607416,1140.2508379607416,0.0,39888816.62650722,33204678.176826853,133680558.49636322,136464914.97109273,148507229.46363583,1783970.466377752,1821028.3649878516,1980620.0393995978,120698.53333333335
17.213025583333337,17.29136003421205,0.004550882150233922,-83449.89556303891,-30639.18553833334,-52810.71002470557,-66013.38753088196,-4848.0666666666675,-1780.0,-3068.066666666667,-3835.0833333333335,0.7045833333333333,3927.316666666667,3746.333333333333,832.0,27.50588569464469,27.41972944024914,0.0,95323.2782459241,90356.5841984539,0.0,1269.5009254486777,1203.4775022266776,0.0,39888816.62650722,33204678.176826853,133680558.49636322,136464914.97109273,148507229.46363583,1783970.466377752,1821028.3649878516,1980620.0393995978,120698.53333333335
28.639987083333335,28.711926193647866,0.0025118415767858655,-74265.39583955555,-50979.17700833333,-23286.218831222224,-29107.77353902778,-2593.0666666666666,-1780.0,-813.0666666666667,-1016.3333333333334,0.7926562500000001,5995.816666666666,4896.083333333333,477.0,28.0976733589821,28.01740671434946,27.50588569464469,153094.87807182973,122239.31085543997,94014.91494971547,2042.036059787416,1627.564234200753,1251.9850224104264,39888816.62650722,33204678.176826853,133680558.49636322,136464914.97109273,148507229.46363583,1783970.466377752,1821028.3649878516,1980620.0393995978,120698.53333333335
43.58521433333333,43.41835375964879,-0.00382837565988371,253032.5089716889,82811.90723333333,170220.60173835556,212775.75217294443,5805.466666666667,1900.0,3905.4666666666667,4881.833333333333,0.6884895833333334,6388.366666666666,7312.0,0.0,28.0976733589821,28.35730167798622,29.38437869246251,164124.61974889817,190251.51059764696,330899.9513693945,2190.6950689185205,2543.703935851006,4403.538232578829,39888816.62650722,33204678.176826853,133680558.49636322,136464914.97109273,148507229.46363583,1783970.466377752,1821028.3649878516,1980620.0393995978,120698.53333333335
38.80158075000001,39.90252347650481,0.02837365656822646,217354.1681942626,22153.76252921257,195200.40566505003,244000.50708131256,5601.683333333335,570.9500000000018,5030.733333333334,6288.416666666667,0.6571875,8626.816666666666,7940.083333333333,0.0,28.53095294745815,28.45196742055357,30.49717367894778,227671.4891405681,208083.74126747932,391858.16782232694,3040.9669192628053,2783.2423784437474,5225.520371914963,39888816.62650722,33204678.176826853,133680558.49636322,136464914.97109273,148507229.46363583,1783970.466377752,1821028.3649878516,1980620.0393995978,120698.53333333335
37.234971,37.33663486178084,0.0027303327772387853,150414.38885160003,0.0,150414.38885160003,188017.9860645,4039.6000000000004,0.0,4039.6000000000004,5049.5,0.6571875,8896.233333333334,7886.333333333333,0.0,28.53095294745815,28.45196742055357,29.89577970970236,235358.20338049583,206554.44801862456,352966.8278631858,3141.7899788478762,2762.5318468934206,4701.050273060783,39888816.62650722,33204678.176826853,133680558.49636322,136464914.97109273,148507229.46363583,1783970.466377752,1821028.3649878516,1980620.0393995978,120698.53333333335
35.85724091666667,35.21601457120646,-0.017882757542624025,74279.4698002389,-63825.88883166667,138105.35863190558,172631.69828988196,2071.5333333333338,-1780.0,3851.5333333333338,4814.416666666667,0.7452604166666668,10438.05,7695.166666666667,0.0,28.77883487405135,28.35730167798622,29.89577970970236,279695.06617802964,201117.08335726202,340223.75176192523,3729.7940631045276,2689.02805343903,4527.818287367629,39888816.62650722,33204678.176826853,133680558.49636322,136464914.97109273,148507229.46363583,1783970.466377752,1821028.3649878516,1980620.0393995978,120698.53333333335
37.562575,37.41506039942332,-0.0039271695451306345,122511.59044833334,0.0,122511.59044833334,153139.48806041668,3261.5333333333333,0.0,3261.5333333333333,4076.9166666666665,0.7452604166666668,8912.883333333333,8097.5,0.0,28.53095294745815,28.53095294745815,29.38437869246251,235833.243747071,212569.58022959606,330329.4046831159,3148.020862641596,2842.8821961349217,4395.936781727534,39888816.62650722,33204678.176826853,133680558.49636322,136464914.97109273,148507229.46363583,1783970.466377752,1821028.3649878516,1980620.0393995978,120698.53333333335
35.6463495,36.03839431187509,0.010998175616133988,7076.988587400068,-63450.502109999936,70527.4906974,88159.36337174999,198.53333333333512,-1779.9999999999982,1978.5333333333333,2473.1666666666665,0.8333333333333334,10249.216666666664,7974.583333333333,0.0,28.77883487405135,28.45196742055357,28.77883487405135,274260.66285931284,209065.3341434884,279974.2208763079,3658.5134458276616,2796.5356498574456,3733.4556093759434,39888816.62650722,33204678.176826853,133680558.49636322,136464914.97109273,148507229.46363583,1783970.466377752,1821028.3649878516,1980620.0393995978,120698.53333333335
37.34654966666667,37.69758160601278,0.00939931379148042,46456.61801535556,0.0,46456.61801535556,58070.77251919445,1243.9333333333334,0.0,1243.9333333333334,1554.9166666666667,0.8333333333333334,8121.483333333334,7810.5,0.0,28.53095294745815,28.45196742055357,28.75992700836201,213253.8475844526,204396.8404892326,248836.66795020681,2851.857413131081,2733.3123372642776,3321.2426333572334,39888816.62650722,33204678.176826853,133680558.49636322,136464914.97109273,148507229.46363583,1783970.466377752,1821028.3649878516,1980620.0393995978,120698.53333333335
40.48809966666666,39.46963780668456,-0.025154597730369477,120821.88781862221,76927.38936666666,43894.49845195556,54868.12306494444,2984.133333333333,1900.0,1084.1333333333334,1355.1666666666667,0.7291666666666667,6277.616666666667,7906.583333333333,0.0,28.0976733589821,28.45196742055357,28.75992700836201,161012.80242439092,207130.60035889075,245855.2221836733,2148.7539524715207,2770.334419244939,3281.4435668599426,39888816.62650722,33204678.176826853,133680558.49636322,136464914.97109273,148507229.46363583,1783970.466377752,1821028.3649878516,1980620.0393995978,120698.53333333335
42.79243133333333,44.21506956997917,0.03324509013204082,140419.08417719998,81305.61953333333,59113.46464386667,73891.83080483333,3281.4,1900.0,1381.4,1726.75,0.6250000000000001,6395.9333333333325,7950.583333333333,0.0,28.10334312801464,28.45196742055357,28.75992700836201,164337.2414455947,208382.48692539512,257807.3685162317,2193.530892396424,2787.2881567000904,3440.9917538551117,39888816.62650722,33204678.176826853,133680558.49636322,136464914.97109273,148507229.46363583,1783970.466377752,1821028.3649878516,1980620.0393995978,120698.53333333335
43.34847650000001,41.9715458864573,-0.03176422159940759,111865.07845590003,82362.10535000003,29502.973105900008,36878.71638237501,2580.6,1900.0,680.6,850.75,0.5208333333333335,6580.316666666666,8310.166666666666,0.0,28.25837873121386,28.53095294745815,28.75992700836201,169546.9626725892,218637.16288975548,242955.2628769968,2264.217994791415,2922.4678590056606,3242.732256199394,39888816.62650722,33204678.176826853,133680558.49636322,136464914.97109273,148507229.46363583,1783970.466377752,1821028.3649878516,1980620.0393995978,120698.53333333335
43.824758583333335,44.71084152802357,0.02021877526159868,93115.92538729445,83267.04130833334,9848.884078961111,12311.10509870139,2124.7333333333336,1900.0,224.73333333333335,280.9166666666667,0.4166666666666668,6557.516666666667,8401.333333333334,0.0,28.25837873121386,28.53095294745815,28.53095294745815,168902.67163751757,221238.2347667988,229253.0549656222,2255.46769106485,2956.584910408713,3061.7115834248807,39888816.62650722,33204678.176826853,133680558.49636322,136464914.97109273,148507229.46363583,1783970.466377752,1821028.3649878516,1980620.0393995978,120698.53333333335
45.5622145,45.94863576248503,0.008481178246615336,90055.23569973334,86568.20755,3487.028149733334,4358.785187166667,1976.5333333333333,1900.0,76.53333333333335,95.66666666666667,0.3125000000000001,6605.716666666667,8486.583333333334,0.0,28.25837873121386,28.53095294745815,28.53095294745815,170264.72549236208,223670.4985055696,226399.9596708764,2273.966140171011,2988.4877838870693,3024.2888579370724,39888816.62650722,33204678.176826853,133680558.49636322,136464914.97109273,148507229.46363583,1783970.466377752,1821028.3649878516,1980620.0393995978,120698.53333333335
50.56793058333334,50.78528960706796,0.004298357105525962,137305.41631523892,96079.06810833335,41226.34820690557,51532.93525863196,2715.266666666667,1900.0,815.2666666666668,1019.0833333333334,0.20833333333333343,6619.233333333333,8315.416666666666,0.0,28.25837873121386,28.53095294745815,28.75992700836201,170646.6845782123,218786.95039272963,247947.50687353165,2279.153637482593,2924.4325520937705,3309.3732976092474,39888816.62650722,33204678.176826853,133680558.49636322,136464914.97109273,148507229.46363583,1783970.466377752,1821028.3649878516,1980620.0393995978,120698.53333333335
48.37845608333333,46.48450577401027,-0.039148630664456896,189269.42111962225,91919.06655833333,97350.3545612889,121687.94320161112,3912.266666666667,1900.0,2012.2666666666669,2515.3333333333335,0.10416666666666675,6946.233333333333,8343.166666666666,0.0,28.25837873121386,28.53095294745815,29.04858081779068,179887.17442331923,219578.6843370216,291891.33322396484,2404.6514146136024,2934.817358416637,3889.8292810942057,39888816.62650722,33204678.176826853,133680558.49636322,136464914.97109273,148507229.46363583,1783970.466377752,1821028.3649878516,1980620.0393995978,120698.53333333335
43.951203416666665,43.78605948253281,-0.0037574382791810104,114413.77273426666,83507.28649166666,30906.4862426,38633.10780325,2603.2,1900.0,703.2,879.0,8.326672684688674e-17,6184.883333333333,7909.083333333333,0.0,28.0976733589821,28.45196742055357,28.53095294745815,158407.2115149013,207201.73027744214,232272.5808192282,2113.6357625676674,2771.2976997821634,3101.317301232811,39888816.62650722,33204678.176826853,133680558.49636322,136464914.97109273,148507229.46363583,1783970.466377752,1821028.3649878516,1980620.0393995978,120698.53333333335
21.823925416666665,21.955016105093755,0.006006741955183782,-70108.6329368611,-38846.58724166666,-31262.045695194443,-39077.55711899305,-3212.4666666666667,-1780.0,-1432.4666666666667,-1790.5833333333333,0.08807291666666675,6222.8,5035.916666666667,235.0,28.0976733589821,28.01740671434946,27.41972944024914,159472.58162976272,126157.07822766318,76619.29974888911,2127.994835542374,1680.0139120069034,1021.341083651302,39888816.62650722,33204678.176826853,133680558.49636322,136464914.97109273,148507229.46363583,1783970.466377752,1821028.3649878516,1980620.0393995978,120698.53333333335
25.84208375,25.364853760868062,-0.01846716362924643,-128729.75599225001,-45998.909075,-82730.84691725,-103413.5586465625,-4981.4,-1780.0,-3201.4,-4001.75,0.17614583333333342,4348.9,3841.25,472.0,27.71759299894158,27.41972944024914,0.0,107003.79422702764,92959.17351782424,0.0,1424.4280264966728,1237.984052585519,0.0,39888816.62650722,33204678.176826853,133680558.49636322,136464914.97109273,148507229.46363583,1783970.466377752,1821028.3649878516,1980620.0393995978,120698.53333333335
25.021572749999994,25.043516513174556,0.0008769937602968933,-151849.25260034995,-44538.39949499997,-107310.85310534998,-134138.56638168747,-6068.733333333333,-1779.999999999999,-4288.733333333334,-5360.916666666667,0.26421875000000006,4434.149999999999,3844.333333333333,118.0,27.71759299894158,27.41972944024914,0.0,109366.71903018739,93043.71768359833,0.0,1455.756973695152,1239.1049853013021,0.0,39888816.62650722,33204678.176826853,133680558.49636322,136464914.97109273,148507229.46363583,1783970.466377752,1821028.3649878516,1980620.0393995978,120698.53333333335
24.64534625,23.390657864604062,-0.0509097487480396,-162138.44693258335,-43868.716325,-118269.73060758333,-147837.16325947916,-6578.866666666667,-1780.0,-4798.866666666667,-5998.583333333333,0.3522916666666667,4354.450000000001,3808.166666666667,34.0,27.71759299894158,27.41972944024914,0.0,107157.6268681718,92052.03746884267,0.0,1426.467623645665,1225.9567474999528,0.0,39888816.62650722,33204678.176826853,133680558.49636322,136464914.97109273,148507229.46363583,1783970.466377752,1821028.3649878516,1980620.0393995978,120698.53333333335
23.253867916666668,22.732562611760212,-0.022418004040214733,-181169.33468088892,-41391.88489166667,-139777.44978922224,-174721.8122365278,-7790.933333333334,-1780.0,-6010.933333333334,-7513.666666666667,0.4403645833333334,3940.0166666666673,3737.75,75.0,27.50588569464469,27.41972944024914,0.0,95672.60299424609,90121.23152075845,0.0,1274.1775610881825,1200.3570679097677,0.0,39888816.62650722,33204678.176826853,133680558.49636322,136464914.97109273,148507229.46363583,1783970.466377752,1821028.3649878516,1980620.0393995978,120698.53333333335
25.300436083333334,24.825151857467556,-0.018785613983107234,-187764.65634885003,-45034.776228333336,-142729.8801205167,-178412.35015064583,-7421.400000000001,-1780.0,-5641.400000000001,-7051.75,0.5284375000000001,3942.5666666666675,3610.916666666667,38.0,27.50588569464469,27.41972944024914,0.0,95742.74300276744,86643.49583675351,0.0,1275.116570606351,1154.2473491686296,0.0,39888816.62650722,33204678.176826853,133680558.49636322,136464914.97109273,148507229.46363583,1783970.466377752,1821028.3649878516,1980620.0393995978,120698.53333333335
22.10977708333333,22.233727373062845,0.005606130231993648,-142285.25944208333,-39355.40320833333,-102929.85623375,-128662.32029218749,-6435.400000000001,-1780.0,-4655.400000000001,-5819.25,0.6165104166666668,4109.5666666666675,3690.416666666667,197.0,27.71759299894158,27.41972944024914,0.0,100370.05030261433,88823.36432725332,0.0,1336.4742275191238,1183.1492359485546,0.0,39888816.62650722,33204678.176826853,133680558.49636322,136464914.97109273,148507229.46363583,1783970.466377752,1821028.3649878516,1980620.0393995978,120698.53333333335
25.90800683333333,24.872430409722547,-0.03997128880938882,-133312.2399616,-46116.25216333333,-87195.98779826667,-108994.98474783332,-5145.6,-1780.0,-3365.6000000000004,-4207.0,0.7045833333333336,4632.266666666667,3847.666666666667,154.0,27.74203824836471,27.41972944024914,0.0,114858.09157239311,93135.1167817325,0.0,1528.5832605930887,1240.3168044535005,0.0,39888816.62650722,33204678.176826853,133680558.49636322,136464914.97109273,148507229.46363583,1783970.466377752,1821028.3649878516,1980620.0393995978,120698.53333333335
33.1358135,34.023326148842415,0.026784091141821995,18316.925439241782,38372.928823675116,-20056.003384433334,-25070.004230541665,552.7833333333368,1158.0500000000036,-605.2666666666668,-756.5833333333334,0.64109375,3227.0499999999965,4536.416666666667,0.0,27.41972944024914,27.71759299894158,27.41972944024914,76117.97569562311,112201.30487421252,91275.14513470227,1014.6942556014939,1493.3394605006013,1215.656284706269,39888816.62650722,33204678.176826853,133680558.49636322,136464914.97109273,148507229.46363583,1783970.466377752,1821028.3649878516,1980620.0393995978,120698.53333333335
38.38409383333334,37.61058310482879,-0.020151855918839535,178120.10796378893,72929.77828333335,105190.32968045559,131487.91210056946,4640.466666666667,1900.0,2740.466666666667,3425.5833333333335,0.5369270833333334,4451.033333333333,5665.916666666667,0.0,27.71759299894158,28.0976733589821,28.75992700836201,109834.6843919862,143825.4556307016,240958.84461049968,1461.9615139712148,1917.1026573868276,3216.0822381991984,39888816.62650722,33204678.176826853,133680558.49636322,136464914.97109273,148507229.46363583,1783970.466377752,1821028.3649878516,1980620.0393995978,120698.53333333335
36.030339,36.23348942994612,0.005638315807856393,228948.78411900002,68457.64409999999,160491.140019,200613.92502375,6354.333333333334,1900.0,4454.333333333334,5567.916666666667,0.4327604166666667,5116.416666666666,5902.833333333333,0.0,28.01740671434946,28.0976733589821,29.20072509152424,128412.47946816828,150482.2627440004,309725.3374864097,1710.2084225913732,2006.8231946771361,4123.802571684305,39888816.62650722,33204678.176826853,133680558.49636322,136464914.97109273,148507229.46363583,1783970.466377752,1821028.3649878516,1980620.0393995978,120698.53333333335
30.91966641666667,30.750691264220496,-0.005464973333447439,140589.6618854889,0.0,140589.6618854889,175737.07735686112,4546.933333333333,0.0,4546.933333333333,5683.666666666667,0.4327604166666667,6556.566666666667,5419.833333333333,0.0,28.25837873121386,28.01740671434946,29.04858081779068,168875.82617772292,136913.4276220805,299008.23552432354,2255.103095076243,1824.0160965438122,3983.1783661773848,39888816.62650722,33204678.176826853,133680558.49636322,136464914.97109273,148507229.46363583,1783970.466377752,1821028.3649878516,1980620.0393995978,120698.53333333335
31.99938475,32.120907585069524,0.0037976616119008966,144673.48503938338,0.0,144673.48503938338,180841.85629922917,4521.133333333334,0.0,4521.133333333334,5651.416666666667,0.4327604166666667,6416.783333333333,5286.5,0.0,28.25837873121386,28.01740671434946,29.04858081779068,164925.77580407806,133177.77339350057,294198.27468391106,2201.456313384205,1774.0044848097002,3920.088355272529,39888816.62650722,33204678.176826853,133680558.49636322,136464914.97109273,148507229.46363583,1783970.466377752,1821028.3649878516,1980620.0393995978,120698.53333333335
30.233426500000004,30.430083445432068,0.0065046198264050534,113984.04902853335,0.0,113984.04902853335,142480.06128566668,3770.1333333333337,0.0,3770.1333333333337,4712.666666666667,0.4327604166666667,6196.450000000001,5253.916666666667,0.0,28.0976733589821,28.01740671434946,28.77883487405135,158732.20793675358,132264.87289139137,266126.8048294103,2118.0160687850066,1761.7828971921765,3551.825298627215,39888816.62650722,33204678.176826853,133680558.49636322,136464914.97109273,148507229.46363583,1783970.466377752,1821028.3649878516,1980620.0393995978,120698.53333333335
32.35142025,31.13419026747941,-0.03762524096668014,60152.07405149999,0.0,60152.07405149999,75190.092564375,1859.3333333333333,0.0,1859.3333333333333,2324.1666666666665,0.4327604166666667,5982.083333333333,5517.25,0.0,28.0976733589821,28.0976733589821,28.45196742055357,152709.00335769975,139648.2681913329,205276.48048198468,2036.8352351143799,1860.802467965121,2745.2249065746205,39888816.62650722,33204678.176826853,133680558.49636322,136464914.97109273,148507229.46363583,1783970.466377752,1821028.3649878516,1980620.0393995978,120698.53333333335
33.293217416666664,33.646704748280285,0.010617397747706701,26812.137759555553,0.0,26812.137759555553,33515.17219944444,805.3333333333334,0.0,805.3333333333334,1006.6666666666666,0.4327604166666667,5748.833333333333,5547.5,0.0,28.0976733589821,28.0976733589821,28.25837873121386,146155.22104671717,140498.22281044212,168808.006068768,1948.5032675183281,1872.258167942744,2254.1820104734466,39888816.62650722,33204678.176826853,133680558.49636322,136464914.97109273,148507229.46363583,1783970.466377752,1821028.3649878516,1980620.0393995978,120698.53333333335
33.28054733333333,32.59253504856292,-0.020673106060407412,24576.57485408889,0.0,24576.57485408889,30720.71856761111,738.4666666666667,0.0,738.4666666666667,923.0833333333334,0.4327604166666667,5658.366666666667,5473.75,0.0,28.0976733589821,28.0976733589821,28.14901324254241,143613.31819684125,138426.0194002172,164362.54967778144,1914.243466152743,1844.3289820468863,2193.8654881093635,39888816.62650722,33204678.176826853,133680558.49636322,136464914.97109273,148507229.46363583,1783970.466377752,1821028.3649878516,1980620.0393995978,120698.53333333335
33.447094666666665,32.60074465977614,-0.025304141221389822,14083.45666097778,0.0,14083.45666097778,17604.32082622222,421.0666666666667,0.0,421.0666666666667,526.3333333333334,0.4327604166666667,5371.266666666666,5266.0,0.0,28.01740671434946,28.01740671434946,28.0976733589821,135552.71556932025,132603.4165558564,147377.46983783288,1805.7993669696618,1766.3151995055805,1964.9767534365628,39888816.62650722,33204678.176826853,133680558.49636322,136464914.97109273,148507229.46363583,1783970.466377752,1821028.3649878516,1980620.0393995978,120698.53333333335
32.671551750000006,34.06615307338771,0.042685493914065606,51322.65159235005,47426.024520300045,3896.627072050001,4870.783840062501,1570.8666666666677,1451.600000000001,119.26666666666668,149.08333333333334,0.3531770833333333,3678.9666666666653,5100.75,0.0,27.41972944024914,28.01740671434946,28.01740671434946,88509.40842516243,127973.54009631016,132150.46848064108,1178.9866371607534,1704.3320582126153,1760.2512915828192,39888816.62650722,33204678.176826853,133680558.49636322,136464914.97109273,148507229.46363583,1783970.466377752,1821028.3649878516,1980620.0393995978,120698.53333333335
33.78247258333333,35.37648272725289,0.04718453156403865,70085.11762138332,64186.69790833333,5898.419713050001,7373.0246413125,2074.6,1900.0,174.60000000000002,218.25,0.24901041666666662,3006.066666666667,4862.416666666667,0.0,26.87347372209153,28.01740671434946,28.01740671434946,70150.47132641461,121296.05816272355,127410.85717813032,937.7069419420321,1614.9363022378898,1696.7990591951648,39888816.62650722,33204678.176826853,133680558.49636322,136464914.97109273,148507229.46363583,1783970.466377752,1821028.3649878516,1980620.0393995978,120698.53333333335
36.26549191666667,37.30592715439822,0.028689400935807782,67018.62906199999,68904.43464166667,-1885.8055796666667,-2357.2569745833334,1848.0,1900.0,-52.0,-65.0,0.14484374999999994,2987.416666666667,4900.416666666667,0.0,26.87347372209153,28.01740671434946,28.01740671434946,69649.2810414976,122360.71961786883,120539.5881814361,931.3011769389628,1629.1896115821119,1604.8089508617322,39888816.62650722,33204678.176826853,133680558.49636322,136464914.97109273,148507229.46363583,1783970.466377752,1821028.3649878516,1980620.0393995978,120698.53333333335
34.8505625,34.70331553206229,-0.004225095877224662,30473.331850000006,0.0,30473.331850000006,38091.6648125,874.4000000000001,0.0,874.4000000000001,1093.0,0.14484374999999994,5138.1,4919.5,0.0,28.01740671434946,28.01740671434946,28.0976733589821,129019.99023709111,122895.38512933432,153563.6409223688,1718.3415609496335,1636.3475235115566,2048.3540518962873,39888816.62650722,33204678.176826853,133680558.49636322,136464914.97109273,148507229.46363583,1783970.466377752,1821028.3649878516,1980620.0393995978,120698.53333333335
31.261876583333333,32.0886374345806,0.02644629630736999,-881.5849196499912,-55646.14031833333,54764.55539868334,68455.69424835416,-28.199999999999818,-1780.0,1751.8000000000002,2189.75,0.2329166666666666,6852.616666666667,4634.666666666667,0.0,28.25837873121386,27.74203824836471,28.25837873121386,177241.71920109878,114924.67246418918,176444.83292087854,2368.7227186836903,1529.4857961708585,2357.8999746008326,39888816.62650722,33204678.176826853,133680558.49636322,136464914.97109273,148507229.46363583,1783970.466377752,1821028.3649878516,1980620.0393995978,120698.53333333335
36.64609375,35.56485736794099,-0.029504819515968388,58911.64954427083,17093.570429687497,41818.079114583335,52272.598893229166,1607.5833333333335,466.45,1141.1333333333334,1426.4166666666667,0.20734374999999994,4755.583333333333,4936.75,0.0,28.01740671434946,28.01740671434946,28.0976733589821,118302.86521207386,123378.68539515685,163416.55838025187,1574.8644983359322,1642.8177757796573,2181.151808110716,39888816.62650722,33204678.176826853,133680558.49636322,136464914.97109273,148507229.46363583,1783970.466377752,1821028.3649878516,1980620.0393995978,120698.53333333335
21.057404083333335,20.643363673087155,-0.01966246212532384,-67817.47559078335,-37482.17926833333,-30335.296322450005,-37919.1204030625,-3220.6000000000004,-1780.0,-1440.6000000000001,-1800.75,0.2954166666666666,4490.683333333333,3403.833333333333,333.0,27.71759299894158,27.41972944024914,24.75429585025212,110933.68695439426,80965.32686516858,33353.478305674296,1476.5326899995987,1078.9630843383218,449.54048565886865,39888816.62650722,33204678.176826853,133680558.49636322,136464914.97109273,148507229.46363583,1783970.466377752,1821028.3649878516,1980620.0393995978,120698.53333333335
7.380936166666667,7.405328814956704,0.0033048176734270258,-41577.79755165556,-13138.066376666668,-28439.731174988894,-35549.66396873612,-5633.133333333333,-1780.0,-3853.1333333333337,-4816.416666666667,0.3834895833333333,2965.583333333333,2965.583333333333,816.7166666666662,26.87347372209153,26.87347372209153,0.0,69062.54353189858,69062.54353189858,0.0,923.8020239863077,923.8020239863077,0.0,39888816.62650722,33204678.176826853,133680558.49636322,136464914.97109273,148507229.46363583,1783970.466377752,1821028.3649878516,1980620.0393995978,120698.53333333335
0.4759134999999997,0.4775689414768086,0.003478450341940019,-3249.029736933331,-847.1260299999991,-2401.903706933332,-3002.379633666665,-6826.933333333333,-1779.999999999999,-5046.933333333334,-6308.666666666667,0.4715624999999999,2860.583333333333,2860.583333333333,518.2666666666664,26.87347372209153,26.87347372209153,0.0,66240.82879107897,66240.82879107897,0.0,887.7373952827004,887.7373952827004,0.0,39888816.62650722,33204678.176826853,133680558.49636322,136464914.97109273,148507229.46363583,1783970.466377752,1821028.3649878516,1980620.0393995978,120698.53333333335
-3.1581699999999997,-3.1190769513385685,-0.012378386426769654,24936.278685999998,5621.5426,19314.736085999997,24143.4201075,-7895.8,-1780.0,-6115.8,-7644.75,0.5596354166666666,2830.25,2830.25,251.05000000000018,26.87347372209153,26.87347372209153,0.0,65425.6667548422,65425.6667548422,0.0,877.3187247683251,877.3187247683251,0.0,39888816.62650722,33204678.176826853,133680558.49636322,136464914.97109273,148507229.46363583,1783970.466377752,1821028.3649878516,1980620.0393995978,120698.53333333335
-0.26351149999999995,-0.2573923857610511,-0.02322143147053863,2100.3271944666667,469.0504699999999,1631.2767244666666,2039.095905583333,-7970.533333333334,-1780.0,-6190.533333333334,-7738.166666666667,0.6477083333333333,2850.916666666667,2850.916666666667,232.3666666666668,26.87347372209153,26.87347372209153,0.0,65981.0518784321,65981.0518784321,0.0,884.4171596242733,884.4171596242733,0.0,39888816.62650722,33204678.176826853,133680558.49636322,136464914.97109273,148507229.46363583,1783970.466377752,1821028.3649878516,1980620.0393995978,120698.53333333335
1.42775125,1.4307493556081916,0.0020998795190630575,-10824.829243833334,-2541.397225,-8283.432018833333,-10354.290023541667,-7581.733333333334,-1780.0,-5801.733333333334,-7252.166666666667,0.73578125,2851.916666666667,2851.916666666667,329.5666666666666,26.87347372209153,26.87347372209153,0.0,66007.9253521542,66007.9253521542,0.0,884.7606322785933,884.7606322785933,0.0,39888816.62650722,33204678.176826853,133680558.49636322,136464914.97109273,148507229.46363583,1783970.466377752,1821028.3649878516,1980620.0393995978,120698.53333333335
2.5929338333333334,2.565389572845661,-0.010622816569238589,-16487.25621037778,-4615.422223333333,-11871.833987044445,-14839.792483805557,-6358.533333333334,-1780.0,-4578.533333333334,-5723.166666666667,0.8238541666666668,2878.166666666667,2878.166666666667,635.3666666666668,26.87347372209153,26.87347372209153,0.0,66713.3540373591,66713.3540373591,0.0,893.7767894544952,893.7767894544952,0.0,39888816.62650722,33204678.176826853,133680558.49636322,136464914.97109273,148507229.46363583,1783970.466377752,1821028.3649878516,1980620.0393995978,120698.53333333335
-0.8071074999999999,-0.7888590325670138,-0.02260971113883344,3917.0003118333325,1436.6513499999999,2480.348961833333,3100.436202291666,-4853.133333333333,-1780.0,-3073.133333333333,-3841.4166666666665,0.9119270833333335,3038.0,3038.0,1011.7166666666667,26.87347372209153,26.87347372209153,0.0,71008.63092060672,71008.63092060672,0.0,948.6751687033196,948.6751687033196,0.0,39888816.62650722,33204678.176826853,133680558.49636322,136464914.97109273,148507229.46363583,1783970.466377752,1821028.3649878516,1980620.0393995978,120698.53333333335
8.24298625,8.218681157126204,-0.002948578602056576,-20353.581648499967,-14672.515524999968,-5681.0661235,-7101.332654375,-2469.199999999996,-1779.9999999999961,-689.2,-861.5,1.0,3962.0,3962.0,1607.6999999999962,27.71759299894158,27.71759299894158,26.87347372209153,96279.85749573716,96279.85749573716,72688.22302823744,1282.244218038119,1282.244218038119,970.1422095983239,39888816.62650722,33204678.176826853,133680558.49636322,136464914.97109273,148507229.46363583,1783970.466377752,1821028.3649878516,1980620.0393995978,120698.53333333335
42.603548499999995,41.92316604762705,-0.015970088791381825,225625.55261943332,80946.74214999999,144678.81046943335,180848.51308679165,5295.933333333334,1900.0,3395.933333333334,4244.916666666667,0.8958333333333334,4203.816666666666,5254.833333333333,0.0,27.71759299894158,28.01740671434946,28.75992700836201,102982.43344276452,132290.55551421284,252700.08481166346,1371.1106295538057,1762.1267270228484,3372.815057146328,39888816.62650722,33204678.176826853,133680558.49636322,136464914.97109273,148507229.46363583,1783970.466377752,1821028.3649878516,1980620.0393995978,120698.53333333335
37.96708041666667,40.2176437736399,0.05927670319325604,256432.1922728611,72137.45279166667,184294.73948119444,230368.42435149304,6754.066666666667,1900.0,4854.066666666667,6067.583333333333,0.7916666666666667,4547.183333333333,5233.666666666667,0.0,27.71759299894158,28.01740671434946,29.20072509152424,112499.73095883447,131697.52040542578,304775.8145833963,1497.2961564713182,1754.1873836600582,4058.882033332904,39888816.62650722,33204678.176826853,133680558.49636322,136464914.97109273,148507229.46363583,1783970.466377752,1821028.3649878516,1980620.0393995978,120698.53333333335
35.45418633333333,35.26161274036556,-0.00543161789576091,152353.7295116,0.0,152353.7295116,190442.16188949998,4297.2,0.0,4297.2,5371.5,0.7916666666666667,6225.383333333333,5151.083333333333,0.0,28.0976733589821,28.01740671434946,29.04858081779068,159545.1672859401,129383.74956759906,282133.43078425527,2128.9731460087824,1723.2114416422423,3761.8394300839013,39888816.62650722,33204678.176826853,133680558.49636322,136464914.97109273,148507229.46363583,1783970.466377752,1821028.3649878516,1980620.0393995978,120698.53333333335
36.7092475,37.04687400897813,0.009197314899416833,213493.6416105,69747.57024999999,143746.0713605,179682.589200625,5815.8,1900.0,3915.8,4894.75,0.6875000000000001,4282.866666666667,5203.916666666667,0.0,27.71759299894158,28.01740671434946,28.77883487405135,105173.50916933088,130864.0025556739,269928.00926902454,1400.1611078651235,1743.0285427918845,3601.6839828213156,39888816.62650722,33204678.176826853,133680558.49636322,136464914.97109273,148507229.46363583,1783970.466377752,1821028.3649878516,1980620.0393995978,120698.53333333335
36.22626974999999,35.223628039219214,-0.02767719993529775,113605.58193599997,0.0,113605.58193599997,142006.97741999998,3136.0,0.0,3136.0,3920.0,0.6875000000000001,5986.166666666667,5202.166666666667,0.0,28.0976733589821,28.01740671434946,28.75992700836201,152823.73552391562,130814.97209392379,241840.8157054228,2038.3815968193485,1742.3721403878744,3227.855595491002,39888816.62650722,33204678.176826853,133680558.49636322,136464914.97109273,148507229.46363583,1783970.466377752,1821028.3649878516,1980620.0393995978,120698.53333333335
36.834684583333335,37.17244147427464,0.009169533953173372,146609.41157858336,69985.90070833334,76623.51087025001,95779.3885878125,3980.2000000000003,1900.0,2080.2000000000003,2600.25,0.5833333333333335,3870.4666666666667,5250.416666666667,0.0,27.41972944024914,28.01740671434946,28.45196742055357,93760.28661297017,132166.81196789115,205539.66118062483,1248.6056474545355,1760.4700923841563,2748.789044562351,39888816.62650722,33204678.176826853,133680558.49636322,136464914.97109273,148507229.46363583,1783970.466377752,1821028.3649878516,1980620.0393995978,120698.53333333335
38.8185865,38.76582194542014,-0.0013592600693964013,102781.26542893334,73755.31435,29025.951078933336,36282.438848666665,2647.7333333333336,1900.0,747.7333333333333,934.6666666666666,0.4791666666666668,3650.766666666666,5363.833333333333,0.0,27.41972944024914,28.01740671434946,28.0976733589821,87736.17205494743,135344.45284607692,161599.57550303766,1168.7346471331578,1803.011219615485,2156.662488048359,39888816.62650722,33204678.176826853,133680558.49636322,136464914.97109273,148507229.46363583,1783970.466377752,1821028.3649878516,1980620.0393995978,120698.53333333335
38.54074491666666,37.99914533608982,-0.01405264952060207,93882.68523400553,73227.41534166665,20655.269892338885,25819.087365423606,2435.9333333333334,1900.0,535.9333333333333,669.9166666666666,0.3750000000000001,3919.15,5685.166666666667,0.0,27.50588569464469,28.0976733589821,28.0976733589821,95098.64684608449,144366.335842862,163189.4355206001,1266.4936400636939,1924.3926482816785,2178.0906431029216,39888816.62650722,33204678.176826853,133680558.49636322,136464914.97109273,148507229.46363583,1783970.466377752,1821028.3649878516,1980620.0393995978,120698.53333333335
35.097134499999996,34.936892950642466,-0.004565659038561282,-1726.7790174,0.0,-1726.7790174,-2158.4737717499997,-49.2,0.0,-49.2,-61.5,0.3750000000000001,5764.283333333333,5776.583333333333,0.0,28.0976733589821,28.0976733589821,28.0976733589821,146589.33010011344,146934.93148242892,145206.92457085152,1954.3541952754942,1959.0122154316848,1935.7221146507322,39888816.62650722,33204678.176826853,133680558.49636322,136464914.97109273,148507229.46363583,1783970.466377752,1821028.3649878516,1980620.0393995978,120698.53333333335
37.615312249999995,37.18805538422474,-0.011358588835727507,-25347.705081533335,0.0,-25347.705081533335,-31684.631351916665,-673.8666666666668,0.0,-673.8666666666668,-842.3333333333334,0.3750000000000001,5781.700000000001,5950.166666666667,0.0,28.0976733589821,28.0976733589821,28.01740671434946,147078.69791111574,151812.21928299224,128171.99672720348,1960.949901323217,2024.7483670939127,1706.98892508599,39888816.62650722,33204678.176826853,133680558.49636322,136464914.97109273,148507229.46363583,1783970.466377752,1821028.3649878516,1980620.0393995978,120698.53333333335
33.88416658333333,34.63112377717862,0.022044431637657635,-92293.69293968333,-60313.81651833333,-31979.87642135,-39974.845526687495,-2723.8,-1780.0,-943.8000000000001,-1179.75,0.4630729166666668,7717.3,6173.25,0.0,28.45196742055357,28.0976733589821,28.01740671434946,201745.11712563699,158080.34191482517,124968.67322619617,2697.401238836548,2109.2302096286144,1664.1039680239887,39888816.62650722,33204678.176826853,133680558.49636322,136464914.97109273,148507229.46363583,1783970.466377752,1821028.3649878516,1980620.0393995978,120698.53333333335
32.734524416666666,32.086124210163014,-0.01980783952289587,-60098.40452737222,-58267.453461666664,-1830.9510657055557,-2288.6888321319448,-1835.9333333333334,-1780.0,-55.93333333333334,-69.91666666666667,0.5511458333333334,7929.099999999999,6163.083333333333,0.0,28.45196742055357,28.0976733589821,28.0976733589821,207771.24382531023,157794.68223567551,155830.18657332665,2779.0103659502074,2105.3800845672645,2078.9025851699485,39888816.62650722,33204678.176826853,133680558.49636322,136464914.97109273,148507229.46363583,1783970.466377752,1821028.3649878516,1980620.0393995978,120698.53333333335
32.5677255,32.219015980928454,-0.01070721131789038,-16563.945189299993,-57970.55139,41406.60620070001,51758.257750875004,-508.5999999999999,-1780.0,1271.4,1589.25,0.6392187500000002,8299.766666666666,6201.916666666667,0.0,28.53095294745815,28.0976733589821,28.45196742055357,218340.44097910193,158885.808551116,203846.7691191019,2918.5758955549286,2120.0862999655355,2725.8629677764084,39888816.62650722,33204678.176826853,133680558.49636322,136464914.97109273,148507229.46363583,1783970.466377752,1821028.3649878516,1980620.0393995978,120698.53333333335
35.2893425,35.014016875661575,-0.007801948260680166,79560.99897766668,-62815.02965,142376.02862766667,177970.03578458334,2254.5333333333338,-1780.0,4034.5333333333338,5043.166666666667,0.7272916666666669,9030.8,6242.166666666667,0.0,28.75992700836201,28.0976733589821,29.20072509152424,239213.11704109207,160016.73990381503,304311.03637568955,3192.7786690379226,2135.329008200224,4052.7857585909583,39888816.62650722,33204678.176826853,133680558.49636322,136464914.97109273,148507229.46363583,1783970.466377752,1821028.3649878516,1980620.0393995978,120698.53333333335
41.29784375,41.40068229524996,0.0024901674255077616,237578.23552500003,78465.903125,159112.3324,198890.4155,5752.8,1900.0,3852.8,4816.0,0.6231250000000003,5416.866666666667,6353.666666666667,0.0,28.01740671434946,28.0976733589821,29.20072509152424,136830.3093154946,163149.63048334152,300933.4858401033,1822.9033381827282,2177.5541502665037,4008.484034288232,39888816.62650722,33204678.176826853,133680558.49636322,136464914.97109273,148507229.46363583,1783970.466377752,1821028.3649878516,1980620.0393995978,120698.53333333335
49.26464741666667,49.38208697226037,0.0023838505247064,51957.78147544445,93602.83009166668,-41645.04861622223,-52056.310770277785,1054.6666666666665,1900.0,-845.3333333333335,-1056.6666666666667,0.5189583333333336,2810.5,4921.833333333333,0.0,26.87347372209153,28.01740671434946,27.41972944024914,64894.915648830894,122960.75907833446,93614.96204693684,870.5351398455037,1637.2227267169035,1246.6788550025403,39888816.62650722,33204678.176826853,133680558.49636322,136464914.97109273,148507229.46363583,1783970.466377752,1821028.3649878516,1980620.0393995978,120698.53333333335
43.4862245,44.877431235181305,0.03199189516168068,-113464.25696539998,82623.82655,-196088.08351539998,-245110.10439425,-2609.2,1900.0,-4509.2,-5636.5,0.41479166666666695,1310.4499999999998,4337.75,0.0,23.69971618874727,27.71759299894158,0.0,26302.4555197582,106694.74306508945,0.0,353.13987101075105,1420.3304574495992,0.0,39888816.62650722,33204678.176826853,133680558.49636322,136464914.97109273,148507229.46363583,1783970.466377752,1821028.3649878516,1980620.0393995978,120698.53333333335
36.73028108333333,38.046141533367795,0.03582494909442851,-202366.7079713278,0.0,-202366.7079713278,-252958.38496415972,-5509.533333333334,0.0,-5509.533333333334,-6886.916666666667,0.41479166666666695,2965.7833333333338,4343.166666666667,0.0,26.87347372209153,27.71759299894158,0.0,69067.91822664301,106844.88002716706,0.0,923.870718517172,1422.3210552676844,0.0,39888816.62650722,33204678.176826853,133680558.49636322,136464914.97109273,148507229.46363583,1783970.466377752,1821028.3649878516,1980620.0393995978,120698.53333333335
25.677978749999998,25.457191072203653,-0.008598327771275414,-186519.70204424998,-45706.802175,-140812.89986925,-176016.1248365625,-7263.8,-1780.0,-5483.8,-6854.75,0.5028645833333336,4259.966666666667,4051.916666666667,201.0,27.71759299894158,27.71759299894158,0.0,104538.77628965513,98772.13106622532,0.0,1391.7454727818956,1315.2881418183338,0.0,39888816.62650722,33204678.176826853,133680558.49636322,136464914.97109273,148507229.46363583,1783970.466377752,1821028.3649878516,1980620.0393995978,120698.53333333335
17.496076416666664,17.579466780600836,0.004766232265351423,-138027.71325617775,-31143.016021666663,-106884.6972345111,-133605.87154313887,-7889.066666666667,-1780.0,-6109.066666666667,-7636.333333333333,0.5909375000000003,4089.3166666666666,3957.583333333333,121.0,27.71759299894158,27.71759299894158,0.0,99808.76904438573,96157.4381266585,0.0,1329.0324541376665,1280.621115201834,0.0,39888816.62650722,33204678.176826853,133680558.49636322,136464914.97109273,148507229.46363583,1783970.466377752,1821028.3649878516,1980620.0393995978,120698.53333333335
11.372018166666665,11.483344893256174,0.009789531194720287,-81454.73358965555,-20242.192336666663,-61212.541252988885,-76515.6765662361,-7162.733333333334,-1780.0,-5382.733333333334,-6728.416666666667,0.6790104166666671,3869.833333333333,3869.833333333333,434.3166666666666,27.41972944024914,27.41972944024914,0.0,93742.92078432467,93742.92078432467,0.0,1248.3754018156176,1248.3754018156176,0.0,39888816.62650722,33204678.176826853,133680558.49636322,136464914.97109273,148507229.46363583,1783970.466377752,1821028.3649878516,1980620.0393995978,120698.53333333335
8.334768166666668,8.05412974794633,-0.03367081280589172,-54436.593501344454,-14835.88733666667,-39600.70616467779,-49500.88270584723,-6531.266666666666,-1780.0,-4751.266666666666,-5939.083333333333,0.7670833333333338,4075.916666666667,4075.916666666667,592.1833333333334,27.71759299894158,27.71759299894158,0.0,99437.35329819993,99437.35329819993,0.0,1324.108021381542,1324.108021381542,0.0,39888816.62650722,33204678.176826853,133680558.49636322,136464914.97109273,148507229.46363583,1783970.466377752,1821028.3649878516,1980620.0393995978,120698.53333333335
10.525128583333334,10.648115283892457,0.011685054447113706,-52381.45993353334,-18734.728878333335,-33646.731055200005,-42058.413819,-4976.8,-1780.0,-3196.8,-3996.0,0.8551562500000005,4595.583333333333,4595.583333333333,980.8000000000002,27.71759299894158,27.71759299894158,21.84974776242512,113841.26245998322,113841.26245998322,10242.991529310299,1515.0829135904548,1515.0829135904548,137.4441006722547,39888816.62650722,33204678.176826853,133680558.49636322,136464914.97109273,148507229.46363583,1783970.466377752,1821028.3649878516,1980620.0393995978,120698.53333333335
22.609262166666667,22.347584291974396,-0.011573923676203295,-54866.650141922226,-40244.48665666667,-14622.163485255556,-18277.704356569444,-2426.7333333333336,-1780.0,-646.7333333333333,-808.4166666666666,0.9432291666666672,6864.4,5794.083333333333,548.0,28.25837873121386,28.0976733589821,28.01740671434946,177574.69709714822,147426.64076621112,124749.20354026709,2373.2449882265864,1965.6394798815493,1661.1657858346096,39888816.62650722,33204678.176826853,133680558.49636322,136464914.97109273,148507229.46363583,1783970.466377752,1821028.3649878516,1980620.0393995978,120698.53333333335
44.36531708333334,45.09787508660787,0.016511952386106817,253633.56007761115,84294.10245833333,169339.45761927782,211674.32202409726,5716.933333333334,1900.0,3816.933333333334,4771.166666666667,0.8390625000000006,7726.733333333333,8672.5,0.0,28.45196742055357,28.53095294745815,29.92816708722221,202013.51401830418,228974.8781743845,368159.0925538893,2701.0360173970084,3058.0628676898195,4908.063305042836,39888816.62650722,33204678.176826853,133680558.49636322,136464914.97109273,148507229.46363583,1783970.466377752,1821028.3649878516,1980620.0393995978,120698.53333333335
43.096413583333344,43.760550937018884,0.015410501674375632,326254.2162970279,81883.18580833335,244371.03048869452,305463.78811086813,7570.333333333334,1900.0,5670.333333333334,7087.916666666667,0.734895833333334,8851.666666666668,9334.083333333334,0.0,28.53095294745815,28.75992700836201,33.50934547736816,234086.67391080415,247935.52357061152,460979.8410804211,3125.1119175221434,3309.213333515609,6151.922005412695,39888816.62650722,33204678.176826853,133680558.49636322,136464914.97109273,148507229.46363583,1783970.466377752,1821028.3649878516,1980620.0393995978,120698.53333333335
42.30203241666667,42.41144740006854,0.0025865183574196498,231344.17501576114,0.0,231344.17501576114,289180.2187697014,5468.866666666667,0.0,5468.866666666667,6836.083333333333,0.734895833333334,10921.883333333331,9554.666666666666,0.0,29.04858081779068,28.75992700836201,33.50934547736816,293732.5291047991,254279.48413653934,459932.67403425334,3913.979387935792,3393.8983246878993,6137.700125135793,39888816.62650722,33204678.176826853,133680558.49636322,136464914.97109273,148507229.46363583,1783970.466377752,1821028.3649878516,1980620.0393995978,120698.53333333335
45.766911333333326,46.36741574790226,0.013120929446063934,306028.0804488888,86957.13153333332,219070.94891555552,273838.6861444444,6686.666666666667,1900.0,4786.666666666667,5983.333333333333,0.6307291666666673,9169.083333333332,9872.416666666666,0.0,28.75992700836201,28.75992700836201,31.61297349762471,243190.13561423172,263417.95094344637,442627.20674519293,3245.867552434711,3515.8869424967183,5904.573535472982,39888816.62650722,33204678.176826853,133680558.49636322,136464914.97109273,148507229.46363583,1783970.466377752,1821028.3649878516,1980620.0393995978,120698.53333333335
48.150641,49.88069915386992,0.03593011677393689,289273.00091433333,91486.2179,197786.78301433334,247233.47876791665,6007.666666666667,1900.0,4107.666666666667,5134.583333333333,0.5265625000000007,9280.499999999996,10153.58333333333,0.0,28.75992700836201,28.77883487405135,31.32332298758161,246394.47081507999,271508.44695085776,424688.919490806,3288.6419510736796,3622.413871076148,5661.506690397661,39888816.62650722,33204678.176826853,133680558.49636322,136464914.97109273,148507229.46363583,1783970.466377752,1821028.3649878516,1980620.0393995978,120698.53333333335
46.0012975,46.2727531656988,0.005901043675970319,179457.1950538333,87402.46525,92054.72980383332,115068.41225479166,3901.133333333333,1900.0,2001.1333333333332,2501.4166666666665,0.422395833333334,8796.950000000003,10196.66666666667,0.0,28.53095294745815,28.77883487405135,29.89577970970236,232525.55526869575,272748.33508668165,345859.10623720416,3104.6354495593982,3638.676924532522,4604.4264499556875,39888816.62650722,33204678.176826853,133680558.49636322,136464914.97109273,148507229.46363583,1783970.466377752,1821028.3649878516,1980620.0393995978,120698.53333333335
46.11855249999999,46.19594316297037,0.0016780809191786015,128148.08454666665,87625.24974999999,40522.834796666655,50653.54349583332,2778.6666666666665,1900.0,878.6666666666666,1098.3333333333333,0.31822916666666734,8417.916666666666,10098.25,0.0,28.53095294745815,28.77883487405135,29.20072509152424,221711.3730698441,269916.018087827,301719.4720238168,2962.7908457187737,3601.5266999058763,4018.7934413125695,39888816.62650722,33204678.176826853,133680558.49636322,136464914.97109273,148507229.46363583,1783970.466377752,1821028.3649878516,1980620.0393995978,120698.53333333335
43.18366125,41.905635563037535,-0.029595121163156747,21561.602062125523,4512.692600625523,17048.9094615,21311.136826875,499.3000000000121,104.5000000000121,394.8,493.5,0.3125,9928.449999999988,9934.25,0.0,28.75992700836201,28.77883487405135,28.77883487405135,265029.46552014793,265196.2891684826,279398.6441788269,3537.398913809237,3539.6201443891637,3725.9060294348806,39888816.62650722,33204678.176826853,133680558.49636322,136464914.97109273,148507229.46363583,1783970.466377752,1821028.3649878516,1980620.0393995978,120698.53333333335
42.1024845,40.65724736627553,-0.03432664724867893,-3112.7770207000003,0.0,-3112.7770207000003,-3890.9712758750006,-73.93333333333334,0.0,-73.93333333333334,-92.41666666666667,0.3125,9646.766666666666,9665.25,0.0,28.75992700836201,28.75992700836201,28.75992700836201,256928.27341400948,257459.85273154738,254801.95614385794,3429.256787945782,3436.3527951395918,3400.872759170544,39888816.62650722,33204678.176826853,133680558.49636322,136464914.97109273,148507229.46363583,1783970.466377752,1821028.3649878516,1980620.0393995978,120698.53333333335
41.693348750000006,40.336655585438365,-0.032539798438753216,-21549.902190583336,0.0,-21549.902190583336,-26937.37773822917,-516.8666666666667,0.0,-516.8666666666667,-646.0833333333334,0.3125,9471.199999999999,9600.416666666666,0.0,28.75992700836201,28.75992700836201,28.56408341265644,251878.9888955747,255595.2507971719,237016.15954813213,3361.854317450209,3411.462382169421,3163.6007560757016,39888816.62650722,33204678.176826853,133680558.49636322,136464914.97109273,148507229.46363583,1783970.466377752,1821028.3649878516,1980620.0393995978,120698.53333333335
43.913293416666676,42.12521434912483,-0.040718400475588216,-40988.66807511668,0.0,-40988.66807511668,-51235.83509389585,-933.4000000000001,0.0,-933.4000000000001,-1166.75,0.3125,9476.733333333334,9710.083333333334,0.0,28.75992700836201,28.75992700836201,28.53095294745815,252038.12715835433,258749.2561257556,225289.63008533785,3363.9786406137305,3453.564931615109,3009.7251806014006,39888816.62650722,33204678.176826853,133680558.49636322,136464914.97109273,148507229.46363583,1783970.466377752,1821028.3649878516,1980620.0393995978,120698.53333333335
42.330273000000005,43.34929085151802,0.0240730281025594,58771.351033200015,80427.51870000002,-21656.167666800004,-27070.209583500004,1388.4,1900.0,-511.6,-639.5,0.20833333333333331,7791.933333333334,9819.833333333334,0.0,28.45196742055357,28.75992700836201,28.75992700836201,203868.58229412432,261905.65811492334,243513.68479307584,2726.158373807824,3495.699473879524,3250.1865829629546,39888816.62650722,33204678.176826853,133680558.49636322,136464914.97109273,148507229.46363583,1783970.466377752,1821028.3649878516,1980620.0393995978,120698.53333333335
39.957293916666664,40.076634053139564,0.002986692159929214,31017.515357711112,0.0,31017.515357711112,38771.894197138885,776.2666666666668,0.0,776.2666666666668,970.3333333333334,0.20833333333333331,10107.400000000001,9913.333333333334,0.0,28.77883487405135,28.75992700836201,29.04858081779068,270179.3444269246,264594.7112902052,292622.38917454594,3604.980632728913,3531.595416492032,3899.4182007183967,39888816.62650722,33204678.176826853,133680558.49636322,136464914.97109273,148507229.46363583,1783970.466377752,1821028.3649878516,1980620.0393995978,120698.53333333335
42.62725216666667,42.31394825153619,-0.007349850135906202,129578.32113623335,0.0,129578.32113623335,161972.9014202917,3039.8,0.0,3039.8,3799.75,0.20833333333333331,11088.95,10329.0,0.0,29.04858081779068,28.77883487405135,30.49717367894778,298585.5786734247,276556.73423501436,388816.0747478519,3977.6345735734653,3688.629978475885,5185.657947535108,39888816.62650722,33204678.176826853,133680558.49636322,136464914.97109273,148507229.46363583,1783970.466377752,1821028.3649878516,1980620.0393995978,120698.53333333335
46.25765608333334,45.62203250771035,-0.013740937813146106,225049.66453289444,87889.54655833334,137160.11797456112,171450.1474682014,4865.133333333333,1900.0,2965.133333333333,3706.4166666666665,0.10416666666666664,9112.200000000003,10270.91666666667,0.0,28.75992700836201,28.77883487405135,30.49717367894778,241554.17509957284,274885.16357607994,384198.2943666313,3224.0292543711666,3666.704740063717,5125.148319215813,39888816.62650722,33204678.176826853,133680558.49636322,136464914.97109273,148507229.46363583,1783970.466377752,1821028.3649878516,1980620.0393995978,120698.53333333335
30.519256,31.150019624393547,0.020667726119979593,-104172.39381333333,-54324.275679999984,-49848.11813333334,-62310.147666666664,-3413.333333333333,-1779.9999999999995,-1633.3333333333335,-2041.6666666666667,0.1922395833333333,9272.666666666666,7951.0,50.0,28.75992700836201,28.45196742055357,28.0976733589821,246169.18472018125,208394.34191182035,150664.8976208338,3285.6346261132744,2787.4487034562944,2009.2847500442288,39888816.62650722,33204678.176826853,133680558.49636322,136464914.97109273,148507229.46363583,1783970.466377752,1821028.3649878516,1980620.0393995978,120698.53333333335
18.347584916666666,18.28330150518774,-0.0035036443090954075,-118911.92101724444,-32658.701151666664,-86253.21986557778,-107816.52483197222,-6481.066666666667,-1780.0,-4701.066666666667,-5876.333333333333,0.28031249999999996,6252.483333333334,5854.75,207.0,28.0976733589821,28.0976733589821,0.0,160306.61423396852,149131.23294998935,0.0,2139.2359383854296,1988.61399664108,0.0,39888816.62650722,33204678.176826853,133680558.49636322,136464914.97109273,148507229.46363583,1783970.466377752,1821028.3649878516,1980620.0393995978,120698.53333333335
15.375334666666667,15.485392796843007,0.007158096559351123,-120999.78373742223,-27368.095706666667,-93631.68803075557,-117039.61003844446,-7869.733333333334,-1780.0,-6089.733333333334,-7612.166666666667,0.36838541666666663,5096.166666666667,5096.166666666667,257.5666666666666,28.01740671434946,28.01740671434946,0.0,127845.12698220272,127845.12698220272,0.0,1702.6129090592553,1702.6129090592553,0.0,39888816.62650722,33204678.176826853,133680558.49636322,136464914.97109273,148507229.46363583,1783970.466377752,1821028.3649878516,1980620.0393995978,120698.53333333335
16.947569583333333,16.9795274235087,0.0018856886834554413,-138921.4875505278,-30166.67385833333,-108754.81369219445,-135943.51711524307,-8197.133333333335,-1780.0,-6417.133333333334,-8021.416666666667,0.4564583333333333,4388.666666666667,4388.666666666667,175.71666666666806,27.71759299894158,27.71759299894158,0.0,108106.0305086189,108106.0305086189,0.0,1439.0420769396,1439.0420769396,0.0,39888816.62650722,33204678.176826853,133680558.49636322,136464914.97109273,148507229.46363583,1783970.466377752,1821028.3649878516,1980620.0393995978,120698.53333333335
12.981954250000001,13.18441892733961,0.015595855095515343,-106304.89603516669,-23107.878565000003,-83197.01747016668,-103996.27183770834,-8188.666666666667,-1780.0,-6408.666666666667,-8010.833333333333,0.5445312499999999,4332.416666666667,4332.416666666667,177.83333333333394,27.71759299894158,27.71759299894158,0.0,106546.91590242845,106546.91590242845,0.0,1418.3704842133307,1418.3704842133307,0.0,39888816.62650722,33204678.176826853,133680558.49636322,136464914.97109273,148507229.46363583,1783970.466377752,1821028.3649878516,1980620.0393995978,120698.53333333335
11.027246916666664,10.881914797618377,-0.013179365633740527,-79211.65520159443,-19628.49951166666,-59583.155689927764,-74478.9446124097,-7183.266666666666,-1780.0,-5403.266666666666,-6754.083333333333,0.6326041666666666,4425.25,4425.25,429.1833333333334,27.71759299894158,27.71759299894158,0.0,109120.03245249685,109120.03245249685,0.0,1452.4862683571293,1452.4862683571293,0.0,39888816.62650722,33204678.176826853,133680558.49636322,136464914.97109273,148507229.46363583,1783970.466377752,1821028.3649878516,1980620.0393995978,120698.53333333335
7.079223,6.964969798587723,-0.0161392290385932,-44023.8000442,-12601.01694,-31422.7831042,-39278.478880250004,-6218.733333333334,-1780.0,-4438.733333333334,-5548.416666666667,0.7206770833333334,4638.666666666667,4638.666666666667,670.3166666666666,27.74203824836471,27.74203824836471,0.0,115035.64061718264,115035.64061718264,0.0,1530.9900221338087,1530.9900221338087,0.0,39888816.62650722,33204678.176826853,133680558.49636322,136464914.97109273,148507229.46363583,1783970.466377752,1821028.3649878516,1980620.0393995978,120698.53333333335
-1.0729443333333337,-1.0686347281211612,-0.004016615846959915,4434.550459288891,1909.8409133333341,2524.7095459555567,3155.886932444446,-4133.0666666666675,-1780.0,-2353.066666666667,-2941.3333333333335,0.8087500000000001,5506.583333333333,5506.583333333333,1191.733333333334,28.0976733589821,28.0976733589821,26.87347372209153,139348.55967550375,139348.55967550375,58304.19621848793,1856.7629924909177,1856.7629924909177,786.2984713735065,39888816.62650722,33204678.176826853,133680558.49636322,136464914.97109273,148507229.46363583,1783970.466377752,1821028.3649878516,1980620.0393995978,120698.53333333335
28.738165666666664,28.19077666051188,-0.019047458091234478,-54330.46013168889,-51153.93488666666,-3176.525245022222,-3970.656556277777,-1890.5333333333333,-1780.0,-110.53333333333333,-138.16666666666666,0.8968229166666668,8760.116666666667,7526.75,519.0,28.53095294745815,28.35730167798622,28.35730167798622,231474.66516846433,196341.2411329945,192423.20728448607,3090.8514123380546,2625.1524462956204,2572.749795803897,39888816.62650722,33204678.176826853,133680558.49636322,136464914.97109273,148507229.46363583,1783970.466377752,1821028.3649878516,1980620.0393995978,120698.53333333335
49.85757966666666,48.93093939763901,-0.018585745140917414,312517.2808666,94729.40136666666,217787.8794999333,272234.84937491664,6268.2,1900.0,4368.2,5460.25,0.7926562500000002,10234.133333333331,11042.08333333333,0.0,28.77883487405135,29.04858081779068,33.50934547736816,273826.58209996263,297224.1685190975,463671.75850043615,3652.8198042887775,3959.7775921276207,6188.481718977849,39888816.62650722,33204678.176826853,133680558.49636322,136464914.97109273,148507229.46363583,1783970.466377752,1821028.3649878516,1980620.0393995978,120698.53333333335
45.227916666666665,46.407992520094595,0.026091757931836188,354113.4811388889,85933.04166666667,268180.43947222224,335225.5493402778,7829.533333333334,1900.0,5929.533333333334,7411.916666666667,0.6884895833333335,11262.050000000003,11679.66666666667,0.0,29.20072509152424,29.20072509152424,42.16873117258105,303631.1461598087,315825.85563678073,563554.6662724004,4043.867961926563,4203.820167380945,7515.92599252974,39888816.62650722,33204678.176826853,133680558.49636322,136464914.97109273,148507229.46363583,1783970.466377752,1821028.3649878516,1980620.0393995978,120698.53333333335
42.453769666666666,42.08597193850563,-0.008663488096554647,239736.43730766667,0.0,239736.43730766667,299670.5466345833,5647.0,0.0,5647.0,7058.75,0.6884895833333335,12879.08333333333,11467.33333333333,0.0,29.89577970970236,29.20072509152424,41.35678378018467,351270.24236466014,309625.5683423469,539874.7876742529,4677.9865424142445,4122.493947263258,7199.149840656904,39888816.62650722,33204678.176826853,133680558.49636322,136464914.97109273,148507229.46363583,1783970.466377752,1821028.3649878516,1980620.0393995978,120698.53333333335
43.814906916666665,43.32365057957935,-0.011212082180652753,233653.21461140556,0.0,233653.21461140556,292066.51826425694,5332.733333333334,0.0,5332.733333333334,6665.916666666667,0.6884895833333335,12742.850000000002,11409.66666666667,0.0,29.89577970970236,29.20072509152424,39.50585983592206,347197.4406422085,307941.6598620692,521445.9686819075,4622.620041884204,4100.406920449509,6955.240286333106,39888816.62650722,33204678.176826853,133680558.49636322,136464914.97109273,148507229.46363583,1783970.466377752,1821028.3649878516,1980620.0393995978,120698.53333333335
43.955949833333335,44.666258588424995,0.016159558780663802,257312.26953102223,83516.30468333334,173795.9648476889,217244.9560596111,5853.866666666667,1900.0,3953.866666666667,4942.333333333333,0.5843229166666669,10407.966666666667,11319.5,0.0,28.77883487405135,29.20072509152424,33.26397914170879,278829.3028955686,305308.72781631665,455617.1981144098,3718.4382366098466,4065.8720028014177,6079.356387713232,39888816.62650722,33204678.176826853,133680558.49636322,136464914.97109273,148507229.46363583,1783970.466377752,1821028.3649878516,1980620.0393995978,120698.53333333335
45.29953108333333,43.01761390397071,-0.050373969107202904,100537.77928634999,0.0,100537.77928634999,125672.22410793748,2219.4,0.0,2219.4,2774.25,0.5843229166666669,11638.1,11083.25,0.0,29.20072509152424,29.04858081779068,30.33898709985666,314612.07883047627,298420.0017627633,380549.158005758,4187.899634180512,3975.4627785327543,5076.994582704561,39888816.62650722,33204678.176826853,133680558.49636322,136464914.97109273,148507229.46363583,1783970.466377752,1821028.3649878516,1980620.0393995978,120698.53333333335
47.12412483333333,47.17366370618253,0.0010512422888362331,145698.3691597,89535.83718333334,56162.53197636666,70203.16497045834,3091.8,1900.0,1191.8,1489.75,0.48015625000000023,9403.2,11005.25,0.0,28.75992700836201,29.04858081779068,29.89577970970236,249923.31385900613,296154.2124589756,339787.77164115873,3335.748177368385,3945.743477975661,4521.891484338048,39888816.62650722,33204678.176826853,133680558.49636322,136464914.97109273,148507229.46363583,1783970.466377752,1821028.3649878516,1980620.0393995978,120698.53333333335
48.98532375,48.911415544774506,-0.0015087826223766027,117019.40706225,93072.115125,23947.291937250004,29934.1149215625,2388.866666666667,1900.0,488.86666666666673,611.0833333333334,0.37598958333333354,9092.049999999997,10869.83333333333,0.0,28.75992700836201,29.04858081779068,29.20072509152424,240974.6625703542,292220.55047323304,310022.2115248401,3216.2933908028003,3894.1474700640388,4127.6965272786365,39888816.62650722,33204678.176826853,133680558.49636322,136464914.97109273,148507229.46363583,1783970.466377752,1821028.3649878516,1980620.0393995978,120698.53333333335
44.113686333333334,43.64465847135416,-0.01063225273070783,87565.66737166667,83816.00403333333,3749.6633383333333,4687.079172916667,1985.0,1900.0,85.0,106.25,0.27182291666666686,8562.33333333333,10441.08333333333,0.0,28.53095294745815,28.77883487405135,29.04858081779068,225831.71819133943,279782.3619771475,282852.38315949554,3016.835498444083,3730.939082728921,3771.2695927606705,39888816.62650722,33204678.176826853,133680558.49636322,136464914.97109273,148507229.46363583,1783970.466377752,1821028.3649878516,1980620.0393995978,120698.53333333335
42.784170499999995,43.657232260492734,0.020406186453766604,12212.028399716812,36986.915397250144,-24774.886997533333,-30968.608746916663,285.4333333333367,864.5000000000034,-579.0666666666667,-723.8333333333334,0.22442708333333333,9319.06666666666,10328.33333333333,0.0,28.75992700836201,28.77883487405135,28.75992700836201,247503.64533336906,276537.5483450982,255712.68716578928,3303.44822758087,3688.3783258111816,3413.0300302870783,39888816.62650722,33204678.176826853,133680558.49636322,136464914.97109273,148507229.46363583,1783970.466377752,1821028.3649878516,1980620.0393995978,120698.53333333335
39.93265991666667,39.34931997249294,-0.014608091356575538,-100185.71937626114,-71080.13465166668,-29105.584724594453,-36381.98090574306,-2508.866666666667,-1780.0,-728.8666666666668,-911.0833333333334,0.3125,11523.283333333333,9925.5,0.0,29.20072509152424,28.75992700836201,28.75992700836201,311259.34891121776,264944.6237354736,238741.93357027177,4143.923470099607,3536.2663680262804,3186.4888808760516,39888816.62650722,33204678.176826853,133680558.49636322,136464914.97109273,148507229.46363583,1783970.466377752,1821028.3649878516,1980620.0393995978,120698.53333333335
42.27394808333333,41.38900248488316,-0.02093359240319141,-24806.352735300003,0.0,-24806.352735300003,-31007.940919124998,-586.8000000000001,0.0,-586.8000000000001,-733.5,0.3125,9943.38333333333,10090.08333333333,0.0,28.77883487405135,28.77883487405135,28.75992700836201,265459.1358603321,269680.9909363555,248582.62192829954,3543.067785895581,3598.4439547632746,3317.851394572094,39888816.62650722,33204678.176826853,133680558.49636322,136464914.97109273,148507229.46363583,1783970.466377752,1821028.3649878516,1980620.0393995978,120698.53333333335
44.83713833333332,43.13995984292925,-0.037852069812901915,93105.81232044443,85190.56283333332,7915.2494871111085,9894.061858888886,2076.5333333333333,1900.0,176.53333333333333,220.66666666666666,0.20833333333333331,8153.2166666666635,10009.08333333333,0.0,28.53095294745815,28.77883487405135,28.77883487405135,214159.22982465185,267349.90531155735,273700.43487376464,2863.7328913525444,3567.8681560019713,3651.165188018361,39888816.62650722,33204678.176826853,133680558.49636322,136464914.97109273,148507229.46363583,1783970.466377752,1821028.3649878516,1980620.0393995978,120698.53333333335
45.00902308333334,45.372414900617834,0.008073754824930958,213141.7291118945,85517.14385833335,127624.58525356113,159530.7315669514,4735.533333333333,1900.0,2835.5333333333333,3544.4166666666665,0.10416666666666664,8905.216666666664,10096.33333333333,0.0,28.53095294745815,28.77883487405135,29.92816708722221,235614.5064411404,269860.8586543183,374057.4354839959,3145.151787020863,3600.8031984948566,4988.551152390293,39888816.62650722,33204678.176826853,133680558.49636322,136464914.97109273,148507229.46363583,1783970.466377752,1821028.3649878516,1980620.0393995978,120698.53333333335
52.620755,54.27021012395943,0.03134609383615702,222754.18006600003,99979.4345,122774.74556600003,153468.4319575,4233.200000000001,1900.0,2333.2000000000003,2916.5,0.0,8964.3,10281.0,0.0,28.6258182180586,28.77883487405135,29.92816708722221,237301.34534691795,275175.3501610599,360791.77542258473,3167.332164174049,3670.5109866173348,4807.530069920469,39888816.62650722,33204678.176826853,133680558.49636322,136464914.97109273,148507229.46363583,1783970.466377752,1821028.3649878516,1980620.0393995978,120698.53333333335
26.236941916666666,26.22867576533838,-0.0003150577286994021,-104981.00112642779,-46701.756611666664,-58279.244514761114,-72849.05564345139,-4001.266666666667,-1780.0,-2221.266666666667,-2776.5833333333335,0.08807291666666667,9012.016666666666,8040.333333333333,253.0,28.75992700836201,28.53095294745815,28.01740671434946,238672.9097454517,210938.56075276635,132540.37739074914,3185.567487696693,2821.4888713977243,1765.4712535575673,39888816.62650722,33204678.176826853,133680558.49636322,136464914.97109273,148507229.46363583,1783970.466377752,1821028.3649878516,1980620.0393995978,120698.53333333335
14.16876475,13.562437679357261,-0.04279322025180339,-103457.48645155001,-25220.401254999997,-78237.08519655,-97796.35649568749,-7301.8,-1780.0,-5521.8,-6902.25,0.17614583333333333,6257.666666666667,6257.666666666667,399.5500000000002,28.0976733589821,28.0976733589821,0.0,160452.25384087925,160452.25384087925,0.0,2141.1988709986754,2141.1988709986754,0.0,39888816.62650722,33204678.176826853,133680558.49636322,136464914.97109273,148507229.46363583,1783970.466377752,1821028.3649878516,1980620.0393995978,120698.53333333335
16.944899583333335,17.43954363603366,0.029191323930113408,-129679.31651125001,-30161.921258333336,-99517.39525291667,-124396.74406614584,-7653.0,-1780.0,-5873.0,-7341.25,0.26421875,5535.416666666667,5535.416666666667,311.75,28.0976733589821,28.0976733589821,0.0,140158.7092573544,140158.7092573544,0.0,1867.6821996321232,1867.6821996321232,0.0,39888816.62650722,33204678.176826853,133680558.49636322,136464914.97109273,148507229.46363583,1783970.466377752,1821028.3649878516,1980620.0393995978,120698.53333333335
20.387522166666667,20.458620124605087,0.003487327069822416,-171748.56423643336,-36289.789456666666,-135458.77477976668,-169323.46847470832,-8424.2,-1780.0,-6644.200000000001,-8305.25,0.35229166666666667,4572.0,4572.0,118.95000000000073,27.71759299894158,27.71759299894158,0.0,113187.58922509152,113187.58922509152,0.0,1506.41615693633,1506.41615693633,0.0,39888816.62650722,33204678.176826853,133680558.49636322,136464914.97109273,148507229.46363583,1783970.466377752,1821028.3649878516,1980620.0393995978,120698.53333333335
23.509637416666667,23.849416749231345,0.0144527678816434,-190808.91920115,-41847.15460166667,-148961.76459948334,-186202.20574935418,-8116.200000000001,-1780.0,-6336.200000000001,-7920.25,0.44036458333333334,4309.833333333333,4309.833333333333,195.95000000000073,27.71759299894158,27.71759299894158,0.0,105920.96026053566,105920.96026053566,0.0,1410.071222541006,1410.071222541006,0.0,39888816.62650722,33204678.176826853,133680558.49636322,136464914.97109273,148507229.46363583,1783970.466377752,1821028.3649878516,1980620.0393995978,120698.53333333335
19.515261583333334,20.144940101926405,0.03226595328503496,-132532.04446473336,-34737.16561833333,-97794.87884640002,-122243.59855800001,-6791.200000000001,-1780.0,-5011.200000000001,-6264.0,0.5284375,4840.366666666668,4523.166666666667,210.0,28.01740671434946,27.71759299894158,0.0,120678.27434467216,111834.04676697655,0.0,1606.6656319473614,1488.4701519917467,0.0,39888816.62650722,33204678.176826853,133680558.49636322,136464914.97109273,148507229.46363583,1783970.466377752,1821028.3649878516,1980620.0393995978,120698.53333333335
14.124892916666667,14.315177799704436,0.013471598274082664,-81445.07421702775,-25142.30939166664,-56302.76482536111,-70378.45603170138,-5766.066666666665,-1779.9999999999982,-3986.0666666666666,-4982.583333333333,0.6165104166666666,5128.816666666665,4712.333333333333,367.0,28.01740671434946,28.01740671434946,0.0,128759.89531142618,117091.11237167825,0.0,1714.859502482645,1558.6419817796798,0.0,39888816.62650722,33204678.176826853,133680558.49636322,136464914.97109273,148507229.46363583,1783970.466377752,1821028.3649878516,1980620.0393995978,120698.53333333335
14.802367750000002,14.60896849177202,-0.013065427200184455,-59735.44846738334,-26348.214595000005,-33387.23387238334,-41734.04234047917,-4035.5333333333333,-1780.0,-2255.5333333333333,-2819.4166666666665,0.7045833333333333,6445.7,5718.583333333333,489.0,28.25837873121386,28.0976733589821,26.87347372209153,165742.91392238898,145305.26642760794,67277.69698552301,2212.554103563731,1937.0475675407051,900.9897151952165,39888816.62650722,33204678.176826853,133680558.49636322,136464914.97109273,148507229.46363583,1783970.466377752,1821028.3649878516,1980620.0393995978,120698.53333333335
35.5004455,35.20177946952179,-0.008413022041602533,-65110.18374336666,-63190.792989999994,-1919.3907533666663,-2399.238441708333,-1834.0666666666666,-1780.0,-54.06666666666666,-67.58333333333333,0.7926562500000001,10115.483333333334,8558.0,209.0,28.77883487405135,28.53095294745815,28.53095294745815,270411.9733421565,225708.08406190053,223779.86715853482,3608.031921288425,3015.2138470062787,2989.9223216974347,39888816.62650722,33204678.176826853,133680558.49636322,136464914.97109273,148507229.46363583,1783970.466377752,1821028.3649878516,1980620.0393995978,120698.53333333335
49.93761491666666,49.18883730977811,-0.014994260501589224,335157.9671003722,94881.46834166665,240276.49875870554,300345.6234483819,6711.533333333334,1900.0,4811.533333333334,6014.416666666667,0.6884895833333334,10890.800000000003,11587.91666666667,0.0,29.04858081779068,29.20072509152424,38.09562452300365,292829.60238437954,313146.6891096333,503114.9033287689,3902.1361196582343,4168.67881402554,6712.138033589313,39888816.62650722,33204678.176826853,133680558.49636322,136464914.97109273,148507229.46363583,1783970.466377752,1821028.3649878516,1980620.0393995978,120698.53333333335
46.995967416666666,46.798998051544146,-0.004191197159028278,385078.6908831778,89292.33809166666,295786.3527915111,369732.94098938885,8193.866666666667,1900.0,6293.866666666667,7867.333333333333,0.5843229166666668,11492.216666666667,11818.75,0.0,29.20072509152424,29.20072509152424,43.6876063973486,310352.1797183744,319887.1898182601,589295.7519617975,4132.02456316873,4257.090756618156,7858.437320950529,39888816.62650722,33204678.176826853,133680558.49636322,136464914.97109273,148507229.46363583,1783970.466377752,1821028.3649878516,1980620.0393995978,120698.53333333335
45.464761,45.76192234453938,0.00653608064802921,356231.5573553334,86383.04590000001,269848.5114553334,337310.6393191667,7835.333333333334,1900.0,5935.333333333334,7419.166666666667,0.4801562500000001,11388.833333333332,11805.0,0.0,29.20072509152424,29.20072509152424,42.77341773866078,307333.3114226623,319485.67984825163,569199.1691866735,4092.427503248008,4251.824341265166,7591.551556169732,39888816.62650722,33204678.176826853,133680558.49636322,136464914.97109273,148507229.46363583,1783970.466377752,1821028.3649878516,1980620.0393995978,120698.53333333335
42.792013499999996,42.6304885145029,-0.0037746526112190223,218789.8594237,0.0,218789.8594237,273487.32427962497,5112.866666666667,0.0,5112.866666666667,6391.083333333333,0.4801562500000001,13066.466666666667,11788.25,0.0,29.89577970970236,29.20072509152424,40.4291788155419,356872.2132192633,318996.5677029686,525595.4382463818,4754.140881227468,4245.40888983516,7010.27038526255,39888816.62650722,33204678.176826853,133680558.49636322,136464914.97109273,148507229.46363583,1783970.466377752,1821028.3649878516,1980620.0393995978,120698.53333333335
44.36691100000001,44.49386697994384,0.0028615014451608884,213244.38158188347,51379.1012835501,161865.28029833338,202331.60037291673,4806.383333333336,1158.050000000002,3648.333333333334,4560.416666666667,0.4166666666666667,11648.7,11894.66666666667,0.0,29.20072509152424,29.38437869246251,33.50934547736816,314921.60651644645,322109.1247438996,462088.4419266308,4191.959561652635,4286.4171658142395,6166.978235999177,39888816.62650722,33204678.176826853,133680558.49636322,136464914.97109273,148507229.46363583,1783970.466377752,1821028.3649878516,1980620.0393995978,120698.53333333335
45.84301408333334,45.179414846322366,-0.014475471351091418,174108.71128756113,87101.72675833335,87006.98452922779,108758.73066153472,3797.9333333333334,1900.0,1897.9333333333334,2372.4166666666665,0.3125,10453.066666666664,11878.58333333333,0.0,28.77883487405135,29.38437869246251,30.49717367894778,280127.2283483882,321636.52598659566,392544.35423010314,3735.462539376941,4280.120685066168,5234.51189621117,39888816.62650722,33204678.176826853,133680558.49636322,136464914.97109273,148507229.46363583,1783970.466377752,1821028.3649878516,1980620.0393995978,120698.53333333335
38.91657333333333,38.99450477495382,0.002002525786455488,-42644.78105866666,-69271.50053333332,26626.71947466667,33283.39934333333,-1095.8,-1780.0,684.2,855.25,0.40057291666666667,13664.88333333333,11713.83333333333,0.0,29.92816708722221,29.20072509152424,29.89577970970236,374779.7019163675,316823.5470774076,342002.5506546524,4998.40708498726,4216.9064115914025,4551.999643728314,39888816.62650722,33204678.176826853,133680558.49636322,136464914.97109273,148507229.46363583,1783970.466377752,1821028.3649878516,1980620.0393995978,120698.53333333335
41.70924975,43.325912407565255,0.03876029099672927,18635.6927883,0.0,18635.6927883,23294.615985375,446.8,0.0,446.8,558.5,0.40057291666666667,11441.783333333331,11330.08333333333,0.0,29.20072509152424,29.20072509152424,29.38437869246251,308879.4898162584,305617.7688235352,321930.3697735203,4112.7079900073395,4069.9255467397784,4284.035595375848,39888816.62650722,33204678.176826853,133680558.49636322,136464914.97109273,148507229.46363583,1783970.466377752,1821028.3649878516,1980620.0393995978,120698.53333333335
43.043980499999996,42.06715157132021,-0.02269374061908109,5039.0153172,0.0,5039.0153172,6298.7691465,117.06666666666668,0.0,117.06666666666668,146.33333333333334,0.40057291666666667,11143.349999999997,11114.08333333333,0.0,29.07641985745735,29.04858081779068,29.20072509152424,300165.8423491922,299315.6663379784,303583.451642159,3998.3663775170344,3987.2107926418607,4043.2423756179637,39888816.62650722,33204678.176826853,133680558.49636322,136464914.97109273,148507229.46363583,1783970.466377752,1821028.3649878516,1980620.0393995978,120698.53333333335
41.411441583333335,41.13088635550475,-0.006774823988293663,-13676.81877358889,0.0,-13676.81877358889,-17096.023466986113,-330.26666666666665,0.0,-330.26666666666665,-412.8333333333333,0.40057291666666667,10756.600000000002,10839.16666666667,0.0,29.04858081779068,29.04858081779068,28.77883487405135,288931.282838632,291329.7273281543,279357.8741627554,3851.00368203308,3882.462958733902,3725.3712675223896,39888816.62650722,33204678.176826853,133680558.49636322,136464914.97109273,148507229.46363583,1783970.466377752,1821028.3649878516,1980620.0393995978,120698.53333333335
40.565128583333326,39.50036585071624,-0.026248227721742047,-98524.58430319998,-72205.92887833332,-26318.655424866665,-32898.31928108333,-2428.8,-1780.0,-648.8000000000001,-811.0,0.48864583333333333,12515.71666666667,10897.91666666667,0.0,29.89577970970236,29.04858081779068,28.77883487405135,340407.11254414485,293036.3314511995,269589.85795925447,4530.310931384643,3904.8476883201743,3597.248604605942,39888816.62650722,33204678.176826853,133680558.49636322,136464914.97109273,148507229.46363583,1783970.466377752,1821028.3649878516,1980620.0393995978,120698.53333333335
43.6714915,43.010650695268076,-0.015132086906899472,-7138.833143866668,0.0,-7138.833143866668,-8923.541429833334,-163.4666666666667,0.0,-163.4666666666667,-204.33333333333334,0.48864583333333333,11113.300000000003,11154.16666666667,0.0,29.04858081779068,29.20072509152424,29.04858081779068,299292.91161633795,300480.87460118474,294544.43693865644,3986.912329580713,4002.5473478903173,3924.6288039687524,39888816.62650722,33204678.176826853,133680558.49636322,136464914.97109273,148507229.46363583,1783970.466377752,1821028.3649878516,1980620.0393995978,120698.53333333335
46.08593558333333,45.84897522547036,-0.005141706571943081,33381.57934086111,0.0,33381.57934086111,41726.974176076386,724.3333333333334,0.0,724.3333333333334,905.4166666666666,0.48864583333333333,11380.083333333334,11199.0,0.0,29.20072509152424,29.20072509152424,29.38437869246251,307077.8050781115,301790.040442788,328272.4981746435,4089.0761480233787,4019.719053707943,4368.532409559774,39888816.62650722,33204678.176826853,133680558.49636322,136464914.97109273,148507229.46363583,1783970.466377752,1821028.3649878516,1980620.0393995978,120698.53333333335
46.996050749999995,48.20302223923892,0.025682402456741055,188577.91977447498,76345.08444337499,112232.83533109998,140291.044163875,4012.633333333333,1624.5,2388.133333333333,2985.1666666666665,0.39958333333333335,10268.116666666663,11295.58333333333,0.0,28.77883487405135,29.20072509152424,30.49717367894778,274804.5828384324,304610.34380787757,393451.64514705184,3665.6477988719657,4056.711631854095,5246.400689447267,39888816.62650722,33204678.176826853,133680558.49636322,136464914.97109273,148507229.46363583,1783970.466377752,1821028.3649878516,1980620.0393995978,120698.53333333335
56.90883324999999,55.87168912309975,-0.018224659822914928,247473.75227094995,108126.78317499998,139346.96909594996,174183.71136993746,4348.6,1900.0,2448.6,3060.75,0.29541666666666666,10025.56666666667,11313.41666666667,0.0,28.77883487405135,29.20072509152424,30.49717367894778,267824.2764397314,305131.09007200995,396300.5894548938,3574.0902681367324,4063.5420129785807,5283.7321662474515,39888816.62650722,33204678.176826853,133680558.49636322,136464914.97109273,148507229.46363583,1783970.466377752,1821028.3649878516,1980620.0393995978,120698.53333333335
30.6658305,29.783614997614414,-0.028768681232539364,-104805.5867055,-54585.178289999996,-50220.4084155,-62775.51051937499,-3417.666666666667,-1780.0,-1637.6666666666667,-2047.0833333333333,0.38348958333333333,9676.75,8532.166666666666,226.0,28.75992700836201,28.53095294745815,28.25837873121386,257790.59189214354,224971.0344440912,166855.82307141996,3440.7678041240183,3005.546309588595,2227.668846038786,39888816.62650722,33204678.176826853,133680558.49636322,136464914.97109273,148507229.46363583,1783970.466377752,1821028.3649878516,1980620.0393995978,120698.53333333335
24.21874741666667,24.975594212569572,0.03125045168034004,-160207.01416125003,-43109.370401666674,-117097.64375958334,-146372.0546994792,-6615.0,-1780.0,-4835.0,-6043.75,0.4715625,6164.083333333333,6164.083333333333,571.25,28.0976733589821,28.0976733589821,16.49028574844572,157822.7799090345,157822.7799090345,1226.5859480494396,2105.758785392971,2105.758785392971,16.34635140771889,39888816.62650722,33204678.176826853,133680558.49636322,136464914.97109273,148507229.46363583,1783970.466377752,1821028.3649878516,1980620.0393995978,120698.53333333335
31.624689916666668,32.038227188947104,0.013076405598604617,-241625.28083929996,-56291.94805166661,-185333.33278763335,-231666.66598454167,-7640.399999999999,-1779.9999999999982,-5860.400000000001,-7325.5,0.5596354166666666,5287.25,5287.25,314.8999999999987,28.01740671434946,28.01740671434946,0.0,133198.78644853635,133198.78644853635,0.0,1774.2858001257046,1774.2858001257046,0.0,39888816.62650722,33204678.176826853,133680558.49636322,136464914.97109273,148507229.46363583,1783970.466377752,1821028.3649878516,1980620.0393995978,120698.53333333335
34.66580691666666,35.156903776249806,0.014166606903560506,-265068.6260076,-61705.136311666654,-203363.48969593333,-254204.36211991662,-7646.400000000001,-1780.0,-5866.400000000001,-7333.0,0.6477083333333333,4964.25,4964.25,313.40000000000055,28.01740671434946,28.01740671434946,0.0,124149.16407980146,124149.16407980146,0.0,1653.132670699818,1653.132670699818,0.0,39888816.62650722,33204678.176826853,133680558.49636322,136464914.97109273,148507229.46363583,1783970.466377752,1821028.3649878516,1980620.0393995978,120698.53333333335
31.123843500000003,32.11218160322289,0.03175501455091456,-228104.57408860006,-55400.441430000006,-172704.13265860005,-215880.16582325002,-7328.933333333334,-1780.0,-5548.933333333334,-6936.166666666667,0.73578125,4988.25,4988.25,392.76666666666733,28.01740671434946,28.01740671434946,0.0,124821.58184094584,124821.58184094584,0.0,1662.1347608119581,1662.1347608119581,0.0,39888816.62650722,33204678.176826853,133680558.49636322,136464914.97109273,148507229.46363583,1783970.466377752,1821028.3649878516,1980620.0393995978,120698.53333333335
26.778329000000003,26.562682243271936,-0.008053032611858045,-186079.03777713334,-47665.42562,-138413.61215713335,-173017.01519641667,-6948.866666666667,-1780.0,-5168.866666666667,-6461.083333333333,0.8238541666666668,4637.083333333333,4637.083333333333,487.78333333333376,27.74203824836471,27.74203824836471,0.0,114991.71572328938,114991.71572328938,0.0,1530.3945993568072,1530.3945993568072,0.0,39888816.62650722,33204678.176826853,133680558.49636322,136464914.97109273,148507229.46363583,1783970.466377752,1821028.3649878516,1980620.0393995978,120698.53333333335
26.541182666666668,26.31978596796641,-0.008341628987705615,-169550.3831112,-47243.305146666666,-122307.07796453334,-152883.84745566666,-6388.2,-1780.0,-4608.2,-5760.25,0.9119270833333335,5162.783333333333,5027.833333333333,493.0,28.01740671434946,28.01740671434946,0.0,129711.55322615696,125930.6041900555,0.0,1727.5999605719107,1676.9819580455226,0.0,39888816.62650722,33204678.176826853,133680558.49636322,136464914.97109273,148507229.46363583,1783970.466377752,1821028.3649878516,1980620.0393995978,120698.53333333335
23.657832833333334,23.428497147253296,-0.009693858592022436,-115885.52835079991,-42110.942443333246,-73774.58590746667,-92218.23238433333,-4898.399999999996,-1779.9999999999961,-3118.4,-3898.0,1.0,6495.066666666663,5924.666666666667,430.0,28.25837873121386,28.0976733589821,26.06783176638855,167137.93588575316,151095.7286123382,44206.89702611886,2231.5003021295834,2015.091496038396,595.7566556799097,39888816.62650722,33204678.176826853,133680558.49636322,136464914.97109273,148507229.46363583,1783970.466377752,1821028.3649878516,1980620.0393995978,120698.53333333335
44.72874099999999,44.82838350018726,0.002227706346290049,3718.449335133333,0.0,3718.449335133333,4648.061668916666,83.13333333333334,0.0,83.13333333333334,103.91666666666667,1.0,8438.833333333334,8438.833333333334,20.78333333333333,28.53095294745815,28.53095294745815,28.53095294745815,222308.14550232847,222308.14550232847,225272.9870294518,2970.618432466641,2970.618432466641,3009.506881369388,39888816.62650722,33204678.176826853,133680558.49636322,136464914.97109273,148507229.46363583,1783970.466377752,1821028.3649878516,1980620.0393995978,120698.53333333335
52.17754408333332,54.10152160285025,0.03687366957026812,386385.1494459,99137.33375833332,287247.81568756665,359059.7696094583,7405.200000000001,1900.0,5505.200000000001,6881.5,0.8958333333333334,10315.55,10839.25,0.0,28.77883487405135,29.04858081779068,38.09562452300365,276169.65890595835,291332.1480432224,507626.0601993678,3683.55288596552,3882.4947101233847,6772.240604642282,39888816.62650722,33204678.176826853,133680558.49636322,136464914.97109273,148507229.46363583,1783970.466377752,1821028.3649878516,1980620.0393995978,120698.53333333335
46.64074866666667,45.90762210846835,-0.01571858469592422,291256.0921588608,-15170.517197894738,306426.60935675557,383033.2616959444,6244.670175438597,-325.2631578947369,6569.933333333333,8212.416666666666,0.9119270833333334,13284.163157894738,11320.41666666667,4.0,29.92816708722221,29.20072509152424,43.6876063973486,363385.4448923648,305335.4951476506,582600.6262814039,4842.922870038594,4066.223097158285,7770.706902670552,39888816.62650722,33204678.176826853,133680558.49636322,136464914.97109273,148507229.46363583,1783970.466377752,1821028.3649878516,1980620.0393995978,120698.53333333335
43.45793441666666,42.56257354901831,-0.0206029320000301,195459.3030280278,-77355.12326166665,272814.42628969444,341018.032862118,4497.666666666667,-1780.0,6277.666666666667,7847.083333333333,1.0,14321.833333333336,10972.41666666667,0.0,30.49717367894778,29.04858081779068,41.98952131747961,394704.5706990288,295200.4507221249,552099.4787734842,5262.818546773308,3933.2334305189365,7362.706530307598,39888816.62650722,33204678.176826853,133680558.49636322,136464914.97109273,148507229.46363583,1783970.466377752,1821028.3649878516,1980620.0393995978,120698.53333333335
49.618260666666664,51.69402467969638,0.041834679110874406,301139.8397540889,56564.81716,244575.02259408892,305718.7782426111,6069.133333333334,1140.0,4929.133333333334,6161.416666666667,0.9375,10959.700000000003,10867.41666666667,0.0,29.04858081779068,29.04858081779068,35.62997003424658,294831.0496027253,292150.3497362569,481867.51012434665,3928.388168483667,3893.2266797690027,6430.2071240688565,39888816.62650722,33204678.176826853,133680558.49636322,136464914.97109273,148507229.46363583,1783970.466377752,1821028.3649878516,1980620.0393995978,120698.53333333335
49.32658683333333,48.885443741971955,-0.008943312717985596,195668.70465046665,0.0,195668.70465046665,244585.88081308332,3966.8,0.0,3966.8,4958.5,0.9375,12152.28333333333,11160.58333333333,0.0,29.38437869246251,29.20072509152424,31.9837377546645,329679.0304347226,300668.2459205218,450991.1400354655,4387.2717802421075,4005.0050083883766,6016.99055225769,39888816.62650722,33204678.176826853,133680558.49636322,136464914.97109273,148507229.46363583,1783970.466377752,1821028.3649878516,1980620.0393995978,120698.53333333335
54.588315583333326,55.61119313288143,0.01873803099834795,223619.2151766055,103717.79960833331,119901.4155682722,149876.76946034026,4096.466666666667,1900.0,2196.4666666666667,2745.5833333333335,0.8333333333333334,9904.199999999997,11255.08333333333,0.0,28.75992700836201,29.20072509152424,30.49717367894778,264332.0372901954,303427.71444167086,384909.8950858066,3528.089003559472,4041.1996448143796,5134.472862930397,39888816.62650722,33204678.176826853,133680558.49636322,136464914.97109273,148507229.46363583,1783970.466377752,1821028.3649878516,1980620.0393995978,120698.53333333335
56.38591108333333,56.39868385761672,0.0002265242156768703,158891.73837209446,107133.23105833333,51758.50731376112,64698.134142201394,2817.9333333333334,1900.0,917.9333333333334,1147.4166666666667,0.7291666666666667,9465.066666666664,11135.58333333333,0.0,28.75992700836201,29.04858081779068,29.38437869246251,251702.59467659003,299940.2108255609,333520.05846947234,3359.4996459918475,3995.402651128752,4438.446182840141,39888816.62650722,33204678.176826853,133680558.49636322,136464914.97109273,148507229.46363583,1783970.466377752,1821028.3649878516,1980620.0393995978,120698.53333333335
57.88899058333334,59.73433178198999,0.031877239179014735,147555.1777308778,109989.08210833334,37566.09562254445,46957.619528180556,2548.9333333333334,1900.0,648.9333333333334,811.1666666666666,0.6250000000000001,9219.150000000003,10956.91666666667,0.0,28.75992700836201,29.04858081779068,29.20072509152424,244630.0492931172,294750.1977194492,318407.6864136229,3265.0888379263306,3927.327672074899,4237.6848139841095,39888816.62650722,33204678.176826853,133680558.49636322,136464914.97109273,148507229.46363583,1783970.466377752,1821028.3649878516,1980620.0393995978,120698.53333333335
56.920542083333316,57.28081824549332,0.006329457678610103,110349.95758555552,108149.0299583333,2200.927627222222,2751.159534027777,1938.6666666666667,1900.0,38.66666666666667,48.333333333333336,0.5208333333333335,9126.666666666666,11017.0,0.0,28.75992700836201,29.04858081779068,29.04858081779068,241970.2353769604,296495.53328358463,297899.54802311125,3229.5832077022988,3950.2204238929153,3968.636229793679,39888816.62650722,33204678.176826853,133680558.49636322,136464914.97109273,148507229.46363583,1783970.466377752,1821028.3649878516,1980620.0393995978,120698.53333333335
54.010544083333336,54.17064104125265,0.002964179691881987,92750.5070028389,102620.03375833335,-9869.526755494446,-12336.908444368055,1717.2666666666667,1900.0,-182.73333333333335,-228.41666666666666,0.4166666666666668,8859.066666666666,10804.75,0.0,28.53095294745815,29.04858081779068,29.04858081779068,234297.80296261527,290329.9720050086,283694.79200321157,3127.8811992082406,3869.3496348769777,3782.31907630113,39888816.62650722,33204678.176826853,133680558.49636322,136464914.97109273,148507229.46363583,1783970.466377752,1821028.3649878516,1980620.0393995978,120698.53333333335
53.11400533333333,52.72331826486655,-0.007355631834106763,85956.16529777778,100916.61013333334,-14960.444835555556,-18700.55604444444,1618.3333333333333,1900.0,-281.6666666666667,-352.0833333333333,0.3125000000000001,8752.333333333334,10722.75,0.0,28.53095294745815,29.04858081779068,28.77883487405135,231252.59925135662,287947.98837794975,277755.85235476645,3087.93867687092,3838.1062676246484,3704.358270019765,39888816.62650722,33204678.176826853,133680558.49636322,136464914.97109273,148507229.46363583,1783970.466377752,1821028.3649878516,1980620.0393995978,120698.53333333335
51.33726358333333,50.459254380396494,-0.017102765937487285,-10507.026613388889,0.0,-10507.026613388889,-13133.78326673611,-204.66666666666669,0.0,-204.66666666666669,-255.83333333333334,0.3125000000000001,10585.416666666664,10636.58333333333,0.0,29.04858081779068,29.04858081779068,28.77883487405135,283958.6499456398,285444.9689974834,278046.0389397464,3785.779977754893,3805.2753308981146,3708.1645165733826,39888816.62650722,33204678.176826853,133680558.49636322,136464914.97109273,148507229.46363583,1783970.466377752,1821028.3649878516,1980620.0393995978,120698.53333333335
55.95407724999999,56.136756426716744,0.003264805456455871,113821.78394194998,106312.74677499998,7509.03716695,9386.296458687499,2034.2,1900.0,134.20000000000002,167.75,0.20833333333333343,8865.88333333333,10732.33333333333,0.0,28.53095294745815,29.04858081779068,29.04858081779068,234492.28895854036,288226.37061078683,293099.2700429712,3130.432181662325,3841.757677415316,3905.6732244467576,39888816.62650722,33204678.176826853,133680558.49636322,136464914.97109273,148507229.46363583,1783970.466377752,1821028.3649878516,1980620.0393995978,120698.53333333335
54.86674491666667,55.00637317813852,0.0025448614034589336,171952.37856883334,104246.81534166668,67705.56322716667,84631.95403395833,3134.0,1900.0,1234.0,1542.5,0.10416666666666675,9458.41666666667,11049.91666666667,0.0,28.75992700836201,29.04858081779068,29.89577970970236,251511.3411619846,297451.7157355037,342700.118847879,3356.946619057377,3962.7622227391257,4561.482528575644,39888816.62650722,33204678.176826853,133680558.49636322,136464914.97109273,148507229.46363583,1783970.466377752,1821028.3649878516,1980620.0393995978,120698.53333333335
62.0430925,63.08588442859109,0.016807542734770954,182807.90394816667,117881.87575,64926.02819816667,81157.53524770834,2946.4666666666667,1900.0,1046.4666666666667,1308.0833333333333,8.326672684688674e-17,9595.199999999997,11233.58333333333,0.0,28.75992700836201,29.20072509152424,29.89577970970236,255445.21984461154,302799.8988522031,341182.90802761144,3409.4596317170644,4032.9648862624317,4540.857254032704,39888816.62650722,33204678.176826853,133680558.49636322,136464914.97109273,148507229.46363583,1783970.466377752,1821028.3649878516,1980620.0393995978,120698.53333333335
32.132241083333334,31.927103041243853,-0.006384180971301272,-113073.35637225001,-57195.389128333336,-55877.96724391667,-69847.45905489584,-3519.0,-1780.0,-1739.0,-2173.75,0.08807291666666675,9802.333333333334,8507.083333333334,50.0,28.75992700836201,28.53095294745815,28.0976733589821,261402.35939227702,224255.38304099248,162578.31112504224,3488.9809819467014,2996.15944261207,2169.853900143804,39888816.62650722,33204678.176826853,133680558.49636322,136464914.97109273,148507229.46363583,1783970.466377752,1821028.3649878516,1980620.0393995978,120698.53333333335
25.930196916666663,25.958878185606206,0.001106095300075062,-141687.78199205,-46155.75051166666,-95532.03148038333,-119415.03935047914,-5464.200000000001,-1780.0,-3684.2000000000003,-4605.25,0.17614583333333342,5545.533333333334,5296.583333333333,610.0,28.0976733589821,28.01740671434946,22.10975254704169,140442.96405283612,133460.28224453694,12265.599910313866,1871.513389652188,1777.7866129470922,164.39728714420207,39888816.62650722,33204678.176826853,133680558.49636322,136464914.97109273,148507229.46363583,1783970.466377752,1821028.3649878516,1980620.0393995978,120698.53333333335
24.716167666666667,24.42825893065769,-0.011648599406341787,-179988.0761822,-43994.77844666664,-135993.29773553336,-169991.62216941666,-7282.2,-1779.999999999999,-5502.200000000001,-6877.75,0.26421875000000006,4579.866666666667,4526.416666666667,351.0,27.71759299894158,27.71759299894158,0.0,113405.63429001653,111924.1289442231,0.0,1509.3071174598263,1489.664510682598,0.0,39888816.62650722,33204678.176826853,133680558.49636322,136464914.97109273,148507229.46363583,1783970.466377752,1821028.3649878516,1980620.0393995978,120698.53333333335
30.374243583333335,30.160050322070123,-0.007051805608773812,-240920.40030471113,-54066.15357833334,-186854.2467263778,-233567.80840797225,-7931.733333333334,-1780.0,-6151.733333333334,-7689.666666666667,0.3522916666666667,4467.65,4318.583333333333,93.0,27.71759299894158,27.71759299894158,0.0,110295.25839565195,106163.4891992764,0.0,1468.068055585464,1413.286803631759,0.0,39888816.62650722,33204678.176826853,133680558.49636322,136464914.97109273,148507229.46363583,1783970.466377752,1821028.3649878516,1980620.0393995978,120698.53333333335
30.271367416666667,31.323564269481878,0.034758814768172455,-252370.3720615889,-53883.03400166667,-198487.33805992221,-248109.17257490277,-8336.933333333334,-1780.0,-6556.933333333333,-8196.166666666666,0.4403645833333334,4374.350000000001,4316.583333333333,83.0,27.71759299894158,27.71759299894158,0.0,107709.20696885075,106108.05401327851,0.0,1433.7807737834924,1412.5518136681583,0.0,39888816.62650722,33204678.176826853,133680558.49636322,136464914.97109273,148507229.46363583,1783970.466377752,1821028.3649878516,1980620.0393995978,120698.53333333335
29.547411666666665,29.731084625074743,0.006216211439436696,-228411.34132055557,-52594.392766666664,-175816.9485538889,-219771.18569236112,-7730.333333333334,-1780.0,-5950.333333333334,-7437.916666666667,0.5284375000000001,4604.916666666667,4383.5,71.0,27.71759299894158,27.71759299894158,0.0,114099.95999464003,107962.82294479103,0.0,1518.512866753925,1437.143352866965,0.0,39888816.62650722,33204678.176826853,133680558.49636322,136464914.97109273,148507229.46363583,1783970.466377752,1821028.3649878516,1980620.0393995978,120698.53333333335
26.17092683333334,26.709145421995622,0.020565515011748376,-188259.68981135564,-46584.24976333335,-141675.44004802228,-177094.3000600278,-7193.466666666667,-1780.0,-5413.466666666667,-6766.833333333333,0.6165104166666668,4523.716666666667,4165.083333333333,68.0,27.71759299894158,27.71759299894158,0.0,111849.29144312597,101908.83867393887,0.0,1488.672274231737,1356.8763239254058,0.0,39888816.62650722,33204678.176826853,133680558.49636322,136464914.97109273,148507229.46363583,1783970.466377752,1821028.3649878516,1980620.0393995978,120698.53333333335
20.765226166666665,21.01351055388822,0.011956738887829409,-115713.53063954445,-36962.102576666664,-78751.42806287778,-98439.28507859721,-5572.466666666667,-1780.0,-3792.4666666666667,-4740.583333333333,0.7045833333333336,5391.383333333334,4613.5,54.0,28.01740671434946,27.71759299894158,0.0,136116.3324010573,114337.8693345476,0.0,1813.3448688900464,1521.6671986810445,0.0,39888816.62650722,33204678.176826853,133680558.49636322,136464914.97109273,148507229.46363583,1783970.466377752,1821028.3649878516,1980620.0393995978,120698.53333333335
38.47715541666667,39.47626603008717,0.02596633255762261,-67409.41114630556,-68489.33664166667,1079.9254953611114,1349.906869201389,-1751.9333333333334,-1780.0,28.06666666666667,35.083333333333336,0.7926562500000003,8152.266666666666,6391.25,26.0,28.53095294745815,28.0976733589821,28.25837873121386,214132.12541935185,164205.63470708326,165195.64332096116,2863.3773754604113,2191.786989632641,2205.1214625328325,39888816.62650722,33204678.176826853,133680558.49636322,136464914.97109273,148507229.46363583,1783970.466377752,1821028.3649878516,1980620.0393995978,120698.53333333335
48.59526075,49.785532850116184,0.02449358397806684,318852.94388505,92330.995425,226521.94846005004,283152.4355750625,6561.400000000001,1900.0,4661.400000000001,5826.75,0.6884895833333337,8078.7666666666655,8813.416666666666,0.0,28.53095294745815,28.53095294745815,30.64520850367948,212035.10037771365,232995.3649605638,404430.63298765285,2835.871672226872,3110.797725023056,5390.726564660914,39888816.62650722,33204678.176826853,133680558.49636322,136464914.97109273,148507229.46363583,1783970.466377752,1821028.3649878516,1980620.0393995978,120698.53333333335
44.682312583333335,44.46359176168073,-0.004895020177048494,311185.4977553667,84896.39390833334,226289.10384703337,282861.3798087917,6964.400000000001,1900.0,5064.400000000001,6330.5,0.584322916666667,8482.683333333334,9116.583333333334,0.0,28.53095294745815,28.75992700836201,31.61297349762471,223559.2277890745,241680.23944629278,429708.038242497,2987.028297593045,3225.712076636244,5729.448159903446,39888816.62650722,33204678.176826853,133680558.49636322,136464914.97109273,148507229.46363583,1783970.466377752,1821028.3649878516,1980620.0393995978,120698.53333333335
42.12669541666667,41.73384248084343,-0.009325510390445105,179777.0769138056,0.0,179777.0769138056,224721.34614225698,4267.533333333334,0.0,4267.533333333334,5334.416666666667,0.584322916666667,10063.966666666667,8997.083333333334,0.0,28.77883487405135,28.75992700836201,30.49717367894778,268929.38369889493,238243.4281687935,394999.37671125855,3588.585461623572,3179.834374580685,5266.681572026493,39888816.62650722,33204678.176826853,133680558.49636322,136464914.97109273,148507229.46363583,1783970.466377752,1821028.3649878516,1980620.0393995978,120698.53333333335
43.51890458333333,44.73399853899903,0.027921060221976546,251208.52481683332,82685.91870833332,168522.60610849998,210653.257635625,5772.4,1900.0,3872.4,4840.5,0.48015625000000034,7818.433333333334,8750.333333333334,0.0,28.45196742055357,28.53095294745815,29.92816708722221,204622.559430769,231195.5373454617,372563.52114355884,2736.369147502404,3087.190222361164,4968.165435451129,39888816.62650722,33204678.176826853,133680558.49636322,136464914.97109273,148507229.46363583,1783970.466377752,1821028.3649878516,1980620.0393995978,120698.53333333335
44.31557891666666,44.42111604118203,0.002381490371903481,240630.6391455722,84199.59994166666,156431.03920390556,195538.79900488193,5429.933333333334,1900.0,3529.933333333334,4412.416666666667,0.37598958333333365,7665.566666666667,8683.083333333334,0.0,28.35730167798622,28.53095294745815,29.89577970970236,200277.7072275936,229276.83075974512,357740.187356835,2677.8016231286197,3062.0234394706126,4765.940299373215,39888816.62650722,33204678.176826853,133680558.49636322,136464914.97109273,148507229.46363583,1783970.466377752,1821028.3649878516,1980620.0393995978,120698.53333333335
42.6917445,42.94301410860113,0.00588567207885208,127210.0141448,0.0,127210.0141448,159012.517681,2979.7333333333336,0.0,2979.7333333333336,3724.6666666666665,0.37598958333333365,9426.433333333332,8681.5,0.0,28.75992700836201,28.53095294745815,29.41729714393797,250591.5028298337,229231.6567509116,337139.269558109,3344.6677752296746,3061.430912983722,4486.660434651666,39888816.62650722,33204678.176826853,133680558.49636322,136464914.97109273,148507229.46363583,1783970.466377752,1821028.3649878516,1980620.0393995978,120698.53333333335
40.03989775,40.85471055895849,0.020350022221484926,37403.72707848799,-32917.010676578684,70320.73775506667,87900.92219383334,934.1614035087788,-822.1052631578881,1756.2666666666669,2195.3333333333335,0.41666666666666663,10367.00526315789,9105.833333333334,0.0,28.77883487405135,28.75992700836201,29.20072509152424,277650.4814277801,241371.07023095287,304773.38118963875,3702.976167095465,3221.585003020368,4058.850115664098,39888816.62650722,33204678.176826853,133680558.49636322,136464914.97109273,148507229.46363583,1783970.466377752,1821028.3649878516,1980620.0393995978,120698.53333333335
