price,profit,profit_actual,P_ESS,P_ESS_controlled,P_ESS_passive,P_ESS_actual,SOC_controlled,P_natural_gas,P_natural_gas_actual,P_renewable_absorbed,marginal_price_gas,marginal_price_gas_actual,marginal_price_gas_withoutESS,cost,cost_actual,cost_withoutESS,carbon,carbon_actual,carbon_withoutESS,total_profit,total_profit_actual,total_cost,total_cost_actual,total_cost_withoutESS,total_carbon,total_carbon_actual,total_carbon_withoutESS,total_absorb
105.05257775,-60950.01386394596,-16204.360117937502,-580.1858,-456.7858,-123.4,-154.25,0.643962853818371,12511.01913333333,12085.08333333333,0.0,73.02251350048215,70.14753497815997,70.14753497815997,813848.140255,783333.6924838034,772513.4352134222,4463.663463309341,4296.373847532352,4236.671937080735,13433424.669957642,10989143.38190093,424396971.76532316,426580341.02334523,426224898.0157747,2326651.699066258,2338661.802687825,2336967.3622007165,37514.41873333335
120.96995725,18492.274131616665,-55515.129547979166,152.86666666666662,520.0,-367.1333333333334,-458.9166666666667,0.4829721417440676,11875.049999999996,12486.83333333333,0.0,70.14753497815997,73.02251350048215,70.14753497815997,768600.3718872237,812082.0323479801,779323.5917342185,4215.0811975581455,4453.937463070225,4274.247693793935,13433424.669957642,10989143.38190093,424396971.76532316,426580341.02334523,426224898.0157747,2326651.699066258,2338661.802687825,2336967.3622007165,37514.41873333335
113.52133708333334,-53445.84549883333,-66807.30687354167,-470.8,0.0,-470.8,-588.5,0.4829721417440676,12185.216666666667,12302.91666666667,0.0,70.14753497815997,72.51561924314397,70.14753497815997,790357.7989862834,798677.2056767242,757332.3395185658,4335.130095829847,4380.413300755148,4152.908640785304,13433424.669957642,10989143.38190093,424396971.76532316,426580341.02334523,426224898.0157747,2326651.699066258,2338661.802687825,2336967.3622007165,37514.41873333335
112.72511733333334,-25581.08662684445,-31976.35828355556,-226.93333333333337,0.0,-226.93333333333337,-283.6666666666667,0.4829721417440676,11895.433333333336,11952.16666666667,0.0,70.14753497815997,70.14753497815997,70.14753497815997,770030.2124751958,774009.9159596233,754111.3985374854,4222.970493774499,4244.928927397114,4135.136759284039,13433424.669957642,10989143.38190093,424396971.76532316,426580341.02334523,426224898.0157747,2326651.699066258,2338661.802687825,2336967.3622007165,37514.41873333335
113.41012833333332,-6177.071656555556,-7721.339570694444,-54.46666666666667,0.0,-54.46666666666667,-68.08333333333333,0.4829721417440676,11966.050000000005,11979.66666666667,0.0,70.14753497815997,70.14753497815997,70.14753497815997,774983.797570237,775938.9731715227,771163.095165093,4250.302421876445,4255.572703976819,4229.221293474943,13433424.669957642,10989143.38190093,424396971.76532316,426580341.02334523,426224898.0157747,2326651.699066258,2338661.802687825,2336967.3622007165,37514.41873333335
125.65330341666667,148857.2801142778,104396.9529220139,1184.6666666666667,520.0,664.6666666666667,830.8333333333334,0.3219814296697643,12134.666666666666,12488.5,0.0,70.14753497815997,73.02251350048215,73.21363636363637,786811.8410931373,812203.7365371478,872874.5235065044,4315.564899244244,4454.60769107172,4788.715412553173,13433424.669957642,10989143.38190093,424396971.76532316,426580341.02334523,426224898.0157747,2326651.699066258,2338661.802687825,2336967.3622007165,37514.41873333335
132.27309166666666,318478.3319088889,312120.4053027777,2407.7333333333336,520.0,1887.7333333333331,2359.6666666666665,0.1609907175954608,12993.933333333332,13042.0,0.0,73.02251350048215,73.02251350048215,77.0687083991426,849111.7489440747,852621.6977596646,1028833.2310360741,4657.861034804714,4677.190410367794,5648.287585499348,13433424.669957642,10989143.38190093,424396971.76532316,426580341.02334523,426224898.0157747,2326651.699066258,2338661.802687825,2336967.3622007165,37514.41873333335
122.99771683333331,173951.57099348886,137490.9478001944,1414.2666666666669,520.0,894.2666666666667,1117.8333333333333,5.521157475651961e-09,12665.066666666666,12961.5,0.0,73.02251350048215,73.02251350048215,73.83508222800492,825097.0783375495,846743.3854228759,928912.3021088558,4525.611645549968,4644.818397895647,5096.403524500422,13433424.669957642,10989143.38190093,424396971.76532316,426580341.02334523,426224898.0157747,2326651.699066258,2338661.802687825,2336967.3622007165,37514.41873333335
78.59691125,-34667.575392193794,-35578.201825833334,-441.08063333333337,-78.9473,-362.1333333333334,-452.6666666666667,0.0220588099329221,7320.4973,7332.083333333333,0.0,68.04554692124721,68.04554692124721,67.90153151218232,453871.4591656176,454659.83714043204,423878.8349982245,2485.478034418521,2489.7737759951133,2321.9744853959382,13433424.669957642,10989143.38190093,424396971.76532316,426580341.02334523,426224898.0157747,2326651.699066258,2338661.802687825,2336967.3622007165,37514.41873333335
67.88622266666667,-75140.99699564444,-51497.35707788889,-1106.8666666666668,-500.0,-606.8666666666667,-758.5833333333334,0.1617646922858633,4230.950000000001,4119.666666666667,237.0,66.88652526387231,66.88652526387231,65.40326881856896,244894.3697706292,237451.01428418123,187024.55590133183,1336.1881075083484,1295.2761213923661,1020.9729197643605,13433424.669957642,10989143.38190093,424396971.76532316,426580341.02334523,426224898.0157747,2326651.699066258,2338661.802687825,2336967.3622007165,37514.41873333335
50.127750083333325,-93849.17370601663,-85981.62333043749,-1872.2,-500.0,-1372.2,-1715.25,0.3014705746388045,4115.7,4109.75,151.0,66.88652526387231,66.88652526387231,64.08503904510133,237185.69773396786,236787.72290864782,124411.1464807415,1293.8178238492173,1291.6303775344943,684.0227876072349,13433424.669957642,10989143.38190093,424396971.76532316,426580341.02334523,426224898.0157747,2326651.699066258,2338661.802687825,2336967.3622007165,37514.41873333335
36.64670075,-83688.84894608334,-81706.87321385415,-2283.666666666667,-500.0,-1783.666666666667,-2229.583333333333,0.4411764569917457,4690.0,4690.0,54.083333333333485,67.02375299763455,67.02375299763455,64.08503904510133,275649.7639116763,275649.7639116763,128635.41863779779,1506.4083240301352,1506.4083240301352,707.3083067936166,13433424.669957642,10989143.38190093,424396971.76532316,426580341.02334523,426224898.0157747,2326651.699066258,2338661.802687825,2336967.3622007165,37514.41873333335
26.24340158333333,-64387.31100465557,-64082.01276623612,-2453.466666666667,-500.0,-1953.466666666667,-2441.833333333333,0.5808823393446869,4242.5,4242.5,11.633333333333669,66.88652526387231,66.88652526387231,58.59326985271467,245666.90913742688,245666.90913742688,87387.70687765005,1340.4343268251635,1340.4343268251635,480.8098537905651,13433424.669957642,10989143.38190093,424396971.76532316,426580341.02334523,426224898.0157747,2326651.699066258,2338661.802687825,2336967.3622007165,37514.41873333335
24.49962008333333,-49734.22876916666,-46855.52340937499,-2030.0,-500.0,-1530.0,-1912.5,0.720588221697628,4197.5,4197.5,117.5,66.88652526387231,66.88652526387231,64.08503904510133,242657.0155005526,242657.0155005526,117393.83470530291,1323.8906152012078,1323.8906152012078,645.3411539651297,13433424.669957642,10989143.38190093,424396971.76532316,426580341.02334523,426224898.0157747,2326651.699066258,2338661.802687825,2336967.3622007165,37514.41873333335
16.122038416666665,-23210.36130719444,-18936.677623576383,-1439.6666666666663,-500.0,-939.6666666666666,-1174.5833333333333,0.8602941040505692,8619.666666666666,8619.666666666666,265.08333333333326,68.53386343827097,68.53386343827097,68.04554692124721,542759.5308351654,542759.5308351654,462348.98394253297,2973.038234667148,2973.038234667148,2531.670668934162,13433424.669957642,10989143.38190093,424396971.76532316,426580341.02334523,426224898.0157747,2326651.699066258,2338661.802687825,2336967.3622007165,37514.41873333335
34.524643,-21773.541518666665,-5639.025023333334,-630.6666666666667,-500.0,-130.66666666666669,-163.33333333333334,0.9999999864035104,8376.166666666666,8376.166666666666,467.33333333333337,68.53386343827097,68.53386343827097,68.50608143191351,526071.5350879465,526071.5350879465,514879.1839196418,2880.695646463251,2880.695646463251,2818.980179423738,13433424.669957642,10989143.38190093,424396971.76532316,426580341.02334523,426224898.0157747,2326651.699066258,2338661.802687825,2336967.3622007165,37514.41873333335
88.79240658333333,14692.183542655555,18365.22942831945,165.4666666666667,0.0,165.4666666666667,206.83333333333331,0.9999999864035104,10902.949999999995,10870.58333333333,9.0,69.88353314694594,69.88353314694594,69.88353314694594,700586.7786361197,698324.8816132636,712779.125719157,3841.1037963893086,3828.6833704828873,3908.0538573514214,13433424.669957642,10989143.38190093,424396971.76532316,426580341.02334523,426224898.0157747,2326651.699066258,2338661.802687825,2336967.3622007165,37514.41873333335
117.04158191666666,209289.85539731945,189558.59537920135,1788.1666666666667,492.5,1295.6666666666667,1619.5833333333333,0.8475232062177518,12904.583333333336,13073.16666666667,0.0,73.02251350048215,73.02251350048215,75.26966408849565,842587.1873628069,854897.5660970965,975030.4576582804,4621.930111644636,4689.723673995729,5352.05290023779,13433424.669957642,10989143.38190093,424396971.76532316,426580341.02334523,426224898.0157747,2326651.699066258,2338661.802687825,2336967.3622007165,37514.41873333335
124.44184341666666,234813.46240435552,212629.6297846111,1886.9333333333332,520.0,1366.9333333333334,1708.6666666666667,0.6865324941434484,13508.816666666664,13687.08333333333,0.0,73.83508222800492,73.83508222800492,77.0687083991426,886788.1571130749,899950.4911049205,1028377.2411780456,4865.093360766735,4937.369762604119,5645.807799389967,13433424.669957642,10989143.38190093,424396971.76532316,426580341.02334523,426224898.0157747,2326651.699066258,2338661.802687825,2336967.3622007165,37514.41873333335
113.86494883333336,131688.6088240445,164610.7610300556,1156.5333333333335,0.0,1156.5333333333335,1445.6666666666667,0.6865324941434484,13819.966666666664,13530.83333333333,0.0,73.83508222800492,73.83508222800492,75.26966408849565,909761.9429483186,888413.7595067947,996388.2248433905,4991.245954811437,4874.019793716173,5470.687577467562,13433424.669957642,10989143.38190093,424396971.76532316,426580341.02334523,426224898.0157747,2326651.699066258,2338661.802687825,2336967.3622007165,37514.41873333335
113.2589268333333,63357.04367056665,79196.30458820831,559.4,0.0,559.4,699.25,0.6865324941434484,13633.68333333333,13493.83333333333,0.0,73.83508222800492,73.83508222800492,75.26966408849565,896007.6977139451,885681.8614643586,937420.7155020615,4915.719277236974,4859.018521083507,5143.144376105707,13433424.669957642,10989143.38190093,424396971.76532316,426580341.02334523,426224898.0157747,2326651.699066258,2338661.802687825,2336967.3622007165,37514.41873333335
114.60789491666668,11758.77001845,14698.4625230625,102.6,0.0,102.6,128.25,0.6865324941434484,13338.48333333333,13312.83333333333,0.0,73.21363636363637,73.21363636363637,73.21363636363637,874276.5646428678,872398.6348701405,881788.2837337769,4796.413585057183,4786.1024558285735,4837.658101971621,13433424.669957642,10989143.38190093,424396971.76532316,426580341.02334523,426224898.0157747,2326651.699066258,2338661.802687825,2336967.3622007165,37514.41873333335
104.16737791666668,-55632.32429936111,-4435.794176284722,-534.0666666666667,-500.0,-34.06666666666667,-42.583333333333336,0.8262383764963896,13462.566666666664,12971.08333333333,0.0,73.83508222800492,73.02251350048215,73.02251350048215,883373.2845600296,847443.1845105885,844333.6424773596,4846.341769975903,4648.672208904234,4631.547883466069,13433424.669957642,10989143.38190093,424396971.76532316,426580341.02334523,426224898.0157747,2326651.699066258,2338661.802687825,2336967.3622007165,37514.41873333335
97.35821,-60835.90015533334,-15195.993944166668,-624.8666666666667,-500.0,-124.86666666666667,-156.08333333333334,0.9659442588493308,13068.450000000004,12599.66666666667,0.0,73.02251350048215,73.02251350048215,73.02251350048215,854553.1432417528,820321.4059546182,808923.8086390846,4687.826928751502,4499.311898771354,4436.5450464314645,13433424.669957642,10989143.38190093,424396971.76532316,426580341.02334523,426224898.0157747,2326651.699066258,2338661.802687825,2336967.3622007165,37514.41873333335
118.36416741666667,33291.89482206111,-35321.84029325695,281.26666666666665,520.0,-238.73333333333332,-298.4166666666667,0.8049535467750274,11123.566666666666,11703.25,0.0,69.88353314694594,70.14753497815997,69.88353314694594,716004.2507738887,756549.0253779761,735660.1591970198,3925.763517153112,4148.586622416574,4033.6971461936746,13433424.669957642,10989143.38190093,424396971.76532316,426580341.02334523,426224898.0157747,2326651.699066258,2338661.802687825,2336967.3622007165,37514.41873333335
118.62805633333332,-24896.074755822225,-31120.093444777776,-209.86666666666667,0.0,-209.86666666666667,-262.3333333333333,0.8049535467750274,11305.450000000004,11357.91666666667,0.0,69.88353314694594,69.88353314694594,69.88353314694594,728714.9007277661,732381.4567668757,714048.6765713269,3995.5596592317847,4015.693284748476,3915.0251571650174,13433424.669957642,10989143.38190093,424396971.76532316,426580341.02334523,426224898.0157747,2326651.699066258,2338661.802687825,2336967.3622007165,37514.41873333335
119.03724441666668,-47876.77970438334,-59845.97463047918,-402.2000000000001,0.0,-402.2000000000001,-502.75,0.8049535467750274,11403.86666666667,11504.41666666667,0.0,69.88353314694594,69.88353314694594,69.88353314694594,735592.6051149779,742619.3943729033,707485.4480832763,4033.3261962953375,4071.911381410395,3878.985455835107,13433424.669957642,10989143.38190093,424396971.76532316,426580341.02334523,426224898.0157747,2326651.699066258,2338661.802687825,2336967.3622007165,37514.41873333335
118.98916575000004,44589.206712050014,-21606.449347437505,374.73333333333335,520.0,-145.26666666666668,-181.58333333333331,0.643962834700724,10833.100000000002,11389.41666666667,0.0,69.88353314694594,69.88353314694594,69.88353314694594,695705.413845806,734582.7880610045,721893.1031670716,3814.299468390437,4027.781134883974,3958.1001151875453,13433424.669957642,10989143.38190093,424396971.76532316,426580341.02334523,426224898.0157747,2326651.699066258,2338661.802687825,2336967.3622007165,37514.41873333335
120.79289991666668,72701.22002984445,12361.140091472222,601.8666666666667,520.0,81.86666666666667,102.33333333333331,0.4829721226264206,10930.966666666667,11430.5,0.0,69.88353314694594,69.88353314694594,69.88353314694594,702544.682289787,737453.8365477914,744605.2514398289,3851.854947753211,4043.546505563339,4082.8160292839516,13433424.669957642,10989143.38190093,424396971.76532316,426580341.02334523,426224898.0157747,2326651.699066258,2338661.802687825,2336967.3622007165,37514.41873333335
136.96969308333334,136622.70319418889,81748.07848856946,997.4666666666668,520.0,477.4666666666667,596.8333333333334,0.3219814105521172,12293.616666666669,12694.25,0.0,72.02334949619126,73.02251350048215,73.02251350048215,798005.5895882158,827228.118689872,870810.3888307431,4376.79562670153,4537.347337856124,4777.355985191036,13433424.669957642,10989143.38190093,424396971.76532316,426580341.02334523,426224898.0157747,2326651.699066258,2338661.802687825,2336967.3622007165,37514.41873333335
152.21076575,307557.07327445,285509.3438555625,2020.6,520.0,1500.6,1875.75,0.1609906984778138,13415.15,13560.0,0.0,73.21363636363637,73.83508222800492,77.0687083991426,879889.6100974134,890567.2827384451,1031459.9895140115,4827.2330746293765,4885.845121241924,5662.572550551972,13433424.669957642,10989143.38190093,424396971.76532316,426580341.02334523,426224898.0157747,2326651.699066258,2338661.802687825,2336967.3622007165,37514.41873333335
150.75145683333332,198469.31796964444,150098.20052038887,1316.5333333333333,520.0,796.5333333333333,995.6666666666666,-1.3596489545353307e-08,13382.383333333331,13703.25,0.0,73.21363636363637,73.83508222800492,75.26966408849565,877490.6432792315,901144.1582676069,975494.6205868258,4814.0610927817825,4943.924372718393,5354.631157540285,13433424.669957642,10989143.38190093,424396971.76532316,426580341.02334523,426224898.0157747,2326651.699066258,2338661.802687825,2336967.3622007165,37514.41873333335
77.36123216666668,-57294.81675729916,-63984.18577118057,-740.6140666666668,-78.9474,-661.6666666666667,-827.0833333333334,0.0220588187564516,11073.864066666663,11160.33333333333,0.0,69.88353314694594,69.88353314694594,69.2899179190971,712530.8574792991,718573.6353425912,660936.1173290632,3906.6905781009013,3939.8724046657608,3624.2494945845333,13433424.669957642,10989143.38190093,424396971.76532316,426580341.02334523,426224898.0157747,2326651.699066258,2338661.802687825,2336967.3622007165,37514.41873333335
53.202219333333325,-88478.83756595553,-77347.1598741111,-1663.0666666666666,-500.0,-1163.0666666666666,-1453.8333333333333,0.1617647011093928,10226.233333333334,10058.0,41.0,69.2899179190971,69.2899179190971,68.53386343827097,653520.9412797549,641864.0674218321,541697.2559518722,3583.7669910106983,3520.1273101082993,2967.1601643708013,13433424.669957642,10989143.38190093,424396971.76532316,426580341.02334523,426224898.0157747,2326651.699066258,2338661.802687825,2336967.3622007165,37514.41873333335
38.973778333333335,-72509.41546322222,-66278.15787069444,-1860.4666666666667,-500.0,-1360.4666666666667,-1700.5833333333333,0.301470583462334,10158.08333333333,10158.08333333333,159.88333333333344,69.2899179190971,69.2899179190971,68.53386343827097,648798.8333735681,648798.8333735681,531645.6226475923,3557.987056870623,3557.987056870623,2911.5397142548322,13433424.669957642,10989143.38190093,424396971.76532316,426580341.02334523,426224898.0157747,2326651.699066258,2338661.802687825,2336967.3622007165,37514.41873333335
30.995442083333334,-52328.57168788889,-46038.563307777775,-1688.2666666666669,-500.0,-1188.2666666666669,-1485.3333333333333,0.4411764658152752,9627.916666666666,9627.916666666666,202.9333333333334,68.9859436184972,68.9859436184972,68.50608143191351,612144.93944526,612144.93944526,510066.6316990499,3356.47031894567,3356.47031894567,2792.6300787552123,13433424.669957642,10989143.38190093,424396971.76532316,426580341.02334523,426224898.0157747,2326651.699066258,2338661.802687825,2336967.3622007165,37514.41873333335
29.46844625,-42012.181537083336,-34097.448015104164,-1425.6666666666663,-500.0,-925.6666666666666,-1157.0833333333333,0.5808823481682164,9494.666666666666,9494.666666666666,268.58333333333326,68.9759577203446,68.9759577203446,68.53386343827097,602953.6482580878,602953.6482580878,523427.27019028645,3305.6809471580386,3305.6809471580386,2866.063675779334,13433424.669957642,10989143.38190093,424396971.76532316,426580341.02334523,426224898.0157747,2326651.699066258,2338661.802687825,2336967.3622007165,37514.41873333335
30.54374158333333,-37430.337185655546,-27698.08299248611,-1225.4666666666667,-500.0,-725.4666666666667,-906.8333333333334,0.7205882305211575,9598.666666666666,9598.666666666666,318.6333333333333,68.9759577203446,68.9759577203446,68.53386343827097,610127.1478610036,610127.1478610036,547705.391313294,3345.2994236759973,3345.2994236759973,3000.406024326482,13433424.669957642,10989143.38190093,424396971.76532316,426580341.02334523,426224898.0157747,2326651.699066258,2338661.802687825,2336967.3622007165,37514.41873333335
49.68456383333333,-44795.60275213333,-24941.65104433333,-901.6,-500.0,-401.6,-502.0,0.8602941128740986,9437.85,9120.25,82.0,68.9759577203446,68.9759577203446,68.53386343827097,599034.664260277,577127.9000882955,542662.4411952946,3284.036814714173,3163.04808257856,2972.5009916830736,13433424.669957642,10989143.38190093,424396971.76532316,426580341.02334523,426224898.0157747,2326651.699066258,2338661.802687825,2336967.3622007165,37514.41873333335
64.58053316666667,-49907.8360312,-22021.96180983333,-772.8,-500.0,-272.8,-341.0,0.9999999952270398,10328.3,9896.5,0.0,69.2899179190971,69.25199687859578,68.9759577203446,660593.1322353639,630673.8632331234,607149.6856860755,3622.3769975340083,3459.0376424299093,3328.855216275114,13433424.669957642,10989143.38190093,424396971.76532316,426580341.02334523,426224898.0157747,2326651.699066258,2338661.802687825,2336967.3622007165,37514.41873333335
113.87993091666664,104541.7765815,56655.26563104166,918.0,520.0,398.0,497.5,0.8390092831527364,11187.16666666667,11607.66666666667,0.0,69.88353314694594,70.14753497815997,70.14753497815997,720448.8434820347,749844.0901596473,784742.4888112819,3950.1694621885945,4111.591435334995,4304.14702982238,13433424.669957642,10989143.38190093,424396971.76532316,426580341.02334523,426224898.0157747,2326651.699066258,2338661.802687825,2336967.3622007165,37514.41873333335
121.455511,240247.09779206663,221362.7900900833,1978.0666666666664,520.0,1458.0666666666666,1822.5833333333333,0.678018571078433,12940.683333333336,13096.16666666667,0.0,73.02251350048215,73.02251350048215,75.26966408849565,845223.3001001744,856577.0839076076,992041.4017422803,4636.447250156991,4698.972820416343,5446.542546242827,13433424.669957642,10989143.38190093,424396971.76532316,426580341.02334523,426224898.0157747,2326651.699066258,2338661.802687825,2336967.3622007165,37514.41873333335
117.35565766666666,214760.85353,192169.88942916665,1830.0,520.0,1310.0,1637.5,0.5170278590041296,13234.75,13427.25,0.0,73.02251350048215,73.21363636363637,75.72022253129346,866696.7872368826,880775.4950974134,1003035.0755323293,4754.702278740547,4832.097194070553,5507.558578761754,13433424.669957642,10989143.38190093,424396971.76532316,426580341.02334523,426224898.0157747,2326651.699066258,2338661.802687825,2336967.3622007165,37514.41873333335
105.59918725,170275.16946771668,144204.49012214586,1612.4666666666667,520.0,1092.4666666666667,1365.5833333333333,0.3560371469298262,12872.199999999995,13119.08333333333,0.0,73.02251350048215,73.02251350048215,75.26966408849565,840222.4749672824,858250.5165086599,959368.0950558655,4608.90758157561,4708.188455436879,5265.054136935952,13433424.669957642,10989143.38190093,424396971.76532316,426580341.02334523,426224898.0157747,2326651.699066258,2338661.802687825,2336967.3622007165,37514.41873333335
105.73715141666668,151577.73112750557,120743.01548854864,1433.5333333333333,520.0,913.5333333333334,1141.9166666666667,0.1950464348555228,12647.966666666664,12939.58333333333,0.0,73.02251350048215,73.02251350048215,73.91315670662006,823848.3933566911,845142.9753353234,929072.3952320673,4518.73510625464,4636.004899676002,5097.272649790068,13433424.669957642,10989143.38190093,424396971.76532316,426580341.02334523,426224898.0157747,2326651.699066258,2338661.802687825,2336967.3622007165,37514.41873333335
104.73102916666666,63536.82436111111,65020.51394097222,606.6666666666667,110.0,496.66666666666674,620.8333333333334,0.1609907073013432,12598.499999999996,12584.33333333333,0.0,73.02251350048215,73.02251350048215,73.02251350048215,820236.2130222005,819201.7274142771,864536.5378791598,4498.842739170306,4493.14580115761,4742.805731714032,13433424.669957642,10989143.38190093,424396971.76532316,426580341.02334523,426224898.0157747,2326651.699066258,2338661.802687825,2336967.3622007165,37514.41873333335
110.20615583333334,96988.7642103889,49601.953971319446,880.0666666666666,520.0,360.06666666666666,450.0833333333333,-4.772960138232918e-09,11713.016666666666,12143.0,0.0,70.14753497815997,70.14753497815997,73.02251350048215,757234.1329695962,787396.403884622,819840.6744074066,4152.36677579579,4318.790286086579,4496.664498165453,13433424.669957642,10989143.38190093,424396971.76532316,426580341.02334523,426224898.0157747,2326651.699066258,2338661.802687825,2336967.3622007165,37514.41873333335
99.2803245,23767.7096853,29709.637106625003,239.4,0.0,239.4,299.25,-4.772960138232918e-09,12079.1,12019.25,0.0,70.14753497815997,70.14753497815997,72.51561924314397,782913.9763995176,778715.6464310747,799807.240743263,4294.058019779556,4270.893291477908,4386.546913061003,13433424.669957642,10989143.38190093,424396971.76532316,426580341.02334523,426224898.0157747,2326651.699066258,2338661.802687825,2336967.3622007165,37514.41873333335
94.82183908333332,52923.22912037776,66154.0364004722,558.1333333333333,0.0,558.1333333333333,697.6666666666666,-4.772960138232918e-09,13396.116666666663,13256.58333333333,0.0,73.21363636363637,73.02251350048215,73.83508222800492,878496.1105519587,868291.1121149762,919676.7639068358,4819.581801348626,4763.482265560114,5045.689762739989,13433424.669957642,10989143.38190093,424396971.76532316,426580341.02334523,426224898.0157747,2326651.699066258,2338661.802687825,2336967.3622007165,37514.41873333335
80.62094183333335,16090.225451237016,35466.49599484723,199.5787333333334,-152.3546,351.9333333333334,439.9166666666667,0.0425696628740986,13696.004600000004,13455.66666666667,0.0,73.83508222800492,73.83508222800492,73.83508222800492,900609.1935628323,882863.8224926569,915345.1057494599,4940.986799185078,4843.544235349814,5021.903961088197,13433424.669957642,10989143.38190093,424396971.76532316,426580341.02334523,426224898.0157747,2326651.699066258,2338661.802687825,2336967.3622007165,37514.41873333335
76.36688416666668,-20369.593570055564,22267.310641597225,-266.7333333333333,-500.0,233.26666666666665,291.5833333333333,0.1822755452270398,14119.983333333335,13561.66666666667,0.0,74.72673614667623,73.83508222800492,73.83508222800492,931944.3423215112,890690.3412088254,912219.4206018079,5112.992082954028,4886.520854243397,5004.740342850823,13433424.669957642,10989143.38190093,424396971.76532316,426580341.02334523,426224898.0157747,2326651.699066258,2338661.802687825,2336967.3622007165,37514.41873333335
79.10276866666665,-20630.002068266655,23651.727831333326,-260.79999999999995,-500.0,239.2,299.0,0.321981427579981,14145.466666666667,13585.66666666667,0.0,74.90691170957636,73.83508222800492,73.83508222800492,933850.2403030033,892462.3831822975,914539.072768471,5123.460416140638,4896.251409464585,5017.47790992856,13433424.669957642,10989143.38190093,424396971.76532316,426580341.02334523,426224898.0157747,2326651.699066258,2338661.802687825,2336967.3622007165,37514.41873333335
83.57514341666666,4847.358318166666,6059.197897708333,58.0,0.0,58.0,72.5,0.321981427579981,13750.16666666667,13735.66666666667,0.0,73.83508222800492,73.83508222800492,73.83508222800492,904608.2542088043,903537.6455164982,908890.6889780286,4962.946256709815,4957.067379597014,4986.461765161021,13433424.669957642,10989143.38190093,424396971.76532316,426580341.02334523,426224898.0157747,2326651.699066258,2338661.802687825,2336967.3622007165,37514.41873333335
83.96122175,17990.091113633334,22487.613892041667,214.26666666666665,0.0,214.26666666666665,267.8333333333333,0.321981427579981,14921.649999999998,14868.08333333333,0.0,75.26966408849565,75.26966408849565,75.72022253129346,992259.6837681365,988227.7387617962,1008423.8313691395,5447.755024001296,5425.3590267844675,5537.11967328501,13433424.669957642,10989143.38190093,424396971.76532316,426580341.02334523,426224898.0157747,2326651.699066258,2338661.802687825,2336967.3622007165,37514.41873333335
103.31959241666668,123611.56036730004,87356.71538829168,1196.4,520.0,676.4000000000001,845.5,0.1609907155056776,15491.6,15842.5,0.0,77.0687083991426,77.24027979043585,79.48893937894901,1035764.2768781037,1062818.0075806195,1128668.9600333667,5685.98033436192,5833.1327908986505,6193.791114259854,13433424.669957642,10989143.38190093,424396971.76532316,426580341.02334523,426224898.0157747,2326651.699066258,2338661.802687825,2336967.3622007165,37514.41873333335
91.74643741666668,109416.80126311666,77135.8172580625,1192.6,520.0,672.6,840.75,3.431374240303597e-09,14722.23333333333,15074.08333333333,0.0,75.26966408849565,75.72022253129346,77.24027979043585,977249.658254489,1003741.7976092878,1068405.054485461,5364.379757448915,5511.435443617262,5863.546107449759,13433424.669957642,10989143.38190093,424396971.76532316,426580341.02334523,426224898.0157747,2326651.699066258,2338661.802687825,2336967.3622007165,37514.41873333335
73.63716275,2670.5744357333338,3338.218044666667,36.26666666666667,0.0,36.26666666666667,45.333333333333336,3.431374240303597e-09,13393.899999999998,13384.83333333333,0.0,73.21363636363637,73.21363636363637,73.21363636363637,878333.820324686,877670.0166883223,880989.0348701406,4818.690716106648,4815.045976470285,4833.269674652102,13433424.669957642,10989143.38190093,424396971.76532316,426580341.02334523,426224898.0157747,2326651.699066258,2338661.802687825,2336967.3622007165,37514.41873333335
62.5257455,-27319.58240046667,-34149.47800058333,-436.9333333333333,0.0,-436.9333333333333,-546.1666666666666,3.431374240303597e-09,13141.933333333336,13251.16666666667,0.0,73.02251350048215,73.02251350048215,73.02251350048215,859919.0809421464,867895.5735001824,828013.1107100025,4717.377281337361,4761.304024555262,4541.670308465759,13433424.669957642,10989143.38190093,424396971.76532316,426580341.02334523,426224898.0157747,2326651.699066258,2338661.802687825,2336967.3622007165,37514.41873333335
49.41550275,-76966.29271655,-65323.176676937495,-1557.5333333333335,-500.0,-1057.5333333333335,-1321.9166666666667,0.1397058857843154,13291.283333333336,13077.66666666667,22.0,73.02251350048215,73.02251350048215,70.14753497815997,870824.9933334434,855226.1674078488,760231.7709643298,4777.436412551217,4691.533289599762,4168.906559523284,13433424.669957642,10989143.38190093,424396971.76532316,426580341.02334523,426224898.0157747,2326651.699066258,2338661.802687825,2336967.3622007165,37514.41873333335
41.66225383333333,-67281.76245724445,-58063.29442572222,-1614.9333333333334,-500.0,-1114.9333333333334,-1393.6666666666667,0.2794117681372566,13001.099999999997,12780.83333333333,1.0,73.02251350048215,73.02251350048215,69.88353314694594,849635.0769574947,833550.6513171218,734425.5501114235,4660.7430152111365,4572.165682533722,4026.9177170171506,13433424.669957642,10989143.38190093,424396971.76532316,426580341.02334523,426224898.0157747,2326651.699066258,2338661.802687825,2336967.3622007165,37514.41873333335
39.26563625000001,-75335.04970925002,-69627.78948031251,-1918.6,-500.0,-1418.6,-1773.25,0.4191176504901978,12979.35,12834.0,0.0,73.02251350048215,73.02251350048215,69.88353314694594,848046.8372888594,837433.0149515644,711614.400166708,4651.996539791645,4593.545955781375,3901.6581694490424,13433424.669957642,10989143.38190093,424396971.76532316,426580341.02334523,426224898.0157747,2326651.699066258,2338661.802687825,2336967.3622007165,37514.41873333335
35.612914,-73566.78354693334,-69700.40818366666,-2065.7333333333336,-500.0,-1565.7333333333336,-1957.1666666666667,0.558823532843139,12583.649999999998,12488.08333333333,13.0,73.02251350048215,73.02251350048215,69.2899179190971,819151.8286967184,812173.3104898557,674632.4244377383,4492.871007676998,4454.440134071346,3699.0232825281096,13433424.669957642,10989143.38190093,424396971.76532316,426580341.02334523,426224898.0157747,2326651.699066258,2338661.802687825,2336967.3622007165,37514.41873333335
38.65835966666667,-63301.77534217778,-54965.74438605556,-1637.4666666666667,-500.0,-1137.4666666666667,-1421.8333333333333,0.6985294151960801,12102.216666666664,11900.58333333333,14.0,70.14753497815997,70.14753497815997,69.2899179190971,784535.5535830958,770391.4722803328,671017.8003862919,4303.005242880191,4224.96378284306,3679.2895594030338,13433424.669957642,10989143.38190093,424396971.76532316,426580341.02334523,426224898.0157747,2326651.699066258,2338661.802687825,2336967.3622007165,37514.41873333335
49.16782608333333,-64341.01721265,-49696.38021372917,-1308.6,-500.0,-808.6,-1010.75,0.8382352975490213,12008.26666666667,11718.41666666667,8.0,70.14753497815997,70.14753497815997,69.88353314694594,777945.1926718982,757612.9296584785,686939.6893380742,4266.642231619712,4154.4568264696245,3766.165521237127,13433424.669957642,10989143.38190093,424396971.76532316,426580341.02334523,426224898.0157747,2326651.699066258,2338661.802687825,2336967.3622007165,37514.41873333335
61.40646283333334,-5780.395034711112,-7225.49379338889,-94.13333333333334,0.0,-94.13333333333334,-117.66666666666669,0.8382352975490213,12484.216666666667,12507.75,0.0,73.02251350048215,73.02251350048215,73.02251350048215,811890.9567709874,813609.419922032,805017.1041668087,4452.885205107881,4462.348824488973,4415.030727583514,13433424.669957642,10989143.38190093,424396971.76532316,426580341.02334523,426224898.0157747,2326651.699066258,2338661.802687825,2336967.3622007165,37514.41873333335
67.70648241666667,76467.70124138333,51575.41298089584,1129.4,520.0,609.4,761.75,0.6772445854747179,13059.85,13427.5,0.0,73.02251350048215,73.21363636363637,75.26966408849565,853925.1496256483,880793.7985065044,937132.1817897225,4684.3685522637925,4832.197692406115,5141.541675620372,13433424.669957642,10989143.38190093,424396971.76532316,426580341.02334523,426224898.0157747,2326651.699066258,2338661.802687825,2336967.3622007165,37514.41873333335
66.18942625000001,74657.26018158335,50298.44816447917,1127.9333333333334,520.0,607.9333333333333,759.9166666666666,0.5162538734004145,13478.816666666664,13846.83333333333,0.0,73.83508222800492,73.83508222800492,75.26966408849565,884573.1046462348,911745.6454908444,968557.2665466692,4852.93016674025,5002.138770795155,5316.096663262419,13433424.669957642,10989143.38190093,424396971.76532316,426580341.02334523,426224898.0157747,2326651.699066258,2338661.802687825,2336967.3622007165,37514.41873333335
68.38692808333333,74245.40825580555,48355.25706559028,1085.6666666666667,520.0,565.6666666666667,707.0833333333334,0.3552631613261111,13150.583333333336,13529.16666666667,0.0,73.02251350048215,73.83508222800492,75.26966408849565,860550.7256839256,888290.7010364152,940669.8560018821,4720.855764665113,4873.344060714704,5161.192177223191,13433424.669957642,10989143.38190093,424396971.76532316,426580341.02334523,426224898.0157747,2326651.699066258,2338661.802687825,2336967.3622007165,37514.41873333335
71.6022945,108606.3602976,89216.45894699999,1516.8000000000002,520.0,996.8,1246.0,0.1942724492518077,13163.616666666669,13434.41666666667,0.0,73.02251350048215,73.21363636363637,75.26966408849565,861502.4524432151,881300.1928246864,974102.1318011888,4726.0969476367945,4834.9781463566505,5346.896385632795,13433424.669957642,10989143.38190093,424396971.76532316,426580341.02334523,426224898.0157747,2326651.699066258,2338661.802687825,2336967.3622007165,37514.41873333335
63.81488225,58160.883682650005,31221.431140812503,911.4,520.0,391.4,489.25,0.0332817371775043,13034.01666666667,13456.16666666667,0.0,73.02251350048215,73.83508222800492,73.83508222800492,852038.7346935527,882900.7400337709,919024.5540138222,4673.980018240641,4843.746955250255,5042.108377832194,13433424.669957642,10989143.38190093,424396971.76532316,426580341.02334523,426224898.0157747,2326651.699066258,2338661.802687825,2336967.3622007165,37514.41873333335
57.81897516666667,1164.0887000222224,1455.110875027778,20.133333333333336,0.0,20.133333333333336,25.166666666666668,0.0332817371775043,13330.616666666663,13325.58333333333,0.0,73.21363636363637,73.21363636363637,73.21363636363637,873700.6173701405,873332.1087337768,875174.651915595,4793.251237431514,4791.22787094221,4801.344703388733,13433424.669957642,10989143.38190093,424396971.76532316,426580341.02334523,426224898.0157747,2326651.699066258,2338661.802687825,2336967.3622007165,37514.41873333335
56.34669250000001,-5570.809665166668,-6963.512081458334,-98.86666666666667,0.0,-98.86666666666667,-123.58333333333331,0.0332817371775043,12602.866666666663,12627.58333333333,0.0,73.02251350048215,73.02251350048215,73.02251350048215,820555.0779978193,822359.951123173,813335.585496405,4500.59873653422,4510.538217796372,4460.84081148561,13433424.669957642,10989143.38190093,424396971.76532316,426580341.02334523,426224898.0157747,2326651.699066258,2338661.802687825,2336967.3622007165,37514.41873333335
56.78064924999999,7192.215571666667,8990.269464583333,126.66666666666669,0.0,126.66666666666669,158.33333333333334,0.0332817371775043,11978.416666666666,11946.75,0.0,70.14753497815997,70.14753497815997,70.14753497815997,775851.2887527997,773629.9501451581,784736.6431833669,4255.088895950467,4242.832425949596,4304.114775953956,13433424.669957642,10989143.38190093,424396971.76532316,426580341.02334523,426224898.0157747,2326651.699066258,2338661.802687825,2336967.3622007165,37514.41873333335
60.34044833333334,5000.211818555556,6250.264773194445,82.86666666666667,0.0,82.86666666666667,103.58333333333331,0.0332817371775043,11655.049999999996,11634.33333333333,0.0,70.14753497815997,70.14753497815997,70.14753497815997,753167.9141920286,751714.6910923978,758980.8065905522,4129.930984920507,4121.912673230464,4162.004231680686,13433424.669957642,10989143.38190093,424396971.76532316,426580341.02334523,426224898.0157747,2326651.699066258,2338661.802687825,2336967.3622007165,37514.41873333335
58.9543175,-4476.597842166667,-5595.747302708334,-75.93333333333334,0.0,-75.93333333333334,-94.91666666666669,0.0332817371775043,11608.599999999997,11627.58333333333,0.0,70.14753497815997,70.14753497815997,69.88353314694594,749909.5611922931,751241.1952312952,744593.6041843041,4111.952678661334,4119.300109888173,4082.7520724049264,13433424.669957642,10989143.38190093,424396971.76532316,426580341.02334523,426224898.0157747,2326651.699066258,2338661.802687825,2336967.3622007165,37514.41873333335
57.4527775,-3657.826834166666,-4572.283542708333,-63.66666666666666,0.0,-63.66666666666666,-79.58333333333333,0.0332817371775043,11525.083333333334,11541.0,0.0,69.88353314694594,69.88353314694594,69.88353314694594,744063.65405794,745175.9669605289,739614.4024475843,4079.8420344093447,4085.9499163561172,4055.4105066222533,13433424.669957642,10989143.38190093,424396971.76532316,426580341.02334523,426224898.0157747,2326651.699066258,2338661.802687825,2336967.3622007165,37514.41873333335
62.07779941666666,25147.72275147161,23092.941383,405.1001,107.5001,297.6,372.0,-2.752837803543517e-08,11557.3999,11590.5,0.0,69.88353314694594,70.14753497815997,70.14753497815997,746322.0499157854,748639.8908091886,774734.7738210642,4092.2432348779316,4104.947138439785,4248.928407081608,13433424.669957642,10989143.38190093,424396971.76532316,426580341.02334523,426224898.0157747,2326651.699066258,2338661.802687825,2336967.3622007165,37514.41873333335
56.37630266666667,6464.482705777779,8080.6033822222225,114.66666666666669,0.0,114.66666666666669,143.33333333333334,-2.752837803543517e-08,11595.499999999996,11566.83333333333,0.0,70.14753497815997,69.88353314694594,70.14753497815997,748990.6284840791,746981.2915668248,757034.2124949082,4106.882370545184,4095.863232604805,4151.263693495711,13433424.669957642,10989143.38190093,424396971.76532316,426580341.02334523,426224898.0157747,2326651.699066258,2338661.802687825,2336967.3622007165,37514.41873333335
60.462133250000015,41839.79620900001,52299.74526125001,692.0,0.0,692.0,865.0,-2.752837803543517e-08,11893.91666666667,11720.91666666667,0.0,70.14753497815997,70.14753497815997,73.02251350048215,769923.8220471456,757788.2984959239,819317.3463939866,4222.383473369194,4155.424442522324,4493.782517759031,13433424.669957642,10989143.38190093,424396971.76532316,426580341.02334523,426224898.0157747,2326651.699066258,2338661.802687825,2336967.3622007165,37514.41873333335
45.733564666666666,8265.579587422222,10331.974484277776,180.73333333333332,0.0,180.73333333333332,225.91666666666663,-2.752837803543517e-08,10095.933333333332,10061.75,11.0,69.2899179190971,69.2899179190971,69.2899179190971,644492.4649748964,642123.9046140286,657777.651903918,3534.476816125127,3521.54586847991,3607.0061294896204,13433424.669957642,10989143.38190093,424396971.76532316,426580341.02334523,426224898.0157747,2326651.699066258,2338661.802687825,2336967.3622007165,37514.41873333335
30.560023750000003,-10144.32042775075,-9664.607510937502,-331.9474,-78.9474,-253.0,-316.25,0.0220588048245631,8054.166666666667,8054.166666666667,15.697400000000016,68.50608143191351,68.50608143191351,68.50608143191351,504009.55233244493,504009.55233244493,482344.50407960225,2759.4658358022994,2759.4658358022994,2640.8434964938115,13433424.669957642,10989143.38190093,424396971.76532316,426580341.02334523,426224898.0157747,2326651.699066258,2338661.802687825,2336967.3622007165,37514.41873333335
21.256978166666663,-25380.831931,-18440.42855958333,-1194.0,-500.0,-694.0,-867.5,0.1617646871775043,7345.583333333333,7345.583333333333,326.5,68.04554692124721,68.04554692124721,67.90153151218232,455578.45202386886,455578.45202386886,396627.687018002,2494.7791570099553,2494.7791570099553,2173.1992031854775,13433424.669957642,10989143.38190093,424396971.76532316,426580341.02334523,426224898.0157747,2326651.699066258,2338661.802687825,2336967.3622007165,37514.41873333335
13.787484,-22796.2260456,-19878.105057,-1653.4,-500.0,-1153.4,-1441.75,0.3014705695304455,7581.833333333333,7581.833333333333,211.6500000000001,68.04554692124721,68.04554692124721,67.90153151218232,471654.2124840135,471654.2124840135,373676.9693668844,2582.373324769693,2582.373324769693,2047.9017479019162,13433424.669957642,10989143.38190093,424396971.76532316,426580341.02334523,426224898.0157747,2326651.699066258,2338661.802687825,2336967.3622007165,37514.41873333335
10.141956333333331,-17617.930411844445,-15683.690306472225,-1737.1333333333334,-500.0,-1237.1333333333334,-1546.4166666666667,0.4411764518833866,7160.75,7160.75,190.7166666666667,68.04554692124721,68.04554692124721,67.82198251836347,443001.36676792504,443001.36676792504,337996.9063655185,2426.2486934857584,2426.2486934857584,1851.700584869293,13433424.669957642,10989143.38190093,424396971.76532316,426580341.02334523,426224898.0157747,2326651.699066258,2338661.802687825,2336967.3622007165,37514.41873333335
4.262272666666667,-7776.942707600001,-7057.257967833334,-1824.6,-500.0,-1324.6,-1655.75,0.5808823342363278,7969.75,7969.75,168.85000000000014,68.50608143191351,68.50608143191351,67.90153151218232,498226.4972915675,498226.4972915675,385486.1773890448,2727.8019544532876,2727.8019544532876,2112.373096318285,13433424.669957642,10989143.38190093,424396971.76532316,426580341.02334523,426224898.0157747,2326651.699066258,2338661.802687825,2336967.3622007165,37514.41873333335
7.509807416666667,-9901.43075196111,-7683.158804534723,-1318.4666666666667,-500.0,-818.4666666666667,-1023.0833333333334,0.720588216589269,7418.833333333333,7418.833333333333,295.3833333333332,68.04554692124721,68.04554692124721,67.90153151218232,460562.78833585023,460562.78833585023,391037.12759016565,2521.9379836275248,2521.9379836275248,2142.6780281805077,13433424.669957642,10989143.38190093,424396971.76532316,426580341.02334523,426224898.0157747,2326651.699066258,2338661.802687825,2336967.3622007165,37514.41873333335
16.83954125,-16409.571630083334,-9987.251256354168,-974.4666666666668,-500.0,-474.4666666666667,-593.0833333333334,0.8602940989422101,7873.583333333333,7873.583333333333,381.3833333333332,68.50608143191351,68.50608143191351,68.04554692124721,491638.4957938652,491638.4957938652,451149.8210117444,2691.7307608928145,2691.7307608928145,2470.648276932229,13433424.669957642,10989143.38190093,424396971.76532316,426580341.02334523,426224898.0157747,2326651.699066258,2338661.802687825,2336967.3622007165,37514.41873333335
25.684886249999995,-15871.547376749995,-3786.380314687499,-617.9333333333334,-500.0,-117.93333333333334,-147.41666666666666,0.9999999812951512,8784.75,8784.75,470.5166666666668,68.53386343827097,68.53386343827097,68.53386343827097,554073.3294577667,554073.3294577667,543970.2957559084,3035.642843576087,3035.642843576087,2979.7379707038444,13433424.669957642,10989143.38190093,424396971.76532316,426580341.02334523,426224898.0157747,2326651.699066258,2338661.802687825,2336967.3622007165,37514.41873333335
50.09948608333334,15771.318219033335,19714.14777379167,314.8,0.0,314.8,393.5,0.9999999812951512,9589.2,9542.5,32.0,68.9759577203446,68.9759577203446,69.2899179190971,609474.175461251,606252.9982357109,633410.6974357022,3341.6931264544914,3323.9029067103693,3473.9768777518934,13433424.669957642,10989143.38190093,424396971.76532316,426580341.02334523,426224898.0157747,2326651.699066258,2338661.802687825,2336967.3622007165,37514.41873333335
60.41533291666667,110257.98257291666,98552.5118203125,1825.0,520.0,1305.0,1631.25,0.8390092692208478,11262.58333333333,11456.33333333333,0.0,69.88353314694594,69.88353314694594,73.02251350048215,725719.2266068665,739259.1611540872,855950.3073333948,3979.109949946861,4053.459821812027,4695.521146208647,13433424.669957642,10989143.38190093,424396971.76532316,426580341.02334523,426224898.0157747,2326651.699066258,2338661.802687825,2336967.3622007165,37514.41873333335
53.877684833333326,82468.77625155554,68065.47517277776,1530.6666666666663,520.0,1010.6666666666666,1263.3333333333333,0.6780185571465445,11504.833333333336,11772.16666666667,0.0,69.88353314694594,70.14753497815997,73.02251350048215,742648.5125117145,761383.3596635546,852147.0514219118,4072.071273607954,4175.260571602684,4674.57652116197,13433424.669957642,10989143.38190093,424396971.76532316,426580341.02334523,426224898.0157747,2326651.699066258,2338661.802687825,2336967.3622007165,37514.41873333335
55.430807416666674,82835.79860346668,67514.72343350001,1494.4,520.0,974.4,1218.0,0.5170278450722411,10903.76666666667,11180.16666666667,0.0,69.88353314694594,69.88353314694594,73.02251350048215,700643.8501881902,719959.6587500061,805607.3694842712,3841.417185096528,3947.483273269595,4418.28133339076,13433424.669957642,10989143.38190093,424396971.76532316,426580341.02334523,426224898.0157747,2326651.699066258,2338661.802687825,2336967.3622007165,37514.41873333335
57.785197333333336,68506.27761191111,48072.46874822222,1185.5333333333333,520.0,665.5333333333333,831.9166666666666,0.3560371329979377,10164.716666666664,10518.33333333333,0.0,69.2899179190971,69.2899179190971,69.88353314694594,649258.4564957648,673760.5263039229,731845.6830127487,3560.4963290124056,3694.263231103371,4012.7512683133787,13433424.669957642,10989143.38190093,424396971.76532316,426580341.02334523,426224898.0157747,2326651.699066258,2338661.802687825,2336967.3622007165,37514.41873333335
57.43604333333334,64029.70110800001,42703.69821833334,1114.8000000000002,520.0,594.8000000000001,743.5,0.1950464209236343,9857.45,10228.75,0.0,68.9859436184972,69.2899179190971,69.88353314694594,627979.5130371591,653695.3209065179,705429.7074832034,3444.174334572213,3584.719001295646,3867.697066687406,13433424.669957642,10989143.38190093,424396971.76532316,426580341.02334523,426224898.0157747,2326651.699066258,2338661.802687825,2336967.3622007165,37514.41873333335
57.15031133333334,52254.43466244446,28170.34096138889,914.3333333333334,520.0,394.33333333333337,492.9166666666667,0.0340557088493309,9437.333333333334,9858.75,0.0,68.9759577203446,68.9859436184972,69.2899179190971,598999.0266821214,628069.1947638631,662212.2066507402,3283.839992154549,3444.671060771666,3631.216192365112,13433424.669957642,10989143.38190093,424396971.76532316,426580341.02334523,426224898.0157747,2326651.699066258,2338661.802687825,2336967.3622007165,37514.41873333335
50.91711383333333,872.3798836777779,1090.4748545972222,17.133333333333336,0.0,17.133333333333336,21.416666666666668,0.0340557088493309,9485.116666666669,9480.833333333334,0.0,68.9759577203446,68.9759577203446,68.9759577203446,602294.9278618586,601999.4808429565,603476.7159374671,3302.0429043624,3300.411181851964,3308.56979440414,13433424.669957642,10989143.38190093,424396971.76532316,426580341.02334523,426224898.0157747,2326651.699066258,2338661.802687825,2336967.3622007165,37514.41873333335
54.84553858333333,39887.32654248503,42317.90347859028,727.2665666666668,109.9999,617.2666666666668,771.5833333333334,1.2254903654362881e-08,9917.566766666669,9873.25,0.0,69.2899179190971,68.9859436184972,69.88353314694594,632133.4602110521,629069.4909463313,682548.6740053409,3467.0039130956657,3450.2114683809523,3742.053777845154,13433424.669957642,10989143.38190093,424396971.76532316,426580341.02334523,426224898.0157747,2326651.699066258,2338661.802687825,2336967.3622007165,37514.41873333335
50.57047691666666,9935.413031561113,12419.266289451389,196.4666666666667,0.0,196.4666666666667,245.58333333333331,1.2254903654362881e-08,9988.116666666669,9939.0,0.0,69.2899179190971,69.2899179190971,69.2899179190971,637021.8569912526,633618.5671894595,650635.0161984245,3493.6916867653476,3475.111724449182,3568.0115360300074,13433424.669957642,10989143.38190093,424396971.76532316,426580341.02334523,426224898.0157747,2326651.699066258,2338661.802687825,2336967.3622007165,37514.41873333335
47.37251258333333,-1809.629980683333,-2262.0374758541666,-38.2,0.0,-38.2,-47.75,1.2254903654362881e-08,9381.2,9390.75,0.0,68.9759577203446,68.9759577203446,68.9759577203446,595127.1762554194,595785.8966516487,592492.2946705022,3262.4561734185736,3266.094216214213,3247.9040022360155,13433424.669957642,10989143.38190093,424396971.76532316,426580341.02334523,426224898.0157747,2326651.699066258,2338661.802687825,2336967.3622007165,37514.41873333335
50.038953166666666,9230.518894144445,11538.148617680556,184.4666666666667,0.0,184.4666666666667,230.58333333333331,1.2254903654362881e-08,9102.45,9056.333333333334,0.0,68.9759577203446,68.9759577203446,68.9759577203446,575900.1280408733,572719.1867906702,588623.8930416863,3156.2672279437556,3138.699227218565,3226.5392308445203,13433424.669957642,10989143.38190093,424396971.76532316,426580341.02334523,426224898.0157747,2326651.699066258,2338661.802687825,2336967.3622007165,37514.41873333335
48.84364275,5467.231745149999,6834.039681437499,111.93333333333334,0.0,111.93333333333334,139.91666666666666,1.2254903654362881e-08,8811.566666666668,8783.583333333334,0.0,68.53386343827097,68.53386343827097,68.53386343827097,555911.1792289697,553993.3732837555,563582.4030098268,3045.812537239337,3035.200408177438,3088.2610534869323,13433424.669957642,10989143.38190093,424396971.76532316,426580341.02334523,426224898.0157747,2326651.699066258,2338661.802687825,2336967.3622007165,37514.41873333335
51.10000058333333,12441.146808688887,15551.43351086111,243.46666666666667,0.0,243.46666666666667,304.3333333333333,1.2254903654362881e-08,8974.116666666667,8913.25,0.0,68.53386343827097,68.53386343827097,68.9759577203446,567051.3587308606,562879.9309095845,583841.5599730758,3107.4564292826362,3084.3739424845094,3200.126913165881,13433424.669957642,10989143.38190093,424396971.76532316,426580341.02334523,426224898.0157747,2326651.699066258,2338661.802687825,2336967.3622007165,37514.41873333335
51.03503908333334,14432.709052766668,18040.88631595833,282.8,0.0,282.8,353.5,1.2254903654362881e-08,9013.2,8942.5,0.0,68.9759577203446,68.53386343827097,68.9759577203446,569744.0238143326,564884.546415154,589250.424657646,3122.2677180473343,3095.466429979228,3229.9994984250147,13433424.669957642,10989143.38190093,424396971.76532316,426580341.02334523,426224898.0157747,2326651.699066258,2338661.802687825,2336967.3622007165,37514.41873333335
40.19779825,5702.727645066667,7128.409556333333,141.86666666666667,0.0,141.86666666666667,177.33333333333334,1.2254903654362881e-08,7201.583333333333,7201.583333333333,35.46666666666667,68.04554692124721,68.04554692124721,68.04554692124721,445779.89326720923,445779.89326720923,457846.63692124374,2441.388426184972,2441.388426184972,2507.138122478701,13433424.669957642,10989143.38190093,424396971.76532316,426580341.02334523,426224898.0157747,2326651.699066258,2338661.802687825,2336967.3622007165,37514.41873333335
25.73456858333334,-17590.79487180233,-19448.90020685417,-683.5473000000001,-78.9473,-604.6,-755.75,0.0220588166666683,5365.5473,5437.75,0.0,67.82198251836347,67.82198251836347,67.02375299763455,321123.7443619722,326020.6746191509,275113.57388769527,1758.1548150489666,1785.303674911033,1503.435656064226,13433424.669957642,10989143.38190093,424396971.76532316,426580341.02334523,426224898.0157747,2326651.699066258,2338661.802687825,2336967.3622007165,37514.41873333335
14.601759083333334,-20974.94019790556,-17092.57582029861,-1436.4666666666667,-500.0,-936.4666666666668,-1170.5833333333333,0.1617646990196095,5364.0,5364.0,265.88333333333344,67.82198251836347,67.82198251836347,66.88652526387231,321018.8034084216,321018.8034084216,242383.89552239183,1757.573016433893,1757.573016433893,1322.389426553849,13433424.669957642,10989143.38190093,424396971.76532316,426580341.02334523,426224898.0157747,2326651.699066258,2338661.802687825,2336967.3622007165,37514.41873333335
9.448288833333336,-16897.94963545556,-15217.256523486112,-1788.4666666666667,-500.0,-1288.4666666666667,-1610.5833333333333,0.3014705813725507,5581.583333333333,5581.583333333333,177.8833333333332,67.82198251836347,67.82198251836347,66.88652526387231,335775.73643804213,335775.73643804213,227507.21752828555,1839.3862924608002,1839.3862924608002,1240.6206000272978,13433424.669957642,10989143.38190093,424396971.76532316,426580341.02334523,426224898.0157747,2326651.699066258,2338661.802687825,2336967.3622007165,37514.41873333335
10.0164125,-19997.43367583333,-18736.534282291665,-1996.4666666666667,-500.0,-1496.4666666666667,-1870.5833333333333,0.4411764637254919,5919.333333333333,5919.333333333333,125.8833333333332,67.90153151218232,67.90153151218232,66.88652526387231,358687.7062855701,358687.7062855701,232707.6448675516,1966.0691643106557,1966.0691643106557,1269.2044573331323,13433424.669957642,10989143.38190093,424396971.76532316,426580341.02334523,426224898.0157747,2326651.699066258,2338661.802687825,2336967.3622007165,37514.41873333335
2.505760583333333,-5646.480898483333,-5492.000758520833,-2253.4,-500.0,-1753.4,-2191.75,0.5808823460784331,6087.833333333333,6087.833333333333,61.64999999999964,67.90153151218232,67.90153151218232,66.88652526387231,370129.11434537283,370129.11434537283,222496.30201060043,2028.532540687224,2028.532540687224,1213.0783838237123,13433424.669957642,10989143.38190093,424396971.76532316,426580341.02334523,426224898.0157747,2326651.699066258,2338661.802687825,2336967.3622007165,37514.41873333335
-7.212753666666665,14159.116297911109,13190.92433072222,-1963.0666666666664,-500.0,-1463.0666666666666,-1828.8333333333333,0.7205882284313743,5689.333333333333,5689.333333333333,134.23333333333358,67.82198251836347,67.82198251836347,66.88652526387231,343083.5550543958,343083.5550543958,220116.25648662765,1879.9012545070625,1879.9012545070625,1199.9965970395847,13433424.669957642,10989143.38190093,424396971.76532316,426580341.02334523,426224898.0157747,2326651.699066258,2338661.802687825,2336967.3622007165,37514.41873333335
-4.583595916666666,5638.434123622221,4183.29520661111,-1230.1333333333332,-500.0,-730.1333333333333,-912.6666666666666,0.8602941107843154,5235.916666666667,5235.916666666667,317.4666666666667,67.82198251836347,67.82198251836347,67.02375299763455,312331.93781419453,312331.93781419453,251068.80249979385,1709.4125395080575,1709.4125395080575,1370.1300769679804,13433424.669957642,10989143.38190093,424396971.76532316,426580341.02334523,426224898.0157747,2326651.699066258,2338661.802687825,2336967.3622007165,37514.41873333335
7.438863416666667,-6256.084133416667,-3170.815531354167,-841.0,-500.0,-341.0,-426.25,0.9999999931372564,5845.166666666667,5845.166666666667,414.75,67.82811336605208,67.82811336605208,67.82198251836347,353652.64476586395,353652.64476586395,324743.360615055,1938.516095902225,1938.516095902225,1778.2221734242155,13433424.669957642,10989143.38190093,424396971.76532316,426580341.02334523,426224898.0157747,2326651.699066258,2338661.802687825,2336967.3622007165,37514.41873333335
48.25646866666667,46351.94670328889,26573.22874577778,960.5333333333332,520.0,440.5333333333333,550.6666666666666,0.8390092810629531,6724.216666666666,7134.083333333333,0.0,67.90153151218232,68.04554692124721,68.50608143191351,413340.5173075338,441186.81885002507,478702.2640834722,2264.4414526740193,2416.3615211107613,2620.901190175283,13433424.669957642,10989143.38190093,424396971.76532316,426580341.02334523,426224898.0157747,2326651.699066258,2338661.802687825,2336967.3622007165,37514.41873333335
57.12580541666667,126388.94029086114,120854.40184274309,2212.466666666667,520.0,1692.466666666667,2115.583333333333,0.6780185689886498,8205.2,8302.083333333334,0.0,68.50608143191351,68.53386343827097,69.2899179190971,514356.25416471163,520994.31803822797,666785.3412334007,2816.116989362959,2852.6009986489926,3656.1828197054638,13433424.669957642,10989143.38190093,424396971.76532316,426580341.02334523,426224898.0157747,2326651.699066258,2338661.802687825,2336967.3622007165,37514.41873333335
56.23623883333334,119520.7529337778,112847.38592555556,2125.333333333333,520.0,1605.3333333333337,2006.6666666666667,0.5170278569143464,8767.583333333334,8886.25,0.0,68.53386343827097,68.53386343827097,69.88353314694594,552896.8314687432,561029.5165967512,699885.6138535456,3029.132722710241,3074.1347232586154,3837.253592272077,13433424.669957642,10989143.38190093,424396971.76532316,426580341.02334523,426224898.0157747,2326651.699066258,2338661.802687825,2336967.3622007165,37514.41873333335
55.47201741666667,99376.27013471111,88163.52634755555,1791.4666666666667,520.0,1271.4666666666667,1589.3333333333333,0.356037144840043,9041.95,9244.083333333334,0.0,68.9759577203446,68.9759577203446,69.88353314694594,571727.0825987925,585669.4228526648,695727.5436313024,3133.2199411232123,3210.2220057401682,3814.4209864605823,13433424.669957642,10989143.38190093,424396971.76532316,426580341.02334523,426224898.0157747,2326651.699066258,2338661.802687825,2336967.3622007165,37514.41873333335
46.94545108333333,48594.80126472778,30228.95837674305,1035.1333333333332,520.0,515.1333333333333,643.9166666666666,0.1950464327657396,8655.116666666667,9046.333333333334,0.0,68.53386343827097,68.9759577203446,68.9859436184972,545189.0562940522,572029.4272134667,616445.0632641463,2986.4819502804057,3134.889758322607,3380.287703380993,13433424.669957642,10989143.38190093,424396971.76532316,426580341.02334523,426224898.0157747,2326651.699066258,2338661.802687825,2336967.3622007165,37514.41873333335
40.375753083333336,19652.224884094445,-1678.9583990486112,486.73333333333335,520.0,-33.26666666666667,-41.583333333333336,0.0340557206914362,8264.766666666666,8793.083333333334,0.0,68.50608143191351,68.53386343827097,68.53386343827097,518436.9330820059,554644.444986419,551794.5784984442,2838.45987424773,3038.803096423586,3023.0334347145695,13433424.669957642,10989143.38190093,424396971.76532316,426580341.02334523,426224898.0157747,2326651.699066258,2338661.802687825,2336967.3622007165,37514.41873333335
31.194708166666672,-25548.465988500004,-12438.889881458335,-819.0,-500.0,-319.0,-398.75,0.1737616030443773,9164.583333333334,8744.333333333334,0.0,68.9759577203446,68.53386343827097,68.53386343827097,580185.8342138975,551303.4191438033,523975.54109779274,3179.9367280173055,3020.3156172657214,2869.0975185129328,13433424.669957642,10989143.38190093,424396971.76532316,426580341.02334523,426224898.0157747,2326651.699066258,2338661.802687825,2336967.3622007165,37514.41873333335
27.014102833333336,-23363.59707045556,-12320.682067236112,-864.8666666666667,-500.0,-364.8666666666667,-456.0833333333333,0.3134674853973185,9199.2,8790.416666666666,0.0,68.9759577203446,68.53386343827097,68.53386343827097,582573.5519503166,554461.6880172502,523204.53513411205,3193.1238395121454,3037.7918155123857,2864.8311771688095,13433424.669957642,10989143.38190093,424396971.76532316,426580341.02334523,426224898.0157747,2326651.699066258,2338661.802687825,2336967.3622007165,37514.41873333335
34.944085916666666,1824.081284849999,-20433.554239770838,52.19999999999999,520.0,-467.8,-584.75,0.1524767733230151,7470.383333333333,8107.333333333333,0.0,68.04554692124721,68.50608143191351,68.04554692124721,464070.5362796405,507651.7923285749,467622.51382892963,2541.0511237249407,2779.4081421208275,2560.405263648997,13433424.669957642,10989143.38190093,424396971.76532316,426580341.02334523,426224898.0157747,2326651.699066258,2338661.802687825,2336967.3622007165,37514.41873333335
32.681870749999995,-15408.412662933331,-19260.515828666663,-471.4666666666667,0.0,-471.4666666666667,-589.3333333333334,0.1524767733230151,7503.383333333333,7621.25,0.0,68.04554692124721,68.50608143191351,68.04554692124721,466316.03932804166,474352.1279125457,434234.832139571,2553.286499538999,2597.0829497133413,2378.481291949055,13433424.669957642,10989143.38190093,424396971.76532316,426580341.02334523,426224898.0157747,2326651.699066258,2338661.802687825,2336967.3622007165,37514.41873333335
23.6376995,-21363.7528081,-11931.128822625,-903.8,-500.0,-403.8,-504.75,0.2921826556759563,7876.633333333333,7477.583333333333,0.0,68.50608143191351,68.04554692124721,67.90153151218232,491847.43934223254,464560.46421747346,430221.96973365423,2692.8747866157896,2543.7206602661895,2356.604280113116,13433424.669957642,10989143.38190093,424396971.76532316,426580341.02334523,426224898.0157747,2326651.699066258,2338661.802687825,2336967.3622007165,37514.41873333335
27.261510583333337,-21636.552232972223,-10007.246176631945,-793.6666666666667,-500.0,-293.6666666666667,-367.0833333333333,0.4318885380288975,7893.5,7466.916666666667,0.0,68.50608143191351,68.04554692124721,68.04554692124721,493002.9085823841,463834.64505031356,438856.2588679724,2699.2013113789094,2539.765791316191,2403.662684091625,13433424.669957642,10989143.38190093,424396971.76532316,426580341.02334523,426224898.0157747,2326651.699066258,2338661.802687825,2336967.3622007165,37514.41873333335
32.910964666666665,-7914.829199776777,-2372.332036388889,-240.49216666666663,-182.8255,-57.66666666666666,-72.08333333333333,0.4829721336171328,8009.492166666666,7841.083333333333,0.0,68.50608143191351,68.50608143191351,68.50608143191351,500949.07739751483,489412.04814732797,484473.9014441109,2742.7088596839208,2679.540322861112,2652.502556457465,13433424.669957642,10989143.38190093,424396971.76532316,426580341.02334523,426224898.0157747,2326651.699066258,2338661.802687825,2336967.3622007165,37514.41873333335
40.401277916666665,32264.46054425,14069.745034479169,798.6,520.0,278.6,348.25,0.3219814215428294,7713.65,8164.0,0.0,68.50608143191351,68.50608143191351,68.53386343827097,480682.08983685443,511533.8036097167,535397.8516708378,2631.7413027634734,2800.6632648427703,2932.3025754628966,13433424.669957642,10989143.38190093,424396971.76532316,426580341.02334523,426224898.0157747,2326651.699066258,2338661.802687825,2336967.3622007165,37514.41873333335
52.11947083333333,96674.66913305556,86965.68037465277,1854.8666666666668,520.0,1334.8666666666668,1668.5833333333333,0.1609907094685259,9068.883333333331,9255.166666666666,0.0,68.9759577203446,68.9759577203446,69.88353314694594,573584.8350600603,586433.9063840653,702040.3561255765,3143.4801106829905,3214.4441670998544,3849.0856148914804,13433424.669957642,10989143.38190093,424396971.76532316,426580341.02334523,426224898.0157747,2326651.699066258,2338661.802687825,2336967.3622007165,37514.41873333335
49.25633825,75043.67320181668,61787.97163977083,1523.5333333333333,520.0,1003.5333333333334,1254.4166666666667,-2.6057774271670553e-09,9245.55,9514.666666666666,0.0,68.9759577203446,68.9759577203446,69.88353314694594,585770.5875906546,604333.1674124947,691231.7029988487,3210.780727844908,3313.2998849499536,3789.733631157395,13433424.669957642,10989143.38190093,424396971.76532316,426580341.02334523,426224898.0157747,2326651.699066258,2338661.802687825,2336967.3622007165,37514.41873333335
24.030930416666667,-9127.285407337862,-9037.63241420139,-379.8140666666667,-78.9474,-300.8666666666667,-376.0833333333333,0.0220588297471637,7216.333333333333,7216.333333333333,3.730733333333376,68.04554692124721,68.04554692124721,67.90153151218232,446783.5650842977,446783.5650842977,421219.3583473307,2446.8572684048922,2446.8572684048922,2307.455302954303,13433424.669957642,10989143.38190093,424396971.76532316,426580341.02334523,426224898.0157747,2326651.699066258,2338661.802687825,2336967.3622007165,37514.41873333335
19.8113195,-26710.94170453333,-21006.602443166663,-1348.2666666666669,-500.0,-848.2666666666667,-1060.3333333333333,0.1617647121001049,5669.0,5669.0,287.9333333333334,67.82198251836347,67.82198251836347,67.02375299763455,341704.5080765224,341704.5080765224,270198.4986678687,1872.2557396274894,1872.2557396274894,1476.1861997100573,13433424.669957642,10989143.38190093,424396971.76532316,426580341.02334523,426224898.0157747,2326651.699066258,2338661.802687825,2336967.3622007165,37514.41873333335
14.661421,-26076.8033906,-23432.61611325,-1778.6,-500.0,-1278.6,-1598.25,0.3014705944530461,5725.166666666667,5725.166666666667,180.3500000000001,67.82198251836347,67.82198251836347,66.88652526387231,345513.8427613039,345513.8427613039,237935.94159234432,1893.3749077784416,1893.3749077784416,1297.9414971540034,13433424.669957642,10989143.38190093,424396971.76532316,426580341.02334523,426224898.0157747,2326651.699066258,2338661.802687825,2336967.3622007165,37514.41873333335
15.307726833333335,-29746.99529765556,-27616.414851236117,-1943.2666666666669,-500.0,-1443.2666666666669,-1804.0833333333333,0.4411764768059873,6264.833333333333,6264.833333333333,139.1833333333334,67.90153151218232,67.90153151218232,67.02375299763455,382147.6854230291,382147.6854230291,260284.5685369686,2094.146888572402,2094.146888572402,1421.2228076320466,13433424.669957642,10989143.38190093,424396971.76532316,426580341.02334523,426224898.0157747,2326651.699066258,2338661.802687825,2336967.3622007165,37514.41873333335
7.1672425,-14937.9668185,-14192.931960625,-2084.2,-500.0,-1584.2,-1980.25,0.5808823591589285,6169.0,6169.0,103.94999999999982,67.90153151218232,67.90153151218232,66.88652526387231,375640.45531977835,375640.45531977835,242071.75840449374,2058.6212294066986,2058.6212294066986,1320.6737823854387,13433424.669957642,10989143.38190093,424396971.76532316,426580341.02334523,426224898.0157747,2326651.699066258,2338661.802687825,2336967.3622007165,37514.41873333335
-0.8353117500000001,1281.1454747000002,1079.3619996250002,-1533.7333333333331,-500.0,-1033.7333333333331,-1292.1666666666667,0.7205882415118696,5932.166666666667,5932.166666666667,241.5666666666666,67.90153151218232,67.90153151218232,67.02375299763455,359559.1092733098,359559.1092733098,272298.5762617946,1970.8265134511066,1970.8265134511066,1487.829149243202,13433424.669957642,10989143.38190093,424396971.76532316,426580341.02334523,426224898.0157747,2326651.699066258,2338661.802687825,2336967.3622007165,37514.41873333335
-0.41311075,474.30622243333335,334.68855929166665,-1148.1333333333332,-500.0,-648.1333333333333,-810.1666666666666,0.8602941238648107,5521.583333333333,5521.583333333333,337.9666666666667,67.82198251836347,67.82198251836347,67.02375299763455,331706.41748694034,331706.41748694034,277085.1892883756,1816.8257567505843,1816.8257567505843,1514.3664038972047,13433424.669957642,10989143.38190093,424396971.76532316,426580341.02334523,426224898.0157747,2326651.699066258,2338661.802687825,2336967.3622007165,37514.41873333335
3.1422031666666665,-1780.372314233333,-261.588413625,-566.6,-500.0,-66.60000000000001,-83.25,1.000000006217752,6727.083333333333,6727.083333333333,483.35,67.90153151218232,67.90153151218232,67.90153151218232,413535.16836453544,413535.16836453544,407882.3658661462,2265.504133261237,2265.504133261237,2234.6431476033777,13433424.669957642,10989143.38190093,424396971.76532316,426580341.02334523,426224898.0157747,2326651.699066258,2338661.802687825,2336967.3622007165,37514.41873333335
45.90033425000001,23081.748083183335,28852.185103979173,502.86666666666673,0.0,502.86666666666673,628.5833333333334,1.000000006217752,8843.133333333333,8732.416666666666,15.0,68.53386343827097,68.53386343827097,68.9759577203446,558074.5648515044,550486.7239378305,593733.8619094684,3057.7835750256595,3015.7964556937986,3254.761046248739,13433424.669957642,10989143.38190093,424396971.76532316,426580341.02334523,426224898.0157747,2326651.699066258,2338661.802687825,2336967.3622007165,37514.41873333335
61.24233716666666,126155.13174085552,117886.3955177361,2059.9333333333334,520.0,1539.9333333333334,1924.9166666666667,0.8390092941434485,11349.316666666664,11484.33333333333,0.0,69.88353314694594,69.88353314694594,73.21363636363637,731780.4583818116,741215.9000822017,879457.6496428677,4012.3931097908458,4064.204577488025,4824.8613139101235,13433424.669957642,10989143.38190093,424396971.76532316,426580341.02334523,426224898.0157747,2326651.699066258,2338661.802687825,2336967.3622007165,37514.41873333335
60.20496075,133602.83523235,127870.3195529375,2219.133333333333,520.0,1699.1333333333332,2123.9166666666665,0.6780185820691451,12328.450000000004,12423.66666666667,0.0,72.51561924314397,73.02251350048215,75.26966408849565,800528.7711547326,807469.4435785334,964103.8114214337,4390.463240918326,4428.535821813614,5291.3593296844065,13433424.669957642,10989143.38190093,424396971.76532316,426580341.02334523,426224898.0157747,2326651.699066258,2338661.802687825,2336967.3622007165,37514.41873333335
61.14816833333333,126548.17263811112,118438.90638097224,2069.5333333333338,520.0,1549.5333333333335,1936.9166666666667,0.5170278699948417,12501.466666666664,12634.08333333333,0.0,73.02251350048215,73.02251350048215,75.26966408849565,813150.5951288705,822834.597460926,965866.3760555055,4459.82206492334,4513.152107002198,5301.1497391709145,13433424.669957642,10989143.38190093,424396971.76532316,426580341.02334523,426224898.0157747,2326651.699066258,2338661.802687825,2336967.3622007165,37514.41873333335
67.24435341666667,102081.41144339443,83892.93458340972,1518.0666666666666,520.0,998.0666666666666,1247.5833333333333,0.3560371579205383,12635.516666666666,12906.0,0.0,73.02251350048215,73.02251350048215,74.90691170957636,822939.2630636103,842690.6359235991,934458.2347363795,4513.728503083484,4622.499805445905,5126.805440270282,13433424.669957642,10989143.38190093,424396971.76532316,426580341.02334523,426224898.0157747,2326651.699066258,2338661.802687825,2336967.3622007165,37514.41873333335
56.95763683333334,37128.78486375556,9388.51713802778,651.8666666666667,520.0,131.86666666666667,164.83333333333334,0.1950464458462349,12199.799999999996,12686.83333333333,0.0,70.14753497815997,73.02251350048215,73.02251350048215,791380.7838713812,826686.5350480765,838723.0793567394,4340.774522803931,4534.364823249475,4600.650372597207,13433424.669957642,10989143.38190093,424396971.76532316,426580341.02334523,426224898.0157747,2326651.699066258,2338661.802687825,2336967.3622007165,37514.41873333335
47.04507933333333,-29406.31092195555,-7354.714069111111,-625.0666666666667,-500.0,-125.06666666666668,-156.33333333333334,0.3347523281991761,12052.733333333334,11584.0,0.0,70.14753497815997,70.14753497815997,69.88353314694594,781064.4197272601,748183.9318318305,737255.833203875,4283.852895810409,4102.4313367027635,4042.4592386199342,13433424.669957642,10989143.38190093,424396971.76532316,426580341.02334523,426224898.0157747,2326651.699066258,2338661.802687825,2336967.3622007165,37514.41873333335
48.86881474999999,-5095.388417933333,-6369.235522416666,-104.26666666666668,0.0,-104.26666666666668,-130.33333333333334,0.3347523281991761,11078.516666666665,11104.58333333333,0.0,69.88353314694594,69.88353314694594,69.88353314694594,712855.9976056187,714677.6283696489,705569.474549497,3908.4759727529786,3918.4788286323005,3868.46454923569,13433424.669957642,10989143.38190093,424396971.76532316,426580341.02334523,426224898.0157747,2326651.699066258,2338661.802687825,2336967.3622007165,37514.41873333335
50.35968450000001,-4028.7747600000007,-5035.96845,-80.0,0.0,-80.0,-100.0,0.3347523281991761,10665.91666666667,10685.91666666667,0.0,69.88353314694594,69.88353314694594,69.2899179190971,684022.0518291892,685419.722492128,678443.3699232889,3750.1443230416653,3757.819148524521,3719.828805311737,13433424.669957642,10989143.38190093,424396971.76532316,426580341.02334523,426224898.0157747,2326651.699066258,2338661.802687825,2336967.3622007165,37514.41873333335
45.65991291666666,-29161.464382777776,-7914.384905555556,-638.6666666666667,-500.0,-138.66666666666669,-173.33333333333334,0.4744582105521173,10966.333333333334,10501.0,0.0,69.88353314694594,69.2899179190971,69.2899179190971,705016.229912084,672559.5010599921,660549.2486206819,3865.426597482061,3687.706339074593,3622.1374187868028,13433424.669957642,10989143.38190093,424396971.76532316,426580341.02334523,426224898.0157747,2326651.699066258,2338661.802687825,2336967.3622007165,37514.41873333335
48.32504208333333,-19478.41820506704,-22507.3883503125,-403.0709000000001,-30.4709,-372.6,-465.75,0.4829721384932937,10993.154233333333,11055.83333333333,0.0,69.88353314694594,69.88353314694594,69.36454996418209,706890.5691662648,711270.8061287354,678732.1885668293,3875.718883821717,3899.7714415178393,3721.3978187278035,13433424.669957642,10989143.38190093,424396971.76532316,426580341.02334523,426224898.0157747,2326651.699066258,2338661.802687825,2336967.3622007165,37514.41873333335
51.995888750000006,-8832.368302333334,-11040.460377916668,-169.86666666666667,0.0,-169.86666666666667,-212.33333333333331,0.4829721384932937,11279.283333333333,11321.75,0.0,69.88353314694594,69.88353314694594,69.88353314694594,726886.2816104207,729854.002318061,715015.3987798594,3985.5184292250465,4001.814642000311,3920.333578123991,13433424.669957642,10989143.38190093,424396971.76532316,426580341.02334523,426224898.0157747,2326651.699066258,2338661.802687825,2336967.3622007165,37514.41873333335
52.18617808333334,5030.747567233334,6288.434459041668,96.4,0.0,96.4,120.5,0.4829721384932937,11311.43333333333,11287.33333333333,0.0,69.88353314694594,69.88353314694594,69.88353314694594,729133.0372010948,727448.8440522534,735869.8097964603,3997.8557111887367,3988.607546481895,4034.8483700161014,13433424.669957642,10989143.38190093,424396971.76532316,426580341.02334523,426224898.0157747,2326651.699066258,2338661.802687825,2336967.3622007165,37514.41873333335
55.56265583333334,48287.65209622223,24243.83882861111,869.0666666666666,520.0,349.06666666666666,436.3333333333333,0.3219814264189903,11352.933333333336,11785.66666666667,0.0,69.88353314694594,70.14753497815997,70.14753497815997,732033.2038266935,762330.3513857597,792938.059147897,4013.7809740656644,4180.485698287265,4349.366953351914,13433424.669957642,10989143.38190093,424396971.76532316,426580341.02334523,426224898.0157747,2326651.699066258,2338661.802687825,2336967.3622007165,37514.41873333335
63.771542,107348.76236666668,92734.45065833334,1683.3333333333337,520.0,1163.3333333333337,1454.1666666666667,0.1609907143446869,12095.083333333334,12324.25,0.0,70.14753497815997,72.51561924314397,73.83508222800492,784035.1678335852,800224.205553911,906694.0952817452,4300.244311743154,4388.810117601665,4974.399931084755,13433424.669957642,10989143.38190093,424396971.76532316,426580341.02334523,426224898.0157747,2326651.699066258,2338661.802687825,2336967.3622007165,37514.41873333335
55.27725608333333,49333.108479172224,25736.16914479861,892.4666666666667,520.0,372.4666666666667,465.5833333333333,2.270383492319894e-09,11903.033333333336,12329.91666666667,0.0,70.14753497815997,72.51561924314397,73.02251350048215,770563.3337410297,800635.1273962891,834621.6481817961,4225.912046574708,4391.040522076523,4578.063688946871,13433424.669957642,10989143.38190093,424396971.76532316,426580341.02334523,426224898.0157747,2326651.699066258,2338661.802687825,2336967.3622007165,37514.41873333335
24.405487666666676,-14515.100335482071,-15735.438173083336,-594.7474000000001,-78.9474,-515.8000000000001,-644.75,0.0220588346233246,8339.164066666666,8389.166666666666,0.0,68.53386343827097,68.53386343827097,68.50608143191351,523535.6039526855,526962.475312644,482789.79360890965,2866.6631378214706,2885.625640905348,2643.2815841001516,13433424.669957642,10989143.38190093,424396971.76532316,426580341.02334523,426224898.0157747,2326651.699066258,2338661.802687825,2336967.3622007165,37514.41873333335
10.295795500000002,-14655.721701066672,-11884.779938833335,-1423.4666666666667,-500.0,-923.4666666666668,-1154.3333333333333,0.1617647169762658,7099.916666666667,7099.916666666667,269.13333333333344,68.04554692124721,68.04554692124721,67.90153151218232,438861.92933021585,438861.92933021585,360470.121487765,2403.693581505297,2403.693581505297,1975.8001057343054,13433424.669957642,10989143.38190093,424396971.76532316,426580341.02334523,426224898.0157747,2326651.699066258,2338661.802687825,2336967.3622007165,37514.41873333335
7.516420749999998,-14100.805326999996,-12928.243689999998,-1876.0,-500.0,-1376.0,-1720.0,0.301470599329207,7805.333333333333,7805.333333333333,156.0,68.50608143191351,68.50608143191351,67.90153151218232,486962.95573613705,486962.95573613705,369959.3605165924,2666.1308410262395,2666.1308410262395,2027.605784361162,13433424.669957642,10989143.38190093,424396971.76532316,426580341.02334523,426224898.0157747,2326651.699066258,2338661.802687825,2336967.3622007165,37514.41873333335
12.836331916666666,-23968.854710261112,-21938.36093990972,-1867.2666666666669,-500.0,-1367.2666666666669,-1709.0833333333333,0.4411764816821482,7555.833333333333,7555.833333333333,158.1833333333334,68.04554692124721,68.04554692124721,67.82811336605208,469885.0282640611,469885.0282640611,353760.0392786935,2572.733331704071,2572.733331704071,1939.1126333392415,13433424.669957642,10989143.38190093,424396971.76532316,426580341.02334523,426224898.0157747,2326651.699066258,2338661.802687825,2336967.3622007165,37514.41873333335
14.227140250000003,-28455.228976016675,-26677.07356377084,-2000.0666666666664,-500.0,-1500.0666666666666,-1875.0833333333333,0.5808823640350894,7492.666666666667,7492.666666666667,124.98333333333336,68.04554692124721,68.04554692124721,67.82198251836347,465586.81788353564,465586.81788353564,338217.3278087033,2549.3130921407974,2549.3130921407974,1852.9226138869299,13433424.669957642,10989143.38190093,424396971.76532316,426580341.02334523,426224898.0157747,2326651.699066258,2338661.802687825,2336967.3622007165,37514.41873333335
15.998883333333334,-27073.310376666668,-23842.3358875,-1692.2,-500.0,-1192.2,-1490.25,0.7205882463880307,7273.583333333333,7273.583333333333,201.95000000000005,68.04554692124721,68.04554692124721,67.82198251836347,450679.17264553905,450679.17264553905,349458.8214111219,2468.083791597464,2468.083791597464,1915.2460937864005,13433424.669957642,10989143.38190093,424396971.76532316,426580341.02334523,426224898.0157747,2326651.699066258,2338661.802687825,2336967.3622007165,37514.41873333335
9.502444583333334,-12741.51119363889,-9987.861127465278,-1340.8666666666668,-500.0,-840.8666666666667,-1051.0833333333333,0.8602941287409718,6912.416666666667,6912.416666666667,289.7833333333336,67.90153151218232,67.90153151218232,67.90153151218232,426119.5855381266,426119.5855381266,354749.41745786363,2334.207668899955,2334.207668899955,1944.5684175460212,13433424.669957642,10989143.38190093,424396971.76532316,426580341.02334523,426224898.0157747,2326651.699066258,2338661.802687825,2336967.3622007165,37514.41873333335
10.664749166666669,-10009.933567833334,-5846.948730625,-938.6,-500.0,-438.6,-548.25,1.000000011093913,7197.6,7039.25,232.0,68.04554692124721,68.04554692124721,67.90153151218232,445508.845171973,434733.83281699347,397504.748466701,2439.911529811457,2381.2002643521787,2177.987444203464,13433424.669957642,10989143.38190093,424396971.76532316,426580341.02334523,426224898.0157747,2326651.699066258,2338661.802687825,2336967.3622007165,37514.41873333335
47.57357583333334,16676.124115444447,20845.15514430556,350.53333333333336,0.0,350.53333333333336,438.1666666666667,1.000000011093913,9293.966666666667,9208.333333333334,2.0,68.9759577203446,68.9759577203446,68.9859436184972,589110.1735436147,583203.5323641625,613426.9282308371,3229.22490641617,3196.60315443712,3363.5709562840084,13433424.669957642,10989143.38190093,424396971.76532316,426580341.02334523,426224898.0157747,2326651.699066258,2338661.802687825,2336967.3622007165,37514.41873333335
57.526826333333325,125431.49213719998,119396.92805483332,2180.4,520.0,1660.4,2075.5,0.8390092990196095,11408.35,11513.25,0.0,69.88353314694594,69.88353314694594,73.83508222800492,735905.9162885866,743236.6989157011,892690.0413525003,4035.0466363410765,4075.301095998655,4897.501515517306,13433424.669957642,10989143.38190093,424396971.76532316,426580341.02334523,426224898.0157747,2326651.699066258,2338661.802687825,2336967.3622007165,37514.41873333335
60.854488,139324.3217930667,134599.98504133333,2289.466666666667,520.0,1769.466666666667,2211.833333333333,0.6780185869453061,12183.616666666669,12261.25,0.0,70.14753497815997,70.77324457511337,75.26966408849565,790245.5629303184,795698.2196411347,958496.2214468404,4334.5108215561195,4364.350860181011,5260.2111941650455,13433424.669957642,10989143.38190093,424396971.76532316,426580341.02334523,426224898.0157747,2326651.699066258,2338661.802687825,2336967.3622007165,37514.41873333335
61.66904191666666,137390.4028514111,131653.12631843056,2227.866666666667,520.0,1707.8666666666668,2134.833333333333,0.5170278748710028,12176.799999999996,12269.83333333333,0.0,70.14753497815997,71.0794333605497,75.26966408849565,789767.3905668835,796306.5112449989,953346.5219287857,4331.872455119087,4367.619257164467,5231.606474633284,13433424.669957642,10989143.38190093,424396971.76532316,426580341.02334523,426224898.0157747,2326651.699066258,2338661.802687825,2336967.3622007165,37514.41873333335
64.48638341666667,129561.7424685389,120036.0288648403,2009.1333333333332,520.0,1489.1333333333334,1861.4166666666667,0.3560371627966994,11949.700000000004,12097.41666666667,0.0,70.14753497815997,70.14753497815997,73.83508222800492,773836.885373344,784198.845415201,920015.1747003812,4243.974212891783,4301.147420059009,5047.548028494038,13433424.669957642,10989143.38190093,424396971.76532316,426580341.02334523,426224898.0157747,2326651.699066258,2338661.802687825,2336967.3622007165,37514.41873333335
63.301707,73662.08637900001,50931.49842375,1163.6666666666667,520.0,643.6666666666667,804.5833333333334,0.195046450722396,11730.999999999996,12090.08333333333,0.0,70.14753497815997,70.14753497815997,73.02251350048215,758495.6194736199,783684.4301586942,841863.04743726,4159.327160601547,4298.309079637752,4617.942255035746,13433424.669957642,10989143.38190093,424396971.76532316,426580341.02334523,426224898.0157747,2326651.699066258,2338661.802687825,2336967.3622007165,37514.41873333335
58.902689,41247.589683733335,13272.739254666669,700.2666666666667,520.0,180.26666666666668,225.33333333333331,0.0340557386480925,11215.649999999998,11690.58333333333,0.0,69.88353314694594,70.14753497815997,70.14753497815997,722439.3594511698,755660.4899349193,771467.0678166647,3961.0996928137597,4143.684034416224,4230.898494632956,13433424.669957642,10989143.38190093,424396971.76532316,426580341.02334523,426224898.0157747,2326651.699066258,2338661.802687825,2336967.3622007165,37514.41873333335
56.03085658333333,18.676952194444446,23.34619024305556,0.3333333333333333,0.0,0.3333333333333333,0.4166666666666667,0.0340557386480925,11515.833333333334,11515.75,0.0,69.88353314694594,69.88353314694594,69.88353314694594,743417.2313763307,743411.4077485685,743440.5258873797,4076.292427623524,4076.260449184012,4076.4203413815712,13433424.669957642,10989143.38190093,424396971.76532316,426580341.02334523,426224898.0157747,2326651.699066258,2338661.802687825,2336967.3622007165,37514.41873333335
54.53220591666666,-1581.4339715833332,-1976.7924644791665,-29.0,0.0,-29.0,-36.25,0.0340557386480925,11417.83333333333,11425.08333333333,0.0,69.88353314694594,69.88353314694594,69.88353314694594,736568.6451279299,737075.3007432452,734542.0226666684,4038.685782757529,4041.4679069950644,4027.5572858073883,13433424.669957642,10989143.38190093,424396971.76532316,426580341.02334523,426224898.0157747,2326651.699066258,2338661.802687825,2336967.3622007165,37514.41873333335
54.29280566666667,1773.5649851111116,2216.956231388889,32.66666666666667,0.0,32.66666666666667,40.833333333333336,0.0340557386480925,10978.333333333336,10970.16666666667,0.0,69.88353314694594,69.88353314694594,69.88353314694594,705854.8323098475,705284.1167891475,708137.6943926478,3870.031492771775,3866.8976056996094,3882.5670410604403,13433424.669957642,10989143.38190093,424396971.76532316,426580341.02334523,426224898.0157747,2326651.699066258,2338661.802687825,2336967.3622007165,37514.41873333335
52.45876049999999,-2899.2208302999998,-3624.026037874999,-55.266666666666666,0.0,-55.266666666666666,-69.08333333333333,0.0340557386480925,10803.683333333332,10817.5,0.0,69.88353314694594,69.88353314694594,69.88353314694594,693649.6732457331,694615.2307287134,689787.4433138119,3803.011079242736,3808.313104513809,3781.802978158444,13433424.669957642,10989143.38190093,424396971.76532316,426580341.02334523,426224898.0157747,2326651.699066258,2338661.802687825,2336967.3622007165,37514.41873333335
51.882553,-30230.234214666663,-5361.197143333333,-582.6666666666666,-500.0,-82.66666666666667,-103.33333333333331,0.1737616210010337,11388.333333333334,10909.0,0.0,69.88353314694594,69.88353314694594,69.88353314694594,734507.0809000952,701009.574011659,693788.2755864746,4027.3654151703186,3843.425431097874,3803.772166103119,13433424.669957642,10989143.38190093,424396971.76532316,426580341.02334523,426224898.0157747,2326651.699066258,2338661.802687825,2336967.3622007165,37514.41873333335
53.29957374999999,2391.3742089166662,2989.217761145833,44.866666666666674,0.0,44.866666666666674,56.083333333333336,0.1737616210010337,11080.299999999996,11069.08333333333,0.0,69.88353314694594,69.88353314694594,69.88353314694594,712980.6232397306,712196.7629429324,716116.0644269236,3909.1603113585325,3904.8560134002314,3926.37750319174,13433424.669957642,10989143.38190093,424396971.76532316,426580341.02334523,426224898.0157747,2326651.699066258,2338661.802687825,2336967.3622007165,37514.41873333335
57.954100833333335,19189.568687597224,20998.70253527778,331.1166666666667,41.25,289.8666666666667,362.3333333333333,0.1609907231682164,11503.133333333337,11471.91666666667,0.0,69.88353314694594,69.88353314694594,70.14753497815997,742529.7105053647,740348.1795456276,765738.3524601153,4071.4189134419116,4059.4397900007543,4199.289703578078,13433424.669957642,10989143.38190093,424396971.76532316,426580341.02334523,426224898.0157747,2326651.699066258,2338661.802687825,2336967.3622007165,37514.41873333335
64.43316225,82066.37098574999,60701.4082696875,1273.6666666666667,520.0,753.6666666666667,942.0833333333334,1.1093913010462586e-08,11928.749999999996,12260.33333333333,0.0,70.14753497815997,70.77324457511337,73.02251350048215,772367.294515551,795633.3441669407,864335.7259670335,4235.865590370151,4363.997364523926,4741.699855511567,13433424.669957642,10989143.38190093,424396971.76532316,426580341.02334523,426224898.0157747,2326651.699066258,2338661.802687825,2336967.3622007165,37514.41873333335
51.77212566666666,13015.512392599998,16269.390490749998,251.4,0.0,251.4,314.25,1.1093913010462586e-08,11460.68333333333,11400.83333333333,3.0,69.88353314694594,69.88353314694594,70.14753497815997,739563.1545232765,735380.6250644317,757379.1045418842,4055.129096354548,4032.162181097102,4153.166671732688,13433424.669957642,10989143.38190093,424396971.76532316,426580341.02334523,426224898.0157747,2326651.699066258,2338661.802687825,2336967.3622007165,37514.41873333335
25.82756408333334,-13296.390715078369,-14071.717831402782,-514.8139666666667,-78.9473,-435.86666666666673,-544.8333333333334,0.0220588155056777,7644.730633333334,7674.75,0.0,68.50608143191351,68.50608143191351,68.04554692124721,475960.69409175194,478017.203269153,440903.2957378532,2605.890309885499,2617.150286165528,2414.8166504271685,13433424.669957642,10989143.38190093,424396971.76532316,426580341.02334523,426224898.0157747,2326651.699066258,2338661.802687825,2336967.3622007165,37514.41873333335
21.630611583333337,-28155.846077638897,-21675.675357465283,-1301.6666666666667,-500.0,-801.6666666666667,-1002.0833333333334,0.1617646978586188,5780.833333333333,5775.25,294.0,67.82198251836347,67.82198251836347,67.02375299763455,349289.26645482605,348910.59371909854,281223.9060359796,1914.3060714651415,1912.2066882809966,1537.3116847590675,13433424.669957642,10989143.38190093,424396971.76532316,426580341.02334523,426224898.0157747,2326651.699066258,2338661.802687825,2336967.3622007165,37514.41873333335
14.244603000000003,-24800.803463200005,-22098.127454000005,-1741.0666666666666,-500.0,-1241.0666666666666,-1551.3333333333333,0.30147058021156,5476.583333333333,5476.583333333333,189.73333333333332,67.82198251836347,67.82198251836347,66.88652526387231,328654.428273614,328654.428273614,224447.15899746338,1799.9053549679227,1799.9053549679227,1223.8011598762762,13433424.669957642,10989143.38190093,424396971.76532316,426580341.02334523,426224898.0157747,2326651.699066258,2338661.802687825,2336967.3622007165,37514.41873333335
4.9454286666666665,-10813.014932044443,-10425.37574838889,-2186.466666666667,-500.0,-1686.466666666667,-2108.083333333333,0.4411764625645012,5771.416666666667,5771.416666666667,78.38333333333367,67.82198251836347,67.82198251836347,66.88652526387231,348650.6094527782,348650.6094527782,206928.46325543418,1910.765320721733,1910.765320721733,1127.5106309242533,13433424.669957642,10989143.38190093,424396971.76532316,426580341.02334523,426224898.0157747,2326651.699066258,2338661.802687825,2336967.3622007165,37514.41873333335
12.147934083333334,-25385.13292280556,-24138.95735142361,-2089.666666666667,-500.0,-1589.6666666666667,-1987.0833333333333,0.5808823449174424,6016.666666666667,6016.666666666667,102.58333333333373,67.90153151218232,67.90153151218232,66.88652526387231,365296.7886860892,365296.7886860892,231425.65313332743,2002.150877271997,2002.150877271997,1262.1580616414476,13433424.669957642,10989143.38190093,424396971.76532316,426580341.02334523,426224898.0157747,2326651.699066258,2338661.802687825,2336967.3622007165,37514.41873333335
13.922446416666666,-28987.46160259444,-27532.79799282639,-2082.0666666666666,-500.0,-1582.0666666666666,-1977.5833333333333,0.7205882272703836,5778.416666666667,5778.416666666667,104.48333333333336,67.82198251836347,67.82198251836347,66.88652526387231,349125.3633304067,349125.3633304067,216125.36047921664,1913.397383221258,1913.397383221258,1178.06086088634,13433424.669957642,10989143.38190093,424396971.76532316,426580341.02334523,426224898.0157747,2326651.699066258,2338661.802687825,2336967.3622007165,37514.41873333335
5.411794,-8044.451387866668,-6673.192984833334,-1486.4666666666667,-500.0,-986.4666666666668,-1233.0833333333333,0.8602941096233248,5422.833333333333,5422.833333333333,253.38333333333344,67.82198251836347,67.82198251836347,66.88652526387231,325008.9967132519,325008.9967132519,242138.6449297576,1779.6948750608544,1779.6948750608544,1321.0414204215267,13433424.669957642,10989143.38190093,424396971.76532316,426580341.02334523,426224898.0157747,2326651.699066258,2338661.802687825,2336967.3622007165,37514.41873333335
3.4925534166666665,-4121.213031666666,-2968.6704041666667,-1180.0,-500.0,-680.0,-850.0,0.999999991976266,6406.166666666667,6406.166666666667,330.0,67.90153151218232,67.90153151218232,67.82198251836347,391744.43521008425,391744.43521008425,334051.9277157004,2146.539512872432,2146.539512872432,1829.829398861334,13433424.669957642,10989143.38190093,424396971.76532316,426580341.02334523,426224898.0157747,2326651.699066258,2338661.802687825,2336967.3622007165,37514.41873333335
40.02421491666667,6107.695196283334,7634.618995354168,152.6,0.0,152.6,190.75,0.999999991976266,8823.983333333334,8790.833333333334,5.0,68.53386343827097,68.53386343827097,68.82919751446114,556762.1413666615,554490.2437936829,567563.5445935102,3050.521313982109,3037.9498281547612,3110.259073925305,13433424.669957642,10989143.38190093,424396971.76532316,426580341.02334523,426224898.0157747,2326651.699066258,2338661.802687825,2336967.3622007165,37514.41873333335
62.96425274999999,125449.9771791,115885.707186375,1992.4,520.0,1472.4,1840.5,0.8390092799019625,11939.93333333333,12091.83333333333,0.0,70.14753497815997,70.14753497815997,73.83508222800492,773151.7777817234,783807.188344906,918058.5450213387,4240.194059512564,4298.986410874642,5036.80387377064,13433424.669957642,10989143.38190093,424396971.76532316,426580341.02334523,426224898.0157747,2326651.699066258,2338661.802687825,2336967.3622007165,37514.41873333335
66.10470441666668,157553.95250668336,153974.3827625209,2383.4,520.0,1863.4,2329.25,0.6780185678276591,13195.68333333333,13249.83333333333,0.0,73.02251350048215,73.02251350048215,77.0687083991426,863844.0410427969,867798.210148848,1042506.5043845552,4738.992134385532,4760.767842154064,5722.646242215817,13433424.669957642,10989143.38190093,424396971.76532316,426580341.02334523,426224898.0157747,2326651.699066258,2338661.802687825,2336967.3622007165,37514.41873333335
62.57038908333334,104171.35510520556,89543.44097734029,1664.8666666666666,520.0,1144.8666666666666,1431.0833333333333,0.5170278557533557,12760.633333333337,12994.41666666667,0.0,73.02251350048215,73.02251350048215,75.26966408849565,832075.5965444125,849147.0431589336,954914.6399306299,4564.0425191556205,4658.055400925149,5240.3168033579395,13433424.669957642,10989143.38190093,424396971.76532316,426580341.02334523,426224898.0157747,2326651.699066258,2338661.802687825,2336967.3622007165,37514.41873333335
61.0461475,71353.78950537501,86044.54490124999,1168.85,41.25,1127.6,1409.5,0.5042569579205384,12965.73333333333,12725.08333333333,0.0,73.02251350048215,73.02251350048215,74.72673614667623,847052.514063361,829479.64618947,933035.3526692523,4646.520777019439,4549.746555883757,5118.994532546569,13433424.669957642,10989143.38190093,424396971.76532316,426580341.02334523,426224898.0157747,2326651.699066258,2338661.802687825,2336967.3622007165,37514.41873333335
68.49759533333332,95248.18956417777,74536.79998855555,1390.5333333333333,520.0,870.5333333333334,1088.1666666666667,0.343266245846235,12405.883333333331,12708.25,0.0,73.02251350048215,73.02251350048215,73.83508222800492,806170.8598801162,828250.4338788787,908023.1267618493,4421.384489037674,4542.977253068671,4981.697847500646,13433424.669957642,10989143.38190093,424396971.76532316,426580341.02334523,426224898.0157747,2326651.699066258,2338661.802687825,2336967.3622007165,37514.41873333335
63.55996991666667,60627.73663784444,34470.69035147222,953.8666666666668,520.0,433.86666666666673,542.3333333333334,0.1822755337719316,11958.799999999996,12370.33333333333,0.0,70.14753497815997,73.02251350048215,73.02251350048215,774475.2279416446,803574.909525174,843177.4526802688,4247.49633532361,4407.088525765812,4625.180717451879,13433424.669957642,10989143.38190093,424396971.76532316,426580341.02334523,426224898.0157747,2326651.699066258,2338661.802687825,2336967.3622007165,37514.41873333335
59.76069191666667,2155.368955127778,2694.2111939097226,36.06666666666667,0.0,36.06666666666667,45.083333333333336,0.1822755337719316,11869.683333333336,11860.66666666667,0.0,70.14753497815997,70.14753497815997,70.14753497815997,768223.9134495081,767591.4165091217,770753.9012110538,4213.004048431684,4209.514179868278,4226.96352268531,13433424.669957642,10989143.38190093,424396971.76532316,426580341.02334523,426224898.0157747,2326651.699066258,2338661.802687825,2336967.3622007165,37514.41873333335
60.329048916666665,-3221.57121215,-4026.9640151875,-53.400000000000006,0.0,-53.400000000000006,-66.75,0.1822755337719316,12781.81666666667,12795.16666666667,0.0,73.02251350048215,73.02251350048215,73.02251350048215,833622.456788731,834597.3073439625,829723.0545678054,4572.561117054606,4577.9296433465715,4551.087011886747,13433424.669957642,10989143.38190093,424396971.76532316,426580341.02334523,426224898.0157747,2326651.699066258,2338661.802687825,2336967.3622007165,37514.41873333335
55.49193875,-32965.91108008334,-6524.927131354167,-594.0666666666666,-500.0,-94.06666666666666,-117.58333333333331,0.3219814161248727,13195.483333333334,12719.0,0.0,73.02251350048215,73.02251350048215,73.02251350048215,863829.436540097,829035.4258990089,820449.1953532438,4738.911707025354,4547.300223678306,4500.015638172921,13433424.669957642,10989143.38190093,424396971.76532316,426580341.02334523,426224898.0157747,2326651.699066258,2338661.802687825,2336967.3622007165,37514.41873333335
56.14906916666667,-4080.1656927777785,-5100.207115972223,-72.66666666666667,0.0,-72.66666666666667,-90.83333333333331,0.3219814161248727,12604.416666666664,12622.58333333333,0.0,73.02251350048215,73.02251350048215,73.02251350048215,820668.2628937452,821994.8385556706,815361.9602460434,4501.22204857561,4508.527533791891,4472.000107710482,13433424.669957642,10989143.38190093,424396971.76532316,426580341.02334523,426224898.0157747,2326651.699066258,2338661.802687825,2336967.3622007165,37514.41873333335
58.743894,137.06908600000003,171.3363575,2.333333333333333,0.0,2.333333333333333,2.9166666666666665,0.3219814161248727,12607.000000000004,12606.41666666667,0.0,73.02251350048215,73.02251350048215,73.02251350048215,820856.9043869552,820814.3079207465,821027.2902517895,4502.2609019779275,4502.026322177404,4503.199221180018,13433424.669957642,10989143.38190093,424396971.76532316,426580341.02334523,426224898.0157747,2326651.699066258,2338661.802687825,2336967.3622007165,37514.41873333335
59.07036933333333,6982.1176552,8727.647069,118.2,0.0,118.2,147.75,0.3219814161248727,12947.3,12917.75,0.0,73.02251350048215,73.02251350048215,73.02251350048215,845706.465731169,843548.6504572297,854337.726826926,4639.108055322919,4627.224912856435,4686.640625188857,13433424.669957642,10989143.38190093,424396971.76532316,426580341.02334523,426224898.0157747,2326651.699066258,2338661.802687825,2336967.3622007165,37514.41873333335
64.20709816666665,48292.29876775555,18630.75965136111,752.1333333333333,520.0,232.13333333333333,290.1666666666667,0.1609907040505693,12827.533333333333,13289.5,0.0,73.02251350048215,73.02251350048215,73.83508222800492,836960.8026975945,870694.7698510339,892019.3726889292,4590.945471135578,4776.719268589617,4893.818770659286,13433424.669957642,10989143.38190093,424396971.76532316,426580341.02334523,426224898.0157747,2326651.699066258,2338661.802687825,2336967.3622007165,37514.41873333335
68.96134416666668,94031.09148272224,72713.99064506945,1363.5333333333333,520.0,843.5333333333334,1054.4166666666667,-8.023734066053834e-09,13400.300000000005,13709.41666666667,0.0,73.21363636363637,73.83508222800492,75.26966408849565,878802.3875974139,901599.474608013,980380.8762805709,4821.263473497025,4946.424584823839,5381.772541846306,13433424.669957642,10989143.38190093,424396971.76532316,426580341.02334523,426224898.0157747,2326651.699066258,2338661.802687825,2336967.3622007165,37514.41873333335
55.46337599999999,6899.643974399999,8624.554967999999,124.4,0.0,124.4,155.5,-8.023734066053834e-09,13151.68333333333,13127.58333333333,7.0,73.02251350048215,73.02251350048215,73.02251350048215,860631.0504487756,858871.207873414,870226.208722739,4721.298115146097,4711.606618244497,4774.138890783865,13433424.669957642,10989143.38190093,424396971.76532316,426580341.02334523,426224898.0157747,2326651.699066258,2338661.802687825,2336967.3622007165,37514.41873333335
37.53965133333333,-7968.944714117644,-6256.608555555555,-212.28073333333333,-78.9474,-133.33333333333334,-166.66666666666666,0.0220588243292071,8109.364066666667,8068.75,5.0,68.50608143191351,68.50608143191351,68.50608143191351,507790.9099116748,505008.59935332695,493590.9191146747,2780.169850701102,2764.935904149858,2702.420837320615,13433424.669957642,10989143.38190093,424396971.76532316,426580341.02334523,426224898.0157747,2326651.699066258,2338661.802687825,2336967.3622007165,37514.41873333335
25.501464,-25001.635305600004,-15313.629132000002,-980.4,-500.0,-480.4,-600.5,0.1617647066821483,5424.066666666668,5209.166666666667,165.0,67.82198251836347,67.82198251836347,67.02375299763455,325092.6438250247,310517.6997818283,270198.4986678687,1780.1586194060096,1699.3543006705866,1476.1861997100573,13433424.669957642,10989143.38190093,424396971.76532316,426580341.02334523,426224898.0157747,2326651.699066258,2338661.802687825,2336967.3622007165,37514.41873333335
27.18676658333333,-46777.55058328334,-41480.20911452083,-1720.6,-500.0,-1220.6,-1525.75,0.3014705890350895,5361.666666666667,5361.666666666667,194.8500000000001,67.82198251836347,67.82198251836347,66.88652526387231,320860.55211587873,320860.55211587873,218471.96274055747,1756.6956622673847,1756.6956622673847,1190.9588286524238,13433424.669957642,10989143.38190093,424396971.76532316,426580341.02334523,426224898.0157747,2326651.699066258,2338661.802687825,2336967.3622007165,37514.41873333335
26.2211785,-50355.15119139999,-46555.70242675,-1920.4,-500.0,-1420.4,-1775.5,0.4411764713880307,6012.0,6012.0,144.9000000000001,67.90153151218232,67.90153151218232,66.88652526387231,364979.9148723657,364979.9148723657,245265.58998584363,2000.4209321300148,2000.4209321300148,1338.228498608636,13433424.669957642,10989143.38190093,424396971.76532316,426580341.02334523,426224898.0157747,2326651.699066258,2338661.802687825,2336967.3622007165,37514.41873333335
20.419990833333333,-38046.52692066667,-34795.66438,-1863.2,-500.0,-1363.2,-1704.0,0.5808823537409719,5841.166666666667,5841.166666666667,159.20000000000005,67.82811336605208,67.82811336605208,66.88652526387231,353381.3323123997,353381.3323123997,238621.52847629902,1937.0090539560786,1937.0090539560786,1301.7097870239045,13433424.669957642,10989143.38190093,424396971.76532316,426580341.02334523,426224898.0157747,2326651.699066258,2338661.802687825,2336967.3622007165,37514.41873333335
16.33458783333333,-30309.37221101111,-27677.59786793055,-1855.5333333333333,-500.0,-1355.5333333333335,-1694.4166666666667,0.7205882360939131,6017.666666666667,6017.666666666667,161.1166666666668,67.90153151218232,67.90153151218232,67.02375299763455,365364.6902176014,365364.6902176014,251068.80249979385,2002.5215798024217,2002.5215798024217,1370.1300769679804,13433424.669957642,10989143.38190093,424396971.76532316,426580341.02334523,426224898.0157747,2326651.699066258,2338661.802687825,2336967.3622007165,37514.41873333335
2.1984405,-3734.1244706,-3293.63027575,-1698.5333333333335,-500.0,-1198.5333333333335,-1498.1666666666667,0.8602941184468542,6079.166666666667,6079.166666666667,200.3666666666668,67.90153151218232,67.90153151218232,67.02375299763455,369540.63440560066,369540.63440560066,268344.1748349342,2025.319785423543,2025.319785423543,1465.9057229946209,13433424.669957642,10989143.38190093,424396971.76532316,426580341.02334523,426224898.0157747,2326651.699066258,2338661.802687825,2336967.3622007165,37514.41873333335
12.795019916666666,-16528.60672835,-12663.870962520832,-1291.8000000000002,-500.0,-791.8000000000001,-989.75,1.0000000007997951,7099.8,6934.75,137.0,68.04554692124721,67.90153151218232,67.90153151218232,438853.990683075,427636.05307523196,360430.5122610495,2403.650325126156,2342.4866920794407,1975.5838625915574,13433424.669957642,10989143.38190093,424396971.76532316,426580341.02334523,426224898.0157747,2326651.699066258,2338661.802687825,2336967.3622007165,37514.41873333335
43.115765583333335,-4803.0962859833335,-6003.870357479167,-111.4,0.0,-111.4,-139.25,1.0000000007997951,9752.483333333334,9780.333333333334,0.0,68.9859436184972,68.9859436184972,68.9859436184972,620738.2884886708,622659.547018446,613053.2543695703,3404.066878108666,3414.708281689261,3361.501263786287,13433424.669957642,10989143.38190093,424396971.76532316,426580341.02334523,426224898.0157747,2326651.699066258,2338661.802687825,2336967.3622007165,37514.41873333335
62.45133425,115784.7736995,104137.599861875,1854.0,520.0,1334.0,1667.5,0.839009288725492,12702.75,12889.25,0.0,73.02251350048215,73.02251350048215,75.26966408849565,827848.8100546261,841467.508822466,964793.7833422447,4540.7655006637415,4615.764014030892,5295.191874323253,13433424.669957642,10989143.38190093,424396971.76532316,426580341.02334523,426224898.0157747,2326651.699066258,2338661.802687825,2336967.3622007165,37514.41873333335
66.17002633333333,125952.43945795554,114430.03220577777,1903.4666666666667,520.0,1383.4666666666667,1729.3333333333333,0.6780185766511886,13521.533333333336,13695.66666666667,0.0,73.83508222800492,73.83508222800492,77.0687083991426,887727.0932420748,900584.2422273781,1030631.500898721,4870.249203567964,4940.8497875616995,5658.067023677185,13433424.669957642,10989143.38190093,424396971.76532316,426580341.02334523,426224898.0157747,2326651.699066258,2338661.802687825,2336967.3622007165,37514.41873333335
62.81428491666667,99418.26254710557,83443.54298804862,1582.7333333333331,520.0,1062.7333333333331,1328.4166666666667,0.5170278645768852,12749.016666666665,13003.33333333333,0.0,73.02251350048215,73.02251350048215,75.26966408849565,831227.318345915,849798.1605709791,947858.1089223329,4559.371029985207,4661.641120733138,5201.120324096998,13433424.669957642,10989143.38190093,424396971.76532316,426580341.02334523,426224898.0157747,2326651.699066258,2338661.802687825,2336967.3622007165,37514.41873333335
64.69523558333334,81390.91937953891,59686.74609525695,1258.0666666666666,520.0,738.0666666666667,922.5833333333334,0.3560371525025818,12418.849999999997,12754.33333333333,0.0,73.02251350048215,73.02251350048215,73.83508222800492,807117.718471839,831615.5547093591,899199.8344356025,4426.598862889295,4561.509057309972,4933.2477912951435,13433424.669957642,10989143.38190093,424396971.76532316,426580341.02334523,426224898.0157747,2326651.699066258,2338661.802687825,2336967.3622007165,37514.41873333335
67.88908316666667,66517.7236867,39019.25055004167,979.8,520.0,459.8,574.75,0.1950464404282784,12165.783333333333,12570.83333333333,0.0,70.14753497815997,73.02251350048215,73.02251350048215,788994.598556541,818215.9234820206,860185.6131164227,4327.608493713522,4487.71695434551,4718.84508066063,13433424.669957642,10989143.38190093,424396971.76532316,426580341.02334523,426224898.0157747,2326651.699066258,2338661.802687825,2336967.3622007165,37514.41873333335
63.11914358333333,41521.87662056945,13044.623007222222,657.8333333333334,492.5,165.33333333333334,206.66666666666663,0.0425696602425199,12182.083333333334,12633.25,0.0,70.14753497815997,73.02251350048215,73.02251350048215,790138.0033766851,822773.7453663426,837865.0648231088,4333.917350377129,4512.816993001452,4595.925265186677,13433424.669957642,10989143.38190093,424396971.76532316,426580341.02334523,426224898.0157747,2326651.699066258,2338661.802687825,2336967.3622007165,37514.41873333335
56.811800000000005,7574.906666666668,9468.633333333331,133.33333333333334,0.0,133.33333333333334,166.66666666666666,0.0425696602425199,12040.416666666664,12007.08333333333,0.0,70.14753497815997,70.14753497815997,70.14753497815997,780200.4359214456,777862.1847555069,789553.4405852002,4279.085774057437,4266.184226688098,4330.691963534793,13433424.669957642,10989143.38190093,424396971.76532316,426580341.02334523,426224898.0157747,2326651.699066258,2338661.802687825,2336967.3622007165,37514.41873333335
60.91688441666667,5238.852059833333,6548.565074791667,86.0,0.0,86.0,107.5,0.0425696602425199,11975.25,11953.75,0.0,70.14753497815997,70.14753497815997,70.14753497815997,775629.1548920356,774120.9828900052,781661.8429001574,4253.86324895038,4245.541750897157,4287.149241163275,13433424.669957642,10989143.38190093,424396971.76532316,426580341.02334523,426224898.0157747,2326651.699066258,2338661.802687825,2336967.3622007165,37514.41873333335
56.46130208333333,-33146.54840972222,-6144.871710069444,-587.0666666666666,-500.0,-87.06666666666666,-108.83333333333331,0.182275542595461,12231.816666666664,11753.58333333333,0.0,70.225872613587,70.14753497815997,70.14753497815997,793626.7377477421,760079.7846385434,752445.3945817535,4353.147922869917,4168.067958944274,4125.944406783382,13433424.669957642,10989143.38190093,424396971.76532316,426580341.02334523,426224898.0157747,2326651.699066258,2338661.802687825,2336967.3622007165,37514.41873333335
53.27029816666666,-38219.66325797777,-14480.642718305551,-717.4666666666667,-500.0,-217.46666666666667,-271.8333333333333,0.3219814249484022,12299.800000000005,11854.16666666667,0.0,72.27555747982035,70.14753497815997,70.14753497815997,798451.5888293877,767135.4575317637,748067.0192735338,4379.194836337039,4206.998378131258,4101.786259334297,13433424.669957642,10989143.38190093,424396971.76532316,426580341.02334523,426224898.0157747,2326651.699066258,2338661.802687825,2336967.3622007165,37514.41873333335
57.61177491666666,-14249.31232938889,-17811.64041173611,-247.33333333333337,0.0,-247.33333333333337,-309.1666666666667,0.3219814249484022,11863.749999999996,11925.58333333333,0.0,70.14753497815997,70.14753497815997,70.14753497815997,767807.7047419705,772145.1606547869,750457.8810907057,4210.70757299994,4234.6399433700635,4114.978091519444,13433424.669957642,10989143.38190093,424396971.76532316,426580341.02334523,426224898.0157747,2326651.699066258,2338661.802687825,2336967.3622007165,37514.41873333335
57.66681316666666,2656.517859877778,3320.647324847222,46.06666666666667,0.0,46.06666666666667,57.583333333333336,0.3219814249484022,11834.016666666666,11822.5,0.0,70.14753497815997,70.14753497815997,70.14753497815997,765721.9847019535,764914.1189241217,768953.4478132809,4199.199392746491,4194.741908130384,4217.029331210918,13433424.669957642,10989143.38190093,424396971.76532316,426580341.02334523,426224898.0157747,2326651.699066258,2338661.802687825,2336967.3622007165,37514.41873333335
64.3212085,62657.43324013332,36513.006025166665,974.1333333333332,520.0,454.1333333333333,567.6666666666666,0.1609907128740988,11799.450000000004,12205.91666666667,0.0,70.14753497815997,70.14753497815997,73.02251350048215,763297.2182428754,791809.8529603315,833021.2380942437,4185.820488124487,4343.141956746207,4569.250190727227,13433424.669957642,10989143.38190093,424396971.76532316,426580341.02334523,426224898.0157747,2326651.699066258,2338661.802687825,2336967.3622007165,37514.41873333335
71.42484625,120274.67942858336,103917.19922322918,1683.9333333333334,520.0,1163.9333333333334,1454.9166666666667,7.997954520888583e-10,12084.983333333334,12314.0,0.0,70.14753497815997,72.51561924314397,73.83508222800492,783326.6777303058,799480.9204566688,905992.6620005792,4296.335142890244,4384.77570950744,4970.548252976368,13433424.669957642,10989143.38190093,424396971.76532316,426580341.02334523,426224898.0157747,2326651.699066258,2338661.802687825,2336967.3622007165,37514.41873333335
57.04973425000001,20929.64583851667,26162.057298145835,366.8666666666667,0.0,366.8666666666667,458.5833333333333,7.997954520888583e-10,11952.549999999996,11867.83333333333,7.0,70.14753497815997,70.14753497815997,72.51561924314397,774036.8058480311,768094.1405097981,800381.3227289377,4245.077295191859,4212.288012552684,4389.662919312639,13433424.669957642,10989143.38190093,424396971.76532316,426580341.02334523,426224898.0157747,2326651.699066258,2338661.802687825,2336967.3622007165,37514.41873333335
30.30619833333333,-14082.706466078776,-14612.638629722222,-464.68073333333336,-78.9474,-385.73333333333335,-482.1666666666667,0.0220588331527366,8612.514066666667,8630.0,0.0,68.53386343827097,68.53386343827097,68.50608143191351,542269.3355235369,543467.7140906943,510426.28862656746,2970.3257517251063,2976.956948198046,2794.5993033603336,13433424.669957642,10989143.38190093,424396971.76532316,426580341.02334523,426224898.0157747,2326651.699066258,2338661.802687825,2336967.3622007165,37514.41873333335
28.38143583333333,-35785.20639438889,-26993.110597152776,-1260.8666666666668,-500.0,-760.8666666666668,-951.0833333333334,0.1617647155056778,7054.783333333334,6818.0,73.0,68.04554692124721,67.90153151218232,67.90153151218232,435790.8069791702,419708.54927118466,355128.53434213996,2386.959542260615,2299.207171652353,1946.6381733408925,13433424.669957642,10989143.38190093,424396971.76532316,426580341.02334523,426224898.0157747,2326651.699066258,2338661.802687825,2336967.3622007165,37514.41873333335
14.72789208333333,-30354.185583749997,-28737.79942760416,-2061.0,-500.0,-1561.0,-1951.25,0.3014705978586189,7781.0,7746.25,75.0,68.50608143191351,68.50608143191351,67.82198251836347,485295.9744212939,482915.38809153484,350250.0778738362,2657.00364126917,2643.9692498352733,1919.6328646189424,13433424.669957642,10989143.38190093,424396971.76532316,426580341.02334523,426224898.0157747,2326651.699066258,2338661.802687825,2336967.3622007165,37514.41873333335
12.62636175,-27870.589169499995,-26946.760368125,-2207.333333333333,-500.0,-1707.3333333333333,-2134.1666666666665,0.4411764802115601,7675.083333333334,7633.916666666667,32.0,68.50608143191351,68.50608143191351,67.82198251836347,478040.0386296304,475219.8716106833,330225.6375352894,2617.275316299187,2601.834094792364,1808.616228478256,13433424.669957642,10989143.38190093,424396971.76532316,426580341.02334523,426224898.0157747,2326651.699066258,2338661.802687825,2336967.3622007165,37514.41873333335
9.927178083333333,-21920.53283174444,-21196.17973759722,-2208.133333333333,-500.0,-1708.1333333333332,-2135.1666666666665,0.5808823625645013,7524.883333333333,7520.916666666667,69.0,68.04554692124721,68.04554692124721,67.82198251836347,467779.0185868485,467509.1045840609,322493.931528196,2561.2580322663403,2559.78731537556,1765.7512106288461,13433424.669957642,10989143.38190093,424396971.76532316,426580341.02334523,426224898.0157747,2326651.699066258,2338661.802687825,2336967.3622007165,37514.41873333335
15.0281425,-31840.62645283334,-30408.19400354167,-2118.7333333333336,-500.0,-1618.7333333333336,-2023.4166666666667,0.7205882449174426,7354.0,7354.0,95.31666666666683,68.04554692124721,68.04554692124721,67.82198251836347,456151.16871045606,456151.16871045606,318752.4188259329,2497.8997957908136,2497.8997957908136,1745.0080514063977,13433424.669957642,10989143.38190093,424396971.76532316,426580341.02334523,426224898.0157747,2326651.699066258,2338661.802687825,2336967.3622007165,37514.41873333335
14.951277749999996,-23678.836948599997,-20253.997592,-1583.7333333333331,-500.0,-1083.7333333333331,-1354.6666666666667,0.8602941272703837,7509.066666666667,7341.0,61.0,68.04554692124721,68.04554692124721,67.90153151218232,466702.76485304406,455266.57660047984,363237.10889688635,2555.3937031514206,2493.079799258003,1990.906233849113,13433424.669957642,10989143.38190093,424396971.76532316,426580341.02334523,426224898.0157747,2326651.699066258,2338661.802687825,2336967.3622007165,37514.41873333335
29.25382258333333,-17164.19283706111,-3171.6019317430555,-586.7333333333333,-500.0,-86.73333333333335,-108.41666666666669,1.0000000096233248,7978.4,7525.083333333333,25.0,68.50608143191351,68.04554692124721,68.04554692124721,498819.0748959536,467792.62769623275,460415.35631752084,2731.046486421725,2561.3321860591527,2521.134650872056,13433424.669957642,10989143.38190093,424396971.76532316,426580341.02334523,426224898.0157747,2326651.699066258,2338661.802687825,2336967.3622007165,37514.41873333335
57.665585666666665,35587.355101088884,44484.19387636111,617.1333333333333,0.0,617.1333333333333,771.4166666666666,1.0000000096233248,10746.950000000004,10604.66666666667,12.0,69.88353314694594,69.62676272458476,69.88353314694594,689684.9474651967,679745.6562585776,733651.0076190452,3781.240157623037,3726.8895448836206,4022.6645845620696,13433424.669957642,10989143.38190093,424396971.76532316,426580341.02334523,426224898.0157747,2326651.699066258,2338661.802687825,2336967.3622007165,37514.41873333335
59.2904245,109758.4338344,137198.042293,1851.2,0.0,1851.2,2314.0,1.0000000096233248,12889.55,12426.75,0.0,73.02251350048215,73.02251350048215,75.26966408849565,841489.4155765161,807694.596328493,978643.4015345279,4615.8846550711605,4429.7757436163765,5372.121497619389,13433424.669957642,10989143.38190093,424396971.76532316,426580341.02334523,426224898.0157747,2326651.699066258,2338661.802687825,2336967.3622007165,37514.41873333335
63.90939333333333,140694.39911022224,134326.89322111112,2201.466666666667,520.0,1681.466666666667,2101.833333333333,0.8390092975490214,12939.116666666669,13038.75,0.0,73.02251350048215,73.02251350048215,75.72022253129346,845108.8981623568,852384.374590788,1008777.192407619,4635.817235835586,4675.883465764882,5539.058105712766,13433424.669957642,10989143.38190093,424396971.76532316,426580341.02334523,426224898.0157747,2326651.699066258,2338661.802687825,2336967.3622007165,37514.41873333335
62.89671108333334,133634.54548172222,126160.3196479861,2124.666666666667,520.0,1604.6666666666667,2005.8333333333333,0.678018585474718,12714.833333333336,12833.66666666667,0.0,73.02251350048215,73.02251350048215,75.26966408849565,828731.1654260904,837408.6741137311,986076.2808632671,4545.624653674572,4593.411910181077,5413.408455774246,13433424.669957642,10989143.38190093,424396971.76532316,426580341.02334523,426224898.0157747,2326651.699066258,2338661.802687825,2336967.3622007165,37514.41873333335
66.81303916666667,106366.35835333334,89529.47248333333,1592.0,520.0,1072.0,1340.0,0.5170278734004147,12622.25,12874.25,0.0,73.02251350048215,73.02251350048215,75.26966408849565,821970.4977178372,840372.1711199587,939013.923391935,4508.393488191594,4609.7319620174485,5151.994070089956,13433424.669957642,10989143.38190093,424396971.76532316,426580341.02334523,426224898.0157747,2326651.699066258,2338661.802687825,2336967.3622007165,37514.41873333335
67.34030908333334,73517.66010324445,48125.87422488889,1091.7333333333331,520.0,571.7333333333333,714.6666666666666,0.3560371613261113,12560.016666666665,12937.08333333333,0.0,73.02251350048215,73.02251350048215,73.83508222800492,817426.0632943237,844960.4190515722,897341.6515328643,4483.367174615816,4634.999557673762,4923.044222972924,13433424.669957642,10989143.38190093,424396971.76532316,426580341.02334523,426224898.0157747,2326651.699066258,2338661.802687825,2336967.3622007165,37514.41873333335
68.8002135,50687.4106259,18639.124507375,736.7333333333333,520.0,216.73333333333332,270.9166666666667,0.1950464492518079,12593.766666666665,13059.58333333333,0.0,73.02251350048215,73.02251350048215,73.21363636363637,819890.5731249651,853905.6769553812,873692.0757792314,4496.939291646065,4684.261315783552,4793.204338208252,13433424.669957642,10989143.38190093,424396971.76532316,426580341.02334523,426224898.0157747,2326651.699066258,2338661.802687825,2336967.3622007165,37514.41873333335
61.97917733333333,30390.456619111108,-2298.394492777778,490.3333333333333,520.0,-29.66666666666667,-37.083333333333336,0.0340557371775044,12368.083333333334,12895.5,0.0,73.02251350048215,73.02251350048215,73.02251350048215,803410.6088697981,841923.899531844,839215.9813228678,4406.183717963797,4618.277369036494,4603.364796003258,13433424.669957642,10989143.38190093,424396971.76532316,426580341.02334523,426224898.0157747,2326651.699066258,2338661.802687825,2336967.3622007165,37514.41873333335
59.61374216666666,16055.967890222222,20069.959862777778,269.33333333333337,0.0,269.33333333333337,336.6666666666667,0.0340557371775044,12420.083333333334,12352.75,0.0,73.02251350048215,72.57059107268746,73.02251350048215,807207.7795718232,802290.9529255787,826875.1765412863,4427.094831610401,4400.018531798462,4535.403676651791,13433424.669957642,10989143.38190093,424396971.76532316,426580341.02334523,426224898.0157747,2326651.699066258,2338661.802687825,2336967.3622007165,37514.41873333335
58.87227791666666,21060.576220055555,18230.782061527774,357.7333333333333,110.0,247.73333333333332,309.6666666666667,9.6233249147204e-09,11240.600000000002,11288.66666666667,0.0,69.88353314694594,69.88353314694594,70.14753497815997,724182.9536031864,727542.0220964497,749189.3798331844,3970.674037603624,3989.1192015140878,4107.97900207158,13433424.669957642,10989143.38190093,424396971.76532316,426580341.02334523,426224898.0157747,2326651.699066258,2338661.802687825,2336967.3622007165,37514.41873333335
54.20161325,-3949.490885483333,-4936.863606854166,-72.86666666666666,0.0,-72.86666666666666,-91.08333333333331,9.6233249147204e-09,10909.950000000004,10928.16666666667,0.0,69.88353314694594,69.88353314694594,69.88353314694594,701075.9633681489,702349.0083969757,695983.7832528413,3843.7899853083113,3850.7804721856123,3815.828037799106,13433424.669957642,10989143.38190093,424396971.76532316,426580341.02334523,426224898.0157747,2326651.699066258,2338661.802687825,2336967.3622007165,37514.41873333335
50.3221105,-32155.8286095,-8743.466699375,-639.0,-500.0,-139.0,-173.75,0.1397058919762661,10968.25,10503.0,0.0,69.88353314694594,69.2899179190971,69.2899179190971,705150.1733506155,672698.0808958303,660658.9576573871,3866.1621015908345,3688.462903539452,3622.7363656548164,13433424.669957642,10989143.38190093,424396971.76532316,426580341.02334523,426224898.0157747,2326651.699066258,2338661.802687825,2336967.3622007165,37514.41873333335
52.44655525000001,-5975.410861483335,-7469.263576854168,-113.93333333333334,0.0,-113.93333333333334,-142.41666666666666,0.1397058919762661,10391.099999999997,10419.58333333333,0.0,69.2899179190971,69.2899179190971,69.2899179190971,664944.5390806831,666918.146909412,657050.1077657674,3646.1331217305833,3656.907860650952,3603.0341660491094,13433424.669957642,10989143.38190093,424396971.76532316,426580341.02334523,426224898.0157747,2326651.699066258,2338661.802687825,2336967.3622007165,37514.41873333335
57.80158833333334,8654.824493111111,10818.53061638889,149.73333333333332,0.0,149.73333333333332,187.16666666666663,0.1397058919762661,11003.100000000002,10965.66666666667,0.0,69.88353314694594,69.88353314694594,69.88353314694594,707585.6144807868,704969.6408899862,718049.5088439896,3879.5354849947116,3865.170769965967,3936.994345109692,13433424.669957642,10989143.38190093,424396971.76532316,426580341.02334523,426224898.0157747,2326651.699066258,2338661.802687825,2336967.3622007165,37514.41873333335
59.30511658333334,53175.93278444584,33018.12365777083,896.6500000000001,451.25,445.4,556.75,9.6233249147204e-09,11093.93333333333,11433.83333333333,0.0,69.88353314694594,69.88353314694594,70.14753497815997,713933.3687416341,737686.781658281,776704.7504283673,3914.3919840626795,4044.825643143814,4259.797960740275,13433424.669957642,10989143.38190093,424396971.76532316,426580341.02334523,426224898.0157747,2326651.699066258,2338661.802687825,2336967.3622007165,37514.41873333335
58.03992833333334,9758.446617111113,12198.05827138889,168.13333333333333,0.0,168.13333333333333,210.16666666666663,9.6233249147204e-09,11088.91666666667,11088.91666666667,42.03333333333333,69.88353314694594,69.88353314694594,69.88353314694594,713582.7863503472,713582.7863503472,728269.9755667304,3912.4668820040656,3912.4668820040656,3993.116506453075,13433424.669957642,10989143.38190093,424396971.76532316,426580341.02334523,426224898.0157747,2326651.699066258,2338661.802687825,2336967.3622007165,37514.41873333335
46.614448083333336,-7467.6345829500015,-9334.5432286875,-160.20000000000002,0.0,-160.20000000000002,-200.25,9.6233249147204e-09,8503.533333333335,8543.583333333334,0.0,68.53386343827097,68.53386343827097,68.53386343827097,534800.4648278677,537545.2460585705,523821.33990505664,2928.996950984414,2944.18512616949,2868.2442502441086,13433424.669957642,10989143.38190093,424396971.76532316,426580341.02334523,426224898.0157747,2326651.699066258,2338661.802687825,2336967.3622007165,37514.41873333335
41.76089141666667,-38918.36674090556,-22547.40129071528,-931.9333333333334,-500.0,-431.9333333333333,-539.9166666666666,0.1397058919762661,7063.183333333333,6729.166666666667,58.0,68.04554692124721,67.90153151218232,67.90153151218232,436362.38957330864,413676.6298885192,377015.46133290004,2390.0740015587385,2266.276430199622,2066.1279556477994,13433424.669957642,10989143.38190093,424396971.76532316,426580341.02334523,426224898.0157747,2326651.699066258,2338661.802687825,2336967.3622007165,37514.41873333335
37.89684925000001,-58017.54974513335,-48836.406400166685,-1530.9333333333334,-500.0,-1030.9333333333334,-1288.6666666666667,0.2794117743292073,6500.849999999999,6301.583333333333,43.0,67.90153151218232,67.90153151218232,67.02375299763455,398173.578552096,384643.0667061018,297292.8508171625,2181.6388641281474,2107.770206565511,1626.3988278624117,13433424.669957642,10989143.38190093,424396971.76532316,426580341.02334523,426224898.0157747,2326651.699066258,2338661.802687825,2336967.3622007165,37514.41873333335
38.19585916666667,-69404.42249644444,-62883.11614138889,-1817.0666666666664,-500.0,-1317.0666666666666,-1646.3333333333333,0.4191176566821484,5789.900000000001,5674.166666666667,55.0,67.82198251836347,67.82198251836347,66.88652526387231,349904.1857629926,342054.92165286734,231308.60171411565,1917.7152190835743,1874.1984524247582,1261.514695078294,13433424.669957642,10989143.38190093,424396971.76532316,426580341.02334523,426224898.0157747,2326651.699066258,2338661.802687825,2336967.3622007165,37514.41873333335
24.00565208333333,-51509.72786361111,-49383.62727743055,-2145.7333333333336,-500.0,-1645.7333333333331,-2057.1666666666665,0.5588235390350896,5994.0,5994.0,88.56666666666706,67.90153151218232,67.90153151218232,66.88652526387231,363757.6873051464,363757.6873051464,225221.92791510324,1993.7482865823695,1993.7482865823695,1228.0596337942945,13433424.669957642,10989143.38190093,424396971.76532316,426580341.02334523,426224898.0157747,2326651.699066258,2338661.802687825,2336967.3622007165,37514.41873333335
16.909314749999997,-38173.34169194999,-37148.35539618749,-2257.5333333333333,-500.0,-1757.5333333333333,-2196.9166666666665,0.6985294213880309,5946.083333333333,5946.083333333333,60.61666666666679,67.90153151218232,67.90153151218232,66.88652526387231,360504.072253521,360504.072253521,212669.55667391652,1975.9854569995175,1975.9854569995175,1159.0662290217979,13433424.669957642,10989143.38190093,424396971.76532316,426580341.02334523,426224898.0157747,2326651.699066258,2338661.802687825,2336967.3622007165,37514.41873333335
11.774119416666666,-23560.797894044445,-22092.172732138886,-2001.0666666666664,-500.0,-1501.0666666666666,-1876.3333333333333,0.838235303740972,5969.75,5969.75,124.73333333333336,67.90153151218232,67.90153151218232,66.88652526387231,362111.075165976,362111.075165976,235695.24299600458,1984.7587502195697,1984.7587502195697,1285.6256229450587,13433424.669957642,10989143.38190093,424396971.76532316,426580341.02334523,426224898.0157747,2326651.699066258,2338661.802687825,2336967.3622007165,37514.41873333335
16.874342833333333,-21893.897348155555,-16820.90741436111,-1297.4666666666667,-500.0,-797.4666666666667,-996.8333333333334,0.9779411860939132,6362.916666666667,6362.916666666667,300.6333333333333,67.90153151218232,67.90153151218232,67.82198251836347,388807.69397218234,388807.69397218234,321160.09920533485,2130.506628431562,2130.506628431562,1758.3563683682758,13433424.669957642,10989143.38190093,424396971.76532316,426580341.02334523,426224898.0157747,2326651.699066258,2338661.802687825,2336967.3622007165,37514.41873333335
45.80542883333334,2384.291664889967,7500.638971458334,52.0526,-78.9474,131.0,163.75,1.0000000184468545,7920.4474,7809.75,1.0,68.50608143191351,68.50608143191351,68.50608143191351,494848.96936116245,487265.52426246135,498483.3950969372,2709.309022450155,2667.787490297215,2729.208543456946,13433424.669957642,10989143.38190093,424396971.76532316,426580341.02334523,426224898.0157747,2326651.699066258,2338661.802687825,2336967.3622007165,37514.41873333335
64.30136075,90472.01457525,113090.0182190625,1407.0,0.0,1407.0,1758.75,1.0000000184468545,9684.0,9332.25,0.0,68.9859436184972,68.9759577203446,69.88353314694594,616013.9011165308,591750.8031250085,713728.3770444032,3377.899596652853,3243.8088231728607,3913.266342991862,13433424.669957642,10989143.38190093,424396971.76532316,426580341.02334523,426224898.0157747,2326651.699066258,2338661.802687825,2336967.3622007165,37514.41873333335
65.67152083333333,108511.2429236111,135639.05365451387,1652.3333333333333,0.0,1652.3333333333333,2065.4166666666665,1.0000000184468545,11094.750000000004,10681.66666666667,0.0,69.88353314694594,69.88353314694594,73.02251350048215,713990.4402937045,685122.7174762535,831086.141486481,3914.705372769899,3756.1882481094144,4558.593565503476,13433424.669957642,10989143.38190093,424396971.76532316,426580341.02334523,426224898.0157747,2326651.699066258,2338661.802687825,2336967.3622007165,37514.41873333335
65.00158441666666,98819.74206917777,114586.95972918054,1520.2666666666669,110.0,1410.2666666666669,1762.8333333333333,0.9659442908926748,11012.233333333335,10769.66666666667,0.0,69.88353314694594,69.88353314694594,73.02251350048215,708223.8840835289,691272.4683931848,815416.7271311693,3883.0403219652158,3789.95748023398,4472.301710311156,13433424.669957642,10989143.38190093,424396971.76532316,426580341.02334523,426224898.0157747,2326651.699066258,2338661.802687825,2336967.3622007165,37514.41873333335
66.25126166666665,110489.43745688887,95048.47673777776,1667.7333333333331,520.0,1147.7333333333331,1434.6666666666667,0.8049535788183714,10861.766666666665,11094.83333333333,0.0,69.88353314694594,69.88353314694594,73.02251350048215,697708.7417960181,713996.2639214663,815197.6595906672,3825.300051582529,3914.737351209408,4471.095299908465,13433424.669957642,10989143.38190093,424396971.76532316,426580341.02334523,426224898.0157747,2326651.699066258,2338661.802687825,2336967.3622007165,37514.41873333335
69.26901141666667,104637.76864601667,85772.35338668751,1510.6,520.0,990.6,1238.25,0.643962866744068,10905.73333333333,11178.08333333333,0.0,69.88353314694594,69.88353314694594,73.02251350048215,700781.2878033788,719814.0680559495,806933.945146196,3842.1718762690066,3946.6838122817953,4425.586818607039,13433424.669957642,10989143.38190093,424396971.76532316,426580341.02334523,426224898.0157747,2326651.699066258,2338661.802687825,2336967.3622007165,37514.41873333335
71.0546455,62333.87200896668,31731.82043620833,877.2666666666667,520.0,357.26666666666665,446.5833333333333,0.4829721546697646,10965.233333333335,11395.91666666667,0.0,69.88353314694594,69.88353314694594,70.14753497815997,704939.3580256224,735037.0310264596,766317.0696236852,3865.0044820805047,4030.275453165902,4202.482836551989,13433424.669957642,10989143.38190093,424396971.76532316,426580341.02334523,426224898.0157747,2326651.699066258,2338661.802687825,2336967.3622007165,37514.41873333335
66.75312466666666,47670.63142862222,16198.758252444444,714.1333333333333,520.0,194.13333333333333,242.66666666666663,0.3219814425954612,10928.366666666663,11399.83333333333,0.0,69.88353314694594,69.88353314694594,70.14753497815997,702362.9851036046,735310.7415312848,752287.5626280527,3850.857220440438,4031.778439822959,4125.073552335952,13433424.669957642,10989143.38190093,424396971.76532316,426580341.02334523,426224898.0157747,2326651.699066258,2338661.802687825,2336967.3622007165,37514.41873333335
66.90358983333333,54267.731833477774,24347.33140018056,811.1333333333334,520.0,291.1333333333334,363.9166666666667,0.1609907305211578,10376.033333333333,10823.25,0.0,69.2899179190971,69.88353314694594,69.88353314694594,663900.5709840355,695017.0610443085,720448.8434820344,3640.4336694286458,3810.51961684013,3950.169462188593,13433424.669957642,10989143.38190093,424396971.76532316,426580341.02334523,426224898.0157747,2326651.699066258,2338661.802687825,2336967.3622007165,37514.41873333335
63.77785049999999,1377.6015708,1722.0019635,21.6,0.0,21.6,27.0,0.1609907305211578,10923.65,10918.25,0.0,69.88353314694594,69.88353314694594,69.88353314694594,702033.3677722617,701655.9966932683,703542.8520882358,3849.047240764066,3846.9750378836948,3857.33605228555,13433424.669957642,10989143.38190093,424396971.76532316,426580341.02334523,426224898.0157747,2326651.699066258,2338661.802687825,2336967.3622007165,37514.41873333335
63.16827824999999,3844.84253615,4806.053170187499,60.86666666666667,0.0,60.86666666666667,76.08333333333333,0.1609907305211578,10667.383333333337,10652.16666666667,0.0,69.88353314694594,69.88353314694594,69.88353314694594,684124.5476778047,683061.1532484186,688378.1253953488,3750.707143577075,3744.867880522202,3774.0641957965663,13433424.669957642,10989143.38190093,424396971.76532316,426580341.02334523,426224898.0157747,2326651.699066258,2338661.802687825,2336967.3622007165,37514.41873333335
65.25748550000002,-2753.865888100001,-3442.332360125001,-42.2,0.0,-42.2,-52.75,0.1609907305211578,10501.61666666667,10512.16666666667,0.0,69.2899179190971,69.2899179190971,69.2899179190971,672602.2298427091,673333.2384767556,669678.1953065231,3687.939613117926,3691.930490670057,3671.9761029093984,13433424.669957642,10989143.38190093,424396971.76532316,426580341.02334523,426224898.0157747,2326651.699066258,2338661.802687825,2336967.3622007165,37514.41873333335
66.14530366666666,32680.18969824444,-2144.2102605277773,494.06666666666666,520.0,-25.933333333333334,-32.416666666666664,1.844685443286309e-08,10199.016666666666,10725.5,0.0,69.2899179190971,69.88353314694594,69.88353314694594,651635.10068039,688185.9456791944,685920.554479681,3573.4714095847403,3773.008907292672,3760.5692943225436,13433424.669957642,10989143.38190093,424396971.76532316,426580341.02334523,426224898.0157747,2326651.699066258,2338661.802687825,2336967.3622007165,37514.41873333335
65.01140766666667,-2323.0743006222224,-2903.842875777778,-35.733333333333334,0.0,-35.733333333333334,-44.66666666666666,1.844685443286309e-08,10853.566666666668,10862.5,0.0,69.88353314694594,69.88353314694594,69.88353314694594,697135.6968242134,697759.989720326,694638.5252397625,3822.1533731345594,3825.5814618502345,3808.4410182718566,13433424.669957642,10989143.38190093,424396971.76532316,426580341.02334523,426224898.0157747,2326651.699066258,2338661.802687825,2336967.3622007165,37514.41873333335
64.44885891666665,11849.996859477777,14812.49607434722,183.86666666666667,0.0,183.86666666666667,229.83333333333331,1.844685443286309e-08,11034.799999999996,10988.83333333333,0.0,69.88353314694594,69.88353314694594,69.88353314694594,709800.9224815445,706588.60940789,722650.1747761631,3891.700083385035,3874.0607761502724,3962.2573123240904,13433424.669957642,10989143.38190093,424396971.76532316,426580341.02334523,426224898.0157747,2326651.699066258,2338661.802687825,2336967.3622007165,37514.41873333335
61.308427,-11946.968808066666,-14933.711010083332,-194.86666666666667,0.0,-194.86666666666667,-243.58333333333331,1.844685443286309e-08,10113.283333333333,10162.0,0.0,69.2899179190971,69.2899179190971,69.2899179190971,645694.6450507928,649070.2188854181,632192.3497122914,3541.04001285778,3559.468662280973,3467.3254151650067,13433424.669957642,10989143.38190093,424396971.76532316,426580341.02334523,426224898.0157747,2326651.699066258,2338661.802687825,2336967.3622007165,37514.41873333335
59.87947883333334,-9584.70857858889,-11980.885723236112,-160.0666666666667,0.0,-160.0666666666667,-200.08333333333331,1.844685443286309e-08,6529.733333333334,6569.75,0.0,67.90153151218232,67.90153151218232,67.90153151218232,400134.80112060625,402851.99407328543,389266.0293098896,2192.345988881915,2207.1802684744116,2133.008870511929,13433424.669957642,10989143.38190093,424396971.76532316,426580341.02334523,426224898.0157747,2326651.699066258,2338661.802687825,2336967.3622007165,37514.41873333335
57.59170658333334,-23938.952703138897,-29923.69087892362,-415.66666666666674,0.0,-415.66666666666674,-519.5833333333334,1.844685443286309e-08,4110.5,4214.416666666667,0.0,66.88652526387231,66.88652526387231,66.88652526387231,236837.88780259574,243788.51255293313,209035.38880124615,1291.9061060615602,1330.109825311695,1139.091229061022,13433424.669957642,10989143.38190093,424396971.76532316,426580341.02334523,426224898.0157747,2326651.699066258,2338661.802687825,2336967.3622007165,37514.41873333335
46.31020850000001,-62895.437837466685,-49675.416984333344,-1358.1333333333334,-500.0,-858.1333333333334,-1072.6666666666667,0.1397059007997956,3916.8,3726.333333333333,95.0,66.88652526387231,66.88652526387231,64.08503904510133,223881.96785898367,211142.3143470581,141019.85243326356,1220.6946184713336,1150.671827197791,775.5752081756879,13433424.669957642,10989143.38190093,424396971.76532316,426580341.02334523,426224898.0157747,2326651.699066258,2338661.802687825,2336967.3622007165,37514.41873333335
35.591169916666665,-78227.01873217222,-75539.2922172986,-2197.9333333333334,-500.0,-1697.9333333333334,-2122.4166666666665,0.2794117831527368,4326.75,4326.75,75.51666666666688,67.02375299763455,67.02375299763455,64.08503904510133,251303.38563528558,251303.38563528558,112224.30822233141,1371.4306192030656,1371.4306192030656,616.8450950872318,13433424.669957642,10989143.38190093,424396971.76532316,426580341.02334523,426224898.0157747,2326651.699066258,2338661.802687825,2336967.3622007165,37514.41873333335
30.32997941666667,-63575.6808545889,-60513.363932819455,-2096.133333333333,-500.0,-1596.1333333333334,-1995.1666666666667,0.4191176655056779,4343.333333333333,4343.333333333333,100.96666666666648,67.02375299763455,67.02375299763455,64.08503904510133,252414.86287249633,252414.86287249633,121441.8730049851,1377.592712174065,1377.592712174065,667.6552165988553,13433424.669957642,10989143.38190093,424396971.76532316,426580341.02334523,426224898.0157747,2326651.699066258,2338661.802687825,2336967.3622007165,37514.41873333335
27.9607065,-58529.2148929,-55686.077053625,-2093.2666666666664,-500.0,-1593.2666666666669,-1991.5833333333333,0.5588235478586192,4438.333333333333,4438.333333333333,101.68333333333317,67.02375299763455,67.02375299763455,64.08503904510133,258782.11940727162,258782.11940727162,127759.58977084805,1412.893144269238,1412.893144269238,702.4804621076916,13433424.669957642,10989143.38190093,424396971.76532316,426580341.02334523,426224898.0157747,2326651.699066258,2338661.802687825,2336967.3622007165,37514.41873333335
33.98870808333333,-53742.94522136666,-45935.73897462499,-1581.2,-500.0,-1081.2,-1351.5,0.6985294302115603,4376.033333333333,4252.333333333333,106.0,67.02375299763455,66.88652526387231,64.87509142362563,254606.53959551896,246324.62663585492,156929.54984136636,1389.7434924847191,1344.0494341800277,863.147047965069,13433424.669957642,10989143.38190093,424396971.76532316,426580341.02334523,426224898.0157747,2326651.699066258,2338661.802687825,2336967.3622007165,37514.41873333335
59.92051325,-13106.613598216669,-16383.266997770834,-218.73333333333332,0.0,-218.73333333333332,-273.4166666666667,0.6985294302115603,4668.566666666667,4723.25,0.0,67.02375299763455,67.02375299763455,67.02375299763455,274213.221472427,277878.30369884765,259552.8925667444,1498.444051104803,1518.7634752634456,1417.1663544702326,13433424.669957642,10989143.38190093,424396971.76532316,426580341.02334523,426224898.0157747,2326651.699066258,2338661.802687825,2336967.3622007165,37514.41873333335
61.67799341666667,50649.96819376668,23221.764521375004,821.2,520.0,301.2,376.5,0.537538718137257,6012.716666666667,6457.416666666667,0.0,67.90153151218232,67.90153151218232,67.90153151218232,365028.57763661613,395224.3887000836,420789.31531442027,2000.6866022768193,2165.5380175566997,2305.107520261613,13433424.669957642,10989143.38190093,424396971.76532316,426580341.02334523,426224898.0157747,2326651.699066258,2338661.802687825,2336967.3622007165,37514.41873333335
59.23141541666667,66487.26972834987,75149.85830989583,1122.5001,107.5001,1015.0,1268.75,0.5042569534313746,8179.2499,8033.0,0.0,68.50608143191351,68.50608143191351,68.9759577203446,512578.5145009452,502559.50694213604,589647.036414538,2806.3833559486056,2751.526422314985,3232.1899430401904,13433424.669957642,10989143.38190093,424396971.76532316,426580341.02334523,426224898.0157747,2326651.699066258,2338661.802687825,2336967.3622007165,37514.41873333335
53.05917591666668,23784.65992424445,62892.80985322223,448.26666666666665,-500.0,948.2666666666668,1185.3333333333333,0.6439628357843157,9731.066666666666,8994.0,0.0,68.9859436184972,68.9759577203446,69.2899179190971,619260.8395295079,568419.6854261019,650271.2441293492,3395.8836323869036,3114.9535377670954,3566.0255543097524,13433424.669957642,10989143.38190093,424396971.76532316,426580341.02334523,426224898.0157747,2326651.699066258,2338661.802687825,2336967.3622007165,37514.41873333335
60.82805741666666,87057.11577473332,69283.15739758333,1431.2,520.0,911.2,1139.0,0.4829721237100123,8976.133333333333,9268.333333333334,0.0,68.53386343827097,68.9759577203446,69.2899179190971,567189.5686887945,587342.0898273832,666069.3454149034,3108.221210471731,3219.4599678128657,3652.2739033036914,13433424.669957642,10989143.38190093,424396971.76532316,426580341.02334523,426224898.0157747,2326651.699066258,2338661.802687825,2336967.3622007165,37514.41873333335
67.60616291666666,102355.73065583332,84000.65742395833,1514.0,520.0,994.0,1242.5,0.3219814116357089,9395.916666666666,9667.416666666666,0.0,68.9759577203446,68.9859436184972,69.88353314694594,596142.2724332038,614869.8842181906,701073.6339170437,3268.062441810457,3371.563153467519,3843.777193932505,13433424.669957642,10989143.38190093,424396971.76532316,426580341.02334523,426224898.0157747,2326651.699066258,2338661.802687825,2336967.3622007165,37514.41873333335
67.40682216666666,73006.08219464443,47443.168334972215,1083.0666666666666,520.0,563.0666666666667,703.8333333333334,0.1609906995614055,9263.516666666666,9642.75,0.0,68.9759577203446,68.9859436184972,69.2899179190971,587009.8556310302,613168.2309422677,661859.9829013182,3217.625073627979,3362.138092247124,3629.2932576835956,13433424.669957642,10989143.38190093,424396971.76532316,426580341.02334523,426224898.0157747,2326651.699066258,2338661.802687825,2336967.3622007165,37514.41873333335
61.87005058333333,38524.418163222224,7939.989824861112,622.6666666666667,520.0,102.66666666666669,128.33333333333334,-1.2512897884509044e-08,9088.333333333332,9582.666666666666,0.0,68.9759577203446,68.9759577203446,68.9859436184972,574926.417437721,609023.532537478,617876.5215942301,3150.8895276856283,3339.2042734424654,3388.2162177184205,13433424.669957642,10989143.38190093,424396971.76532316,426580341.02334523,426224898.0157747,2326651.699066258,2338661.802687825,2336967.3622007165,37514.41873333335
53.20863366666666,-14465.653872844445,-18082.067341055557,-271.8666666666667,0.0,-271.8666666666667,-339.8333333333333,-1.2512897884509044e-08,9562.7,9630.666666666666,0.0,68.9759577203446,68.9859436184972,68.9759577203446,607646.312581662,612334.6507902108,588894.0488760908,3331.5980338802037,3357.521085906052,3228.0312728287695,13433424.669957642,10989143.38190093,424396971.76532316,426580341.02334523,426224898.0157747,2326651.699066258,2338661.802687825,2336967.3622007165,37514.41873333335
46.95574633333334,-48868.41040064445,-31738.171542472224,-1040.7333333333331,-500.0,-540.7333333333333,-675.9166666666666,0.1397058698400433,9609.4,9244.583333333334,0.0,68.9859436184972,68.9759577203446,68.53386343827097,610867.5497225908,585703.910831525,539264.3037998137,3349.3951547457655,3210.4124791849663,2953.69748724046,13433424.669957642,10989143.38190093,424396971.76532316,426580341.02334523,426224898.0157747,2326651.699066258,2338661.802687825,2336967.3622007165,37514.41873333335
43.74925958333333,-35466.06643555556,-16989.29580486111,-810.6666666666667,-500.0,-310.6666666666667,-388.3333333333333,0.2794117521929845,8913.083333333334,8490.75,0.0,68.53386343827097,68.53386343827097,68.50608143191351,562868.5085990116,533924.373606915,507314.97076153476,3084.3107374275596,2924.1491231163513,2777.563947649365,13433424.669957642,10989143.38190093,424396971.76532316,426580341.02334523,426224898.0157747,2326651.699066258,2338661.802687825,2336967.3622007165,37514.41873333335
44.18799083333332,-34487.25391238888,-15491.573119652774,-780.4666666666667,-500.0,-280.46666666666664,-350.5833333333333,0.4191176345459256,9082.3,8652.416666666666,0.0,68.9759577203446,68.53386343827097,68.53386343827097,574510.2624928083,545004.0148627688,520977.1845723683,3148.5911481184007,2985.4580283578157,2852.506191063567,13433424.669957642,10989143.38190093,424396971.76532316,426580341.02334523,426224898.0157747,2326651.699066258,2338661.802687825,2336967.3622007165,37514.41873333335
48.95964425,-18921.20033899324,-9665.449769020832,-386.4652333333333,-228.5319,-157.93333333333334,-197.41666666666663,0.4829721360165139,9302.465233333332,9113.416666666666,0.0,68.9759577203446,68.9759577203446,68.53386343827097,589696.3703186981,576656.5643772064,563068.3990340398,3232.4624089538584,3160.444945499655,3085.4168259241837,13433424.669957642,10989143.38190093,424396971.76532316,426580341.02334523,426224898.0157747,2326651.699066258,2338661.802687825,2336967.3622007165,37514.41873333335
52.97570883333333,-473.24966557777776,-591.5620819722221,-8.933333333333334,0.0,-8.933333333333334,-11.166666666666666,0.4829721360165139,9747.766666666666,9750.0,0.0,68.9859436184972,68.9859436184972,68.9859436184972,620412.9047879368,620566.9733953516,619796.6303582784,3402.264653564496,3403.118003702018,3398.851253014407,13433424.669957642,10989143.38190093,424396971.76532316,426580341.02334523,426224898.0157747,2326651.699066258,2338661.802687825,2336967.3622007165,37514.41873333335
59.526272000000006,40200.07569066667,11558.017813333334,675.3333333333334,520.0,155.33333333333334,194.16666666666663,0.3219814239422105,9432.333333333334,9913.5,0.0,68.9759577203446,69.2899179190971,69.2899179190971,598654.1468935197,631851.6742825225,645305.4666784805,3281.93525770657,3465.465527522228,3538.9153276523,13433424.669957642,10989143.38190093,424396971.76532316,426580341.02334523,426224898.0157747,2326651.699066258,2338661.802687825,2336967.3622007165,37514.41873333335
65.88980158333332,109614.27391403331,94189.471363375,1663.6,520.0,1143.6,1429.5,0.1609907118679071,10094.98333333333,10329.08333333333,0.0,69.2899179190971,69.2899179190971,70.14753497815997,644426.6395528731,660647.4093377338,760430.5223134342,3534.117448004318,3622.6733186160773,4170.0031910496755,13433424.669957642,10989143.38190093,424396971.76532316,426580341.02334523,426224898.0157747,2326651.699066258,2338661.802687825,2336967.3622007165,37514.41873333335
66.11380808333332,75510.78400557776,51414.50475280554,1142.1333333333332,520.0,622.1333333333333,777.6666666666666,-2.0639628894869588e-10,10063.950000000004,10428.41666666667,0.0,69.2899179190971,69.2899179190971,69.88353314694594,642276.342433451,667530.2078510312,721770.8069840644,3522.3780893912567,3660.249353704082,3957.4285679577956,13433424.669957642,10989143.38190093,424396971.76532316,426580341.02334523,426224898.0157747,2326651.699066258,2338661.802687825,2336967.3622007165,37514.41873333335
40.62534775,-7055.268725916667,-8819.085907395833,-173.66666666666669,0.0,-173.66666666666669,-217.08333333333331,-2.0639628894869588e-10,8082.25,8125.666666666667,0.0,68.50608143191351,68.50608143191351,68.50608143191351,505933.4314526578,508907.73715482675,494036.2086439822,2769.9996245630264,2786.2847994720446,2704.8589249269558,13433424.669957642,10989143.38190093,424396971.76532316,426580341.02334523,426224898.0157747,2326651.699066258,2338661.802687825,2336967.3622007165,37514.41873333335
43.59817791666666,-6525.193961527778,-8156.492451909722,-149.66666666666669,0.0,-149.66666666666669,-187.08333333333331,-2.0639628894869588e-10,5728.75,5766.166666666667,0.0,67.82198251836347,67.82198251836347,67.82198251836347,345756.87153199466,348294.54404455674,335606.18148174626,1894.7222731055795,1908.791273847089,1838.4462701395414,13433424.669957642,10989143.38190093,424396971.76532316,426580341.02334523,426224898.0157747,2326651.699066258,2338661.802687825,2336967.3622007165,37514.41873333335
30.832255000000004,-46042.83413333335,-38283.38329166667,-1493.3333333333337,-500.0,-993.3333333333336,-1241.6666666666667,0.1397058821465449,5585.666666666667,5409.0,75.0,67.82198251836347,67.82198251836347,66.88652526387231,336052.67619999213,324070.79262174794,240639.27198842578,1840.9216622521901,1774.4934182165548,1312.800201112556,13433424.669957642,10989143.38190093,424396971.76532316,426580341.02334523,426224898.0157747,2326651.699066258,2338661.802687825,2336967.3622007165,37514.41873333335
21.970984166666668,-41364.03952444445,-37973.18430138889,-1882.6666666666667,-500.0,-1382.6666666666667,-1728.3333333333333,0.279411764499486,5410.75,5402.416666666667,146.0,67.82198251836347,67.82198251836347,66.88652526387231,324189.48109115503,323624.297903502,207647.49340202083,1775.151433841436,1772.0180261039063,1131.4627398121982,13433424.669957642,10989143.38190093,424396971.76532316,426580341.02334523,426224898.0157747,2326651.699066258,2338661.802687825,2336967.3622007165,37514.41873333335
12.528767333333334,-29055.04669715556,-28488.32878811112,-2319.0666666666666,-500.0,-1819.0666666666668,-2273.833333333333,0.4191176468524272,5556.416666666667,5556.416666666667,45.23333333333312,67.82198251836347,67.82198251836347,65.40326881856896,334068.88321133005,334068.88321133005,181890.39929907417,1829.92340109346,1829.92340109346,994.0841615037211,13433424.669957642,10989143.38190093,424396971.76532316,426580341.02334523,426224898.0157747,2326651.699066258,2338661.802687825,2336967.3622007165,37514.41873333335
1.626041,-3848.080227866667,-3793.824659833333,-2366.5333333333333,-500.0,-1866.5333333333333,-2333.1666666666665,0.5588235292053685,5554.166666666667,5554.166666666667,33.36666666666679,67.82198251836347,67.82198251836347,65.40326881856896,333916.2837506637,333916.2837506637,177862.64799433062,1829.0773810043268,1829.0773810043268,972.9899021039199,13433424.669957642,10989143.38190093,424396971.76532316,426580341.02334523,426224898.0157747,2326651.699066258,2338661.802687825,2336967.3622007165,37514.41873333335
-0.5939107499999999,1136.54720525,1049.4897878124998,-1913.6666666666667,-500.0,-1413.6666666666667,-1767.0833333333333,0.6985294115583096,5661.416666666667,5661.416666666667,146.58333333333348,67.82198251836347,67.82198251836347,66.88652526387231,341190.19137575815,341190.19137575815,222379.2505913887,1869.4043385863374,1869.4043385863374,1212.4350172605589,13433424.669957642,10989143.38190093,424396971.76532316,426580341.02334523,426224898.0157747,2326651.699066258,2338661.802687825,2336967.3622007165,37514.41873333335
-0.988645333333334,1112.3578193777785,772.5439408888893,-1125.1333333333332,-500.0,-625.1333333333333,-781.4166666666666,0.8382352939112507,5695.75,5695.75,343.7166666666667,67.82198251836347,67.82198251836347,67.02375299763455,343518.74610888865,343518.74610888865,290685.4258341457,1882.3139784649607,1882.3139784649607,1589.7668882408418,13433424.669957642,10989143.38190093,424396971.76532316,426580341.02334523,426224898.0157747,2326651.699066258,2338661.802687825,2336967.3622007165,37514.41873333335
34.155795250000004,-12348.458509383334,5911.798894520834,-361.5333333333333,-500.0,138.46666666666667,173.08333333333334,0.977941176264192,7167.533333333334,6836.916666666667,204.0,68.04554692124721,67.90153151218232,67.90153151218232,443462.9423945408,420993.01990895683,432745.6433215237,2428.7637429586484,2306.2196278528872,2370.3820574939023,13433424.669957642,10989143.38190093,424396971.76532316,426580341.02334523,426224898.0157747,2326651.699066258,2338661.802687825,2336967.3622007165,37514.41873333335
57.82129316666667,91727.6994796,77075.78379116667,1586.4,520.0,1066.4,1333.0,0.8169504641898885,8974.266666666666,9227.666666666666,0.0,68.53386343827097,68.9759577203446,69.2899179190971,567061.6388103764,584537.0675467558,676693.7994958315,3107.513313833891,3203.9681276359706,3710.2771789428893,13433424.669957642,10989143.38190093,424396971.76532316,426580341.02334523,426224898.0157747,2326651.699066258,2338661.802687825,2336967.3622007165,37514.41873333335
52.83812524999999,85907.7465731333,73039.90180391665,1625.8666666666666,520.0,1105.8666666666666,1382.3333333333333,0.6559597521155851,9663.3,9906.833333333334,0.0,68.9859436184972,69.2899179190971,69.88353314694594,614585.8920836278,631389.7414963952,727576.9638630231,3369.9901871692505,3462.943645972698,3989.3110721511584,13433424.669957642,10989143.38190093,424396971.76532316,426580341.02334523,426224898.0157747,2326651.699066258,2338661.802687825,2336967.3622007165,37514.41873333335
48.01627525,45176.91284021667,50169.00492370833,940.8666666666668,105.0,835.8666666666667,1044.8333333333333,0.6234520121775046,9899.383333333331,9795.416666666666,0.0,69.25199687859578,68.9859436184972,69.88353314694594,630873.5398241233,623700.0850013583,696205.0811078065,3460.125646928015,3420.47157925984,3817.0432185005575,13433424.669957642,10989143.38190093,424396971.76532316,426580341.02334523,426224898.0157747,2326651.699066258,2338661.802687825,2336967.3622007165,37514.41873333335
48.72116591666667,55899.41769505556,38205.51427298611,1147.3333333333337,520.0,627.3333333333334,784.1666666666666,0.4624613001032012,9532.5,9895.666666666666,0.0,68.9759577203446,69.25199687859578,69.88353314694594,605563.2386585075,630616.1532357245,684994.5976654838,3320.0934378144116,3458.723190262826,3755.484722440151,13433424.669957642,10989143.38190093,424396971.76532316,426580341.02334523,426224898.0157747,2326651.699066258,2338661.802687825,2336967.3622007165,37514.41873333335
49.68249658333334,42664.01589932779,21036.39709499306,858.7333333333333,520.0,338.7333333333333,423.4166666666667,0.3014705880288978,9890.516666666665,10325.83333333333,0.0,68.9859436184972,69.2899179190971,69.88353314694594,630260.6482394772,660422.2171044967,689845.6795914342,3456.809011235228,3621.443901360681,3782.122762553562,13433424.669957642,10989143.38190093,424396971.76532316,426580341.02334523,426224898.0157747,2326651.699066258,2338661.802687825,2336967.3622007165,37514.41873333335
43.97873016666667,-879.5746033333335,-1099.4682541666668,-20.0,0.0,-20.0,-25.0,0.3014705880288978,9895.166666666666,9900.166666666666,0.0,69.1323741147171,69.2899179190971,68.9859436184972,630581.5790738163,630927.8087102679,629201.7140049334,3458.539555761055,3460.421764423167,3450.943821110915,13433424.669957642,10989143.38190093,424396971.76532316,426580341.02334523,426224898.0157747,2326651.699066258,2338661.802687825,2336967.3622007165,37514.41873333335
42.19011025,-24596.83427575,-4377.2239384375,-583.0,-500.0,-83.0,-103.75,0.441176470381839,9067.166666666666,8587.916666666666,0.0,68.9759577203446,68.53386343827097,68.53386343827097,573466.4263326405,540583.5806710003,533473.1923392797,3142.8261518558515,2960.99767131818,2921.652523366827,13433424.669957642,10989143.38190093,424396971.76532316,426580341.02334523,426224898.0157747,2326651.699066258,2338661.802687825,2336967.3622007165,37514.41873333335
42.57680483333333,-4592.618014688889,-5740.772518361112,-107.86666666666667,0.0,-107.86666666666667,-134.83333333333334,0.441176470381839,8008.616666666667,8035.583333333333,0.0,68.50608143191351,68.50608143191351,68.50608143191351,500889.10032322124,502736.48098583514,493499.5776727655,2742.380468037867,2752.4954058508383,2701.9207167859813,13433424.669957642,10989143.38190093,424396971.76532316,426580341.02334523,426224898.0157747,2326651.699066258,2338661.802687825,2336967.3622007165,37514.41873333335
38.2119815,-32044.5676859,-16173.221169875,-838.6,-500.0,-338.6,-423.25,0.5808823527347802,8327.35,7912.0,0.0,68.53386343827097,68.50608143191351,68.04554692124721,522725.9403211016,494270.27108887455,465320.3061580941,2862.182885282607,2706.1404837969553,2547.8609136982195,13433424.669957642,10989143.38190093,424396971.76532316,426580341.02334523,426224898.0157747,2326651.699066258,2338661.802687825,2336967.3622007165,37514.41873333335
34.040442750000004,-28210.44958835,-13987.785266687502,-828.7333333333333,-500.0,-328.7333333333333,-410.9166666666667,0.7205882350877213,8359.233333333334,7941.416666666667,0.0,68.53386343827097,68.50608143191351,68.04554692124721,524911.0283337252,496285.4916509967,468161.20774205617,2874.274012677135,2717.1743930923167,2563.340517947824,13433424.669957642,10989143.38190093,424396971.76532316,426580341.02334523,426224898.0157747,2326651.699066258,2338661.802687825,2336967.3622007165,37514.41873333335
34.71544883333333,-27985.28048617778,-13284.445086888889,-806.1333333333334,-500.0,-306.1333333333334,-382.6666666666667,0.8602941174406624,8771.966666666667,8348.5,0.0,68.53386343827097,68.53386343827097,68.50608143191351,553197.2382368142,524175.431532821,497958.1818059592,3030.7950157080254,2870.203607009557,2726.3328503828006,13433424.669957642,10989143.38190093,424396971.76532316,426580341.02334523,426224898.0157747,2326651.699066258,2338661.802687825,2336967.3622007165,37514.41873333335
43.268041333333336,-18795.6371552,3547.979389333333,-434.4,-500.0,65.60000000000001,82.0,0.9999999997936035,8993.65,8477.25,0.0,68.9759577203446,68.53386343827097,68.53386343827097,568395.5438408998,532999.1664504984,538618.9432524366,3114.820206355737,2919.029513503404,2950.126401522786,13433424.669957642,10989143.38190093,424396971.76532316,426580341.02334523,426224898.0157747,2326651.699066258,2338661.802687825,2336967.3622007165,37514.41873333335
50.75977925,9877.85304205,12347.3163025625,194.6,0.0,194.6,243.25,0.9999999997936035,10075.06666666667,10026.41666666667,0.0,69.2899179190971,69.2899179190971,69.2899179190971,643046.6153543182,639675.6608475541,656530.4333813745,3526.583326875098,3508.1798962674,3600.19704930589,13433424.669957642,10989143.38190093,424396971.76532316,426580341.02334523,426224898.0157747,2326651.699066258,2338661.802687825,2336967.3622007165,37514.41873333335
56.35227708333333,44368.02615694444,55460.03269618055,787.3333333333334,0.0,787.3333333333334,984.1666666666666,0.9999999997936035,10951.583333333334,10759.75,5.0,69.88353314694594,69.88353314694594,70.14753497815997,703985.4477981665,690579.4566894773,759401.6918004213,3859.766413688455,3786.1520459320627,4164.326510207167,13433424.669957642,10989143.38190093,424396971.76532316,426580341.02334523,426224898.0157747,2326651.699066258,2338661.802687825,2336967.3622007165,37514.41873333335
58.95174225,17288.580943849996,21610.726179812496,293.26666666666665,0.0,293.26666666666665,366.5833333333333,0.9999999997936035,10983.233333333335,10964.91666666667,55.0,69.88353314694594,69.88353314694594,69.88353314694594,706197.2616222674,704917.2282401259,730535.3667662439,3871.9118250150746,3864.8829640103595,4005.556119423204,13433424.669957642,10989143.38190093,424396971.76532316,426580341.02334523,426224898.0157747,2326651.699066258,2338661.802687825,2336967.3622007165,37514.41873333335
54.09108258333333,2134.794725955556,2668.4934074444445,39.46666666666667,0.0,39.46666666666667,49.333333333333336,0.9999999997936035,9462.916666666666,9462.916666666666,9.866666666666674,68.9759577203446,68.9759577203446,68.9759577203446,600763.6616004668,600763.6616004668,604166.4755146705,3293.5858834133733,3293.5858834133733,3312.3792633000976,13433424.669957642,10989143.38190093,424396971.76532316,426580341.02334523,426224898.0157747,2326651.699066258,2338661.802687825,2336967.3622007165,37514.41873333335
67.266965,8991.350988333334,11239.188735416668,133.66666666666669,0.0,133.66666666666669,167.08333333333334,0.9999999997936035,7295.416666666667,7295.416666666667,33.41666666666666,68.04554692124721,68.04554692124721,68.04554692124721,452164.83375331963,452164.83375331963,463534.11055141134,2476.178913979493,2476.178913979493,2538.128228391582,13433424.669957642,10989143.38190093,424396971.76532316,426580341.02334523,426224898.0157747,2326651.699066258,2338661.802687825,2336967.3622007165,37514.41873333335
69.55126341666667,-25172.920605938896,-31466.150757423613,-361.9333333333334,0.0,-361.9333333333334,-452.4166666666667,0.9999999997936035,5797.849999999999,5888.333333333333,0.0,67.82198251836347,67.90153151218232,67.82198251836347,350443.37052401353,356582.75880869245,325896.3343178672,1920.7044900651777,1954.5773858674888,1784.6143252087763,13433424.669957642,10989143.38190093,424396971.76532316,426580341.02334523,426224898.0157747,2326651.699066258,2338661.802687825,2336967.3622007165,37514.41873333335
73.31735174999999,-48555.6381523,-60694.54769037499,-662.2666666666668,0.0,-662.2666666666668,-827.8333333333334,0.9999999997936035,4590.266666666666,4755.833333333333,0.0,67.02375299763455,67.02375299763455,66.88652526387231,268965.26161271223,280062.16098402056,224631.096941939,1469.3490633884655,1530.8709041662637,1224.8121644755179,13433424.669957642,10989143.38190093,424396971.76532316,426580341.02334523,426224898.0157747,2326651.699066258,2338661.802687825,2336967.3622007165,37514.41873333335
73.46158058333333,-59998.52158176111,-74998.15197720139,-816.7333333333333,0.0,-816.7333333333333,-1020.9166666666666,0.9999999997936035,4766.9,4971.083333333333,0.0,67.02375299763455,67.02375299763455,66.88652526387231,280803.8905171944,294489.02381676144,226113.74825195485,1534.9830948524382,1610.854251624011,1232.9614742754666,13433424.669957642,10989143.38190093,424396971.76532316,426580341.02334523,426224898.0157747,2326651.699066258,2338661.802687825,2336967.3622007165,37514.41873333335
66.73245500000002,-58822.43466733335,-73528.04333416668,-881.4666666666667,0.0,-881.4666666666667,-1101.8333333333333,0.9999999997936035,5346.133333333333,5566.5,0.0,67.82198251836347,67.82198251836347,67.02375299763455,319807.05065409344,334752.75486839016,260547.07823620935,1750.8549902446287,1833.714824455871,1422.6781763236897,13433424.669957642,10989143.38190093,424396971.76532316,426580341.02334523,426224898.0157747,2326651.699066258,2338661.802687825,2336967.3622007165,37514.41873333335
70.82084608333332,-31236.71451248889,-39045.89314061111,-441.0666666666667,0.0,-441.0666666666667,-551.3333333333334,0.9999999997936035,5595.483333333334,5705.75,0.0,67.82198251836347,67.82198251836347,67.82198251836347,336718.4619950474,344196.9659340723,306804.4462389479,1844.6128165670002,1886.0740677499966,1678.7678118350145,13433424.669957642,10989143.38190093,424396971.76532316,426580341.02334523,426224898.0157747,2326651.699066258,2338661.802687825,2336967.3622007165,37514.41873333335
73.87308558333334,8662.85050273889,-37188.942500743055,117.26666666666664,520.0,-402.73333333333335,-503.4166666666667,0.8390092877193002,6650.316666666667,7271.0,0.0,67.90153151218232,68.04554692124721,67.90153151218232,408322.59412878356,450503.3883159925,416285.1803907788,2237.0465356756313,2467.125971773636,2280.5175857434388,13433424.669957642,10989143.38190093,424396971.76532316,426580341.02334523,426224898.0157747,2326651.699066258,2338661.802687825,2336967.3622007165,37514.41873333335
79.41757383333334,42493.69650575556,1495.6976405277778,535.0666666666667,520.0,15.066666666666666,18.83333333333333,0.6780185756449968,8949.766666666666,9466.0,0.0,68.53386343827097,68.9759577203446,68.9759577203446,565382.5591561387,600976.3374701046,602275.3846738378,3098.2221704622466,3294.7604696562935,3301.934969410347,13433424.669957642,10989143.38190093,424396971.76532316,426580341.02334523,426224898.0157747,2326651.699066258,2338661.802687825,2336967.3622007165,37514.41873333335
84.092499,168465.30633000002,155921.5085625,2003.3333333333333,520.0,1483.3333333333337,1854.1666666666667,0.5170278635706934,11501.916666666664,11651.08333333333,0.0,69.88353314694594,70.14753497815997,73.83508222800492,742444.6855400356,752889.662303282,886524.8119864616,4070.952028225036,4128.395700783557,4863.647292143586,13433424.669957642,10989143.38190093,424396971.76532316,426580341.02334523,426224898.0157747,2326651.699066258,2338661.802687825,2336967.3622007165,37514.41873333335
81.9369655,177639.341204,168790.14893,2168.0,520.0,1648.0,2060.0,0.35603715149639,12250.41666666667,12358.41666666667,0.0,70.41406126820642,73.02251350048215,75.26966408849565,794933.9757721049,802704.724572627,954381.479810003,4360.236768579369,4402.296395555134,5237.355291591557,13433424.669957642,10989143.38190093,424396971.76532316,426580341.02334523,426224898.0157747,2326651.699066258,2338661.802687825,2336967.3622007165,37514.41873333335
72.99098508333333,77998.16666005,97497.7083250625,1068.6,0.0,1068.6,1335.75,0.35603715149639,12436.9,12169.75,0.0,73.02251350048215,70.14753497815997,73.83508222800492,808435.7748405229,789272.8504452878,886543.2707570189,4433.8574321454735,4329.143777850473,4863.748652093808,13433424.669957642,10989143.38190093,424396971.76532316,426580341.02334523,426224898.0157747,2326651.699066258,2338661.802687825,2336967.3622007165,37514.41873333335
77.44768549999999,75883.2422529,44513.057241125,979.8,520.0,459.8,574.75,0.1950464394220866,11754.61666666667,12159.66666666667,0.0,70.14753497815997,70.14753497815997,73.02251350048215,760152.2704246879,788565.5294675916,830161.1896488082,4168.467906912727,4325.24105977125,4553.499832692124,13433424.669957642,10989143.38190093,424396971.76532316,426580341.02334523,426224898.0157747,2326651.699066258,2338661.802687825,2336967.3622007165,37514.41873333335
69.57199791666667,11340.235660416669,14175.294575520837,163.0,0.0,163.0,203.75,0.1950464394220866,11964.0,11923.25,0.0,70.14753497815997,70.14753497815997,70.14753497815997,774839.9951235313,771981.4830731713,786274.0433249715,4249.508976713229,4233.736835054211,4312.597543349296,13433424.669957642,10989143.38190093,424396971.76532316,426580341.02334523,426224898.0157747,2326651.699066258,2338661.802687825,2336967.3622007165,37514.41873333335
60.17389991666666,-33637.21005341667,-4437.825118854166,-559.0,-500.0,-59.0,-73.75,0.3347523217750278,12033.41666666667,11548.16666666667,0.0,70.14753497815997,69.88353314694594,69.88353314694594,779709.4031765988,745676.7989480821,740522.8883784949,4276.376449109878,4088.700062154142,4060.399143186111,13433424.669957642,10989143.38190093,424396971.76532316,426580341.02334523,426224898.0157747,2326651.699066258,2338661.802687825,2336967.3622007165,37514.41873333335
66.07719241666666,-6672.576208596705,468.0467796180555,-100.98153333333332,-106.6482,5.666666666666667,7.083333333333333,0.3645510835397336,11453.231533333335,11345.16666666667,0.0,69.88353314694594,69.88353314694594,69.88353314694594,739042.3964109723,731490.4417192522,731985.450079043,4052.2695331278924,4010.8005835031554,4013.5187508616673,13433424.669957642,10989143.38190093,424396971.76532316,426580341.02334523,426224898.0157747,2326651.699066258,2338661.802687825,2336967.3622007165,37514.41873333335
64.51565491666666,-15750.421886988886,20634.256964180557,-244.13333333333333,-500.0,255.86666666666667,319.8333333333333,0.5042569658926748,12062.299999999996,11498.33333333333,0.0,70.14753497815997,69.88353314694594,70.14753497815997,781735.4978118842,742194.269546259,764610.1462725495,4287.555639905408,4069.576955326024,4193.064706972369,13433424.669957642,10989143.38190093,424396971.76532316,426580341.02334523,426224898.0157747,2326651.699066258,2338661.802687825,2336967.3622007165,37514.41873333335
65.50968791666666,9874.493625305557,12343.117031631944,150.73333333333332,0.0,150.73333333333332,188.41666666666663,0.5042569658926748,11630.433333333332,11592.75,0.0,70.14753497815997,70.14753497815997,70.14753497815997,751441.1157059831,748797.7227628895,762014.6874783577,4120.403192188252,4105.817992887215,4178.743989392404,13433424.669957642,10989143.38190093,424396971.76532316,426580341.02334523,426224898.0157747,2326651.699066258,2338661.802687825,2336967.3622007165,37514.41873333335
65.00166491666667,15873.40657265,19841.7582158125,244.2,0.0,244.2,305.25,0.5042569658926748,11399.63333333333,11338.58333333333,0.0,69.88353314694594,69.88353314694594,70.14753497815997,735296.7648246554,731030.3751260344,752381.0926746903,4031.70169156813,4008.2742867817133,4125.589614230726,13433424.669957642,10989143.38190093,424396971.76532316,426580341.02334523,426224898.0157747,2326651.699066258,2338661.802687825,2336967.3622007165,37514.41873333335
67.51916274999999,11761.83815105,14702.297688812498,174.20000000000002,0.0,174.20000000000002,217.75,0.5042569658926748,11188.8,11145.25,0.0,69.88353314694594,69.88353314694594,69.88353314694594,720562.9865861745,717519.558717625,732736.6980603725,3950.7962396030266,3934.0843071141085,4017.6439695587005,13433424.669957642,10989143.38190093,424396971.76532316,426580341.02334523,426224898.0157747,2326651.699066258,2338661.802687825,2336967.3622007165,37514.41873333335
74.68511883333333,8928.605956525,4742.505045916667,119.55,68.75,50.8,63.5,0.4829721361713125,11536.033333333333,11592.08333333333,0.0,69.88353314694594,70.14753497815997,70.14753497815997,744828.878745899,748750.9577395705,753205.3262106837,4084.044001361208,4105.559961939827,4130.1374096784175,13433424.669957642,10989143.38190093,424396971.76532316,426580341.02334523,426224898.0157747,2326651.699066258,2338661.802687825,2336967.3622007165,37514.41873333335
77.13992833333333,53241.97853566666,16411.519752916665,690.2,520.0,170.20000000000002,212.75,0.3219814240970091,12484.8,12962.25,0.0,73.02251350048215,73.02251350048215,73.02251350048215,811933.5532371959,846798.1523080012,862333.6920552287,4453.119784908404,4645.120000496318,4730.674604886995,13433424.669957642,10989143.38190093,424396971.76532316,426580341.02334523,426224898.0157747,2326651.699066258,2338661.802687825,2336967.3622007165,37514.41873333335
89.60838733333333,85241.47192395556,48306.388138277776,951.2666666666668,520.0,431.2666666666667,539.0833333333334,0.1609907120227057,14056.316666666668,14468.5,0.0,73.83508222800492,75.26966408849565,75.26966408849565,927212.8646329079,958151.2354864349,998727.8569021415,5087.071651750101,5258.294921845622,5483.683387924746,13433424.669957642,10989143.38190093,424396971.76532316,426580341.02334523,426224898.0157747,2326651.699066258,2338661.802687825,2336967.3622007165,37514.41873333335
79.29340875,41084.558187,-185.01795375,518.1333333333333,520.0,-1.866666666666667,-2.333333333333333,-5.1597670580605375e-11,12980.533333333333,13501.0,0.0,73.02251350048215,73.83508222800492,73.83508222800492,848133.2472631683,886211.0128869929,886038.7310284608,4652.472401672705,4861.924172989835,4860.978146787775,13433424.669957642,10989143.38190093,424396971.76532316,426580341.02334523,426224898.0157747,2326651.699066258,2338661.802687825,2336967.3622007165,37514.41873333335
45.8003025,-23737.41436658849,-25151.99945625,-518.2807333333333,-78.9474,-439.3333333333333,-549.1666666666666,0.0220588323013435,9538.9474,9569.833333333334,0.0,68.9759577203446,68.9759577203446,68.9759577203446,606007.9542483136,608138.3410800671,570259.0442986445,3322.549554790391,3334.315455025987,3125.1121214896493,13433424.669957642,10989143.38190093,424396971.76532316,426580341.02334523,426224898.0157747,2326651.699066258,2338661.802687825,2336967.3622007165,37514.41873333335
34.13250625,-43248.160919166665,-32727.38474270833,-1267.0666666666666,-500.0,-767.0666666666667,-958.8333333333334,0.1617647146542846,7290.25,7290.25,308.23333333333323,68.04554692124721,68.04554692124721,67.90153151218232,451813.2650942265,451813.2650942265,386668.7957295486,2474.263274331837,2474.263274331837,2118.829498723183,13433424.669957642,10989143.38190093,424396971.76532316,426580341.02334523,426224898.0157747,2326651.699066258,2338661.802687825,2336967.3622007165,37514.41873333335
35.409871083333336,-54845.16899193889,-46425.29181284028,-1548.8666666666666,-500.0,-1048.8666666666666,-1311.0833333333333,0.3014705970072259,6396.5,6396.5,237.7833333333333,67.90153151218232,67.90153151218232,67.02375299763455,391088.0537387998,391088.0537387998,302152.072909491,2142.9560550783262,2142.9560550783262,1653.338631303465,13433424.669957642,10989143.38190093,424396971.76532316,426580341.02334523,426224898.0157747,2326651.699066258,2338661.802687825,2336967.3622007165,37514.41873333335
26.77719483333333,-50264.36499481111,-46094.70947268055,-1877.1333333333332,-500.0,-1377.1333333333334,-1721.4166666666667,0.4411764793601671,6618.916666666667,6618.916666666667,155.7166666666667,67.90153151218232,67.90153151218232,67.02375299763455,406190.4860393011,406190.4860393011,289557.1926586855,2225.4064762202947,2225.4064762202947,1583.511899395908,13433424.669957642,10989143.38190093,424396971.76532316,426580341.02334523,426224898.0157747,2326651.699066258,2338661.802687825,2336967.3622007165,37514.41873333335
15.419198083333336,-33279.76919652778,-31962.712693576388,-2158.333333333333,-500.0,-1658.3333333333333,-2072.9166666666665,0.5808823617131083,6660.75,6660.75,85.41666666666652,67.90153151218232,67.90153151218232,67.02375299763455,409031.033440894,409031.033440894,268802.170480418,2240.914198743063,2240.914198743063,1468.4448768821685,13433424.669957642,10989143.38190093,424396971.76532316,426580341.02334523,426224898.0157747,2326651.699066258,2338661.802687825,2336967.3622007165,37514.41873333335
10.693235416666669,-21770.714425972223,-20530.12089704861,-2035.9333333333332,-500.0,-1535.9333333333334,-1919.9166666666667,0.7205882440660494,6457.75,6457.75,116.01666666666664,67.90153151218232,67.90153151218232,67.02375299763455,395247.02254392096,395247.02254392096,265450.98283053626,2165.6615850668413,2165.6615850668413,1449.865702095235,13433424.669957642,10989143.38190093,424396971.76532316,426580341.02334523,426224898.0157747,2326651.699066258,2338661.802687825,2336967.3622007165,37514.41873333335
10.121558083333332,-17681.012430505558,-15775.29173604861,-1746.8666666666668,-500.0,-1246.8666666666668,-1558.5833333333333,0.8602941264189905,6532.333333333333,6532.333333333333,188.28333333333356,67.90153151218232,67.90153151218232,67.02375299763455,400311.3451025379,400311.3451025379,294667.75382475514,2193.3098154610193,2193.3098154610193,1611.8451409459808,13433424.669957642,10989143.38190093,424396971.76532316,426580341.02334523,426224898.0157747,2326651.699066258,2338661.802687825,2336967.3622007165,37514.41873333335
12.816971166666669,-11258.4274728,-6062.427361833334,-878.4000000000001,-500.0,-378.4,-473.0,1.0000000087719316,6933.5,6933.5,405.4000000000001,67.90153151218232,67.90153151218232,67.90153151218232,427551.1761608417,427551.1761608417,395433.7517555795,2342.0233139164097,2342.0233139164097,2166.6810170255094,13433424.669957642,10989143.38190093,424396971.76532316,426580341.02334523,426224898.0157747,2326651.699066258,2338661.802687825,2336967.3622007165,37514.41873333335
49.02734275,679.8458194666666,849.8072743333332,13.866666666666667,0.0,13.866666666666667,17.333333333333332,1.0000000087719316,9455.75,9455.75,3.466666666666665,68.9759577203446,68.9759577203446,68.9759577203446,600269.333903471,600269.333903471,601464.9171706238,3290.855764037937,3290.855764037937,3297.458843457597,13433424.669957642,10989143.38190093,424396971.76532316,426580341.02334523,426224898.0157747,2326651.699066258,2338661.802687825,2336967.3622007165,37514.41873333335
75.58693908333332,89646.10975283332,112057.63719104163,1186.0,0.0,1186.0,1482.5,1.0000000087719316,13529.08333333333,13232.58333333333,0.0,73.83508222800492,73.02251350048215,75.26966408849565,888284.5481128958,866538.5717909647,976711.4801562562,4873.310274064627,4753.8309823386035,5361.390372630615,13433424.669957642,10989143.38190093,424396971.76532316,426580341.02334523,426224898.0157747,2326651.699066258,2338661.802687825,2336967.3622007165,37514.41873333335
80.52131600000001,164016.5526042667,205020.69075533331,2036.9333333333332,0.0,2036.9333333333332,2546.1666666666665,1.0000000087719316,15638.483333333334,15129.25,0.0,77.0687083991426,75.72022253129346,83.42667722235473,1047084.3856634644,1007919.0298855978,1208447.4815696303,5747.541897691393,5534.350484102505,6634.020117318629,13433424.669957642,10989143.38190093,424396971.76532316,426580341.02334523,426224898.0157747,2326651.699066258,2338661.802687825,2336967.3622007165,37514.41873333335
83.61877566666666,133165.6875416889,166457.1094271111,1592.5333333333335,0.0,1592.5333333333335,1990.6666666666667,1.0000000087719316,16148.966666666664,15750.83333333333,0.0,77.24027979043585,77.0687083991426,84.15258502527199,1086489.578660395,1055743.055052108,1213986.0678403317,5961.989948673257,5794.62989251767,6664.023633113316,13433424.669957642,10989143.38190093,424396971.76532316,426580341.02334523,426224898.0157747,2326651.699066258,2338661.802687825,2336967.3622007165,37514.41873333335
87.56676933333334,180119.00673404447,168230.3583508889,2056.9333333333334,520.0,1536.9333333333334,1921.1666666666667,0.8390092966976282,15666.066666666664,15801.83333333333,0.0,77.0687083991426,77.24027979043585,84.15258502527199,1049210.1975368073,1059676.9028691417,1212429.2450173642,5759.102590680191,5816.034059934432,6655.787838598196,13433424.669957642,10989143.38190093,424396971.76532316,426580341.02334523,426224898.0157747,2326651.699066258,2338661.802687825,2336967.3622007165,37514.41873333335
93.43476775,159947.86441896664,139202.2314862083,1711.8666666666666,520.0,1191.8666666666666,1489.8333333333333,0.6780185846233249,15384.216666666667,15606.25,0.0,77.0687083991426,77.0687083991426,80.87937701573092,1027488.3820745092,1044600.2042960654,1161149.4565522207,5640.973962804925,5734.032302380012,6373.521140370449,13433424.669957642,10989143.38190093,424396971.76532316,426580341.02334523,426224898.0157747,2326651.699066258,2338661.802687825,2336967.3622007165,37514.41873333335
88.23731350000001,88119.66374866669,52795.325910833344,998.6666666666669,520.0,478.66666666666674,598.3333333333334,0.5170278725490215,14685.083333333336,15085.41666666667,0.0,75.26966408849565,75.72022253129346,77.0687083991426,974453.3902336018,1004599.9601313096,1050573.0291969993,5348.847499267117,5516.143065227526,5766.514007756396,13433424.669957642,10989143.38190093,424396971.76532316,426580341.02334523,426224898.0157747,2326651.699066258,2338661.802687825,2336967.3622007165,37514.41873333335
76.25912841666668,-43472.78713939446,-6679.02866382639,-570.0666666666666,-500.0,-70.06666666666666,-87.58333333333333,0.6567337549019627,14950.650000000003,14468.16666666667,0.0,75.26966408849565,75.26966408849565,75.26966408849565,994442.5040267034,958126.1455984056,951533.7775186548,5459.879801586016,5258.155556586029,5221.537334627587,13433424.669957642,10989143.38190093,424396971.76532316,426580341.02334523,426224898.0157747,2326651.699066258,2338661.802687825,2336967.3622007165,37514.41873333335
88.9874655,55178.1611077,11130.848809625,620.0666666666666,520.0,100.06666666666666,125.08333333333331,0.4957430428276593,12942.849999999997,13437.83333333333,0.0,73.02251350048215,73.21363636363637,73.83508222800492,845381.5155460916,881550.339415595,890782.63506161,4637.31854655893,4836.351623609322,4887.027653994498,13433424.669957642,10989143.38190093,424396971.76532316,426580341.02334523,426224898.0157747,2326651.699066258,2338661.802687825,2336967.3622007165,37514.41873333335
86.03317958333334,510.4635321944445,638.0794152430556,5.933333333333334,0.0,5.933333333333334,7.416666666666667,0.4957430428276593,13136.566666666664,13135.08333333333,0.0,73.02251350048215,73.02251350048215,73.02251350048215,859527.1934530267,859418.8767246676,859960.4603664628,4715.219147172549,4714.62264425122,4717.605158857867,13433424.669957642,10989143.38190093,424396971.76532316,426580341.02334523,426224898.0157747,2326651.699066258,2338661.802687825,2336967.3622007165,37514.41873333335
82.47407958333334,-3936.7627321111113,-4920.953415138889,-47.73333333333333,0.0,-47.73333333333333,-59.66666666666666,0.4957430428276593,12933.066666666668,12945.0,0.0,73.02251350048215,73.02251350048215,73.02251350048215,844667.1119556788,845538.5139501179,841181.5039779225,4633.384308190163,4638.183140680858,4614.188978227382,13433424.669957642,10989143.38190093,424396971.76532316,426580341.02334523,426224898.0157747,2326651.699066258,2338661.802687825,2336967.3622007165,37514.41873333335
87.12144816666665,-9828.751377336112,-16778.138892763887,-112.81666666666668,41.25,-154.0666666666667,-192.58333333333331,0.482972144994842,13118.900000000003,13198.66666666667,0.0,73.02251350048215,73.02251350048215,73.02251350048215,858237.129047852,864061.8915414071,849998.9724831058,4708.114730356718,4740.1918425082085,4662.746996935605,13433424.669957642,10989143.38190093,424396971.76532316,426580341.02334523,426224898.0157747,2326651.699066258,2338661.802687825,2336967.3622007165,37514.41873333335
90.97868641666668,42541.63376843333,-5959.103960291667,467.6,520.0,-52.400000000000006,-65.5,0.3219814329205386,13106.56666666667,13639.66666666667,0.0,73.02251350048215,73.83508222800492,73.83508222800492,857336.5180480126,896449.4776226098,891613.2797366754,4703.1550431456635,4918.145158712259,4891.588851754433,13433424.669957642,10989143.38190093,424396971.76532316,426580341.02334523,426224898.0157747,2326651.699066258,2338661.802687825,2336967.3622007165,37514.41873333335
89.11247108333332,57174.56144706666,13545.095604666663,641.6,520.0,121.6,152.0,0.1609907208462352,14088.56666666667,14578.16666666667,0.0,74.42452733601802,75.26966408849565,75.26966408849565,929597.080305984,966405.8086481402,977846.7975895916,5100.088568926004,5304.146092252197,5367.6966506272665,13433424.669957642,10989143.38190093,424396971.76532316,426580341.02334523,426224898.0157747,2326651.699066258,2338661.802687825,2336967.3622007165,37514.41873333335
101.04944908333334,97782.18356297223,56545.58754954862,967.6666666666669,520.0,447.66666666666674,559.5833333333334,8.771931792050935e-09,14658.999999999996,15067.08333333333,0.0,75.26966408849565,75.72022253129346,77.0687083991426,972490.1064952931,1003211.7560515688,1046173.6904258811,5337.942167703849,5508.52779497563,5742.589310785617,13433424.669957642,10989143.38190093,424396971.76532316,426580341.02334523,426224898.0157747,2326651.699066258,2338661.802687825,2336967.3622007165,37514.41873333335
73.74008375,-5481.346225416667,-6851.682781770834,-74.33333333333334,0.0,-74.33333333333334,-92.91666666666669,8.771931792050935e-09,14133.249999999996,14151.83333333333,0.0,74.72673614667623,74.90691170957636,73.83508222800492,932935.7170210568,934327.1476408874,927404.8358467005,5118.446363634008,5126.084233835757,5088.125795232396,13433424.669957642,10989143.38190093,424396971.76532316,426580341.02334523,426224898.0157747,2326651.699066258,2338661.802687825,2336967.3622007165,37514.41873333335
56.10249083333333,-55358.19778827777,-34133.690464513886,-986.7333333333332,-500.0,-486.73333333333335,-608.4166666666666,0.1397058911248729,10214.5,10214.5,378.3166666666667,69.2899179190971,69.2899179190971,68.9859436184972,652707.9395761708,652707.9395761708,610638.7463429229,3579.328479483525,3579.328479483525,3348.127866108699,13433424.669957642,10989143.38190093,424396971.76532316,426580341.02334523,426224898.0157747,2326651.699066258,2338661.802687825,2336967.3622007165,37514.41873333335
60.4005695,-38484.059775387344,-42144.497368624994,-637.1473000000001,-78.9473,-558.2,-697.75,0.1617646955366376,8344.1473,8404.75,0.0,68.53386343827097,68.53386343827097,68.50608143191351,523877.12418543326,528030.4613512238,480226.52439533226,2868.5529311012406,2891.53531373017,2629.2469515969865,13433424.669957642,10989143.38190093,424396971.76532316,426580341.02334523,426224898.0157747,2326651.699066258,2338661.802687825,2336967.3622007165,37514.41873333335
53.555730583333336,-85978.36987848334,-74000.63073352084,-1605.4,-500.0,-1105.4,-1381.75,0.3014705778895789,7837.75,7837.75,223.6500000000001,68.50608143191351,68.50608143191351,67.90153151218232,489183.69454255496,489183.69454255496,395128.19486377464,2678.2900215245277,2678.2900215245277,2165.012855638598,13433424.669957642,10989143.38190093,424396971.76532316,426580341.02334523,426224898.0157747,2326651.699066258,2338661.802687825,2336967.3622007165,37514.41873333335
42.912685833333335,-87235.76860772222,-82224.28211381944,-2032.8666666666668,-500.0,-1532.8666666666668,-1916.0833333333333,0.44117646024252,7955.333333333333,7955.333333333333,116.78333333333352,68.50608143191351,68.50608143191351,67.90153151218232,497238.8679509241,497238.8679509241,366830.2316060727,2722.394401172558,2722.394401172558,2010.5225760840888,13433424.669957642,10989143.38190093,424396971.76532316,426580341.02334523,426224898.0157747,2326651.699066258,2338661.802687825,2336967.3622007165,37514.41873333335
52.574565250000006,-119137.46982751667,-116062.73400314586,-2266.0666666666666,-500.0,-1766.0666666666668,-2207.583333333333,0.5808823425954612,8329.583333333334,8329.583333333334,58.48333333333312,68.53386343827097,68.53386343827097,67.90153151218232,522878.9992827804,522878.9992827804,372449.0833387058,2863.0298330457363,2863.0298330457363,2041.1982104767362,13433424.669957642,10989143.38190093,424396971.76532316,426580341.02334523,426224898.0157747,2326651.699066258,2338661.802687825,2336967.3622007165,37514.41873333335
51.567021833333335,-102752.4477051,-96211.17098554168,-1992.6,-500.0,-1492.6,-1865.75,0.7205882249484024,7890.666666666667,7890.666666666667,126.85000000000014,68.50608143191351,68.50608143191351,67.90153151218232,492808.80801832705,492808.80801832705,365856.97632106475,2698.1385552428123,2698.1385552428123,2005.2091731480011,13433424.669957642,10989143.38190093,424396971.76532316,426580341.02334523,426224898.0157747,2326651.699066258,2338661.802687825,2336967.3622007165,37514.41873333335
55.38689175,-94002.6326781,-82886.48350387499,-1697.2,-500.0,-1197.2,-1496.5,0.8602941073013435,8115.5,8115.5,200.70000000000005,68.50608143191351,68.50608143191351,67.90153151218232,508211.2586602689,508211.2586602689,406196.1445002604,2782.4713803954605,2782.4713803954605,2225.43736809783,13433424.669957642,10989143.38190093,424396971.76532316,426580341.02334523,426224898.0157747,2326651.699066258,2338661.802687825,2336967.3622007165,37514.41873333335
58.35049741666666,-41856.75681355556,-15851.885131527775,-717.3333333333334,-500.0,-217.33333333333337,-271.6666666666667,0.9999999896542846,8512.916666666666,8512.916666666666,445.6666666666667,68.53386343827097,68.53386343827097,68.50608143191351,535443.54091313,535443.54091313,516825.8984003321,2932.555395690696,2932.555395690696,2829.6389983181243,13433424.669957642,10989143.38190093,424396971.76532316,426580341.02334523,426224898.0157747,2326651.699066258,2338661.802687825,2336967.3622007165,37514.41873333335
75.7990965,38804.0841349,48505.105168625,511.9333333333333,0.0,511.9333333333333,639.9166666666666,0.9999999896542846,11192.650000000003,11085.66666666667,21.0,69.88353314694594,69.88353314694594,70.14753497815997,720832.0381887904,713355.6648676198,758115.6536591552,3952.2736435084776,3911.2197228631017,4157.230659154032,13433424.669957642,10989143.38190093,424396971.76532316,426580341.02334523,426224898.0157747,2326651.699066258,2338661.802687825,2336967.3622007165,37514.41873333335
131.23050791666668,242828.93184900004,218236.33466541668,1850.4,520.0,1330.4,1663.0,0.8390092775799812,11693.18333333333,11880.58333333333,0.0,70.14753497815997,70.14753497815997,73.83508222800492,755842.8735258625,768988.5215807697,889355.1568052019,4144.690355111033,4217.222854421456,4879.189151177429,13433424.669957642,10989143.38190093,424396971.76532316,426580341.02334523,426224898.0157747,2326651.699066258,2338661.802687825,2336967.3622007165,37514.41873333335
98.91948116666664,203147.6411559444,189636.8886865972,2053.666666666667,520.0,1533.6666666666667,1917.0833333333333,0.6780185655056779,13599.833333333336,13736.41666666667,0.0,73.83508222800492,73.83508222800492,77.0687083991426,893508.3801805276,903593.0218281692,1048241.7007679251,4901.995139977092,4957.371459447676,5753.835664690131,13433424.669957642,10989143.38190093,424396971.76532316,426580341.02334523,426224898.0157747,2326651.699066258,2338661.802687825,2336967.3622007165,37514.41873333335
81.12117158333334,127219.6293550889,106295.77516469444,1568.2666666666669,520.0,1048.2666666666669,1310.3333333333333,0.5170278534313745,12849.566666666666,13107.5,0.0,73.02251350048215,73.02251350048215,75.26966408849565,838569.7320783884,857404.6723939462,954337.5725059512,4599.805885315326,4703.530370826499,5237.111402387266,13433424.669957642,10989143.38190093,424396971.76532316,426580341.02334523,426224898.0157747,2326651.699066258,2338661.802687825,2336967.3622007165,37514.41873333335
90.35747441666666,115211.80371287777,85282.39627026388,1275.0666666666666,520.0,755.0666666666667,943.8333333333334,0.3560371413570711,12689.183333333336,13020.41666666667,0.0,73.02251350048215,73.02251350048215,73.83508222800492,826858.1379548031,851045.6285099462,920415.1147291164,4535.309844731583,4668.510957748452,5049.744160748821,13433424.669957642,10989143.38190093,424396971.76532316,426580341.02334523,426224898.0157747,2326651.699066258,2338661.802687825,2336967.3622007165,37514.41873333335
89.61341341666666,75179.67962902223,35725.88081544444,838.9333333333334,520.0,318.9333333333334,398.6666666666667,0.1950464292827677,11839.316666666664,12279.58333333333,0.0,70.14753497815997,71.36025335511255,73.02251350048215,766093.7666373376,797000.5702978829,826059.7584738639,4201.250738778214,4371.362796100184,4530.913149041782,13433424.669957642,10989143.38190093,424396971.76532316,426580341.02334523,426224898.0157747,2326651.699066258,2338661.802687825,2336967.3622007165,37514.41873333335
87.96794800000002,65442.28878213336,24623.694777666675,743.9333333333334,520.0,223.93333333333337,279.9166666666667,0.0340557172084642,11466.483333333334,11930.5,0.0,69.88353314694594,70.14753497815997,70.14753497815997,739968.4790155289,772490.052701763,792125.5168677329,4057.354795744577,4236.542921607042,4344.883665641067,13433424.669957642,10989143.38190093,424396971.76532316,426580341.02334523,426224898.0157747,2326651.699066258,2338661.802687825,2336967.3622007165,37514.41873333335
80.391659,13532.603970832568,5861.891802083334,168.33343333333335,110.0001,58.33333333333334,72.91666666666667,-4.1305467601837627e-08,11253.499900000004,11348.91666666667,0.0,69.88353314694594,69.88353314694594,69.88353314694594,725084.4441924288,731752.5049685532,736848.1792605179,3975.6242616659397,4012.239613281191,4040.2207478541027,13433424.669957642,10989143.38190093,424396971.76532316,426580341.02334523,426224898.0157747,2326651.699066258,2338661.802687825,2336967.3622007165,37514.41873333335
74.27225133333334,-14324.641540488892,-17905.801925611115,-192.86666666666667,0.0,-192.86666666666667,-241.08333333333331,-4.1305467601837627e-08,11656.533333333333,11704.75,0.0,70.14753497815997,70.14753497815997,69.88353314694594,753271.9663689131,756654.2466804434,739771.640397165,4130.505103778445,4149.167192048194,4056.2739244890745,13433424.669957642,10989143.38190093,424396971.76532316,426580341.02334523,426224898.0157747,2326651.699066258,2338661.802687825,2336967.3622007165,37514.41873333335
63.49389541666668,-9985.473285861111,-12481.84160732639,-157.26666666666668,0.0,-157.26666666666668,-196.58333333333331,-4.1305467601837627e-08,11082.850000000002,11122.16666666667,0.0,69.88353314694594,69.88353314694594,69.88353314694594,713158.8262492557,715906.4138274832,702168.4759363461,3910.138851607599,3925.2262793693135,3849.789140560743,13433424.669957642,10989143.38190093,424396971.76532316,426580341.02334523,426224898.0157747,2326651.699066258,2338661.802687825,2336967.3622007165,37514.41873333335
58.619903,-51046.2115324,-27170.3250405,-870.8,-500.0,-370.8,-463.5,0.1397058410474735,11223.63333333333,10816.33333333333,0.0,69.88353314694594,69.88353314694594,69.2899179190971,722997.2629907929,694533.6999400419,662293.0448883123,3964.1632273189994,3807.865406360641,3631.657521636279,13433424.669957642,10989143.38190093,424396971.76532316,426580341.02334523,426224898.0157747,2326651.699066258,2338661.802687825,2336967.3622007165,37514.41873333335
58.548717583333335,-39926.32214399445,-13314.954190409722,-681.9333333333334,-500.0,-181.9333333333333,-227.41666666666663,0.2794117234004147,10981.099999999997,10526.58333333333,0.0,69.88353314694594,69.2899179190971,69.2899179190971,706048.1767515535,674332.1681267554,658574.4859599875,3871.093176963568,3697.3840595209144,3611.3563751625597,13433424.669957642,10989143.38190093,424396971.76532316,426580341.02334523,426224898.0157747,2326651.699066258,2338661.802687825,2336967.3622007165,37514.41873333335
61.647202083333326,-38233.59473208333,-9262.492113020831,-620.2,-500.0,-120.2,-150.25,0.4191176057533559,11195.45,10725.5,0.0,69.88353314694594,69.88353314694594,69.2899179190971,721027.7120816017,688185.9456791944,677704.277465485,3953.3481190760767,3773.008907292672,3715.7937948324875,13433424.669957642,10989143.38190093,424396971.76532316,426580341.02334523,426224898.0157747,2326651.699066258,2338661.802687825,2336967.3622007165,37514.41873333335
69.96487466666666,37193.32737279999,1014.4906826666664,531.6,520.0,11.6,14.5,0.2581268936790525,10537.06666666667,11054.16666666667,0.0,69.2899179190971,69.88353314694594,69.88353314694594,675058.557432941,711154.3335734908,712167.6448041216,3701.3497182575534,3899.131872727604,3904.696121202674,13433424.669957642,10989143.38190093,424396971.76532316,426580341.02334523,426224898.0157747,2326651.699066258,2338661.802687825,2336967.3622007165,37514.41873333335
76.46017141666665,72346.61419445,40734.15632222916,946.2,520.0,426.2000000000001,532.75,0.0971361816047491,10993.716666666667,11407.16666666667,0.0,69.88353314694594,69.88353314694594,70.14753497815997,706929.8739947579,735823.2207743628,773150.6086561409,3875.934712705671,4034.5925425000087,4240.187608738882,13433424.669957642,10989143.38190093,424396971.76532316,426580341.02334523,426224898.0157747,2326651.699066258,2338661.802687825,2336967.3622007165,37514.41873333335
71.36751233333332,46004.68790860555,29516.41364252777,644.6166666666667,313.75,330.8666666666667,413.5833333333333,-4.13054676295932e-08,11407.883333333337,11638.91666666667,0.0,69.88353314694594,70.14753497815997,70.14753497815997,735873.3039731182,752036.2006277147,781048.0519690987,4034.867557079811,4123.68663599375,4283.762584978825,13433424.669957642,10989143.38190093,424396971.76532316,426580341.02334523,426224898.0157747,2326651.699066258,2338661.802687825,2336967.3622007165,37514.41873333335
54.38447833333333,-8469.476092444445,-10586.845115555556,-155.73333333333335,0.0,-155.73333333333335,-194.66666666666663,-4.13054676295932e-08,9851.233333333334,9890.166666666666,0.0,68.9859436184972,68.9859436184972,68.9859436184972,627550.6504209974,630236.5031592109,616807.2394681434,3441.7989644132886,3456.6752772584528,3382.2937130326313,13433424.669957642,10989143.38190093,424396971.76532316,426580341.02334523,426224898.0157747,2326651.699066258,2338661.802687825,2336967.3622007165,37514.41873333335
51.12316583333333,-25708.855124588277,-27091.017627847217,-502.88073333333335,-78.9474,-423.9333333333333,-529.9166666666666,0.0220587910474735,8017.130733333333,8044.166666666667,0.0,68.50608143191351,68.50608143191351,68.04554692124721,501472.36566760467,503324.49151812575,467055.4676045859,2745.5740127177987,2755.7149317925446,2557.3155222818104,13433424.669957642,10989143.38190093,424396971.76532316,426580341.02334523,426224898.0157747,2326651.699066258,2338661.802687825,2336967.3622007165,37514.41873333335
29.31619016666667,-39725.39208851112,-31334.121256472223,-1355.0666666666666,-500.0,-855.0666666666666,-1068.8333333333333,0.1617646734004147,8075.066666666667,7842.833333333333,54.0,68.50608143191351,68.50608143191351,67.90153151218232,505441.3294343719,489531.9337898338,416720.88188464864,2767.305225182686,2680.1967310628193,2282.8962603136642,13433424.669957642,10989143.38190093,424396971.76532316,426580341.02334523,426224898.0157747,2326651.699066258,2338661.802687825,2336967.3622007165,37514.41873333335
7.117271416666667,-13885.322049155557,-12908.357926027778,-1950.9333333333332,-500.0,-1450.9333333333334,-1813.6666666666667,0.3014705557533559,8398.416666666666,8398.416666666666,137.26666666666665,68.53386343827097,68.53386343827097,67.90153151218232,527596.413549448,527596.413549448,403870.5170459681,2889.133521566071,2889.133521566071,2212.7408064307824,13433424.669957642,10989143.38190093,424396971.76532316,426580341.02334523,426224898.0157747,2326651.699066258,2338661.802687825,2336967.3622007165,37514.41873333335
-0.0101253333333333,19.16320586666667,17.625674,-1892.6,-500.0,-1392.6,-1740.75,0.4411764381062971,8354.833333333334,8354.833333333334,151.85000000000014,68.53386343827097,68.53386343827097,67.90153151218232,524609.4793345968,524609.4793345968,405862.2953036589,2872.6053991736558,2872.6053991736558,2223.6147473232418,13433424.669957642,10989143.38190093,424396971.76532316,426580341.02334523,426224898.0157747,2326651.699066258,2338661.802687825,2336967.3622007165,37514.41873333335
11.140925833333334,-18854.16015194445,-16604.621544097223,-1692.3333333333337,-500.0,-1192.3333333333337,-1490.4166666666667,0.5808823204592383,7974.666666666667,7974.666666666667,201.91666666666677,68.50608143191351,68.50608143191351,67.90153151218232,498563.3188586078,498563.3188586078,397046.4131289938,2729.6461489247504,2729.6461489247504,2175.4852021230968,13433424.669957642,10989143.38190093,424396971.76532316,426580341.02334523,426224898.0157747,2326651.699066258,2338661.802687825,2336967.3622007165,37514.41873333335
20.90151558333333,-25439.93133366111,-18736.466927493053,-1217.1333333333332,-500.0,-717.1333333333333,-896.4166666666666,0.7205882028121795,7861.133333333333,7808.416666666667,268.0,68.50608143191351,68.50608143191351,67.90153151218232,490785.59508003783,487174.18282055215,426091.29323332984,2687.0608854006705,2667.287369762581,2334.053209512278,13433424.669957642,10989143.38190093,424396971.76532316,426580341.02334523,426224898.0157747,2326651.699066258,2338661.802687825,2336967.3622007165,37514.41873333335
26.080496333333333,-14488.585063044444,-1810.4211204722224,-555.5333333333333,-500.0,-55.53333333333334,-69.41666666666667,0.8602940851651206,8715.616666666667,8370.5,141.0,68.53386343827097,68.53386343827097,68.53386343827097,549335.3550320676,525683.1765284629,520925.7841747897,3009.4253859532423,2878.5466745269523,2852.2217683072927,13433424.669957642,10989143.38190093,424396971.76532316,426580341.02334523,426224898.0157747,2326651.699066258,2338661.802687825,2336967.3622007165,37514.41873333335
43.94481258333333,-9629.773264094443,15428.291284465273,-219.13333333333333,-500.0,280.8666666666667,351.0833333333333,0.9999999675180616,11042.966666666667,10479.75,7.0,69.88353314694594,69.2899179190971,69.88353314694594,710371.6380022449,671087.0903042112,695547.0111706728,3894.8339704572036,3679.667841635465,3813.429654835713,13433424.669957642,10989143.38190093,424396971.76532316,426580341.02334523,426224898.0157747,2326651.699066258,2338661.802687825,2336967.3622007165,37514.41873333335
64.04026858333333,91231.76021978982,105234.17134956249,1424.5999000000002,109.9999,1314.6,1643.25,0.9659442709236346,12177.1501,11958.5,0.0,70.14753497815997,70.14753497815997,73.83508222800492,789791.9492188797,774454.1836811515,893649.8974214643,4332.007960071109,4247.380221397288,4902.7722329287835,13433424.669957642,10989143.38190093,424396971.76532316,426580341.02334523,426224898.0157747,2326651.699066258,2338661.802687825,2336967.3622007165,37514.41873333335
65.36043125,115204.29612125002,101521.08983906252,1762.6,520.0,1242.6,1553.25,0.8049535588493312,12479.73333333333,12689.08333333333,0.0,73.02251350048215,73.02251350048215,75.26966408849565,811563.5725021267,826850.8357034526,941127.74645842,4451.082291783861,4535.269631051492,5163.735593210787,13433424.669957642,10989143.38190093,424396971.76532316,426580341.02334523,426224898.0157747,2326651.699066258,2338661.802687825,2336967.3622007165,37514.41873333335
66.98607750000001,125085.335385,112815.71885625002,1867.3333333333333,520.0,1347.3333333333337,1684.1666666666667,0.6439628467750278,11994.250000000004,12177.41666666667,0.0,70.14753497815997,70.14753497815997,73.83508222800492,776961.9580566209,789810.6482134538,912834.7129537078,4261.217130950905,4332.111133745422,5008.11900785818,13433424.669957642,10989143.38190093,424396971.76532316,426580341.02334523,426224898.0157747,2326651.699066258,2338661.802687825,2336967.3622007165,37514.41873333335
69.63707516666668,105941.20368688893,87162.4057502778,1521.3333333333337,520.0,1001.3333333333336,1251.6666666666667,0.4829721347007244,12007.750000000004,12277.41666666667,0.0,70.14753497815997,71.3495232534152,73.83508222800492,777908.9497788261,796845.9723319315,888284.5481128962,4266.442257635487,4370.544952822678,4873.31027406463,13433424.669957642,10989143.38190093,424396971.76532316,426580341.02334523,426224898.0157747,2326651.699066258,2338661.802687825,2336967.3622007165,37514.41873333335
70.39928616666667,94499.3084643889,72364.59957215279,1342.3333333333337,520.0,822.3333333333335,1027.9166666666667,0.321981422626421,11836.916666666664,12151.33333333333,0.0,70.14753497815997,70.14753497815997,73.02251350048215,765925.41255339,787980.9666761064,862644.0377376055,4200.321827367622,4322.015672928913,4732.383686290804,13433424.669957642,10989143.38190093,424396971.76532316,426580341.02334523,426224898.0157747,2326651.699066258,2338661.802687825,2336967.3622007165,37514.41873333335
70.91331358333333,66214.12466987778,36674.00200818056,933.7333333333332,520.0,413.73333333333335,517.1666666666666,0.1609907105521176,11659.766666666665,12076.33333333333,0.0,70.14753497815997,70.14753497815997,73.02251350048215,753498.776732009,782719.9015527444,819871.1004546981,4131.75655387327,4292.9871913479,4496.832055165824,13433424.669957642,10989143.38190093,424396971.76532316,426580341.02334523,426224898.0157747,2326651.699066258,2338661.802687825,2336967.3622007165,37514.41873333335
62.98005274999999,46966.32467076666,17770.87155095833,745.7333333333333,520.0,225.73333333333332,282.1666666666667,-1.522185766322792e-09,11015.933333333332,11479.5,0.0,69.88353314694594,69.88353314694594,70.14753497815997,708482.4531561724,740878.1296719917,760646.8105462836,3884.4601646795427,4062.349827996336,4171.19658418134,13433424.669957642,10989143.38190093,424396971.76532316,426580341.02334523,426224898.0157747,2326651.699066258,2338661.802687825,2336967.3622007165,37514.41873333335
55.7979205,4713.064351566667,5891.330439458334,84.46666666666667,0.0,84.46666666666667,105.58333333333331,-1.522185766322792e-09,11106.199999999995,11085.08333333333,0.0,69.88353314694594,69.88353314694594,69.88353314694594,714790.6067482365,713314.8994732836,720693.4358480487,3919.0992103588305,3910.995873786516,3951.5125566480924,13433424.669957642,10989143.38190093,424396971.76532316,426580341.02334523,426224898.0157747,2326651.699066258,2338661.802687825,2336967.3622007165,37514.41873333335
54.04925674999999,958.4734863666664,1198.091857958333,17.733333333333334,0.0,17.733333333333334,22.166666666666668,-1.522185766322792e-09,10553.683333333332,10549.25,0.0,69.2899179190971,69.2899179190971,69.2899179190971,676209.9249023631,675902.7395995886,677438.6661134618,3707.6355080197563,3705.958456789319,3714.3437129415074,13433424.669957642,10989143.38190093,424396971.76532316,426580341.02334523,426224898.0157747,2326651.699066258,2338661.802687825,2336967.3622007165,37514.41873333335
53.670421,1195.0613742666665,1493.8267178333333,22.266666666666666,0.0,22.266666666666666,27.83333333333333,-1.522185766322792e-09,10173.066666666668,10167.5,0.0,69.2899179190971,69.2899179190971,69.2899179190971,649837.0273103896,649451.3134339732,651379.8828160547,3563.6549856531938,3561.5492145593357,3572.078070028625,13433424.669957642,10989143.38190093,424396971.76532316,426580341.02334523,426224898.0157747,2326651.699066258,2338661.802687825,2336967.3622007165,37514.41873333335
55.55481241666666,-5266.5962171,-6583.245271374999,-94.8,0.0,-94.8,-118.5,-1.522185766322792e-09,10457.63333333333,10481.33333333333,0.0,69.2899179190971,69.2899179190971,69.2899179190971,669554.6282862336,671196.7993409163,662985.9440675033,3671.301499594896,3680.266788503477,3635.4403439605744,13433424.669957642,10989143.38190093,424396971.76532316,426580341.02334523,426224898.0157747,2326651.699066258,2338661.802687825,2336967.3622007165,37514.41873333335
53.63616941666667,-11013.293453555558,-13766.616816944446,-205.33333333333337,0.0,-205.33333333333337,-256.6666666666667,-1.522185766322792e-09,10361.249999999996,10412.58333333333,0.0,69.2899179190971,69.2899179190971,69.2899179190971,662876.235030798,666433.1174839784,648648.7052180768,3634.841397092561,3654.259885023945,3557.1674453670257,13433424.669957642,10989143.38190093,424396971.76532316,426580341.02334523,426224898.0157747,2326651.699066258,2338661.802687825,2336967.3622007165,37514.41873333335
53.409292666666666,3599.7863257333333,4499.732907166666,67.4,0.0,67.4,84.25,-1.522185766322792e-09,9928.266666666666,9911.416666666666,0.0,69.2899179190971,69.2899179190971,69.2899179190971,632874.8554037946,631707.3202868577,637544.9958715417,3471.051495154438,3464.677439538,3496.54771762019,13433424.669957642,10989143.38190093,424396971.76532316,426580341.02334523,426224898.0157747,2326651.699066258,2338661.802687825,2336967.3622007165,37514.41873333335
53.85015566666667,8931.945819911112,11164.93227488889,165.86666666666667,0.0,165.86666666666667,207.33333333333331,-1.522185766322792e-09,10281.466666666667,10240.0,0.0,69.2899179190971,69.2899179190971,69.2899179190971,657348.0544128197,654474.8324831077,668840.9421316673,3604.6607796485578,3588.9746764104784,3667.4051926008733,13433424.669957642,10989143.38190093,424396971.76532316,426580341.02334523,426224898.0157747,2326651.699066258,2338661.802687825,2336967.3622007165,37514.41873333335
34.6509665,-10741.799614999998,-13427.24951875,-310.0,0.0,-310.0,-387.5,-1.522185766322792e-09,8825.166666666666,8902.666666666666,0.0,68.53386343827097,68.53386343827097,68.53386343827097,556843.2397717302,562154.6141881961,535597.7421058661,3050.9700698864535,3080.3604213681865,2933.4086639595207,13433424.669957642,10989143.38190093,424396971.76532316,426580341.02334523,426224898.0157747,2326651.699066258,2338661.802687825,2336967.3622007165,37514.41873333335
22.80437208333333,-22141.84578294508,-25426.874872916665,-970.9474,-78.9474,-892.0,-1115.0,0.0220588308307554,5775.4474,5919.5,0.0,67.82198251836347,67.90153151218232,67.02375299763455,348923.98177844763,358699.0232074888,283323.9836299055,1912.2809124434832,1966.1309480657267,1548.9546342922122,13433424.669957642,10989143.38190093,424396971.76532316,426580341.02334523,426224898.0157747,2326651.699066258,2338661.802687825,2336967.3622007165,37514.41873333335
14.371877250000002,-16716.409492050003,-11913.0885838125,-1163.1333333333332,-500.0,-663.1333333333333,-828.9166666666666,0.1617647131836966,3933.0,3933.0,334.2166666666666,66.88652526387231,66.88652526387231,65.40326881856896,224965.52956825838,224965.52956825838,170215.9158149596,1226.6503546559575,1226.6503546559575,932.9422080065976,13433424.669957642,10989143.38190093,424396971.76532316,426580341.02334523,426224898.0157747,2326651.699066258,2338661.802687825,2336967.3622007165,37514.41873333335
19.47062808333333,-20375.363268272224,-13300.061533256949,-1046.4666666666667,-500.0,-546.4666666666667,-683.0833333333334,0.3014705955366378,3931.75,3931.75,363.3833333333333,66.88652526387231,66.88652526387231,65.40326881856896,224881.92141167854,224881.92141167854,179672.13843164433,1226.1908071108476,1226.1908071108476,982.4666194526801,13433424.669957642,10989143.38190093,424396971.76532316,426580341.02334523,426224898.0157747,2326651.699066258,2338661.802687825,2336967.3622007165,37514.41873333335
22.721187,-35048.188320400004,-29609.4935255,-1542.5333333333335,-500.0,-1042.5333333333335,-1303.1666666666667,0.441176477889579,4642.25,4642.25,239.3666666666668,67.02375299763455,67.02375299763455,65.40326881856896,272449.37970603927,272449.37970603927,185585.68398732325,1488.665212108614,1488.665212108614,1013.4372168123341,13433424.669957642,10989143.38190093,424396971.76532316,426580341.02334523,426224898.0157747,2326651.699066258,2338661.802687825,2336967.3622007165,37514.41873333335
11.43778725,-21192.69473595,-19342.2513886875,-1852.8666666666668,-500.0,-1352.8666666666668,-1691.0833333333333,0.5808823602425202,4588.416666666667,4588.416666666667,161.78333333333353,67.02375299763455,67.02375299763455,64.87509142362563,268841.2676696666,268841.2676696666,156702.48702138374,1468.6616339213492,1468.6616339213492,861.8990099428726,13433424.669957642,10989143.38190093,424396971.76532316,426580341.02334523,426224898.0157747,2326651.699066258,2338661.802687825,2336967.3622007165,37514.41873333335
16.644473250000004,-32081.66737360001,-29699.288435750008,-1927.4666666666667,-500.0,-1427.4666666666667,-1784.3333333333333,0.7205882425954613,4475.75,4475.75,143.13333333333344,67.02375299763455,67.02375299763455,64.08503904510133,261289.9248319331,261289.9248319331,143439.0626572162,1426.7965600681264,1426.7965600681264,788.9106572166879,13433424.669957642,10989143.38190093,424396971.76532316,426580341.02334523,426224898.0157747,2326651.699066258,2338661.802687825,2336967.3622007165,37514.41873333335
2.3944865833333333,-3050.416274727778,-2316.466228826389,-1273.9333333333334,-500.0,-773.9333333333334,-967.4166666666666,0.8602941249484024,4189.0,4189.0,306.5166666666669,66.88652526387231,66.88652526387231,65.40326881856896,242088.48003580968,242088.48003580968,177900.79990114144,1320.7656918944606,1320.7656918944606,973.189712409466,13433424.669957642,10989143.38190093,424396971.76532316,426580341.02334523,426224898.0157747,2326651.699066258,2338661.802687825,2336967.3622007165,37514.41873333335
20.31015216666667,-16610.996452044445,-8069.900460888889,-817.8666666666667,-500.0,-317.8666666666667,-397.3333333333333,1.0000000073013435,4618.0,4618.0,420.53333333333336,67.02375299763455,67.02375299763455,66.88652526387231,270824.05369584664,270824.05369584664,244206.55333583234,1479.6543123369513,1479.6543123369513,1332.4075630372445,13433424.669957642,10989143.38190093,424396971.76532316,426580341.02334523,426224898.0157747,2326651.699066258,2338661.802687825,2336967.3622007165,37514.41873333335
43.981775166666665,1492.448237322222,1865.5602966527777,33.93333333333333,0.0,33.93333333333333,42.41666666666666,1.0000000073013435,6474.333333333333,6474.333333333333,8.483333333333348,67.90153151218232,67.90153151218232,67.90153151218232,396373.0562748313,396373.0562748313,399253.2129031397,2171.8090686963847,2171.8090686963847,2187.5330343619007,13433424.669957642,10989143.38190093,424396971.76532316,426580341.02334523,426224898.0157747,2326651.699066258,2338661.802687825,2336967.3622007165,37514.41873333335
56.406223833333335,93735.86276623332,80505.782966125,1661.8,520.0,1141.8,1427.25,0.8390092952270402,8107.366666666666,8341.916666666666,0.0,68.50608143191351,68.53386343827097,68.9859436184972,507654.07586462266,523724.25026518566,621889.2039813726,2779.4206451341934,2867.707007260033,3410.4415310016493,13433424.669957642,10989143.38190093,424396971.76532316,426580341.02334523,426224898.0157747,2326651.699066258,2338661.802687825,2336967.3622007165,37514.41873333335
55.35027275000001,104272.53382463336,94362.98999329167,1883.8666666666668,520.0,1363.8666666666668,1704.8333333333333,0.6780185831527368,9077.05,9256.083333333334,0.0,68.9759577203446,68.9759577203446,69.88353314694594,574148.1387147765,586497.134345309,704637.6941075381,3146.591176948023,3214.7933684153177,3863.3479989137877,13433424.669957642,10989143.38190093,424396971.76532316,426580341.02334523,426224898.0157747,2326651.699066258,2338661.802687825,2336967.3622007165,37514.41873333335
58.12668841666666,98133.35049757778,84884.34065113887,1688.2666666666669,520.0,1168.2666666666669,1460.3333333333333,0.5170278710784334,9499.233333333334,9727.166666666666,0.0,68.9759577203446,68.9859436184972,69.88353314694594,603268.6384650107,618991.7943493958,720472.1379930835,3307.4206046205263,3394.393453788544,3950.2973759466413,13433424.669957642,10989143.38190093,424396971.76532316,426580341.02334523,426224898.0157747,2326651.699066258,2338661.802687825,2336967.3622007165,37514.41873333335
61.30509941666667,96232.65805765556,80442.50795123613,1569.7333333333331,520.0,1049.7333333333331,1312.1666666666667,0.35603715900413,9547.433333333334,9805.0,0.0,68.9759577203446,68.9859436184972,69.88353314694594,606593.2796271314,624361.2002943689,715556.9961617482,3325.782244699042,3424.133342909656,3923.307572998598,13433424.669957642,10989143.38190093,424396971.76532316,426580341.02334523,426224898.0157747,2326651.699066258,2338661.802687825,2336967.3622007165,37514.41873333335
57.734656,76883.31690666667,58576.61973333333,1331.6666666666667,520.0,811.6666666666667,1014.5833333333334,0.1950464469298266,9970.333333333336,10287.41666666667,0.0,69.2899179190971,69.2899179190971,69.88353314694594,635789.651284258,657760.3294244384,728473.802538409,3486.9645677319754,3606.9115589315143,3994.235751835992,13433424.669957642,10989143.38190093,424396971.76532316,426580341.02334523,426224898.0157747,2326651.699066258,2338661.802687825,2336967.3622007165,37514.41873333335
57.78350841666667,61111.83850146667,38830.517656,1057.6,520.0,537.6,672.0,0.0340557348555232,9838.06666666667,10223.66666666667,0.0,68.9859436184972,69.2899179190971,69.88353314694594,626642.3354966873,653343.097157096,700077.7935697,3436.7680195726734,3582.7960666141303,3838.3088807759714,13433424.669957642,10989143.38190093,424396971.76532316,426580341.02334523,426224898.0157747,2326651.699066258,2338661.802687825,2336967.3622007165,37514.41873333335
56.31956133333333,22963.36247431111,20960.263409555555,407.73333333333335,110.0,297.7333333333333,372.1666666666667,7.301343640797597e-09,9551.933333333332,9587.5,0.0,68.9759577203446,68.9759577203446,69.2899179190971,606903.6714368728,609356.9163331265,635050.5588264541,3327.4965057022223,3341.0455167421783,3482.9295572527258,13433424.669957642,10989143.38190093,424396971.76532316,426580341.02334523,426224898.0157747,2326651.699066258,2338661.802687825,2336967.3622007165,37514.41873333335
52.96665133333334,4830.558601600001,6038.198252,91.2,0.0,91.2,114.0,7.301343640797597e-09,9010.883333333331,8988.083333333334,0.0,68.9759577203446,68.9759577203446,68.9759577203446,569584.2295122803,568011.5776762567,575874.8368563759,3121.3851910864364,3112.699602003654,3156.1275474175704,13433424.669957642,10989143.38190093,424396971.76532316,426580341.02334523,426224898.0157747,2326651.699066258,2338661.802687825,2336967.3622007165,37514.41873333335
51.14005875,-2758.15383525,-3447.6922940625004,-53.93333333333334,0.0,-53.93333333333334,-67.41666666666667,7.301343640797597e-09,8587.6,8601.083333333334,0.0,68.53386343827097,68.53386343827097,68.53386343827097,540561.8782809116,541485.943206271,536865.6185794743,2960.8775817099754,2965.9908708172275,2940.424425280967,13433424.669957642,10989143.38190093,424396971.76532316,426580341.02334523,426224898.0157747,2326651.699066258,2338661.802687825,2336967.3622007165,37514.41873333335
50.51409375,-1784.8313125000002,-2231.039140625,-35.333333333333336,0.0,-35.333333333333336,-44.16666666666666,7.301343640797597e-09,8028.416666666667,8037.25,0.0,68.50608143191351,68.50608143191351,68.50608143191351,502245.52073557314,502850.6577882217,499824.9725249788,2749.8072579771815,2753.1205565191312,2736.5540638093817,13433424.669957642,10989143.38190093,424396971.76532316,426580341.02334523,426224898.0157747,2326651.699066258,2338661.802687825,2336967.3622007165,37514.41873333335
49.20857674999999,-146.5086955577749,4502.584772625,-2.9773,-76.1773,73.2,91.5,0.021284841124873,7607.893966666666,7513.416666666667,0.0,68.50608143191351,68.04554692124721,68.50608143191351,473437.1584054049,466998.76298215153,473233.1952491578,2592.073229814899,2557.006548145092,2590.9564731640758,13433424.669957642,10989143.38190093,424396971.76532316,426580341.02334523,426224898.0157747,2326651.699066258,2338661.802687825,2336967.3622007165,37514.41873333335
50.479058916666666,-1224.9584963777777,-1531.1981204722222,-24.266666666666666,0.0,-24.266666666666666,-30.33333333333333,0.021284841124873,7380.433333333333,7386.5,0.0,68.04554692124721,68.04554692124721,68.04554692124721,457949.83933407435,458362.64898539655,456298.60072878544,2507.7004554075293,2509.9497871228414,2498.703128546282,13433424.669957642,10989143.38190093,424396971.76532316,426580341.02334523,426224898.0157747,2326651.699066258,2338661.802687825,2336967.3622007165,37514.41873333335
52.979083333333335,-748.7710444444446,-935.9638055555556,-14.133333333333336,0.0,-14.133333333333336,-17.666666666666668,0.021284841124873,7717.383333333333,7720.916666666667,0.0,68.50608143191351,68.50608143191351,68.50608143191351,480937.8458742003,481179.90069525974,479969.6265899626,2633.1416402604486,2634.4669596772287,2627.840362593329,13433424.669957642,10989143.38190093,424396971.76532316,426580341.02334523,426224898.0157747,2326651.699066258,2338661.802687825,2336967.3622007165,37514.41873333335
56.1544085,30537.708864549186,33346.359580916665,543.8167666666667,68.7501,475.0666666666667,593.8333333333334,-1.955624149771462e-08,7949.766566666667,7899.75,0.0,68.50608143191351,68.50608143191351,68.53386343827097,496857.510580345,493431.0715913336,534118.5528866568,2720.3063604314216,2701.545626385006,2925.223609084501,13433424.669957642,10989143.38190093,424396971.76532316,426580341.02334523,426224898.0157747,2326651.699066258,2338661.802687825,2336967.3622007165,37514.41873333335
42.50885241666666,-5171.910377361111,-6464.887971701389,-121.66666666666669,0.0,-121.66666666666669,-152.08333333333334,-1.955624149771462e-08,6492.083333333333,6522.5,0.0,67.90153151218232,67.90153151218232,67.90153151218232,397578.30845917255,399643.6467093348,389316.9554585237,2178.3890386114235,2189.664573911843,2133.286897409748,13433424.669957642,10989143.38190093,424396971.76532316,426580341.02334523,426224898.0157747,2326651.699066258,2338661.802687825,2336967.3622007165,37514.41873333335
18.633179916666663,-17217.320349730828,-19682.84905197222,-924.0140666666666,-78.9474,-845.0666666666666,-1056.3333333333333,0.0220588127966996,4740.847400000001,4873.166666666667,0.0,67.02375299763455,67.02375299763455,66.88652526387231,279057.7474898483,287926.2813357431,217195.5448834386,1525.3023786713575,1574.470034332934,1183.9430694637463,13433424.669957642,10989143.38190093,424396971.76532316,426580341.02334523,426224898.0157747,2326651.699066258,2338661.802687825,2336967.3622007165,37514.41873333335
2.073280833333333,-3013.0299257222214,-2470.486886319444,-1453.2666666666669,-500.0,-953.2666666666668,-1191.5833333333333,0.1617646951496408,4675.833333333333,4675.833333333333,261.6833333333334,67.02375299763455,67.02375299763455,65.40326881856896,274700.2607442098,274700.2607442098,195080.05851081887,1501.1442245071705,1501.1442245071705,1063.1614385639627,13433424.669957642,10989143.38190093,424396971.76532316,426580341.02334523,426224898.0157747,2326651.699066258,2338661.802687825,2336967.3622007165,37514.41873333335
-2.597770166666667,4930.567776333333,4539.60336625,-1898.0,-500.0,-1398.0,-1747.5,0.301470577502582,4938.25,4938.25,150.5,67.02375299763455,67.02375299763455,65.40326881856896,292288.4105933391,292288.4105933391,175884.1991125689,1598.6539268472584,1598.6539268472584,962.6283105448834,13433424.669957642,10989143.38190093,424396971.76532316,426580341.02334523,426224898.0157747,2326651.699066258,2338661.802687825,2336967.3622007165,37514.41873333335
-6.307600833333335,13777.06174016667,13279.076654375003,-2184.2,-500.0,-1684.2,-2105.25,0.4411764598555232,5317.0,5317.0,78.94999999999982,67.82198251836347,67.82198251836347,65.40326881856896,317831.1702300585,317831.1702300585,177257.66775775884,1739.900596794224,1739.900596794224,969.821481544545,13433424.669957642,10989143.38190093,424396971.76532316,426580341.02334523,426224898.0157747,2326651.699066258,2338661.802687825,2336967.3622007165,37514.41873333335
-13.108840916666669,25425.033919238893,23588.266826131945,-1939.5333333333333,-500.0,-1439.5333333333335,-1799.4166666666667,0.5808823422084644,5117.833333333333,5117.833333333333,140.1166666666668,67.27879437387405,67.27879437387405,65.40326881856896,304330.2004518574,304330.2004518574,184234.0164317395,1665.2323504518743,1665.2323504518743,1006.3582231301273,13433424.669957642,10989143.38190093,424396971.76532316,426580341.02334523,426224898.0157747,2326651.699066258,2338661.802687825,2336967.3622007165,37514.41873333335
-13.224764083333332,18573.740329572214,14951.697859881942,-1404.4666666666667,-500.0,-904.4666666666668,-1130.5833333333333,0.7205882245614055,4674.833333333333,4674.833333333333,273.8833333333332,67.02375299763455,67.02375299763455,65.58194433938542,274633.2369912122,274633.2369912122,199005.51430235477,1500.772641011432,1500.772641011432,1083.7688702484124,13433424.669957642,10989143.38190093,424396971.76532316,426580341.02334523,426224898.0157747,2326651.699066258,2338661.802687825,2336967.3622007165,37514.41873333335
-12.180885916666668,9588.7933936,4372.938044083334,-787.2,-500.0,-287.2,-359.0,0.8602941069143466,4200.833333333333,4200.833333333333,428.1999999999998,66.88652526387231,66.88652526387231,66.88652526387231,242879.97058476548,242879.97058476548,218867.70801503534,1325.1160753215008,1325.1160753215008,1193.1340203659436,13433424.669957642,10989143.38190093,424396971.76532316,426580341.02334523,426224898.0157747,2326651.699066258,2338661.802687825,2336967.3622007165,37514.41873333335
-1.8895218333333328,1338.6632348555554,492.37789773611104,-708.4666666666667,-500.0,-208.46666666666667,-260.5833333333333,0.9999999892672876,4582.333333333333,4582.333333333333,447.88333333333344,67.02375299763455,67.02375299763455,67.02375299763455,268433.539838931,268433.539838931,250968.2668702974,1466.4011676556056,1466.4011676556056,1369.5727017243723,13433424.669957642,10989143.38190093,424396971.76532316,426580341.02334523,426224898.0157747,2326651.699066258,2338661.802687825,2336967.3622007165,37514.41873333335
25.36155983333333,-2903.053215588889,-3628.816519486112,-114.46666666666668,0.0,-114.46666666666668,-143.08333333333334,0.9999999892672876,6069.133333333333,6097.75,0.0,67.90153151218232,67.90153151218232,67.90153151218232,368859.35570609506,370802.47119953536,361086.89373233396,2021.6004033682814,2032.208674113936,1979.1673203856633,13433424.669957642,10989143.38190093,424396971.76532316,426580341.02334523,426224898.0157747,2326651.699066258,2338661.802687825,2336967.3622007165,37514.41873333335
59.15255966666666,97779.181129,83774.81262791666,1653.0,520.0,1133.0,1416.25,0.8390092771929843,6680.5,6917.25,0.0,67.90153151218232,67.90153151218232,68.53386343827097,410372.0886882596,426447.77627376874,523147.4235812469,2248.2355737189514,2335.999397797008,2864.5151518840603,13433424.669957642,10989143.38190093,424396971.76532316,426580341.02334523,426224898.0157747,2326651.699066258,2338661.802687825,2336967.3622007165,37514.41873333335
59.135961666666674,112602.75580822224,102315.06967694446,1904.1333333333332,520.0,1384.1333333333334,1730.1666666666667,0.678018565118681,7544.866666666667,7718.833333333333,0.0,68.04554692124721,68.50608143191351,68.9759577203446,469138.79543282476,481037.1796922765,599803.7461888588,2568.667232064854,2633.6855213418626,3288.284372533166,13433424.669957642,10989143.38190093,424396971.76532316,426580341.02334523,426224898.0157747,2326651.699066258,2338661.802687825,2336967.3622007165,37514.41873333335
55.411833,93073.408829,80324.06958625,1679.6666666666667,520.0,1159.6666666666667,1449.5833333333333,0.5170278530443776,7891.0,8121.083333333333,0.0,68.50608143191351,68.50608143191351,68.9759577203446,492831.6433788043,508593.75094826374,608195.821044834,2698.2635853764705,2784.56563513424,3334.632910767316,13433424.669957642,10989143.38190093,424396971.76532316,426580341.02334523,426224898.0157747,2326651.699066258,2338661.802687825,2336967.3622007165,37514.41873333335
52.44360091666667,64271.38104340556,46250.88570842361,1225.5333333333333,520.0,705.5333333333333,881.9166666666666,0.3560371409700742,7697.883333333333,8041.5,0.0,68.50608143191351,68.50608143191351,68.53386343827097,479601.977286278,503141.80863430735,563576.6918545403,2625.827377441427,2754.714690723277,3088.229450958457,13433424.669957642,10989143.38190093,424396971.76532316,426580341.02334523,426224898.0157747,2326651.699066258,2338661.802687825,2336967.3622007165,37514.41873333335
55.20428166666667,61987.04774077778,41601.02659263889,1122.8666666666668,520.0,602.8666666666667,753.5833333333334,0.1950464288957708,7425.133333333333,7794.416666666667,0.0,68.04554692124721,68.50608143191351,68.53386343827097,460991.4752814541,486215.09768050537,537847.937288756,2524.273828101118,2662.0361041489246,2945.860060178664,13433424.669957642,10989143.38190093,424396971.76532316,426580341.02334523,426224898.0157747,2326651.699066258,2338661.802687825,2336967.3622007165,37514.41873333335
49.02815241666667,3925.520736827778,4906.900921034722,80.06666666666666,0.0,80.06666666666666,100.08333333333331,0.1950464288957708,7880.183333333333,7860.166666666667,0.0,68.50608143191351,68.50608143191351,68.50608143191351,492090.63593131583,490719.3725346537,497575.6895179644,2694.2063575392526,2686.6982980130606,2724.2385956440207,13433424.669957642,10989143.38190093,424396971.76532316,426580341.02334523,426224898.0157747,2326651.699066258,2338661.802687825,2336967.3622007165,37514.41873333335
43.69940424999999,-17272.917853216662,5720.980339729165,-395.26666666666665,-500.0,104.73333333333332,130.91666666666666,0.3347523112487119,7704.683333333333,7178.5,0.0,68.50608143191351,68.04554692124721,68.04554692124721,480067.818640015,444209.17522577714,453117.4714102171,2628.3779921680602,2432.8298425978655,2481.369679476366,13433424.669957642,10989143.38190093,424396971.76532316,426580341.02334523,426224898.0157747,2326651.699066258,2338661.802687825,2336967.3622007165,37514.41873333335
47.24697075,-4661.701114,-5827.1263925,-98.66666666666669,0.0,-98.66666666666669,-123.33333333333331,0.3347523112487119,6812.416666666666,6837.083333333333,0.0,67.90153151218232,67.90153151218232,67.90153151218232,419329.4323869083,421004.3368308755,412629.81461103965,2297.137415857481,2306.281411607958,2260.561432855574,13433424.669957642,10989143.38190093,424396971.76532316,426580341.02334523,426224898.0157747,2326651.699066258,2338661.802687825,2336967.3622007165,37514.41873333335
44.78665375,-26382.324835666663,-4986.2474508333335,-589.0666666666666,-500.0,-89.06666666666666,-111.33333333333331,0.4744581936016531,6815.483333333334,6337.75,0.0,67.90153151218232,67.90153151218232,67.90153151218232,419537.66375021235,387098.8387624591,379539.1349207695,2298.2742369507837,2121.1772814158726,2079.9057330285855,13433424.669957642,10989143.38190093,424396971.76532316,426580341.02334523,426224898.0157747,2326651.699066258,2338661.802687825,2336967.3622007165,37514.41873333335
45.863437833333336,-9509.858745023465,-5614.449181430556,-207.35163333333333,-109.4183,-97.93333333333334,-122.41666666666669,0.5050309538957708,6483.0183,6398.083333333333,0.0,67.90153151218232,67.90153151218232,67.90153151218232,396962.7788126302,391195.56449702743,382883.2853477444,2175.0286078163726,2143.5430007514983,2098.1628326520035,13433424.669957642,10989143.38190093,424396971.76532316,426580341.02334523,426224898.0157747,2326651.699066258,2338661.802687825,2336967.3622007165,37514.41873333335
46.30944625,-1518.949837,-1898.68729625,-32.800000000000004,0.0,-32.800000000000004,-41.0,0.5050309538957708,6491.966666666667,6500.166666666667,0.0,67.90153151218232,67.90153151218232,67.90153151218232,397570.3866138295,398127.1791722294,395343.2163802299,2178.3457899828745,2181.3855507323574,2166.186746984943,13433424.669957642,10989143.38190093,424396971.76532316,426580341.02334523,426224898.0157747,2326651.699066258,2338661.802687825,2336967.3622007165,37514.41873333335
48.93934441666667,-2858.057713933334,-3572.572142416667,-58.400000000000006,0.0,-58.400000000000006,-73.0,0.5050309538957708,6702.566666666667,6717.166666666667,0.0,67.90153151218232,67.90153151218232,67.90153151218232,411870.4491502951,412861.81151037297,407904.99970998365,2256.415742890324,2261.827999834525,2234.7667151135192,13433424.669957642,10989143.38190093,424396971.76532316,426580341.02334523,426224898.0157747,2326651.699066258,2338661.802687825,2336967.3622007165,37514.41873333335
54.33091941666667,57090.93012303334,36048.56503295834,1050.8000000000002,520.0,530.8000000000001,663.5,0.3440402418214674,6706.783333333333,7094.083333333333,0.0,67.90153151218232,68.04554692124721,68.50608143191351,412156.7672748381,438464.99697317515,483691.7903477632,2257.9788718936147,2401.530762548266,2648.2202743796615,13433424.669957642,10989143.38190093,424396971.76532316,426580341.02334523,426224898.0157747,2326651.699066258,2338661.802687825,2336967.3622007165,37514.41873333335
70.06062775000001,118860.19033213337,103035.82987766668,1696.5333333333335,520.0,1176.5333333333335,1470.6666666666667,0.183049529747164,7472.883333333333,7698.75,0.0,68.04554692124721,68.50608143191351,68.9759577203446,464240.65014694363,479661.349223519,580519.2180095457,2541.9780461350965,2626.1524557889393,3181.777971317018,13433424.669957642,10989143.38190093,424396971.76532316,426580341.02334523,426224898.0157747,2326651.699066258,2338661.802687825,2336967.3622007165,37514.41873333335
60.15835616666666,83339.37607622222,65071.28858694444,1385.3333333333337,520.0,865.3333333333335,1081.6666666666667,0.0220588176728606,6355.5,6659.166666666667,0.0,67.90153151218232,67.90153151218232,68.50608143191351,388304.0909468003,408923.52268266643,482544.3134837787,2127.757251330912,2240.3272530698905,2641.937510163323,13433424.669957642,10989143.38190093,424396971.76532316,426580341.02334523,426224898.0157747,2326651.699066258,2338661.802687825,2336967.3622007165,37514.41873333335
45.737871250000005,-10367.250816666668,-12959.063520833331,-226.66666666666663,0.0,-226.66666666666663,-283.3333333333333,0.0220588176728606,4481.25,4537.916666666667,0.0,67.02375299763455,67.02375299763455,66.88652526387231,261658.5554734201,265456.5681432861,246475.1213176987,1428.840269294689,1449.8966673865468,1344.8766197612258,13433424.669957642,10989143.38190093,424396971.76532316,426580341.02334523,426224898.0157747,2326651.699066258,2338661.802687825,2336967.3622007165,37514.41873333335
35.7835425,-46296.7472865,-35506.220045625,-1293.8000000000002,-500.0,-793.8000000000001,-992.25,0.1617647000258018,3918.0,3918.0,301.5500000000002,66.88652526387231,66.88652526387231,65.40326881856896,223962.2316893003,223962.2316893003,158552.3328756481,1221.135784114639,1221.135784114639,871.8573431682019,13433424.669957642,10989143.38190093,424396971.76532316,426580341.02334523,426224898.0157747,2326651.699066258,2338661.802687825,2336967.3622007165,37514.41873333335
27.621157749999995,-42009.93952723333,-35249.20081529166,-1520.9333333333334,-500.0,-1020.9333333333334,-1276.1666666666667,0.3014705823787429,4141.083333333333,4141.083333333333,244.76666666666665,66.88652526387231,66.88652526387231,64.87509142362563,238883.50070024913,238883.50070024913,154599.45280773446,1303.1497026652485,1303.1497026652485,850.3398006420497,13433424.669957642,10989143.38190093,424396971.76532316,426580341.02334523,426224898.0157747,2326651.699066258,2338661.802687825,2336967.3622007165,37514.41873333335
27.4334485,-46929.48590066667,-41515.95206333333,-1710.6666666666667,-500.0,-1210.6666666666667,-1513.3333333333333,0.4411764647316841,4320.166666666667,4320.166666666667,197.33333333333348,67.02375299763455,67.02375299763455,64.08503904510133,250862.14592805118,250862.14592805118,150835.544247005,1368.9843611894528,1368.9843611894528,829.6823943508705,13433424.669957642,10989143.38190093,424396971.76532316,426580341.02334523,426224898.0157747,2326651.699066258,2338661.802687825,2336967.3622007165,37514.41873333335
19.11258708333333,-35109.82247208334,-31941.911163020835,-1837.0,-500.0,-1337.0,-1671.25,0.5808823470846254,4127.333333333333,4127.333333333333,165.75,66.88652526387231,66.88652526387231,64.08503904510133,237963.8109778709,237963.8109778709,128357.71680193565,1298.0946796690398,1298.0946796690398,705.7775267712499,13433424.669957642,10989143.38190093,424396971.76532316,426580341.02334523,426224898.0157747,2326651.699066258,2338661.802687825,2336967.3622007165,37514.41873333335
18.10882825,-32716.616371666667,-29577.75280833333,-1806.6666666666667,-500.0,-1306.6666666666667,-1633.3333333333333,0.7205882294375665,4394.833333333333,4394.833333333333,173.33333333333348,67.02375299763455,67.02375299763455,64.08503904510133,255866.5861518745,255866.5861518745,147930.3558102937,1396.7292622046061,1396.7292622046061,813.6680802707293,13433424.669957642,10989143.38190093,424396971.76532316,426580341.02334523,426224898.0157747,2326651.699066258,2338661.802687825,2336967.3622007165,37514.41873333335
7.447250083333333,-9523.543406566669,-7249.897956124999,-1278.8000000000002,-500.0,-778.8000000000001,-973.5,0.8602941117905076,3924.583333333333,3924.583333333333,305.3000000000002,66.88652526387231,66.88652526387231,65.40326881856896,224402.56798062078,224402.56798062078,160209.21568571852,1223.5560678522177,1223.5560678522177,880.5348192947775,13433424.669957642,10989143.38190093,424396971.76532316,426580341.02334523,426224898.0157747,2326651.699066258,2338661.802687825,2336967.3622007165,37514.41873333335
14.341558,-11774.419118000002,-5754.5501475,-821.0,-500.0,-321.0,-401.25,0.9999999941434488,4533.666666666667,4533.666666666667,419.75,67.02375299763455,67.02375299763455,66.88652526387231,265171.7171930461,265171.7171930461,238303.8174812956,1448.3174375296576,1448.3174375296576,1299.963506352487,13433424.669957642,10989143.38190093,424396971.76532316,426580341.02334523,426224898.0157747,2326651.699066258,2338661.802687825,2336967.3622007165,37514.41873333335
53.77873941666667,14459.310404494445,10679.561335826387,268.8666666666667,110.0,158.86666666666667,198.58333333333331,0.9659442665892692,5939.549999999999,6009.833333333333,0.0,67.90153151218232,67.90153151218232,67.90153151218232,360060.44891430804,364832.79488742264,378316.90735355014,1973.5635338007423,1999.6177433140945,2073.23308748094,13433424.669957642,10989143.38190093,424396971.76532316,426580341.02334523,426224898.0157747,2326651.699066258,2338661.802687825,2336967.3622007165,37514.41873333335
74.46982991666665,181299.28325978885,178218.71462890273,2434.5333333333333,520.0,1914.5333333333333,2393.1666666666665,0.8049535545149659,7799.55,7840.916666666667,0.0,68.50608143191351,68.50608143191351,69.2899179190971,486566.7622318559,489400.63046708936,654064.8671354197,2663.9615682072654,2679.4778077942833,3586.7365065352706,13433424.669957642,10989143.38190093,424396971.76532316,426580341.02334523,426224898.0157747,2326651.699066258,2338661.802687825,2336967.3622007165,37514.41873333335
68.60878425000001,167350.54654260003,164592.47341575002,2439.2,520.0,1919.2,2399.0,0.6439628424406625,8442.133333333335,8482.333333333334,0.0,68.53386343827097,68.53386343827097,69.88353314694594,530592.4856127579,533347.5469229763,699076.1295945935,2905.712208004047,2920.957267740378,3832.8085891799237,13433424.669957642,10989143.38190093,424396971.76532316,426580341.02334523,426224898.0157747,2326651.699066258,2338661.802687825,2336967.3622007165,37514.41873333335
70.55043875,163709.94143808336,158779.64161010418,2320.466666666667,520.0,1800.466666666667,2250.583333333333,0.4829721303663591,8444.7,8514.583333333334,0.0,68.53386343827097,68.53386343827097,69.88353314694594,530768.3891955827,535557.7640188605,690957.9924940234,2906.6855658810764,2933.1874462601963,3788.230644500337,13433424.669957642,10989143.38190093,424396971.76532316,426580341.02334523,426224898.0157747,2326651.699066258,2338661.802687825,2336967.3622007165,37514.41873333335
69.38779,117875.977652,102242.908565,1698.8,520.0,1178.8,1473.5,0.3219814182920557,8502.366666666667,8727.666666666666,0.0,68.53386343827097,68.53386343827097,69.2899179190971,534720.5086538563,550161.1880864988,651784.0740039161,2928.5545155857635,3013.9951115707245,3574.284716384464,13433424.669957642,10989143.38190093,424396971.76532316,426580341.02334523,426224898.0157747,2326651.699066258,2338661.802687825,2336967.3622007165,37514.41873333335
65.50919741666668,85301.70959615558,64046.15867436112,1302.1333333333332,520.0,782.1333333333333,977.6666666666666,0.1609907062177523,8593.699999999999,8918.166666666666,0.0,68.53386343827097,68.53386343827097,69.25199687859578,540979.9348478849,563216.8890714893,630627.6952352043,2963.1908867943434,3086.2384916645333,3458.786080696242,13433424.669957642,10989143.38190093,424396971.76532316,426580341.02334523,426224898.0157747,2326651.699066258,2338661.802687825,2336967.3622007165,37514.41873333335
54.93214,29326.43847466667,952.1570933333334,533.8666666666667,520.0,13.866666666666667,17.333333333333332,-5.856551077432215e-09,7628.299999999999,8144.833333333333,0.0,68.50608143191351,68.50608143191351,68.50608143191351,474835.0957866406,510220.77038227173,511408.2091270915,2599.727337040218,2793.4740321574072,2799.975599107648,13433424.669957642,10989143.38190093,424396971.76532316,426580341.02334523,426224898.0157747,2326651.699066258,2338661.802687825,2336967.3622007165,37514.41873333335
48.52017833333333,-4632.059691555555,-5790.074614444444,-95.46666666666668,0.0,-95.46666666666668,-119.33333333333331,-5.856551077432215e-09,7027.633333333333,7051.5,0.0,68.04554692124721,68.04554692124721,67.90153151218232,433943.3703802583,435567.3907667787,427460.6407854922,2376.893164886321,2385.742184161943,2341.5290438758434,13433424.669957642,10989143.38190093,424396971.76532316,426580341.02334523,426224898.0157747,2326651.699066258,2338661.802687825,2336967.3622007165,37514.41873333335
49.69917083333334,-4250.93574527778,-5313.669681597224,-85.53333333333335,0.0,-85.53333333333335,-106.91666666666669,-5.856551077432215e-09,7084.366666666667,7105.75,0.0,68.04554692124721,68.04554692124721,67.90153151218232,437803.82107559044,439258.86168725643,431987.40955297096,2397.9281241141266,2405.856400462327,2366.242545904159,13433424.669957642,10989143.38190093,424396971.76532316,426580341.02334523,426224898.0157747,2326651.699066258,2338661.802687825,2336967.3622007165,37514.41873333335
48.930855166666674,-11609.660902544443,-14512.076128180555,-237.26666666666665,0.0,-237.26666666666665,-296.5833333333333,-5.856551077432215e-09,7228.35,7287.666666666667,0.0,68.04554692124721,68.04554692124721,67.90153151218232,447601.2457398013,451637.48076467996,431461.1726837516,2451.3126754563755,2473.305454508009,2363.369601293368,13433424.669957642,10989143.38190093,424396971.76532316,426580341.02334523,426224898.0157747,2326651.699066258,2338661.802687825,2336967.3622007165,37514.41873333335
46.45608433333334,-34987.625647577785,-14699.47935113889,-753.1333333333333,-500.0,-253.13333333333333,-316.4166666666667,0.1397058764963901,7420.799999999999,6984.083333333333,0.0,68.04554692124721,67.90153151218232,67.90153151218232,460696.6112447953,430985.8619631663,409500.6857005199,2522.6671625901804,2360.774683580394,2243.4782245785004,13433424.669957642,10989143.38190093,424396971.76532316,426580341.02334523,426224898.0157747,2326651.699066258,2338661.802687825,2336967.3622007165,37514.41873333335
40.34725316666667,-33824.44723805556,-17063.52581840278,-838.3333333333334,-500.0,-338.33333333333337,-422.9166666666667,0.2794117588493313,7503.583333333334,7088.166666666667,0.0,68.04554692124721,68.04554692124721,67.90153151218232,466329.64843742596,438062.3941538912,409336.59033269883,2553.360653331812,2399.337046177564,2242.582360129974,13433424.669957642,10989143.38190093,424396971.76532316,426580341.02334523,426224898.0157747,2326651.699066258,2338661.802687825,2336967.3622007165,37514.41873333335
45.09001375,-17357.608207125748,-13109.921497812498,-384.9546,-152.3546,-232.6,-290.75,0.3219814264963901,7239.2046,7145.0,0.0,68.04554692124721,68.04554692124721,67.90153151218232,448339.8529334127,441929.6494039154,422169.9797885013,2455.337224253687,2420.409082301776,2312.6451383802496,13433424.669957642,10989143.38190093,424396971.76532316,426580341.02334523,426224898.0157747,2326651.699066258,2338661.802687825,2336967.3622007165,37514.41873333335
51.24635716666666,4291.028306755556,5363.785383444444,83.73333333333335,0.0,83.73333333333335,104.66666666666669,0.3219814264963901,7693.933333333333,7685.0,12.0,68.50608143191351,68.50608143191351,68.50608143191351,479331.37826462195,478719.39060383016,485889.6937937038,2624.345770357574,2620.994962775527,2660.254424744291,13433424.669957642,10989143.38190093,424396971.76532316,426580341.02334523,426224898.0157747,2326651.699066258,2338661.802687825,2336967.3622007165,37514.41873333335
57.94984825,63864.59609471668,42163.34375589584,1102.0666666666666,520.0,582.0666666666667,727.5833333333334,0.1609907144220867,7768.266666666666,8142.75,0.0,68.50608143191351,68.50608143191351,68.53386343827097,484423.6636510608,510078.04937928857,559938.6859370255,2652.2274901634164,2792.6925938220415,3068.098640319894,13433424.669957642,10989143.38190093,424396971.76532316,426580341.02334523,426224898.0157747,2326651.699066258,2338661.802687825,2336967.3622007165,37514.41873333335
52.59806999999999,36524.09980799999,11466.379259999996,694.4,520.0,174.4,218.0,2.3477833011043003e-09,7814.6,8291.0,0.0,68.50608143191351,68.53386343827097,68.53386343827097,487597.77875740617,520234.73438512045,535175.1166146635,2669.606678741946,2848.3978623618195,2931.070076852372,13433424.669957642,10989143.38190093,424396971.76532316,426580341.02334523,426224898.0157747,2326651.699066258,2338661.802687825,2336967.3622007165,37514.41873333335
38.6924865,-36309.0293316,-21203.482602,-938.4,-500.0,-438.4,-548.0,0.1397058847007244,6856.666666666667,6856.666666666667,390.4000000000001,67.90153151218232,67.90153151218232,67.90153151218232,422334.0751563224,422334.0751563224,385124.0358876465,2313.541002828776,2313.541002828776,2110.39601615602,13433424.669957642,10989143.38190093,424396971.76532316,426580341.02334523,426224898.0157747,2326651.699066258,2338661.802687825,2336967.3622007165,37514.41873333335
39.38243216666667,-60985.00895782223,-51617.24109311112,-1548.5333333333335,-500.0,-1048.5333333333335,-1310.6666666666667,0.2794117670536656,5710.333333333333,5710.333333333333,237.8666666666668,67.82198251836347,67.82198251836347,67.02375299763455,344507.8166872814,344507.8166872814,256190.53429136306,1887.797442005638,1887.797442005638,1398.5252491006763,13433424.669957642,10989143.38190093,424396971.76532316,426580341.02334523,426224898.0157747,2326651.699066258,2338661.802687825,2336967.3622007165,37514.41873333335
11.693053083333334,-22269.02982877222,-20528.129108881945,-1904.4666666666667,-500.0,-1404.4666666666667,-1755.5833333333333,0.4191176494066068,4955.583333333333,4955.583333333333,148.88333333333344,67.02375299763455,67.02375299763455,65.40326881856896,293450.1556452981,293450.1556452981,176489.17934914064,1605.0947074400617,1605.0947074400617,965.7967311042581,13433424.669957642,10989143.38190093,424396971.76532316,426580341.02334523,426224898.0157747,2326651.699066258,2338661.802687825,2336967.3622007165,37514.41873333335
3.23213125,-5815.89697125,-5249.789182812499,-1799.4,-500.0,-1299.4,-1624.25,0.558823531759548,4805.0,4805.0,175.1500000000001,67.02375299763455,67.02375299763455,65.40326881856896,283357.4955064043,283357.4955064043,175230.1664243832,1549.1404260400814,1549.1404260400814,959.202991021235,13433424.669957642,10989143.38190093,424396971.76532316,426580341.02334523,426224898.0157747,2326651.699066258,2338661.802687825,2336967.3622007165,37514.41873333335
17.198016000000003,-33610.65593600001,-31264.559920000007,-1954.3333333333333,-500.0,-1454.3333333333337,-1817.9166666666667,0.6985294141124891,5122.083333333333,5122.083333333333,136.41666666666697,67.27879437387405,67.27879437387405,65.40326881856896,304616.1353279464,304616.1353279464,183302.01985107487,1666.7813430518845,1666.7813430518845,1001.4771428089284,13433424.669957642,10989143.38190093,424396971.76532316,426580341.02334523,426224898.0157747,2326651.699066258,2338661.802687825,2336967.3622007165,37514.41873333335
20.267853166666665,-26183.36391091111,-20061.79665947222,-1291.8666666666668,-500.0,-791.8666666666668,-989.8333333333334,0.8382352964654303,4496.416666666667,4496.416666666667,302.0333333333333,67.02375299763455,67.02375299763455,65.40326881856896,262675.08239388425,262675.08239388425,196540.7315144336,1434.4759523133923,1434.4759523133923,1070.8113188334441,13433424.669957642,10989143.38190093,424396971.76532316,426580341.02334523,426224898.0157747,2326651.699066258,2338661.802687825,2336967.3622007165,37514.41873333335
32.540223,-31598.7258812,-19160.7679765,-971.0666666666668,-500.0,-471.0666666666667,-588.8333333333334,0.9779411788183714,4021.916666666667,4021.916666666667,382.23333333333335,66.88652526387231,66.88652526387231,65.40326881856896,230912.85643963772,230912.85643963772,191733.5912562688,1259.3395033647737,1259.3395033647737,1045.6352203346287,13433424.669957642,10989143.38190093,424396971.76532316,426580341.02334523,426224898.0157747,2326651.699066258,2338661.802687825,2336967.3622007165,37514.41873333335
43.676401,1627.0594958926004,6343.99724525,37.2526,-78.9474,116.2,145.25,1.0000000111713123,5232.5,5232.5,107.99739999999996,67.82198251836347,67.82198251836347,67.82198251836347,312100.2127072568,312100.2127072568,321951.3556680491,1708.1278423356703,1708.1278423356703,1762.7431392008175,13433424.669957642,10989143.38190093,424396971.76532316,426580341.02334523,426224898.0157747,2326651.699066258,2338661.802687825,2336967.3622007165,37514.41873333335
43.73983008333334,-11620.214858805555,-14525.268573506944,-265.6666666666667,0.0,-265.6666666666667,-332.0833333333333,1.0000000111713123,6857.666666666666,6924.083333333333,0.0,67.90153151218232,67.90153151218232,67.90153151218232,422401.97668783454,426911.7700724353,404362.8031494315,2313.9117053592004,2338.53253175491,2215.4283997763623,13433424.669957642,10989143.38190093,424396971.76532316,426580341.02334523,426224898.0157747,2326651.699066258,2338661.802687825,2336967.3622007165,37514.41873333335
59.59275183333333,45715.58635641111,57144.48294551388,767.1333333333333,0.0,767.1333333333333,958.9166666666666,1.0000000111713123,8101.866666666667,7910.083333333333,0.0,68.50608143191351,68.50608143191351,68.53386343827097,507277.2924167472,494138.96776613,559847.3074524411,2777.3576479288286,2705.421560528419,3067.592999864294,13433424.669957642,10989143.38190093,424396971.76532316,426580341.02334523,426224898.0157747,2326651.699066258,2338661.802687825,2336967.3622007165,37514.41873333335
66.06133941666666,110996.26248788332,95805.45748902082,1680.2,520.0,1160.2,1450.25,0.8390092990970092,8771.716666666665,9001.666666666666,0.0,68.53386343827097,68.9759577203446,69.2899179190971,553180.1047709545,568948.5011019579,669158.5209221297,3030.7002081225996,3117.8741305873295,3669.138986166175,13433424.669957642,10989143.38190093,424396971.76532316,426580341.02334523,426224898.0157747,2326651.699066258,2338661.802687825,2336967.3622007165,37514.41873333335
60.67395333333334,72950.3165577778,91187.89569722224,1202.3333333333337,0.0,1202.3333333333337,1502.9166666666667,0.8390092990970092,9443.666666666668,9143.083333333334,0.0,68.9759577203446,68.9759577203446,69.88353314694594,599435.8744143503,578702.85112291,682630.2047940122,3286.2526557886554,3171.746369890997,3742.5014759983205,13433424.669957642,10989143.38190093,424396971.76532316,426580341.02334523,426224898.0157747,2326651.699066258,2338661.802687825,2336967.3622007165,37514.41873333335
62.34658008333332,52429.3174114111,65536.64676426387,840.9333333333334,0.0,840.9333333333334,1051.1666666666667,0.8390092990970092,9245.983333333334,9035.75,0.0,68.9759577203446,68.9759577203446,69.2899179190971,585800.4771723335,571299.4316609263,643867.7008816593,3210.9458048304,3130.8580704077185,3531.065971329387,13433424.669957642,10989143.38190093,424396971.76532316,426580341.02334523,426224898.0157747,2326651.699066258,2338661.802687825,2336967.3622007165,37514.41873333335
63.20207316666667,60651.86951439168,72555.97999533334,959.65,41.25,918.4,1148.0,0.8262384012641918,8937.766666666666,8749.416666666666,0.0,68.53386343827097,68.53386343827097,69.25199687859578,564560.1527948795,551651.7996162811,630737.3442302621,3093.671406361849,3022.2433715026946,3459.3835398137003,13433424.669957642,10989143.38190093,424396971.76532316,426580341.02334523,426224898.0157747,2326651.699066258,2338661.802687825,2336967.3622007165,37514.41873333335
60.41357433333334,9203.001156777778,11503.751445972222,152.33333333333334,0.0,152.33333333333334,190.41666666666663,0.8262384012641918,8886.666666666668,8848.583333333334,0.0,68.53386343827097,68.53386343827097,68.9759577203446,561058.0723731839,558448.074407243,571523.6035235175,3074.2927359009905,3059.850380387924,3132.0961477989044,13433424.669957642,10989143.38190093,424396971.76532316,426580341.02334523,426224898.0157747,2326651.699066258,2338661.802687825,2336967.3622007165,37514.41873333335
53.412875500000006,-40853.72804076667,-17684.112863458333,-764.8666666666667,-500.0,-264.8666666666667,-331.0833333333333,0.965944283617133,9222.366666666669,8788.583333333334,0.0,68.9759577203446,68.53386343827097,68.53386343827097,584171.4949708381,554336.0426009467,531645.6226475926,3201.9491091211144,3037.0965598859366,2911.5397142548336,13433424.669957642,10989143.38190093,424396971.76532316,426580341.02334523,426224898.0157747,2326651.699066258,2338661.802687825,2336967.3622007165,37514.41873333335
63.89180591666667,-5209.311909072223,-6511.639886340278,-81.53333333333335,0.0,-81.53333333333335,-101.91666666666669,0.965944283617133,9041.45,9061.833333333334,0.0,68.9759577203446,68.9759577203446,68.53386343827097,571692.5946199324,573098.5545581321,566078.1778700373,3133.0294676784147,3140.7944351113415,3102.0713584305,13433424.669957642,10989143.38190093,424396971.76532316,426580341.02334523,426224898.0157747,2326651.699066258,2338661.802687825,2336967.3622007165,37514.41873333335
62.52059883333334,25676.167930869444,-2974.9384944861117,410.6833333333333,448.75,-38.06666666666667,-47.583333333333336,0.8270123950722413,8797.65,9255.916666666666,0.0,68.53386343827097,68.9759577203446,68.9759577203446,554957.4162961204,586485.6383523555,583203.5323641624,3040.5349149840144,3214.729877267051,3196.6031544371194,13433424.669957642,10989143.38190093,424396971.76532316,426580341.02334523,426224898.0157747,2326651.699066258,2338661.802687825,2336967.3622007165,37514.41873333335
63.5550165,-458.6553690749997,-6233.687868375,-7.216666666666669,71.25,-78.46666666666667,-98.08333333333331,0.8049535715428295,9195.383333333331,9286.25,0.0,68.9759577203446,68.9759577203446,68.9759577203446,582310.2937116838,588577.9090698727,581812.5172168021,3191.669892216854,3226.285266251456,3188.9207254969383,13433424.669957642,10989143.38190093,424396971.76532316,426580341.02334523,426224898.0157747,2326651.699066258,2338661.802687825,2336967.3622007165,37514.41873333335
66.39853916666665,37842.74075572221,4144.375486319444,569.9333333333334,520.0,49.93333333333334,62.41666666666666,0.6439628594685262,8809.066666666668,9316.583333333334,0.0,68.53386343827097,68.9759577203446,68.9759577203446,555739.8445703741,590670.1797873898,594975.4291484347,3044.8644613850875,3237.840655235861,3261.6180902614624,13433424.669957642,10989143.38190093,424396971.76532316,426580341.02334523,426224898.0157747,2326651.699066258,2338661.802687825,2336967.3622007165,37514.41873333335
73.51433875000001,54929.913914,20878.072205,747.2,520.0,227.2,284.0,0.4829721473942228,9445.716666666664,9908.916666666666,0.0,68.9759577203446,69.2899179190971,69.2899179190971,599577.2751276767,631534.09549206,651212.4321810836,3287.0335969123253,3463.731733956926,3571.16388796692,13433424.669957642,10989143.38190093,424396971.76532316,426580341.02334523,426224898.0157747,2326651.699066258,2338661.802687825,2336967.3622007165,37514.41873333335
77.42518533333333,80073.12667173333,49765.037873,1034.2,520.0,514.2,642.75,0.3219814353199194,9944.8,10336.25,0.0,69.2899179190971,69.2899179190971,69.88353314694594,634020.4487133903,661143.9870828209,705901.4213319452,3477.3057613972733,3625.3843412818233,3870.2873202878695,13433424.669957642,10989143.38190093,424396971.76532316,426580341.02334523,426224898.0157747,2326651.699066258,2338661.802687825,2336967.3622007165,37514.41873333335
80.50498091666667,105558.13097793334,79619.42612658333,1311.2,520.0,791.2,989.0,0.160990723245616,10055.63333333333,10377.83333333333,0.0,69.2899179190971,69.2899179190971,69.88353314694594,641700.0812827566,664025.2928362897,733004.5849374356,3519.2320421582144,3641.114577447018,4019.114977776247,13433424.669957642,10989143.38190093,424396971.76532316,426580341.02334523,426224898.0157747,2326651.699066258,2338661.802687825,2336967.3622007165,37514.41873333335
75.29812475,57246.654309933336,22614.536799916663,760.2666666666667,520.0,240.26666666666665,300.3333333333333,1.1171312597202387e-08,9850.983333333335,10310.91666666667,0.0,68.9859436184972,69.2899179190971,69.64734146341463,627533.403935093,659388.6424955373,680204.1425427673,3441.703440144164,3615.801191393609,3729.3286251320974,13433424.669957642,10989143.38190093,424396971.76532316,426580341.02334523,426224898.0157747,2326651.699066258,2338661.802687825,2336967.3622007165,37514.41873333335
57.26570383333333,-49427.93783534445,-61784.92229418056,-863.1333333333334,0.0,-863.1333333333334,-1078.9166666666667,1.1171312597202387e-08,8627.383333333333,8843.166666666666,0.0,68.53386343827097,68.53386343827097,68.50608143191351,543288.3838146975,558076.849313619,484148.4975573092,2975.9646288039316,3057.7962160370494,2650.7208770528314,13433424.669957642,10989143.38190093,424396971.76532316,426580341.02334523,426224898.0157747,2326651.699066258,2338661.802687825,2336967.3622007165,37514.41873333335
40.220107500000005,-64140.34610050001,-55037.86543812501,-1594.7333333333331,-500.0,-1094.7333333333331,-1368.4166666666667,0.1397058935242537,7494.083333333333,7494.083333333333,226.3166666666666,68.04554692124721,68.04554692124721,67.90153151218232,465683.21574167407,465683.21574167407,372698.05562091706,2549.838348173219,2549.838348173219,2042.557453088293,13433424.669957642,10989143.38190093,424396971.76532316,426580341.02334523,426224898.0157747,2326651.699066258,2338661.802687825,2336967.3622007165,37514.41873333335
42.905826,-73835.2057692,-65477.86596149999,-1720.8666666666666,-500.0,-1220.8666666666666,-1526.0833333333333,0.2794117758771949,7982.416666666667,7982.416666666667,194.7833333333333,68.50608143191351,68.50608143191351,67.90153151218232,499094.24098970514,499094.24098970514,395150.8287076121,2732.55309953231,2732.55309953231,2165.1364231487396,13433424.669957642,10989143.38190093,424396971.76532316,426580341.02334523,426224898.0157747,2326651.699066258,2338661.802687825,2336967.3622007165,37514.41873333335
46.369940750000005,-92220.53816360002,-86294.45973575,-1988.8,-500.0,-1488.8000000000002,-1861.0,0.4191176582301361,8409.416666666666,8409.416666666666,127.80000000000018,68.53386343827097,68.53386343827097,67.90153151218232,528350.286047269,528350.286047269,401403.42806769215,2893.3050553247685,2893.3050553247685,2199.2719478253503,13433424.669957642,10989143.38190093,424396971.76532316,426580341.02334523,426224898.0157747,2326651.699066258,2338661.802687825,2336967.3622007165,37514.41873333335
50.420161666666665,-100615.11327788889,-94256.29055569445,-1995.5333333333333,-500.0,-1495.5333333333335,-1869.4166666666667,0.5588235405830773,8496.916666666666,8496.916666666666,126.1166666666668,68.53386343827097,68.53386343827097,67.90153151218232,534346.9990981177,534346.9990981177,406773.30751811387,2926.4877102234996,2926.4877102234996,2228.58833960644,13433424.669957642,10989143.38190093,424396971.76532316,426580341.02334523,426224898.0157747,2326651.699066258,2338661.802687825,2336967.3622007165,37514.41873333335
44.9477605,-73028.12474303333,-63192.80561629166,-1624.7333333333331,-500.0,-1124.7333333333331,-1405.9166666666667,0.6985294229360184,7915.083333333333,7915.083333333333,218.8166666666666,68.50608143191351,68.50608143191351,67.90153151218232,494481.4981732896,494481.4981732896,398738.29295583896,2707.297012533296,2707.297012533296,2184.7218735061797,13433424.669957642,10989143.38190093,424396971.76532316,426580341.02334523,426224898.0157747,2326651.699066258,2338661.802687825,2336967.3622007165,37514.41873333335
50.18101416666666,-71524.67219222222,-58042.70638611111,-1425.3333333333337,-500.0,-925.3333333333336,-1156.6666666666667,0.8382353052889595,8204.083333333334,8204.083333333334,268.66666666666674,68.50608143191351,68.50608143191351,68.04554692124721,514279.75570711266,514279.75570711266,435289.53811685037,2815.698138415203,2815.698138415203,2384.2282108920217,13433424.669957642,10989143.38190093,424396971.76532316,426580341.02334523,426224898.0157747,2326651.699066258,2338661.802687825,2336967.3622007165,37514.41873333335
46.25932774999999,-30312.195496983328,-8978.164527479164,-655.2666666666667,-500.0,-155.26666666666668,-194.08333333333331,0.9779411876419006,8786.0,8786.0,461.1833333333333,68.53386343827097,68.53386343827097,68.53386343827097,554158.9967870646,554158.9967870646,540857.7161247535,3036.116881503212,3036.116881503212,2962.514592684979,13433424.669957642,10989143.38190093,424396971.76532316,426580341.02334523,426224898.0157747,2326651.699066258,2338661.802687825,2336967.3622007165,37514.41873333335
55.27235416666667,-977.2557547263896,4232.9411232638895,-17.680733333333336,-78.9474,61.266666666666666,76.58333333333333,1.0000000199948418,10123.514066666668,10121.25,92.0,69.2899179190971,69.2899179190971,69.2899179190971,646403.5317237118,646246.654730215,651553.1076108525,3544.9101175025053,3544.0536613094687,3573.023775609699,13433424.669957642,10989143.38190093,424396971.76532316,426580341.02334523,426224898.0157747,2326651.699066258,2338661.802687825,2336967.3622007165,37514.41873333335
84.23658816666666,121272.6080972778,151590.7601215972,1439.6666666666667,0.0,1439.6666666666667,1799.5833333333333,1.0000000199948418,12512.666666666666,12152.75,0.0,73.02251350048215,70.14753497815997,73.83508222800492,813968.4472800761,788080.3423506591,919535.2466658992,4464.32599709338,4322.563988692111,5044.912669788298,13433424.669957642,10989143.38190093,424396971.76532316,426580341.02334523,426224898.0157747,2326651.699066258,2338661.802687825,2336967.3622007165,37514.41873333335
86.51267733333334,169553.3125496889,211941.64068711115,1959.8666666666668,0.0,1959.8666666666668,2449.833333333333,1.0000000199948418,14040.549999999996,13550.58333333333,0.0,73.83508222800492,73.83508222800492,77.24027979043585,926048.7315031126,889872.0023807979,1075015.5350975257,5080.6792175561795,4882.027229783609,5899.530526917489,13433424.669957642,10989143.38190093,424396971.76532316,426580341.02334523,426224898.0157747,2326651.699066258,2338661.802687825,2336967.3622007165,37514.41873333335
85.48236025,147753.4102801167,184691.76285014584,1728.466666666667,0.0,1728.466666666667,2160.583333333333,1.0000000199948418,13979.199999999995,13547.08333333333,0.0,73.83508222800492,73.83508222800492,77.0687083991426,921518.9492084244,889613.5795929999,1052416.2558062116,5055.805485772016,4880.608190480519,5776.537931888674,13433424.669957642,10989143.38190093,424396971.76532316,426580341.02334523,426224898.0157747,2326651.699066258,2338661.802687825,2336967.3622007165,37514.41873333335
87.00675224999999,149982.23952854998,130923.41044818748,1723.8,520.0,1203.8,1504.75,0.8390093079205384,12828.533333333333,13047.58333333333,0.0,73.02251350048215,73.02251350048215,75.26966408849565,837033.825211095,853029.4067933755,964461.3423258535,4591.347607936475,4679.435674172797,5293.345284633625,13433424.669957642,10989143.38190093,424396971.76532316,426580341.02334523,426224898.0157747,2326651.699066258,2338661.802687825,2336967.3622007165,37514.41873333335
83.54321083333333,47346.722352944445,59183.40294118055,566.7333333333333,0.0,566.7333333333333,708.4166666666666,0.8390093079205384,12638.100000000002,12496.41666666667,0.0,73.02251350048215,73.02251350048215,73.02251350048215,823127.90455682,812781.8314356934,864512.1970413267,4514.7673564858,4457.791274078816,4742.671686113735,13433424.669957642,10989143.38190093,424396971.76532316,426580341.02334523,426224898.0157747,2326651.699066258,2338661.802687825,2336967.3622007165,37514.41873333335
80.96078941666667,1743.3556654388892,2179.194581798611,21.53333333333333,0.0,21.53333333333333,26.916666666666668,0.8390093079205384,11764.466666666664,11759.08333333333,0.0,70.14753497815997,70.14753497815997,70.14753497815997,760843.2236442222,760465.5960809232,762353.7338974186,4172.280314160364,4170.196714260215,4180.614713760957,13433424.669957642,10989143.38190093,424396971.76532316,426580341.02334523,426224898.0157747,2326651.699066258,2338661.802687825,2336967.3622007165,37514.41873333335
78.28206483333334,-57506.00482656667,-22956.215512375,-734.6,-500.0,-234.6,-293.25,0.9787151902734796,12134.1,11692.75,0.0,70.14753497815997,70.14753497815997,69.88353314694594,786772.0908233164,755812.4762607055,735287.447020236,4315.345572938965,4144.522634995232,4031.650526064913,13433424.669957642,10989143.38190093,424396971.76532316,426580341.02334523,426224898.0157747,2326651.699066258,2338661.802687825,2336967.3622007165,37514.41873333335
85.11753825,-7853.511529199999,-9816.889411499998,-92.26666666666668,0.0,-92.26666666666668,-115.33333333333331,0.9787151902734796,11149.933333333332,11173.0,0.0,69.88353314694594,69.88353314694594,69.88353314694594,717846.8465978631,719458.8267624527,711398.925939505,3935.8814954146765,3944.7331274715707,3900.474967187102,13433424.669957642,10989143.38190093,424396971.76532316,426580341.02334523,426224898.0157747,2326651.699066258,2338661.802687825,2336967.3622007165,37514.41873333335
93.09393158333332,14429.559395416662,-42474.10628489583,155.0,520.0,-365.0,-456.25,0.8177244781991763,11378.08333333333,11989.33333333333,0.0,69.88353314694594,70.14753497815997,69.88353314694594,733790.7746853387,776617.0660096445,744622.7223231153,4023.4320671103533,4259.314152713925,4082.9119646024856,13433424.669957642,10989143.38190093,424396971.76532316,426580341.02334523,426224898.0157747,2326651.699066258,2338661.802687825,2336967.3622007165,37514.41873333335
84.39171008333334,-24361.07364405556,-30451.342055069443,-288.6666666666667,0.0,-288.6666666666667,-360.8333333333333,0.8177244781991763,11694.416666666664,11766.58333333333,0.0,70.14753497815997,70.14753497815997,69.88353314694594,755929.3888190022,760991.7025932594,735724.2191024042,4145.167712363698,4173.099562418317,4034.0489090283036,13433424.669957642,10989143.38190093,424396971.76532316,426580341.02334523,426224898.0157747,2326651.699066258,2338661.802687825,2336967.3622007165,37514.41873333335
92.04193525,36595.8734554,-14082.41609325,397.6,520.0,-122.4,-153.0,0.6567337661248729,11224.48333333333,11775.08333333333,0.0,69.88353314694594,70.14753497815997,70.14753497815997,723056.6639939678,761587.9566405738,750855.3837889152,3964.489407402021,4176.389456997498,4117.171354572232,13433424.669957642,10989143.38190093,424396971.76532316,426580341.02334523,426224898.0157747,2326651.699066258,2338661.802687825,2336967.3622007165,37514.41873333335
90.17956325,48480.5332032,1983.9503915,537.6,520.0,17.6,22.0,0.4957430540505695,11145.48333333333,11661.08333333333,0.0,69.88353314694594,70.14753497815997,70.14753497815997,717535.8648753591,753591.1376530635,755134.383422583,3934.1738467447403,4132.266164994358,4140.781186258122,13433424.669957642,10989143.38190093,424396971.76532316,426580341.02334523,426224898.0157747,2326651.699066258,2338661.802687825,2336967.3622007165,37514.41873333335
87.90325725000001,32675.114564438238,36311.3705156875,371.7167666666667,41.2501,330.4666666666667,413.0833333333333,0.4829721252579999,12292.866566666667,12251.5,0.0,72.02334949619126,70.41406126820642,73.02251350048215,797951.5648737586,795010.257671812,825061.784122691,4376.501255027594,4360.6403097158045,4525.417279429535,13433424.669957642,10989143.38190093,424396971.76532316,426580341.02334523,426224898.0157747,2326651.699066258,2338661.802687825,2336967.3622007165,37514.41873333335
98.5054485,165403.78209129997,142726.186089125,1679.1333333333334,520.0,1159.1333333333334,1448.9166666666667,0.3219814131836964,13211.116666666663,13441.33333333333,0.0,73.02251350048215,73.21363636363637,75.26966408849565,864971.0218344876,881806.5871428677,989896.2163157577,4745.198445679364,4837.758600307183,5434.6268165474985,13433424.669957642,10989143.38190093,424396971.76532316,426580341.02334523,426224898.0157747,2326651.699066258,2338661.802687825,2336967.3622007165,37514.41873333335
90.75843075,106338.62802875,73930.3050484375,1171.6666666666667,520.0,651.6666666666667,814.5833333333334,0.160990701109393,12645.583333333336,13002.66666666667,0.0,73.02251350048215,73.02251350048215,73.83508222800492,823674.356366182,849749.4788953125,909561.3576415997,4517.776680212507,4661.373029532543,4990.14451001904,13433424.669957642,10989143.38190093,424396971.76532316,426580341.02334523,426224898.0157747,2326651.699066258,2338661.802687825,2336967.3622007165,37514.41873333335
96.77274833333333,32747.898036,-21967.413871666664,338.4,520.0,-181.6,-227.0,-1.0964910368560511e-08,11762.6,12328.0,0.0,70.14753497815997,72.51561924314397,70.14753497815997,760712.28157893,800496.1391260729,784450.2074155393,4171.557827507682,4390.286120562968,4302.5343364012115,13433424.669957642,10989143.38190093,424396971.76532316,426580341.02334523,426224898.0157747,2326651.699066258,2338661.802687825,2336967.3622007165,37514.41873333335
74.52902541666667,-82802.79561287421,-96148.65353961806,-1111.0140666666666,-78.9474,-1032.0666666666666,-1290.0833333333333,0.0220588213880308,11966.514066666665,12145.58333333333,0.0,70.14753497815997,70.14753497815997,69.88353314694594,775016.3507029687,787577.6183499821,697270.8049882972,4250.482037218918,4319.790156007702,3822.8952729312336,13433424.669957642,10989143.38190093,424396971.76532316,426580341.02334523,426224898.0157747,2326651.699066258,2338661.802687825,2336967.3622007165,37514.41873333335
58.63811283333334,-130332.97879088893,-126267.4029677778,-2222.666666666667,-500.0,-1722.666666666667,-2153.333333333333,0.161764703740972,12428.08333333333,12428.08333333333,69.33333333333348,73.02251350048215,73.02251350048215,69.2899179190971,807791.9596798267,807791.9596798267,656882.6571307961,4430.31192601757,4430.31192601757,3602.1199839874043,13433424.669957642,10989143.38190093,424396971.76532316,426580341.02334523,426224898.0157747,2326651.699066258,2338661.802687825,2336967.3622007165,37514.41873333335
59.66548483333333,-140571.88226733333,-138423.92481333332,-2356.0,-500.0,-1856.0,-2320.0,0.3014705860939132,12108.5,12108.5,36.0,70.14753497815997,70.14753497815997,68.9859436184972,784976.3139278755,784976.3139278755,623222.9322246637,4305.437184559313,4305.437184559313,3417.828741147365,13433424.669957642,10989143.38190093,424396971.76532316,426580341.02334523,426224898.0157747,2326651.699066258,2338661.802687825,2336967.3622007165,37514.41873333335
48.84493025,-94847.08555945002,-88030.77554306251,-1941.8,-500.0,-1441.8000000000002,-1802.25,0.4411764684468544,11493.66666666667,11493.66666666667,139.55000000000018,69.88353314694594,69.88353314694594,68.9859436184972,741868.1463915736,741868.1463915736,616525.5468650347,4067.7861627133598,4067.7861627133598,3380.7334833035807,13433424.669957642,10989143.38190093,424396971.76532316,426580341.02334523,426224898.0157747,2326651.699066258,2338661.802687825,2336967.3622007165,37514.41873333335
57.941456833333326,-81701.31689878888,-65913.23560265277,-1410.0666666666666,-500.0,-910.0666666666666,-1137.5833333333333,0.5808823507997956,11137.483333333334,11063.0,198.0,69.88353314694594,69.88353314694594,69.2899179190971,716976.7966101838,711771.6381162887,632677.3791377251,3931.1039165515995,3902.5215873158636,3469.9733907920136,13433424.669957642,10989143.38190093,424396971.76532316,426580341.02334523,426224898.0157747,2326651.699066258,2338661.802687825,2336967.3622007165,37514.41873333335
70.24349833333333,-65776.01183933334,-38317.82834083334,-936.4,-500.0,-436.4,-545.5,0.7205882331527367,11329.23333333333,11201.33333333333,263.0,69.88353314694594,69.88353314694594,69.88353314694594,730376.9640911104,721438.8602016161,683317.392869957,4004.686305868478,3955.605796905615,3746.2749318607234,13433424.669957642,10989143.38190093,424396971.76532316,426580341.02334523,426224898.0157747,2326651.699066258,2338661.802687825,2336967.3622007165,37514.41873333335
67.87195575,-44524.002972,-13235.03137125,-656.0,-500.0,-156.0,-195.0,0.8602941155056778,11162.16666666667,11162.16666666667,461.0,69.88353314694594,69.88353314694594,69.88353314694594,718701.755153361,718701.755153361,705074.4661897066,3940.575930335025,3940.575930335025,3865.7463818771807,13433424.669957642,10989143.38190093,424396971.76532316,426580341.02334523,426224898.0157747,2326651.699066258,2338661.802687825,2336967.3622007165,37514.41873333335
71.28630516666666,-29821.437661388885,7277.143652430555,-418.3333333333333,-500.0,81.66666666666667,102.08333333333331,0.9999999978586188,11978.416666666666,11496.0,38.0,70.14753497815997,69.88353314694594,70.14753497815997,775851.2887527997,742031.2079689163,749171.8429494397,4255.088895950467,4068.681559019692,4107.88224046631,13433424.669957642,10989143.38190093,424396971.76532316,426580341.02334523,426224898.0157747,2326651.699066258,2338661.802687825,2336967.3622007165,37514.41873333335
103.29835658333332,109751.06059123889,137188.82573904857,1062.4666666666667,0.0,1062.4666666666667,1328.0833333333333,0.9999999978586188,13690.199999999995,13424.58333333333,0.0,73.83508222800492,73.21363636363637,75.26966408849565,900180.6104445311,880580.2587337769,979540.3650315823,4938.63338331687,4831.025211824563,5377.103805649889,13433424.669957642,10989143.38190093,424396971.76532316,426580341.02334523,426224898.0157747,2326651.699066258,2338661.802687825,2336967.3622007165,37514.41873333335
122.07146291666665,180844.8032622777,226056.0040778472,1481.4666666666667,0.0,1481.4666666666667,1851.8333333333333,0.9999999978586188,14926.449999999995,14556.08333333333,0.0,75.26966408849565,75.26966408849565,77.78144795373666,992620.9781557611,964743.6035661855,1106535.8941250881,5449.761883739455,5294.913143804062,6071.506783929905,13433424.669957642,10989143.38190093,424396971.76532316,426580341.02334523,426224898.0157747,2326651.699066258,2338661.802687825,2336967.3622007165,37514.41873333335
121.09997708333331,160400.95631277777,200501.1953909722,1324.5333333333335,0.0,1324.5333333333335,1655.6666666666667,0.9999999978586188,15200.550000000005,14869.41666666667,0.0,77.0687083991426,75.26966408849565,79.48893937894901,1013333.4292985336,988328.0983139146,1115718.8869928797,5563.995813719393,5425.916487822848,6122.132201418125,13433424.669957642,10989143.38190093,424396971.76532316,426580341.02334523,426224898.0157747,2326651.699066258,2338661.802687825,2336967.3622007165,37514.41873333335
125.67309550000004,217563.1683780084,201066.4800420417,1731.1833333333334,451.25,1279.9333333333334,1599.9166666666667,0.8602941155056778,14471.150000000003,14602.41666666667,0.0,75.26966408849565,75.26966408849565,77.24027979043585,958350.7000962697,968231.0980022862,1090611.6349252115,5259.4028756594,5314.284914887694,5984.428529225483,13433424.669957642,10989143.38190093,424396971.76532316,426580341.02334523,426224898.0157747,2326651.699066258,2338661.802687825,2336967.3622007165,37514.41873333335
122.92982991666668,81748.33689458334,102185.42111822918,665.0,0.0,665.0,831.25,0.8602941155056778,14384.83333333333,14218.58333333333,0.0,75.26966408849565,75.26966408849565,75.26966408849565,951853.6735910305,939340.0919363182,1001908.0002098802,5223.314241687414,5153.8058184646825,5501.347934578342,13433424.669957642,10989143.38190093,424396971.76532316,426580341.02334523,426224898.0157747,2326651.699066258,2338661.802687825,2336967.3622007165,37514.41873333335
119.61696916666664,5430.610400166666,6788.263000208332,45.400000000000006,0.0,45.400000000000006,56.75,0.8602941155056778,12874.35,12863.0,0.0,73.02251350048215,73.02251350048215,73.02251350048215,840379.4733713089,839550.6678430784,843694.6954842308,4609.772175697538,4605.207923007366,4628.029186458228,13433424.669957642,10989143.38190093,424396971.76532316,426580341.02334523,426224898.0157747,2326651.699066258,2338661.802687825,2336967.3622007165,37514.41873333335
104.6010305,-77906.8475164,-32007.915333,-744.8,-500.0,-244.8,-306.0,0.9999999978586188,13394.466666666667,12955.66666666667,0.0,73.21363636363637,73.02251350048215,73.02251350048215,878375.3080519589,846317.4207607899,823972.5316296424,4818.918512333922,4642.47259989042,4519.418738816167,13433424.669957642,10989143.38190093,424396971.76532316,426580341.02334523,426224898.0157747,2326651.699066258,2338661.802687825,2336967.3622007165,37514.41873333335
141.1955793333333,30149.962706977774,37687.45338372222,213.53333333333336,0.0,213.53333333333336,266.9166666666667,0.9999999978586188,11536.966666666664,11483.58333333333,0.0,69.88353314694594,69.88353314694594,70.14753497815997,744894.1033768359,741163.4874323416,759863.4964056939,4084.4021598837403,4063.9167715324174,4166.87456581261,13433424.669957642,10989143.38190093,424396971.76532316,426580341.02334523,426224898.0157747,2326651.699066258,2338661.802687825,2336967.3622007165,37514.41873333335
131.35636783333334,-6996.915859922222,-8746.144824902778,-53.266666666666666,0.0,-53.266666666666666,-66.58333333333333,0.9999999978586188,11054.516666666665,11067.83333333333,0.0,69.88353314694594,69.88353314694594,69.88353314694594,711178.792810092,712109.4085264987,707456.3299444645,3899.266182173552,3904.376336807553,3878.825563637545,13433424.669957642,10989143.38190093,424396971.76532316,426580341.02334523,426224898.0157747,2326651.699066258,2338661.802687825,2336967.3622007165,37514.41873333335
145.61668333333336,15726.601800000002,19658.25225,108.0,0.0,108.0,135.0,0.9999999978586188,11072.5,11045.5,0.0,69.88353314694594,69.88353314694594,69.88353314694594,712435.5316811847,710548.6762862172,719982.9532610548,3906.16712942022,3895.806115018365,3947.611187027642,13433424.669957642,10989143.38190093,424396971.76532316,426580341.02334523,426224898.0157747,2326651.699066258,2338661.802687825,2336967.3622007165,37514.41873333335
133.8961785,-4847.0416617,-6058.802077124999,-36.2,0.0,-36.2,-45.25,0.9999999978586188,11425.2,11434.25,0.0,69.88353314694594,69.88353314694594,69.88353314694594,737083.4538221125,737715.8997970924,734553.669922193,4041.512676810383,4044.9855353413745,4027.621242686413,13433424.669957642,10989143.38190093,424396971.76532316,426580341.02334523,426224898.0157747,2326651.699066258,2338661.802687825,2336967.3622007165,37514.41873333335
143.31220391666668,32025.500501911112,40031.87562738889,223.46666666666667,0.0,223.46666666666667,279.3333333333333,0.9999999978586188,11522.699999999995,11466.83333333333,0.0,69.88353314694594,69.88353314694594,70.14753497815997,743897.0983039394,739992.9382521302,759559.523754122,4078.9274510393025,4057.489105190526,4165.197364654597,13433424.669957642,10989143.38190093,424396971.76532316,426580341.02334523,426224898.0157747,2326651.699066258,2338661.802687825,2336967.3622007165,37514.41873333335
166.63146541666666,168497.73782933335,102311.71976583332,1011.2,520.0,491.2000000000001,614.0,0.8390092857843156,12242.38333333333,12639.58333333333,0.0,70.27955016749083,73.02251350048215,73.02251350048215,794368.8052432567,823236.2212851787,868072.0445744748,4357.196698812539,4515.363859407127,4762.275855157425,13433424.669957642,10989143.38190093,424396971.76532316,426580341.02334523,426224898.0157747,2326651.699066258,2338661.802687825,2336967.3622007165,37514.41873333335
178.97075500000005,215027.3964406667,152453.25480083335,1201.4666666666667,520.0,681.4666666666667,851.8333333333334,0.6780185737100122,13658.449999999995,14008.08333333333,0.0,73.83508222800492,73.83508222800492,75.26966408849565,897836.3465837919,923651.5525001101,987613.0365050734,4925.760669638839,5067.515938687517,5421.944577924403,13433424.669957642,10989143.38190093,424396971.76532316,426580341.02334523,426224898.0157747,2326651.699066258,2338661.802687825,2336967.3622007165,37514.41873333335
187.9451975833333,140395.06259475,53329.44981427083,747.0,520.0,227.0,283.75,0.5170278616357088,13179.33333333333,13642.58333333333,0.0,73.02251350048215,73.83508222800492,73.83508222800492,862650.122947064,896664.8299457743,917615.5345279707,4732.417197690878,4919.327691464832,5034.371234965343,13433424.669957642,10989143.38190093,424396971.76532316,426580341.02334523,426224898.0157747,2326651.699066258,2338661.802687825,2336967.3622007165,37514.41873333335
164.45240908333332,-80077.35972964443,-100096.69966205554,-486.9333333333333,0.0,-486.9333333333333,-608.6666666666666,0.5170278616357088,13471.016666666666,13592.75,0.0,73.83508222800492,73.83508222800492,73.02251350048215,883997.1910048565,892985.3816814123,848392.4771860951,4849.767736293364,4899.123274720838,4653.899987315887,13433424.669957642,10989143.38190093,424396971.76532316,426580341.02334523,426224898.0157747,2326651.699066258,2338661.802687825,2336967.3622007165,37514.41873333335
233.71754241666667,-31847.91044664447,-191726.2906291389,-136.26666666666677,520.0,-656.2666666666668,-820.3333333333334,0.3560371495614054,13146.766666666665,13830.83333333333,0.0,73.02251350048215,73.83508222800492,73.02251350048215,860272.0230907317,910564.2841751963,850321.4885843992,4719.320942541691,4995.65173398103,4664.523101139561,13433424.669957642,10989143.38190093,424396971.76532316,426580341.02334523,426224898.0157747,2326651.699066258,2338661.802687825,2336967.3622007165,37514.41873333335
245.38563383333332,-101769.60187181114,-286712.66433143057,-414.7333333333335,520.0,-934.7333333333336,-1168.4166666666667,0.195046437487102,13756.899999999998,14510.58333333333,0.0,73.83508222800492,75.26966408849565,73.21363636363637,905105.4104291392,961318.8338501588,874546.2348701406,4965.676218035757,5275.88978586942,4797.8942605344555,13433424.669957642,10989143.38190093,424396971.76532316,426580341.02334523,426224898.0157747,2326651.699066258,2338661.802687825,2336967.3622007165,37514.41873333335
208.14866433333336,-126998.4383985778,-294044.6798148889,-610.1333333333334,520.0,-1130.1333333333334,-1412.6666666666667,0.0340557254127986,13409.633333333337,14212.16666666667,0.0,73.21363636363637,75.26966408849565,73.02251350048215,879485.714870141,938857.1115917508,834913.738235798,4825.015411357987,5151.123037217491,4579.672236150455,13433424.669957642,10989143.38190093,424396971.76532316,426580341.02334523,426224898.0157747,2326651.699066258,2338661.802687825,2336967.3622007165,37514.41873333335
135.5609114166667,-218162.69343988897,-187977.7971644445,-1609.3333333333337,-500.0,-1109.3333333333337,-1386.6666666666667,0.1737616077657398,13570.749999999996,13446.08333333333,98.0,73.83508222800492,73.83508222800492,70.14753497815997,891361.0098723959,882156.2362879714,781533.2390860306,4890.203599101413,4839.658770591351,4286.439656057961,13433424.669957642,10989143.38190093,424396971.76532316,426580341.02334523,426224898.0157747,2326651.699066258,2338661.802687825,2336967.3622007165,37514.41873333335
166.11327583333332,-102768.74664888887,-128460.9333111111,-618.6666666666667,0.0,-618.6666666666667,-773.3333333333334,0.1737616077657398,13055.083333333334,13209.75,0.0,73.02251350048215,73.02251350048215,73.02251350048215,853577.0756446293,864871.2243993705,808400.4806256642,4682.451700179521,4744.64885871814,4433.66306602504,13433424.669957642,10989143.38190093,424396971.76532316,426580341.02334523,426224898.0157747,2326651.699066258,2338661.802687825,2336967.3622007165,37514.41873333335
144.8059105,-116964.56077453334,-55702.00690566668,-807.7333333333333,-500.0,-307.7333333333333,-384.6666666666667,0.3134674901186809,13468.58333333333,13468.58333333333,423.0666666666666,73.83508222800492,73.83508222800492,73.02251350048215,883817.5256381015,883817.5256381015,855682.5581172263,4848.781166111215,4848.781166111215,4694.0466446053615,13433424.669957642,10989143.38190093,424396971.76532316,426580341.02334523,426224898.0157747,2326651.699066258,2338661.802687825,2336967.3622007165,37514.41873333335
142.15343858333333,-118574.92157031113,-59372.75284830556,-834.1333333333334,-500.0,-334.1333333333334,-417.6666666666667,0.4531733724716221,13511.41666666667,13511.41666666667,416.4666666666667,73.83508222800492,73.83508222800492,73.02251350048215,886980.1283268682,886980.1283268682,856400.6128333148,4866.147504249033,4866.147504249033,4698.000989814177,13433424.669957642,10989143.38190093,424396971.76532316,426580341.02334523,426224898.0157747,2326651.699066258,2338661.802687825,2336967.3622007165,37514.41873333335
148.51185641666666,-16759.29567527928,-1150.9668872291666,-112.8482,-106.6482,-6.2,-7.75,0.482972134236328,13706.41666666667,13706.41666666667,105.0982,73.83508222800492,73.83508222800492,73.83508222800492,901377.9693613291,901377.9693613291,900805.747474062,4945.20826542119,4945.20826542119,4942.066106964348,13433424.669957642,10989143.38190093,424396971.76532316,426580341.02334523,426224898.0157747,2326651.699066258,2338661.802687825,2336967.3622007165,37514.41873333335
160.03405391666666,116750.1768006722,145937.72100084028,729.5333333333333,0.0,729.5333333333333,911.9166666666666,0.482972134236328,14109.883333333331,13927.5,0.0,74.72673614667623,73.83508222800492,75.26966408849565,931189.6022864295,917701.6754572369,986070.0083912594,5108.8397034413765,5034.844248066374,5413.373614459346,13433424.669957642,10989143.38190093,424396971.76532316,426580341.02334523,426224898.0157747,2326651.699066258,2338661.802687825,2336967.3622007165,37514.41873333335
160.72141091666666,152288.89422390555,190361.117779882,947.5333333333334,0.0,947.5333333333334,1184.4166666666667,0.482972134236328,14549.550000000005,14312.66666666667,0.0,75.26966408849565,75.26966408849565,77.0687083991426,964251.8417608079,946421.7128326446,1036186.8702958259,5292.181584716015,5193.141662985218,5688.278502333712,13433424.669957642,10989143.38190093,424396971.76532316,426580341.02334523,426224898.0157747,2326651.699066258,2338661.802687825,2336967.3622007165,37514.41873333335
172.266452,263866.26674346667,217859.6396293333,1531.7333333333336,520.0,1011.7333333333336,1264.6666666666667,0.3219814221620246,13722.433333333332,13989.5,0.0,73.83508222800492,73.83508222800492,77.0687083991426,902560.5612616807,922279.4505553732,1017465.5965472006,4951.702059565329,5059.9815157211115,5586.46756558946,13433424.669957642,10989143.38190093,424396971.76532316,426580341.02334523,426224898.0157747,2326651.699066258,2338661.802687825,2336967.3622007165,37514.41873333335
170.59730725,207275.72830875,148206.4106734375,1215.0,520.0,695.0,868.75,0.1609907100877212,13863.16666666667,14209.41666666667,0.0,73.83508222800492,75.26966408849565,75.72022253129346,912951.6185005689,938650.1200155074,1004050.9885179577,5008.760954209578,5149.973273825837,5513.131571991549,13433424.669957642,10989143.38190093,424396971.76532316,426580341.02334523,426224898.0157747,2326651.699066258,2338661.802687825,2336967.3622007165,37514.41873333335
171.3484455,177277.1017143,110219.887567875,1034.6,520.0,514.6,643.25,-1.986582176538576e-09,13246.73333333333,13638.08333333333,0.0,73.02251350048215,73.83508222800492,75.26966408849565,867571.8403569964,896332.5720757484,944063.2633578712,4759.521218071286,4917.503212360859,5180.041328583337,13433424.669957642,10989143.38190093,424396971.76532316,426580341.02334523,426224898.0157747,2326651.699066258,2338661.802687825,2336967.3622007165,37514.41873333335
165.37035158333336,55851.08007474446,69813.85009343056,337.7333333333333,0.0,337.7333333333333,422.1666666666667,-1.986582176538576e-09,13174.100000000002,13089.66666666667,0.0,73.02251350048215,73.02251350048215,73.83508222800492,862267.9717930785,856102.4375698545,887010.8929444631,4730.3126817661905,4696.358931210517,4866.3164374994,13433424.669957642,10989143.38190093,424396971.76532316,426580341.02334523,426224898.0157747,2326651.699066258,2338661.802687825,2336967.3622007165,37514.41873333335
140.34211733333336,-1889.9405134222227,-2362.4256417777783,-13.466666666666669,0.0,-13.466666666666669,-16.833333333333332,-1.986582176538576e-09,12315.633333333331,12319.0,0.0,72.51561924314397,72.51561924314397,72.50301080174005,799599.3626347658,799843.4985528846,798622.8269476378,4385.4185907972505,4386.743713455843,4380.117178001439,13433424.669957642,10989143.38190093,424396971.76532316,426580341.02334523,426224898.0157747,2326651.699066258,2338661.802687825,2336967.3622007165,37514.41873333335
126.04771133333333,-66889.31881422222,-4831.828934444445,-530.6666666666666,-500.0,-30.66666666666667,-38.333333333333336,0.139705880366359,12517.750000000004,12025.41666666667,0.0,73.02251350048215,70.14753497815997,70.14753497815997,814339.6450570371,779148.2228967736,776459.234055944,4466.370192497937,4273.280077741237,4258.443298266497,13433424.669957642,10989143.38190093,424396971.76532316,426580341.02334523,426224898.0157747,2326651.699066258,2338661.802687825,2336967.3622007165,37514.41873333335
140.2706575,-33188.037564499995,46184.113981875,-236.6,-500.0,263.40000000000003,329.25,0.2794117627193002,12784.26666666667,12218.41666666667,0.0,73.02251350048215,70.14753497815997,73.02251350048215,833801.3619468072,792686.6971475584,816524.2352525932,4573.546352216802,4347.98003700971,4478.40078512475,13433424.669957642,10989143.38190093,424396971.76532316,426580341.02334523,426224898.0157747,2326651.699066258,2338661.802687825,2336967.3622007165,37514.41873333335
140.87196133333336,15223.563288088892,19029.45411011112,108.06666666666668,0.0,108.06666666666668,135.08333333333334,0.2794117627193002,12198.849999999997,12171.83333333333,0.0,70.14753497815997,70.14753497815997,72.51561924314397,791314.143713152,789418.9911431588,798967.2681536964,4340.406828703905,4329.950124561056,4381.987703913868,13433424.669957642,10989143.38190093,424396971.76532316,426580341.02334523,426224898.0157747,2326651.699066258,2338661.802687825,2336967.3622007165,37514.41873333335
156.75070724999998,57783.53571592499,-2717.012259,368.6333333333333,382.5,-13.866666666666667,-17.333333333333332,0.1609907100877212,11693.950000000004,12079.91666666667,0.0,70.14753497815997,70.14753497815997,70.14753497815997,755896.6533026795,782971.2635530833,781755.3729467951,4144.98709070053,4294.374107690106,4287.665303058049,13433424.669957642,10989143.38190093,424396971.76532316,426580341.02334523,426224898.0157747,2326651.699066258,2338661.802687825,2336967.3622007165,37514.41873333335
172.19468791666665,95487.6942727222,7433.070695069443,554.5333333333333,520.0,34.53333333333333,43.16666666666666,-1.986582176538576e-09,11533.966666666664,12045.33333333333,0.0,69.88353314694594,70.14753497815997,70.14753497815997,744684.4527773951,780545.3279684215,783573.363228312,4083.2509360613117,4280.988752294415,4297.696256137709,13433424.669957642,10989143.38190093,424396971.76532316,426580341.02334523,426224898.0157747,2326651.699066258,2338661.802687825,2336967.3622007165,37514.41873333335
145.25863258333334,8550.89150473889,10688.614380923613,58.86666666666667,0.0,58.86666666666667,73.58333333333333,-1.986582176538576e-09,12215.549999999996,12200.83333333333,0.0,70.14753497815997,70.14753497815997,71.1779885741369,792485.6075472872,791453.2696575254,796632.375328078,4346.870503935944,4341.174470772381,4369.382419381479,13433424.669957642,10989143.38190093,424396971.76532316,426580341.02334523,426224898.0157747,2326651.699066258,2338661.802687825,2336967.3622007165,37514.41873333335
146.35049924999998,37807.21230625,47259.0153828125,258.33333333333337,0.0,258.33333333333337,322.9166666666667,-1.986582176538576e-09,12069.833333333334,12005.25,0.0,70.14753497815997,70.14753497815997,72.51561924314397,782263.9425753867,777733.5809413805,800508.2250626134,4290.47138961088,4265.474641582785,4390.351720694581,13433424.669957642,10989143.38190093,424396971.76532316,426580341.02334523,426224898.0157747,2326651.699066258,2338661.802687825,2336967.3622007165,37514.41873333335
122.59271425,-22148.41704116667,-27685.52130145834,-180.66666666666669,0.0,-180.66666666666669,-225.83333333333331,-1.986582176538576e-09,11885.500000000004,11930.66666666667,0.0,70.14753497815997,70.14753497815997,70.14753497815997,769333.413627746,772501.7439575929,756660.0923083584,4219.125832658437,4236.6074293438905,4149.199445916618,13433424.669957642,10989143.38190093,424396971.76532316,426580341.02334523,426224898.0157747,2326651.699066258,2338661.802687825,2336967.3622007165,37514.41873333335
110.29433783333332,-82500.16469933331,-34191.24472833333,-748.0,-500.0,-248.0,-310.0,0.139705880366359,12336.0,12097.0,199.0,72.51561924314397,70.14753497815997,70.14753497815997,801076.264080018,784169.6172756266,762423.8814323971,4393.434926880413,4300.986150716891,4181.001760182038,13433424.669957642,10989143.38190093,424396971.76532316,426580341.02334523,426224898.0157747,2326651.699066258,2338661.802687825,2336967.3622007165,37514.41873333335
131.00452783333333,-5067.678717900002,-80229.35625393054,-38.68323333333336,451.2501,-489.9333333333333,-612.4166666666666,-3.294633449391071e-08,12144.933233333337,12718.66666666667,0.0,70.14753497815997,73.02251350048215,70.14753497815997,787532.0154374932,829011.0850611756,784818.4819741749,4319.53853712936,4547.166178078008,4304.566330111884,13433424.669957642,10989143.38190093,424396971.76532316,426580341.02334523,426224898.0157747,2326651.699066258,2338661.802687825,2336967.3622007165,37514.41873333335
113.34788725,-112811.37391701668,-141014.21739627083,-995.2666666666668,0.0,-995.2666666666668,-1244.0833333333333,-3.294633449391071e-08,12881.850000000002,13130.66666666667,0.0,73.02251350048215,73.02251350048215,70.14753497815997,840927.1422225626,859096.3606233742,769409.406790639,4612.788201704261,4712.846540047263,4219.545132947939,13433424.669957642,10989143.38190093,424396971.76532316,426580341.02334523,426224898.0157747,2326651.699066258,2338661.802687825,2336967.3622007165,37514.41873333335
90.93617441666665,-148820.08063868887,-129189.99178794444,-1636.5333333333335,-500.0,-1136.5333333333335,-1420.6666666666667,0.1397058494066066,12384.16666666667,12384.16666666667,215.8666666666668,73.02251350048215,73.02251350048215,69.88353314694594,804585.0542952643,804585.0542952643,704818.2265681678,4412.651418178212,4412.651418178212,3864.3393305386576,13433424.669957642,10989143.38190093,424396971.76532316,426580341.02334523,426224898.0157747,2326651.699066258,2338661.802687825,2336967.3622007165,37514.41873333335
88.04325558333333,-156188.73540483334,-140208.88451645835,-1774.0,-500.0,-1274.0,-1592.5,0.2794117317595478,11720.25,11720.25,181.5,70.14753497815997,70.14753497815997,69.2899179190971,757741.5334726048,757741.5334726048,646697.039196689,4155.166411574936,4155.166411574936,3546.512495820261,13433424.669957642,10989143.38190093,424396971.76532316,426580341.02334523,426224898.0157747,2326651.699066258,2338661.802687825,2336967.3622007165,37514.41873333335
86.72172333333333,-134488.04854533332,-113908.98359833332,-1550.8,-500.0,-1050.8,-1313.5,0.419117614112489,12090.966666666667,11938.66666666667,85.0,70.14753497815997,70.14753497815997,69.77404247574995,783746.3938145918,773062.9242374182,681174.4657391469,4298.650970643041,4239.703800712532,3734.5292950241383,13433424.669957642,10989143.38190093,424396971.76532316,426580341.02334523,426224898.0157747,2326651.699066258,2338661.802687825,2336967.3622007165,37514.41873333335
92.054403,-111385.82763,-81698.28266249999,-1210.0,-500.0,-710.0,-887.5,0.5588234964654302,12296.33333333333,11980.83333333333,7.0,72.02334949619126,70.14753497815997,69.88353314694594,798201.2530210135,776020.8119623301,713891.4386217459,4377.861764168785,4256.024258134743,3914.161739298194,13433424.669957642,10989143.38190093,424396971.76532316,426580341.02334523,426224898.0157747,2326651.699066258,2338661.802687825,2336967.3622007165,37514.41873333335
112.87052391666668,-17728.196956511114,-22160.24619563889,-157.0666666666667,0.0,-157.0666666666667,-196.33333333333331,0.5588234964654302,11634.483333333334,11673.75,0.0,70.14753497815997,70.14753497815997,69.88353314694594,751725.2132226448,754479.6730961205,740732.5389779356,4121.970730193628,4137.1687529947085,4061.550367008538,13433424.669957642,10989143.38190093,424396971.76532316,426580341.02334523,426224898.0157747,2326651.699066258,2338661.802687825,2336967.3622007165,37514.41873333335
113.62439274999998,-583.2718827833334,-729.0898534791665,-5.133333333333334,0.0,-5.133333333333334,-6.416666666666667,0.5588234964654302,10997.883333333337,10999.16666666667,0.0,69.88353314694594,69.88353314694594,69.88353314694594,707221.0553828704,707310.7392504088,706862.319912716,3877.5336346812674,3878.02610264975,3875.563762807334,13433424.669957642,10989143.38190093,424396971.76532316,426580341.02334523,426224898.0157747,2326651.699066258,2338661.802687825,2336967.3622007165,37514.41873333335
116.51375758333332,74227.03116442222,92783.78895552777,637.0666666666667,0.0,637.0666666666667,796.3333333333334,0.5588234964654302,11939.433333333336,11780.16666666667,0.0,70.14753497815997,70.14753497815997,73.02251350048215,773116.7040142347,761944.5399433798,818629.7177251905,4240.000536302026,4178.356942971324,4489.995729550591,13433424.669957642,10989143.38190093,424396971.76532316,426580341.02334523,426224898.0157747,2326651.699066258,2338661.802687825,2336967.3622007165,37514.41873333335
131.00865183333335,184399.0444104778,145343.18182143057,1407.5333333333333,520.0,887.5333333333334,1109.4166666666667,0.3978327843911268,12031.550000000005,12329.66666666667,0.0,70.14753497815997,72.51561924314397,73.21363636363637,779578.4611113064,800616.9984914784,881641.85646105,4275.653962457196,4390.942121879103,4836.854115287131,13433424.669957642,10989143.38190093,424396971.76532316,426580341.02334523,426224898.0157747,2326651.699066258,2338661.802687825,2336967.3622007165,37514.41873333335
125.13982025,174695.189069,137028.10317375002,1396.0,520.0,876.0,1095.0,0.2368420723168234,11674.83333333333,11975.83333333333,0.0,70.14753497815997,70.14753497815997,73.02251350048215,754555.6662590132,775670.0742874393,854727.1802322617,4137.588053284211,4254.089026029343,4688.785354793636,13433424.669957642,10989143.38190093,424396971.76532316,426580341.02334523,426224898.0157747,2326651.699066258,2338661.802687825,2336967.3622007165,37514.41873333335
122.11768708333332,76437.53093502777,95546.91366878468,625.9333333333334,0.0,625.9333333333334,782.4166666666666,0.2368420723168234,12410.983333333334,12254.5,0.0,73.02251350048215,70.43008974755023,73.02251350048215,806543.2746989687,795221.5216277161,852250.4999827038,4423.435386722245,4361.764629942166,4675.146214963239,13433424.669957642,10989143.38190093,424396971.76532316,426580341.02334523,426224898.0157747,2326651.699066258,2338661.802687825,2336967.3622007165,37514.41873333335
123.43753375,86373.34460557997,70163.95147572918,699.7332333333334,244.9999,454.73333333333335,568.4166666666666,0.1609907100877212,11708.850100000003,11840.16666666667,0.0,70.14753497815997,70.14753497815997,73.02251350048215,756941.8585886075,766153.3920420695,806368.0206665677,4150.754121079266,4201.5797282361345,4422.470258400095,13433424.669957642,10989143.38190093,424396971.76532316,426580341.02334523,426224898.0157747,2326651.699066258,2338661.802687825,2336967.3622007165,37514.41873333335
131.76247766666663,123909.43399773331,69241.18201383333,940.4,520.0,420.4,525.5,-1.9865822042941517e-09,11043.01666666667,11457.91666666667,0.0,69.88353314694594,69.88353314694594,70.14753497815997,710375.1321789025,739369.8100815703,776202.0264276909,3894.8531575209117,4054.067412162755,4257.024128055869,13433424.669957642,10989143.38190093,424396971.76532316,426580341.02334523,426224898.0157747,2326651.699066258,2338661.802687825,2336967.3622007165,37514.41873333335
117.48723366666664,10378.038973888888,12972.54871736111,88.33333333333334,0.0,88.33333333333334,110.41666666666669,-1.9865822042941517e-09,11168.416666666664,11146.33333333333,0.0,69.88353314694594,69.88353314694594,69.88353314694594,719138.527235529,717595.265878534,725311.5726635093,3942.9743132984154,3934.5000268277618,3976.871459181028,13433424.669957642,10989143.38190093,424396971.76532316,426580341.02334523,426224898.0157747,2326651.699066258,2338661.802687825,2336967.3622007165,37514.41873333335
103.23076433333334,-447.3333121111112,-559.166640138889,-4.333333333333334,0.0,-4.333333333333334,-5.416666666666667,-1.9865822042941517e-09,10898.416666666666,10899.5,0.0,69.88353314694594,69.88353314694594,69.88353314694594,700269.9732858539,700345.680446763,699967.1446422171,3839.364169279863,3839.7798889935175,3837.701290425244,13433424.669957642,10989143.38190093,424396971.76532316,426580341.02334523,426224898.0157747,2326651.699066258,2338661.802687825,2336967.3622007165,37514.41873333335
94.99382016666664,-8201.133141055556,-10251.416426319443,-86.33333333333334,0.0,-86.33333333333334,-107.91666666666669,-1.9865822042941517e-09,9956.0,9977.583333333334,0.0,69.2899179190971,69.2899179190971,68.9859436184972,634796.4957940842,636292.0031891714,628822.2913150318,3481.5425224004844,3489.7071139170894,3448.842287190152,13433424.669957642,10989143.38190093,424396971.76532316,426580341.02334523,426224898.0157747,2326651.699066258,2338661.802687825,2336967.3622007165,37514.41873333335
92.35250700000002,-4143.549147400002,-5179.436434250001,-44.866666666666674,0.0,-44.866666666666674,-56.083333333333336,-1.9865822042941517e-09,9435.2,9446.416666666666,0.0,68.9759577203446,68.9759577203446,68.9759577203446,598851.877972318,599625.5582980812,595757.1566692651,3283.0273054567447,3287.3002597350433,3265.9354883435476,13433424.669957642,10989143.38190093,424396971.76532316,426580341.02334523,426224898.0157747,2326651.699066258,2338661.802687825,2336967.3622007165,37514.41873333335
95.29912158333332,-13996.264323205556,-17495.330404006945,-146.86666666666667,0.0,-146.86666666666667,-183.58333333333331,-1.9865822042941517e-09,9365.283333333333,9402.0,0.0,68.9759577203446,68.9759577203446,68.9759577203446,594029.3089283705,596561.8761760026,583899.0399378425,3256.392768759174,3270.379868722165,3200.44436890721,13433424.669957642,10989143.38190093,424396971.76532316,426580341.02334523,426224898.0157747,2326651.699066258,2338661.802687825,2336967.3622007165,37514.41873333335
93.69812291666666,-8058.038570833333,-10072.548213541666,-86.0,0.0,-86.0,-107.5,-1.9865822042941517e-09,9277.916666666666,9299.416666666666,0.0,68.9759577203446,68.9759577203446,68.9759577203446,588003.109422203,589486.0925131905,582071.1770582534,3223.1107088381577,3231.3010669644664,3190.3492763329223,13433424.669957642,10989143.38190093,424396971.76532316,426580341.02334523,426224898.0157747,2326651.699066258,2338661.802687825,2336967.3622007165,37514.41873333335
92.26475833333332,-4354.896593333333,-5443.620741666666,-47.2,0.0,-47.2,-59.0,-1.9865822042941517e-09,8775.2,8787.0,0.0,68.53386343827097,68.53386343827097,68.53386343827097,553418.8310619313,554227.5306505028,550184.0327076449,3032.0211938128546,3036.496111844912,3014.121521684625,13433424.669957642,10989143.38190093,424396971.76532316,426580341.02334523,426224898.0157747,2326651.699066258,2338661.802687825,2336967.3622007165,37514.41873333335
95.61894191666666,14151.603403666666,17689.50425458333,148.0,0.0,148.0,185.0,-1.9865822042941517e-09,8019.0,7982.0,0.0,68.50608143191351,68.50608143191351,68.50608143191351,501600.42180208926,499065.69678910845,511739.3218540125,2746.275156701329,2732.396811865237,2801.7885360456967,13433424.669957642,10989143.38190093,424396971.76532316,426580341.02334523,426224898.0157747,2326651.699066258,2338661.802687825,2336967.3622007165,37514.41873333335
75.64140041666666,-5088.144868027777,-6360.181085034721,-67.26666666666667,0.0,-67.26666666666667,-84.08333333333333,-1.9865822042941517e-09,6782.183333333333,6799.0,0.0,67.90153151218232,67.90153151218232,67.90153151218232,417276.54275085666,418418.4201724532,412709.03306447057,2285.92984268764,2292.1638235742826,2260.9939191410695,13433424.669957642,10989143.38190093,424396971.76532316,426580341.02334523,426224898.0157747,2326651.699066258,2338661.802687825,2336967.3622007165,37514.41873333335
64.38780616666666,-29687.071163244447,-37108.83895405556,-461.0666666666667,0.0,-461.0666666666667,-576.3333333333334,-1.9865822042941517e-09,5808.566666666667,5923.833333333333,0.0,67.82198251836347,67.90153151218232,67.82198251836347,351170.19610333536,358993.26317737496,319899.74069686857,1924.7340524156414,1967.737325697567,1751.3688691135837,13433424.669957642,10989143.38190093,424396971.76532316,426580341.02334523,426224898.0157747,2326651.699066258,2338661.802687825,2336967.3622007165,37514.41873333335
38.188887583333326,-35329.812866261105,-20294.21134324305,-925.1333333333332,-500.0,-425.1333333333333,-531.4166666666666,0.1397058803663589,5713.666666666667,5713.666666666667,393.7166666666667,67.82198251836347,67.82198251836347,67.82198251836347,344733.8899623427,344733.8899623427,308692.158085709,1889.0508051006502,1889.0508051006502,1689.2333936783646,13433424.669957642,10989143.38190093,424396971.76532316,426580341.02334523,426224898.0157747,2326651.699066258,2338661.802687825,2336967.3622007165,37514.41873333335
31.022055750000003,-39156.03876765,-29556.263615812502,-1262.2,-500.0,-762.2,-952.75,0.2794117627193001,5812.333333333333,5812.333333333333,309.4499999999998,67.82198251836347,67.82198251836347,67.02375299763455,351425.6589041545,351425.6589041545,287015.8753575252,1926.1503527130048,1926.1503527130048,1569.42269184915,13433424.669957642,10989143.38190093,424396971.76532316,426580341.02334523,426224898.0157747,2326651.699066258,2338661.802687825,2336967.3622007165,37514.41873333335
31.250551416666667,-43982.02606381667,-35445.93794435417,-1407.4,-500.0,-907.4,-1134.25,0.4191176450722413,6177.166666666667,6177.166666666667,273.1500000000001,67.90153151218232,67.90153151218232,67.02375299763455,376194.9844937945,376194.9844937945,299303.56340709154,2061.6486334051674,2061.6486334051674,1637.546332734572,13433424.669957642,10989143.38190093,424396971.76532316,426580341.02334523,426224898.0157747,2326651.699066258,2338661.802687825,2336967.3622007165,37514.41873333335
30.5462765,-41113.25175056667,-32300.141875708337,-1345.9333333333334,-500.0,-845.9333333333334,-1057.4166666666667,0.5588235274251825,6361.166666666667,6361.166666666667,288.5166666666664,67.90153151218232,67.90153151218232,67.82198251836347,388688.866292036,388688.866292036,316932.52896169014,2129.857899003319,2129.857899003319,1734.9184784915515,13433424.669957642,10989143.38190093,424396971.76532316,426580341.02334523,426224898.0157747,2326651.699066258,2338661.802687825,2336967.3622007165,37514.41873333335
29.722629,-37844.832751400005,-28729.39781425,-1273.2666666666669,-500.0,-773.2666666666668,-966.5833333333334,0.6985294097781236,5845.916666666667,5845.916666666667,306.6833333333334,67.82811336605208,67.82811336605208,67.02375299763455,353703.51585088845,353703.51585088845,288339.59447922854,1938.7986662671276,1938.7986662671276,1576.761465889989,13433424.669957642,10989143.38190093,424396971.76532316,426580341.02334523,426224898.0157747,2326651.699066258,2338661.802687825,2336967.3622007165,37514.41873333335
33.545143916666674,-37550.43410031668,-25972.32767747917,-1119.4,-500.0,-619.4000000000001,-774.25,0.8382352921310647,6130.25,6130.25,345.1500000000001,67.90153151218232,67.90153151218232,67.82198251836347,373009.27097368124,373009.27097368124,320476.2275482747,2044.25650635274,2044.25650635274,1754.5649450058643,13433424.669957642,10989143.38190093,424396971.76532316,426580341.02334523,426224898.0157747,2326651.699066258,2338661.802687825,2336967.3622007165,37514.41873333335
33.963971083333334,-25688.08346269445,-10882.622401284723,-756.3333333333334,-500.0,-256.33333333333337,-320.4166666666667,0.977941174484006,6449.916666666667,6449.916666666667,435.91666666666674,67.90153151218232,67.90153151218232,67.90153151218232,394715.12721374223,394715.12721374223,372958.3448250471,2162.757748578514,2162.757748578514,2043.9784794549214,13433424.669957642,10989143.38190093,424396971.76532316,426580341.02334523,426224898.0157747,2326651.699066258,2338661.802687825,2336967.3622007165,37514.41873333335
59.94529325,-5044.246563754375,-389.644406125,-84.14750000000001,-78.9475,-5.2,-6.5,1.0000000347781235,8182.583333333333,8182.583333333333,77.64750000000001,68.50608143191351,68.50608143191351,68.50608143191351,512806.87495632644,512806.87495632644,512361.585427019,2807.6336947942305,2807.6336947942305,2805.19560718789,13433424.669957642,10989143.38190093,424396971.76532316,426580341.02334523,426224898.0157747,2326651.699066258,2338661.802687825,2336967.3622007165,37514.41873333335
87.15733308333334,49917.90990126112,62397.38737657639,572.7333333333333,0.0,572.7333333333333,715.9166666666666,1.0000000347781235,9637.35,9495.166666666666,1.0,68.9859436184972,68.9759577203446,69.2899179190971,612795.7068467279,602988.136236948,652471.1990232804,3360.0747680340105,3305.871420602836,3578.03601518939,13433424.669957642,10989143.38190093,424396971.76532316,426580341.02334523,426224898.0157747,2326651.699066258,2338661.802687825,2336967.3622007165,37514.41873333335
93.07006266666669,61221.48722213334,76526.85902766667,657.8000000000001,0.0,657.8000000000001,822.25,1.0000000347781235,10903.2,10738.75,0.0,69.88353314694594,69.88353314694594,69.88353314694594,700604.2495194068,689111.9024933915,746573.6376234678,3841.1997317078462,3778.093479175064,4093.624741838973,13433424.669957642,10989143.38190093,424396971.76532316,426580341.02334523,426224898.0157747,2326651.699066258,2338661.802687825,2336967.3622007165,37514.41873333335
94.77632275,51691.00642785,64613.758034812505,545.4,0.0,545.4,681.75,1.0000000347781235,10868.93333333333,10732.58333333333,0.0,69.88353314694594,69.88353314694594,69.88353314694594,698209.5737835712,688680.9540389851,736324.0527619155,3828.050197380552,3775.7270746511826,4037.3426882980293,13433424.669957642,10989143.38190093,424396971.76532316,426580341.02334523,426224898.0157747,2326651.699066258,2338661.802687825,2336967.3622007165,37514.41873333335
107.38122541666668,127196.64088022224,89198.00457944444,1184.5333333333333,520.0,664.5333333333333,830.6666666666666,0.8390093227038201,10540.133333333331,10894.0,0.0,69.2899179190971,69.88353314694594,70.14753497815997,675271.0465145593,699961.3210144548,758051.3517520917,3702.5097837703356,3837.6693119857323,4156.875866601374,13433424.669957642,10989143.38190093,424396971.76532316,426580341.02334523,426224898.0157747,2326651.699066258,2338661.802687825,2336967.3622007165,37514.41873333335
110.0460875,104551.11953083333,59158.94253854167,950.0666666666668,520.0,430.0666666666667,537.5833333333334,0.6780186106295167,10371.016666666666,10783.5,0.0,69.2899179190971,69.88353314694594,69.88353314694594,663552.9665624747,692239.1906017173,729807.4132959631,3638.535953562624,3795.265901192954,4001.558814484216,13433424.669957642,10989143.38190093,424396971.76532316,426580341.02334523,426224898.0157747,2326651.699066258,2338661.802687825,2336967.3622007165,37514.41873333335
101.96326766666668,63706.64963813334,13357.188064333335,624.8,520.0,104.8,131.0,0.5170278985552134,10278.11666666667,10771.91666666667,0.0,69.2899179190971,69.88353314694594,69.88353314694594,657115.9331877909,691429.7063427654,700584.4491850153,3603.39353416992,3790.820898100801,3841.0910050135067,13433424.669957642,10989143.38190093,424396971.76532316,426580341.02334523,426224898.0157747,2326651.699066258,2338661.802687825,2336967.3622007165,37514.41873333335
91.72716208333334,-5644.278040194446,-7055.3475502430565,-61.53333333333334,0.0,-61.53333333333334,-76.91666666666667,0.5170278985552134,9847.95,9863.333333333334,0.0,68.9859436184972,68.9859436184972,68.9859436184972,627324.1465727834,628385.3803387813,623079.2115087919,3440.544412345439,3446.4223390389693,3417.0327055713183,13433424.669957642,10989143.38190093,424396971.76532316,426580341.02334523,426224898.0157747,2326651.699066258,2338661.802687825,2336967.3622007165,37514.41873333335
100.96592075,54528.32826638334,2532.561845479167,540.0666666666667,520.0,20.066666666666663,25.08333333333333,0.35603718648091,9144.933333333332,9659.916666666666,0.0,68.9759577203446,68.9859436184972,68.9859436184972,578830.4566446926,614352.4896410519,616082.8870601492,3172.451121636748,3368.69742539375,3378.281693729355,13433424.669957642,10989143.38190093,424396971.76532316,426580341.02334523,426224898.0157747,2326651.699066258,2338661.802687825,2336967.3622007165,37514.41873333335
99.900981,-8371.692217701899,-24201.01264725,-83.79990000000001,110.0001,-193.8,-242.25,0.3219814279669781,9911.38323333333,10069.83333333333,0.0,69.2899179190971,69.2899179190971,68.9859436184972,631705.0036939351,642683.9981172078,625919.1328544198,3464.6647923020278,3524.6036498587146,3432.762368554003,13433424.669957642,10989143.38190093,424396971.76532316,426580341.02334523,426224898.0157747,2326651.699066258,2338661.802687825,2336967.3622007165,37514.41873333335
98.99306083333332,-8962.171774111112,-11202.71471763889,-90.53333333333336,0.0,-90.53333333333336,-113.16666666666669,0.3219814279669781,10061.366666666669,10084.0,0.0,69.2899179190971,69.2899179190971,69.2899179190971,642097.3434788265,643665.6052877286,635824.2962432174,3521.400860290813,3529.962648151468,3487.1537088481896,13433424.669957642,10989143.38190093,424396971.76532316,426580341.02334523,426224898.0157747,2326651.699066258,2338661.802687825,2336967.3622007165,37514.41873333335
98.99805299999998,-65.998702,-82.49837749999999,-0.6666666666666667,0.0,-0.6666666666666667,-0.8333333333333334,0.3219814279669781,9954.583333333334,9954.75,0.0,69.2899179190971,69.2899179190971,69.2899179190971,634698.3350770321,634709.8833966852,634652.1417984193,3481.0066225712094,3481.0696696099476,3480.754434416256,13433424.669957642,10989143.38190093,424396971.76532316,426580341.02334523,426224898.0157747,2326651.699066258,2338661.802687825,2336967.3622007165,37514.41873333335
99.30096475,20939.263433616667,26174.07929202083,210.86666666666667,0.0,210.86666666666667,263.5833333333333,0.3219814279669781,10053.966666666667,10001.25,0.0,69.2899179190971,69.2899179190971,69.2899179190971,641584.5980862251,637931.8645799233,656195.532111432,3518.6015717708333,3498.6597934179217,3598.3686851824796,13433424.669957642,10989143.38190093,424396971.76532316,426580341.02334523,426224898.0157747,2326651.699066258,2338661.802687825,2336967.3622007165,37514.41873333335
112.05414591666668,120077.22276430002,77261.33360954167,1071.6,520.0,551.6,689.5,0.1609907158926747,9972.9,10355.0,0.0,69.2899179190971,69.2899179190971,69.88353314694594,635967.4954069168,662443.1730438039,710478.7927530702,3487.935492128544,3632.4771331398774,3895.422373744222,13433424.669957642,10989143.38190093,424396971.76532316,426580341.02334523,426224898.0157747,2326651.699066258,2338661.802687825,2336967.3622007165,37514.41873333335
122.90767216666669,238244.2317278667,217915.3027515,1938.4,520.0,1418.4,1773.0,3.818371285824185e-09,10969.85,11135.25,0.0,69.88353314694594,69.88353314694594,73.02251350048215,705261.9870036507,716820.7233861556,842854.9365789752,3866.7760876294633,3930.2468943726803,4623.404613247921,13433424.669957642,10989143.38190093,424396971.76532316,426580341.02334523,426224898.0157747,2326651.699066258,2338661.802687825,2336967.3622007165,37514.41873333335
95.72178016666663,7453.535948977777,9316.91993622222,77.86666666666667,0.0,77.86666666666667,97.33333333333331,3.818371285824185e-09,11352.25,11352.25,19.46666666666665,69.88353314694594,69.88353314694594,69.88353314694594,731985.4500790428,731985.4500790428,738787.4473053456,4013.518750861666,4013.518750861666,4050.869568211564,13433424.669957642,10989143.38190093,424396971.76532316,426580341.02334523,426224898.0157747,2326651.699066258,2338661.802687825,2336967.3622007165,37514.41873333335
80.33672483333334,-90801.92218828893,-63291.949714527786,-1130.2666666666669,-500.0,-630.2666666666668,-787.8333333333334,0.1397058861713124,10530.75,10530.75,342.4333333333335,69.2899179190971,69.2899179190971,68.9859436184972,674620.8761180852,674620.8761180852,620078.3229613871,3698.9602354893723,3698.9602354893723,3400.4114827434582,13433424.669957642,10989143.38190093,424396971.76532316,426580341.02334523,426224898.0157747,2326651.699066258,2338661.802687825,2336967.3622007165,37514.41873333335
85.24232416666668,-42559.85012097106,-44787.73782256945,-499.2807333333333,-78.9474,-420.3333333333333,-525.4166666666666,0.1617647185242536,9741.114066666669,9767.25,0.0,68.9859436184972,68.9859436184972,68.9759577203446,619953.9688994206,621756.9809227706,585514.2269477941,3399.722714553356,3409.709178271686,3209.364875238578,13433424.669957642,10989143.38190093,424396971.76532316,426580341.02334523,426224898.0157747,2326651.699066258,2338661.802687825,2336967.3622007165,37514.41873333335
85.8283485,-69967.26969720001,-33816.369309,-815.2,-500.0,-315.20000000000005,-394.0,0.3014706008771948,10335.5,10335.5,421.2000000000001,69.2899179190971,69.2899179190971,69.2899179190971,661092.0196443815,661092.0196443815,633791.7919842573,3625.100629607501,3625.100629607501,3476.057430030256,13433424.669957642,10989143.38190093,424396971.76532316,426580341.02334523,426224898.0157747,2326651.699066258,2338661.802687825,2336967.3622007165,37514.41873333335
93.25483208333334,-52172.97005622223,-65216.212570277785,-559.4666666666667,0.0,-559.4666666666667,-699.3333333333334,0.3014706008771948,10802.550000000005,10942.41666666667,0.0,69.88353314694594,69.88353314694594,69.2899179190971,693570.471908167,703344.8487443196,654688.4763966918,3802.576172465376,3856.2487853421467,3590.1410466271373,13433424.669957642,10989143.38190093,424396971.76532316,426580341.02334523,426224898.0157747,2326651.699066258,2338661.802687825,2336967.3622007165,37514.41873333335
74.65723858333332,-91380.460026,-67564.80091791665,-1224.0,-500.0,-724.0,-905.0,0.441176483230136,10605.41666666667,10605.41666666667,319.0,69.62676272458476,69.62676272458476,68.9859436184972,679797.8763306211,679797.8763306211,617146.4203576013,3727.1740833615177,3727.1740833615177,3384.1723569921032,13433424.669957642,10989143.38190093,424396971.76532316,426580341.02334523,426224898.0157747,2326651.699066258,2338661.802687825,2336967.3622007165,37514.41873333335
75.62330525,-96419.71419375,-73260.0769609375,-1275.0,-500.0,-775.0,-968.75,0.5808823655830772,10722.75,10722.75,306.25,69.88353314694594,69.88353314694594,68.9859436184972,687993.7659630403,687993.7659630403,620842.9171698255,3771.9536187887797,3771.9536187887797,3404.646392008028,13433424.669957642,10989143.38190093,424396971.76532316,426580341.02334523,426224898.0157747,2326651.699066258,2338661.802687825,2336967.3622007165,37514.41873333335
67.53005758333335,-85155.40261258335,-64237.96727614584,-1261.0,-500.0,-761.0,-951.25,0.7205882479360184,9994.416666666666,9994.416666666666,309.75,69.2899179190971,69.2899179190971,68.9759577203446,637458.3834741428,637458.3834741428,571811.0033473521,3496.074864829653,3496.074864829653,3133.683426505553,13433424.669957642,10989143.38190093,424396971.76532316,426580341.02334523,426224898.0157747,2326651.699066258,2338661.802687825,2336967.3622007165,37514.41873333335
72.19346266666666,-48764.27758257778,-15834.432811555556,-675.4666666666667,-500.0,-175.4666666666667,-219.33333333333331,0.8602941302889595,9484.333333333334,9484.333333333334,456.1333333333333,68.9759577203446,68.9759577203446,68.9759577203446,602240.8966949777,602240.8966949777,587112.1699683153,3301.7444959655495,3301.7444959655495,3218.190144847546,13433424.669957642,10989143.38190093,424396971.76532316,426580341.02334523,426224898.0157747,2326651.699066258,2338661.802687825,2336967.3622007165,37514.41873333335
86.30650658333336,-16713.223354143425,19900.841976340285,-193.64963333333333,-378.1163,184.4666666666667,230.58333333333331,0.9659442729360184,10583.316299999997,10519.08333333333,360.0,69.2899179190971,69.2899179190971,69.88353314694594,678263.1907303956,673812.4937423622,689874.7977302455,3718.8451328039328,3694.546942777693,3782.282654751122,13433424.669957642,10989143.38190093,424396971.76532316,426580341.02334523,426224898.0157747,2326651.699066258,2338661.802687825,2336967.3622007165,37514.41873333335
109.71922,158551.58751466667,126871.99139333332,1445.0666666666666,520.0,925.0666666666666,1156.3333333333333,0.804953560861715,11785.516666666666,12074.25,0.0,70.14753497815997,70.14753497815997,73.02251350048215,762319.8292555128,782573.7608548735,866392.526763964,4180.427641324102,4292.180844637317,4753.026708736813,13433424.669957642,10989143.38190093,424396971.76532316,426580341.02334523,426224898.0157747,2326651.699066258,2338661.802687825,2336967.3622007165,37514.41873333335
111.40461316666668,199911.86484047785,177476.83249226393,1794.4666666666667,520.0,1274.4666666666667,1593.0833333333333,0.6439628487874116,12495.033333333336,12696.41666666667,0.0,73.02251350048215,73.02251350048215,75.26966408849565,812680.8169586845,827386.3341357899,944677.9656145945,4457.234984837577,4538.218634258066,5183.455777443404,13433424.669957642,10989143.38190093,424396971.76532316,426580341.02334523,426224898.0157747,2326651.699066258,2338661.802687825,2336967.3622007165,37514.41873333335
126.905338,245409.5426244,224273.4585805,1933.8,520.0,1413.8000000000002,1767.25,0.4829721367131082,12758.95,12925.5,0.0,73.02251350048215,73.02251350048215,75.26966408849565,831952.6753133532,844114.5749368585,975030.45765828,4563.365588874111,4630.341473063381,5352.052900237788,13433424.669957642,10989143.38190093,424396971.76532316,426580341.02334523,426224898.0157747,2326651.699066258,2338661.802687825,2336967.3622007165,37514.41873333335
130.02571816666668,199182.0634689112,164460.86252780556,1531.8666666666668,520.0,1011.8666666666668,1264.8333333333333,0.3219814246388048,12604.383333333337,12871.41666666667,0.0,73.02251350048215,73.02251350048215,74.80507153027322,820665.8288099623,840165.2739983742,933159.9246468815,4501.208644015582,4608.592574414911,5119.674354331114,13433424.669957642,10989143.38190093,424396971.76532316,426580341.02334523,426224898.0157747,2326651.699066258,2338661.802687825,2336967.3622007165,37514.41873333335
122.56507525,126233.85650248334,78125.02171560416,1029.9333333333334,520.0,509.9333333333333,637.4166666666666,0.1609907125645014,11792.483333333334,12185.0,0.0,70.14753497815997,70.14753497815997,73.02251350048215,762808.523749194,790342.6003537048,836587.1708368504,4183.124064724294,4335.046235771946,4588.887871170993,13433424.669957642,10989143.38190093,424396971.76532316,426580341.02334523,426224898.0157747,2326651.699066258,2338661.802687825,2336967.3622007165,37514.41873333335
110.73375941666666,73239.30847818333,19572.191976895832,661.4,520.0,141.4,176.75,4.901980488192237e-10,11169.26666666667,11653.91666666667,0.0,69.88353314694594,70.14753497815997,70.14753497815997,719197.9282387045,753088.4136523871,765486.990459777,3943.300493381439,4129.492332309953,4197.902787235873,13433424.669957642,10989143.38190093,424396971.76532316,426580341.02334523,426224898.0157747,2326651.699066258,2338661.802687825,2336967.3622007165,37514.41873333335
95.39704983333333,-1011.2087282333334,-1264.0109102916665,-10.6,0.0,-10.6,-13.25,4.901980488192237e-10,11143.18333333333,11145.83333333333,0.0,69.88353314694594,69.88353314694594,69.88353314694594,717375.1327491212,717560.3241119605,716634.3672977635,3933.2912418142123,3934.30815619069,3929.2235843082985,13433424.669957642,10989143.38190093,424396971.76532316,426580341.02334523,426224898.0157747,2326651.699066258,2338661.802687825,2336967.3622007165,37514.41873333335
87.34653949999999,28492.441184900003,35615.551481125,326.20000000000005,0.0,326.20000000000005,407.75,4.901980488192237e-10,12115.466666666667,12033.91666666667,0.0,70.14753497815997,70.14753497815997,73.02251350048215,785465.0084215567,779744.4769440879,808783.8488215421,4308.133607959505,4276.569972320418,4435.774284229747,13433424.669957642,10989143.38190093,424396971.76532316,426580341.02334523,426224898.0157747,2326651.699066258,2338661.802687825,2336967.3622007165,37514.41873333335
84.10030741666667,13080.401146872222,16350.501433590276,155.53333333333333,0.0,155.53333333333333,194.41666666666663,4.901980488192237e-10,12315.966666666664,12277.08333333333,0.0,72.51561924314397,71.2210143254619,73.02251350048215,799623.5345078468,796822.2170011142,810962.3538076393,4385.549791060477,4370.41683504912,4447.771365456482,13433424.669957642,10989143.38190093,424396971.76532316,426580341.02334523,426224898.0157747,2326651.699066258,2338661.802687825,2336967.3622007165,37514.41873333335
80.84640375000002,-45947.706131250015,-6905.630320312503,-568.3333333333334,-500.0,-68.33333333333334,-85.41666666666667,0.1397058828431392,12456.499999999996,11973.58333333333,0.0,73.02251350048215,70.14753497815997,70.14753497815997,809867.0161051321,775512.2423337385,769520.4737210207,4441.739313443039,4253.218171581912,4220.157956447981,13433424.669957642,10989143.38190093,424396971.76532316,426580341.02334523,426224898.0157747,2326651.699066258,2338661.802687825,2336967.3622007165,37514.41873333335
79.14314058333333,-16185.613804686538,-12695.87880190972,-204.51063333333332,-76.1773,-128.33333333333334,-160.41666666666666,0.1609907166666686,12033.010633333335,11988.91666666667,0.0,70.14753497815997,70.14753497815997,70.14753497815997,779680.9209391464,776587.8378700707,765335.004133991,4276.219295361371,4259.15288337181,4197.064186656867,13433424.669957642,10989143.38190093,424396971.76532316,426580341.02334523,426224898.0157747,2326651.699066258,2338661.802687825,2336967.3622007165,37514.41873333335
81.19970133333334,4195.317902222222,5244.147377777777,51.66666666666666,0.0,51.66666666666666,64.58333333333333,0.1609907166666686,11953.499999999996,11940.58333333333,0.0,70.14753497815997,70.14753497815997,70.14753497815997,774103.4460062605,773197.3736794592,777727.7353134655,4245.444989291885,4240.445639686266,4265.442387714361,13433424.669957642,10989143.38190093,424396971.76532316,426580341.02334523,426224898.0157747,2326651.699066258,2338661.802687825,2336967.3622007165,37514.41873333335
88.76421216666667,72751.1482918,33242.19745641667,819.6,520.0,299.6,374.5,4.592365238087481e-09,11633.56666666667,12078.66666666667,0.0,70.14753497815997,70.14753497815997,73.02251350048215,751660.9113155815,782883.5791343605,809623.6077267976,4121.615937640971,4293.890299663756,4440.398857440054,13433424.669957642,10989143.38190093,424396971.76532316,426580341.02334523,426224898.0157747,2326651.699066258,2338661.802687825,2336967.3622007165,37514.41873333335
91.82035241666668,55783.924771538885,69729.90596442361,607.5333333333333,0.0,607.5333333333333,759.4166666666666,4.592365238087481e-09,12449.800000000005,12297.91666666667,0.0,73.02251350048215,72.2613069688513,73.02251350048215,809377.7652646794,798315.4843229855,853741.3763000056,4439.044996877037,4378.474825857508,4683.356507981538,13433424.669957642,10989143.38190093,424396971.76532316,426580341.02334523,426224898.0157747,2326651.699066258,2338661.802687825,2336967.3622007165,37514.41873333335
69.23747399999999,-11313.4032516,-14141.7540645,-163.4,0.0,-163.4,-204.25,4.592365238087481e-09,11751.56666666667,11792.41666666667,0.0,70.14753497815997,70.14753497815997,70.14753497815997,759938.3204430045,762803.8472468622,748476.2132275731,4167.287415328432,4183.098261629557,4104.044030123931,13433424.669957642,10989143.38190093,424396971.76532316,426580341.02334523,426224898.0157747,2326651.699066258,2338661.802687825,2336967.3622007165,37514.41873333335
42.03212141666668,-53826.33468618335,-41012.842472312506,-1280.6,-500.0,-780.6,-975.75,0.1397058869453064,10543.5,10543.5,304.8499999999999,69.2899179190971,69.2899179190971,68.9759577203446,675504.3225715538,675504.3225715538,607994.6411681497,3703.783333952849,3703.783333952849,3333.521815672662,13433424.669957642,10989143.38190093,424396971.76532316,426580341.02334523,426224898.0157747,2326651.699066258,2338661.802687825,2336967.3622007165,37514.41873333335
26.809724666666668,-41454.98359457778,-35062.65157655555,-1546.2666666666669,-500.0,-1046.2666666666669,-1307.8333333333333,0.2794117692982476,10672.91666666667,10672.91666666667,238.4333333333334,69.88353314694594,69.88353314694594,68.9759577203446,684511.2365612178,684511.2365612178,594015.5137368266,3752.830511960665,3752.830511960665,3256.316579381256,13433424.669957642,10989143.38190093,424396971.76532316,426580341.02334523,426224898.0157747,2326651.699066258,2338661.802687825,2336967.3622007165,37514.41873333335
23.5896655,-41893.67328363333,-37623.55066704167,-1775.9333333333334,-500.0,-1275.9333333333334,-1594.9166666666667,0.4191176516511888,10724.41666666667,10724.41666666667,181.01666666666665,69.88353314694594,69.88353314694594,68.9759577203446,688110.2385182854,688110.2385182854,577765.927697209,3772.593187579019,3772.593187579019,3166.5718413073223,13433424.669957642,10989143.38190093,424396971.76532316,426580341.02334523,426224898.0157747,2326651.699066258,2338661.802687825,2336967.3622007165,37514.41873333335
26.946591666666663,-48714.048415,-44050.940727083325,-1807.8,-500.0,-1307.8000000000002,-1634.75,0.55882353400413,10617.33333333333,10617.33333333333,173.05000000000018,69.76630991470752,69.76630991470752,68.82919751446114,680627.9400382169,680627.9400382169,567632.3737910244,3731.584218598381,3731.584218598381,3110.6231893011877,13433424.669957642,10989143.38190093,424396971.76532316,426580341.02334523,426224898.0157747,2326651.699066258,2338661.802687825,2336967.3622007165,37514.41873333335
17.205507833333332,-27876.363791566662,-24092.012343625,-1620.2,-500.0,-1120.2,-1400.25,0.6985294163570712,10109.33333333333,10109.33333333333,219.95000000000005,69.2899179190971,69.2899179190971,68.53386343827097,645420.9498750122,645420.9498750122,548887.600457604,3539.545798039682,3539.545798039682,3006.9477477208025,13433424.669957642,10989143.38190093,424396971.76532316,426580341.02334523,426224898.0157747,2326651.699066258,2338661.802687825,2336967.3622007165,37514.41873333335
22.10979933333333,-31645.01879248889,-25737.648907277773,-1431.2666666666669,-500.0,-931.2666666666668,-1164.0833333333333,0.8382352987100123,10139.16666666667,10139.16666666667,267.1833333333334,69.2899179190971,69.2899179190971,68.53386343827097,647488.0990929323,647488.0990929323,567117.6081321845,3550.8312179738327,3550.8312179738327,3107.8230186129467,13433424.669957642,10989143.38190093,424396971.76532316,426580341.02334523,426224898.0157747,2326651.699066258,2338661.802687825,2336967.3622007165,37514.41873333335
39.49969575000001,-48853.223703600015,-36379.21978575001,-1236.8000000000002,-500.0,-736.8000000000001,-921.0,0.9779411810629536,10288.91666666667,10288.91666666667,315.8000000000002,69.2899179190971,69.2899179190971,68.9759577203446,657864.2643013172,657864.2643013172,594210.9456170343,3607.4789822801586,3607.4789822801586,3257.3959289017776,13433424.669957642,10989143.38190093,424396971.76532316,426580341.02334523,426224898.0157747,2326651.699066258,2338661.802687825,2336967.3622007165,37514.41873333335
44.62794108333333,-6367.551823720904,-3555.359306305556,-142.68083333333334,-78.9475,-63.73333333333334,-79.66666666666667,1.000000041357071,10472.08333333333,10472.08333333333,63.01416666666671,69.2899179190971,69.2899179190971,69.2899179190971,670555.8676001646,670555.8676001646,665035.7708059433,3676.7676778535038,3676.7676778535038,3646.631193336616,13433424.669957642,10989143.38190093,424396971.76532316,426580341.02334523,426224898.0157747,2326651.699066258,2338661.802687825,2336967.3622007165,37514.41873333335
76.03924833333333,-1677.9327465555557,-2097.4159331944443,-22.066666666666663,0.0,-22.066666666666663,-27.58333333333333,1.000000041357071,12089.316666666664,12094.83333333333,0.0,70.14753497815997,70.14753497815997,70.14753497815997,783630.6503818776,784017.6309498404,782082.7281100261,4298.012344048258,4300.147550137883,4289.471519689754,13433424.669957642,10989143.38190093,424396971.76532316,426580341.02334523,426224898.0157747,2326651.699066258,2338661.802687825,2336967.3622007165,37514.41873333335
96.344366,150387.13236826667,125360.07756033332,1560.9333333333334,520.0,1040.9333333333334,1301.1666666666667,0.8390093292827677,13674.733333333334,13934.5,0.0,73.83508222800492,73.83508222800492,77.0687083991426,899038.627839405,918218.521032833,1016039.8254418165,4932.3625810632175,5037.682326672554,5578.713868177033,13433424.669957642,10989143.38190093,424396971.76532316,426580341.02334523,426224898.0157747,2326651.699066258,2338661.802687825,2336967.3622007165,37514.41873333335
104.33157825,182176.84650160003,159905.5322645,1746.1333333333334,520.0,1226.1333333333334,1532.6666666666667,0.6780186172084643,14307.533333333333,14521.0,0.0,75.26966408849565,75.26966408849565,77.24027979043585,946035.32855699,962102.892851081,1079128.5799963665,5190.9954379874625,5280.244950231748,5921.92005373334,13433424.669957642,10989143.38190093,424396971.76532316,426580341.02334523,426224898.0157747,2326651.699066258,2338661.802687825,2336967.3622007165,37514.41873333335
100.47227675,151063.41716951667,123522.29157439584,1503.5333333333333,520.0,983.5333333333334,1229.4166666666667,0.517027905134161,14256.883333333331,14531.0,0.0,75.26966408849565,75.26966408849565,77.0687083991426,942222.9200709076,962855.589491966,1056481.6301742664,5169.818886792085,5284.425908019582,5798.6464474835675,13433424.669957642,10989143.38190093,424396971.76532316,426580341.02334523,426224898.0157747,2326651.699066258,2338661.802687825,2336967.3622007165,37514.41873333335
98.80513766666668,121148.2727976889,87212.00151377778,1226.1333333333332,520.0,706.1333333333333,882.6666666666666,0.3560371930598576,13695.866666666663,14039.33333333333,0.0,73.83508222800492,73.83508222800492,75.26966408849565,900599.0092438231,925958.8988197353,992286.0281505674,4940.9308755218735,5080.185932465106,5447.90135752387,13433424.669957642,10989143.38190093,424396971.76532316,426580341.02334523,426224898.0157747,2326651.699066258,2338661.802687825,2336967.3622007165,37514.41873333335
94.51100991666668,46209.58311525556,57761.97889406945,488.9333333333333,0.0,488.9333333333333,611.1666666666666,0.3560371930598576,13891.650000000003,13769.41666666667,0.0,73.83508222800492,73.83508222800492,75.26966408849565,915054.6877593632,906029.5795416934,951533.7775186548,5020.309231204725,4970.75097287681,5221.537334627587,13433424.669957642,10989143.38190093,424396971.76532316,426580341.02334523,426224898.0157747,2326651.699066258,2338661.802687825,2336967.3622007165,37514.41873333335
83.12186925,-26327.46672045,19041.8348806875,-316.7333333333333,-500.0,183.26666666666668,229.08333333333331,0.4957430754127988,13744.899999999998,13199.08333333333,0.0,73.83508222800492,73.02251350048215,73.21363636363637,904219.3894424031,864092.3175886985,880842.6075974132,4960.810940425164,4740.359399508579,4832.46568796761,13433424.669957642,10989143.38190093,424396971.76532316,426580341.02334523,426224898.0157747,2326651.699066258,2338661.802687825,2336967.3622007165,37514.41873333335
90.25393916666668,17244.519310111114,21555.64913763889,191.0666666666667,0.0,191.0666666666667,238.83333333333331,0.4957430754127988,13053.349999999997,13005.58333333333,0.0,73.02251350048215,73.02251350048215,73.02251350048215,853450.5032878949,849962.4612263552,867402.6715340537,4681.754663057965,4662.545928535155,4758.58960114921,13433424.669957642,10989143.38190093,424396971.76532316,426580341.02334523,426224898.0157747,2326651.699066258,2338661.802687825,2336967.3622007165,37514.41873333335
