price,profit,profit_actual,P_ESS,P_ESS_controlled,P_ESS_passive,P_ESS_actual,SOC_controlled,P_natural_gas,P_natural_gas_actual,P_renewable_absorbed,marginal_price_gas,marginal_price_gas_actual,marginal_price_gas_withoutESS,cost,cost_actual,cost_withoutESS,carbon,carbon_actual,carbon_withoutESS,total_profit,total_profit_actual,total_cost,total_cost_actual,total_cost_withoutESS,total_carbon,total_carbon_actual,total_carbon_withoutESS,total_absorb
26.872245916666667,23740.733525844447,3475.477138555556,883.4666666666667,780.0,103.46666666666668,129.33333333333334,0.8104878947368421,3347.366666666667,4101.5,0.0,23.73661360437842,24.83747374101413,24.83747374101413,68415.7807531201,86851.13751668154,90063.45078718603,1033.8178222773406,1305.1308865990677,1353.0803190333959,13167380.736616602,10292403.848168086,106173083.16941524,108049998.06868887,108931464.52421403,1596858.768907832,1625199.9387793634,1639747.4515849259,88555.0918666666
24.382220083333333,18605.259404922224,-516.0903250972223,763.0666666666667,780.0,-16.933333333333334,-21.166666666666668,0.7358467464114833,3403.9333333333334,4188.166666666667,0.0,23.73661360437842,24.83747374101413,24.83747374101413,69758.48186267444,89003.7185742361,88477.99204671796,1053.1945490280605,1337.2619495705248,1329.4145553448036,13167380.736616602,10292403.848168086,106173083.16941524,108049998.06868887,108931464.52421403,1596858.768907832,1625199.9387793634,1639747.4515849259,88555.0918666666
24.263704333333333,18674.96443522222,-313.4061809722222,769.6666666666666,780.0,-10.333333333333334,-12.916666666666666,0.6612055980861244,3382.083333333334,4164.666666666667,0.0,23.73661360437842,24.83747374101413,24.83747374101413,69239.83685541878,88420.03794132227,88099.2205721675,1045.7099029555227,1328.549488264803,1323.7607240719412,13167380.736616602,10292403.848168086,106173083.16941524,108049998.06868887,108931464.52421403,1596858.768907832,1625199.9387793634,1639747.4515849259,88555.0918666666
25.840064583333334,22160.439386666665,2506.486264583333,857.6,780.0,77.60000000000001,97.0,0.5865644497607656,3454.65,4215.25,0.0,23.73661360437842,24.83747374101413,24.83747374101413,70962.32378264316,89676.4001547219,92085.63510760026,1070.5673774023799,1347.3029067491052,1383.2649810748514,13167380.736616602,10292403.848168086,106173083.16941524,108049998.06868887,108931464.52421403,1596858.768907832,1625199.9387793634,1639747.4515849259,88555.0918666666
27.398364333333333,26344.440585311117,6217.145506638889,961.5333333333332,780.0,181.53333333333333,226.91666666666663,0.5119233014354068,3720.05,4454.666666666667,0.0,24.6228413148246,24.9300756001746,24.9300756001746,77378.85662698938,95626.94894073304,101283.99859567267,1163.7418774724822,1436.2364184165494,1521.255144081252,13167380.736616602,10292403.848168086,106173083.16941524,108049998.06868887,108931464.52421403,1596858.768907832,1625199.9387793634,1639747.4515849259,88555.0918666666
31.710345916666668,42536.25801261667,22252.735247020835,1341.4,780.0,561.4,701.75,0.4372821531100479,4444.266666666666,5083.916666666667,0.0,24.9300756001746,24.9300756001746,24.94584261245164,95367.67615449122,111314.19901214291,128819.52255581334,1432.3398569171165,1671.9971226009666,1934.8247146502117,13167380.736616602,10292403.848168086,106173083.16941524,108049998.06868887,108931464.52421403,1596858.768907832,1625199.9387793634,1639747.4515849259,88555.0918666666
26.28040508333333,29936.885443927786,11797.711848659725,1139.1333333333334,780.0,359.1333333333334,448.9166666666667,0.3626410047846891,4358.450000000001,5048.666666666667,0.0,24.83747374101413,24.9300756001746,24.94584261245164,93233.12639443514,110435.41384723675,121633.04106320956,1400.393309258867,1658.79002713414,1826.9252327290283,13167380.736616602,10292403.848168086,106173083.16941524,108049998.06868887,108931464.52421403,1596858.768907832,1625199.9387793634,1639747.4515849259,88555.0918666666
14.583434666666664,-11802.85979022222,-3815.9987377777775,-809.3333333333334,-600.0,-209.33333333333337,-261.6666666666667,0.4144591866028709,4637.833333333334,4170.166666666667,80.0,24.9300756001746,24.83747374101413,24.83747374101413,100193.30778816502,88556.64404689785,82057.50508466583,1504.863358927389,1330.588574953376,1233.577480981861,13167380.736616602,10292403.848168086,106173083.16941524,108049998.06868887,108931464.52421403,1596858.768907832,1625199.9387793634,1639747.4515849259,88555.0918666666
10.76562575,-9242.648560566668,-3479.0913882083337,-858.5333333333333,-600.0,-258.53333333333336,-323.1666666666667,0.4662773684210527,4303.25,4303.25,535.3666666666666,24.83747374101413,24.83747374101413,24.83747374101413,91862.09784393114,91862.09784393114,83835.45424662674,1379.9282937662772,1379.9282937662772,1260.1165031861703,13167380.736616602,10292403.848168086,106173083.16941524,108049998.06868887,108931464.52421403,1596858.768907832,1625199.9387793634,1639747.4515849259,88555.0918666666
12.98037325,-12789.994442333333,-6252.213115416666,-985.3333333333334,-600.0,-385.33333333333337,-481.6666666666667,0.5180955502392346,4605.0,4605.0,503.6666666666667,24.9300756001746,24.9300756001746,24.83747374101413,99374.77030595927,99374.77030595927,87393.422360027,1492.5617144500136,1492.5617144500136,1313.2254428476463,13167380.736616602,10292403.848168086,106173083.16941524,108049998.06868887,108931464.52421403,1596858.768907832,1625199.9387793634,1639747.4515849259,88555.0918666666
12.752367833333333,-15629.302016533333,-9972.351645666666,-1225.6,-600.0,-625.6,-782.0,0.5699137320574164,4746.75,4746.75,443.5999999999999,24.9300756001746,24.9300756001746,24.83747374101413,102908.60852228403,102908.60852228403,83454.61298259786,1545.6710983485295,1545.6710983485295,1254.431776660451,13167380.736616602,10292403.848168086,106173083.16941524,108049998.06868887,108931464.52421403,1596858.768907832,1625199.9387793634,1639747.4515849259,88555.0918666666
12.677517833333331,-17196.630356988888,-11987.649571236112,-1356.4666666666667,-600.0,-756.4666666666667,-945.5833333333334,0.6217319138755981,4517.583333333333,4517.583333333333,410.8833333333333,24.9300756001746,24.9300756001746,24.09849645390071,97195.46619724401,97195.46619724401,73762.31427191426,1459.8093665901997,1459.8093665901997,1109.63242361765,13167380.736616602,10292403.848168086,106173083.16941524,108049998.06868887,108931464.52421403,1596858.768907832,1625199.9387793634,1639747.4515849259,88555.0918666666
10.781991166666666,-17553.800418744442,-13855.757148430554,-1628.0666666666666,-600.0,-1028.0666666666666,-1285.0833333333333,0.6735500956937799,4874.083333333333,4874.083333333333,342.9833333333333,24.9300756001746,24.9300756001746,24.36879342330217,106083.03814870626,106083.03814870626,74174.41795355799,1593.3789987582486,1593.3789987582486,1115.4076587696798,13167380.736616602,10292403.848168086,106173083.16941524,108049998.06868887,108931464.52421403,1596858.768907832,1625199.9387793634,1639747.4515849259,88555.0918666666
9.299458583333337,-12350.92092647778,-8464.057220597224,-1328.1333333333332,-600.0,-728.1333333333333,-910.1666666666666,0.7253682775119616,4660.5,4660.5,417.9666666666666,24.9300756001746,24.9300756001746,24.83747374101413,100758.38950176896,100758.38950176896,78129.04465462874,1513.3558647594855,1513.3558647594855,1174.9382910589516,13167380.736616602,10292403.848168086,106173083.16941524,108049998.06868887,108931464.52421403,1596858.768907832,1625199.9387793634,1639747.4515849259,88555.0918666666
13.747145416666667,-14657.20644325,-8011.148991562501,-1066.2,-600.0,-466.2000000000001,-582.75,0.7771864593301434,4709.95,4564.5,338.0,24.9300756001746,24.9300756001746,24.83747374101413,101991.1817401976,98365.10224415221,83876.8500361951,1531.8832653505374,1477.3876047647232,1260.7344082433137,13167380.736616602,10292403.848168086,106173083.16941524,108049998.06868887,108931464.52421403,1596858.768907832,1625199.9387793634,1639747.4515849259,88555.0918666666
13.4348735,-16328.745251900002,-10334.776439875,-1215.4,-600.0,-615.4000000000001,-769.25,0.8290046411483252,4962.15,4938.0,422.0,24.9300756001746,24.9300756001746,24.83747374101413,108278.54680656163,107676.48548081743,88521.45762576474,1626.3748817117769,1617.3266163068447,1330.0633556548041,13167380.736616602,10292403.848168086,106173083.16941524,108049998.06868887,108931464.52421403,1596858.768907832,1625199.9387793634,1639747.4515849259,88555.0918666666
7.905486,-9271.5539808,-5660.327976,-1172.8000000000002,-600.0,-572.8000000000001,-716.0,0.8808228229665069,5668.55,5537.75,326.0,24.94584261245164,24.94584261245164,24.9300756001746,125897.9486218517,122635.03240814302,104778.36419229713,1890.9595333103125,1841.9693606682847,1573.7713014694373,13167380.736616602,10292403.848168086,106173083.16941524,108049998.06868887,108931464.52421403,1596858.768907832,1625199.9387793634,1639747.4515849259,88555.0918666666
4.4525575,-3867.4914445,-1494.946180625,-868.6,-600.0,-268.6,-335.75,0.9326410047846888,6172.933333333333,5778.083333333333,138.0,24.94584261245164,24.94584261245164,24.94584261245164,138480.21587152875,128630.34991600222,120254.78325887158,2079.8725805409044,1931.9844332342936,1806.231753841627,13167380.736616602,10292403.848168086,106173083.16941524,108049998.06868887,108931464.52421403,1596858.768907832,1625199.9387793634,1639747.4515849259,88555.0918666666
22.2607295,23605.2775618,7802.38568975,1060.4,780.0,280.40000000000003,350.5,0.8579998564593299,4999.85,5709.75,0.0,24.9300756001746,24.94584261245164,24.94584261245164,109218.41065668823,126925.7173374847,135669.235173149,1640.4999171472202,1906.3906886073426,2037.6678714133877,13167380.736616602,10292403.848168086,106173083.16941524,108049998.06868887,108931464.52421403,1596858.768907832,1625199.9387793634,1639747.4515849259,88555.0918666666
30.219502249999994,66452.68544774999,53601.84211593749,2199.0,780.0,1419.0,1773.75,0.783358708133971,6192.416666666667,6617.666666666667,0.0,24.94584261245164,25.2478697421981,25.40459672695093,138966.24403842803,149675.0769175262,194669.9636067571,2087.1699189479546,2248.7880523728986,2927.956118934817,13167380.736616602,10292403.848168086,106173083.16941524,108049998.06868887,108931464.52421403,1596858.768907832,1625199.9387793634,1639747.4515849259,88555.0918666666
33.574162750000006,81459.87194156669,69090.03124570835,2426.266666666667,780.0,1646.2666666666669,2057.833333333333,0.7087175598086122,6910.4,7278.833333333333,0.0,25.2478697421981,25.39384615384616,25.88297382225814,157065.96998672566,166409.65190054785,219059.04535761816,2360.618537668369,2501.26663801433,3298.9205174908793,13167380.736616602,10292403.848168086,106173083.16941524,108049998.06868887,108931464.52421403,1596858.768907832,1625199.9387793634,1639747.4515849259,88555.0918666666
30.448432749999995,72333.2968409,60729.399119874986,2375.6000000000004,780.0,1595.6,1994.5,0.6340764114832533,6739.15,7120.25,0.0,25.2478697421981,25.39384615384616,25.88297382225814,152742.27229337423,162382.61113131707,213315.18208356205,2295.19732174882,2440.6863129436706,3212.010963524629,13167380.736616602,10292403.848168086,106173083.16941524,108049998.06868887,108931464.52421403,1596858.768907832,1625199.9387793634,1639747.4515849259,88555.0918666666
28.21805466666667,49898.9266688889,34861.05503611112,1768.3333333333337,780.0,988.3333333333336,1235.4166666666667,0.5594352631578945,5883.25,6416.166666666667,0.0,24.94584261245164,25.2478697421981,25.39384615384616,131253.82103074505,144587.63116447328,175875.20805439402,1971.3738304528456,2171.8106800646415,2643.660644341739,13167380.736616602,10292403.848168086,106173083.16941524,108049998.06868887,108931464.52421403,1596858.768907832,1625199.9387793634,1639747.4515849259,88555.0918666666
24.14557325,23488.8136576,5819.08315325,972.8,780.0,192.8,241.0,0.4847941148325356,5199.033333333333,5930.833333333333,0.0,24.94584261245164,24.94584261245164,24.94584261245164,114185.4597512621,132440.8273750542,138452.77544465504,1715.105538216204,1989.1958160406373,2079.4605836761775,13167380.736616602,10292403.848168086,106173083.16941524,108049998.06868887,108931464.52421403,1596858.768907832,1625199.9387793634,1639747.4515849259,88555.0918666666
26.179007916666663,19737.22670197222,-852.9993412847222,753.9333333333333,780.0,-26.06666666666667,-32.583333333333336,0.4101529665071768,4841.816666666667,5628.333333333333,0.0,24.9300756001746,24.94584261245164,24.94584261245164,105278.62770934062,124894.7099847876,124081.89127966521,1581.2896669266759,1875.8966782408406,1863.6928317175018,13167380.736616602,10292403.848168086,106173083.16941524,108049998.06868887,108931464.52421403,1596858.768907832,1625199.9387793634,1639747.4515849259,88555.0918666666
21.404901833333337,14940.62147966667,-2194.002437916667,698.0,780.0,-82.0,-102.5,0.3355118181818179,3973.25,4773.75,0.0,24.83747374101413,24.9300756001746,24.9300756001746,83665.73150939647,103581.72056348875,101026.38781447084,1257.5830924518823,1555.7871714720563,1517.383560540149,13167380.736616602,10292403.848168086,106173083.16941524,108049998.06868887,108931464.52421403,1596858.768907832,1625199.9387793634,1639747.4515849259,88555.0918666666
20.449638666666665,351.70311060866675,-2182.9989276666665,17.198499999999996,102.5985,-85.4,-106.75,0.325693779904306,4243.634833333333,4367.583333333333,0.0,24.83747374101413,24.83747374101413,24.83747374101413,90381.4077072816,93459.97532126971,90808.57499941645,1357.8263859868086,1403.7794289720125,1364.2026100619773,13167380.736616602,10292403.848168086,106173083.16941524,108049998.06868887,108931464.52421403,1596858.768907832,1625199.9387793634,1639747.4515849259,88555.0918666666
22.244994666666667,-1663.9256010666666,-2079.907001333333,-74.8,0.0,-74.8,-93.5,0.325693779904306,4328.966666666667,4347.666666666667,0.0,24.83747374101413,24.83747374101413,24.83747374101413,92500.8348769709,92965.29563592786,90642.99184114303,1389.4625687980001,1396.395463539149,1361.7309898334038,13167380.736616602,10292403.848168086,106173083.16941524,108049998.06868887,108931464.52421403,1596858.768907832,1625199.9387793634,1639747.4515849259,88555.0918666666
29.01603391666666,26886.25702718333,5317.1882152291655,926.6,780.0,146.6,183.25,0.2510526315789471,4325.4,5068.75,0.0,24.83747374101413,24.9300756001746,24.94584261245164,92412.2478872946,110936.09286554025,115506.75788163497,1388.140251975713,1666.3146370809607,1734.9438114904603,13167380.736616602,10292403.848168086,106173083.16941524,108049998.06868887,108931464.52421403,1596858.768907832,1625199.9387793634,1639747.4515849259,88555.0918666666
33.59475441666667,46448.10745648334,25305.248764354168,1382.6,780.0,602.6,753.25,0.1764114832535883,4866.816666666668,5496.166666666667,0.0,24.9300756001746,24.94584261245164,24.94584261245164,105901.87959934503,121597.70111950858,140388.15706733777,1590.6564013003124,1826.3946307062743,2108.5188473928747,13167380.736616602,10292403.848168086,106173083.16941524,108049998.06868887,108931464.52421403,1596858.768907832,1625199.9387793634,1639747.4515849259,88555.0918666666
26.411017666666663,24130.866474777777,4412.840868472223,913.6666666666669,780.0,133.66666666666669,167.08333333333334,0.1017703349282294,4500.0,5246.583333333333,0.0,24.9300756001746,24.94584261245164,24.94584261245164,96757.11236794095,115371.63456748417,119539.6691039813,1453.2214300807425,1732.915039050519,1795.494865851784,13167380.736616602,10292403.848168086,106173083.16941524,108049998.06868887,108931464.52421403,1596858.768907832,1625199.9387793634,1639747.4515849259,88555.0918666666
15.603888333333332,-13562.89973933333,-5250.708424166666,-869.2,-600.0,-269.2,-336.5,0.1535885167464112,4777.95,4287.25,42.0,24.9300756001746,24.83747374101413,24.83747374101413,103686.42688100948,91464.6982640749,83106.88835022366,1557.360782846827,1373.9964052177004,1249.2413741804464,13167380.736616602,10292403.848168086,106173083.16941524,108049998.06868887,108931464.52421403,1596858.768907832,1625199.9387793634,1639747.4515849259,88555.0918666666
12.075527416666668,-12437.793239166667,-6490.595986458334,-1030.0,-600.0,-430.0,-537.5,0.2054066985645931,4590.75,4515.25,417.0,24.9300756001746,24.9300756001746,24.83747374101413,99019.51672865679,97137.29602084361,83777.50014123104,1487.222675857041,1458.9351380486605,1259.2514361061696,13167380.736616602,10292403.848168086,106173083.16941524,108049998.06868887,108931464.52421403,1596858.768907832,1625199.9387793634,1639747.4515849259,88555.0918666666
11.649686666666666,-11782.493094666666,-5990.851368333333,-1011.4,-600.0,-411.4,-514.25,0.2572248803827749,4407.75,4407.75,497.1500000000001,24.83747374101413,24.83747374101413,24.83747374101413,94457.6138498671,94457.6138498671,81684.94297855059,1418.6709408491688,1418.6709408491688,1228.0163354675703,13167380.736616602,10292403.848168086,106173083.16941524,108049998.06868887,108931464.52421403,1596858.768907832,1625199.9387793634,1639747.4515849259,88555.0918666666
15.734131083333333,-18783.40568728333,-11678.658796604166,-1193.8000000000002,-600.0,-593.8000000000001,-742.25,0.3090430622009567,4645.75,4645.75,451.5500000000002,24.9300756001746,24.9300756001746,24.83747374101413,100390.6708866664,100390.6708866664,81933.31771596074,1507.8294914790401,1507.8294914790401,1231.7237658104307,13167380.736616602,10292403.848168086,106173083.16941524,108049998.06868887,108931464.52421403,1596858.768907832,1625199.9387793634,1639747.4515849259,88555.0918666666
15.702618833333332,-26132.29826243333,-20888.408703041667,-1664.2,-600.0,-1064.2,-1330.25,0.3608612440191385,4969.666666666667,4969.666666666667,333.95000000000005,24.9300756001746,24.9300756001746,24.36879342330217,108465.93787482296,108465.93787482296,75403.01128864948,1629.1911465134503,1629.1911465134503,1133.9614972875129,13167380.736616602,10292403.848168086,106173083.16941524,108049998.06868887,108931464.52421403,1596858.768907832,1625199.9387793634,1639747.4515849259,88555.0918666666
13.2415875,-22362.39297,-18021.8005875,-1688.8,-600.0,-1088.8,-1361.0,0.4126794258373203,5240.25,5240.25,327.79999999999995,24.94584261245164,24.94584261245164,24.83747374101413,115213.64423093866,115213.64423093866,81331.00897774115,1730.5429358899726,1730.5429358899726,1222.733247228994,13167380.736616602,10292403.848168086,106173083.16941524,108049998.06868887,108931464.52421403,1596858.768907832,1625199.9387793634,1639747.4515849259,88555.0918666666
10.660209416666667,-16863.029935911112,-13083.630357388887,-1581.8666666666668,-600.0,-981.8666666666668,-1227.3333333333333,0.4644976076555022,4895.5,4895.5,354.5333333333336,24.9300756001746,24.9300756001746,24.41740158644135,106616.95726781001,106616.95726781001,76104.52631276433,1601.4031678716635,1601.4031678716635,1144.475481239305,13167380.736616602,10292403.848168086,106173083.16941524,108049998.06868887,108931464.52421403,1596858.768907832,1625199.9387793634,1639747.4515849259,88555.0918666666
11.884831500000002,-13986.862031300005,-8569.953914125002,-1176.8666666666668,-600.0,-576.8666666666667,-721.0833333333334,0.5163157894736841,4532.083333333333,4532.083333333333,455.7833333333334,24.9300756001746,24.9300756001746,24.83747374101413,97556.95229344655,97556.95229344655,79635.85139491691,1465.2420725269085,1465.2420725269085,1197.4300351389716,13167380.736616602,10292403.848168086,106173083.16941524,108049998.06868887,108931464.52421403,1596858.768907832,1625199.9387793634,1639747.4515849259,88555.0918666666
11.592895333333333,-10968.42470471111,-5015.859380888888,-946.1333333333334,-600.0,-346.1333333333334,-432.6666666666667,0.5681339712918658,4461.716666666667,4307.25,359.0,24.9300756001746,24.83747374101413,24.83747374101413,95802.70597371427,91961.4477388952,81215.10076694975,1438.8778375099148,1381.4112659034213,1221.0031130689927,13167380.736616602,10292403.848168086,106173083.16941524,108049998.06868887,108931464.52421403,1596858.768907832,1625199.9387793634,1639747.4515849259,88555.0918666666
11.42573275,-9657.0293203,-3501.987087875,-845.2,-600.0,-245.2,-306.5,0.6199521531100476,5652.616666666667,5259.916666666667,146.0,24.94584261245164,24.94584261245164,24.9300756001746,125500.47819622664,115704.24580231689,108060.82414632013,1884.991821148516,1737.9089404411438,1623.102769170587,13167380.736616602,10292403.848168086,106173083.16941524,108049998.06868887,108931464.52421403,1596858.768907832,1625199.9387793634,1639747.4515849259,88555.0918666666
14.608652750000005,-11435.653372700002,-3338.0771533750008,-782.8,-600.0,-182.8,-228.5,0.6717703349282294,6103.216666666667,5651.916666666667,103.0,24.94584261245164,24.94584261245164,24.94584261245164,136741.07487739736,125483.01610639793,119782.89106945273,2053.7607186446758,1884.7296413255083,1799.1466562436785,13167380.736616602,10292403.848168086,106173083.16941524,108049998.06868887,108931464.52421403,1596858.768907832,1625199.9387793634,1639747.4515849259,88555.0918666666
23.719414333333333,10847.678821777778,13559.59852722222,457.3333333333333,0.0,457.3333333333333,571.6666666666666,0.6717703349282294,5619.583333333333,5619.583333333333,114.33333333333331,24.94584261245164,24.94584261245164,24.94584261245164,124676.43386192864,124676.43386192864,138937.14055538017,1872.6194304532432,1872.6194304532432,2086.732952576275,13167380.736616602,10292403.848168086,106173083.16941524,108049998.06868887,108931464.52421403,1596858.768907832,1625199.9387793634,1639747.4515849259,88555.0918666666
34.45219266666667,87811.7486688,76173.797986,2548.8,780.0,1768.8000000000002,2211.0,0.5971291866028705,6369.95,6707.75,0.0,25.2478697421981,25.2478697421981,25.88297382225814,143420.7587845547,151949.4891834692,208242.11921439946,2154.1549105517547,2283.201840406491,3135.2511922408808,13167380.736616602,10292403.848168086,106173083.16941524,108049998.06868887,108931464.52421403,1596858.768907832,1625199.9387793634,1639747.4515849259,88555.0918666666
34.27174683333333,88679.28732281111,77434.15599101387,2587.5333333333333,780.0,1807.5333333333333,2259.4166666666665,0.5224880382775117,6717.383333333333,7045.5,0.0,25.2478697421981,25.39384615384616,25.88297382225814,152192.71032865238,160484.42113131707,218237.26093876146,2286.8819827716006,2412.1311097968596,3286.4862178058843,13167380.736616602,10292403.848168086,106173083.16941524,108049998.06868887,108931464.52421403,1596858.768907832,1625199.9387793634,1639747.4515849259,88555.0918666666
34.33026258333333,79000.80025676667,65278.99430220832,2301.2,780.0,1521.2,1901.5,0.4478468899521528,6607.8,7007.5,0.0,25.2478697421981,25.39384615384616,25.88297382225814,149425.96460273652,159519.45497747092,207989.76021963244,2245.0187716114024,2397.6147523443,3131.432785251,13167380.736616602,10292403.848168086,106173083.16941524,108049998.06868887,108931464.52421403,1596858.768907832,1625199.9387793634,1639747.4515849259,88555.0918666666
36.19917466666666,67429.40929075555,48992.56631344445,1862.7333333333331,780.0,1082.7333333333331,1353.4166666666667,0.373205741626794,6124.1,6633.416666666667,0.0,24.94584261245164,25.2478697421981,25.40459672695093,137262.02722395404,150072.73086596583,184391.6871809782,2061.582416697742,2254.8048941290035,2772.4370880150695,13167380.736616602,10292403.848168086,106173083.16941524,108049998.06868887,108931464.52421403,1596858.768907832,1625199.9387793634,1639747.4515849259,88555.0918666666
34.89392425,44154.77174595,21171.888538687497,1265.4,780.0,485.4,606.75,0.2985645933014351,5494.266666666666,6152.916666666667,0.0,24.94584261245164,24.94584261245164,25.2478697421981,121550.3040185449,137980.8832552362,153260.27442091834,1825.68299975811,2072.375486078229,2303.035133602539,13167380.736616602,10292403.848168086,106173083.16941524,108049998.06868887,108931464.52421403,1596858.768907832,1625199.9387793634,1639747.4515849259,88555.0918666666
29.877317666666663,27236.16278493333,4914.818756166666,911.6,780.0,131.6,164.5,0.2239234449760763,5611.816666666667,6358.916666666667,0.0,24.94584261245164,25.2478697421981,25.2478697421981,124482.68781763861,143142.19062173244,147295.46519432403,1869.7104828932045,2149.939937808325,2212.782507260972,13167380.736616602,10292403.848168086,106173083.16941524,108049998.06868887,108931464.52421403,1596858.768907832,1625199.9387793634,1639747.4515849259,88555.0918666666
25.00108,-815.0352080000001,-1018.79401,-32.6,0.0,-32.6,-40.75,0.2239234449760763,5737.266666666667,5745.416666666667,0.0,24.94584261245164,24.94584261245164,24.94584261245164,127612.14377337068,127815.45239066215,126798.90930420475,1916.6968526022445,1919.7493748272636,1904.486763702167,13167380.736616602,10292403.848168086,106173083.16941524,108049998.06868887,108931464.52421403,1596858.768907832,1625199.9387793634,1639747.4515849259,88555.0918666666
23.86302166666667,1969.494721555556,2461.868401944445,82.53333333333335,0.0,82.53333333333335,103.16666666666669,0.2239234449760763,5313.966666666666,5305.333333333333,12.0,24.94584261245164,24.94584261245164,24.94584261245164,117052.56859551987,116837.20282096571,119410.78225048365,1758.1529682033884,1754.9194170529588,1793.559729062917,13167380.736616602,10292403.848168086,106173083.16941524,108049998.06868887,108931464.52421403,1596858.768907832,1625199.9387793634,1639747.4515849259,88555.0918666666
25.84067416666667,-299.7518203333334,-374.6897754166667,-11.6,0.0,-11.6,-14.5,0.2239234449760763,5577.516666666667,5580.416666666667,0.0,24.94584261245164,24.94584261245164,24.94584261245164,123627.04541603153,123699.38835960763,123337.67364172709,1856.8636715658229,1857.9498451182837,1852.5189773559794,13167380.736616602,10292403.848168086,106173083.16941524,108049998.06868887,108931464.52421403,1596858.768907832,1625199.9387793634,1639747.4515849259,88555.0918666666
24.9593555,-151.4200900333333,-189.27511254166663,-6.066666666666666,0.0,-6.066666666666666,-7.583333333333333,0.2239234449760763,5578.483333333334,5580.0,0.0,24.94584261245164,24.94584261245164,24.94584261245164,123651.15973055689,123688.9942585191,123499.82161870803,1857.2257294166432,1857.7937856998265,1854.9535042839088,13167380.736616602,10292403.848168086,106173083.16941524,108049998.06868887,108931464.52421403,1596858.768907832,1625199.9387793634,1639747.4515849259,88555.0918666666
30.12899541666667,32810.47600875,11637.3244796875,1089.0,780.0,309.0,386.25,0.1492822966507174,5197.5,5900.25,0.0,24.94584261245164,24.94584261245164,25.13240054952598,114147.20945925635,131677.90035515674,141314.46001186085,1714.5312395562823,1977.7410547258921,2122.3598293507334,13167380.736616602,10292403.848168086,106173083.16941524,108049998.06868887,108931464.52421403,1596858.768907832,1625199.9387793634,1639747.4515849259,88555.0918666666
25.60884516666667,5302.738205844445,6628.422757305556,207.06666666666663,0.0,207.06666666666663,258.8333333333333,0.1492822966507174,5270.266666666666,5221.5,3.0,24.94584261245164,24.94584261245164,24.94584261245164,115962.43527335575,114745.90968195519,121202.72527814475,1741.7854563956162,1723.5202620594066,1820.4643728049073,13167380.736616602,10292403.848168086,106173083.16941524,108049998.06868887,108931464.52421403,1596858.768907832,1625199.9387793634,1639747.4515849259,88555.0918666666
12.347482083333334,-12406.749997333334,-6247.825934166667,-1004.8,-600.0,-404.8,-506.0,0.2011004784688992,4298.383333333333,3874.583333333333,75.0,24.83747374101413,24.83747374101413,23.73661360437842,91741.22213839153,81215.10076694973,68919.39257175966,1378.1240109994183,1221.0031130689924,1041.0855220869062,13167380.736616602,10292403.848168086,106173083.16941524,108049998.06868887,108931464.52421403,1596858.768907832,1625199.9387793634,1639747.4515849259,88555.0918666666
9.0729985,-11391.452050033333,-7434.566187541665,-1255.5333333333333,-600.0,-655.5333333333333,-819.4166666666666,0.2529186602870811,4557.7,4406.583333333333,285.0,24.9300756001746,24.83747374101413,24.36879342330217,98195.57773007102,94428.63679716925,74129.74183228193,1474.8398530150941,1418.2384073091682,1114.7329737326677,13167380.736616602,10292403.848168086,106173083.16941524,108049998.06868887,108931464.52421403,1596858.768907832,1625199.9387793634,1639747.4515849259,88555.0918666666
10.539456,-13913.4871808,-9487.266976,-1320.1333333333332,-600.0,-720.1333333333333,-900.1666666666666,0.3047368421052629,4750.383333333333,4692.416666666667,362.0,24.9300756001746,24.9300756001746,24.83747374101413,102999.18779696466,101554.07441467456,79170.14876227293,1547.0323970774978,1525.3140623098275,1190.4786032461084,13167380.736616602,10292403.848168086,106173083.16941524,108049998.06868887,108931464.52421403,1596858.768907832,1625199.9387793634,1639747.4515849259,88555.0918666666
13.598010000000002,-18680.039604000005,-13151.542005,-1373.7333333333331,-600.0,-773.7333333333333,-967.1666666666666,0.3565550239234447,4813.066666666667,4786.5,380.0,24.9300756001746,24.9300756001746,24.83747374101413,104561.88803583561,103899.57902739097,79842.83034275872,1570.5179223969944,1560.5642060026107,1200.5195604246887,13167380.736616602,10292403.848168086,106173083.16941524,108049998.06868887,108931464.52421403,1596858.768907832,1625199.9387793634,1639747.4515849259,88555.0918666666
14.671082583333332,-18478.71754979444,-12095.084999743054,-1259.5333333333333,-600.0,-659.5333333333333,-824.4166666666666,0.4083732057416265,4842.616666666667,4790.5,383.0,24.9300756001746,24.9300756001746,24.83747374101413,105298.57176982077,103999.29932979167,83487.72961425254,1581.5894024266322,1562.0628835023924,1254.9261007061657,13167380.736616602,10292403.848168086,106173083.16941524,108049998.06868887,108931464.52421403,1596858.768907832,1625199.9387793634,1639747.4515849259,88555.0918666666
19.60016758333333,-20671.643411222227,-11139.42857652778,-1054.6666666666667,-600.0,-454.66666666666674,-568.3333333333334,0.4601913875598084,4301.166666666666,4265.833333333333,451.0,24.83747374101413,24.83747374101413,24.6228413148246,91810.35310697068,90932.76236812152,76823.61155534006,1379.1559124448477,1366.0563252334075,1155.243424539296,13167380.736616602,10292403.848168086,106173083.16941524,108049998.06868887,108931464.52421403,1596858.768907832,1625199.9387793634,1639747.4515849259,88555.0918666666
18.46257016666667,-16461.227560600004,-6729.606825750001,-891.6,-600.0,-291.6,-364.5,0.5120095693779902,4205.516666666667,4200.416666666667,522.0,24.83747374101413,24.83747374101413,24.83747374101413,89434.6487436427,89307.97762756352,80254.71844896387,1343.694341215388,1341.803551740529,1206.6677157432657,13167380.736616602,10292403.848168086,106173083.16941524,108049998.06868887,108931464.52421403,1596858.768907832,1625199.9387793634,1639747.4515849259,88555.0918666666
20.798429666666667,-16842.56834406667,-5454.388180083333,-809.8,-600.0,-209.8,-262.25,0.563827751196172,3904.05,3874.5,518.0,24.83747374101413,24.83747374101413,24.36879342330217,81946.9783265183,81213.03097747132,74740.99240064976,1231.927674479288,1220.9722178161355,1123.9638917390607,13167380.736616602,10292403.848168086,106173083.16941524,108049998.06868887,108931464.52421403,1596858.768907832,1625199.9387793634,1639747.4515849259,88555.0918666666
22.592157416666662,-18206.266590177776,-5813.715175222222,-805.8666666666667,-600.0,-205.86666666666667,-257.3333333333333,0.6156459330143538,4199.866666666667,4074.333333333333,423.0,24.83747374101413,24.83747374101413,24.83747374101413,89294.31701700596,86176.38614671731,79784.876237363,1341.5996430716716,1295.05903416763,1199.6544933446878,13167380.736616602,10292403.848168086,106173083.16941524,108049998.06868887,108931464.52421403,1596858.768907832,1625199.9387793634,1639747.4515849259,88555.0918666666
20.098419916666668,-17622.294582933333,-6954.053291166667,-876.8,-600.0,-276.8,-346.0,0.6674641148325355,5221.716666666667,4841.916666666667,151.0,24.94584261245164,24.9300756001746,24.9300756001746,114751.31461452124,105281.12071690065,96655.31455924024,1723.6014129570044,1581.3271338641705,1451.6915301330487,13167380.736616602,10292403.848168086,106173083.16941524,108049998.06868887,108931464.52421403,1596858.768907832,1625199.9387793634,1639747.4515849259,88555.0918666666
26.638841666666664,19748.261288888887,-1287.544013888889,741.3333333333334,780.0,-38.66666666666667,-48.333333333333336,0.5928229665071767,4460.5,5250.166666666667,0.0,24.9300756001746,24.94584261245164,24.94584261245164,95772.37438173406,115461.02383684547,114255.308110577,1438.4219897703977,1734.2571500492497,1716.1542575082356,13167380.736616602,10292403.848168086,106173083.16941524,108049998.06868887,108931464.52421403,1596858.768907832,1625199.9387793634,1639747.4515849259,88555.0918666666
30.05173875,40623.94044225,21479.480271562497,1351.8000000000002,780.0,571.8000000000001,714.75,0.5181818181818179,6304.366666666667,6941.416666666667,0.0,25.2478697421981,25.2478697421981,25.39384615384616,141764.91932729553,157849.07474656284,175991.59651593247,2129.100654138769,2372.4675773594913,2645.411520788868,13167380.736616602,10292403.848168086,106173083.16941524,108049998.06868887,108931464.52421403,1596858.768907832,1625199.9387793634,1639747.4515849259,88555.0918666666
50.39283333333333,144116.78428888888,131012.9678611111,2859.866666666667,780.0,2079.866666666667,2599.833333333333,0.443540669856459,8431.466666666667,8691.5,0.0,25.40459672695093,25.80118739161481,26.25410656461584,195687.41770567145,202370.28604859152,269930.4971918595,2943.3510615218465,3045.4362736304997,4077.636152495328,13167380.736616602,10292403.848168086,106173083.16941524,108049998.06868887,108931464.52421403,1596858.768907832,1625199.9387793634,1639747.4515849259,88555.0918666666
44.052142333333336,115707.35705273334,101683.35754091668,2626.6000000000004,780.0,1846.6,2308.25,0.3688995215311001,8860.316666666666,9178.666666666666,0.0,25.88297382225814,25.88297382225814,26.25410656461584,206729.69077738546,214969.53549370135,275065.36286745564,3112.366859067341,3237.042742680511,4155.405913601697,13167380.736616602,10292403.848168086,106173083.16941524,108049998.06868887,108931464.52421403,1596858.768907832,1625199.9387793634,1639747.4515849259,88555.0918666666
38.792547166666665,80466.0875029111,62759.87589113889,2074.2666666666664,780.0,1294.2666666666669,1617.8333333333333,0.2942583732057413,8151.816666666667,8608.25,0.0,25.40459672695093,25.80118739161481,25.90715906314357,188583.0222309796,200222.33719823958,242095.67279777557,2835.8555385639706,3012.247231452085,3649.6402139114202,13167380.736616602,10292403.848168086,106173083.16941524,108049998.06868887,108931464.52421403,1596858.768907832,1625199.9387793634,1639747.4515849259,88555.0918666666
32.55096866666667,40417.45276111112,18784.62150138889,1241.6666666666667,780.0,461.66666666666674,577.0833333333334,0.2196172248803825,7381.083333333334,8045.666666666667,0.0,25.39384615384616,25.40459672695093,25.80118739161481,169006.17266977864,185886.3242884138,200596.454415418,2540.3270998439148,2795.052213829558,3018.0279054651423,13167380.736616602,10292403.848168086,106173083.16941524,108049998.06868887,108931464.52421403,1596858.768907832,1625199.9387793634,1639747.4515849259,88555.0918666666
27.500410666666664,24053.692529777774,3254.2152622222216,874.6666666666666,780.0,94.66666666666669,118.33333333333331,0.1449760765550236,6142.75,6899.083333333333,0.0,24.94584261245164,25.2478697421981,25.39384615384616,137727.26718867625,156780.24826080978,159771.2772851632,2068.567636267878,2356.295325443612,2401.4030122935424,13167380.736616602,10292403.848168086,106173083.16941524,108049998.06868887,108931464.52421403,1596858.768907832,1625199.9387793634,1639747.4515849259,88555.0918666666
28.740034833333336,21095.185567666667,-1652.5520029166669,734.0,780.0,-46.0,-57.5,0.0703349282296647,5892.166666666667,6683.666666666667,0.0,24.94584261245164,25.2478697421981,25.2478697421981,131476.2547940394,151341.43632051127,149889.6838103349,1974.713502007826,2274.0014844937177,2252.0352368127014,13167380.736616602,10292403.848168086,106173083.16941524,108049998.06868887,108931464.52421403,1596858.768907832,1625199.9387793634,1639747.4515849259,88555.0918666666
25.40512933333333,-2738.672942133334,-3423.3411776666667,-107.8,0.0,-107.8,-134.75,0.0703349282296647,6184.633333333333,6211.583333333333,0.0,24.94584261245164,24.94584261245164,24.94584261245164,138772.08223009444,139444.3726885,136082.92039647215,2084.2547290111775,2094.348652196977,2043.879036267977,13167380.736616602,10292403.848168086,106173083.16941524,108049998.06868887,108931464.52421403,1596858.768907832,1625199.9387793634,1639747.4515849259,88555.0918666666
24.159308416666665,-1840.93930135,-2301.1741266875,-76.2,0.0,-76.2,-95.25,0.0703349282296647,5723.283333333333,5742.333333333333,0.0,24.94584261245164,24.94584261245164,24.94584261245164,127263.31774083988,127738.53604260708,125362.44453377106,1911.4594985188264,1918.5945351306814,1882.9193520714066,13167380.736616602,10292403.848168086,106173083.16941524,108049998.06868887,108931464.52421403,1596858.768907832,1625199.9387793634,1639747.4515849259,88555.0918666666
26.336497250000004,-2712.346690315967,-2460.2677847708337,-102.98813333333334,-28.2548,-74.73333333333333,-93.41666666666669,0.072775115502392,5870.654799999999,5862.083333333333,1.0,24.94584261245164,24.94584261245164,24.94584261245164,130939.62315387269,130725.80069544815,128395.44323140163,1966.6563914432058,1963.446011995229,1928.457490377165,13167380.736616602,10292403.848168086,106173083.16941524,108049998.06868887,108931464.52421403,1596858.768907832,1625199.9387793634,1639747.4515849259,88555.0918666666
23.481645083333333,-16834.774081744443,-3432.233789680555,-716.9333333333334,-600.0,-116.93333333333334,-146.16666666666666,0.1245932973205738,6296.683333333333,5726.916666666667,1.0,25.22999100309868,24.94584261245164,24.94584261245164,141570.9818865581,127353.9543023318,123707.70364047844,2126.2055804906727,1912.820336647772,1858.0746926530492,13167380.736616602,10292403.848168086,106173083.16941524,108049998.06868887,108931464.52421403,1596858.768907832,1625199.9387793634,1639747.4515849259,88555.0918666666
25.28845791666667,-13195.517340916667,2471.946761354167,-521.8,-600.0,78.2,97.75,0.1764114791387557,6273.8,5654.25,0.0,24.94584261245164,24.94584261245164,24.94584261245164,140996.41986303806,125541.22307249364,127979.67918786078,2117.6514445609796,1885.6035740688676,1922.2151136388843,13167380.736616602,10292403.848168086,106173083.16941524,108049998.06868887,108931464.52421403,1596858.768907832,1625199.9387793634,1639747.4515849259,88555.0918666666
21.71771633333333,-16421.48924351111,-4238.574304388889,-756.1333333333333,-600.0,-156.13333333333333,-195.16666666666663,0.2282296609569375,6333.716666666667,5774.75,2.0,25.2478697421981,24.94584261245164,24.94584261245164,142505.94430422905,128547.19710729405,123678.60015743057,2140.312990998558,1930.7359578866376,1857.6377262813694,13167380.736616602,10292403.848168086,106173083.16941524,108049998.06868887,108931464.52421403,1596858.768907832,1625199.9387793634,1639747.4515849259,88555.0918666666
10.088915000000002,-12252.650970333336,-7749.127462916668,-1214.4666666666667,-600.0,-614.4666666666667,-768.0833333333334,0.2800478427751193,4868.8,4470.416666666667,48.0,24.9300756001746,24.9300756001746,24.6228413148246,105951.32424928535,96019.59763143578,76942.6219550284,1591.3994955606204,1442.13746107194,1157.0649702529872,13167380.736616602,10292403.848168086,106173083.16941524,108049998.06868887,108931464.52421403,1596858.768907832,1625199.9387793634,1639747.4515849259,88555.0918666666
9.46305475,-16115.582239249998,-13047.186736562498,-1703.0,-600.0,-1103.0,-1378.75,0.3318660245933011,4886.75,4753.5,191.0,24.9300756001746,24.9300756001746,23.73661360437842,106398.81910630848,103076.88653258521,69065.76835565333,1598.1248108408909,1548.2001166294112,1043.1978935947927,13167380.736616602,10292403.848168086,106173083.16941524,108049998.06868887,108931464.52421403,1596858.768907832,1625199.9387793634,1639747.4515849259,88555.0918666666
13.349482166666666,-19082.63977451111,-13841.188093138888,-1429.4666666666667,-600.0,-829.4666666666667,-1036.8333333333333,0.383684206411483,4763.0,4763.0,392.63333333333344,24.9300756001746,24.9300756001746,24.6228413148246,103313.72225078687,103313.72225078687,77529.4663396984,1551.759475691393,1551.759475691393,1166.0470749791189,13167380.736616602,10292403.848168086,106173083.16941524,108049998.06868887,108931464.52421403,1596858.768907832,1625199.9387793634,1639747.4515849259,88555.0918666666
18.813526916666667,-32178.65643826667,-26113.17536033333,-1710.4,-600.0,-1110.4,-1388.0,0.4355023882296648,5191.0,5191.0,322.4000000000001,24.94584261245164,24.94584261245164,24.83747374101413,113985.06148227541,113985.06148227541,79437.15160498882,1712.0967126283526,1712.0967126283526,1194.4640908646832,13167380.736616602,10292403.848168086,106173083.16941524,108049998.06868887,108931464.52421403,1596858.768907832,1625199.9387793634,1639747.4515849259,88555.0918666666
15.31649741666667,-20578.22482920556,-14235.407974006946,-1343.5333333333333,-600.0,-743.5333333333333,-929.4166666666666,0.4873205700478466,4873.333333333333,4873.333333333333,414.1166666666667,24.9300756001746,24.9300756001746,24.83747374101413,106064.34059200612,106064.34059200612,82937.16561299338,1593.0979967270396,1593.0979967270396,1246.7079634461584,13167380.736616602,10292403.848168086,106173083.16941524,108049998.06868887,108931464.52421403,1596858.768907832,1625199.9387793634,1639747.4515849259,88555.0918666666
12.724598416666666,-17962.043124966665,-12909.105093708333,-1411.6,-600.0,-811.6,-1014.5,0.5391387518660284,4783.416666666667,4783.416666666667,397.0999999999999,24.9300756001746,24.9300756001746,24.83747374101413,103822.71129429044,103822.71129429044,78590.60770831593,1559.4089754298623,1559.4089754298623,1181.8279324461007,13167380.736616602,10292403.848168086,106173083.16941524,108049998.06868887,108931464.52421403,1596858.768907832,1625199.9387793634,1639747.4515849259,88555.0918666666
13.922810166666666,-15302.09656051111,-8685.51307563889,-1099.0666666666666,-600.0,-499.0666666666667,-623.8333333333334,0.5909569336842102,4762.333333333333,4762.333333333333,475.2333333333332,24.9300756001746,24.9300756001746,24.83747374101413,103297.10220038674,103297.10220038674,87770.12404509906,1551.5096961080958,1551.5096961080958,1318.8483788676513,13167380.736616602,10292403.848168086,106173083.16941524,108049998.06868887,108931464.52421403,1596858.768907832,1625199.9387793634,1639747.4515849259,88555.0918666666
14.939402666666666,-11889.77260231111,-3657.663752888889,-795.8666666666667,-600.0,-195.86666666666667,-244.83333333333331,0.642775115502392,5030.950000000001,4799.916666666667,320.0,24.9300756001746,24.9300756001746,24.9300756001746,109993.73600785367,104234.05754169333,98130.34403225058,1652.1521347080234,1565.591020116462,1473.859468150654,13167380.736616602,10292403.848168086,106173083.16941524,108049998.06868887,108931464.52421403,1596858.768907832,1625199.9387793634,1639747.4515849259,88555.0918666666
17.030531666666665,-10959.714811888887,-926.744764861111,-643.5333333333333,-600.0,-43.53333333333333,-54.41666666666666,0.6945932973205737,5944.2,5556.083333333333,201.0,24.94584261245164,24.94584261245164,24.94584261245164,132774.27013797397,123092.37285603795,121734.90325387704,1994.2022021847386,1848.8359750803934,1828.4546150299066,13167380.736616602,10292403.848168086,106173083.16941524,108049998.06868887,108931464.52421403,1596858.768907832,1625199.9387793634,1639747.4515849259,88555.0918666666
19.91086625,-13457.090802833334,-1888.2138160416664,-675.8666666666667,-600.0,-75.86666666666666,-94.83333333333331,0.7464114791387555,6999.450000000001,6528.416666666667,110.0,25.32141453159451,25.2478697421981,25.2478697421981,159315.10247006099,147421.70454303504,145027.36489581657,2394.5636654489394,2214.6926157549733,2178.46422465208,13167380.736616602,10292403.848168086,106173083.16941524,108049998.06868887,108931464.52421403,1596858.768907832,1625199.9387793634,1639747.4515849259,88555.0918666666
36.22440783333334,35801.78974194445,9433.439539930558,988.3333333333334,780.0,208.33333333333337,260.4166666666667,0.6717703308133967,6477.166666666666,7205.083333333333,0.0,25.2478697421981,25.39384615384616,25.39384615384616,146127.75121874735,164536.85574670168,171149.83651593246,2195.1140036914585,2473.093444274165,2572.5750605883063,13167380.736616602,10292403.848168086,106173083.16941524,108049998.06868887,108931464.52421403,1596858.768907832,1625199.9387793634,1639747.4515849259,88555.0918666666
53.111176,115237.08893973334,92262.96457466666,2169.7333333333336,780.0,1389.7333333333336,1737.1666666666667,0.5971291824880378,8837.766666666666,9270.333333333334,0.0,25.88297382225814,25.88297382225814,26.25410656461584,206146.02971769357,217342.14142740838,262478.70661193604,3103.5355690548486,3272.9422955768223,3964.7755618143356,13167380.736616602,10292403.848168086,106173083.16941524,108049998.06868887,108931464.52421403,1596858.768907832,1625199.9387793634,1639747.4515849259,88555.0918666666
98.86506608333332,297359.7547610444,275306.2540200555,3007.733333333333,780.0,2227.733333333333,2784.6666666666665,0.522488034162679,11008.183333333334,11231.25,0.0,26.25410656461584,26.25410656461584,28.44052465868313,262496.6469180886,268353.06295576884,344408.07519266265,3965.0472755088704,4053.745228866146,5215.386006580579,13167380.736616602,10292403.848168086,106173083.16941524,108049998.06868887,108931464.52421403,1596858.768907832,1625199.9387793634,1639747.4515849259,88555.0918666666
80.85118308333332,217947.8391983056,193604.89549163196,2695.666666666667,780.0,1915.666666666667,2394.583333333333,0.4478468858373201,11358.416666666666,11659.5,0.0,26.25410656461584,26.31531942151815,28.44052465868313,271691.7101739025,279598.40411634336,345493.5552171357,4104.310484702668,4223.896023817909,5231.63619227561,13167380.736616602,10292403.848168086,106173083.16941524,108049998.06868887,108931464.52421403,1596858.768907832,1625199.9387793634,1639747.4515849259,88555.0918666666
46.56372816666666,94561.61916086668,72802.38898858333,2030.8,780.0,1250.8000000000002,1563.5,0.3732057375119613,10314.45,10781.75,0.0,26.06238651883058,26.06238651883058,26.50874699148197,244393.81639429688,256572.76961454639,297773.2392574956,3684.871109848531,3874.2977554648824,4508.087629089909,13167380.736616602,10292403.848168086,106173083.16941524,108049998.06868887,108931464.52421403,1596858.768907832,1625199.9387793634,1639747.4515849259,88555.0918666666
39.58865183333333,41525.85652971111,13308.385124638888,1048.9333333333334,780.0,268.93333333333334,336.1666666666667,0.2985645891866024,8996.15,9708.916666666666,0.0,25.88297382225814,25.90715906314357,25.90715906314357,210245.46138824223,228697.35370228643,237406.47700734652,3165.5634692682384,3445.1550649949945,3578.073706749564,13167380.736616602,10292403.848168086,106173083.16941524,108049998.06868887,108931464.52421403,1596858.768907832,1625199.9387793634,1639747.4515849259,88555.0918666666
33.02345158333333,-19679.77558022778,167.86921221527777,-595.9333333333333,-600.0,4.066666666666666,5.083333333333333,0.3503827710047842,9162.35,8578.333333333334,17.0,25.88297382225814,25.80118739161481,25.80118739161481,214547.21163750155,199450.45167544045,199581.60771134784,3230.6526222649677,3000.3204385170993,3002.346996648114,13167380.736616602,10292403.848168086,106173083.16941524,108049998.06868887,108931464.52421403,1596858.768907832,1625199.9387793634,1639747.4515849259,88555.0918666666
35.09499941666666,-93.5866651111111,-116.98333138888889,-2.666666666666667,0.0,-2.666666666666667,-3.333333333333333,0.3503827710047842,8164.0,8164.666666666667,0.0,25.40459672695093,25.40459672695093,25.40459672695093,188892.53490110298,188909.47129892095,188824.78930983113,2840.538727507424,2840.794989556314,2839.513679311867,13167380.736616602,10292403.848168086,106173083.16941524,108049998.06868887,108931464.52421403,1596858.768907832,1625199.9387793634,1639747.4515849259,88555.0918666666
31.86477091666666,-24981.980398666663,-7328.897310833332,-784.0,-600.0,-184.0,-230.0,0.4022009528229661,8150.666666666667,7612.666666666667,16.0,25.40459672695093,25.39384615384616,25.39384615384616,188553.80694474364,174886.96420824016,169046.37959285555,2835.4134865296364,2628.7941115997537,2540.931948071104,13167380.736616602,10292403.848168086,106173083.16941524,108049998.06868887,108931464.52421403,1596858.768907832,1625199.9387793634,1639747.4515849259,88555.0918666666
31.7168095,-26269.976081866665,-9049.862977333332,-828.2666666666667,-600.0,-228.26666666666665,-285.3333333333333,0.4540191346411479,7689.1,7162.166666666667,16.0,25.39384615384616,25.39384615384616,25.2478697421981,176827.90051593247,163447.03651593247,156218.4831590459,2657.9923639144195,2456.6988739055946,2347.7953426453064,13167380.736616602,10292403.848168086,106173083.16941524,108049998.06868887,108931464.52421403,1596858.768907832,1625199.9387793634,1639747.4515849259,88555.0918666666
27.96944908333333,-27788.579979261107,-13758.638161576388,-993.5333333333332,-600.0,-393.53333333333336,-491.9166666666667,0.5058373164593297,7667.533333333334,7182.916666666667,17.0,25.39384615384616,25.39384615384616,25.2478697421981,176280.23990054787,163973.95882362477,151526.58736528739,2649.7536943777477,2464.6255690935054,2276.802976951586,13167380.736616602,10292403.848168086,106173083.16941524,108049998.06868887,108931464.52421403,1596858.768907832,1625199.9387793634,1639747.4515849259,88555.0918666666
34.315139333333335,-7345.550198402334,-7043.182348166667,-214.0615,-49.8615,-164.20000000000002,-205.25,0.5101435369138752,7411.916666666667,7411.916666666667,8.811500000000024,25.39384615384616,25.39384615384616,25.39384615384616,169789.14959285554,169789.14959285554,164577.06266977862,2552.105723215509,2552.105723215509,2473.6982925013554,13167380.736616602,10292403.848168086,106173083.16941524,108049998.06868887,108931464.52421403,1596858.768907832,1625199.9387793634,1639747.4515849259,88555.0918666666
43.09816241666667,44508.90893310556,13615.427810131943,1032.7333333333331,780.0,252.73333333333332,315.9166666666667,0.4355023885885163,7433.016666666666,8149.833333333333,0.0,25.39384615384616,25.40459672695093,25.40459672695093,170324.95974670167,188532.63644747116,196558.37196346043,2560.1661216957455,2835.0931589685247,2956.529337385983,13167380.736616602,10292403.848168086,106173083.16941524,108049998.06868887,108931464.52421403,1596858.768907832,1625199.9387793634,1639747.4515849259,88555.0918666666
41.017077916666665,44848.07299408333,16068.440273854168,1093.4,780.0,313.40000000000003,391.75,0.3608612402631574,7733.35,8435.0,0.0,25.40459672695093,25.40459672695093,25.88297382225814,177952.04532064157,195777.18061410668,205860.8856227517,2674.9998504761024,2944.7092503809604,3099.2210955158557,13167380.736616602,10292403.848168086,106173083.16941524,108049998.06868887,108931464.52421403,1596858.768907832,1625199.9387793634,1639747.4515849259,88555.0918666666
27.21843658333333,-25685.131322472214,-11692.586715590276,-943.6666666666669,-600.0,-343.6666666666667,-429.5833333333333,0.4126794220813393,8100.833333333334,7713.75,127.0,25.40459672695093,25.40459672695093,25.39384615384616,187287.81120785058,177454.11522479332,166545.0857467017,2816.257898375155,2667.465746238754,2503.3040215164438,13167380.736616602,10292403.848168086,106173083.16941524,108049998.06868887,108931464.52421403,1596858.768907832,1625199.9387793634,1639747.4515849259,88555.0918666666
27.3222055,-25129.14313853333,-10919.774798166667,-919.7333333333332,-600.0,-319.7333333333333,-399.6666666666667,0.4644976038995211,7058.9,6973.833333333333,435.0,25.39384615384616,25.2478697421981,25.2478697421981,160824.6986697786,158667.52652403907,148576.79458374056,2417.2500358459197,2384.8514474289336,2232.170108475086,13167380.736616602,10292403.848168086,106173083.16941524,108049998.06868887,108931464.52421403,1596858.768907832,1625199.9387793634,1639747.4515849259,88555.0918666666
28.47471408333334,-36149.59868592778,-23830.962794909727,-1269.5333333333333,-600.0,-669.5333333333333,-836.9166666666666,0.516315785717703,6931.333333333333,6931.333333333333,432.6166666666667,25.2478697421981,25.2478697421981,24.94584261245164,157594.49205999565,157594.49205999565,136521.55146240775,2368.6155252299213,2368.6155252299213,2050.464743726863,13167380.736616602,10292403.848168086,106173083.16941524,108049998.06868887,108931464.52421403,1596858.768907832,1625199.9387793634,1639747.4515849259,88555.0918666666
29.174864083333333,-40850.644689483335,-29182.157799354165,-1400.2,-600.0,-800.2,-1000.25,0.5681339675358847,7179.25,7179.25,399.9500000000001,25.39384615384616,25.39384615384616,24.94584261245164,163880.848054394,163880.848054394,138631.55398337764,2463.224867935802,2463.224867935802,2082.1448056736385,13167380.736616602,10292403.848168086,106173083.16941524,108049998.06868887,108931464.52421403,1596858.768907832,1625199.9387793634,1639747.4515849259,88555.0918666666
33.431694916666665,-54038.9916633,-42474.968391625,-1616.4,-600.0,-1016.4,-1270.5,0.6199521493540665,7510.833333333333,7510.833333333333,345.9000000000001,25.39384615384616,25.39384615384616,24.94584261245164,172301.02420824015,172301.02420824015,140161.565663608,2589.892820356272,2589.892820356272,2105.1167520705117,13167380.736616602,10292403.848168086,106173083.16941524,108049998.06868887,108931464.52421403,1596858.768907832,1625199.9387793634,1639747.4515849259,88555.0918666666
35.89452549999999,-37411.66744446666,-46764.584305583325,-1042.2666666666669,0.0,-1042.2666666666669,-1302.8333333333333,0.6199521493540665,7593.933333333333,7854.5,0.0,25.39384615384616,25.40459672695093,25.2478697421981,174411.25282362476,181029.81221411168,148008.71751454115,2621.63780204858,2721.569071310526,2223.57462025208,13167380.736616602,10292403.848168086,106173083.16941524,108049998.06868887,108931464.52421403,1596858.768907832,1625199.9387793634,1639747.4515849259,88555.0918666666
46.37969325,19751.5653654,-20530.744212,425.8666666666666,780.0,-354.1333333333334,-442.6666666666667,0.5453110010287077,7034.133333333333,7902.666666666667,0.0,25.39384615384616,25.40459672695093,25.39384615384616,160195.77774670167,182253.4669564598,171010.1703620863,2407.78893620798,2740.0840043427843,2570.4740088517515,13167380.736616602,10292403.848168086,106173083.16941524,108049998.06868887,108931464.52421403,1596858.768907832,1625199.9387793634,1639747.4515849259,88555.0918666666
40.60637291666667,23887.375641111117,-9731.994042361111,588.2666666666667,780.0,-191.73333333333332,-239.66666666666663,0.4706698527033488,7096.566666666667,7924.5,0.0,25.39384615384616,25.40459672695093,25.39384615384616,161781.20020824016,182808.13398499822,176719.55343900938,2431.6390568295974,2748.476586443912,2656.3624571127284,13167380.736616602,10292403.848168086,106173083.16941524,108049998.06868887,108931464.52421403,1596858.768907832,1625199.9387793634,1639747.4515849259,88555.0918666666
33.64190633333333,-29194.446316066664,-11261.628145083332,-867.8,-600.0,-267.8,-334.75,0.5224880345215306,8803.133333333333,8658.083333333334,388.0,25.80118739161481,25.80118739161481,25.40459672695093,205250.55860107543,201508.09636992172,192940.33397959717,3089.940819078152,3032.114145588914,2901.785357191988,13167380.736616602,10292403.848168086,106173083.16941524,108049998.06868887,108931464.52421403,1596858.768907832,1625199.9387793634,1639747.4515849259,88555.0918666666
44.57171358333334,40230.42868031668,6830.615106645834,902.6,780.0,122.6,153.25,0.4478468861961717,8725.233333333334,9474.583333333334,0.0,25.80118739161481,25.88297382225814,25.90715906314357,203240.64610326866,222628.73883060462,226596.71488824993,3058.8846462769684,3352.9330266212382,3413.095114963464,13167380.736616602,10292403.848168086,106173083.16941524,108049998.06868887,108931464.52421403,1596858.768907832,1625199.9387793634,1639747.4515849259,88555.0918666666
56.10188333333334,70232.07768222224,33090.760852777785,1251.8666666666668,780.0,471.86666666666673,589.8333333333334,0.3732057378708129,10289.633333333337,10951.66666666667,0.0,26.06238651883058,26.25410656461584,26.25410656461584,243747.0348355213,261012.8523287451,276498.399517441,3674.8113240106427,3942.5745648218926,4177.109873348043,13167380.736616602,10292403.848168086,106173083.16941524,108049998.06868887,108931464.52421403,1596858.768907832,1625199.9387793634,1639747.4515849259,88555.0918666666
51.35159025000001,93018.27057885005,66205.03772981251,1811.4,780.0,1031.4,1289.25,0.298564589545454,11356.85,11879.0,0.0,26.25410656461584,26.50874699148197,28.26067979057965,271650.5787402846,285413.5359727171,320387.13428782515,4103.687531354224,4314.588792602079,4851.189127135972,13167380.736616602,10292403.848168086,106173083.16941524,108049998.06868887,108931464.52421403,1596858.768907832,1625199.9387793634,1639747.4515849259,88555.0918666666
64.63081941666667,162210.43057195,139747.9892836875,2509.8,780.0,1729.8000000000002,2162.25,0.2239234412200952,12581.45,12929.0,0.0,27.23234572422633,27.23234572422633,29.26734224548939,304170.11127695563,313634.7130334105,375656.92602711177,4605.202854511394,4747.996528354646,5685.606861464936,13167380.736616602,10292403.848168086,106173083.16941524,108049998.06868887,108931464.52421403,1596858.768907832,1625199.9387793634,1639747.4515849259,88555.0918666666
56.08971175,125880.27042346666,102662.86907308332,2244.2666666666664,780.0,1464.2666666666669,1830.3333333333333,0.1492822928947363,12506.483333333335,12920.41666666667,0.0,27.23234572422633,27.23234572422633,29.22085291113381,302128.59309249616,313400.9687326109,365697.6743771275,4574.402204967111,4744.469997782103,5534.350600136212,13167380.736616602,10292403.848168086,106173083.16941524,108049998.06868887,108931464.52421403,1596858.768907832,1625199.9387793634,1639747.4515849259,88555.0918666666
49.50440991666667,81210.33432129445,53246.11823286805,1640.4666666666667,780.0,860.4666666666667,1075.5833333333333,0.0746411445693775,11911.533333333336,12476.41666666667,0.0,26.50874699148197,27.23234572422633,28.26067979057965,286275.9538748401,301309.80723105447,331232.1701574602,4328.09048085317,4562.049076514936,5017.180930930527,13167380.736616602,10292403.848168086,106173083.16941524,108049998.06868887,108931464.52421403,1596858.768907832,1625199.9387793634,1639747.4515849259,88555.0918666666
46.22691375,44143.620837,10108.28514,954.9333333333334,780.0,174.93333333333334,218.66666666666663,-3.7559813315102275e-09,10794.316666666664,11530.58333333333,0.0,26.06238651883058,26.25410656461584,26.50874699148197,256900.2869384663,276211.7921874438,281974.0260505722,3879.391831033564,4172.769081398772,4260.741127112971,13167380.736616602,10292403.848168086,106173083.16941524,108049998.06868887,108931464.52421403,1596858.768907832,1625199.9387793634,1639747.4515849259,88555.0918666666
31.23934975,-25818.28125671667,-8843.339258395834,-826.4666666666667,-600.0,-226.46666666666667,-283.0833333333333,0.0518181780622004,10544.966666666664,10018.58333333333,17.0,26.06238651883058,25.90715906314357,25.90715906314357,250401.63085999587,236719.93729217318,229386.0523473816,3778.3142917987316,3567.5957374689597,3455.665983864529,13167380.736616602,10292403.848168086,106173083.16941524,108049998.06868887,108931464.52421403,1596858.768907832,1625199.9387793634,1639747.4515849259,88555.0918666666
38.15378091666667,19912.462075786425,-934.7676324583334,521.9001,541.5001,-19.6,-24.5,-1.3325359322913233e-08,8771.5999,9318.0,0.0,25.80118739161481,25.88297382225814,25.88297382225814,204436.9585785411,218575.89651293601,217941.7636542907,3077.369474346257,3291.6100630829033,3282.015091672435,13167380.736616602,10292403.848168086,106173083.16941524,108049998.06868887,108931464.52421403,1596858.768907832,1625199.9387793634,1639747.4515849259,88555.0918666666
33.18922608333334,-23256.79702412778,-4179.076717659723,-700.7333333333333,-600.0,-100.73333333333336,-125.91666666666669,0.0518181684928224,9157.066666666668,8600.25,18.0,25.88297382225814,25.80118739161481,25.4896765938115,214410.4632591406,200015.92769910666,196776.60943896972,3228.5835025798533,3009.0578940655705,2959.780856519468,13167380.736616602,10292403.848168086,106173083.16941524,108049998.06868887,108931464.52421403,1596858.768907832,1625199.9387793634,1639747.4515849259,88555.0918666666
30.80754775,-24627.55367135,-7678.7812766874995,-799.4,-600.0,-199.4,-249.25,0.1036363503110043,8615.983333333334,8081.833333333333,16.0,25.80118739161481,25.40459672695093,25.40459672695093,200421.86638073475,186805.1238700385,180473.028135846,3015.330257592382,2808.954429981807,2713.144456453287,13167380.736616602,10292403.848168086,106173083.16941524,108049998.06868887,108931464.52421403,1596858.768907832,1625199.9387793634,1639747.4515849259,88555.0918666666
33.67767175,-25801.586916733337,-6993.729833416667,-766.1333333333333,-600.0,-166.13333333333333,-207.66666666666663,0.1554545321291861,8253.883333333333,7732.416666666667,37.0,25.40459672695093,25.40459672695093,25.39384615384616,191175.9847369104,177928.3343636964,172654.42190054784,2875.089258248936,2674.641083607657,2595.2091179320996,13167380.736616602,10292403.848168086,106173083.16941524,108049998.06868887,108931464.52421403,1596858.768907832,1625199.9387793634,1639747.4515849259,88555.0918666666
34.496256083333336,-2026.0801072944448,-2532.600134118056,-58.73333333333334,0.0,-58.73333333333334,-73.41666666666667,0.1554545321291861,7692.9,7707.583333333333,0.0,25.40459672695093,25.40459672695093,25.39384615384616,176924.4293830364,177297.45354497712,175432.93190054782,2659.4511506597382,2665.0953222865273,2637.007313842649,13167380.736616602,10292403.848168086,106173083.16941524,108049998.06868887,108931464.52421403,1596858.768907832,1625199.9387793634,1639747.4515849259,88555.0918666666
36.90879666666667,26778.56227488889,-2512.873906388889,725.5333333333333,780.0,-54.46666666666667,-68.08333333333333,0.0808133838038272,7535.966666666667,8329.583333333334,0.0,25.39384615384616,25.40459672695093,25.40459672695093,172939.25620824017,193099.1127091406,191369.4830819807,2599.4939901099824,2904.187813900326,2878.0170521574973,13167380.736616602,10292403.848168086,106173083.16941524,108049998.06868887,108931464.52421403,1596858.768907832,1625199.9387793634,1639747.4515849259,88555.0918666666
31.218735416666664,-18136.004028055555,744.0465274305554,-580.9333333333333,-600.0,19.066666666666663,23.83333333333333,0.1326315656220091,9090.683333333332,8571.916666666666,86.0,25.88297382225814,25.80118739161481,25.80118739161481,212692.2651802397,199284.89405634423,199899.8223558444,3202.585699091488,2997.7623241549986,3007.263891785656,13167380.736616602,10292403.848168086,106173083.16941524,108049998.06868887,108931464.52421403,1596858.768907832,1625199.9387793634,1639747.4515849259,88555.0918666666
27.564076666666665,-21698.441152,-6449.993939999999,-787.2,-600.0,-187.2,-234.0,0.1844497474401909,8182.166666666667,8182.166666666667,553.2,25.40459672695093,25.40459672695093,25.40459672695093,189354.0517416426,189354.0517416426,183409.37610753608,2847.52186833966,2847.52186833966,2757.573889179485,13167380.736616602,10292403.848168086,106173083.16941524,108049998.06868887,108931464.52421403,1596858.768907832,1625199.9387793634,1639747.4515849259,88555.0918666666
39.37567583333334,26568.081007277782,-5181.182678402779,674.7333333333333,780.0,-105.26666666666668,-131.58333333333334,0.109808599114832,6185.433333333333,6991.75,0.0,24.94584261245164,25.32092236317702,25.2478697421981,138792.03890418442,159120.1294730161,155797.68533000926,2084.554363094615,2391.6789278875544,2341.428314331968,13167380.736616602,10292403.848168086,106173083.16941524,108049998.06868887,108931464.52421403,1596858.768907832,1625199.9387793634,1639747.4515849259,88555.0918666666
36.52521425,-14936.377613966668,-18670.47201745833,-408.9333333333334,0.0,-408.9333333333334,-511.1666666666667,0.109808599114832,6966.766666666666,7069.0,0.0,25.2478697421981,25.39384615384616,25.2478697421981,158489.10824452754,161081.17651593246,148164.41271128468,2382.151827424078,2421.1083308530474,2225.9304207280147,13167380.736616602,10292403.848168086,106173083.16941524,108049998.06868887,108931464.52421403,1596858.768907832,1625199.9387793634,1639747.4515849259,88555.0918666666
28.7206155,-45717.4757529,-35606.383066125,-1591.8000000000002,-600.0,-991.8,-1239.75,0.1616267809330139,8427.166666666666,8427.166666666666,352.0500000000002,25.40459672695093,25.40459672695093,25.39384615384616,195578.17793974554,195578.17793974554,164088.23113131706,2941.6981713065097,2941.6981713065097,2466.3446114234134,13167380.736616602,10292403.848168086,106173083.16941524,108049998.06868887,108931464.52421403,1596858.768907832,1625199.9387793634,1639747.4515849259,88555.0918666666
30.2665215,-50730.7255702,-40713.51583775,-1676.1333333333334,-600.0,-1076.1333333333334,-1345.1666666666667,0.2134449627511957,8719.75,8719.75,330.9666666666667,25.80118739161481,25.80118739161481,25.39384615384616,203099.16959240462,203099.16959240462,168841.1126697786,3056.6986212766283,3056.6986212766283,2537.844038700713,13167380.736616602,10292403.848168086,106173083.16941524,108049998.06868887,108931464.52421403,1596858.768907832,1625199.9387793634,1639747.4515849259,88555.0918666666
26.3142505,-46116.60114293334,-37910.06355366667,-1752.5333333333335,-600.0,-1152.5333333333335,-1440.6666666666667,0.2652631445693775,8738.0,8738.0,311.8666666666668,25.80118739161481,25.80118739161481,25.39384615384616,203570.0412623016,203570.0412623016,166879.43805439398,3063.9742971896144,3063.9742971896144,2508.3338120372864,13167380.736616602,10292403.848168086,106173083.16941524,108049998.06868887,108931464.52421403,1596858.768907832,1625199.9387793634,1639747.4515849259,88555.0918666666
29.86933541666667,-42452.29078319445,-30663.361916493057,-1421.2666666666669,-600.0,-821.2666666666667,-1026.5833333333333,0.3170813263875593,7929.0,7929.0,394.6833333333334,25.40459672695093,25.40459672695093,25.2478697421981,182922.4546702695,182922.4546702695,156864.40782661713,2750.206355273915,2750.206355273915,2357.56873110628,13167380.736616602,10292403.848168086,106173083.16941524,108049998.06868887,108931464.52421403,1596858.768907832,1625199.9387793634,1639747.4515849259,88555.0918666666
26.945451083333328,-39067.311344022215,-28625.05086752777,-1449.8666666666668,-600.0,-849.8666666666667,-1062.3333333333333,0.3688995082057412,8150.166666666667,8150.166666666667,387.53333333333353,25.40459672695093,25.40459672695093,25.39384615384616,188541.10464638018,188541.10464638018,161559.42728516323,2835.2212899929696,2835.2212899929696,2428.3028413448865,13167380.736616602,10292403.848168086,106173083.16941524,108049998.06868887,108931464.52421403,1596858.768907832,1625199.9387793634,1639747.4515849259,88555.0918666666
29.57590666666667,-26580.85318488889,-11044.136481111113,-898.7333333333333,-600.0,-298.7333333333333,-373.4166666666667,0.420717690023923,8116.166666666667,8116.166666666667,525.3166666666666,25.40459672695093,25.40459672695093,25.40459672695093,187677.34835766384,187677.34835766384,178190.8485298749,2822.1519254996106,2822.1519254996106,2678.6131453654425,13167380.736616602,10292403.848168086,106173083.16941524,108049998.06868887,108931464.52421403,1596858.768907832,1625199.9387793634,1639747.4515849259,88555.0918666666
31.010511916666665,-24275.028728366666,-7085.901972958332,-782.8,-600.0,-182.8,-228.5,0.4725358718421048,8544.166666666666,8544.166666666666,554.3,25.80118739161481,25.80118739161481,25.40459672695093,198568.9111062269,198568.9111062269,192745.5654046905,2986.6993100955274,2986.6993100955274,2898.8383436297595,13167380.736616602,10292403.848168086,106173083.16941524,108049998.06868887,108931464.52421403,1596858.768907832,1625199.9387793634,1639747.4515849259,88555.0918666666
46.255887666666666,54514.105478088895,23043.141372611117,1178.5333333333333,780.0,398.53333333333336,498.1666666666667,0.397894723516746,8691.466666666667,9371.833333333334,0.0,25.80118739161481,25.88297382225814,25.90715906314357,202369.4260090118,219969.26327036758,232870.5652413745,3045.422984724723,3312.6928914201917,3508.8466204019314,13167380.736616602,10292403.848168086,106173083.16941524,108049998.06868887,108931464.52421403,1596858.768907832,1625199.9387793634,1639747.4515849259,88555.0918666666
37.3367575,32711.97780433333,40889.972255416666,876.1333333333334,0.0,876.1333333333334,1095.1666666666667,0.397894723516746,10504.41666666667,10504.41666666667,219.0333333333333,26.06238651883058,26.06238651883058,26.25410656461584,249344.80108665745,249344.80108665745,278023.32554040244,3761.8767773974005,3761.8767773974005,4200.205537383466,13167380.736616602,10292403.848168086,106173083.16941524,108049998.06868887,108931464.52421403,1596858.768907832,1625199.9387793634,1639747.4515849259,88555.0918666666
39.54316358333333,51303.300433016666,64129.125541270834,1297.4,0.0,1297.4,1621.75,0.397894723516746,11915.26666666667,11633.91666666667,43.0,26.50874699148197,26.31531942151815,28.26067979057965,286374.9198636083,278925.1705278096,322857.58871285175,4329.639854914771,4213.8273403717585,4889.00137516648,13167380.736616602,10292403.848168086,106173083.16941524,108049998.06868887,108931464.52421403,1596858.768907832,1625199.9387793634,1639747.4515849259,88555.0918666666
45.535753,103487.58798466666,84962.12580583333,2272.666666666667,780.0,1492.6666666666667,1865.8333333333333,0.3232535751913871,12003.249999999996,12410.08333333333,0.0,26.50874699148197,27.23234572422633,29.22085291113381,288707.24778640864,299503.3949646806,351822.6393864906,4366.153898089719,4534.795500439734,5326.431417197696,13167380.736616602,10292403.848168086,106173083.16941524,108049998.06868887,108931464.52421403,1596858.768907832,1625199.9387793634,1639747.4515849259,88555.0918666666
42.56267633333333,69309.0621412,45137.7182515,1628.4,780.0,848.4000000000001,1060.5,0.2486124268660283,12189.85,12757.75,0.0,26.50874699148197,27.23234572422633,28.44052465868313,293653.7799750193,308971.1738281367,338786.33148512966,4443.594933775788,4677.637107708245,5131.225656212429,13167380.736616602,10292403.848168086,106173083.16941524,108049998.06868887,108931464.52421403,1596858.768907832,1625199.9387793634,1639747.4515849259,88555.0918666666
41.292235,43549.54384666667,14177.000683333332,1054.6666666666667,780.0,274.6666666666667,343.3333333333333,0.1739712785406694,10825.166666666666,11536.5,0.0,26.06238651883058,26.25410656461584,26.50874699148197,257704.31156257226,276367.1289846178,285435.62659521005,3891.8973136298937,4175.121724363644,4314.934635026544,13167380.736616602,10292403.848168086,106173083.16941524,108049998.06868887,108931464.52421403,1596858.768907832,1625199.9387793634,1639747.4515849259,88555.0918666666
39.839936083333335,27743.199506570283,18618.53012961111,696.3665666666667,322.4999,373.8666666666667,467.3333333333333,0.1431100440909087,10025.716766666666,10254.75,0.0,25.90715906314357,25.93311203319502,26.06238651883058,236904.74428420624,242839.03114697683,255017.7138855895,3570.416261821108,3660.8648370807646,3850.1110306162295,13167380.736616602,10292403.848168086,106173083.16941524,108049998.06868887,108931464.52421403,1596858.768907832,1625199.9387793634,1639747.4515849259,88555.0918666666
46.05460283333333,42944.38198865555,8777.239723319444,932.4666666666668,780.0,152.46666666666667,190.58333333333331,0.0684688957655498,9166.616666666669,9908.5,0.0,25.88297382225814,25.90715906314357,25.90715906314357,214657.64565914322,233867.99086530553,238805.46359675634,3232.323583272506,3524.0693304888455,3599.4250403779633,13167380.736616602,10292403.848168086,106173083.16941524,108049998.06868887,108931464.52421403,1596858.768907832,1625199.9387793634,1639747.4515849259,88555.0918666666
35.61456858333333,-25497.656801094443,-5161.144563868055,-715.9333333333334,-600.0,-115.93333333333334,-144.91666666666666,0.1202870775837316,9844.266666666666,9291.25,18.0,25.90715906314357,25.88297382225814,25.88297382225814,232203.88768148294,217883.5269631906,214132.65267344838,3498.671787339509,3281.1339208286163,3224.3799912952672,13167380.736616602,10292403.848168086,106173083.16941524,108049998.06868887,108931464.52421403,1596858.768907832,1625199.9387793634,1639747.4515849259,88555.0918666666
33.121920499999995,-30575.948877566665,-13378.495721958332,-923.1333333333334,-600.0,-323.1333333333334,-403.9166666666667,0.1721052594019134,9577.883333333331,9076.666666666666,18.0,25.90715906314357,25.88297382225814,25.80118739161481,225302.65229304583,212329.47216383103,201886.51378499874,3393.3451313571936,3197.09633109407,3037.9612641308568,13167380.736616602,10292403.848168086,106173083.16941524,108049998.06868887,108931464.52421403,1596858.768907832,1625199.9387793634,1639747.4515849259,88555.0918666666
32.238835916666666,-35363.85374485556,-20025.690243569443,-1096.9333333333334,-600.0,-496.9333333333333,-621.1666666666666,0.2239234412200952,9368.683333333332,8909.916666666666,17.0,25.88297382225814,25.88297382225814,25.40459672695093,219887.73190282745,208013.48627896947,192061.7583427901,3311.4592522388452,3131.791780779963,2888.491763405851,13167380.736616602,10292403.848168086,106173083.16941524,108049998.06868887,108931464.52421403,1596858.768907832,1625199.9387793634,1639747.4515849259,88555.0918666666
35.81938325,-4178.928045833334,-5223.660057291667,-116.66666666666669,0.0,-116.66666666666669,-145.83333333333334,0.2239234412200952,8760.5,8789.666666666666,0.0,25.80118739161481,25.80118739161481,25.80118739161481,204150.56797861293,204903.10261086834,201140.42944959117,3072.9443085891858,3084.5721011441856,3026.4331383691847,13167380.736616602,10292403.848168086,106173083.16941524,108049998.06868887,108931464.52421403,1596858.768907832,1625199.9387793634,1639747.4515849259,88555.0918666666
47.22431733333334,53256.43680071112,20526.83660088889,1127.7333333333331,780.0,347.7333333333333,434.6666666666667,0.1492822928947364,8766.516666666666,9459.583333333334,0.0,25.80118739161481,25.88297382225814,25.90715906314357,204305.80512275247,222240.49422327074,233498.81384865573,3075.34295608196,3347.0585543291145,3518.4349507813513,13167380.736616602,10292403.848168086,106173083.16941524,108049998.06868887,108931464.52421403,1596858.768907832,1625199.9387793634,1639747.4515849259,88555.0918666666
41.21065658333334,37128.05420447778,6229.677586847222,900.9333333333334,780.0,120.93333333333334,151.16666666666666,0.0746411445693775,9465.816666666664,10215.58333333333,0.0,25.88297382225814,25.90715906314357,26.06238651883058,222401.83142676274,241823.64762761246,245756.8792092316,3349.4997239260624,3645.4885657058967,3706.0716524672653,13167380.736616602,10292403.848168086,106173083.16941524,108049998.06868887,108931464.52421403,1596858.768907832,1625199.9387793634,1639747.4515849259,88555.0918666666
42.1100785,39698.574671233335,8565.891801541666,942.7333333333332,780.0,162.73333333333335,203.41666666666663,-3.755981275999076e-09,9217.6,9956.916666666666,0.0,25.88297382225814,25.90715906314357,25.90715906314357,215977.24594118132,235122.32914994605,240392.27708937382,3252.2902618742896,3543.2130416587524,3623.6429882435077,13167380.736616602,10292403.848168086,106173083.16941524,108049998.06868887,108931464.52421403,1596858.768907832,1625199.9387793634,1639747.4515849259,88555.0918666666
39.39188683333333,-4947.6209862666665,-6184.526232833333,-125.6,0.0,-125.6,-157.0,-3.755981275999076e-09,9153.016666666666,9184.416666666666,0.0,25.88297382225814,25.88297382225814,25.88297382225814,214305.63721516044,215118.36259317934,211054.73570308482,3226.9973950609797,3239.2946237258247,3177.808480401598,13167380.736616602,10292403.848168086,106173083.16941524,108049998.06868887,108931464.52421403,1596858.768907832,1625199.9387793634,1639747.4515849259,88555.0918666666
32.863845000000005,-32833.172078,-16393.581347500003,-999.0666666666666,-600.0,-399.06666666666666,-498.8333333333333,0.0518181780622005,9001.5,9001.5,500.2333333333333,25.88297382225814,25.88297382225814,25.58724345183213,210383.9352981913,210383.9352981913,197500.7633422982,3167.6586977190955,3167.6586977190955,2970.4748240164736,13167380.736616602,10292403.848168086,106173083.16941524,108049998.06868887,108931464.52421403,1596858.768907832,1625199.9387793634,1639747.4515849259,88555.0918666666
40.04844158333333,-8553.008169303066,-37799.05411440277,-213.56656666666677,541.5001,-755.0666666666667,-943.8333333333334,-1.3325359267402082e-08,8389.816566666668,9120.083333333334,0.0,25.40459672695093,25.88297382225814,25.40459672695093,194629.3137115343,213453.2246106141,189203.74121100813,2927.341051578175,3214.0996647840507,2845.247542655767,13167380.736616602,10292403.848168086,106173083.16941524,108049998.06868887,108931464.52421403,1596858.768907832,1625199.9387793634,1639747.4515849259,88555.0918666666
35.204596583333334,-44228.60373389125,-35172.325703131944,-1256.3303666666668,-457.0637,-799.2666666666668,-999.0833333333334,0.0394736698564589,8685.916666666666,8685.916666666666,257.24703333333343,25.80118739161481,25.80118739161481,25.39384615384616,202226.2294189883,202226.2294189883,176770.34113131708,3043.210381912828,3043.210381912828,2657.126475926021,13167380.736616602,10292403.848168086,106173083.16941524,108049998.06868887,108931464.52421403,1596858.768907832,1625199.9387793634,1639747.4515849259,88555.0918666666
36.50210341666666,-43936.36514586111,-54920.456432326384,-1203.6666666666667,0.0,-1203.6666666666667,-1504.5833333333333,0.0394736698564589,8065.666666666668,8366.583333333334,0.0,25.40459672695093,25.40459672695093,25.2478697421981,186394.41622295283,194039.0827880378,155843.97309120328,2802.74007529624,2918.410357613687,2342.1286874464354,13167380.736616602,10292403.848168086,106173083.16941524,108049998.06868887,108931464.52421403,1596858.768907832,1625199.9387793634,1639747.4515849259,88555.0918666666
27.879641500000005,-49164.81846386667,-40546.29195483334,-1763.4666666666667,-600.0,-1163.4666666666667,-1454.3333333333333,0.0912918516746407,7964.5,7964.5,309.13333333333344,25.40459672695093,25.40459672695093,25.2478697421981,183824.31785407627,183824.31785407627,146960.93092023992,2763.852309377275,2763.852309377275,2207.7207197518683,13167380.736616602,10292403.848168086,106173083.16941524,108049998.06868887,108931464.52421403,1596858.768907832,1625199.9387793634,1639747.4515849259,88555.0918666666
27.267333333333337,-37441.68431111112,-26351.605388888893,-1373.1333333333332,-600.0,-773.1333333333333,-966.4166666666666,0.1431100334928225,7994.75,7994.75,406.7166666666666,25.40459672695093,25.40459672695093,25.39384615384616,184592.80690506654,184592.80690506654,160048.49343900938,2775.480199845631,2775.480199845631,2405.573281649431,13167380.736616602,10292403.848168086,106173083.16941524,108049998.06868887,108931464.52421403,1596858.768907832,1625199.9387793634,1639747.4515849259,88555.0918666666
28.335522416666663,-28169.28735182222,-13959.967377277777,-994.1333333333334,-600.0,-394.1333333333334,-492.6666666666667,0.1949282153110043,8348.833333333334,8348.833333333334,501.4666666666668,25.40459672695093,25.40459672695093,25.40459672695093,193588.15119613442,193588.15119613442,181072.1532086566,2911.587380562007,2911.587380562007,2722.2097264327494,13167380.736616602,10292403.848168086,106173083.16941524,108049998.06868887,108931464.52421403,1596858.768907832,1625199.9387793634,1639747.4515849259,88555.0918666666
18.8829875,-31127.97546083334,-24747.72870104167,-1648.4666666666667,-600.0,-1048.4666666666667,-1310.5833333333333,0.2467463971291862,10141.216666666667,9814.333333333334,11.0,25.90715906314357,25.90715906314357,25.58724345183213,239897.01856528345,231428.4000535262,197528.4828560377,3616.084352542344,3486.8362949948782,2970.8918193230083,13167380.736616602,10292403.848168086,106173083.16941524,108049998.06868887,108931464.52421403,1596858.768907832,1625199.9387793634,1639747.4515849259,88555.0918666666
22.57533625,-21864.96566933333,-10399.704899166663,-968.5333333333332,-600.0,-368.53333333333336,-460.6666666666667,0.298564578947368,10363.116666666669,9869.25,14.0,26.06238651883058,25.90715906314357,25.88297382225814,245662.18587154668,232851.13487207715,220920.46255833557,3704.598829557489,3508.550074101537,3327.0853485358944,13167380.736616602,10292403.848168086,106173083.16941524,108049998.06868887,108931464.52421403,1596858.768907832,1625199.9387793634,1639747.4515849259,88555.0918666666
35.98350108333333,26980.42911228333,33725.536390354166,749.8000000000001,0.0,749.8000000000001,937.25,0.298564578947368,10335.283333333333,10202.83333333333,55.0,26.06238651883058,25.90715906314357,26.25410656461584,244936.78278010583,241493.33134955738,265959.5635739613,3693.3161953403787,3640.447278599191,4017.494645717288,13167380.736616602,10292403.848168086,106173083.16941524,108049998.06868887,108931464.52421403,1596858.768907832,1625199.9387793634,1639747.4515849259,88555.0918666666
42.00197908333334,97329.7860638389,80710.30297354862,2317.2666666666664,780.0,1537.2666666666669,1921.5833333333333,0.2239234306220091,10919.149999999998,11314.83333333333,0.0,26.25410656461584,26.25410656461584,28.26067979057965,260159.1562969522,270547.46869612794,322313.57062688295,3929.644969260022,4086.980452721998,4880.674750481018,13167380.736616602,10292403.848168086,106173083.16941524,108049998.06868887,108931464.52421403,1596858.768907832,1625199.9387793634,1639747.4515849259,88555.0918666666
49.49032516666667,139691.39181543334,126361.17273179168,2822.6000000000004,780.0,2042.6,2553.25,0.1492822822966503,11960.4,12229.75,0.0,26.50874699148197,26.50874699148197,29.22085291113381,287571.34797782375,294711.4789799794,366640.0468835114,4348.3706806237615,4460.153869059143,5548.472173284194,13167380.736616602,10292403.848168086,106173083.16941524,108049998.06868887,108931464.52421403,1596858.768907832,1625199.9387793634,1639747.4515849259,88555.0918666666
50.805094,118955.0470916,99158.8422145,2341.4,780.0,1561.4,1951.75,0.0746411339712914,11712.26666666667,12101.91666666667,0.0,26.50874699148197,26.50874699148197,28.44052465868313,280993.6442243375,291322.7774895684,345481.70499852806,4245.392640315244,4407.101641146306,5231.458788501648,13167380.736616602,10292403.848168086,106173083.16941524,108049998.06868887,108931464.52421403,1596858.768907832,1625199.9387793634,1639747.4515849259,88555.0918666666
46.98816633333333,57654.48009099999,26254.63793875,1227.0,780.0,447.0,558.75,-1.4354067406907587e-08,10630.16666666667,11298.41666666667,0.0,26.06238651883058,26.25410656461584,26.50874699148197,252622.14619140042,270116.46378002566,284834.7616634032,3812.851313426196,4080.4526968898936,4305.527721081113,13167380.736616602,10292403.848168086,106173083.16941524,108049998.06868887,108931464.52421403,1596858.768907832,1625199.9387793634,1639747.4515849259,88555.0918666666
32.38594683333333,-18136.130226666664,1619.2973416666664,-560.0,-600.0,40.0,50.0,0.0518181674641144,10060.25,9466.25,16.0,25.90715906314357,25.88297382225814,25.88297382225814,237799.40225313755,222413.0473820858,223707.1960731987,3584.0705319353183,3349.6694309033915,3369.2510052104703,13167380.736616602,10292403.848168086,106173083.16941524,108049998.06868887,108931464.52421403,1596858.768907832,1625199.9387793634,1639747.4515849259,88555.0918666666
35.01560516666667,-588.2621668,-735.3277085,-16.8,0.0,-16.8,-21.0,0.0518181674641144,8497.466666666665,8501.666666666666,0.0,25.57370616955171,25.58724345183213,25.53400033478695,197367.71554250433,197475.17609884636,196938.22625510758,2968.4785040904176,2970.08990527198,2962.1839801117735,13167380.736616602,10292403.848168086,106173083.16941524,108049998.06868887,108931464.52421403,1596858.768907832,1625199.9387793634,1639747.4515849259,88555.0918666666
33.59297933333333,-26798.021025812115,-9210.075167222223,-797.7268333333334,-578.3935,-219.33333333333337,-274.1666666666667,0.1017703333732053,8359.726833333334,7854.166666666667,18.0,25.40459672695093,25.40459672695093,25.39384615384616,193864.89617057948,181021.3440152027,174057.43190054785,2915.774766506372,2721.4409402860815,2616.315137649308,13167380.736616602,10292403.848168086,106173083.16941524,108049998.06868887,108931464.52421403,1596858.768907832,1625199.9387793634,1639747.4515849259,88555.0918666666
33.7651545,-28837.6929533,-10723.250316625,-854.0666666666666,-600.0,-254.06666666666663,-317.5833333333333,0.1535885151913871,7995.066666666667,7475.583333333333,17.0,25.40459672695093,25.39384615384616,25.39384615384616,184600.85169403008,171405.89113131707,163341.22882362476,2775.6019243188534,2576.4269887719897,2455.1071680445684,13167380.736616602,10292403.848168086,106173083.16941524,108049998.06868887,108931464.52421403,1596858.768907832,1625199.9387793634,1639747.4515849259,88555.0918666666
33.04173024999999,-25642.585456016663,-7271.934132520832,-776.0666666666667,-600.0,-176.0666666666667,-220.08333333333331,0.2054066970095689,7750.650000000001,7198.666666666667,4.0,25.40459672695093,25.39384615384616,25.2478697421981,178391.54484401783,164373.91190054786,158787.45390531456,2681.649850644782,2470.642217248185,2386.666050498235,13167380.736616602,10292403.848168086,106173083.16941524,108049998.06868887,108931464.52421403,1596858.768907832,1625199.9387793634,1639747.4515849259,88555.0918666666
34.22789866666667,-4520.364483911112,-5650.45560488889,-132.0666666666667,0.0,-132.0666666666667,-165.08333333333334,0.2054066970095689,7417.566666666667,7450.583333333333,0.0,25.39384615384616,25.39384615384616,25.39384615384616,169932.62482362476,170771.0449774709,166578.94420824014,2554.26407636306,2566.876753605832,2503.813367391972,13167380.736616602,10292403.848168086,106173083.16941524,108049998.06868887,108931464.52421403,1596858.768907832,1625199.9387793634,1639747.4515849259,88555.0918666666
40.20704625,32275.53625975,1142.5502309375,802.7333333333333,780.0,22.73333333333333,28.416666666666668,0.1307655486842101,7218.933333333333,7993.25,0.0,25.39384615384616,25.40459672695093,25.40459672695093,164888.56051593245,184554.7000099761,185276.61396696698,2478.3842745562165,2774.90361023563,2785.82678006954,13167380.736616602,10292403.848168086,106173083.16941524,108049998.06868887,108931464.52421403,1596858.768907832,1625199.9387793634,1639747.4515849259,88555.0918666666
37.25890416666667,2372.1502319444444,2965.1877899305555,63.66666666666666,0.0,63.66666666666666,79.58333333333333,0.1307655486842101,8123.166666666667,8110.25,3.0,25.40459672695093,25.40459672695093,25.40459672695093,187855.1805347525,187527.03782702936,189548.8203165492,2824.842677012949,2819.877599815717,2850.468881901888,13167380.736616602,10292403.848168086,106173083.16941524,108049998.06868887,108931464.52421403,1596858.768907832,1625199.9387793634,1639747.4515849259,88555.0918666666
35.38042358333333,-12635.528609061112,-15794.41076132639,-357.1333333333334,0.0,-357.1333333333334,-446.4166666666667,0.1307655486842101,7102.049999999999,7191.333333333333,0.0,25.39384615384616,25.39384615384616,25.2478697421981,161920.44313131706,164187.6903620863,152887.8683422209,2433.7337417427075,2467.8408149327784,2297.400313545235,13167380.736616602,10292403.848168086,106173083.16941524,108049998.06868887,108931464.52421403,1596858.768907832,1625199.9387793634,1639747.4515849259,88555.0918666666
53.0079735,10368.359616600002,-38722.32464175,195.6,780.0,-584.4,-730.5,0.0561244003588512,5508.65,6434.75,0.0,24.94584261245164,25.2478697421981,24.94584261245164,121909.10838812067,145056.82074384912,126788.51520311621,1831.0701708832462,2178.9099166340134,1904.3307042837098,13167380.736616602,10292403.848168086,106173083.16941524,108049998.06868887,108931464.52421403,1596858.768907832,1625199.9387793634,1639747.4515849259,88555.0918666666
30.604267000000004,-46773.52139833335,-35513.70149791667,-1528.3333333333337,-600.0,-928.3333333333336,-1160.4166666666667,0.107942582177033,7040.5,7040.5,367.91666666666674,25.39384615384616,25.39384615384616,24.94584261245164,160357.45190054784,160357.45190054784,131174.8258624723,2410.221062763628,2410.221062763628,1970.1877788725722,13167380.736616602,10292403.848168086,106173083.16941524,108049998.06868887,108931464.52421403,1596858.768907832,1625199.9387793634,1639747.4515849259,88555.0918666666
22.3552685,-41121.77123013333,-34635.76266266666,-1839.4666666666667,-600.0,-1239.4666666666667,-1549.3333333333333,0.1597607639952148,7490.25,7490.25,290.13333333333344,25.39384615384616,25.39384615384616,24.94584261245164,171778.33420824015,171778.33420824015,132692.36462139644,2582.029793402802,2582.029793402802,1992.9724539672973,13167380.736616602,10292403.848168086,106173083.16941524,108049998.06868887,108931464.52421403,1596858.768907832,1625199.9387793634,1639747.4515849259,88555.0918666666
18.002038833333334,-26694.623317988888,-19866.75002248611,-1482.8666666666668,-600.0,-882.8666666666667,-1103.5833333333333,0.2115789458133967,7081.583333333333,7081.583333333333,379.28333333333353,25.39384615384616,25.39384615384616,24.94584261245164,161400.71574670167,161400.71574670167,133617.43961827486,2425.915282553347,2425.915282553347,2006.861742209972,13167380.736616602,10292403.848168086,106173083.16941524,108049998.06868887,108931464.52421403,1596858.768907832,1625199.9387793634,1639747.4515849259,88555.0918666666
19.543123416666667,-31937.37228751667,-25264.372796895837,-1634.2,-600.0,-1034.2,-1292.75,0.2633971276315785,7302.95,7196.5,235.0,25.39384615384616,25.39384615384616,24.94584261245164,167022.06682362477,164318.89190054784,131765.21080430032,2510.47943153795,2469.814530200451,1979.051953840931,13167380.736616602,10292403.848168086,106173083.16941524,108049998.06868887,108931464.52421403,1596858.768907832,1625199.9387793634,1639747.4515849259,88555.0918666666
18.740431416666667,-23725.386173500003,-15601.409154375,-1266.0,-600.0,-666.0,-832.5,0.3152153094497603,7072.666666666667,6820.166666666667,181.0,25.39384615384616,25.2478697421981,24.94584261245164,161174.28728516324,154787.77054032133,133858.58276352857,2422.5090320107506,2326.1474463799564,2010.482320718175,13167380.736616602,10292403.848168086,106173083.16941524,108049998.06868887,108931464.52421403,1596858.768907832,1625199.9387793634,1639747.4515849259,88555.0918666666
19.094172583333336,-15048.753885344446,-4490.312919180556,-788.1333333333333,-600.0,-188.13333333333333,-235.16666666666663,0.3670334912679421,6411.549999999999,5968.583333333333,110.0,25.2478697421981,24.94584261245164,24.94584261245164,144471.0701658301,133382.53293367426,127516.1022793127,2170.047013221846,2003.3347993528432,1915.2548635757012,13167380.736616602,10292403.848168086,106173083.16941524,108049998.06868887,108931464.52421403,1596858.768907832,1625199.9387793634,1639747.4515849259,88555.0918666666
24.889677833333334,-19316.049310522223,-5477.8032631527785,-776.0666666666667,-600.0,-176.0666666666667,-220.08333333333331,0.418851673086124,6584.483333333334,6150.5,122.0,25.2478697421981,24.94584261245164,24.94584261245164,148837.26843991427,137920.59746892276,132430.4332739657,2236.1112990010424,2071.4703414511782,1989.0397566221804,13167380.736616602,10292403.848168086,106173083.16941524,108049998.06868887,108931464.52421403,1596858.768907832,1625199.9387793634,1639747.4515849259,88555.0918666666
21.97426583333333,-13035.134492333333,186.7812595833333,-593.2,-600.0,6.800000000000001,8.5,0.4706698549043058,7391.533333333333,6847.833333333333,58.0,25.39384615384616,25.2478697421981,25.2478697421981,169271.53836208628,155486.2949365221,155700.9018293308,2544.319098143368,2336.7167133800976,2339.9638978199,13167380.736616602,10292403.848168086,106173083.16941524,108049998.06868887,108931464.52421403,1596858.768907832,1625199.9387793634,1639747.4515849259,88555.0918666666
40.01258666666666,54593.17324799999,29229.19456,1364.4,780.0,584.4,730.5,0.3960287065789469,6557.4333333333325,7191.333333333333,0.0,25.2478697421981,25.39384615384616,25.40459672695093,148154.31356338778,164187.6903620863,182740.38839372635,2225.7776120484946,2467.8408149327784,2747.451538248354,13167380.736616602,10292403.848168086,106173083.16941524,108049998.06868887,108931464.52421403,1596858.768907832,1625199.9387793634,1639747.4515849259,88555.0918666666
39.06200825,41422.65561524167,40132.95830952084,1060.4333333333334,238.5,821.9333333333334,1027.4166666666667,0.3732057400717699,7914.733333333334,7947.75,0.0,25.40459672695093,25.40459672695093,25.88297382225814,182560.015756965,183398.79085889983,209702.35032087183,2744.722347427682,2757.4137253989293,3157.3457352507007,13167380.736616602,10292403.848168086,106173083.16941524,108049998.06868887,108931464.52421403,1596858.768907832,1625199.9387793634,1639747.4515849259,88555.0918666666
66.32435333333333,208267.31271377776,195667.8963922222,3140.133333333333,780.0,2360.133333333333,2950.1666666666665,0.2985645917464111,8918.699999999999,9108.666666666666,0.0,25.88297382225814,25.88297382225814,26.50874699148197,208240.8250657083,213157.7273261433,290180.69230668526,3135.231610666573,3209.6285386506006,4389.221587801495,13167380.736616602,10292403.848168086,106173083.16941524,108049998.06868887,108931464.52421403,1596858.768907832,1625199.9387793634,1639747.4515849259,88555.0918666666
58.96675125,192833.06993775,183548.75495343748,3270.2000000000003,780.0,2490.2000000000003,3112.75,0.2239234434210522,9387.716666666664,9545.166666666666,0.0,25.88297382225814,25.88297382225814,27.23234572422633,220380.37117124436,224455.64539955897,306252.4779800014,3318.9133048584054,3380.575682351397,4636.6197909518505,13167380.736616602,10292403.848168086,106173083.16941524,108049998.06868887,108931464.52421403,1596858.768907832,1625199.9387793634,1639747.4515849259,88555.0918666666
79.98638849999999,204487.8684132,177623.10672899996,2556.5333333333333,780.0,1776.5333333333333,2220.6666666666665,0.1492822950956934,9278.716666666667,9614.583333333334,0.0,25.88297382225814,25.90715906314357,26.50874699148197,217559.12702461833,226253.44503066328,284253.7782918398,3276.2254728689754,3407.8561303231622,4296.432065317698,13167380.736616602,10292403.848168086,106173083.16941524,108049998.06868887,108931464.52421403,1596858.768907832,1625199.9387793634,1639747.4515849259,88555.0918666666
52.423390000000005,73298.383898,40510.1746225,1398.2,780.0,618.2,772.75,0.0746411467703345,7932.883333333334,8558.333333333334,0.0,25.40459672695093,25.80118739161481,25.88297382225814,183021.1091875592,198934.42792760817,218914.53208711057,2751.699081708696,2992.3470950508136,3296.7339083599227,13167380.736616602,10292403.848168086,106173083.16941524,108049998.06868887,108931464.52421403,1596858.768907832,1625199.9387793634,1639747.4515849259,88555.0918666666
43.171343,30409.8940092,-4079.6919135,704.4,780.0,-75.60000000000001,-94.5,-1.555024303767638e-09,6827.683333333333,7626.583333333333,0.0,25.2478697421981,25.39384615384616,25.39384615384616,154977.55036121685,175240.36190054784,172840.64343900938,2329.018976149272,2634.1104091755815,2598.0105202475056,13167380.736616602,10292403.848168086,106173083.16941524,108049998.06868887,108931464.52421403,1596858.768907832,1625199.9387793634,1639747.4515849259,88555.0918666666
36.3806355,-1118.0981977,-1397.6227471250002,-30.73333333333333,0.0,-30.73333333333333,-38.41666666666666,-1.555024303767638e-09,7114.233333333334,7121.916666666667,0.0,25.39384615384616,25.39384615384616,25.39384615384616,162229.82482362477,162424.93420824016,161449.38728516322,2438.387889680349,2441.322995288081,2426.647467249419,13167380.736616602,10292403.848168086,106173083.16941524,108049998.06868887,108931464.52421403,1596858.768907832,1625199.9387793634,1639747.4515849259,88555.0918666666
31.49299725,-21253.574077450005,-26566.9675968125,-674.8666666666668,0.0,-674.8666666666668,-843.5833333333334,-1.555024303767638e-09,7282.200000000001,7450.916666666667,0.0,25.39384615384616,25.39384615384616,25.2478697421981,166495.14451593248,170779.50959285555,149414.18226352351,2502.5527363500396,2567.0040900747144,2244.8404948186294,13167380.736616602,10292403.848168086,106173083.16941524,108049998.06868887,108931464.52421403,1596858.768907832,1625199.9387793634,1639747.4515849259,88555.0918666666
30.108837166666664,-19440.272530611117,-24300.340663263887,-645.6666666666667,0.0,-645.6666666666667,-807.0833333333334,-1.555024303767638e-09,6601.083333333333,6762.5,0.0,25.2478697421981,25.2478697421981,24.94584261245164,149256.38307763473,153331.81005185455,133054.079339277,2242.452859201127,2304.1175284158066,1998.4033217296017,13167380.736616602,10292403.848168086,106173083.16941524,108049998.06868887,108931464.52421403,1596858.768907832,1625199.9387793634,1639747.4515849259,88555.0918666666
29.113866,-38484.6490032,-26270.411754,-1321.8666666666668,-600.0,-721.8666666666668,-902.3333333333334,0.0518181802631575,7012.033333333334,6598.5,6.0,25.39384615384616,25.2478697421981,24.94584261245164,159634.5737467017,149191.15941413408,126586.86964199891,2399.3465283210967,2241.4659698125597,1901.3031515656437,13167380.736616602,10292403.848168086,106173083.16941524,108049998.06868887,108931464.52421403,1596858.768907832,1625199.9387793634,1639747.4515849259,88555.0918666666
29.372036333333337,-21404.35942541659,-17052.914761194446,-728.7325666666667,-264.2659,-464.4666666666667,-580.5833333333334,0.0746411443540666,6351.1492333333335,6208.0,5.0,25.2478697421981,24.94584261245164,24.94584261245164,142946.07947670124,139354.98341913873,124871.84296239285,2146.972609731007,2093.006541198247,1875.5533475202355,13167380.736616602,10292403.848168086,106173083.16941524,108049998.06868887,108931464.52421403,1596858.768907832,1625199.9387793634,1639747.4515849259,88555.0918666666
32.78144091666667,-2399.6014751,-2999.5018438750003,-73.2,0.0,-73.2,-91.5,0.0746411443540666,6294.95,6313.25,0.0,25.21093272690285,25.2478697421981,24.94584261245164,141527.25085506652,141989.20457017206,139697.98875505995,2125.5675653618046,2132.4942802297783,2098.1565020073285,13167380.736616602,10292403.848168086,106173083.16941524,108049998.06868887,108931464.52421403,1596858.768907832,1625199.9387793634,1639747.4515849259,88555.0918666666
34.81749716666667,29801.456408188893,3304.7607727361114,855.9333333333334,780.0,75.93333333333334,94.91666666666669,-3.971292253379666e-09,5538.400000000001,6299.416666666667,0.0,24.94584261245164,25.22999100309868,25.2478697421981,122651.24720584112,141639.94386196657,144036.3860084353,1842.212813361078,2127.2108339014344,2163.4698729741685,13167380.736616602,10292403.848168086,106173083.16941524,108049998.06868887,108931464.52421403,1596858.768907832,1625199.9387793634,1639747.4515849259,88555.0918666666
24.59836658333333,-6897.254898405986,-7088.429303763888,-280.39483333333334,-49.8615,-230.53333333333336,-288.1666666666667,0.0043062164832532,4921.894833333334,4929.666666666667,0.0,24.9300756001746,24.9300756001746,24.9300756001746,107274.98245826401,107468.73485081598,100284.71806536565,1611.2925035784526,1614.2043715156328,1506.237146635522,13167380.736616602,10292403.848168086,106173083.16941524,108049998.06868887,108931464.52421403,1596858.768907832,1625199.9387793634,1639747.4515849259,88555.0918666666
21.44202925,-21464.900747866668,-10749.603997333334,-1001.0666666666666,-600.0,-401.06666666666666,-501.3333333333333,0.056124398301435,5614.733333333334,5453.0,338.0,24.94584261245164,24.94584261245164,24.9300756001746,124555.44652525826,120520.87224673774,108017.19651401982,1870.8028988224037,1810.2268749541267,1622.4470977644323,13167380.736616602,10292403.848168086,106173083.16941524,108049998.06868887,108931464.52421403,1596858.768907832,1625199.9387793634,1639747.4515849259,88555.0918666666
19.991728416666664,-25276.208628138887,-16601.464472673608,-1264.3333333333337,-600.0,-664.3333333333334,-830.4166666666666,0.1079425801196168,6092.583333333334,6086.666666666667,428.0,24.94584261245164,24.94584261245164,24.94584261245164,136475.8174176183,136328.22118216127,115612.77771273788,2049.7780822856525,2047.562038543563,1736.5356175587222,13167380.736616602,10292403.848168086,106173083.16941524,108049998.06868887,108931464.52421403,1596858.768907832,1625199.9387793634,1639747.4515849259,88555.0918666666
20.09075775,-35272.673689749994,-29022.773799687497,-1755.6666666666667,-600.0,-1155.6666666666667,-1444.5833333333333,0.1597607619377986,6762.416666666667,6762.416666666667,311.0833333333335,25.2478697421981,25.2478697421981,24.94584261245164,153329.7060627094,153329.7060627094,117149.02585362138,2304.08569327424,2304.08569327424,1759.6011996066698,13167380.736616602,10292403.848168086,106173083.16941524,108049998.06868887,108931464.52421403,1596858.768907832,1625199.9387793634,1639747.4515849259,88555.0918666666
22.38455275,-27970.24481288333,-18174.391453604167,-1249.5333333333333,-600.0,-649.5333333333333,-811.9166666666666,0.2115789437559804,6128.45,5982.833333333333,292.0,24.94584261245164,24.94584261245164,24.94584261245164,137370.5416393182,133738.01119090169,113484.06580980866,2063.211677026433,2008.6720314640734,1704.574648658724,13167380.736616602,10292403.848168086,106173083.16941524,108049998.06868887,108931464.52421403,1596858.768907832,1625199.9387793634,1639747.4515849259,88555.0918666666
21.29481258333333,-33570.56221053889,-25992.09332567361,-1576.4666666666667,-600.0,-976.4666666666668,-1220.5833333333333,0.2633971255741623,6311.8,6138.916666666667,183.0,25.2478697421981,24.94584261245164,24.9300756001746,141952.5951590459,137631.64145866188,107186.193994014,2131.940348766518,2067.1318896180733,1609.9581185995846,13167380.736616602,10292403.848168086,106173083.16941524,108049998.06868887,108931464.52421403,1596858.768907832,1625199.9387793634,1639747.4515849259,88555.0918666666
20.902079416666663,-32555.68542743888,-25018.047221798606,-1557.5333333333333,-600.0,-957.5333333333334,-1196.9166666666667,0.3152153073923441,6200.283333333334,5985.666666666667,146.0,24.94584261245164,24.94584261245164,24.9300756001746,139162.48466697932,133808.69107830364,103955.67169749136,2090.116320768423,2009.7332355095814,1561.4072120962378,13167380.736616602,10292403.848168086,106173083.16941524,108049998.06868887,108931464.52421403,1596858.768907832,1625199.9387793634,1639747.4515849259,88555.0918666666
18.95982125,-27739.48247683333,-20454.487158541662,-1463.0666666666666,-600.0,-863.0666666666666,-1078.8333333333333,0.3670334892105259,6169.066666666667,5909.833333333333,125.0,24.94584261245164,24.94584261245164,24.9300756001746,138383.7586134273,131916.96468019273,105008.96739159874,2078.424349137623,1981.3304213504034,1577.2369931876826,13167380.736616602,10292403.848168086,106173083.16941524,108049998.06868887,108931464.52421403,1596858.768907832,1625199.9387793634,1639747.4515849259,88555.0918666666
17.239956333333335,-24241.677265511116,-17372.12933188889,-1406.1333333333332,-600.0,-806.1333333333333,-1007.6666666666666,0.4188516710287077,5869.216666666666,5722.75,252.0,24.94584261245164,24.94584261245164,24.9300756001746,130903.74770608364,127250.01329144658,102119.1561282785,1966.117749239213,1911.2597424632015,1533.806568141924,13167380.736616602,10292403.848168086,106173083.16941524,108049998.06868887,108931464.52421403,1596858.768907832,1625199.9387793634,1639747.4515849259,88555.0918666666
12.134996583333336,-12596.1264535,-6643.910629375001,-1038.0,-600.0,-438.0,-547.5,0.4706698528468895,6199.166666666667,6029.666666666667,321.0,24.94584261245164,24.94584261245164,24.94584261245164,139134.6284760621,134906.30815325154,121248.45932293426,2089.6980815269585,2026.2131100986426,1821.1510342461183,13167380.736616602,10292403.848168086,106173083.16941524,108049998.06868887,108931464.52421403,1596858.768907832,1625199.9387793634,1639747.4515849259,88555.0918666666
19.83870575,-12618.739437383332,-894.3949842291667,-636.0666666666667,-600.0,-36.06666666666667,-45.083333333333336,0.5224880346650713,6751.566666666667,6290.583333333333,130.0,25.2478697421981,25.17172934150941,24.94584261245164,153055.76667600652,141417.23825531438,140290.45251710567,2299.940757842257,2123.9066682197417,2107.051888859379,13167380.736616602,10292403.848168086,106173083.16941524,108049998.06868887,108931464.52421403,1596858.768907832,1625199.9387793634,1639747.4515849259,88555.0918666666
30.488598833333334,33872.83330383334,12614.657767291668,1111.0,780.0,331.0,413.75,0.4478468863397125,6060.916666666667,6758.166666666667,0.0,24.94584261245164,25.2478697421981,25.39384615384616,135685.86573489063,153222.40261630504,163694.62651593247,2037.917566482919,2302.4621010543387,2460.423465620396,13167380.736616602,10292403.848168086,106173083.16941524,108049998.06868887,108931464.52421403,1596858.768907832,1625199.9387793634,1639747.4515849259,88555.0918666666
43.49227791666667,133770.6489308889,124808.34019486111,3075.733333333333,780.0,2295.733333333333,2869.6666666666665,0.3732057380143536,7787.683333333333,7993.75,0.0,25.40459672695093,25.40459672695093,26.06238651883058,179332.3617428059,184567.40230833957,258701.19784691755,2695.885207460587,2775.095806772297,3907.402490592927,13167380.736616602,10292403.848168086,106173083.16941524,108049998.06868887,108931464.52421403,1596858.768907832,1625199.9387793634,1639747.4515849259,88555.0918666666
45.88742241666667,156433.28217991116,150801.3658686389,3409.066666666667,780.0,2629.066666666667,3286.333333333333,0.2985645896889948,8441.183333333332,8563.916666666666,0.0,25.40459672695093,25.80118739161481,26.50874699148197,195934.2657038683,199078.4845572113,284651.40949671203,2947.086080884409,2994.5729867684845,4302.657228958057,13167380.736616602,10292403.848168086,106173083.16941524,108049998.06868887,108931464.52421403,1596858.768907832,1625199.9387793634,1639747.4515849259,88555.0918666666
41.092541,113604.43884860002,101940.32108575,2764.6000000000004,780.0,1984.6,2480.75,0.2239234413636359,7803.65,8087.5,0.0,25.40459672695093,25.40459672695093,26.06238651883058,179737.9884705462,186949.08325149122,251008.45009277607,2702.022683531488,2811.132657397367,3787.752519344422,13167380.736616602,10292403.848168086,106173083.16941524,108049998.06868887,108931464.52421403,1596858.768907832,1625199.9387793634,1639747.4515849259,88555.0918666666
32.352279833333334,42752.45939042223,21897.10140052778,1321.4666666666667,780.0,541.4666666666667,676.8333333333334,0.1492822930382771,6684.783333333334,7329.416666666667,0.0,25.2478697421981,25.39384615384616,25.40459672695093,151369.62977505673,167694.15728516324,184884.95976742648,2274.4280753907115,2520.5899471671887,2779.9007201889726,13167380.736616602,10292403.848168086,106173083.16941524,108049998.06868887,108931464.52421403,1596858.768907832,1625199.9387793634,1639747.4515849259,88555.0918666666
30.70804766666667,21342.09312833333,-3262.7300645833334,695.0,780.0,-85.0,-106.25,0.0746411447129182,6116.083333333333,6917.333333333333,0.0,24.94584261245164,25.2478697421981,25.2478697421981,137062.04471901088,157241.0218836049,154558.43572349634,2058.579833486628,2363.2672214467175,2322.677415949187,13167380.736616602,10292403.848168086,106173083.16941524,108049998.06868887,108931464.52421403,1596858.768907832,1625199.9387793634,1639747.4515849259,88555.0918666666
33.104599416666666,23001.0756747,-3525.639837875,694.8,780.0,-85.2,-106.5,-3.612440596656441e-09,6483.95,7285.25,0.0,25.2478697421981,25.39384615384616,25.39384615384616,146299.01593516528,166572.5957467017,163868.15113131708,2197.705384214987,2503.7178650403102,2463.0338632324792,13167380.736616602,10292403.848168086,106173083.16941524,108049998.06868887,108931464.52421403,1596858.768907832,1625199.9387793634,1639747.4515849259,88555.0918666666
27.02087975000001,-689.9331296166669,-862.4164120208336,-25.53333333333333,0.0,-25.53333333333333,-31.916666666666668,-3.612440596656441e-09,6706.283333333334,6712.666666666667,0.0,25.2478697421981,25.2478697421981,25.2478697421981,151912.458974514,152073.62454303502,151267.79670042987,2282.6415419149175,2285.080113758926,2272.8872545388836,13167380.736616602,10292403.848168086,106173083.16941524,108049998.06868887,108931464.52421403,1596858.768907832,1625199.9387793634,1639747.4515849259,88555.0918666666
25.74740258333333,-2572.8907365810965,-1611.3582783402774,-99.92816666666668,-49.8615,-50.06666666666667,-62.583333333333336,0.0043062168421048,6146.7615000000005,6115.416666666667,6.0,24.94584261245164,24.94584261245164,24.94584261245164,137827.33743631613,137045.41415726926,135484.22017377333,2070.0701139250145,2058.3301384170973,2034.890013764853,13167380.736616602,10292403.848168086,106173083.16941524,108049998.06868887,108931464.52421403,1596858.768907832,1625199.9387793634,1639747.4515849259,88555.0918666666
27.64451991666667,-6922.187787133335,-8652.734733916668,-250.4,0.0,-250.4,-313.0,0.0043062168421048,6141.566666666667,6204.166666666667,0.0,24.94584261245164,24.94584261245164,24.94584261245164,137697.74794158485,139259.35768912433,131451.30895142697,2068.12442751946,2091.5707945484423,1974.338959403529,13167380.736616602,10292403.848168086,106173083.16941524,108049998.06868887,108931464.52421403,1596858.768907832,1625199.9387793634,1639747.4515849259,88555.0918666666
25.376656083333334,-25936.63429423889,-13388.300805298612,-1022.0666666666668,-600.0,-422.0666666666667,-527.5833333333334,0.0561243986602866,6807.983333333334,6319.5,6.0,25.2478697421981,25.2478697421981,24.94584261245164,154480.16732729555,142147.0037560608,128975.43407214116,2321.4931486829064,2134.88191584728,1937.165605927067,13167380.736616602,10292403.848168086,106173083.16941524,108049998.06868887,108931464.52421403,1596858.768907832,1625199.9387793634,1639747.4515849259,88555.0918666666
26.441139750000005,-900.7614941500002,-1125.9518676875002,-34.06666666666667,0.0,-34.06666666666667,-42.583333333333336,0.0561243986602866,5930.650000000001,5939.166666666667,0.0,24.94584261245164,24.94584261245164,24.94584261245164,132436.2539705753,132648.70939682465,131586.43226557775,1989.1271498965166,1992.3170044097778,1976.3677318434704,13167380.736616602,10292403.848168086,106173083.16941524,108049998.06868887,108931464.52421403,1596858.768907832,1625199.9387793634,1639747.4515849259,88555.0918666666
26.406240416666662,1605.4994173333334,2006.8742716666663,60.8,0.0,60.8,76.0,0.0561243986602866,6006.616666666667,6000.416666666667,9.0,24.94584261245164,24.94584261245164,24.94584261245164,134331.30648103452,134176.6422568373,136072.52629538364,2017.5799030696003,2015.2577389229598,2043.7229768495201,13167380.736616602,10292403.848168086,106173083.16941524,108049998.06868887,108931464.52421403,1596858.768907832,1625199.9387793634,1639747.4515849259,88555.0918666666
23.77771575,-17070.814727449997,-3505.2315968124994,-717.9333333333334,-600.0,-117.93333333333334,-147.41666666666666,0.1079425804784685,5272.599999999999,4709.083333333333,7.0,24.94584261245164,24.9300756001746,24.9300756001746,116020.64223945145,101969.57567467744,98294.4670299517,1742.6593891389753,1531.5585518922512,1476.326041535711,13167380.736616602,10292403.848168086,106173083.16941524,108049998.06868887,108931464.52421403,1596858.768907832,1625199.9387793634,1639747.4515849259,88555.0918666666
27.241723666666672,-13221.316552888891,-16526.645691111113,-485.3333333333333,0.0,-485.3333333333333,-606.6666666666666,0.1079425804784685,5073.666666666667,5195.0,0.0,24.9300756001746,24.94584261245164,24.9300756001746,111058.66573724111,114084.84485272522,98959.26904595636,1668.1567615077759,1713.5948830455402,1486.3172248675894,13167380.736616602,10292403.848168086,106173083.16941524,108049998.06868887,108931464.52421403,1596858.768907832,1625199.9387793634,1639747.4515849259,88555.0918666666
19.69978708333333,-30708.028105499998,-23610.194819375,-1558.8000000000002,-600.0,-958.8,-1198.5,0.1597607622966503,5972.8,5628.5,16.0,24.94584261245164,24.94584261245164,24.9300756001746,133487.72123669012,124898.867625223,95012.00707592872,2004.9141206676284,1875.9591020082237,1426.9945738345618,13167380.736616602,10292403.848168086,106173083.16941524,108049998.06868887,108931464.52421403,1596858.768907832,1625199.9387793634,1639747.4515849259,88555.0918666666
11.69689225,-18786.768539133333,-14710.791486416669,-1606.1333333333334,-600.0,-1006.1333333333334,-1257.6666666666667,0.2115789441148321,5844.049999999999,5578.583333333333,83.0,24.94584261245164,24.94584261245164,24.83747374101413,130275.94400033694,123653.65431481812,92300.89321335571,1956.691760364409,1857.2631836770724,1386.478087371997,13167380.736616602,10292403.848168086,106173083.16941524,108049998.06868887,108931464.52421403,1596858.768907832,1625199.9387793634,1639747.4515849259,88555.0918666666
11.097661833333332,-16886.942089722223,-12785.431237152778,-1521.6666666666663,-600.0,-921.6666666666666,-1152.0833333333333,0.2633971259330139,5705.666666666666,5418.083333333333,82.0,24.94584261245164,24.94584261245164,24.83747374101413,126823.85514681718,119649.84657551964,90936.90194707835,1904.8613063064636,1797.1490956874284,1366.118115739122,13167380.736616602,10292403.848168086,106173083.16941524,108049998.06868887,108931464.52421403,1596858.768907832,1625199.9387793634,1639747.4515849259,88555.0918666666
14.695612666666667,-23761.82597448889,-18680.57296811111,-1616.9333333333334,-600.0,-1016.9333333333334,-1271.1666666666667,0.3152153077511958,5745.683333333333,5525.916666666667,126.0,24.94584261245164,24.94584261245164,24.83747374101413,127822.1046153588,122339.83993722902,90657.48036749195,1919.849252855076,1837.5372731841055,1361.947256603404,13167380.736616602,10292403.848168086,106173083.16941524,108049998.06868887,108931464.52421403,1596858.768907832,1625199.9387793634,1639747.4515849259,88555.0918666666
17.980754750000003,-20797.739660833337,-12511.608513541669,-1156.6666666666667,-600.0,-556.6666666666667,-695.8333333333334,0.3670334895693776,5377.416666666666,5054.583333333333,138.0,24.94584261245164,24.9300756001746,24.83747374101413,118635.38230927993,110582.91679453777,93240.57763655743,1781.9176964460232,1661.0068209359001,1400.5045321691525,13167380.736616602,10292403.848168086,106173083.16941524,108049998.06868887,108931464.52421403,1596858.768907832,1625199.9387793634,1639747.4515849259,88555.0918666666
16.279727166666664,-16088.711701244443,-7901.0942515555535,-988.2666666666668,-600.0,-388.26666666666665,-485.3333333333333,0.4188516713875594,5286.85,4938.916666666667,155.0,24.94584261245164,24.9300756001746,24.9300756001746,116376.12049667891,107699.33805011759,95599.94135883286,1747.9966212502056,1617.670063233878,1435.830526593692,13167380.736616602,10292403.848168086,106173083.16941524,108049998.06868887,108931464.52421403,1596858.768907832,1625199.9387793634,1639747.4515849259,88555.0918666666
16.236741333333335,-13800.147683911113,-5072.62860488889,-849.9333333333334,-600.0,-249.93333333333337,-312.4166666666667,0.4706698532057412,5438.766666666666,5011.25,110.0,24.94584261245164,24.9300756001746,24.9300756001746,120165.80975355384,109502.61351853021,101714.04239977566,1804.895885219635,1644.771148021598,1527.7181907990605,13167380.736616602,10292403.848168086,106173083.16941524,108049998.06868887,108931464.52421403,1596858.768907832,1625199.9387793634,1639747.4515849259,88555.0918666666
24.417238416666667,-12312.799425577778,2921.929530527778,-504.26666666666665,-600.0,95.73333333333336,119.66666666666669,0.522488035023923,6229.016666666666,5695.083333333333,90.0,24.94584261245164,24.94584261245164,24.94584261245164,139879.26187804376,126559.84497916873,129545.03081179212,2100.878178265219,1900.8973970776553,1945.7176620585117,13167380.736616602,10292403.848168086,106173083.16941524,108049998.06868887,108931464.52421403,1596858.768907832,1625199.9387793634,1639747.4515849259,88555.0918666666
36.205469,53922.01183066667,32102.182513333333,1489.3333333333337,780.0,709.3333333333334,886.6666666666666,0.4478468866985642,5886.0,6488.666666666667,0.0,24.94584261245164,25.2478697421981,25.39384615384616,131322.4220979293,146418.10172078267,168860.158054394,1972.403822614662,2199.507253227662,2538.130545755698,13167380.736616602,10292403.848168086,106173083.16941524,108049998.06868887,108931464.52421403,1596858.768907832,1625199.9387793634,1639747.4515849259,88555.0918666666
29.168999166666666,48047.175427333335,31619.195096666663,1647.2,780.0,867.2,1084.0,0.3732057383732053,6947.3,7510.5,0.0,25.2478697421981,25.39384615384616,25.80118739161481,157997.61638021277,172292.55959285554,199867.57087160487,2374.7151383540995,2589.76548388739,3006.7655578190133,13167380.736616602,10292403.848168086,106173083.16941524,108049998.06868887,108931464.52421403,1596858.768907832,1625199.9387793634,1639747.4515849259,88555.0918666666
37.74414725,92626.65362798334,78982.77346622916,2454.0666666666666,780.0,1674.0666666666668,2092.583333333333,0.2985645900478465,7908.683333333332,8270.166666666666,0.0,25.40459672695093,25.40459672695093,26.06238651883058,182406.3179467669,191589.65625361426,245652.62966315637,2742.39676933401,2881.348458793059,3704.450196052832,13167380.736616602,10292403.848168086,106173083.16941524,108049998.06868887,108931464.52421403,1596858.768907832,1625199.9387793634,1639747.4515849259,88555.0918666666
40.752821583333336,111948.00088941668,100201.00006802085,2747.0,780.0,1967.0,2458.75,0.2239234417224876,8135.166666666666,8423.416666666666,0.0,25.40459672695093,25.40459672695093,26.06238651883058,188160.03569547588,195482.9107020195,259189.86759414562,2829.455393892958,2940.256697281507,3915.00306753559,13167380.736616602,10292403.848168086,106173083.16941524,108049998.06868887,108931464.52421403,1596858.768907832,1625199.9387793634,1639747.4515849259,88555.0918666666
36.95243333333334,77228.12217111113,60506.5302138889,2089.9333333333334,780.0,1309.9333333333334,1637.4166666666667,0.1492822933971288,8016.15,8468.666666666666,0.0,25.40459672695093,25.40459672695093,25.90715906314357,185136.46527502328,196632.46870391403,238986.81371019827,2783.70621161498,2957.650483849874,3602.192805848311,13167380.736616602,10292403.848168086,106173083.16941524,108049998.06868887,108931464.52421403,1596858.768907832,1625199.9387793634,1639747.4515849259,88555.0918666666
29.4892315,34687.200039066665,14606.999336333332,1176.2666666666669,780.0,396.26666666666665,495.3333333333333,0.0746411450717699,7113.733333333334,7794.666666666667,0.0,25.39384615384616,25.40459672695093,25.40459672695093,162217.12790054784,179509.7705099491,192093.5140886988,2438.1968849770255,2698.5695524227035,2888.9722547475185,13167380.736616602,10292403.848168086,106173083.16941524,108049998.06868887,108931464.52421403,1596858.768907832,1625199.9387793634,1639747.4515849259,88555.0918666666
27.964371666666665,-80.16453211111111,-100.20566513888888,-2.866666666666667,0.0,-2.866666666666667,-3.583333333333333,0.0746411450717699,7016.950000000001,7017.666666666667,0.0,25.39384615384616,25.39384615384616,25.39384615384616,159759.4268236248,159777.6257467017,159686.6311313171,2401.224741237108,2401.498514645204,2400.129647604722,13167380.736616602,10292403.848168086,106173083.16941524,108049998.06868887,108931464.52421403,1596858.768907832,1625199.9387793634,1639747.4515849259,88555.0918666666
28.601036083333337,20754.81851780556,-1942.487033993056,725.6666666666666,780.0,-54.33333333333334,-67.91666666666667,-3.253588870544277e-09,5922.25,6715.833333333333,0.0,24.94584261245164,25.2478697421981,25.2478697421981,132226.70889263068,152153.57613055198,150438.8249772277,1985.9809920204227,2286.28984913846,2260.344208761607,13167380.736616602,10292403.848168086,106173083.16941524,108049998.06868887,108931464.52421403,1596858.768907832,1625199.9387793634,1639747.4515849259,88555.0918666666
26.44925183333333,-1770.3365893777775,-2212.920736722222,-66.93333333333334,0.0,-66.93333333333334,-83.66666666666667,-3.253588870544277e-09,6151.266666666666,6168.0,0.0,24.94584261245164,24.94584261245164,24.94584261245164,137939.72261492565,138357.14971464066,136270.01421606552,2071.757490781139,2078.024837026373,2046.6881058002034,13167380.736616602,10292403.848168086,106173083.16941524,108049998.06868887,108931464.52421403,1596858.768907832,1625199.9387793634,1639747.4515849259,88555.0918666666
24.6376865,-2752.850838266667,-3441.0635478333334,-111.73333333333332,0.0,-111.73333333333332,-139.66666666666666,-3.253588870544277e-09,5693.233333333334,5721.166666666667,0.0,24.94584261245164,24.94584261245164,24.94584261245164,126513.69517033572,127210.5157073102,123726.41302243777,1900.2044932597064,1910.666716673065,1858.3555996062719,13167380.736616602,10292403.848168086,106173083.16941524,108049998.06868887,108931464.52421403,1596858.768907832,1625199.9387793634,1639747.4515849259,88555.0918666666
23.939508250000003,-2085.929152183334,-2607.411440229167,-87.13333333333334,0.0,-87.13333333333334,-108.91666666666669,-3.253588870544277e-09,5388.049999999999,5409.833333333333,0.0,24.94584261245164,24.94584261245164,24.94584261245164,118900.639769059,119444.04337396691,116727.02534942738,1785.9003328050462,1794.0591192019795,1753.2651872173144,13167380.736616602,10292403.848168086,106173083.16941524,108049998.06868887,108931464.52421403,1596858.768907832,1625199.9387793634,1639747.4515849259,88555.0918666666
23.95007216666667,-3697.8911425333336,-4622.363928166667,-154.4,0.0,-154.4,-193.0,-3.253588870544277e-09,5485.816666666667,5524.416666666667,0.0,24.94584261245164,24.94584261245164,24.94584261245164,121339.51164846969,122302.42117331034,117487.87354910717,1822.5181147518017,1836.97545927766,1764.6887366483686,13167380.736616602,10292403.848168086,106173083.16941524,108049998.06868887,108931464.52421403,1596858.768907832,1625199.9387793634,1639747.4515849259,88555.0918666666
22.31098666666667,2448.258936888889,3060.3236711111117,109.73333333333332,0.0,109.73333333333332,137.16666666666666,-3.253588870544277e-09,5238.266666666666,5218.833333333333,8.0,24.94584261245164,24.94584261245164,24.94584261245164,115164.1683097573,114679.38743498865,118101.12551332994,1729.800093058117,1722.5214817812816,1773.8962423373325,13167380.736616602,10292403.848168086,106173083.16941524,108049998.06868887,108931464.52421403,1596858.768907832,1625199.9387793634,1639747.4515849259,88555.0918666666
16.078853499999997,-14099.010672366663,-5564.623215458332,-876.8666666666667,-600.0,-276.8666666666667,-346.0833333333333,0.0518181785645929,6128.616666666667,5635.833333333333,38.0,24.94584261245164,24.94584261245164,24.94584261245164,137374.6992797536,125081.80380438098,116448.46344025501,2063.2741007938157,1878.705747773067,1749.0827948026665,13167380.736616602,10292403.848168086,106173083.16941524,108049998.06868887,108931464.52421403,1596858.768907832,1625199.9387793634,1639747.4515849259,88555.0918666666
3.748098666666666,-5334.294022399999,-3856.7935279999992,-1423.2,-600.0,-823.2,-1029.0,0.1036363603827747,5604.366666666667,5345.166666666667,135.0,24.94584261245164,24.94584261245164,24.83747374101413,124296.84129017584,117830.87888502839,92182.91521308591,1866.920140491193,1769.8386974574503,1384.7170579591386,13167380.736616602,10292403.848168086,106173083.16941524,108049998.06868887,108931464.52421403,1596858.768907832,1625199.9387793634,1639747.4515849259,88555.0918666666
-1.7984720833333332,3374.892813444444,2869.7619543055557,-1876.5333333333333,-600.0,-1276.5333333333335,-1595.6666666666667,0.1554545422009565,5162.25,5162.25,280.8666666666668,24.94584261245164,24.94584261245164,24.09849645390071,113267.86850716743,113267.86850716743,73631.78074945563,1701.3286127548183,1701.3286127548183,1107.9674936412905,13167380.736616602,10292403.848168086,106173083.16941524,108049998.06868887,108931464.52421403,1596858.768907832,1625199.9387793634,1639747.4515849259,88555.0918666666
-8.18829625,15505.357779000002,13240.47503625,-1893.6,-600.0,-1293.6,-1617.0,0.2072727240191384,4796.0,4796.0,276.60000000000014,24.9300756001746,24.9300756001746,23.73661360437842,104136.41474559263,104136.41474559263,64419.32624259625,1564.1235650645924,1564.1235650645924,976.1443709998591,13167380.736616602,10292403.848168086,106173083.16941524,108049998.06868887,108931464.52421403,1596858.768907832,1625199.9387793634,1639747.4515849259,88555.0918666666
-7.552761333333333,15023.449326844446,13114.740658555556,-1989.1333333333332,-600.0,-1389.1333333333334,-1736.4166666666667,0.2590909058373202,5353.833333333333,5353.833333333333,252.7166666666667,24.94584261245164,24.94584261245164,24.36879342330217,118047.07618766962,118047.07618766962,74866.8978333368,1773.084733361356,1773.084733361356,1125.8652768433674,13167380.736616602,10292403.848168086,106173083.16941524,108049998.06868887,108931464.52421403,1596858.768907832,1625199.9387793634,1639747.4515849259,88555.0918666666
-6.581950916666667,14420.176864961111,13088.75789370139,-2190.866666666667,-600.0,-1590.8666666666668,-1988.5833333333333,0.310909087655502,5580.083333333333,5580.083333333333,202.28333333333356,24.94584261245164,24.94584261245164,24.36879342330217,123691.0730787368,123691.0730787368,74235.33993711624,1857.8249975835179,1857.8249975835179,1116.327683820151,13167380.736616602,10292403.848168086,106173083.16941524,108049998.06868887,108931464.52421403,1596858.768907832,1625199.9387793634,1639747.4515849259,88555.0918666666
-12.224727,22795.040946000005,19325.2559325,-1864.6666666666667,-600.0,-1264.6666666666667,-1580.8333333333333,0.3627272694736838,5185.833333333333,5185.833333333333,283.8333333333335,24.94584261245164,24.94584261245164,24.36879342330217,113856.17462877774,113856.17462877774,74564.31864833082,1710.1615758394855,1710.1615758394855,1121.2958190926945,13167380.736616602,10292403.848168086,106173083.16941524,108049998.06868887,108931464.52421403,1596858.768907832,1625199.9387793634,1639747.4515849259,88555.0918666666
-10.3198235,11267.871285533334,6344.971481916668,-1091.8666666666668,-600.0,-491.86666666666673,-614.8333333333334,0.4145454512918656,4411.083333333333,4411.083333333333,477.0333333333334,24.9300756001746,24.9300756001746,24.83747374101413,94540.41314582541,94540.41314582541,79269.49865723697,1419.9070781585106,1419.9070781585106,1191.9615753832522,13167380.736616602,10292403.848168086,106173083.16941524,108049998.06868887,108931464.52421403,1596858.768907832,1625199.9387793634,1639747.4515849259,88555.0918666666
-4.851825166666667,4783.576159322222,2340.601324152778,-985.9333333333334,-600.0,-385.9333333333334,-482.4166666666667,0.4663636331100474,4300.833333333333,4300.833333333333,503.5166666666667,24.83747374101413,24.83747374101413,24.83747374101413,91802.07394905701,91802.07394905701,79820.06265849611,1379.0323314334191,1379.0323314334191,1200.1797126432598,13167380.736616602,10292403.848168086,106173083.16941524,108049998.06868887,108931464.52421403,1596858.768907832,1625199.9387793634,1639747.4515849259,88555.0918666666
12.856001166666664,-4260.478786633332,4316.402391708333,-331.4,-600.0,268.6,335.75,0.5181818149282293,4198.75,4198.75,667.15,24.83747374101413,24.83747374101413,24.9300756001746,89266.58183799515,89266.58183799515,97617.19997614698,1341.1856466833856,1341.1856466833856,1466.14752351636,13167380.736616602,10292403.848168086,106173083.16941524,108049998.06868887,108931464.52421403,1596858.768907832,1625199.9387793634,1639747.4515849259,88555.0918666666
15.0826395,-11880.0923795,-3538.135849375,-787.6666666666667,-600.0,-187.66666666666669,-234.58333333333331,0.5699999967464111,4830.583333333333,4759.5,482.0,24.9300756001746,24.9300756001746,24.9300756001746,104998.57986009866,103226.46698618625,97378.28675164531,1577.080880948122,1550.448132879084,1462.5569420064664,13167380.736616602,10292403.848168086,106173083.16941524,108049998.06868887,108931464.52421403,1596858.768907832,1625199.9387793634,1639747.4515849259,88555.0918666666
14.276226083333333,-6257.745766527776,2884.9873543402778,-438.3333333333333,-600.0,161.66666666666669,202.08333333333331,0.6218181785645929,5852.416666666667,5372.0,160.0,24.94584261245164,24.94584261245164,24.94584261245164,130484.65755019448,118500.25899512916,123541.3980230621,1959.8254334870264,1779.888924006082,1855.5777419577366,13167380.736616602,10292403.848168086,106173083.16941524,108049998.06868887,108931464.52421403,1596858.768907832,1625199.9387793634,1639747.4515849259,88555.0918666666
21.445402583333333,-5445.702562661112,9276.92373417361,-253.9333333333333,-600.0,346.06666666666666,432.5833333333333,0.6736363603827746,6754.599999999999,6094.083333333333,26.0,25.2478697421981,24.94584261245164,25.2478697421981,153132.3518808912,136513.23618153695,147377.52077098616,2301.0995569952843,2050.3398961920975,2214.0240777820727,13167380.736616602,10292403.848168086,106173083.16941524,108049998.06868887,108931464.52421403,1596858.768907832,1625199.9387793634,1639747.4515849259,88555.0918666666
31.019262916666676,76297.04702069447,65127.52743211807,2459.666666666667,780.0,1679.666666666667,2099.583333333333,0.5989952120574158,7058.166666666666,7418.25,0.0,25.39384615384616,25.39384615384616,25.88297382225814,160806.07651593245,169949.97728516322,223748.17744841723,2416.969895614379,2554.5251161242686,3369.8710883968606,13167380.736616602,10292403.848168086,106173083.16941524,108049998.06868887,108931464.52421403,1596858.768907832,1625199.9387793634,1639747.4515849259,88555.0918666666
33.83636408333333,101114.33466902775,93402.4633550347,2988.333333333333,780.0,2208.333333333333,2760.4166666666665,0.524354063732057,7686.166666666666,7914.083333333333,0.0,25.39384615384616,25.40459672695093,26.06238651883058,176753.41190054783,182543.50276909248,253777.5786604018,2656.8718029882566,2744.4724919300147,3830.822455352848,13167380.736616602,10292403.848168086,106173083.16941524,108049998.06868887,108931464.52421403,1596858.768907832,1625199.9387793634,1639747.4515849259,88555.0918666666
33.79804216666667,89697.75070752222,79169.09727190278,2653.9333333333334,780.0,1873.9333333333332,2342.4166666666665,0.4497129154066981,7708.4,8019.916666666667,0.0,25.40459672695093,25.40459672695093,26.06238651883058,177318.20063230413,185232.1559226948,245641.7703354402,2665.4092432964167,2785.1540921912056,3704.281294342995,13167380.736616602,10292403.848168086,106173083.16941524,108049998.06868887,108931464.52421403,1596858.768907832,1625199.9387793634,1639747.4515849259,88555.0918666666
32.36453725,54055.25011495,36013.638824937494,1670.2,780.0,890.2,1112.75,0.3750717670813392,6558.05,7115.5,0.0,25.2478697421981,25.39384615384616,25.40459672695093,148169.88308306216,162261.9903620863,190524.78024080957,2226.0131920960885,2438.8717682621004,2865.235982469139,13167380.736616602,10292403.848168086,106173083.16941524,108049998.06868887,108931464.52421403,1596858.768907832,1625199.9387793634,1639747.4515849259,88555.0918666666
27.07695108333333,21876.371345261112,945.4368753263888,807.9333333333333,780.0,27.933333333333334,34.916666666666664,0.3004306187559804,5887.150000000001,6660.166666666667,0.0,24.94584261245164,25.2478697421981,25.2478697421981,131351.10981693363,150748.11138156962,151629.6828334014,1972.8345466096036,2265.023974571911,2278.3628988883543,13167380.736616602,10292403.848168086,106173083.16941524,108049998.06868887,108931464.52421403,1596858.768907832,1625199.9387793634,1639747.4515849259,88555.0918666666
28.582791166666663,13576.825804166669,-10897.189132291664,475.0,780.0,-305.0,-381.25,0.2257894704306215,5661.25,6517.5,0.0,24.94584261245164,25.2478697421981,24.94584261245164,125715.8439707808,147146.08196501603,137565.11921169533,1888.2253722989453,2210.5222122097366,2066.133109339948,13167380.736616602,10292403.848168086,106173083.16941524,108049998.06868887,108931464.52421403,1596858.768907832,1625199.9387793634,1639747.4515849259,88555.0918666666
26.455133083333333,11262.831991344445,-11715.214767069445,425.73333333333335,780.0,-354.26666666666665,-442.8333333333333,0.1511483221052627,5197.683333333333,6066.25,0.0,24.94584261245164,24.94584261245164,24.94584261245164,114151.78286373531,135818.91022882372,124772.05959194305,1714.5999057004033,2039.9151270391687,1874.0551771030482,13167380.736616602,10292403.848168086,106173083.16941524,108049998.06868887,108931464.52421403,1596858.768907832,1625199.9387793634,1639747.4515849259,88555.0918666666
25.03633275,-10553.64879855,-13192.0609981875,-421.5333333333333,0.0,-421.5333333333333,-526.9166666666666,0.1511483221052627,5405.866666666667,5511.25,0.0,24.94584261245164,24.94584261245164,24.9300756001746,119345.0915316042,121973.96757891306,108831.5789836255,1792.5734335382688,1832.0439816544183,1634.6862973459831,13167380.736616602,10292403.848168086,106173083.16941524,108049998.06868887,108931464.52421403,1596858.768907832,1625199.9387793634,1639747.4515849259,88555.0918666666
25.51622383333334,-4839.577120388891,-6049.4714004861125,-189.66666666666669,0.0,-189.66666666666669,-237.08333333333331,0.1511483221052627,5621.666666666666,5669.083333333333,0.0,24.94584261245164,24.94584261245164,24.94584261245164,124728.40436737124,125911.253071245,119997.00955187625,1873.3997275455283,1891.1592893659372,1802.361480263893,13167380.736616602,10292403.848168086,106173083.16941524,108049998.06868887,108931464.52421403,1596858.768907832,1625199.9387793634,1639747.4515849259,88555.0918666666
26.207817500000004,-688.3920063333335,-860.4900079166669,-26.26666666666667,0.0,-26.26666666666667,-32.833333333333336,0.1511483221052627,5704.016666666666,5710.583333333333,0.0,24.94584261245164,24.94584261245164,24.94584261245164,126782.69450650664,126946.50553966174,126127.45037388625,1904.2433110093739,1906.7028074442565,1894.4053252698434,13167380.736616602,10292403.848168086,106173083.16941524,108049998.06868887,108931464.52421403,1596858.768907832,1625199.9387793634,1639747.4515849259,88555.0918666666
29.74399733333333,33410.44073795555,12762.65352244444,1123.2666666666669,780.0,343.26666666666665,429.0833333333333,0.0765071737799038,5875.316666666667,6569.5,0.0,24.94584261245164,25.2478697421981,25.32141453159451,131055.9173460196,148458.97119161033,159293.1572441336,1968.402459125424,2230.3873405473514,2394.2437715786896,13167380.736616602,10292403.848168086,106173083.16941524,108049998.06868887,108931464.52421403,1596858.768907832,1625199.9387793634,1639747.4515849259,88555.0918666666
31.153607,35662.572386466665,14203.448658083333,1144.7333333333331,780.0,364.73333333333335,455.9166666666667,0.001866025454545,6405.85,7094.666666666667,0.0,25.2478697421981,25.39384615384616,25.39384615384616,144327.15730829962,161732.95190054784,173310.42959285557,2167.8694895386852,2430.9132389569695,2605.077694270463,13167380.736616602,10292403.848168086,106173083.16941524,108049998.06868887,108931464.52421403,1596858.768907832,1625199.9387793634,1639747.4515849259,88555.0918666666
22.865239666666668,-19798.248852711116,-7598.881315888889,-865.8666666666667,-600.0,-265.8666666666667,-332.3333333333333,0.0536842072727268,6971.450000000001,6459.916666666667,22.0,25.2478697421981,25.2478697421981,24.94584261245164,158607.35243448688,145692.22546569447,137348.9219090541,2383.9409623801266,2188.5241293871536,2062.8870734360426,13167380.736616602,10292403.848168086,106173083.16941524,108049998.06868887,108931464.52421403,1596858.768907832,1625199.9387793634,1639747.4515849259,88555.0918666666
19.069976166666667,-18317.34777395556,-8594.202592444444,-960.5333333333332,-600.0,-360.53333333333336,-450.6666666666667,0.1055023890909086,5394.7,5291.833333333333,407.0,24.94584261245164,24.94584261245164,24.9300756001746,119066.52962243182,116500.43394569762,105262.4231602005,1788.3910411236207,1749.8630918949514,1581.046131832961,13167380.736616602,10292403.848168086,106173083.16941524,108049998.06868887,108931464.52421403,1596858.768907832,1625199.9387793634,1639747.4515849259,88555.0918666666
10.076733583333334,-11989.96939968889,-7429.911562111112,-1189.8666666666668,-600.0,-589.8666666666667,-737.3333333333334,0.1573205709090905,5341.916666666667,5341.916666666667,452.5333333333334,24.94584261245164,24.94584261245164,24.9300756001746,117749.80489653791,117749.80489653791,99364.38277445923,1768.6214339934854,1768.6214339934854,1492.4056022104533,13167380.736616602,10292403.848168086,106173083.16941524,108049998.06868887,108931464.52421403,1596858.768907832,1625199.9387793634,1639747.4515849259,88555.0918666666
5.563482583333332,-7674.267875449999,-5420.222906812499,-1379.4,-600.0,-779.4000000000001,-974.25,0.2091387527272723,6103.166666666667,6103.166666666667,405.1500000000001,24.94584261245164,24.94584261245164,24.94584261245164,136739.82758526673,136739.82758526673,112436.34042008572,2053.741991514461,2053.741991514461,1688.8438592782568,13167380.736616602,10292403.848168086,106173083.16941524,108049998.06868887,108931464.52421403,1596858.768907832,1625199.9387793634,1639747.4515849259,88555.0918666666
3.60265825,-4783.129269916666,-3276.917899895833,-1327.6666666666667,-600.0,-727.6666666666667,-909.5833333333334,0.2609569345454541,6468.333333333333,6468.333333333333,418.08333333333337,25.2478697421981,25.2478697421981,24.94584261245164,145904.72836935794,145904.72836935794,123158.8951030045,2191.7394786853893,2191.7394786853893,1849.8347553585186,13167380.736616602,10292403.848168086,106173083.16941524,108049998.06868887,108931464.52421403,1596858.768907832,1625199.9387793634,1639747.4515849259,88555.0918666666
12.7638465,-18800.2949714,-13927.48383925,-1472.9333333333334,-600.0,-872.9333333333334,-1091.1666666666667,0.3127751163636359,6541.849999999999,6261.083333333333,101.0,25.2478697421981,24.94584261245164,24.94584261245164,147760.86759323854,140679.19189781637,113459.11996719621,2219.8244405755236,2112.888511109671,1704.2001060544274,13167380.736616602,10292403.848168086,106173083.16941524,108049998.06868887,108931464.52421403,1596858.768907832,1625199.9387793634,1639747.4515849259,88555.0918666666
12.990028833333334,-16152.667853288893,-10448.313191611112,-1243.4666666666667,-600.0,-643.4666666666667,-804.3333333333334,0.3645932981818177,6009.883333333333,5694.75,124.0,24.94584261245164,24.94584261245164,24.9300756001746,134412.79623356852,126551.52969829793,106490.22938350913,2018.8034089103032,1900.77254954289,1599.4985985490243,13167380.736616602,10292403.848168086,106173083.16941524,108049998.06868887,108931464.52421403,1596858.768907832,1625199.9387793634,1639747.4515849259,88555.0918666666
9.87014275,-7773.066420383335,-2313.725962979167,-787.5333333333333,-600.0,-187.53333333333333,-234.41666666666663,0.4164114799999995,5498.7,5082.583333333333,137.0,24.94584261245164,24.9300756001746,24.9300756001746,121660.89725412679,111280.95891134266,105436.93368940172,1827.3434719704928,1671.4975634343725,1583.6688174575793,13167380.736616602,10292403.848168086,106173083.16941524,108049998.06868887,108931464.52421403,1596858.768907832,1625199.9387793634,1639747.4515849259,88555.0918666666
2.0710944166666665,-1460.8119285555554,-272.6940981944444,-705.3333333333334,-600.0,-105.33333333333331,-131.66666666666666,0.4682296618181814,5498.583333333334,5220.916666666667,296.0,24.94584261245164,24.94584261245164,24.9300756001746,121657.986905822,114731.35794043126,111447.15941534383,1827.299775333325,1723.301778873567,1673.9953592673423,13167380.736616602,10292403.848168086,106173083.16941524,108049998.06868887,108931464.52421403,1596858.768907832,1625199.9387793634,1639747.4515849259,88555.0918666666
-1.7846397500000002,985.0021660166668,-107.22710497916668,-551.9333333333333,-600.0,48.06666666666667,60.083333333333336,0.5200478436363631,5743.0,5743.0,612.0166666666667,24.94584261245164,24.94584261245164,24.94584261245164,127755.16660434872,127755.16660434872,129253.99598131352,1918.8442302002127,1918.8442302002127,1941.3479983417149,13167380.736616602,10292403.848168086,106173083.16941524,108049998.06868887,108931464.52421403,1596858.768907832,1625199.9387793634,1639747.4515849259,88555.0918666666
5.191910583333333,-2555.4583891166662,699.6099511041666,-492.2,-600.0,107.8,134.75,0.5718660254545449,6810.0,6810.0,626.95,25.2478697421981,25.2478697421981,25.2478697421981,154531.08386460898,154531.08386460898,157933.23431237016,2322.26355910882,2322.26355910882,2373.7409830221586,13167380.736616602,10292403.848168086,106173083.16941524,108049998.06868887,108931464.52421403,1596858.768907832,1625199.9387793634,1639747.4515849259,88555.0918666666
26.587178833333336,10634.871533333337,13293.589416666668,400.0,0.0,400.0,500.0,0.5718660254545449,7803.166666666667,7803.166666666667,100.0,25.40459672695093,25.40459672695093,25.40459672695093,179725.70958212818,179725.70958212818,192428.0079456037,2701.8368935460435,2701.8368935460435,2894.0334302130846,13167380.736616602,10292403.848168086,106173083.16941524,108049998.06868887,108931464.52421403,1596858.768907832,1625199.9387793634,1639747.4515849259,88555.0918666666
43.069778500000005,110830.02535476668,96544.49765595834,2573.266666666667,780.0,1793.2666666666669,2241.583333333333,0.497224877129186,9317.233333333334,9648.916666666666,0.0,25.88297382225814,25.90715906314357,26.50874699148197,218556.0528996723,227142.92415849783,285718.3865631192,3291.3098122768615,3421.43136096344,4319.361418059688,13167380.736616602,10292403.848168086,106173083.16941524,108049998.06868887,108931464.52421403,1596858.768907832,1625199.9387793634,1639747.4515849259,88555.0918666666
43.48540233333333,130334.44787346668,120519.79256683332,2997.2000000000003,780.0,2217.2000000000003,2771.5,0.4225837288038272,9989.3,10215.0,0.0,25.90715906314357,25.90715906314357,28.26067979057965,235961.2893176075,241808.53511815902,315250.75573588733,3556.017251918005,3645.257918583369,4772.57281354728,13167380.736616602,10292403.848168086,106173083.16941524,108049998.06868887,108931464.52421403,1596858.768907832,1625199.9387793634,1639747.4515849259,88555.0918666666
34.96948541666667,77177.65431458334,62376.819611979176,2207.0,780.0,1427.0,1783.75,0.3479425804784684,9854.08333333333,10277.33333333333,0.0,25.90715906314357,26.06238651883058,26.50874699148197,232458.20962628606,243426.46748133952,290240.336987416,3502.5532489157818,3669.825345536253,4390.155362347548,13167380.736616602,10292403.848168086,106173083.16941524,108049998.06868887,108931464.52421403,1596858.768907832,1625199.9387793634,1639747.4515849259,88555.0918666666
31.219649,40568.89322053333,20271.95875066667,1299.4666666666667,780.0,519.4666666666667,649.3333333333334,0.2733014321531095,7729.283333333333,8379.416666666666,0.0,25.40459672695093,25.40459672695093,25.88297382225814,177848.73329395195,194365.10844603364,211089.24633484785,2673.4366519778764,2923.3434020548075,3178.3306557164537,13167380.736616602,10292403.848168086,106173083.16941524,108049998.06868887,108931464.52421403,1596858.768907832,1625199.9387793634,1639747.4515849259,88555.0918666666
27.991397,16559.710465199994,-6591.973993499999,591.6,780.0,-188.4,-235.5,0.1986602838277507,6619.816666666667,7446.916666666667,0.0,25.2478697421981,25.39384615384616,25.39384615384616,149729.35983747191,170677.93420824016,164697.6834390094,2249.6093990253194,2565.4760524481294,2475.512837182925,13167380.736616602,10292403.848168086,106173083.16941524,108049998.06868887,108931464.52421403,1596858.768907832,1625199.9387793634,1639747.4515849259,88555.0918666666
30.491886333333337,22356.651059600004,-1783.7753505000005,733.2,780.0,-46.8,-58.5,0.1240191355023918,5408.216666666667,6199.916666666667,0.0,24.94584261245164,24.94584261245164,24.94584261245164,119403.71426174346,139153.33785802143,137694.006065193,1793.4536086583666,2089.9789884801808,2068.068246128815,13167380.736616602,10292403.848168086,106173083.16941524,108049998.06868887,108931464.52421403,1596858.768907832,1625199.9387793634,1639747.4515849259,88555.0918666666
28.1786095,-1360.087551866667,-1700.1094398333332,-48.26666666666667,0.0,-48.26666666666667,-60.333333333333336,0.1240191355023918,4855.516666666666,4867.583333333333,0.0,24.9300756001746,24.9300756001746,24.9300756001746,105620.16974506302,105920.99265730512,104416.87809609459,1586.4226373634283,1590.9436478211032,1568.3385955327285,13167380.736616602,10292403.848168086,106173083.16941524,108049998.06868887,108931464.52421403,1596858.768907832,1625199.9387793634,1639747.4515849259,88555.0918666666
26.009514750000005,-3670.80951505,-4588.511893812501,-141.13333333333333,0.0,-141.13333333333333,-176.41666666666666,0.1240191355023918,4630.549999999999,4665.833333333333,0.0,24.9300756001746,24.9300756001746,24.9300756001746,100011.73373754372,100891.34990496989,96493.26906783908,1502.1345169798692,1515.354101425861,1449.256179195903,13167380.736616602,10292403.848168086,106173083.16941524,108049998.06868887,108931464.52421403,1596858.768907832,1625199.9387793634,1639747.4515849259,88555.0918666666
25.863960916666667,-11995.380911506512,-5537.042966243056,-463.78746666666666,-292.5208,-171.26666666666668,-214.08333333333331,0.1492822955023918,4792.620800000001,4549.916666666667,7.0,24.9300756001746,24.9300756001746,24.83747374101413,104052.17103412453,98001.53864164968,92671.38552999253,1562.857482312777,1471.9236763801025,1392.008337633431,13167380.736616602,10292403.848168086,106173083.16941524,108049998.06868887,108931464.52421403,1596858.768907832,1625199.9387793634,1639747.4515849259,88555.0918666666
28.64356833333333,1789.2682352222223,2236.5852940277778,62.46666666666667,0.0,62.46666666666667,78.08333333333333,0.1492822955023918,4381.7,4374.083333333333,8.0,24.83747374101413,24.83747374101413,24.9300756001746,93810.5976589137,93621.4189005863,95564.62375173258,1409.0130848060173,1406.1892586948718,1435.2997449791853,13167380.736616602,10292403.848168086,106173083.16941524,108049998.06868887,108931464.52421403,1596858.768907832,1625199.9387793634,1639747.4515849259,88555.0918666666
34.303202166666665,47093.72281454444,25421.531405680555,1372.8666666666668,780.0,592.8666666666667,741.0833333333334,0.0746411471770329,4133.883333333333,4765.666666666667,0.0,24.83747374101413,24.9300756001746,24.94584261245164,87655.4577079947,103380.20245238734,121861.71128715703,1317.136781859364,1552.7585940245808,1830.3585399350825,13167380.736616602,10292403.848168086,106173083.16941524,108049998.06868887,108931464.52421403,1596858.768907832,1625199.9387793634,1639747.4515849259,88555.0918666666
28.643761916666666,29279.653431216662,8671.898920270833,1022.2,780.0,242.2,302.75,-1.1483258788302921e-09,4101.133333333333,4820.583333333333,0.0,24.83747374101413,24.9300756001746,24.94584261245164,86842.0304429765,104749.27910409692,112297.05946549951,1304.9949474864961,1573.3341871986677,1686.7526630709326,13167380.736616602,10292403.848168086,106173083.16941524,108049998.06868887,108931464.52421403,1596858.768907832,1625199.9387793634,1639747.4515849259,88555.0918666666
16.987555750000002,-16271.813401066667,-7599.099938833334,-957.8666666666668,-600.0,-357.8666666666667,-447.3333333333333,0.0518181806698559,4873.866666666667,4429.333333333333,66.0,24.9300756001746,24.9300756001746,24.83747374101413,106077.63663232623,94995.3870255286,83883.05940463033,1593.2978203936773,1426.7447942512647,1260.8270940018851,13167380.736616602,10292403.848168086,106173083.16941524,108049998.06868887,108931464.52421403,1596858.768907832,1625199.9387793634,1639747.4515849259,88555.0918666666
14.110972166666665,-13393.19404912222,-6158.263436402777,-949.1333333333334,-600.0,-349.1333333333334,-436.4166666666667,0.1036363624880377,4964.216666666667,4820.5,369.0,24.9300756001746,24.9300756001746,24.83747374101413,108330.068962802,104747.20159779691,93869.79363799644,1627.1491984199977,1573.3029647507556,1409.8966890377324,13167380.736616602,10292403.848168086,106173083.16941524,108049998.06868887,108931464.52421403,1596858.768907832,1625199.9387793634,1639747.4515849259,88555.0918666666
7.120547583333333,-10178.110715616667,-7382.227707020833,-1429.4,-600.0,-829.4000000000001,-1036.75,0.1554545443062195,5525.916666666667,5525.916666666667,392.6500000000001,24.94584261245164,24.94584261245164,24.9300756001746,122339.83993722902,122339.83993722902,96487.03654893907,1837.5372731841055,1837.5372731841055,1449.162511852167,13167380.736616602,10292403.848168086,106173083.16941524,108049998.06868887,108931464.52421403,1596858.768907832,1625199.9387793634,1639747.4515849259,88555.0918666666
8.342152583333334,-15193.840571777782,-12735.686277222225,-1821.3333333333333,-600.0,-1221.3333333333337,-1526.6666666666667,0.2072727261244014,5831.416666666667,5831.416666666667,294.66666666666674,24.94584261245164,24.94584261245164,24.83747374101413,129960.79485533299,129960.79485533299,91899.35405454267,1951.9600387967926,1951.9600387967926,1380.4844083177063,13167380.736616602,10292403.848168086,106173083.16941524,108049998.06868887,108931464.52421403,1596858.768907832,1625199.9387793634,1639747.4515849259,88555.0918666666
6.243674250000001,-13175.401402350002,-11786.4960654375,-2110.2,-600.0,-1510.2,-1887.75,0.2590909079425832,6268.833333333333,6268.833333333333,222.44999999999985,24.94584261245164,24.94584261245164,24.83747374101413,140872.52217806288,140872.52217806288,93795.2812167734,2115.791216292972,2115.791216292972,1408.7844599348741,13167380.736616602,10292403.848168086,106173083.16941524,108049998.06868887,108931464.52421403,1596858.768907832,1625199.9387793634,1639747.4515849259,88555.0918666666
0.9503203333333332,-2213.042637577777,-2053.5630469722214,-2328.7333333333336,-600.0,-1728.7333333333331,-2160.9166666666665,0.310909089760765,6496.166666666667,6496.166666666667,167.81666666666706,25.2478697421981,25.2478697421981,24.83747374101413,146607.46074384914,146607.46074384914,92656.8970036436,2202.372415968664,2202.372415968664,1391.7920708634306,13167380.736616602,10292403.848168086,106173083.16941524,108049998.06868887,108931464.52421403,1596858.768907832,1625199.9387793634,1639747.4515849259,88555.0918666666
1.4993410833333334,-3200.6933886277784,-2876.3609232847225,-2134.7333333333336,-600.0,-1534.7333333333336,-1918.4166666666667,0.3627272715789468,6340.75,6340.75,216.31666666666683,25.2478697421981,25.2478697421981,24.9300756001746,142683.5209880825,142683.5209880825,94820.87649632739,2142.999876946786,2142.999876946786,1424.1221086266467,13167380.736616602,10292403.848168086,106173083.16941524,108049998.06868887,108931464.52421403,1596858.768907832,1625199.9387793634,1639747.4515849259,88555.0918666666
-2.7375933333333333,3652.132012888889,2511.970016111112,-1334.0666666666666,-600.0,-734.0666666666667,-917.5833333333334,0.4145454533971286,5629.900000000001,5563.416666666667,350.0,24.94584261245164,24.94584261245164,24.9300756001746,124933.79180488046,123275.30903519595,100392.74839296643,1876.4834616542394,1851.5826208452372,1507.8607139269525,13167380.736616602,10292403.848168086,106173083.16941524,108049998.06868887,108931464.52421403,1596858.768907832,1625199.9387793634,1639747.4515849259,88555.0918666666
0.1681576666666666,-166.06130108888888,-81.4583763611111,-987.5333333333332,-600.0,-387.53333333333336,-484.4166666666667,0.4663636352153105,5623.866666666667,5383.75,263.0,24.94584261245164,24.94584261245164,24.9300756001746,124783.28522111865,118793.37264582547,106712.52255761066,1874.2237212749817,1784.28979960657,1602.839400475621,13167380.736616602,10292403.848168086,106173083.16941524,108049998.06868887,108931464.52421403,1596858.768907832,1625199.9387793634,1639747.4515849259,88555.0918666666
-0.0067248333333333,5.309480077777777,1.593225097222222,-789.5333333333333,-600.0,-189.53333333333333,-236.91666666666663,0.5181818170334923,5880.783333333334,5503.166666666667,175.0,24.94584261245164,24.94584261245164,24.94584261245164,131192.28795230103,121772.32201779574,115862.2361388624,1970.4499586955803,1829.0164289363522,1740.2810436016905,13167380.736616602,10292403.848168086,106173083.16941524,108049998.06868887,108931464.52421403,1596858.768907832,1625199.9387793634,1639747.4515849259,88555.0918666666
7.120453166666667,-3793.302750322222,598.7114370972222,-532.7333333333333,-600.0,67.26666666666667,84.08333333333333,0.5699999988516742,5754.316666666667,5236.5,99.0,24.94584261245164,24.94584261245164,24.94584261245164,128037.47038991297,115120.09732114196,117217.6269208056,1923.0828040055053,1729.1384011238592,1760.631191768486,13167380.736616602,10292403.848168086,106173083.16941524,108049998.06868887,108931464.52421403,1596858.768907832,1625199.9387793634,1639747.4515849259,88555.0918666666
24.665407916666663,26804.72096330556,9457.128485381943,1086.7333333333331,780.0,306.7333333333333,383.4166666666667,0.4953588505263153,4566.016666666666,5269.333333333333,0.0,24.9300756001746,24.94584261245164,24.94584261245164,98402.91285881247,115939.15248691745,125503.80430857497,1477.9558533167237,1741.4358832982723,1885.0417601624222,13167380.736616602,10292403.848168086,106173083.16941524,108049998.06868887,108931464.52421403,1596858.768907832,1625199.9387793634,1639747.4515849259,88555.0918666666
39.017068,104383.66258933333,92437.93693666664,2675.333333333333,780.0,1895.3333333333333,2369.1666666666665,0.4207177022009565,5959.75,6265.916666666667,0.0,24.94584261245164,24.94584261245164,25.80118739161481,133162.17799059761,140799.76347044323,200914.6690599146,2000.0263396815546,2114.698800363773,3022.9448006026855,13167380.736616602,10292403.848168086,106173083.16941524,108049998.06868887,108931464.52421403,1596858.768907832,1625199.9387793634,1639747.4515849259,88555.0918666666
42.20750008333333,134354.91426526668,126791.33025033333,3183.2000000000003,780.0,2403.2000000000003,3004.0,0.3460765538755976,6685.716666666667,6864.916666666667,0.0,25.2478697421981,25.2478697421981,25.90715906314357,151393.1944534828,155917.6127112847,232842.49915238947,2274.7846289762583,2343.2429174012696,3508.4182757458066,13167380.736616602,10292403.848168086,106173083.16941524,108049998.06868887,108931464.52421403,1596858.768907832,1625199.9387793634,1639747.4515849259,88555.0918666666
37.31870058333333,102937.41577569443,92286.03665086805,2758.333333333333,780.0,1978.3333333333333,2472.9166666666665,0.2714354055502388,6059.75,6345.166666666667,0.0,24.94584261245164,25.2478697421981,25.88297382225814,135656.76225184277,142795.03241277722,205636.56651629214,2037.4806001112393,2144.687139449821,3095.826955969296,13167380.736616602,10292403.848168086,106173083.16941524,108049998.06868887,108931464.52421403,1596858.768907832,1625199.9387793634,1639747.4515849259,88555.0918666666
30.469916666666663,48386.22766666666,30774.61583333333,1588.0,780.0,808.0,1010.0,0.1967942572248799,4964.0,5542.0,0.0,24.9300756001746,24.94584261245164,25.2478697421981,108324.66744642197,122741.05223924594,148017.13347112187,1627.0680200554261,1843.5611667365463,2223.7019608183464,13167380.736616602,10292403.848168086,106173083.16941524,108049998.06868887,108931464.52421403,1596858.768907832,1625199.9387793634,1639747.4515849259,88555.0918666666
31.32892108333333,27337.616537316662,3626.322615395833,872.6,780.0,92.6,115.75,0.1221531088995211,4659.316666666667,5416.166666666667,0.0,24.9300756001746,24.94584261245164,24.94584261245164,100728.88891230876,119602.03371051245,122489.51499290373,1512.9125059991334,1796.4312223625263,1839.7845288098865,13167380.736616602,10292403.848168086,106173083.16941524,108049998.06868887,108931464.52421403,1596858.768907832,1625199.9387793634,1639747.4515849259,88555.0918666666
31.532276833333334,27533.984130866676,3673.510251083334,873.2,780.0,93.2,116.5,0.0475119605741622,4094.8,4851.5,0.0,24.83747374101413,24.9300756001746,24.9300756001746,86684.72644261675,105520.03394140232,108424.38774882266,1302.6469082693511,1584.9177153740643,1628.5666975552078,13167380.736616602,10292403.848168086,106173083.16941524,108049998.06868887,108931464.52421403,1596858.768907832,1625199.9387793634,1639747.4515849259,88555.0918666666
25.154021416666662,7429.661974504919,-6324.140217840278,295.36676666666665,496.5001,-201.13333333333333,-251.41666666666663,-1.0717703759210996e-08,3965.716566666667,4512.5,0.0,24.83747374101413,24.9300756001746,24.83747374101413,83478.62005680014,97068.73831294313,90814.7843678517,1254.7901245192909,1457.9047972675605,1364.2952958205487,13167380.736616602,10292403.848168086,106173083.16941524,108049998.06868887,108931464.52421403,1596858.768907832,1625199.9387793634,1639747.4515849259,88555.0918666666
17.044587416666662,-1861.2689459,-2326.586182374999,-109.2,0.0,-109.2,-136.5,-1.0717703759210996e-08,3783.95,3811.25,0.0,24.83747374101413,24.83747374101413,24.41740158644135,78963.9977302225,79642.06076335219,76265.27420654173,1187.401436061534,1197.5227208975432,1146.874954430998,13167380.736616602,10292403.848168086,106173083.16941524,108049998.06868887,108931464.52421403,1596858.768907832,1625199.9387793634,1639747.4515849259,88555.0918666666
15.349073333333331,-5871.520418154888,-2269.1046744444443,-382.5325666666666,-264.2659,-118.26666666666668,-147.83333333333334,0.0228229533732053,3971.8659,3740.166666666667,3.0,24.83747374101413,24.83747374101413,24.36879342330217,83631.35396199152,77876.53033826177,74255.647264969,1257.069947018127,1171.169070210377,1116.6343588369746,13167380.736616602,10292403.848168086,106173083.16941524,108049998.06868887,108931464.52421403,1596858.768907832,1625199.9387793634,1639747.4515849259,88555.0918666666
15.372269416666668,-11447.216625611112,-2779.818719513889,-744.6666666666667,-600.0,-144.66666666666669,-180.83333333333331,0.0746411351913871,4044.0833333333335,3483.25,3.0,24.83747374101413,23.73661360437842,23.73661360437842,85425.05256605164,71641.19093172839,67348.81997160328,1283.8440573804774,1080.3642139092258,1018.4203467185039,13167380.736616602,10292403.848168086,106173083.16941524,108049998.06868887,108931464.52421403,1596858.768907832,1625199.9387793634,1639747.4515849259,88555.0918666666
18.2402385,15949.2645444,2152.348143,874.4,780.0,94.4,118.0,-1.3133971701884128e-08,2613.516666666667,3369.916666666667,0.0,23.08316689166111,23.73661360437842,23.73661360437842,51173.12479357989,68951.04138989883,71751.9617952155,778.9816712069709,1041.5422510615845,1081.9627653205994,13167380.736616602,10292403.848168086,106173083.16941524,108049998.06868887,108931464.52421403,1596858.768907832,1625199.9387793634,1639747.4515849259,88555.0918666666
14.3008845,-7260.082364500001,1650.560419375,-507.6666666666666,-600.0,92.33333333333334,115.41666666666669,0.0518181686842101,4348.333333333333,3742.25,17.0,24.83747374101413,24.83747374101413,24.83747374101413,92981.85395175518,77928.2750752222,80794.93350283091,1396.6426255620063,1171.941451531806,1214.731376738987,13167380.736616602,10292403.848168086,106173083.16941524,108049998.06868887,108931464.52421403,1596858.768907832,1625199.9387793634,1639747.4515849259,88555.0918666666
2.7162038333333336,-2977.683722355556,-1684.9517779444448,-1096.2666666666669,-600.0,-496.2666666666667,-620.3333333333334,0.1036363505023919,4886.6,4533.666666666667,123.0,24.9300756001746,24.9300756001746,24.83747374101413,106395.07959496845,97596.42491314684,82177.55287441405,1598.0686104346491,1465.835299037239,1235.369405647577,13167380.736616602,10292403.848168086,106173083.16941524,108049998.06868887,108931464.52421403,1596858.768907832,1625199.9387793634,1639747.4515849259,88555.0918666666
-2.217217833333333,3126.129330477778,2244.748288097222,-1409.9333333333334,-600.0,-809.9333333333334,-1012.4166666666666,0.1554545323205737,5249.583333333333,5249.583333333333,397.5166666666668,24.94584261245164,24.94584261245164,24.83747374101413,115446.47209532153,115446.47209532153,90220.75478754577,1734.0386668634096,1734.0386668634096,1355.428358250541,13167380.736616602,10292403.848168086,106173083.16941524,108049998.06868887,108931464.52421403,1596858.768907832,1625199.9387793634,1639747.4515849259,88555.0918666666
-4.805969916666667,7113.796670650001,5287.768400812501,-1480.2,-600.0,-880.2,-1100.25,0.2072727141387556,5384.083333333333,5384.083333333333,379.9500000000001,24.94584261245164,24.94584261245164,24.83747374101413,118801.68792669628,118801.68792669628,91379.83689545977,1784.4146471413355,1784.4146471413355,1372.7296998505562,13167380.736616602,10292403.848168086,106173083.16941524,108049998.06868887,108931464.52421403,1596858.768907832,1625199.9387793634,1639747.4515849259,88555.0918666666
-0.2270383333333333,304.2162307777778,209.99153847222223,-1339.9333333333334,-600.0,-739.9333333333334,-924.9166666666666,0.2590908959569374,5177.5,5177.5,415.0166666666668,24.94584261245164,24.94584261245164,24.83747374101413,113648.29260700732,113648.29260700732,90603.66584105308,1707.0403874703452,1707.0403874703452,1361.1439800291173,13167380.736616602,10292403.848168086,106173083.16941524,108049998.06868887,108931464.52421403,1596858.768907832,1625199.9387793634,1639747.4515849259,88555.0918666666
-0.0010399166666666,1.6075031833333333,1.2294414791666666,-1545.8000000000002,-600.0,-945.8,-1182.25,0.3109090777751192,5486.25,5486.25,363.5500000000002,24.94584261245164,24.94584261245164,24.83747374101413,121350.32151360177,121350.32151360177,91880.72594923689,1822.680416546997,1822.680416546997,1380.2063510419916,13167380.736616602,10292403.848168086,106173083.16941524,108049998.06868887,108931464.52421403,1596858.768907832,1625199.9387793634,1639747.4515849259,88555.0918666666
-0.0019759166666666,2.6519436222222224,1.8329920277777776,-1342.1333333333332,-600.0,-742.1333333333333,-927.6666666666666,0.362727259593301,5003.883333333333,4960.416666666667,371.0,24.9300756001746,24.9300756001746,24.83747374101413,109318.96196160892,108235.33467552134,85143.56119698682,1642.0110836261665,1625.725454795205,1279.6423029919022,13167380.736616602,10292403.848168086,106173083.16941524,108049998.06868887,108931464.52421403,1596858.768907832,1625199.9387793634,1639747.4515849259,88555.0918666666
-0.0010412499999999,1.3312728333333332,0.8831535416666665,-1278.5333333333333,-600.0,-678.5333333333333,-848.1666666666666,0.4145454414114828,5048.533333333334,4920.166666666667,302.0,24.9300756001746,24.9300756001746,24.83747374101413,110432.08983715673,107231.89913261432,86118.43204132163,1658.7400712174806,1610.6450124536511,1294.1939670876295,13167380.736616602,10292403.848168086,106173083.16941524,108049998.06868887,108931464.52421403,1596858.768907832,1625199.9387793634,1639747.4515849259,88555.0918666666
-1.5347124166666666,1579.3213909111112,823.1174261388888,-1029.0666666666666,-600.0,-429.0666666666667,-536.3333333333334,0.4663636232296647,5370.066666666667,5244.333333333333,367.0,24.94584261245164,24.94584261245164,24.9300756001746,118452.03036607843,115315.50642160616,101942.56809277726,1779.1648083044415,1732.072318190851,1531.1526600693937,13167380.736616602,10292403.848168086,106173083.16941524,108049998.06868887,108931464.52421403,1596858.768907832,1625199.9387793634,1639747.4515849259,88555.0918666666
-0.2151015833333333,152.42098195,29.2000399375,-708.6,-600.0,-108.6,-135.75,0.5181818050478465,5915.6,5679.75,337.0,24.94584261245164,24.94584261245164,24.94584261245164,132060.81903925788,126177.34205911115,122790.94392447085,1983.4902837018487,1895.154410478437,1844.31025194514,13167380.736616602,10292403.848168086,106173083.16941524,108049998.06868887,108931464.52421403,1596858.768907832,1625199.9387793634,1639747.4515849259,88555.0918666666
3.5231440833333334,-3219.44906335,-1381.9532666875,-913.8,-600.0,-313.8,-392.25,0.5699999868660284,6402.633333333333,6131.083333333333,250.0,25.2478697421981,24.94584261245164,24.94584261245164,144245.94332729554,137436.23235819765,127651.2255934635,2166.6406530742106,2064.197972551081,1917.2836360156425,13167380.736616602,10292403.848168086,106173083.16941524,108049998.06868887,108931464.52421403,1596858.768907832,1625199.9387793634,1639747.4515849259,88555.0918666666
6.21416575,-5337.139823816668,-2010.8004672708328,-858.8666666666667,-600.0,-258.8666666666667,-323.5833333333333,0.6218181686842101,6527.616666666667,6031.333333333333,39.0,25.2478697421981,24.94584261245164,24.94584261245164,147401.50624724125,134947.8845576056,126875.8256522598,2214.386998395933,2026.8373477724704,1905.6416033987489,13167380.736616602,10292403.848168086,106173083.16941524,108049998.06868887,108931464.52421403,1596858.768907832,1625199.9387793634,1639747.4515849259,88555.0918666666
19.55619475,19125.9584655,4840.158200625,978.0,780.0,198.0,247.5,0.5471770203588513,5741.583333333333,6472.083333333333,0.0,24.94584261245164,25.2478697421981,25.2478697421981,127719.82666064774,145999.40788089117,152248.25564208522,1918.3136281774587,2193.17206005589,2287.7224305089608,13167380.736616602,10292403.848168086,106173083.16941524,108049998.06868887,108931464.52421403,1596858.768907832,1625199.9387793634,1639747.4515849259,88555.0918666666
30.1543805,75504.55847996667,64980.177112458325,2503.9333333333334,780.0,1723.9333333333334,2154.9166666666665,0.4725358720334924,6734.483333333334,7083.5,0.0,25.2478697421981,25.39384615384616,25.88297382225814,152624.44890124397,161449.38728516322,216516.0431795813,2293.4145538210855,2426.647467249419,3260.4427239774695,13167380.736616602,10292403.848168086,106173083.16941524,108049998.06868887,108931464.52421403,1596858.768907832,1625199.9387793634,1639747.4515849259,88555.0918666666
33.087628,90033.64162986667,80281.61473733334,2721.0666666666666,780.0,1941.0666666666668,2426.333333333333,0.3978947237081336,7275.516666666666,7570.25,0.0,25.39384615384616,25.39384615384616,25.90715906314357,166325.4289774709,173809.84190054785,236149.97979278406,2499.999640148953,2612.5905459345063,3558.897045990724,13167380.736616602,10292403.848168086,106173083.16941524,108049998.06868887,108931464.52421403,1596858.768907832,1625199.9387793634,1639747.4515849259,88555.0918666666
27.48085875,63152.84546475,52147.2195496875,2298.0666666666666,780.0,1518.0666666666666,1897.5833333333333,0.3232535753827747,6469.349999999999,6869.833333333333,0.0,25.2478697421981,25.2478697421981,25.80118739161481,145930.39703692918,156041.74807085047,204329.0261914049,2192.127867412503,2345.121190753704,3075.701756537943,13167380.736616602,10292403.848168086,106173083.16941524,108049998.06868887,108931464.52421403,1596858.768907832,1625199.9387793634,1639747.4515849259,88555.0918666666
21.935286583333333,34844.93391384445,22169.262973555557,1588.5333333333333,780.0,808.5333333333333,1010.6666666666666,0.2486124270574159,5412.8,5990.666666666667,0.0,24.94584261245164,24.94584261245164,25.37778955841263,119518.0493737172,133933.4202913659,159362.86066329523,1795.1702622613936,2011.6059485310655,2395.2598329580073,13167380.736616602,10292403.848168086,106173083.16941524,108049998.06868887,108931464.52421403,1596858.768907832,1625199.9387793634,1639747.4515849259,88555.0918666666
19.62692008333333,18249.110293483336,3675.140785604167,929.8,780.0,149.8,187.25,0.1739712787320571,4825.783333333333,5568.333333333333,0.0,24.9300756001746,24.94584261245164,24.94584261245164,104878.91549721782,123397.95942804049,128069.06845722206,1575.2824679483838,1853.4241219830299,1923.5572246376146,13167380.736616602,10292403.848168086,106173083.16941524,108049998.06868887,108931464.52421403,1596858.768907832,1625199.9387793634,1639747.4515849259,88555.0918666666
24.710155583333336,19109.186984444448,-205.91796319444447,773.3333333333334,780.0,-6.666666666666668,-8.333333333333334,0.0993301304066982,4488.166666666666,5269.833333333333,0.0,24.9300756001746,24.94584261245164,24.94584261245164,96462.10647333886,115951.62540822368,115743.74338645325,1448.7878424772211,1741.6231546004208,1738.5019662312804,13167380.736616602,10292403.848168086,106173083.16941524,108049998.06868887,108931464.52421403,1596858.768907832,1625199.9387793634,1639747.4515849259,88555.0918666666
18.98518233333333,13036.491868888888,-2214.9379388888888,686.6666666666666,780.0,-93.33333333333334,-116.66666666666669,0.0246889820813393,3705.416666666667,4508.75,0.0,24.6228413148246,24.9300756001746,24.83747374101413,77018.54238241578,96975.25052944248,94068.49342792455,1158.22699079448,1456.4997871115152,1412.8626333120205,13167380.736616602,10292403.848168086,106173083.16941524,108049998.06868887,108931464.52421403,1596858.768907832,1625199.9387793634,1639747.4515849259,88555.0918666666
16.267851583333336,-11653.204350861111,-2365.616751076389,-716.3333333333334,-600.0,-116.33333333333331,-145.41666666666666,0.0765071638995212,4918.5,4350.583333333333,3.0,24.9300756001746,24.83747374101413,24.83747374101413,107190.34900661402,93037.73826767247,89425.95562783332,1610.0205634954086,1397.4767973891499,1343.5645811533873,13167380.736616602,10292403.848168086,106173083.16941524,108049998.06868887,108931464.52421403,1596858.768907832,1625199.9387793634,1639747.4515849259,88555.0918666666
15.945563583333332,-10636.753947655556,-1336.7697470694443,-667.0666666666666,-600.0,-67.06666666666666,-83.83333333333333,0.128325345717703,4877.400000000001,4296.166666666667,2.0,24.9300756001746,24.83747374101413,24.83747374101413,106165.72289944686,91686.16573826563,89603.95752297729,1594.6216521851513,1377.3021972734177,1346.2215728991046,13167380.736616602,10292403.848168086,106173083.16941524,108049998.06868887,108931464.52421403,1596858.768907832,1625199.9387793634,1639747.4515849259,88555.0918666666
17.53734216666667,-10883.674548633331,-451.5865607916667,-620.6,-600.0,-20.6,-25.75,0.1801435275358848,4762.766666666667,4167.916666666667,0.0,24.9300756001746,24.83747374101413,24.83747374101413,103307.90523314684,88500.75973098057,87861.19478214945,1551.672052837239,1329.7544031262325,1320.2077699933668,13167380.736616602,10292403.848168086,106173083.16941524,108049998.06868887,108931464.52421403,1596858.768907832,1625199.9387793634,1639747.4515849259,88555.0918666666
24.596267500000007,16643.471882039925,19605.27488645834,676.6665666666668,38.9999,637.6666666666667,797.0833333333334,0.1764114796889948,4454.666766666666,4334.25,0.0,24.9300756001746,24.83747374101413,24.94584261245164,95626.95143374059,92632.05952990257,112496.62620639913,1436.2364558834865,1391.4213278291445,1689.7490039053073,13167380.736616602,10292403.848168086,106173083.16941524,108049998.06868887,108931464.52421403,1596858.768907832,1625199.9387793634,1639747.4515849259,88555.0918666666
22.495737500000004,-6472.773536666668,8780.836204166668,-287.7333333333333,-600.0,312.26666666666665,390.3333333333333,0.2282296615071767,5367.4,4693.333333333333,4.0,24.94584261245164,24.9300756001746,24.9300756001746,118385.50811911188,101576.9269839747,111307.96649324284,1778.1660280263166,1525.6575092368605,1671.90345525723,13167380.736616602,10292403.848168086,106173083.16941524,108049998.06868887,108931464.52421403,1596858.768907832,1625199.9387793634,1639747.4515849259,88555.0918666666
15.295869916666668,-13573.55496405,-5495.0412675625,-887.4000000000001,-600.0,-287.40000000000003,-359.25,0.2800478433253585,5487.233333333334,4996.083333333333,37.0,24.94584261245164,24.9300756001746,24.9300756001746,121374.85159217069,109124.50737192755,100168.37771256483,1823.0487167745557,1639.0886625015921,1504.4886895524432,13167380.736616602,10292403.848168086,106173083.16941524,108049998.06868887,108931464.52421403,1596858.768907832,1625199.9387793634,1639747.4515849259,88555.0918666666
13.5208235,-8690.283957566666,-722.2373219583333,-642.7333333333333,-600.0,-42.73333333333333,-53.41666666666666,0.3318660251435403,5099.733333333334,4701.416666666667,191.0,24.9300756001746,24.9300756001746,24.9300756001746,111708.50970788566,101778.44509507612,100446.76355676679,1677.9231432146871,1528.6860866843363,1508.6724975726675,13167380.736616602,10292403.848168086,106173083.16941524,108049998.06868887,108931464.52421403,1596858.768907832,1625199.9387793634,1639747.4515849259,88555.0918666666
12.447304333333332,-11581.801772022223,-5141.773965027777,-930.4666666666668,-600.0,-330.4666666666667,-413.0833333333333,0.3836842069617221,5206.55,5152.166666666667,463.0,24.94584261245164,24.94584261245164,24.9300756001746,114372.96933489904,113016.33126082522,102717.4779426827,1717.9208501251687,1697.5519748281586,1542.7986331406146,13167380.736616602,10292403.848168086,106173083.16941524,108049998.06868887,108931464.52421403,1596858.768907832,1625199.9387793634,1639747.4515849259,88555.0918666666
13.130434333333334,-17533.506646444446,-12069.057558055556,-1335.3333333333337,-600.0,-735.3333333333334,-919.1666666666666,0.4355023887799039,5591.0,5546.833333333333,372.0,24.94584261245164,24.94584261245164,24.9300756001746,123963.39852725607,122861.62381187278,99939.85201956323,1861.913754347092,1845.3714559906475,1501.05422028211,13167380.736616602,10292403.848168086,106173083.16941524,108049998.06868887,108931464.52421403,1596858.768907832,1625199.9387793634,1639747.4515849259,88555.0918666666
12.329849666666668,-15903.862090044448,-10632.440362555555,-1289.8666666666668,-600.0,-689.8666666666668,-862.3333333333334,0.4873205705980857,5774.666666666667,5774.666666666667,427.5333333333334,24.94584261245164,24.94584261245164,24.9300756001746,128545.11828707636,128545.11828707636,107036.61354041296,1930.7047460029464,1930.7047460029464,1607.710102349912,13167380.736616602,10292403.848168086,106173083.16941524,108049998.06868887,108931464.52421403,1596858.768907832,1625199.9387793634,1639747.4515849259,88555.0918666666
15.762923583333333,-19580.703675216668,-12653.686906520832,-1242.2,-600.0,-642.2,-802.75,0.5391387524162676,5882.866666666667,5717.416666666667,274.0,24.94584261245164,24.94584261245164,24.9300756001746,131244.25845774362,127116.9687975135,107094.78371681336,1971.2302557878652,1909.2621819069518,1608.5843308914511,13167380.736616602,10292403.848168086,106173083.16941524,108049998.06868887,108931464.52421403,1596858.768907832,1625199.9387793634,1639747.4515849259,88555.0918666666
18.83621558333333,-29155.95022758889,-22317.776096986112,-1547.8666666666668,-600.0,-947.8666666666668,-1184.8333333333333,0.5909569342344494,5878.366666666667,5703.333333333333,188.0,24.94584261245164,24.94584261245164,24.9300756001746,131132.0021659876,126765.64818072146,97218.31876654418,1969.5448140685294,1903.9873735631043,1460.1528135172332,13167380.736616602,10292403.848168086,106173083.16941524,108049998.06868887,108931464.52421403,1596858.768907832,1625199.9387793634,1639747.4515849259,88555.0918666666
15.533476416666668,-22359.921519244446,-16299.794586555556,-1439.4666666666667,-600.0,-839.4666666666667,-1049.3333333333333,0.6427751160526312,6315.383333333333,6112.25,187.0,25.2478697421981,24.94584261245164,24.9300756001746,142043.06669228876,136966.41898899648,110790.66742453924,2133.3092598538856,2057.144086836824,1664.1290657271124,13167380.736616602,10292403.848168086,106173083.16941524,108049998.06868887,108931464.52421403,1596858.768907832,1625199.9387793634,1639747.4515849259,88555.0918666666
15.137955749999998,-9199.8403078,-146.33357224999995,-607.7333333333333,-600.0,-7.733333333333333,-9.666666666666666,0.6945932978708129,6126.15,5670.083333333333,142.0,24.94584261245164,24.94584261245164,24.94584261245164,137313.16620130956,125936.19891385744,125695.05576860374,2062.35022903655,1891.5338319702341,1887.9132534620312,13167380.736616602,10292403.848168086,106173083.16941524,108049998.06868887,108931464.52421403,1596858.768907832,1625199.9387793634,1639747.4515849259,88555.0918666666
14.7820755,-11332.92455,-3079.5990625,-766.6666666666667,-600.0,-166.66666666666669,-208.33333333333331,0.7464114796889947,6633.416666666666,6202.083333333333,127.0,25.2478697421981,24.94584261245164,24.94584261245164,150072.7308659658,139207.3871836817,134010.33663942097,2254.804894129003,2090.790497456157,2012.7607882276475,13167380.736616602,10292403.848168086,106173083.16941524,108049998.06868887,108931464.52421403,1596858.768907832,1625199.9387793634,1639747.4515849259,88555.0918666666
16.328712,-10489.5645888,-865.421736,-642.4,-600.0,-42.400000000000006,-53.0,0.7982296615071764,6703.4,6207.0,93.0,25.2478697421981,24.94584261245164,24.94584261245164,151839.66095009065,139330.0375765263,138007.90791806634,2281.5400460167098,2092.6319985939504,2072.781240566217,13167380.736616602,10292403.848168086,106173083.16941524,108049998.06868887,108931464.52421403,1596858.768907832,1625199.9387793634,1639747.4515849259,88555.0918666666
23.105429416666663,3857.066350622223,22150.405000777777,166.9333333333334,-600.0,766.9333333333334,958.6666666666666,0.8500478433253582,7657.650000000001,6925.916666666667,60.0,25.39384615384616,25.2478697421981,25.40459672695093,176029.264054394,157457.7327655588,181794.06716564746,2645.9781680753936,2366.5462410280866,2733.13289626666,13167380.736616602,10292403.848168086,106173083.16941524,108049998.06868887,108931464.52421403,1596858.768907832,1625199.9387793634,1639747.4515849259,88555.0918666666
33.39580766666666,98675.70610628888,90783.7201578611,2954.733333333333,780.0,2174.733333333333,2718.4166666666665,0.7754066949999994,7862.35,8098.666666666667,0.0,25.40459672695093,25.40459672695093,26.06238651883058,181229.23829841823,187232.76791494217,257493.64060487843,2724.5865569361986,2815.425046716264,3888.620620459057,13167380.736616602,10292403.848168086,106173083.16941524,108049998.06868887,108931464.52421403,1596858.768907832,1625199.9387793634,1639747.4515849259,88555.0918666666
37.95368308333333,120788.86153547776,113981.2359130972,3182.5333333333333,780.0,2402.5333333333333,3003.1666666666665,0.7007655466746405,8948.883333333333,9128.25,0.0,25.88297382225814,25.88297382225814,26.50874699148197,209022.05949224348,213664.60223016253,292104.785525817,3147.0523543566133,3217.29798858754,4419.344462972344,13167380.736616602,10292403.848168086,106173083.16941524,108049998.06868887,108931464.52421403,1596858.768907832,1625199.9387793634,1639747.4515849259,88555.0918666666
33.00898958333334,72256.67819791668,58137.082903645845,2189.0,780.0,1409.0,1761.25,0.6261243983492817,8633.083333333334,9060.833333333334,0.0,25.80118739161481,25.88297382225814,26.06238651883058,200863.06668513137,211919.6584116453,257623.95253747256,3022.1474662560568,3190.8954992301624,3890.647440977101,13167380.736616602,10292403.848168086,106173083.16941524,108049998.06868887,108931464.52421403,1596858.768907832,1625199.9387793634,1639747.4515849259,88555.0918666666
32.588835,46532.511202,26391.5248775,1427.8666666666668,780.0,647.8666666666668,809.8333333333334,0.5514832500239228,7486.049999999999,8104.083333333333,0.0,25.39384615384616,25.40459672695093,25.88297382225814,171671.68005439398,187370.37614721316,208117.01817425853,2580.4253538948874,2817.5071758634904,3133.3583067245295,13167380.736616602,10292403.848168086,106173083.16941524,108049998.06868887,108931464.52421403,1596858.768907832,1625199.9387793634,1639747.4515849259,88555.0918666666
32.85871866666667,34931.00852391111,11626.509954888888,1063.0666666666666,780.0,283.06666666666666,353.8333333333333,0.476842101698564,6379.016666666666,7088.25,0.0,25.2478697421981,25.39384615384616,25.39384615384616,143649.6728035506,161570.00805439398,170555.19728516322,2157.6185739542107,2428.462011930989,2563.6296736493387,13167380.736616602,10292403.848168086,106173083.16941524,108049998.06868887,108931464.52421403,1596858.768907832,1625199.9387793634,1639747.4515849259,88555.0918666666
30.543888,26876.5851808,3815.440676,879.9333333333334,780.0,99.93333333333334,124.91666666666669,0.4022009533732051,5828.066666666667,6583.083333333333,0.0,24.94584261245164,25.2478697421981,25.2478697421981,129877.22628258126,148801.9214222752,151955.80115090476,1950.705321072398,2235.576468622722,2283.2973458311913,13167380.736616602,10292403.848168086,106173083.16941524,108049998.06868887,108931464.52421403,1596858.768907832,1625199.9387793634,1639747.4515849259,88555.0918666666
27.39885175,7162.05984745,-1424.740291,261.4,303.0,-41.6,-52.0,0.3732057380622003,5728.766666666667,6042.166666666667,0.0,24.94584261245164,24.94584261245164,24.94584261245164,127400.10411116484,135218.13118590717,133920.9473700597,1913.513240465721,2030.8948926523533,2011.4186772289172,13167380.736616602,10292403.848168086,106173083.16941524,108049998.06868887,108931464.52421403,1596858.768907832,1625199.9387793634,1639747.4515849259,88555.0918666666
28.21864225000001,19664.63116261667,-2932.3872404791678,696.8666666666667,780.0,-83.13333333333334,-103.91666666666669,0.2985645897368415,5338.716666666667,6139.5,0.0,24.94584261245164,24.94584261245164,24.94584261245164,117669.97820017807,137646.19320018578,135053.90438870853,1767.4228976597356,2067.350372803913,2028.429153840732,13167380.736616602,10292403.848168086,106173083.16941524,108049998.06868887,108931464.52421403,1596858.768907832,1625199.9387793634,1639747.4515849259,88555.0918666666
28.829138916666665,19978.59326925,-3135.1688571875,693.0,780.0,-87.0,-108.75,0.2239234414114826,5465.75,6267.5,0.0,24.94584261245164,24.94584261245164,24.94584261245164,120838.93174004651,140839.2610545796,138126.4006704755,1815.0022931589117,2115.2918261539094,2074.560317936627,13167380.736616602,10292403.848168086,106173083.16941524,108049998.06868887,108931464.52421403,1596858.768907832,1625199.9387793634,1639747.4515849259,88555.0918666666
32.727313333333335,23264.756138222223,-2828.1853272222224,710.8666666666667,780.0,-69.13333333333334,-86.41666666666667,0.1492822930861238,5824.716666666667,6622.0,0.0,24.94584261245164,25.2478697421981,25.2478697421981,129793.65770982957,149784.48435307574,147602.64760952076,1949.4506033480036,2250.4434797343665,2217.4304379297087,13167380.736616602,10292403.848168086,106173083.16941524,108049998.06868887,108931464.52421403,1596858.768907832,1625199.9387793634,1639747.4515849259,88555.0918666666
32.939515,31777.84810433333,7606.283005416666,964.7333333333332,780.0,184.73333333333332,230.91666666666663,0.0746411447607649,6189.766666666666,6923.583333333333,0.0,24.94584261245164,25.2478697421981,25.39384615384616,138900.13755550503,157398.82106949363,163252.3503620863,2086.177381046568,2365.654857064219,2453.7701351213063,13167380.736616602,10292403.848168086,106173083.16941524,108049998.06868887,108931464.52421403,1596858.768907832,1625199.9387793634,1639747.4515849259,88555.0918666666
30.602249,26554.591532266662,3356.046640333333,867.7333333333333,780.0,87.73333333333335,109.66666666666669,-3.564593870075683e-09,6332.183333333333,7090.25,0.0,25.2478697421981,25.39384615384616,25.39384615384616,142467.23090395768,161620.79574670168,164405.65420824016,2139.7272243937305,2429.2260307442816,2471.119729006493,13167380.736616602,10292403.848168086,106173083.16941524,108049998.06868887,108931464.52421403,1596858.768907832,1625199.9387793634,1639747.4515849259,88555.0918666666
26.431462166666662,-306.60496113333335,-383.2562014166666,-11.6,0.0,-11.6,-14.5,-3.564593870075683e-09,5951.016666666667,5953.916666666667,0.0,24.94584261245164,24.94584261245164,24.94584261245164,132944.3176317822,133016.6605753583,132654.94585747778,1996.7553342706956,1997.8415078231565,1992.410640060852,13167380.736616602,10292403.848168086,106173083.16941524,108049998.06868887,108931464.52421403,1596858.768907832,1625199.9387793634,1639747.4515849259,88555.0918666666
26.20723625,-10608.689234,-13260.8615425,-404.8,0.0,-404.8,-506.0,-3.564593870075683e-09,5120.133333333333,5221.333333333333,0.0,24.94584261245164,24.94584261245164,24.9300756001746,112217.23276913968,114741.75204151978,102125.38864717854,1685.5541267371827,1723.4578382920236,1533.9002354856602,13167380.736616602,10292403.848168086,106173083.16941524,108049998.06868887,108931464.52421403,1596858.768907832,1625199.9387793634,1639747.4515849259,88555.0918666666
26.24603558333333,-28818.03158794344,-23372.09468695833,-1097.9956000000002,-385.5956,-712.4000000000001,-890.5,0.0333014346172243,5906.662266666667,5848.166666666667,149.0,24.94584261245164,24.94584261245164,24.9300756001746,131837.8597502125,130378.63771909155,108166.77696762087,1980.1427217826715,1958.2336274187646,1624.695114014105,13167380.736616602,10292403.848168086,106173083.16941524,108049998.06868887,108931464.52421403,1596858.768907832,1625199.9387793634,1639747.4515849259,88555.0918666666
23.1910665,-39106.3224034,-31489.60312925,-1686.2666666666669,-600.0,-1086.2666666666669,-1357.8333333333333,0.0851196164354061,6326.6,6197.166666666667,199.0,25.2478697421981,24.94584261245164,24.9300756001746,142326.26363123042,139084.73679083717,105216.71802160022,2137.5942699087623,2088.9489963183646,1580.359237978895,13167380.736616602,10292403.848168086,106173083.16941524,108049998.06868887,108931464.52421403,1596858.768907832,1625199.9387793634,1639747.4515849259,88555.0918666666
16.80385433333333,-31932.924518111107,-27313.264897638885,-1900.3333333333333,-600.0,-1300.3333333333337,-1625.4166666666667,0.1369377982535879,6564.166666666667,6564.166666666667,274.91666666666674,25.2478697421981,25.2478697421981,24.9300756001746,148324.31588631863,148324.31588631863,107695.18303751755,2228.3498914870834,2228.3498914870834,1617.6076183380537,13167380.736616602,10292403.848168086,106173083.16941524,108049998.06868887,108931464.52421403,1596858.768907832,1625199.9387793634,1639747.4515849259,88555.0918666666
14.748214083333332,-28217.26639850555,-24210.422435631943,-1913.2666666666669,-600.0,-1313.2666666666669,-1641.5833333333333,0.1887559800717697,6349.433333333333,6290.75,213.0,25.2478697421981,25.17172934150941,24.9300756001746,142902.75665701058,141421.43354353798,100475.848644967,2146.3170986980354,2123.9704522523925,1509.1096118434373,13167380.736616602,10292403.848168086,106173083.16941524,108049998.06868887,108931464.52421403,1596858.768907832,1625199.9387793634,1639747.4515849259,88555.0918666666
13.690491916666666,-21882.8822796,-17085.733912,-1598.4,-600.0,-998.4,-1248.0,0.2405741618899516,6090.65,5947.25,207.0,24.94584261245164,24.94584261245164,24.9300756001746,136427.58878856752,132850.35495794198,101724.42993127574,2049.053966584012,1995.344557127844,1527.874303038621,13167380.736616602,10292403.848168086,106173083.16941524,108049998.06868887,108931464.52421403,1596858.768907832,1625199.9387793634,1639747.4515849259,88555.0918666666
15.579992916666663,-18986.81803444444,-12048.527855555554,-1218.6666666666667,-600.0,-618.6666666666667,-773.3333333333334,0.2923923437081334,5946.666666666666,5681.333333333333,180.0,24.94584261245164,24.94584261245164,24.9300756001746,132835.80321641802,126216.83964324753,106928.58321281218,1995.1260739420038,1895.7474362685737,1606.0865350584816,13167380.736616602,10292403.848168086,106173083.16941524,108049998.06868887,108931464.52421403,1596858.768907832,1625199.9387793634,1639747.4515849259,88555.0918666666
17.413240833333337,-16276.73664827778,-7285.990185347224,-934.7333333333332,-600.0,-334.7333333333333,-418.4166666666667,0.3442105255263152,6000.566666666667,5652.25,168.0,24.94584261245164,24.94584261245164,24.94584261245164,134180.38413322918,125491.33138726873,115053.57507417542,2015.3139203136043,1884.8544888602737,1728.1396208457343,13167380.736616602,10292403.848168086,106173083.16941524,108049998.06868887,108931464.52421403,1596858.768907832,1625199.9387793634,1639747.4515849259,88555.0918666666
19.37195533333333,-14965.481226844444,-4177.885033555555,-772.5333333333333,-600.0,-172.53333333333333,-215.66666666666663,0.396028707344497,6137.033333333334,5711.166666666667,131.0,24.94584261245164,24.94584261245164,24.94584261245164,137584.66012174176,126961.05728118568,121581.07055776694,2066.4265010466474,1906.9212906300966,1826.144935636743,13167380.736616602,10292403.848168086,106173083.16941524,108049998.06868887,108931464.52421403,1596858.768907832,1625199.9387793634,1639747.4515849259,88555.0918666666
24.207012833333334,-17847.02366158889,-4153.519951986112,-737.2666666666667,-600.0,-137.26666666666668,-171.58333333333334,0.4478468891626788,6743.35,6284.666666666667,107.0,25.2478697421981,25.13240054952598,24.94584261245164,152848.31334629148,141268.38394418673,136987.20719117354,2296.801812883781,2121.6680326377355,2057.456205673738,13167380.736616602,10292403.848168086,106173083.16941524,108049998.06868887,108931464.52421403,1596858.768907832,1625199.9387793634,1639747.4515849259,88555.0918666666
26.13598775,11599.15136345,14498.9392043125,443.8,0.0,443.8,554.75,0.4478468891626788,7451.783333333333,7409.833333333333,69.0,25.39384615384616,25.39384615384616,25.40459672695093,170801.51759285553,169736.2457467017,183826.4349038035,2567.335164893808,2551.309870284995,2763.884342133386,13167380.736616602,10292403.848168086,106173083.16941524,108049998.06868887,108931464.52421403,1596858.768907832,1625199.9387793634,1639747.4515849259,88555.0918666666
36.58805016666667,108173.78991942224,99543.88848677778,2956.5333333333333,780.0,2176.5333333333333,2720.6666666666665,0.37320574083732,7977.466666666667,8213.333333333334,0.0,25.40459672695093,25.40459672695093,26.25410656461584,184153.73079163575,190145.82833963257,260549.0297794368,2768.836606228174,2859.502119125239,3935.549771743685,13167380.736616602,10292403.848168086,106173083.16941524,108049998.06868887,108931464.52421403,1596858.768907832,1625199.9387793634,1639747.4515849259,88555.0918666666
39.969587,125565.78988006666,117986.89002508332,3141.5333333333333,780.0,2361.5333333333333,2951.9166666666665,0.2985645925119611,8383.55,8573.166666666666,0.0,25.40459672695093,25.80118739161481,26.25410656461584,194470.11411250505,199317.14554058373,276067.3946013384,2924.9322267579214,2998.2606581216414,4170.582117515934,13167380.736616602,10292403.848168086,106173083.16941524,108049998.06868887,108931464.52421403,1596858.768907832,1625199.9387793634,1639747.4515849259,88555.0918666666
37.242674916666665,97024.6166929,84969.162822375,2605.2,780.0,1825.2,2281.5,0.2239234441866023,8148.216666666666,8471.916666666666,0.0,25.40459672695093,25.4268664831255,26.06238651883058,188491.5656827626,196715.07956459685,255834.3353298462,2834.4717234999675,2958.8746512474277,3862.8124391959686,13167380.736616602,10292403.848168086,106173083.16941524,108049998.06868887,108931464.52421403,1596858.768907832,1625199.9387793634,1639747.4515849259,88555.0918666666
32.29692516666667,47226.717107044446,27543.89434630556,1462.2666666666669,780.0,682.2666666666668,852.8333333333334,0.1492822958612434,7315.316666666667,7924.75,0.0,25.39384615384616,25.40459672695093,25.80118739161481,167336.104054394,182814.48513417997,204591.3382632197,2515.203614533476,2748.572684712245,3079.754872799972,13167380.736616602,10292403.848168086,106173083.16941524,108049998.06868887,108931464.52421403,1596858.768907832,1625199.9387793634,1639747.4515849259,88555.0918666666
30.57164333333333,28203.360029777778,5446.847787222221,922.5333333333332,780.0,142.53333333333333,178.16666666666666,0.0746411475358846,6675.716666666666,7420.083333333333,0.0,25.2478697421981,25.39384615384616,25.39384615384616,151140.7157560608,169996.5326697786,174520.86959285554,2270.964411988255,2555.22546670312,2623.286809320603,13167380.736616602,10292403.848168086,106173083.16941524,108049998.06868887,108931464.52421403,1596858.768907832,1625199.9387793634,1639747.4515849259,88555.0918666666
29.84132033333333,26773.63260306666,4371.753428833333,897.2,780.0,117.2,146.5,-7.89474235984855e-10,6091.883333333333,6842.583333333333,0.0,24.94584261245164,25.2478697421981,25.26813583970442,136458.35532778956,155353.74362037558,159052.64537066835,2049.5159024626446,2334.711099461396,2390.665706001651,13167380.736616602,10292403.848168086,106173083.16941524,108049998.06868887,108931464.52421403,1596858.768907832,1625199.9387793634,1639747.4515849259,88555.0918666666
27.051237666666665,196.57232704444445,245.7154088055556,7.2666666666666675,0.0,7.2666666666666675,9.083333333333334,-7.89474235984855e-10,5844.916666666667,5844.916666666667,1.8166666666666664,24.94584261245164,24.94584261245164,24.94584261245164,130297.56373060109,130297.56373060109,130524.15513433085,1957.0163639548,1957.0163639548,1960.4184592771628,13167380.736616602,10292403.848168086,106173083.16941524,108049998.06868887,108931464.52421403,1596858.768907832,1625199.9387793634,1639747.4515849259,88555.0918666666
24.285338083333333,-16259.84335806111,-2110.800635076389,-669.5333333333333,-600.0,-69.53333333333335,-86.91666666666667,0.0518181810287075,5532.533333333334,4961.916666666667,12.0,24.94584261245164,24.9300756001746,24.9300756001746,122504.89826251475,108272.7297889216,106105.89071800643,1840.015496749203,1626.287458857623,1593.722445685282,13167380.736616602,10292403.848168086,106173083.16941524,108049998.06868887,108931464.52421403,1596858.768907832,1625199.9387793634,1639747.4515849259,88555.0918666666
24.759728916666663,-7071.359596141163,-660.2594377777777,-285.5992333333333,-264.2659,-21.333333333333336,-26.666666666666668,0.0746411451196166,5073.849233333333,4825.916666666667,11.0,24.9300756001746,24.9300756001746,24.9300756001746,111063.21713804318,104882.23950729787,104217.4374912932,1668.2251636466617,1575.3324238650434,1565.341240533165,13167380.736616602,10292403.848168086,106173083.16941524,108049998.06868887,108931464.52421403,1596858.768907832,1625199.9387793634,1639747.4515849259,88555.0918666666
27.72751416666667,2983.480524333334,3729.350655416667,107.6,0.0,107.6,134.5,0.0746411451196166,5021.9,5006.0,11.0,24.9300756001746,24.9300756001746,24.94584261245164,109768.11882367206,109371.7306216293,112725.29643034661,1648.7613768647668,1642.8041338031344,1693.182311111362,13167380.736616602,10292403.848168086,106173083.16941524,108049998.06868887,108931464.52421403,1596858.768907832,1625199.9387793634,1639747.4515849259,88555.0918666666
29.833457416666672,31545.897872383342,10344.751359229169,1057.4,780.0,277.40000000000003,346.75,-3.2057421855968822e-09,4371.1,5081.75,0.0,24.83747374101413,24.9300756001746,24.94584261245164,93547.32043725895,111260.18384834252,119909.69910273267,1405.0832086425853,1671.1853389552514,1801.050581148854,13167380.736616602,10292403.848168086,106173083.16941524,108049998.06868887,108931464.52421403,1596858.768907832,1625199.9387793634,1639747.4515849259,88555.0918666666
24.14584383333333,-2253.612091111111,-2817.0151138888887,-93.33333333333334,0.0,-93.33333333333334,-116.66666666666669,-3.2057421855968822e-09,5093.166666666667,5116.5,0.0,24.9300756001746,24.94584261245164,24.9300756001746,111544.80221144452,112126.59620764777,109217.99515542822,1675.462814319212,1684.1932886082375,1640.4936726576375,13167380.736616602,10292403.848168086,106173083.16941524,108049998.06868887,108931464.52421403,1596858.768907832,1625199.9387793634,1639747.4515849259,88555.0918666666
7.404016333333334,-9702.71660428889,-6575.383505361112,-1310.4666666666667,-600.0,-710.4666666666667,-888.0833333333334,0.0518181786124396,5174.466666666666,4859.083333333333,107.0,24.94584261245164,24.9300756001746,24.83747374101413,113572.62355108287,105709.08701470363,83609.84719347919,1705.904274903978,1587.758958134067,1256.7489206247385,13167380.736616602,10292403.848168086,106173083.16941524,108049998.06868887,108931464.52421403,1596858.768907832,1625199.9387793634,1639747.4515849259,88555.0918666666
-2.0238978333333333,3631.412419088889,3021.3421488611107,-1794.2666666666669,-600.0,-1194.2666666666669,-1492.8333333333333,0.1036363604306214,5595.666666666667,5595.666666666667,301.4333333333334,24.94584261245164,24.94584261245164,24.83747374101413,124079.81245944752,124079.81245944752,86884.25414833624,1863.6616198338106,1863.6616198338106,1305.6252106447826,13167380.736616602,10292403.848168086,106173083.16941524,108049998.06868887,108931464.52421403,1596858.768907832,1625199.9387793634,1639747.4515849259,88555.0918666666
-7.083742583333333,13624.398235277778,11717.690856597224,-1923.3333333333333,-600.0,-1323.3333333333337,-1654.1666666666667,0.1554545422488032,5704.25,5704.25,269.16666666666674,24.94584261245164,24.94584261245164,24.83747374101413,126788.51520311621,126788.51520311621,85574.07740849772,1904.3307042837098,1904.3307042837098,1286.0685155861934,13167380.736616602,10292403.848168086,106173083.16941524,108049998.06868887,108931464.52421403,1596858.768907832,1625199.9387793634,1639747.4515849259,88555.0918666666
-11.348058583333334,22804.30199182778,19994.333552284723,-2009.5333333333333,-600.0,-1409.5333333333335,-1761.9166666666667,0.2072727240669851,6022.166666666667,6022.166666666667,247.6166666666668,24.94584261245164,24.94584261245164,24.83747374101413,134719.21433365814,134719.21433365814,90794.08647306752,2023.4040405664161,2023.4040405664161,1363.9863432919772,13167380.736616602,10292403.848168086,106173083.16941524,108049998.06868887,108931464.52421403,1596858.768907832,1625199.9387793634,1639747.4515849259,88555.0918666666
-7.234389166666666,11845.5888215,9381.194151875,-1637.4,-600.0,-1037.4,-1296.75,0.2590909058851669,5299.583333333333,5299.583333333333,340.6500000000001,24.94584261245164,24.94584261245164,24.83747374101413,116693.76422594412,116693.76422594412,84400.5067742348,1752.765797078252,1752.765797078252,1268.5509072161778,13167380.736616602,10292403.848168086,106173083.16941524,108049998.06868887,108931464.52421403,1596858.768907832,1625199.9387793634,1639747.4515849259,88555.0918666666
-3.4307991666666666,5521.299458888889,4328.524948611112,-1609.3333333333337,-600.0,-1009.3333333333336,-1261.6666666666667,0.3109090877033487,5236.583333333333,5236.583333333333,347.66666666666674,24.94584261245164,24.94584261245164,24.83747374101413,115122.17614135967,115122.17614135967,83707.12729896481,1729.1696130075507,1729.1696130075507,1258.2009975090255,13167380.736616602,10292403.848168086,106173083.16941524,108049998.06868887,108931464.52421403,1596858.768907832,1625199.9387793634,1639747.4515849259,88555.0918666666
-0.7348087499999999,931.541546,613.3203699999999,-1267.7333333333331,-600.0,-667.7333333333333,-834.6666666666666,0.3627272695215305,4963.416666666667,4963.416666666667,433.0666666666667,24.9300756001746,24.9300756001746,24.83747374101413,108310.12490232187,108310.12490232187,87527.95867612417,1626.8494629200413,1626.8494629200413,1315.2336342833623,13167380.736616602,10292403.848168086,106173083.16941524,108049998.06868887,108931464.52421403,1596858.768907832,1625199.9387793634,1639747.4515849259,88555.0918666666
-0.4563779166666666,532.1670760277777,322.9254075347222,-1166.0666666666666,-600.0,-566.0666666666667,-707.5833333333334,0.4145454513397124,4830.233333333334,4790.75,419.0,24.9300756001746,24.9300756001746,24.83747374101413,104989.85433363862,104005.53184869171,86395.78383142961,1576.9497466668913,1562.1565508461288,1298.33393097049,13167380.736616602,10292403.848168086,106173083.16941524,108049998.06868887,108931464.52421403,1596858.768907832,1625199.9387793634,1639747.4515849259,88555.0918666666
4.298123416666667,-2579.1605915611112,-0.3581769513888889,-600.0666666666667,-600.0,-0.0666666666666666,-0.0833333333333333,0.4663636331578942,4883.233333333334,4530.25,247.0,24.9300756001746,24.9300756001746,24.9300756001746,106311.14834044786,97511.24715484623,97509.16964854622,1596.8072235389996,1464.555178672842,1464.52395622493,13167380.736616602,10292403.848168086,106173083.16941524,108049998.06868887,108931464.52421403,1596858.768907832,1625199.9387793634,1639747.4515849259,88555.0918666666
11.859905416666669,-4958.231124527778,2697.140156840278,-418.06666666666666,-600.0,181.9333333333333,227.41666666666663,0.518181814976076,5134.400000000001,4688.916666666667,200.0,24.94584261245164,24.9300756001746,24.9300756001746,112573.12679041066,101466.81915007393,107136.33384281365,1690.8976012251514,1524.0027194975185,1609.2087798496937,13167380.736616602,10292403.848168086,106173083.16941524,108049998.06868887,108931464.52421403,1596858.768907832,1625199.9387793634,1639747.4515849259,88555.0918666666
16.441209,-5220.631897800002,5805.11687775,-317.53333333333336,-600.0,282.46666666666664,353.0833333333333,0.5699999967942577,5391.616666666667,4831.0,110.0,24.94584261245164,24.9300756001746,24.94584261245164,118989.61327437675,105008.96739159874,113812.51940420594,1787.2362014270386,1577.2369931876826,1709.506126281966,13167380.736616602,10292403.848168086,106173083.16941524,108049998.06868887,108931464.52421403,1596858.768907832,1625199.9387793634,1639747.4515849259,88555.0918666666
25.050657416666667,21262.99801526667,26578.74751908333,848.8000000000001,0.0,848.8000000000001,1061.0,0.5699999967942577,5718.2,5544.0,38.0,24.94584261245164,24.94584261245164,25.2478697421981,127136.50970755992,122790.94392447085,149355.27056745836,1909.5555736136507,1844.31025194514,2243.949110854762,13167380.736616602,10292403.848168086,106173083.16941524,108049998.06868887,108931464.52421403,1596858.768907832,1625199.9387793634,1639747.4515849259,88555.0918666666
51.22420466666667,176880.5936609778,171157.14252622225,3453.066666666667,780.0,2673.066666666667,3341.333333333333,0.4953588484688989,6608.016666666666,6719.75,0.0,25.2478697421981,25.2478697421981,25.90715906314357,149431.43497451398,152252.46362037558,237820.99155235683,2245.1015429794757,2287.7861007920947,3584.400027824645,13167380.736616602,10292403.848168086,106173083.16941524,108049998.06868887,108931464.52421403,1596858.768907832,1625199.9387793634,1639747.4515849259,88555.0918666666
70.41566800000001,232648.67269413336,222155.5645676667,3303.9333333333334,780.0,2523.9333333333334,3154.9166666666665,0.42071770014354,7281.15,7430.166666666667,0.0,25.39384615384616,25.39384615384616,26.06238651883058,166468.4809774709,170252.58728516323,251447.16693250972,2502.1516264730603,2559.0773948868036,3794.5761484218356,13167380.736616602,10292403.848168086,106173083.16941524,108049998.06868887,108931464.52421403,1596858.768907832,1625199.9387793634,1639747.4515849259,88555.0918666666
32.58837333333334,88870.66663822223,79314.66929777779,2727.0666666666666,780.0,1947.0666666666668,2433.833333333333,0.3460765518181812,7184.85,7478.083333333333,0.0,25.39384615384616,25.39384615384616,25.90715906314357,164023.05359285555,171469.37574670167,233956.50699210458,2465.364120613022,2577.3820122886054,3525.4202636350865,13167380.736616602,10292403.848168086,106173083.16941524,108049998.06868887,108931464.52421403,1596858.768907832,1625199.9387793634,1639747.4515849259,88555.0918666666
33.047956666666664,55582.25671911111,37256.06314888888,1681.8666666666668,780.0,901.8666666666668,1127.3333333333333,0.2714354034928223,6855.799999999999,7410.333333333333,0.0,25.2478697421981,25.39384615384616,25.80118739161481,155687.43629880162,169748.9426697786,198401.20338818143,2339.760152913873,2551.5008749883186,2984.1079734689843,13167380.736616602,10292403.848168086,106173083.16941524,108049998.06868887,108931464.52421403,1596858.768907832,1625199.9387793634,1639747.4515849259,88555.0918666666
34.263387833333326,31179.682928333325,5567.800522916666,910.0,780.0,130.0,162.5,0.1967942551674635,6256.583333333333,7004.083333333333,0.0,24.94584261245164,25.39384615384616,25.39384615384616,140566.93560606032,159432.6926697786,163559.1926697786,2111.2030693903353,2396.3095535382586,2458.3860821182825,13167380.736616602,10292403.848168086,106173083.16941524,108049998.06868887,108931464.52421403,1596858.768907832,1625199.9387793634,1639747.4515849259,88555.0918666666
31.32978358333333,34836.63069242778,12999.249371784725,1111.9333333333334,780.0,331.9333333333334,414.9166666666667,0.1221531068421046,5190.483333333334,5887.5,0.0,24.94584261245164,24.94584261245164,25.2478697421981,113972.17279692566,131359.84086184797,141715.68598129824,1711.903198949466,1972.9656365211072,2128.3557118261087,13167380.736616602,10292403.848168086,106173083.16941524,108049998.06868887,108931464.52421403,1596858.768907832,1625199.9387793634,1639747.4515849259,88555.0918666666
29.72162266666666,32820.59719004444,12047.164387555553,1104.2666666666669,780.0,324.26666666666665,405.3333333333333,0.0475119585167458,4411.233333333334,5110.166666666667,0.0,24.9300756001746,24.9300756001746,24.94584261245164,94544.15265716545,111968.6134966475,122079.98741001598,1419.9632785647525,1681.8321936932844,1833.6357877226799,13167380.736616602,10292403.848168086,106173083.16941524,108049998.06868887,108931464.52421403,1596858.768907832,1625199.9387793634,1639747.4515849259,88555.0918666666
26.34319075,16867.545037225,4735.188537312501,640.3,496.5,143.8,179.75,-3.2057422341691404e-09,4032.7,4493.25,0.0,24.83747374101413,24.9300756001746,24.9300756001746,85142.31932329976,96588.83435763977,101070.01544677115,1279.6237658401876,1450.6924117998608,1518.0392319463033,13167380.736616602,10292403.848168086,106173083.16941524,108049998.06868887,108931464.52421403,1596858.768907832,1625199.9387793634,1639747.4515849259,88555.0918666666
26.048363500000004,-152.8170658666667,-191.02133233333336,-5.866666666666667,0.0,-5.866666666666667,-7.333333333333333,-3.2057422341691404e-09,4067.2,4068.666666666667,0.0,24.83747374101413,24.83747374101413,24.83747374101413,85999.21216736475,86035.6404621849,85853.49898808415,1292.4144005230562,1292.9581569733425,1290.2393747219116,13167380.736616602,10292403.848168086,106173083.16941524,108049998.06868887,108931464.52421403,1596858.768907832,1625199.9387793634,1639747.4515849259,88555.0918666666
24.35295233333333,147.74124415555556,184.67655519444443,6.066666666666666,0.0,6.066666666666666,7.583333333333333,-3.2057422341691404e-09,3621.333333333333,3621.333333333333,1.5166666666666666,24.36879342330217,24.36879342330217,24.36879342330217,74962.34227424474,74962.34227424474,75147.1389577048,1127.3066494224388,1127.3066494224388,1130.0973920755343,13167380.736616602,10292403.848168086,106173083.16941524,108049998.06868887,108931464.52421403,1596858.768907832,1625199.9387793634,1639747.4515849259,88555.0918666666
24.09470383333333,621.6433589,777.0541986249999,25.8,0.0,25.8,32.25,-3.2057422341691404e-09,3521.116666666667,3520.666666666667,6.0,23.73661360437842,23.73661360437842,24.09849645390071,72540.01736688086,72529.33589075888,73302.43463125234,1093.3353167900848,1093.181170761131,1103.7667472393996,13167380.736616602,10292403.848168086,106173083.16941524,108049998.06868887,108931464.52421403,1596858.768907832,1625199.9387793634,1639747.4515849259,88555.0918666666
12.327177249999998,-7836.797483733332,-550.6139171666665,-635.7333333333333,-600.0,-35.733333333333334,-44.66666666666666,0.0518181786124395,3442.2333333333336,2897.166666666667,46.0,23.73661360437842,23.19100274026086,23.19100274026086,70667.59416372214,57731.57916178127,56695.71437271629,1066.3140888256899,879.5844183886812,863.7146006347618,13167380.736616602,10292403.848168086,106173083.16941524,108049998.06868887,108931464.52421403,1596858.768907832,1625199.9387793634,1639747.4515849259,88555.0918666666
-6.25282275,7308.2992302,4445.75697525,-1168.8000000000002,-600.0,-568.8000000000001,-711.0,0.1036363604306214,3748.666666666667,3748.666666666667,457.8000000000002,24.83747374101413,24.83747374101413,23.73661360437842,78087.64886506039,78087.64886506039,61064.551519844106,1174.3203860018082,1174.3203860018082,927.731099683977,13167380.736616602,10292403.848168086,106173083.16941524,108049998.06868887,108931464.52421403,1596858.768907832,1625199.9387793634,1639747.4515849259,88555.0918666666
-14.882021916666666,23118.72498014444,17736.889787680553,-1553.4666666666667,-600.0,-953.4666666666668,-1191.8333333333333,0.1554545422488032,4724.166666666667,4724.166666666667,361.63333333333344,24.9300756001746,24.9300756001746,23.87527980296258,102345.6043149801,102345.6043149801,72807.21060183362,1537.209814964345,1537.209814964345,1097.238787349383,13167380.736616602,10292403.848168086,106173083.16941524,108049998.06868887,108931464.52421403,1596858.768907832,1625199.9387793634,1639747.4515849259,88555.0918666666
-15.98701816666667,33210.36573822223,29522.693547777788,-2077.333333333333,-600.0,-1477.3333333333337,-1846.6666666666667,0.207272724066985,4936.583333333333,4936.583333333333,230.66666666666697,24.9300756001746,24.9300756001746,23.73661360437842,107641.16787371718,107641.16787371718,62304.789580672856,1616.7958346923385,1616.7958346923385,945.6291663791761,13167380.736616602,10292403.848168086,106173083.16941524,108049998.06868887,108931464.52421403,1596858.768907832,1625199.9387793634,1639747.4515849259,88555.0918666666
-16.347877083333334,43608.50704902778,42249.72599878472,-2667.5333333333333,-600.0,-2067.5333333333333,-2584.4166666666665,0.2590909058851668,5763.0,5763.0,83.11666666666679,24.94584261245164,24.94584261245164,23.73661360437842,128254.08345659776,128254.08345659776,64409.43598692776,1926.3350822861496,1926.3350822861496,976.0016431952722,13167380.736616602,10292403.848168086,106173083.16941524,108049998.06868887,108931464.52421403,1596858.768907832,1625199.9387793634,1639747.4515849259,88555.0918666666
-19.5259045,57074.2188535,56698.345191875,-2923.0,-600.0,-2323.0,-2903.75,0.3109090877033487,5925.916666666667,5925.916666666667,19.25,24.94584261245164,24.94584261245164,23.73661360437842,132318.17698220967,132318.17698220967,60696.634008976245,1987.3543149028446,1987.3543149028446,922.4216253533438,13167380.736616602,10292403.848168086,106173083.16941524,108049998.06868887,108931464.52421403,1596858.768907832,1625199.9387793634,1639747.4515849259,88555.0918666666
-23.53816325,55572.03422236667,51811.42034045833,-2360.9333333333334,-600.0,-1760.9333333333334,-2201.1666666666665,0.3627272695215305,5273.25,5273.25,159.76666666666642,24.94584261245164,24.94584261245164,23.73661360437842,116036.85703714956,116036.85703714956,61881.48663806146,1742.9028418317685,1742.9028418317685,939.5204163428563,13167380.736616602,10292403.848168086,106173083.16941524,108049998.06868887,108931464.52421403,1596858.768907832,1625199.9387793634,1639747.4515849259,88555.0918666666
-22.522041916666662,38505.18433019445,31239.948975243053,-1709.6666666666667,-600.0,-1109.6666666666667,-1387.0833333333333,0.4145454513397123,4572.333333333333,4572.333333333333,322.58333333333394,24.9300756001746,24.9300756001746,23.73661360437842,98560.38783635358,98560.38783635358,64567.68007762362,1480.3225148684623,1480.3225148684623,978.2852880686629,13167380.736616602,10292403.848168086,106173083.16941524,108049998.06868887,108931464.52421403,1596858.768907832,1625199.9387793634,1639747.4515849259,88555.0918666666
-21.17836025,27380.79602188334,18342.224839854167,-1292.8666666666668,-600.0,-692.8666666666668,-866.0833333333334,0.4663636331578941,4082.166666666667,4082.166666666667,426.78333333333376,24.83747374101413,24.83747374101413,23.73661360437842,86370.9463576886,86370.9463576886,65299.558997091954,1297.9631879362041,1297.9631879362041,988.8471456080948,13167380.736616602,10292403.848168086,106173083.16941524,108049998.06868887,108931464.52421403,1596858.768907832,1625199.9387793634,1639747.4515849259,88555.0918666666
-20.30811333333333,16009.56267777778,4780.868347222222,-788.3333333333334,-600.0,-188.33333333333331,-235.41666666666663,0.518181814976076,3641.166666666667,3641.166666666667,552.916666666667,24.36879342330217,24.36879342330217,23.73661360437842,75445.65667714026,75445.65667714026,69801.60337738907,1134.6055148228427,1134.6055148228427,1053.8168422560595,13167380.736616602,10292403.848168086,106173083.16941524,108049998.06868887,108931464.52421403,1596858.768907832,1625199.9387793634,1639747.4515849259,88555.0918666666
-16.930930999999998,11023.164809733333,1080.7577621666665,-651.0666666666667,-600.0,-51.06666666666667,-63.833333333333336,0.5699999967942577,3498.416666666667,3498.416666666667,587.2333333333333,23.73661360437842,23.73661360437842,23.73661360437842,72001.19623806147,72001.19623806147,70486.00906964864,1085.5595059961897,1085.5595059961897,1063.693606333474,13167380.736616602,10292403.848168086,106173083.16941524,108049998.06868887,108931464.52421403,1596858.768907832,1625199.9387793634,1639747.4515849259,88555.0918666666
-10.144164083333337,4089.450680794445,-2496.309711506945,-403.1333333333333,-600.0,196.86666666666667,246.08333333333331,0.6218181786124395,4135.333333333333,4135.333333333333,649.2166666666667,24.83747374101413,24.83747374101413,24.83747374101413,87691.47204491918,87691.47204491918,93803.56037468706,1317.6743592590788,1317.6743592590788,1408.9080409463027,13167380.736616602,10292403.848168086,106173083.16941524,108049998.06868887,108931464.52421403,1596858.768907832,1625199.9387793634,1639747.4515849259,88555.0918666666
9.084967916666669,-3886.5492747499993,1955.5393440625,-427.8,-600.0,172.20000000000002,215.25,0.6736363604306213,4739.466666666667,4259.416666666667,163.0,24.9300756001746,24.83747374101413,24.9300756001746,102727.03447166277,90773.38857828335,96125.55045273653,1542.9422564010104,1363.6773907634056,1443.7298059154582,13167380.736616602,10292403.848168086,106173083.16941524,108049998.06868887,108931464.52421403,1596858.768907832,1625199.9387793634,1639747.4515849259,88555.0918666666
28.52211033333333,78831.3100132889,70730.07994161111,2763.866666666667,780.0,1983.8666666666668,2479.833333333333,0.5989952121052624,4503.049999999999,4787.083333333333,0.0,24.9300756001746,24.9300756001746,25.39384615384616,96833.14909852146,103914.12157149106,166107.04190054783,1454.364171674326,1560.7827631379955,2496.7143592517946,13167380.736616602,10292403.848168086,106173083.16941524,108049998.06868887,108931464.52421403,1596858.768907832,1625199.9387793634,1639747.4515849259,88555.0918666666
32.59228175,102344.11033256663,96152.66320945832,3140.133333333333,780.0,2360.133333333333,2950.1666666666665,0.5243540637799036,5239.283333333333,5429.25,0.0,24.94584261245164,24.94584261245164,25.40459672695093,115189.52991641327,119928.40848469202,194365.10844603364,1730.180878039152,1801.3314881020767,2923.3434020548075,13167380.736616602,10292403.848168086,106173083.16941524,108049998.06868887,108931464.52421403,1596858.768907832,1625199.9387793634,1639747.4515849259,88555.0918666666
31.78918108333333,97493.17982510556,90872.02322513194,3066.866666666667,780.0,2286.866666666667,2858.583333333333,0.4497129154545447,5035.466666666667,5243.75,0.0,24.9300756001746,24.94584261245164,25.40459672695093,110106.33684931445,115300.95468008224,187325.91810294098,1653.8443913848603,1731.8538350050114,2816.8344879851556,13167380.736616602,10292403.848168086,106173083.16941524,108049998.06868887,108931464.52421403,1596858.768907832,1625199.9387793634,1639747.4515849259,88555.0918666666
27.95434008333333,50123.995392088895,35399.51265886111,1793.0666666666666,780.0,1013.0666666666666,1266.3333333333333,0.3750717671291859,4247.766666666666,4774.5,0.0,24.83747374101413,24.9300756001746,24.94584261245164,90484.03200920053,103600.41812018887,135184.8700624239,1359.358234413973,1556.0681735032654,2030.3955025132905,13167380.736616602,10292403.848168086,106173083.16941524,108049998.06868887,108931464.52421403,1596858.768907832,1625199.9387793634,1639747.4515849259,88555.0918666666
22.590164666666663,19965.1875324,2931.0738655,883.8,780.0,103.8,129.75,0.300430618803827,3704.7,4458.75,0.0,24.6228413148246,24.9300756001746,24.9300756001746,77000.89601280681,95728.74674943375,98963.4240585564,1157.9568995334841,1437.766318364243,1486.3796697634139,13167380.736616602,10292403.848168086,106173083.16941524,108049998.06868887,108931464.52421403,1596858.768907832,1625199.9387793634,1639747.4515849259,88555.0918666666
21.82563375,17248.0708315,280.095633125,790.2666666666667,780.0,10.266666666666667,12.833333333333334,0.2257894704784682,3351.9,4129.333333333333,0.0,23.73661360437842,24.83747374101413,24.83747374101413,68523.38673479328,87542.4472024731,87861.19478214943,1035.3707007912462,1315.4499010533625,1320.2077699933666,13167380.736616602,10292403.848168086,106173083.16941524,108049998.06868887,108931464.52421403,1596858.768907832,1625199.9387793634,1639747.4515849259,88555.0918666666
16.483038500000003,9682.1368149,-3968.2915188750007,587.4,780.0,-192.6,-240.75,0.1511483221531093,3417.016666666667,4245.166666666667,0.0,23.73661360437842,24.83747374101413,24.83747374101413,70069.03589066507,90419.45457747391,84439.83277432475,1057.6762020920896,1358.3943025248295,1269.137917020464,13167380.736616602,10292403.848168086,106173083.16941524,108049998.06868887,108931464.52421403,1596858.768907832,1625199.9387793634,1639747.4515849259,88555.0918666666
14.880463666666666,-3073.3117626222224,-3841.6397032777777,-206.53333333333336,0.0,-206.53333333333336,-258.1666666666667,0.1511483221531093,4272.616666666667,4324.25,0.0,24.83747374101413,24.83747374101413,24.83747374101413,91101.24323166475,92383.68479249244,85971.47698835396,1368.5711988159815,1387.7138974862842,1292.0004041347702,13167380.736616602,10292403.848168086,106173083.16941524,108049998.06868887,108931464.52421403,1596858.768907832,1625199.9387793634,1639747.4515849259,88555.0918666666
15.426449666666665,-730.699499211111,-1289.394084638889,-47.36666666666666,19.5,-66.86666666666666,-83.58333333333333,0.1492822934449754,4329.533333333334,4365.75,0.0,24.83747374101413,24.83747374101413,24.83747374101413,92514.90944542413,93414.43995274452,91338.44110589143,1389.6726565174288,1403.0997334091549,1372.111794793413,13167380.736616602,10292403.848168086,106173083.16941524,108049998.06868887,108931464.52421403,1596858.768907832,1625199.9387793634,1639747.4515849259,88555.0918666666
17.753157666666663,11905.267531266663,-2427.744310916666,670.6,780.0,-109.4,-136.75,0.0746411451196165,3656.733333333333,4464.083333333333,0.0,24.41740158644135,24.9300756001746,24.83747374101413,75825.35402129267,95861.70715263467,92460.26700319389,1140.3082948861365,1439.7645550306188,1388.8570218419993,13167380.736616602,10292403.848168086,106173083.16941524,108049998.06868887,108931464.52421403,1596858.768907832,1625199.9387793634,1639747.4515849259,88555.0918666666
20.959162083333336,21681.554536472227,6666.760139340278,1034.4666666666667,780.0,254.46666666666667,318.0833333333333,-3.205742310496973e-09,3682.616666666667,4399.0,0.0,24.51012958486931,24.83747374101413,24.9300756001746,76457.48975566716,94240.28595463323,102169.01627947885,1149.723443344151,1415.426939299166,1534.5559068918146,13167380.736616602,10292403.848168086,106173083.16941524,108049998.06868887,108931464.52421403,1596858.768907832,1625199.9387793634,1639747.4515849259,88555.0918666666
7.406582500000002,-4998.455643166668,-693.1326789583335,-674.8666666666667,-600.0,-74.86666666666666,-93.58333333333331,0.0518181786124395,5110.366666666667,4567.083333333333,38.0,24.93874263427869,24.9300756001746,24.9300756001746,111973.60095627322,98429.50493945266,96096.46536453631,1681.9052710279518,1478.355500649999,1443.2926916446884,13167380.736616602,10292403.848168086,106173083.16941524,108049998.06868887,108931464.52421403,1596858.768907832,1625199.9387793634,1639747.4515849259,88555.0918666666
-5.60495825,6334.72381415,3714.6860801875,-1130.2,-600.0,-530.2,-662.75,0.1036363604306213,4293.583333333333,4293.583333333333,467.4500000000001,24.83747374101413,24.83747374101413,24.36879342330217,91622.00226443466,91622.00226443466,75193.84581176612,1376.3444444348452,1376.3444444348452,1130.8027446142287,13167380.736616602,10292403.848168086,106173083.16941524,108049998.06868887,108931464.52421403,1596858.768907832,1625199.9387793634,1639747.4515849259,88555.0918666666
-10.6885515,14719.5605557,10383.037069625,-1377.1333333333332,-600.0,-777.1333333333333,-971.4166666666666,0.1554545422488031,5069.833333333333,5069.833333333333,405.7166666666666,24.9300756001746,24.9300756001746,24.83747374101413,110963.10044744043,110963.10044744043,86774.55530598006,1666.7205289038181,1666.7205289038181,1303.987762243352,13167380.736616602,10292403.848168086,106173083.16941524,108049998.06868887,108931464.52421403,1596858.768907832,1625199.9387793634,1639747.4515849259,88555.0918666666
-14.302699083333335,21081.22493556112,15624.506856951391,-1473.9333333333334,-600.0,-873.9333333333334,-1092.4166666666667,0.2072727240669849,5329.666666666667,5329.666666666667,381.51666666666665,24.94584261245164,24.94584261245164,24.83747374101413,117444.21832453538,117444.21832453538,90222.8245770242,1764.0332870908492,1764.0332870908492,1355.4592535033983,13167380.736616602,10292403.848168086,106173083.16941524,108049998.06868887,108931464.52421403,1596858.768907832,1625199.9387793634,1639747.4515849259,88555.0918666666
-11.533008083333334,21995.753016533337,18844.935208166666,-1907.2,-600.0,-1307.2,-1634.0,0.2590909058851668,5697.916666666667,5697.916666666667,273.20000000000005,24.94584261245164,24.94584261245164,24.83747374101413,126630.5248665707,126630.5248665707,85917.6624619151,1901.9586011231634,1901.9586011231634,1291.197127560484,13167380.736616602,10292403.848168086,106173083.16941524,108049998.06868887,108931464.52421403,1596858.768907832,1625199.9387793634,1639747.4515849259,88555.0918666666
-17.0120025,33515.91319200001,29135.889615000004,-1970.1333333333332,-600.0,-1370.1333333333334,-1712.6666666666667,0.3109090877033486,5707.833333333333,5707.833333333333,257.4666666666667,24.94584261245164,24.94584261245164,24.83747374101413,126877.9044724775,126877.9044724775,84210.08614222036,1905.67281528244,1905.67281528244,1265.708543953318,13167380.736616602,10292403.848168086,106173083.16941524,108049998.06868887,108931464.52421403,1596858.768907832,1625199.9387793634,1639747.4515849259,88555.0918666666
-20.17688025,40753.26272895001,35808.9182236875,-2019.8,-600.0,-1419.8000000000002,-1774.75,0.3627272695215304,5532.0,5532.0,245.05000000000015,24.94584261245164,24.94584261245164,24.83747374101413,122491.59381312142,122491.59381312142,78300.83718133743,1839.815740693578,1839.815740693578,1177.5025970460968,13167380.736616602,10292403.848168086,106173083.16941524,108049998.06868887,108931464.52421403,1596858.768907832,1625199.9387793634,1639747.4515849259,88555.0918666666
-17.742123583333335,31026.24291429445,25476.21095536806,-1748.7333333333331,-600.0,-1148.7333333333331,-1435.9166666666667,0.4145454513397122,5284.666666666667,5284.666666666667,312.8166666666666,24.94584261245164,24.94584261245164,24.83747374101413,116321.65540697506,116321.65540697506,80573.46602864022,1747.1788698974908,1747.1788698974908,1211.4255846832698,13167380.736616602,10292403.848168086,106173083.16941524,108049998.06868887,108931464.52421403,1596858.768907832,1625199.9387793634,1639747.4515849259,88555.0918666666
-14.083459666666668,20375.010548422222,14906.16843552778,-1446.7333333333336,-600.0,-846.7333333333335,-1058.4166666666667,0.4663636331578941,5108.166666666667,5108.166666666667,388.3166666666668,24.9300756001746,24.9300756001746,24.83747374101413,111918.75334544714,111918.75334544714,85565.79825058405,1681.0828549433936,1681.0828549433936,1285.9449345747648,13167380.736616602,10292403.848168086,106173083.16941524,108049998.06868887,108931464.52421403,1596858.768907832,1625199.9387793634,1639747.4515849259,88555.0918666666
-6.294024666666666,5114.104842488889,1672.112553111111,-812.5333333333333,-600.0,-212.53333333333336,-265.6666666666667,0.518181814976076,4098.083333333333,4098.083333333333,546.8666666666666,24.83747374101413,24.83747374101413,24.83747374101413,86766.27614806639,86766.27614806639,80167.78729087031,1303.8641812319236,1303.8641812319236,1205.3701151232644,13167380.736616602,10292403.848168086,106173083.16941524,108049998.06868887,108931464.52421403,1596858.768907832,1625199.9387793634,1639747.4515849259,88555.0918666666
3.049530333333333,-2087.9117682222222,-322.74196027777776,-684.6666666666666,-600.0,-84.66666666666667,-105.83333333333331,0.5699999967942577,4922.583333333333,4600.75,257.0,24.9300756001746,24.9300756001746,24.9300756001746,107292.14681531473,99268.81748465853,96630.38448364007,1611.5504634431022,1490.9693696064955,1451.3168607581033,13167380.736616602,10292403.848168086,106173083.16941524,108049998.06868887,108931464.52421403,1596858.768907832,1625199.9387793634,1639747.4515849259,88555.0918666666
10.949540999999998,-4623.626179599999,2432.6230255,-422.26666666666665,-600.0,177.73333333333335,222.16666666666663,0.6218181786124395,4890.516666666666,4391.083333333333,145.0,24.9300756001746,24.83747374101413,24.9300756001746,106492.72239106912,94043.65595418354,99580.44342966072,1599.5360654865185,1412.4918902777347,1495.6527367933134,13167380.736616602,10292403.848168086,106173083.16941524,108049998.06868887,108931464.52421403,1596858.768907832,1625199.9387793634,1639747.4515849259,88555.0918666666
17.60875066666667,17898.708094311114,10025.248712888892,1016.4666666666668,561.0,455.4666666666667,569.3333333333334,0.5681339680861237,3884.7,4331.833333333333,0.0,24.83747374101413,24.83747374101413,24.9300756001746,81466.37320962967,92572.03563502844,106758.22769621098,1224.7537967658532,1390.5253654962864,1603.5262943296875,13167380.736616602,10292403.848168086,106173083.16941524,108049998.06868887,108931464.52421403,1596858.768907832,1625199.9387793634,1639747.4515849259,88555.0918666666
21.4206275,56423.360876833336,49644.08928354167,2634.0666666666666,780.0,1854.0666666666668,2317.583333333333,0.4934928197607648,4541.266666666666,4857.75,0.0,24.9300756001746,24.9300756001746,25.39384615384616,97785.89348770815,105675.84691390341,163781.38882362476,1468.6827862868242,1587.259398967473,2461.7286644264377,13167380.736616602,10292403.848168086,106173083.16941524,108049998.06868887,108931464.52421403,1596858.768907832,1625199.9387793634,1639747.4515849259,88555.0918666666
26.593231333333332,78967.7140032889,72781.24195411112,2969.4666666666667,780.0,2189.4666666666667,2736.833333333333,0.418851671435406,5361.866666666667,5594.5,0.0,24.94584261245164,24.94584261245164,25.40459672695093,118247.47445665632,124050.70897639965,193143.57075341273,1776.0935589492076,1863.2246534621308,2904.86050177866,13167380.736616602,10292403.848168086,106173083.16941524,108049998.06868887,108931464.52421403,1596858.768907832,1625199.9387793634,1639747.4515849259,88555.0918666666
32.052686249999994,85802.90424549999,76002.26121312498,2676.9333333333334,780.0,1896.9333333333332,2371.1666666666665,0.3442105231100472,5288.066666666666,5593.833333333333,0.0,24.94584261245164,24.94584261245164,25.40459672695093,116406.47127185736,124034.07841465801,183837.02015243974,1748.4523147520997,1862.9749583925995,2764.044505913942,13167380.736616602,10292403.848168086,106173083.16941524,108049998.06868887,108931464.52421403,1596858.768907832,1625199.9387793634,1639747.4515849259,88555.0918666666
32.372239083333334,52585.46516696667,34168.89835245833,1624.4,780.0,844.4000000000001,1055.5,0.2695693747846883,5162.85,5731.75,0.0,24.94584261245164,24.94584261245164,25.2478697421981,113282.83601273492,127474.52587495864,153956.69482797396,1701.5533383173965,1914.6306259018731,2313.5725654611138,13167380.736616602,10292403.848168086,106173083.16941524,108049998.06868887,108931464.52421403,1596858.768907832,1625199.9387793634,1639747.4515849259,88555.0918666666
22.3931305,22690.21269796667,6529.463634958333,1013.2666666666668,780.0,233.26666666666665,291.5833333333333,0.1949282264593295,4451.15,5172.833333333333,0.0,24.9300756001746,24.94584261245164,24.94584261245164,95539.27817487241,113531.87867481587,120805.67061656322,1434.9188311146577,1705.2925219836266,1814.5029030198489,13167380.736616602,10292403.848168086,106173083.16941524,108049998.06868887,108931464.52421403,1596858.768907832,1625199.9387793634,1639747.4515849259,88555.0918666666
19.29926383333333,23031.7414587,9972.894585875,1193.4,780.0,413.4,516.75,0.1202870781339706,3959.766666666667,4636.416666666667,0.0,24.83747374101413,24.9300756001746,24.94584261245164,83330.83957178847,100157.99018106477,113041.27710343766,1252.5842405395922,1504.332577312883,1697.9265174324555,13167380.736616602,10292403.848168086,106173083.16941524,108049998.06868887,108931464.52421403,1596858.768907832,1625199.9387793634,1639747.4515849259,88555.0918666666
19.437301583333333,18040.40750954445,3599.140343180555,928.1333333333332,780.0,148.13333333333333,185.16666666666663,0.0456459298086117,3365.3666666666663,4108.333333333333,0.0,23.73661360437842,24.83747374101413,24.83747374101413,68843.0397979989,87020.86025391179,91619.93247495625,1039.9836634354951,1307.6642973333555,1376.3135491819883,13167380.736616602,10292403.848168086,106173083.16941524,108049998.06868887,108931464.52421403,1596858.768907832,1625199.9387793634,1639747.4515849259,88555.0918666666
16.009543249999997,-14298.656728016664,-5866.163472520832,-893.1333333333334,-600.0,-293.1333333333334,-366.4166666666667,0.0974641116267936,4880.883333333333,4354.166666666667,0.0,24.9300756001746,24.83747374101413,24.83747374101413,106252.56266278744,93126.73921524445,84025.87487864119,1595.9267505078776,1398.8052932620083,1262.9588664490302,13167380.736616602,10292403.848168086,106173083.16941524,108049998.06868887,108931464.52421403,1596858.768907832,1625199.9387793634,1639747.4515849259,88555.0918666666
13.064735833333335,-12269.52891227778,-5538.359265347223,-939.1333333333334,-600.0,-339.1333333333334,-423.9166666666667,0.1492822934449754,5023.883333333333,4508.666666666667,0.0,24.9300756001746,24.9300756001746,24.83747374101413,109817.56347361242,96973.17302314247,86435.10983151956,1649.5044711250753,1456.468564663603,1298.9209407747765,13167380.736616602,10292403.848168086,106173083.16941524,108049998.06868887,108931464.52421403,1596858.768907832,1625199.9387793634,1639747.4515849259,88555.0918666666
16.902354499999998,-9121.637311833332,1274.7192352083332,-539.6666666666666,-600.0,60.33333333333334,75.41666666666667,0.2011004752631572,4741.25,4126.166666666667,0.0,24.9300756001746,24.83747374101413,24.83747374101413,102771.49310648307,87463.79520229323,89336.95468026138,1543.6104167863296,1314.2758814447902,1342.2360852805296,13167380.736616602,10292403.848168086,106173083.16941524,108049998.06868887,108931464.52421403,1596858.768907832,1625199.9387793634,1639747.4515849259,88555.0918666666
27.67412875,37526.118585,19925.3727,1356.0,780.0,576.0,720.0,0.1264593269377983,4001.083333333333,4637.083333333333,0.0,24.83747374101413,24.9300756001746,24.94584261245164,84357.04119518802,100174.61023146487,118128.15017616008,1267.902106906177,1504.5823568961796,1774.3019968253207,13167380.736616602,10292403.848168086,106173083.16941524,108049998.06868887,108931464.52421403,1596858.768907832,1625199.9387793634,1639747.4515849259,88555.0918666666
21.96529333333333,-2568.4749671111117,13263.376291111112,-116.93333333333328,-600.0,483.0666666666667,603.8333333333334,0.1782775087559802,5188.016666666666,4834.25,367.0,24.94584261245164,24.9300756001746,24.94584261245164,113910.6397184816,105089.9901372993,120148.76342776866,1710.9793271922003,1578.4546686562553,1804.6399477733655,13167380.736616602,10292403.848168086,106173083.16941524,108049998.06868887,108931464.52421403,1596858.768907832,1625199.9387793634,1639747.4515849259,88555.0918666666
8.414673333333335,-6787.83648888889,-2173.7906111111115,-806.6666666666666,-600.0,-206.66666666666663,-258.3333333333333,0.230095690574162,4535.416666666667,4535.416666666667,548.3333333333333,24.9300756001746,24.9300756001746,24.83747374101413,97640.05254544714,97640.05254544714,91212.18394770795,1466.4909704433935,1466.4909704433935,1370.2271843691258,13167380.736616602,10292403.848168086,106173083.16941524,108049998.06868887,108931464.52421403,1596858.768907832,1625199.9387793634,1639747.4515849259,88555.0918666666
-7.374233999999999,8481.843946799998,5071.629433499999,-1150.2,-600.0,-550.2,-687.75,0.2819138723923438,4760.25,4760.25,462.4500000000001,24.9300756001746,24.9300756001746,24.83747374101413,103245.16454288638,103245.16454288638,86130.85077819212,1550.729134910293,1550.729134910293,1294.3793386047723,13167380.736616602,10292403.848168086,106173083.16941524,108049998.06868887,108931464.52421403,1596858.768907832,1625199.9387793634,1639747.4515849259,88555.0918666666
-10.334985916666666,16511.173500466666,12887.727438083331,-1597.6,-600.0,-997.6,-1247.0,0.3337320542105256,5542.0,5542.0,350.5999999999999,24.94584261245164,24.94584261245164,24.83747374101413,122741.05223924594,122741.05223924594,91657.18868556777,1843.5611667365463,1843.5611667365463,1376.8696637334174,13167380.736616602,10292403.848168086,106173083.16941524,108049998.06868887,108931464.52421403,1596858.768907832,1625199.9387793634,1639747.4515849259,88555.0918666666
-12.06861525,21380.7587769,17674.487033625002,-1771.6,-600.0,-1171.6,-1464.5,0.3855502360287074,5665.166666666667,5665.166666666667,307.10000000000014,24.94584261245164,24.94584261245164,24.83747374101413,125813.54852101291,125813.54852101291,89314.18699599878,1889.6923308324415,1889.6923308324415,1341.8962374991006,13167380.736616602,10292403.848168086,106173083.16941524,108049998.06868887,108931464.52421403,1596858.768907832,1625199.9387793634,1639747.4515849259,88555.0918666666
-10.699347916666667,14372.07741152778,9940.585826909724,-1343.2666666666669,-600.0,-743.2666666666668,-929.0833333333334,0.4373684178468893,5652.833333333333,5652.833333333333,414.1833333333334,24.94584261245164,24.94584261245164,24.9300756001746,125505.88312879266,125505.88312879266,102335.21678348002,1885.0729720461136,1885.0729720461136,1537.0537027247844,13167380.736616602,10292403.848168086,106173083.16941524,108049998.06868887,108931464.52421403,1596858.768907832,1625199.9387793634,1639747.4515849259,88555.0918666666
-9.3824685,15254.642785199998,12031.4521065,-1625.8666666666666,-600.0,-1025.8666666666666,-1282.3333333333333,0.4891865996650711,5449.833333333333,5449.833333333333,343.5333333333333,24.94584261245164,24.94584261245164,24.83747374101413,120441.87707846497,120441.87707846497,88490.41078358846,1809.0408233738533,1809.0408233738533,1329.5999268619466,13167380.736616602,10292403.848168086,106173083.16941524,108049998.06868887,108931464.52421403,1596858.768907832,1625199.9387793634,1639747.4515849259,88555.0918666666
-9.769991,14006.2590976,10180.330622,-1433.6,-600.0,-833.6,-1042.0,0.5410047814832529,5317.25,5317.25,391.5999999999999,24.94584261245164,24.94584261245164,24.83747374101413,117134.47411209744,117134.47411209744,91166.64857918274,1759.3827164208299,1759.3827164208299,1369.547488806268,13167380.736616602,10292403.848168086,106173083.16941524,108049998.06868887,108931464.52421403,1596858.768907832,1625199.9387793634,1639747.4515849259,88555.0918666666
-7.476484916666666,8252.045618688888,4707.69333586111,-1103.7333333333331,-600.0,-503.73333333333335,-629.6666666666666,0.5928229633014348,4944.166666666667,4944.166666666667,474.0666666666666,24.9300756001746,24.9300756001746,24.83747374101413,107830.2209470185,107830.2209470185,92141.51942351754,1619.6370774523416,1619.6370774523416,1384.0991529019952,13167380.736616602,10292403.848168086,106173083.16941524,108049998.06868887,108931464.52421403,1596858.768907832,1625199.9387793634,1639747.4515849259,88555.0918666666
-2.41467425,1778.3270959833335,411.9031824791667,-736.4666666666667,-600.0,-136.46666666666667,-170.58333333333334,0.6446411451196166,4290.583333333333,4290.583333333333,565.8833333333333,24.83747374101413,24.83747374101413,24.83747374101413,91547.48984321162,91547.48984321162,87310.6307808903,1375.2322153319872,1375.2322153319872,1311.9896327333595,13167380.736616602,10292403.848168086,106173083.16941524,108049998.06868887,108931464.52421403,1596858.768907832,1625199.9387793634,1639747.4515849259,88555.0918666666
0.3197084166666669,-179.18591059444455,15.798924256944456,-560.4666666666667,-600.0,39.53333333333333,49.41666666666666,0.6964593269377983,4470.0,4470.0,609.8833333333333,24.9300756001746,24.9300756001746,24.9300756001746,96009.2100999357,96009.2100999357,97241.17133584435,1441.9813488323794,1441.9813488323794,1460.4962604442665,13167380.736616602,10292403.848168086,106173083.16941524,108049998.06868887,108931464.52421403,1596858.768907832,1625199.9387793634,1639747.4515849259,88555.0918666666
9.689001333333332,-5485.912554933333,409.36030633333326,-566.2,-600.0,33.800000000000004,42.25,0.7482775087559801,5203.2,4954.75,360.0,24.94584261245164,24.9300756001746,24.9300756001746,114289.40076214731,108094.06424712035,109147.35994122773,1716.6661324007741,1623.6023283371808,1639.4321094286256,13167380.736616602,10292403.848168086,106173083.16941524,108049998.06868887,108931464.52421403,1596858.768907832,1625199.9387793634,1639747.4515849259,88555.0918666666
22.700907666666662,-5284.771304799999,10419.716619,-232.79999999999995,-600.0,367.2000000000001,459.0,0.8000956905741619,5942.716666666667,5320.916666666667,70.0,24.94584261245164,24.94584261245164,24.94584261245164,132737.26713809886,117225.94220167643,128676.08396079173,1993.6466306550317,1760.7560393032516,1932.6710946755047,13167380.736616602,10292403.848168086,106173083.16941524,108049998.06868887,108931464.52421403,1596858.768907832,1625199.9387793634,1639747.4515849259,88555.0918666666
55.93488991666667,169486.44544016116,157321.5391314514,3030.066666666667,780.0,2250.066666666667,2812.583333333333,0.725454542248803,6041.349999999999,6258.833333333333,0.0,24.94584261245164,24.94584261245164,25.88297382225814,135197.75874777365,140623.06375193835,212193.58655126416,2030.589016192177,2112.0457902500034,3195.040265791827,13167380.736616602,10292403.848168086,106173083.16941524,108049998.06868887,108931464.52421403,1596858.768907832,1625199.9387793634,1639747.4515849259,88555.0918666666
55.14141116666666,176654.7009076111,167055.5002470139,3203.666666666667,780.0,2423.666666666667,3029.583333333333,0.6508133939234442,6806.75,6980.833333333333,0.0,25.2478697421981,25.2478697421981,25.90715906314357,154449.02828794683,158844.26161223446,236508.36215982423,2321.0219885877195,2387.5255993205355,3564.366677753555,13167380.736616602,10292403.848168086,106173083.16941524,108049998.06868887,108931464.52421403,1596858.768907832,1625199.9387793634,1639747.4515849259,88555.0918666666
49.12730866666666,136347.93247346667,122535.78964183333,2775.4,780.0,1995.4,2494.25,0.5761722455980853,6664.266666666666,6945.416666666667,0.0,25.2478697421981,25.2478697421981,25.88297382225814,150851.62764751262,157950.06622553163,221724.99166131078,2266.590263536992,2373.9956641546923,3339.2585605634617,13167380.736616602,10292403.848168086,106173083.16941524,108049998.06868887,108931464.52421403,1596858.768907832,1625199.9387793634,1639747.4515849259,88555.0918666666
40.65640133333333,81662.44771813334,62438.06834766666,2008.6,780.0,1228.6,1535.75,0.5015310972727265,6233.566666666667,6706.416666666667,0.0,24.94584261245164,25.2478697421981,25.40459672695093,139992.7654619304,151915.8253571463,190878.32754525967,2102.5823471147696,2282.692478141424,2870.5854527397055,13167380.736616602,10292403.848168086,106173083.16941524,108049998.06868887,108931464.52421403,1596858.768907832,1625199.9387793634,1639747.4515849259,88555.0918666666
33.15843133333333,35961.42406204445,12622.309527555555,1084.5333333333333,780.0,304.53333333333336,380.6666666666667,0.4268899489473676,5312.3,6016.166666666667,0.0,24.94584261245164,24.94584261245164,25.2478697421981,117010.9921911658,134569.53927798342,144099.5056827908,1757.5287305295603,2021.1567849406351,2164.424927221169,13167380.736616602,10292403.848168086,106173083.16941524,108049998.06868887,108931464.52421403,1596858.768907832,1625199.9387793634,1639747.4515849259,88555.0918666666
34.547770500000006,31760.91701300001,6017.07002875,919.3333333333334,780.0,139.33333333333334,174.16666666666666,0.3522488006220088,4865.666666666666,5610.833333333333,0.0,24.9300756001746,24.94584261245164,24.94584261245164,105873.21001240477,124458.15773906969,128802.89199407169,1590.2255315191244,1869.3421826656459,1934.5750195806804,13167380.736616602,10292403.848168086,106173083.16941524,108049998.06868887,108931464.52421403,1596858.768907832,1625199.9387793634,1639747.4515849259,88555.0918666666
31.960163666666663,24370.69013462222,-697.796906722222,762.5333333333333,780.0,-17.466666666666665,-21.83333333333333,0.2776076522966499,4268.05,5052.416666666667,0.0,24.83747374101413,24.9300756001746,24.9300756001746,90987.81876824744,110528.90163073741,109984.59498013361,1366.8781389594085,1660.1950372901854,1652.01475593721,13167380.736616602,10292403.848168086,106173083.16941524,108049998.06868887,108931464.52421403,1596858.768907832,1625199.9387793634,1639747.4515849259,88555.0918666666
31.267205,6742.251638166666,-2417.9971866666665,215.63333333333333,277.5,-61.86666666666667,-77.33333333333333,0.2510526283732049,4404.116666666667,4697.083333333333,0.0,24.83747374101413,24.9300756001746,24.9300756001746,94367.37102860809,101670.41476747535,99742.48892106186,1417.3239078245963,1527.0625193929059,1498.0880877304587,13167380.736616602,10292403.848168086,106173083.16941524,108049998.06868887,108931464.52421403,1596858.768907832,1625199.9387793634,1639747.4515849259,88555.0918666666
31.467319166666663,-2563.5376014444446,-3204.4220018055557,-81.46666666666667,0.0,-81.46666666666667,-101.83333333333331,0.2510526283732049,4694.133333333333,4714.5,0.0,24.9300756001746,24.9300756001746,24.9300756001746,101596.87104445483,102104.6135841784,99565.90088556062,1525.9572447368168,1533.588011006539,1495.4341796579288,13167380.736616602,10292403.848168086,106173083.16941524,108049998.06868887,108931464.52421403,1596858.768907832,1625199.9387793634,1639747.4515849259,88555.0918666666
41.85558916666667,36048.82376294445,4251.830266180556,861.2666666666667,780.0,81.26666666666667,101.58333333333331,0.1764114800478461,4498.65,5258.333333333333,0.0,24.9300756001746,24.94584261245164,24.94584261245164,96723.4567658807,115664.74821818048,118198.83006356203,1452.715626424566,1737.315914651007,1775.3632008708285,13167380.736616602,10292403.848168086,106173083.16941524,108049998.06868887,108931464.52421403,1596858.768907832,1625199.9387793634,1639747.4515849259,88555.0918666666
65.91213433333333,80817.06497724444,36757.00024655555,1226.1333333333332,780.0,446.1333333333333,557.6666666666666,0.1017703317224872,5276.533333333334,5945.0,0.0,24.94584261245164,24.94584261245164,25.2478697421981,116118.76255372712,132794.22681206395,146771.57189717342,1744.13259004921,1994.501836268176,2204.855557010866,13167380.736616602,10292403.848168086,106173083.16941524,108049998.06868887,108931464.52421403,1596858.768907832,1625199.9387793634,1639747.4515849259,88555.0918666666
35.31205241666667,23755.594729105556,-4734.757694868056,672.7333333333333,780.0,-107.26666666666668,-134.08333333333334,0.0271291833971284,5071.266666666666,5878.083333333333,0.0,24.9300756001746,24.94584261245164,24.94584261245164,110998.83355580068,131124.93417724737,127780.11244696117,1667.2575550079066,1969.4386936639785,1919.2187728045096,13167380.736616602,10292403.848168086,106173083.16941524,108049998.06868887,108931464.52421403,1596858.768907832,1625199.9387793634,1639747.4515849259,88555.0918666666
12.33103316666667,-18442.29320406667,-13804.591630083336,-1495.6,-600.0,-895.6,-1119.5,0.0789473652153102,5414.666666666667,5414.666666666667,376.0999999999999,24.94584261245164,24.94584261245164,24.83747374101413,119564.61494659378,119564.61494659378,91661.3282645246,1795.8694084560811,1795.8694084560811,1376.9314542391317,13167380.736616602,10292403.848168086,106173083.16941524,108049998.06868887,108931464.52421403,1596858.768907832,1625199.9387793634,1639747.4515849259,88555.0918666666
6.805675999999999,-14694.8156192,-13264.262523999998,-2159.2,-600.0,-1559.2,-1949.0,0.130765547033492,6055.083333333333,6055.083333333333,210.19999999999985,24.94584261245164,24.94584261245164,24.83747374101413,135540.34831965133,135540.34831965133,86964.97593799452,2035.7327346245206,2035.7327346245206,1306.830125506212,13167380.736616602,10292403.848168086,106173083.16941524,108049998.06868887,108931464.52421403,1596858.768907832,1625199.9387793634,1639747.4515849259,88555.0918666666
8.979854916666666,-16941.39428578333,-14441.851669729163,-1886.6,-600.0,-1286.6,-1608.25,0.1825837288516738,6507.75,6507.75,278.35000000000014,25.2478697421981,25.2478697421981,24.9300756001746,146899.9152350296,146899.9152350296,106716.6775702107,2206.797500646434,2206.797500646434,1602.9018453714452,13167380.736616602,10292403.848168086,106173083.16941524,108049998.06868887,108931464.52421403,1596858.768907832,1625199.9387793634,1639747.4515849259,88555.0918666666
8.176480833333335,-16390.02837977778,-14355.174849722223,-2004.5333333333333,-600.0,-1404.5333333333335,-1755.6666666666667,0.2344019106698557,6496.666666666667,6496.666666666667,248.8666666666668,25.2478697421981,25.2478697421981,24.9300756001746,146620.08467872025,146620.08467872025,102765.26058758303,2202.5634268180643,2202.5634268180643,1543.5167494425932,13167380.736616602,10292403.848168086,106173083.16941524,108049998.06868887,108931464.52421403,1596858.768907832,1625199.9387793634,1639747.4515849259,88555.0918666666
6.883387916666668,-13606.622341138893,-11845.736988923614,-1976.7333333333336,-600.0,-1376.7333333333336,-1720.9166666666667,0.2862200924880375,6719.583333333333,6719.583333333333,255.81666666666683,25.2478697421981,25.2478697421981,24.9300756001746,152248.25564208522,152248.25564208522,109188.910067228,2287.7224305089608,2287.7224305089608,1640.0565583868677,13167380.736616602,10292403.848168086,106173083.16941524,108049998.06868887,108931464.52421403,1596858.768907832,1625199.9387793634,1639747.4515849259,88555.0918666666
7.9011917500000015,-16326.495886083338,-14482.22604510417,-2066.333333333333,-600.0,-1466.3333333333337,-1832.9166666666667,0.3380382743062193,6942.666666666667,6942.666666666667,233.41666666666677,25.2478697421981,25.2478697421981,24.9300756001746,157880.63458374058,157880.63458374058,111958.2259651474,2372.9451044829916,2372.9451044829916,1681.6760814537238,13167380.736616602,10292403.848168086,106173083.16941524,108049998.06868887,108931464.52421403,1596858.768907832,1625199.9387793634,1639747.4515849259,88555.0918666666
4.3165527500000005,-5694.396387800001,-3880.5809222500006,-1319.2,-600.0,-719.2,-899.0,0.3898564561244011,6395.0,6395.0,420.2000000000001,25.2478697421981,25.2478697421981,24.94584261245164,144053.21792159675,144053.21792159675,121593.54347907317,2163.724554106702,2163.724554106702,1826.3322069388914,13167380.736616602,10292403.848168086,106173083.16941524,108049998.06868887,108931464.52421403,1596858.768907832,1625199.9387793634,1639747.4515849259,88555.0918666666
6.113108666666668,-3791.757535644445,-154.86541955555558,-620.2666666666667,-600.0,-20.266666666666666,-25.33333333333333,0.4416746379425829,6010.666666666667,6010.666666666667,594.9333333333333,24.94584261245164,24.94584261245164,24.94584261245164,134432.33714361495,134432.33714361495,133800.37579743285,2019.0968006170024,2019.0968006170024,2009.6083879748157,13167380.736616602,10292403.848168086,106173083.16941524,108049998.06868887,108931464.52421403,1596858.768907832,1625199.9387793634,1639747.4515849259,88555.0918666666
8.758457583333332,-2676.584637466666,3223.112390666666,-305.6,-600.0,294.40000000000003,368.0,0.4934928197607647,5802.583333333333,5802.583333333333,673.5999999999999,24.94584261245164,24.94584261245164,24.94584261245164,129241.52306000728,129241.52306000728,138421.5931413895,1941.1607270395664,1941.1607270395664,2078.9924054208063,13167380.736616602,10292403.848168086,106173083.16941524,108049998.06868887,108931464.52421403,1596858.768907832,1625199.9387793634,1639747.4515849259,88555.0918666666
16.561223166666668,-6501.936215233334,4293.497105958334,-392.6,-600.0,207.4,259.25,0.5453110015789466,6127.583333333333,6127.583333333333,651.85,24.94584261245164,24.94584261245164,25.2478697421981,137348.92190905407,137348.92190905407,143847.0269853688,2062.887073436042,2062.887073436042,2160.604710233166,13167380.736616602,10292403.848168086,106173083.16941524,108049998.06868887,108931464.52421403,1596858.768907832,1625199.9387793634,1639747.4515849259,88555.0918666666
19.895719333333336,-7955.634970755556,4977.245786555556,-399.8666666666667,-600.0,200.13333333333333,250.16666666666663,0.5971291833971284,7353.783333333333,7102.75,399.0,25.39384615384616,25.39384615384616,25.39384615384616,168312.9206697786,161938.21882362477,168290.91266977863,2529.8982430424703,2434.00114832736,2529.567168223377,13167380.736616602,10292403.848168086,106173083.16941524,108049998.06868887,108931464.52421403,1596858.768907832,1625199.9387793634,1639747.4515849259,88555.0918666666
34.418884416666664,18053.852172688887,22567.31521586111,524.5333333333333,0.0,524.5333333333333,655.6666666666666,0.5971291833971284,8238.966666666667,8164.833333333333,57.0,25.40459672695093,25.40459672695093,25.88297382225814,190797.0328357334,188913.70539837543,205699.1170363626,2869.355394905036,2840.859055068536,3096.773398727471,13167380.736616602,10292403.848168086,106173083.16941524,108049998.06868887,108931464.52421403,1596858.768907832,1625199.9387793634,1639747.4515849259,88555.0918666666
89.75809650000001,288650.0705978,273298.44415975,3215.866666666667,780.0,2435.866666666667,3044.833333333333,0.5224880350717696,10094.299999999996,10265.33333333333,0.0,25.90715906314357,26.05778620996135,28.26067979057965,238681.54101923748,243113.72605026411,324397.7957614382,3597.5337339732237,3664.9831077909985,4912.575455444793,13167380.736616602,10292403.848168086,106173083.16941524,108049998.06868887,108931464.52421403,1596858.768907832,1625199.9387793634,1639747.4515849259,88555.0918666666
56.6920025,170000.41816333335,157225.82026666668,2998.666666666667,780.0,2218.666666666667,2773.333333333333,0.4478468867464107,11172.999999999996,11398.33333333333,0.0,26.25410656461584,26.25410656461584,28.44052465868313,266823.7612483799,272739.6865942734,348837.68690825254,4030.583293197908,4120.182540761445,5281.699537288029,13167380.736616602,10292403.848168086,106173083.16941524,108049998.06868887,108931464.52421403,1596858.768907832,1625199.9387793634,1639747.4515849259,88555.0918666666
50.5804555,134294.48138286668,118552.15761608334,2655.0666666666666,780.0,1875.0666666666668,2343.833333333333,0.3732057384210518,10173.183333333336,10484.41666666667,0.0,25.90715906314357,26.06238651883058,27.23234572422633,240725.18408333533,248823.55335628084,310891.0542016948,3628.723814856934,3753.769495325226,4706.602591828371,13167380.736616602,10292403.848168086,106173083.16941524,108049998.06868887,108931464.52421403,1596858.768907832,1625199.9387793634,1639747.4515849259,88555.0918666666
44.3447185,71563.5067153,46218.282856625,1613.8000000000002,780.0,833.8000000000001,1042.25,0.298564590095693,8903.45,9475.0,0.0,25.88297382225814,25.88297382225814,26.06238651883058,207846.10971491892,222639.52340303053,249679.2683803157,3129.2592305029148,3353.0962064071305,3767.078950060378,13167380.736616602,10292403.848168086,106173083.16941524,108049998.06868887,108931464.52421403,1596858.768907832,1625199.9387793634,1639747.4515849259,88555.0918666666
39.6817595,36509.86419063333,6947.614725791666,920.0666666666668,780.0,140.0666666666667,175.08333333333334,0.2239234417703342,7734.85,8479.833333333334,0.0,25.40459672695093,25.53400033478695,25.80118739161481,177990.152215732,196916.9479214953,201426.3926098483,2675.5764400861035,2961.8645023005342,3030.8516995400855,13167380.736616602,10292403.848168086,106173083.16941524,108049998.06868887,108931464.52421403,1596858.768907832,1625199.9387793634,1639747.4515849259,88555.0918666666
34.909736583333334,-3130.239713638889,-3912.799642048611,-89.66666666666667,0.0,-89.66666666666667,-112.08333333333331,0.2239234417703342,7215.75,7238.166666666667,0.0,25.39384615384616,25.39384615384616,25.39384615384616,164807.7234390094,165376.96882362477,162530.74190054784,2477.1682112783924,2485.7315888107137,2442.9147011491077,13167380.736616602,10292403.848168086,106173083.16941524,108049998.06868887,108931464.52421403,1596858.768907832,1625199.9387793634,1639747.4515849259,88555.0918666666
33.06731358333333,-820.0693768666666,-1025.0867210833333,-24.8,0.0,-24.8,-31.0,0.2239234417703342,6378.216666666667,6384.416666666667,0.0,25.2478697421981,25.2478697421981,25.2478697421981,143629.47450775688,143786.0113001585,143003.32733815035,2157.3129565951704,2159.6814911277324,2147.8388184649234,13167380.736616602,10292403.848168086,106173083.16941524,108049998.06868887,108931464.52421403,1596858.768907832,1625199.9387793634,1639747.4515849259,88555.0918666666
35.66125250000001,-739.3766351666669,-924.2207939583336,-20.73333333333333,0.0,-20.73333333333333,-25.916666666666668,0.2239234417703342,5769.983333333334,5775.166666666667,0.0,24.94584261245164,24.94584261245164,24.94584261245164,128428.28859084137,128557.5912083826,127911.07812067654,1928.9506381394895,1930.8920173050947,1921.185121477068,13167380.736616602,10292403.848168086,106173083.16941524,108049998.06868887,108931464.52421403,1596858.768907832,1625199.9387793634,1639747.4515849259,88555.0918666666
36.947695,24277.09879466667,-5677.629131666667,657.0666666666666,780.0,-122.93333333333334,-153.66666666666666,0.1492822934449753,4944.266666666666,5755.0,0.0,24.9300756001746,24.94584261245164,24.94584261245164,107832.7139545785,128054.51671569813,124221.1722342514,1619.674544389836,1923.338741451775,1865.7840279248258,13167380.736616602,10292403.848168086,106173083.16941524,108049998.06868887,108931464.52421403,1596858.768907832,1625199.9387793634,1639747.4515849259,88555.0918666666
39.20411408333333,35312.45235866111,5916.554217076388,900.7333333333332,780.0,120.73333333333332,150.91666666666666,0.0746411451196164,5126.6,5876.416666666667,0.0,24.94584261245164,24.94584261245164,24.94584261245164,112378.54921803354,131083.3577728933,134848.10118715581,1687.9761689116358,1968.8144559901507,2025.3391773552835,13167380.736616602,10292403.848168086,106173083.16941524,108049998.06868887,108931464.52421403,1596858.768907832,1625199.9387793634,1639747.4515849259,88555.0918666666
40.85787583333334,45079.85633611112,16513.39148263889,1103.3333333333337,780.0,323.33333333333337,404.1666666666667,-3.205742366008124e-09,5667.916666666666,6367.083333333333,0.0,24.94584261245164,25.2478697421981,25.2478697421981,125882.14958819712,143348.38155796038,153552.7289120988,1890.7223229942574,2153.0597816818604,2307.460218280309,13167380.736616602,10292403.848168086,106173083.16941524,108049998.06868887,108931464.52421403,1596858.768907832,1625199.9387793634,1639747.4515849259,88555.0918666666
35.67708833333333,-230.7118378888889,-288.3897973611111,-6.466666666666668,0.0,-6.466666666666668,-8.083333333333334,-3.205742366008124e-09,6413.966666666666,6415.583333333333,0.0,25.2478697421981,25.2478697421981,25.2478697421981,144532.08585104044,144572.903240457,144368.81629337423,2170.9702323272804,2171.5878340736745,2168.499825341705,13167380.736616602,10292403.848168086,106173083.16941524,108049998.06868887,108931464.52421403,1596858.768907832,1625199.9387793634,1639747.4515849259,88555.0918666666
17.089910750000005,-15385.476984533338,-6414.413168166669,-900.2666666666667,-600.0,-300.26666666666665,-375.3333333333333,0.0518181786124394,5590.35,5135.416666666667,70.0,24.94584261245164,24.94584261245164,24.9300756001746,123947.18372955799,112598.48839706666,103241.00953028638,1861.670301654299,1691.2783862061863,1550.666690014469,13167380.736616602,10292403.848168086,106173083.16941524,108049998.06868887,108931464.52421403,1596858.768907832,1625199.9387793634,1639747.4515849259,88555.0918666666
13.42343075,-12541.063902033333,-5608.756815041666,-934.2666666666668,-600.0,-334.26666666666665,-417.8333333333333,0.1036363604306212,5166.266666666666,4947.833333333333,298.0,24.94584261245164,24.9300756001746,24.9300756001746,113368.06764166077,107921.63122421913,97505.01463594618,1702.833025548744,1621.0108651604746,1464.4615113291056,13167380.736616602,10292403.848168086,106173083.16941524,108049998.06868887,108931464.52421403,1596858.768907832,1625199.9387793634,1639747.4515849259,88555.0918666666
8.301129083333333,-11166.125434294445,-7731.809980368054,-1345.1333333333332,-600.0,-745.1333333333333,-931.4166666666666,0.1554545422488031,6142.5,6142.5,413.7166666666666,24.94584261245164,24.94584261245164,24.94584261245164,137721.03072802315,137721.03072802315,114486.05715474214,2068.4740006168036,2068.4740006168036,1719.618776597981,13167380.736616602,10292403.848168086,106173083.16941524,108049998.06868887,108931464.52421403,1596858.768907832,1625199.9387793634,1639747.4515849259,88555.0918666666
5.026550166666666,-11647.186942855553,-10789.071053569442,-2317.133333333333,-600.0,-1717.1333333333332,-2146.4166666666665,0.2072727240669849,6812.5,6812.5,170.7166666666667,25.2478697421981,25.2478697421981,24.9300756001746,154594.20353896447,154594.20353896447,100897.58242386996,2323.2186133558207,2323.2186133558207,1515.4477687695976,13167380.736616602,10292403.848168086,106173083.16941524,108049998.06868887,108931464.52421403,1596858.768907832,1625199.9387793634,1639747.4515849259,88555.0918666666
4.950743,-11426.974943066663,-10570.661428833331,-2308.133333333333,-600.0,-1708.1333333333332,-2135.1666666666665,0.2590909058851667,6840.5,6840.5,172.9666666666667,25.2478697421981,25.2478697421981,24.9300756001746,155301.143891746,155301.143891746,101876.08789117681,2333.915220922229,2333.915220922229,1530.153541736206,13167380.736616602,10292403.848168086,106173083.16941524,108049998.06868887,108931464.52421403,1596858.768907832,1625199.9387793634,1639747.4515849259,88555.0918666666
13.573849916666669,-26244.58635221111,-22625.34550276389,-1933.4666666666667,-600.0,-1333.4666666666667,-1666.8333333333333,0.3109090877033485,6308.833333333333,6308.833333333333,266.63333333333344,25.2478697421981,25.2478697421981,24.9300756001746,141877.69314547736,141877.69314547736,100297.18310316573,2130.8070177267437,2130.8070177267437,1506.4244813229948,13167380.736616602,10292403.848168086,106173083.16941524,108049998.06868887,108931464.52421403,1596858.768907832,1625199.9387793634,1639747.4515849259,88555.0918666666
10.478386,-17806.9691684,-14399.921960499998,-1699.4,-600.0,-1099.4,-1374.25,0.3627272695215303,5963.916666666667,5963.916666666667,325.1500000000001,24.94584261245164,24.94584261245164,24.9300756001746,133266.11900148285,133266.11900148285,98992.50914675661,2001.5869338661248,2001.5869338661248,1486.8167840341837,13167380.736616602,10292403.848168086,106173083.16941524,108049998.06868887,108931464.52421403,1596858.768907832,1625199.9387793634,1639747.4515849259,88555.0918666666
14.08757366666667,-16250.485810288892,-9747.427012861112,-1153.5333333333333,-600.0,-553.5333333333333,-691.9166666666666,0.4145454513397121,5431.283333333334,5118.666666666667,149.0,24.94584261245164,24.94584261245164,24.9300756001746,119979.13169800401,112180.64553330808,94930.98433022815,1802.093058064147,1685.0047975842142,1425.7768983659892,13167380.736616602,10292403.848168086,106173083.16941524,108049998.06868887,108931464.52421403,1596858.768907832,1625199.9387793634,1639747.4515849259,88555.0918666666
20.46688633333333,-12996.472821666668,-895.4262770833334,-635.0,-600.0,-35.0,-43.75,0.466363633157894,5535.833333333333,5004.583333333333,60.0,24.94584261245164,24.9300756001746,24.9300756001746,122587.21954313581,109336.41301452904,108245.7222070214,1841.2514873433822,1642.2733521886282,1625.8815670347653,13167380.736616602,10292403.848168086,106173083.16941524,108049998.06868887,108931464.52421403,1596858.768907832,1625199.9387793634,1639747.4515849259,88555.0918666666
24.87735958333333,-11927.86467488889,3748.1888438888886,-479.4666666666667,-600.0,120.53333333333332,150.66666666666666,0.5181818149760757,6359.633333333333,5745.5,16.0,25.2478697421981,24.94584261245164,24.94584261245164,143160.284928381,127817.53121087985,131576.03816448923,2150.2137200257985,1919.7805867109548,1976.2116724250134,13167380.736616602,10292403.848168086,106173083.16941524,108049998.06868887,108931464.52421403,1596858.768907832,1625199.9387793634,1639747.4515849259,88555.0918666666
25.884015583333337,-7672.0222189,9822.983913875,-296.4,-600.0,303.6,379.5,0.5699999967942575,6765.9,6101.0,11.0,25.2478697421981,24.94584261245164,25.2478697421981,153417.65280897802,136685.7782596064,146211.9107845547,2305.4164021917277,2052.9304825384843,2196.3874093541262,13167380.736616602,10292403.848168086,106173083.16941524,108049998.06868887,108931464.52421403,1596858.768907832,1625199.9387793634,1639747.4515849259,88555.0918666666
32.65548233333333,44304.78139771111,23541.881472138888,1356.7333333333331,780.0,576.7333333333333,720.9166666666666,0.4953588484688986,5934.183333333333,6570.0,0.0,24.94584261245164,25.2478697421981,25.39384615384616,132524.39594780593,148471.59512648144,166716.49420824015,1990.4505337650319,2230.5783513967517,2505.882585011306,13167380.736616602,10292403.848168086,106173083.16941524,108049998.06868887,108931464.52421403,1596858.768907832,1625199.9387793634,1639747.4515849259,88555.0918666666
52.34417166666668,140216.07744922224,124234.5294365278,2678.7333333333336,780.0,1898.7333333333331,2373.4166666666665,0.4207177001435398,7726.85,8032.166666666667,0.0,25.40459672695093,25.40459672695093,26.06238651883058,177786.91544191638,185543.36223259996,246768.96855237964,2672.501295499431,2789.8629073395477,3721.8132918240717,13167380.736616602,10292403.848168086,106173083.16941524,108049998.06868887,108931464.52421403,1596858.768907832,1625199.9387793634,1639747.4515849259,88555.0918666666
63.05041783333333,189605.21650840004,175532.363248,3007.2000000000003,780.0,2227.2000000000003,2784.0,0.346076551818181,8758.55,8981.75,0.0,25.80118739161481,25.88297382225814,26.50874699148197,204100.25566319926,209872.7465652017,282411.4203759318,3072.1669076012226,3159.9239758677995,4267.588807117368,13167380.736616602,10292403.848168086,106173083.16941524,108049998.06868887,108931464.52421403,1596858.768907832,1625199.9387793634,1639747.4515849259,88555.0918666666
43.14611433333334,94464.1027214,76012.66692675001,2189.4,780.0,1409.4,1761.75,0.2714354034928221,7843.85,8271.5,0.0,25.40459672695093,25.40459672695093,25.90715906314357,180759.25325896963,191623.5290492502,237099.9089584327,2717.475285079518,2881.860982890838,3573.394865121119,13167380.736616602,10292403.848168086,106173083.16941524,108049998.06868887,108931464.52421403,1596858.768907832,1625199.9387793634,1639747.4515849259,88555.0918666666
31.796053333333333,43679.29833244445,23597.970915555557,1373.7333333333331,780.0,593.7333333333333,742.1666666666666,0.1967942551674633,6836.016666666666,7467.583333333333,0.0,25.2478697421981,25.39384615384616,25.40459672695093,155187.94927573515,171202.7403620863,190054.79520136098,2332.202490305941,2573.370913518819,2858.1247106124583,13167380.736616602,10292403.848168086,106173083.16941524,108049998.06868887,108931464.52421403,1596858.768907832,1625199.9387793634,1639747.4515849259,88555.0918666666
30.82145966666667,7530.709978555557,9413.387473194443,244.33333333333337,0.0,244.33333333333337,305.4166666666667,0.1967942551674633,7062.166666666666,7008.083333333333,7.0,25.39384615384616,25.39384615384616,25.39384615384616,160907.65190054782,159534.268054394,167289.97190054785,2418.4979332409644,2397.8375911648436,2514.5096307780686,13167380.736616602,10292403.848168086,106173083.16941524,108049998.06868887,108931464.52421403,1596858.768907832,1625199.9387793634,1639747.4515849259,88555.0918666666
32.10516833333333,23622.982859666667,-1773.8105504166665,735.8,780.0,-44.2,-55.25,0.1221531068421044,5543.616666666667,6334.666666666667,0.0,24.94584261245164,25.2478697421981,25.04423913574815,122781.3813514694,142529.92978048415,141136.65971364686,1844.1666772801595,2140.675911612418,2119.7218916166944,13167380.736616602,10292403.848168086,106173083.16941524,108049998.06868887,108931464.52421403,1596858.768907832,1625199.9387793634,1639747.4515849259,88555.0918666666
29.632075,-8516.258355000002,-10645.32294375,-287.40000000000003,0.0,-287.40000000000003,-359.25,0.1221531068421044,5881.65,5953.5,0.0,24.94584261245164,24.94584261245164,24.94584261245164,131213.90768256513,133006.2664742698,124044.47251574654,1970.7745622859707,1997.6854484046992,1863.1310178110566,13167380.736616602,10292403.848168086,106173083.16941524,108049998.06868887,108931464.52421403,1596858.768907832,1625199.9387793634,1639747.4515849259,88555.0918666666
29.70586083333333,-18435.457233166664,-23044.32154145833,-620.6,0.0,-620.6,-775.75,0.1221531068421044,5969.683333333333,6124.833333333333,0.0,24.94584261245164,24.94584261245164,24.94584261245164,133409.97336054797,137280.32084186983,117928.58343526047,2003.74679621757,2061.8570812742255,1771.305655990946,13167380.736616602,10292403.848168086,106173083.16941524,108049998.06868887,108931464.52421403,1596858.768907832,1625199.9387793634,1639747.4515849259,88555.0918666666
27.025080000000003,-24623.451224000004,-10510.504030000002,-911.1333333333334,-600.0,-311.1333333333334,-388.9166666666667,0.1739712886602862,5835.216666666667,5319.0,6.0,24.94584261245164,24.94584261245164,24.9300756001746,130055.58905726031,117178.12933666923,107479.12238231604,1953.3833006931206,1760.0381659783493,1614.3604837551932,13167380.736616602,10292403.848168086,106173083.16941524,108049998.06868887,108931464.52421403,1596858.768907832,1625199.9387793634,1639747.4515849259,88555.0918666666
31.220554999999997,6820.650582333332,-1542.815759583333,218.46666666666667,258.0,-39.53333333333333,-49.41666666666666,0.1492822934449752,5228.95,5496.833333333333,0.0,24.94584261245164,24.94584261245164,24.94584261245164,114931.75620941794,121614.3316812502,120381.59129215154,1726.310604461418,1826.6443257758053,1808.1356787468026,13167380.736616602,10292403.848168086,106173083.16941524,108049998.06868887,108931464.52421403,1596858.768907832,1625199.9387793634,1639747.4515849259,88555.0918666666
36.65951583333333,48620.29386588889,25032.339394861112,1326.2666666666669,780.0,546.2666666666668,682.8333333333334,0.0746411451196164,5661.733333333334,6305.166666666667,0.0,24.94584261245164,25.2478697421981,25.26813583970442,125727.9011280435,141785.1176230893,159025.27155684202,1888.4064012243557,2129.4062714978095,2390.2547092438285,13167380.736616602,10292403.848168086,106173083.16941524,108049998.06868887,108931464.52421403,1596858.768907832,1625199.9387793634,1639747.4515849259,88555.0918666666
31.92635083333333,34542.18317827777,12049.536910347222,1081.9333333333334,780.0,301.93333333333334,377.4166666666667,-3.205742449274851e-09,5882.983333333334,6587.5,0.0,24.94584261245164,25.2478697421981,25.2478697421981,131247.1688060484,148913.4328469699,158442.3996855045,1971.2739524250333,2237.2637311257567,2381.4450872812977,13167380.736616602,10292403.848168086,106173083.16941524,108049998.06868887,108931464.52421403,1596858.768907832,1625199.9387793634,1639747.4515849259,88555.0918666666
17.862321166666668,-8104.730524022222,3265.8277199722224,-453.73333333333335,-600.0,146.26666666666668,182.83333333333331,0.0518181786124393,4882.316666666667,4291.75,46.0,24.9300756001746,24.83747374101413,24.9300756001746,106288.2957711477,91576.46689590947,96123.47294643651,1596.463776611966,1375.6647488719877,1443.6985834675459,13167380.736616602,10292403.848168086,106173083.16941524,108049998.06868887,108931464.52421403,1596858.768907832,1625199.9387793634,1639747.4515849259,88555.0918666666
2.785981916666667,-1811.6311743444448,-175.05253043055558,-650.2666666666667,-600.0,-50.26666666666667,-62.833333333333336,0.1036363604306211,5816.083333333333,5816.083333333333,587.4333333333333,24.94584261245164,24.94584261245164,24.94584261245164,129578.29193527538,129578.29193527538,128010.86149112634,1946.217052197574,1946.217052197574,1922.6832918942555,13167380.736616602,10292403.848168086,106173083.16941524,108049998.06868887,108931464.52421403,1596858.768907832,1625199.9387793634,1639747.4515849259,88555.0918666666
3.126878083333333,-3537.124487866666,-2076.2470473333333,-1131.2,-600.0,-531.2,-664.0,0.155454542248803,6096.916666666667,6096.916666666667,467.2000000000001,24.94584261245164,24.94584261245164,24.94584261245164,136583.9160689389,136583.9160689389,120019.87657427101,2051.4011002376055,2051.4011002376055,1802.7048109844986,13167380.736616602,10292403.848168086,106173083.16941524,108049998.06868887,108931464.52421403,1596858.768907832,1625199.9387793634,1639747.4515849259,88555.0918666666
3.3103858333333336,-6306.726397277778,-5400.618621597223,-1905.1333333333332,-600.0,-1305.1333333333334,-1631.4166666666667,0.2072727240669848,6993.416666666667,6993.416666666667,273.7166666666667,25.32092236317702,25.32092236317702,24.94584261245164,159162.33101028806,159162.33101028806,118250.80056900464,2392.312551506972,2392.312551506972,1776.1434979631138,13167380.736616602,10292403.848168086,106173083.16941524,108049998.06868887,108931464.52421403,1596858.768907832,1625199.9387793634,1639747.4515849259,88555.0918666666
1.6872175833333332,-3873.739090161111,-3576.760675201388,-2295.9333333333334,-600.0,-1695.9333333333334,-2119.9166666666665,0.2590909058851666,7385.083333333333,7385.083333333333,176.01666666666688,25.39384615384616,25.39384615384616,24.94584261245164,169107.74805439397,169107.74805439397,115835.21147603223,2541.8551374704994,2541.8551374704994,1739.8752891137021,13167380.736616602,10292403.848168086,106173083.16941524,108049998.06868887,108931464.52421403,1596858.768907832,1625199.9387793634,1639747.4515849259,88555.0918666666
9.10455975,-16078.04554785,-13269.1371223125,-1765.9333333333334,-600.0,-1165.9333333333334,-1457.4166666666667,0.3109090877033484,6707.75,6707.75,308.51666666666665,25.2478697421981,25.2478697421981,24.94584261245164,151949.4891834692,151949.4891834692,115465.18147728087,2283.201840406491,2283.201840406491,1734.3195738166323,13167380.736616602,10292403.848168086,106173083.16941524,108049998.06868887,108931464.52421403,1596858.768907832,1625199.9387793634,1639747.4515849259,88555.0918666666
10.831771916666668,-15347.176569661116,-11060.14177457639,-1416.8666666666668,-600.0,-816.8666666666668,-1021.0833333333334,0.3627272695215303,6504.950000000001,6342.166666666667,233.0,25.2478697421981,25.2478697421981,24.94584261245164,146829.22119975145,142719.28880355062,117230.09984211184,2205.7278398897934,2143.5410743534203,1760.8184630706346,13167380.736616602,10292403.848168086,106173083.16941524,108049998.06868887,108931464.52421403,1596858.768907832,1625199.9387793634,1639747.4515849259,88555.0918666666
8.158264583333333,-6819.221423055556,-2405.328341319444,-835.8666666666667,-600.0,-235.86666666666667,-294.8333333333333,0.4145454513397121,5951.616666666667,5644.583333333333,234.0,24.94584261245164,24.94584261245164,24.94584261245164,132959.28513734968,125300.07992723993,117945.21399700211,1996.9800598332736,1881.9829955606644,1771.5553510604773,13167380.736616602,10292403.848168086,106173083.16941524,108049998.06868887,108931464.52421403,1596858.768907832,1625199.9387793634,1639747.4515849259,88555.0918666666
15.145491583333332,-10192.915835583331,-1382.0261069791666,-673.0,-600.0,-73.0,-91.25,0.4663636331578939,6032.916666666667,5596.166666666667,145.0,24.94584261245164,24.94584261245164,24.94584261245164,134987.38214174198,124092.28538075375,121815.97724236753,2027.4303735626074,1863.848891135959,1829.6718784938716,13167380.736616602,10292403.848168086,106173083.16941524,108049998.06868887,108931464.52421403,1596858.768907832,1625199.9387793634,1639747.4515849259,88555.0918666666
14.760639999999997,-8179.362645333332,846.2766933333332,-554.1333333333333,-600.0,45.866666666666674,57.333333333333336,0.5181818149760757,6371.883333333333,5879.416666666667,119.0,25.2478697421981,24.94584261245164,24.94584261245164,143469.57133272293,131158.19530073067,132588.42361051124,2154.8934858361017,1969.9380838030413,1991.411859782727,13167380.736616602,10292403.848168086,106173083.16941524,108049998.06868887,108931464.52421403,1596858.768907832,1625199.9387793634,1639747.4515849259,88555.0918666666
14.7837075,-9009.1913505,-173.708563125,-609.4,-600.0,-9.4,-11.75,0.5699999967942575,6510.65,6031.0,118.0,25.2478697421981,24.94584261245164,24.94584261245164,146973.13405728195,134939.56927673478,134646.45562603849,2207.9053635729547,2026.712500237705,2022.311624637217,13167380.736616602,10292403.848168086,106173083.16941524,108049998.06868887,108931464.52421403,1596858.768907832,1625199.9387793634,1639747.4515849259,88555.0918666666
29.40860066666667,7673.684200622223,9592.10525077778,260.93333333333334,0.0,260.93333333333334,326.1666666666667,0.5699999967942575,5983.066666666667,5957.833333333333,40.0,24.94584261245164,24.94584261245164,25.13240054952598,133743.83188751127,133114.3651255904,141251.62901048703,2008.7594247384093,1999.3084663566522,2121.416470196645,13167380.736616602,10292403.848168086,106173083.16941524,108049998.06868887,108931464.52421403,1596858.768907832,1625199.9387793634,1639747.4515849259,88555.0918666666
41.779514166666665,110690.64483316666,97628.27972895832,2649.4,780.0,1869.4,2336.75,0.4953588484688986,6535.266666666666,6847.916666666667,0.0,25.2478697421981,25.2478697421981,25.88297382225814,147594.65245076906,155488.3989256673,215124.83333663497,2217.3094643917552,2336.7485485216644,3239.392531597361,13167380.736616602,10292403.848168086,106173083.16941524,108049998.06868887,108931464.52421403,1596858.768907832,1625199.9387793634,1639747.4515849259,88555.0918666666
40.18786799999999,110079.92883439997,98416.73974299995,2739.133333333333,780.0,1959.1333333333328,2448.9166666666665,0.4207177001435398,6859.616666666667,7149.833333333333,0.0,25.2478697421981,25.39384615384616,25.90715906314357,155783.79900165103,163133.84574670167,225843.2483454968,2341.218202397628,2451.9874245569567,3401.595708425946,13167380.736616602,10292403.848168086,106173083.16941524,108049998.06868887,108931464.52421403,1596858.768907832,1625199.9387793634,1639747.4515849259,88555.0918666666
34.21888325,79280.58997248334,65737.32629685415,2316.866666666667,780.0,1536.8666666666668,1921.0833333333333,0.346076551818181,6643.133333333333,7038.916666666667,0.0,25.2478697421981,25.39384615384616,25.88297382225814,150318.05600029416,160317.24497747092,209309.7918845676,2258.5168716356793,2409.6162145364383,3151.4059910442206,13167380.736616602,10292403.848168086,106173083.16941524,108049998.06868887,108931464.52421403,1596858.768907832,1625199.9387793634,1639747.4515849259,88555.0918666666
32.66006749999999,53858.62864533332,35479.719994166655,1649.0666666666666,780.0,869.0666666666666,1086.3333333333333,0.2714354034928221,5804.433333333333,6367.166666666667,0.0,24.94584261245164,25.2478697421981,25.39384615384616,129287.67286884034,143350.48554710558,170845.1103620863,1941.8536308575158,2153.091616823427,2567.9909477085507,13167380.736616602,10292403.848168086,106173083.16941524,108049998.06868887,108931464.52421403,1596858.768907832,1625199.9387793634,1639747.4515849259,88555.0918666666
29.849403833333337,30171.777394733337,8611.553005916669,1010.8,780.0,230.8,288.5,0.1967942551674633,5127.95,5850.25,0.0,24.94584261245164,24.94584261245164,24.94584261245164,112412.22610556033,130430.60822453415,137627.48381822646,1688.4818014274365,1959.0139245110497,2067.0694658506904,13167380.736616602,10292403.848168086,106173083.16941524,108049998.06868887,108931464.52421403,1596858.768907832,1625199.9387793634,1639747.4515849259,88555.0918666666
32.17075675,26084.0495729,1238.574134875,810.8,780.0,30.8,38.5,0.1221531068421044,4888.366666666667,5660.666666666667,0.0,24.9300756001746,24.94584261245164,24.94584261245164,106439.12272852876,125701.29222925688,126661.70716983627,1598.730526330386,1888.0068891131057,1902.4267793785343,13167380.736616602,10292403.848168086,106173083.16941524,108049998.06868887,108931464.52421403,1596858.768907832,1625199.9387793634,1639747.4515849259,88555.0918666666
28.396438666666665,-1648.8865385777776,-2061.108173222222,-58.06666666666666,0.0,-58.06666666666666,-72.58333333333333,0.1221531068421044,5102.983333333334,5117.5,0.0,24.9300756001746,24.94584261245164,24.9300756001746,111789.53245358623,112151.54205026022,110341.9260637361,1679.1408186832596,1684.5678312125344,1657.3850169780947,13167380.736616602,10292403.848168086,106173083.16941524,108049998.06868887,108931464.52421403,1596858.768907832,1625199.9387793634,1639747.4515849259,88555.0918666666
27.926505500000005,-1979.0583564333333,-2473.8229455416667,-70.86666666666666,0.0,-70.86666666666666,-88.58333333333333,0.1221531068421044,5064.616666666667,5082.333333333333,0.0,24.9300756001746,24.9300756001746,24.9300756001746,110833.04855305953,111274.72639244262,109066.33719552716,1664.7660036645195,1671.4038960906362,1638.2144339600527,13167380.736616602,10292403.848168086,106173083.16941524,108049998.06868887,108931464.52421403,1596858.768907832,1625199.9387793634,1639747.4515849259,88555.0918666666
28.917370833333337,-2602.563375,-3253.204218750001,-90.0,0.0,-90.0,-112.5,0.1221531068421044,5159.583333333333,5182.083333333333,0.0,24.94584261245164,24.94584261245164,24.9300756001746,113201.34626020088,113762.62771898105,110956.86792854039,1700.3298324766934,1708.7570410733724,1666.6268615600818,13167380.736616602,10292403.848168086,106173083.16941524,108049998.06868887,108931464.52421403,1596858.768907832,1625199.9387793634,1639747.4515849259,88555.0918666666
29.30560583333333,15073.826787138889,654.4918636111111,514.3666666666667,496.5,17.866666666666667,22.33333333333333,0.0746411451196163,4812.466666666666,5304.5,0.0,24.9300756001746,24.94584261245164,24.94584261245164,104546.92999047549,116816.41461878868,117373.53843713342,1570.2931207720271,1754.607298216045,1762.9720830453412,13167380.736616602,10292403.848168086,106173083.16941524,108049998.06868887,108931464.52421403,1596858.768907832,1625199.9387793634,1639747.4515849259,88555.0918666666
29.89028483333333,32415.01755892222,11375.744236152776,1084.4666666666667,780.0,304.46666666666664,380.5833333333333,-3.2057424631526384e-09,4604.283333333334,5308.166666666667,0.0,24.9300756001746,24.94584261245164,24.94584261245164,99356.90375177917,116907.88270836767,126401.85464262322,1492.2932013979694,1755.9806210984668,1898.5252939171087,13167380.736616602,10292403.848168086,106173083.16941524,108049998.06868887,108931464.52421403,1596858.768907832,1625199.9387793634,1639747.4515849259,88555.0918666666
24.416212666666667,2869.7188620888887,3587.148577611111,117.53333333333332,0.0,117.53333333333332,146.91666666666666,-3.2057424631526384e-09,5227.633333333333,5215.25,17.0,24.94584261245164,24.94584261245164,24.94584261245164,114898.91084997823,114589.99816562737,118254.95820944007,1725.8174566990938,1721.1793707825514,1776.2059217304966,13167380.736616602,10292403.848168086,106173083.16941524,108049998.06868887,108931464.52421403,1596858.768907832,1625199.9387793634,1639747.4515849259,88555.0918666666
7.081063249999999,-7941.648470316665,-4616.263150395832,-1121.5333333333333,-600.0,-521.5333333333333,-651.9166666666666,0.0518181786124393,4408.283333333334,4047.666666666667,109.0,24.83747374101413,24.83747374101413,23.73661360437842,94470.860502529,85514.05351362361,69564.23724134528,1418.8686704674549,1285.1725532533355,1050.3913749459734,13167380.736616602,10292403.848168086,106173083.16941524,108049998.06868887,108931464.52421403,1596858.768907832,1625199.9387793634,1639747.4515849259,88555.0918666666
3.086359083333333,-5167.182377316666,-4144.208659145833,-1674.2,-600.0,-1074.2,-1342.75,0.1036363604306211,4719.916666666667,4719.916666666667,331.45000000000005,24.9300756001746,24.9300756001746,23.73661360437842,102239.65149367935,102239.65149367935,69123.13183853058,1535.617470120827,1535.617470120827,1044.0257148613969,13167380.736616602,10292403.848168086,106173083.16941524,108049998.06868887,108931464.52421403,1596858.768907832,1625199.9387793634,1639747.4515849259,88555.0918666666
7.164221916666666,-10742.989571438888,-8055.57052679861,-1499.5333333333333,-600.0,-899.5333333333334,-1124.4166666666667,0.155454542248803,4946.2,4699.083333333333,128.0,24.9300756001746,24.9300756001746,24.09849645390071,107880.91210073885,101720.2749186757,73826.57692912467,1620.3989051813971,1527.8118581427968,1110.4520814521652,13167380.736616602,10292403.848168086,106173083.16941524,108049998.06868887,108931464.52421403,1596858.768907832,1625199.9387793634,1639747.4515849259,88555.0918666666
8.290816583333333,-15066.071895233334,-12614.477431541667,-1817.2,-600.0,-1217.2,-1521.5,0.2072727240669848,5166.366666666667,5012.666666666667,142.0,24.94584261245164,24.9300756001746,23.73661360437842,113370.56222592203,109537.93112563046,71829.10578942973,1702.8704798091737,1645.3019296361042,1083.0760421963773,13167380.736616602,10292403.848168086,106173083.16941524,108049998.06868887,108931464.52421403,1596858.768907832,1625199.9387793634,1639747.4515849259,88555.0918666666
6.541422083333334,-11905.824286472223,-9976.213795590278,-1820.0666666666664,-600.0,-1220.0666666666666,-1525.0833333333333,0.2590909058851666,5177.833333333333,5177.833333333333,294.9833333333333,24.94584261245164,24.94584261245164,24.41740158644135,113656.60788787813,113656.60788787813,75728.09137164001,1707.1652350051108,1707.1652350051108,1138.8564617397703,13167380.736616602,10292403.848168086,106173083.16941524,108049998.06868887,108931464.52421403,1596858.768907832,1625199.9387793634,1639747.4515849259,88555.0918666666
3.3743735000000004,-6031.580152133334,-5008.695065166667,-1787.4666666666667,-600.0,-1187.4666666666667,-1484.3333333333333,0.3109090877033484,5004.166666666667,5004.166666666667,303.13333333333344,24.9300756001746,24.9300756001746,23.73661360437842,109326.02548302898,109326.02548302898,72509.55537942192,1642.1172399490679,1642.1172399490679,1092.8957151519573,13167380.736616602,10292403.848168086,106173083.16941524,108049998.06868887,108931464.52421403,1596858.768907832,1625199.9387793634,1639747.4515849259,88555.0918666666
0.1560334999999998,-260.2222690666664,-208.25271133333317,-1667.7333333333331,-600.0,-1067.7333333333331,-1334.6666666666667,0.3627272695215303,4798.166666666667,4798.166666666667,333.0666666666666,24.9300756001746,24.9300756001746,23.73661360437842,104190.42990939302,104190.42990939302,71172.39281304191,1564.9353487103076,1564.9353487103076,1073.598915971806,13167380.736616602,10292403.848168086,106173083.16941524,108049998.06868887,108931464.52421403,1596858.768907832,1625199.9387793634,1639747.4515849259,88555.0918666666
-1.61713475,1788.4432245166668,1022.7029681458332,-1105.9333333333334,-600.0,-505.9333333333333,-632.4166666666666,0.4145454513397121,4521.0,4521.0,473.5166666666668,24.9300756001746,24.9300756001746,24.83747374101413,97280.64395554461,97280.64395554461,81562.82539932395,1461.0894869545966,1461.0894869545966,1226.1935155489973,13167380.736616602,10292403.848168086,106173083.16941524,108049998.06868887,108931464.52421403,1596858.768907832,1625199.9387793634,1639747.4515849259,88555.0918666666
5.283808083333333,-2837.052686877777,416.5402039027777,-536.9333333333334,-600.0,63.06666666666666,78.83333333333333,0.4663636331578939,4215.349999999999,4044.583333333333,445.0,24.83747374101413,24.83747374101413,24.83747374101413,89678.88390209599,85437.47130292215,87395.49214950542,1347.3399810525336,1284.0294288976202,1313.2563381005032,13167380.736616602,10292403.848168086,106173083.16941524,108049998.06868887,108931464.52421403,1596858.768907832,1625199.9387793634,1639747.4515849259,88555.0918666666
11.999173833333332,-4150.114256488889,3811.737554388889,-345.8666666666667,-600.0,254.13333333333333,317.6666666666667,0.5181818149760757,4855.866666666667,4502.333333333333,310.0,24.9300756001746,24.9300756001746,24.9300756001746,105628.89527152308,96815.28254434135,104734.73655999682,1586.5537716446593,1454.0956586222817,1573.1156300632829,13167380.736616602,10292403.848168086,106173083.16941524,108049998.06868887,108931464.52421403,1596858.768907832,1625199.9387793634,1639747.4515849259,88555.0918666666
18.349218083333334,-10049.25510363889,1200.344682951389,-547.6666666666666,-600.0,52.33333333333334,65.41666666666667,0.5699999967942575,5090.583333333333,4646.5,169.0,24.9300756001746,24.9300756001746,24.9300756001746,111480.39951614405,100409.36844336653,102040.21088887796,1674.494918433936,1508.1104935102492,1532.6201151212636,13167380.736616602,10292403.848168086,106173083.16941524,108049998.06868887,108931464.52421403,1596858.768907832,1625199.9387793634,1639747.4515849259,88555.0918666666
33.05321491666667,49121.48446148889,29174.971033111116,1486.1333333333332,780.0,706.1333333333333,882.6666666666666,0.4953588484688986,5036.283333333334,5639.75,0.0,24.9300756001746,24.94584261245164,25.2478697421981,110126.6964110546,125179.50835461309,147270.21732458184,1654.150371374399,1880.1727063065632,2212.4004855621715,13167380.736616602,10292403.848168086,106173083.16941524,108049998.06868887,108931464.52421403,1596858.768907832,1625199.9387793634,1639747.4515849259,88555.0918666666
57.92391524999999,176582.98643679998,164252.91567724998,3048.5333333333333,780.0,2268.5333333333333,2835.6666666666665,0.4207177001435398,7019.55,7232.416666666667,0.0,25.39384615384616,25.39384615384616,25.90715906314357,159825.45082362476,165230.95420824015,238002.3416657989,2402.217965694388,2483.5350347224976,3587.1677932949938,13167380.736616602,10292403.848168086,106173083.16941524,108049998.06868887,108931464.52421403,1596858.768907832,1625199.9387793634,1639747.4515849259,88555.0918666666
49.69788291666666,154858.60316833333,145117.81811666666,3116.0,780.0,2336.0,2920.0,0.346076551818181,7630.166666666667,7826.166666666667,0.0,25.39384615384616,25.40459672695093,26.06238651883058,175331.35651593248,180310.01530684807,255645.3830275847,2635.479276216064,2710.6779342327272,3859.873549444806,13167380.736616602,10292403.848168086,106173083.16941524,108049998.06868887,108931464.52421403,1596858.768907832,1625199.9387793634,1639747.4515849259,88555.0918666666
43.49937758333333,117532.41827166112,104503.62969582638,2701.9333333333334,780.0,1921.9333333333332,2402.4166666666665,0.2714354034928221,7193.066666666666,7492.583333333333,0.0,25.39384615384616,25.39384615384616,25.90715906314357,164231.7063620863,171837.58651593246,233518.2442179531,2468.502964570965,2582.9211486849767,3518.7314970817456,13167380.736616602,10292403.848168086,106173083.16941524,108049998.06868887,108931464.52421403,1596858.768907832,1625199.9387793634,1639747.4515849259,88555.0918666666
44.232091,78992.61691386667,55614.48241733333,1785.8666666666668,780.0,1005.8666666666668,1257.3333333333333,0.1967942551674633,6594.383333333333,7122.916666666667,0.0,25.2478697421981,25.39384615384616,25.40459672695093,149087.22235036202,162450.328054394,194386.27894330613,2239.8933138191655,2441.7050046947274,2923.6637296159192,13167380.736616602,10292403.848168086,106173083.16941524,108049998.06868887,108931464.52421403,1596858.768907832,1625199.9387793634,1639747.4515849259,88555.0918666666
41.524591333333326,46443.87125328888,17568.36251661111,1118.4666666666667,780.0,338.4666666666667,423.0833333333333,0.1221531068421044,5941.783333333334,6637.166666666667,0.0,24.94584261245164,25.2478697421981,25.39384615384616,132713.98435166056,150167.41037749907,160858.9803620863,1993.297057557688,2256.2374754995044,2417.7657485448926,13167380.736616602,10292403.848168086,106173083.16941524,108049998.06868887,108931464.52421403,1596858.768907832,1625199.9387793634,1639747.4515849259,88555.0918666666
35.69124425,31501.09217505,4577.4020750625,882.6,780.0,102.6,128.25,0.0475119585167455,5874.816666666667,6629.166666666667,0.0,24.94584261245164,25.2478697421981,25.2478697421981,131043.44442471338,149965.42741956149,153203.4667139984,1968.2151878232755,2253.181301909102,2302.1755847802388,13167380.736616602,10292403.848168086,106173083.16941524,108049998.06868887,108931464.52421403,1596858.768907832,1625199.9387793634,1639747.4515849259,88555.0918666666
27.695973,11197.481883899998,-3191.96088825,404.3,496.5,-92.2,-115.25,-3.205742456213745e-09,5669.95,6189.5,0.0,24.94584261245164,24.94584261245164,24.94584261245164,125932.87280150912,138893.48533080838,136018.47696972333,1891.483892956328,2086.077503018755,2042.9114678735436,13167380.736616602,10292403.848168086,106173083.16941524,108049998.06868887,108931464.52421403,1596858.768907832,1625199.9387793634,1639747.4515849259,88555.0918666666
25.28169275,566.3099176000001,707.8873970000001,22.4,0.0,22.4,28.0,-3.205742456213745e-09,5087.266666666667,5085.666666666667,4.0,24.9300756001746,24.9300756001746,24.94584261245164,111397.7147654035,111357.82664444321,112055.91632024583,1673.252265007034,1672.6527940071212,1683.13208456273,13167380.736616602,10292403.848168086,106173083.16941524,108049998.06868887,108931464.52421403,1596858.768907832,1625199.9387793634,1639747.4515849259,88555.0918666666
22.814487333333336,-14309.095879850269,-1391.6837273333335,-627.1934,-578.3934,-48.8,-61.0,0.0499521540669848,5512.4434,4950.25,4.0,24.94584261245164,24.9300756001746,24.9300756001746,122003.73794748675,107981.87890691956,106461.14429530891,1832.4909607983861,1621.9163161499262,1599.0614842782545,13167380.736616602,10292403.848168086,106173083.16941524,108049998.06868887,108931464.52421403,1596858.768907832,1625199.9387793634,1639747.4515849259,88555.0918666666
24.28898166666666,-315.7567616666666,-394.6959520833332,-13.0,0.0,-13.0,-16.25,0.0499521540669848,4848.416666666667,4851.666666666667,0.0,24.9300756001746,24.9300756001746,24.9300756001746,105443.16620830179,105524.18895400235,105119.07522549952,1583.7624848013158,1584.9801602698885,1578.8917829270251,13167380.736616602,10292403.848168086,106173083.16941524,108049998.06868887,108931464.52421403,1596858.768907832,1625199.9387793634,1639747.4515849259,88555.0918666666
24.68941666666667,4075.399711111112,5094.249638888889,165.0666666666667,0.0,165.0666666666667,206.33333333333331,0.0499521540669848,4760.516666666666,4723.25,4.0,24.9300756001746,24.9300756001746,24.9300756001746,103251.81256304643,102322.75174567993,107466.65734451594,1550.8290467436116,1536.8663680373118,1614.1731490677205,13167380.736616602,10292403.848168086,106173083.16941524,108049998.06868887,108931464.52421403,1596858.768907832,1625199.9387793634,1639747.4515849259,88555.0918666666
19.461026083333334,-13729.105200922222,-2565.611938652778,-705.4666666666667,-600.0,-105.46666666666668,-131.83333333333334,0.1017703358851666,5447.216666666666,4896.583333333333,23.0,24.94584261245164,24.9300756001746,24.9300756001746,120376.60212362905,106643.96484971019,103357.34988308717,1808.0607702259433,1601.809059694521,1552.4151470975473,13167380.736616602,10292403.848168086,106173083.16941524,108049998.06868887,108931464.52421403,1596858.768907832,1625199.9387793634,1639747.4515849259,88555.0918666666
4.034974833333334,-3978.4851856666673,-1946.8753570833337,-986.0,-600.0,-386.0,-482.5,0.1535885177033484,4124.25,3909.75,289.0,24.83747374101413,24.83747374101413,23.73661360437842,87416.1900442896,82088.55192684208,70311.9405698832,1313.5652906290752,1234.0409097747186,1061.1815969727443,13167380.736616602,10292403.848168086,106173083.16941524,108049998.06868887,108931464.52421403,1596858.768907832,1625199.9387793634,1639747.4515849259,88555.0918666666
-6.258991333333333,9043.82521057778,6610.538013222223,-1444.9333333333334,-600.0,-844.9333333333334,-1056.1666666666667,0.2054066995215303,4614.0,4614.0,388.76666666666665,24.9300756001746,24.9300756001746,24.09849645390071,99599.14098636086,99599.14098636086,73420.91890548401,1495.9337388245226,1495.9337388245226,1105.277991371787,13167380.736616602,10292403.848168086,106173083.16941524,108049998.06868887,108931464.52421403,1596858.768907832,1625199.9387793634,1639747.4515849259,88555.0918666666
-6.451991249999999,11229.905836999998,9198.38885875,-1740.5333333333335,-600.0,-1140.5333333333335,-1425.6666666666667,0.2572248813397121,4823.25,4823.25,314.8666666666668,24.9300756001746,24.9300756001746,23.73661360437842,104815.75930569739,104815.75930569739,69607.75436628662,1574.3333055318556,1574.3333055318556,1051.0193772861555,13167380.736616602,10292403.848168086,106173083.16941524,108049998.06868887,108931464.52421403,1596858.768907832,1625199.9387793634,1639747.4515849259,88555.0918666666
-6.905465666666667,13084.936709577778,11177.071636972223,-1894.8666666666668,-600.0,-1294.8666666666668,-1618.5833333333333,0.3090430631578939,5373.25,5373.25,276.28333333333376,24.94584261245164,24.94584261245164,24.83747374101413,118531.44129839473,118531.44129839473,78236.67370750647,1780.3571022614533,1780.3571022614533,1176.5448442075246,13167380.736616602,10292403.848168086,106173083.16941524,108049998.06868887,108931464.52421403,1596858.768907832,1625199.9387793634,1639747.4515849259,88555.0918666666
-5.0293,8733.882380000001,7145.377975,-1736.6,-600.0,-1136.6,-1420.75,0.3608612449760757,5332.916666666667,5332.916666666667,315.85000000000014,24.94584261245164,24.94584261245164,24.83747374101413,117525.29231302586,117525.29231302586,82148.57582171621,1765.2505505548138,1765.2505505548138,1234.9368721075766,13167380.736616602,10292403.848168086,106173083.16941524,108049998.06868887,108931464.52421403,1596858.768907832,1625199.9387793634,1639747.4515849259,88555.0918666666
-10.581807,17392.963439000003,13804.84904875,-1643.6666666666667,-600.0,-1043.6666666666667,-1304.5833333333333,0.4126794267942575,5050.333333333333,5050.333333333333,339.0833333333335,24.9300756001746,24.9300756001746,24.83747374101413,110476.96397323703,110476.96397323703,78015.20623331577,1659.414476092382,1659.414476092382,1173.2390521518073,13167380.736616602,10292403.848168086,106173083.16941524,108049998.06868887,108931464.52421403,1596858.768907832,1625199.9387793634,1639747.4515849259,88555.0918666666
-8.625718750000003,10390.540806250005,6518.886945312502,-1204.6,-600.0,-604.6,-755.75,0.4644976086124394,4633.166666666667,4633.166666666667,448.8499999999999,24.9300756001746,24.9300756001746,24.83747374101413,100076.9674353642,100076.9674353642,81285.47360921596,1503.1149018443102,1503.1149018443102,1222.0535516661366,13167380.736616602,10292403.848168086,106173083.16941524,108049998.06868887,108931464.52421403,1596858.768907832,1625199.9387793634,1639747.4515849259,88555.0918666666
-4.34715825,4123.71431595,1894.2742074375,-948.6,-600.0,-348.6,-435.75,0.5163157904306213,4205.916666666667,4205.916666666667,512.8499999999999,24.83747374101413,24.83747374101413,24.83747374101413,89444.58373313911,89444.58373313911,78621.6545504922,1343.8426384291022,1343.8426384291022,1182.2913612389582,13167380.736616602,10292403.848168086,106173083.16941524,108049998.06868887,108931464.52421403,1596858.768907832,1625199.9387793634,1639747.4515849259,88555.0918666666
5.110496583333334,-2495.285131755556,713.7660228055556,-488.26666666666665,-600.0,111.73333333333332,139.66666666666666,0.568133972248803,4169.666666666667,4169.666666666667,627.9333333333333,24.83747374101413,24.83747374101413,24.83747374101413,88544.22531002734,88544.22531002734,92013.19247585566,1330.403203436233,1330.403203436233,1382.1836472248508,13167380.736616602,10292403.848168086,106173083.16941524,108049998.06868887,108931464.52421403,1596858.768907832,1625199.9387793634,1639747.4515849259,88555.0918666666
10.22028325,-4858.041304833333,1592.6608064583334,-475.3333333333333,-600.0,124.66666666666669,155.83333333333334,0.6199521540669848,4723.833333333333,4723.833333333333,631.1666666666666,24.9300756001746,24.9300756001746,24.9300756001746,102337.29428978002,102337.29428978002,106222.23107080722,1537.0849251726963,1537.0849251726963,1595.4709027683605,13167380.736616602,10292403.848168086,106173083.16941524,108049998.06868887,108931464.52421403,1596858.768907832,1625199.9387793634,1639747.4515849259,88555.0918666666
17.87574258333333,-6504.386867988887,5276.3233525138885,-363.8666666666667,-600.0,236.13333333333333,295.1666666666667,0.6717703358851665,4855.116666666667,4721.083333333333,525.0,24.9300756001746,24.9300756001746,24.9300756001746,105610.19771482295,102268.73658187954,109627.26389653109,1586.2727696134502,1536.0545843915963,1646.644494896325,13167380.736616602,10292403.848168086,106173083.16941524,108049998.06868887,108931464.52421403,1596858.768907832,1625199.9387793634,1639747.4515849259,88555.0918666666
27.75579233333333,26684.418749266668,6293.625911583333,961.4,780.0,181.4,226.75,0.5971291875598077,4765.1,5499.75,0.0,24.9300756001746,24.94584261245164,24.94584261245164,103366.07540954725,121687.09038886987,127343.56020124326,1552.5462813787785,1827.7367417050045,1912.6642772293148,13167380.736616602,10292403.848168086,106173083.16941524,108049998.06868887,108931464.52421403,1596858.768907832,1625199.9387793634,1639747.4515849259,88555.0918666666
41.94402608333333,106867.78592352224,92689.30697315278,2547.866666666667,780.0,1767.8666666666668,2209.833333333333,0.5224880392344489,6998.716666666667,7336.75,0.0,25.32141453159451,25.39384615384616,25.88297382225814,159296.5334327378,167880.37882362478,224492.31294580715,2394.2929860202667,2523.3913494825947,3381.130493623431,13167380.736616602,10292403.848168086,106173083.16941524,108049998.06868887,108931464.52421403,1596858.768907832,1625199.9387793634,1639747.4515849259,88555.0918666666
40.168018833333335,105162.5511735889,92289.37060448612,2618.0666666666666,780.0,1838.0666666666668,2297.583333333333,0.44784689090909,7755.933333333334,8076.416666666667,0.0,25.40459672695093,25.40459672695093,26.06238651883058,178525.76579672523,186667.51563776753,245945.83151149322,2683.6807273822305,2806.872300834581,3709.0105422184297,13167380.736616602,10292403.848168086,106173083.16941524,108049998.06868887,108931464.52421403,1596858.768907832,1625199.9387793634,1639747.4515849259,88555.0918666666
38.43975691666667,97121.88982565,83923.5992883125,2526.6000000000004,780.0,1746.6,2183.25,0.3732057425837312,6876.816666666667,7220.166666666667,0.0,25.2478697421981,25.39384615384616,25.88297382225814,156218.06236121684,164919.87959285555,220786.73386025394,2347.7889756169925,2478.8554194910803,3325.06191919083,13167380.736616602,10292403.848168086,106173083.16941524,108049998.06868887,108931464.52421403,1596858.768907832,1625199.9387793634,1639747.4515849259,88555.0918666666
34.468813833333336,46025.058151188896,23924.229201486112,1335.2666666666669,780.0,555.2666666666668,694.0833333333334,0.2985645942583723,5987.066666666667,6628.25,0.0,24.94584261245164,25.2478697421981,25.39384615384616,133843.6152579611,149942.28353896446,167514.28420824013,2010.2575951555968,2252.8311153518684,2517.884047203444,13167380.736616602,10292403.848168086,106173083.16941524,108049998.06868887,108931464.52421403,1596858.768907832,1625199.9387793634,1639747.4515849259,88555.0918666666
34.037807916666665,32560.56705308333,7513.846097604166,956.6,780.0,176.60000000000002,220.75,0.2239234459330135,4827.816666666667,5563.666666666667,0.0,24.9300756001746,24.94584261245164,24.94584261245164,104929.60665093818,123281.54549584907,128788.34025254776,1576.0442956774398,1851.6762564963115,1934.3565363948405,13167380.736616602,10292403.848168086,106173083.16941524,108049998.06868887,108931464.52421403,1596858.768907832,1625199.9387793634,1639747.4515849259,88555.0918666666
32.57318408333334,22914.149229822226,-3116.167943972223,703.4666666666667,780.0,-76.53333333333335,-95.66666666666669,0.1492822976076546,4755.2,5554.333333333333,0.0,24.9300756001746,24.94584261245164,24.94584261245164,103119.2676611055,123048.71763146616,120662.23202154163,1548.8370545668183,1848.180525522874,1812.349283045142,13167380.736616602,10292403.848168086,106173083.16941524,108049998.06868887,108931464.52421403,1596858.768907832,1625199.9387793634,1639747.4515849259,88555.0918666666
28.50641916666667,18040.76247661111,-5242.805591736112,632.8666666666667,780.0,-147.13333333333333,-183.91666666666663,0.0746411492822958,4236.883333333333,5053.666666666667,0.0,24.83747374101413,24.9300756001746,24.9300756001746,90213.71750331916,110560.06422523763,105975.00782110551,1355.3233143908267,1660.663374008867,1591.7554314668184,13167380.736616602,10292403.848168086,106173083.16941524,108049998.06868887,108931464.52421403,1596858.768907832,1625199.9387793634,1639747.4515849259,88555.0918666666
26.666798083333333,-3646.240191261111,-4557.800239076389,-136.73333333333332,0.0,-136.73333333333332,-170.91666666666666,0.0746411492822958,4705.233333333334,4739.416666666667,0.0,24.9300756001746,24.9300756001746,24.9300756001746,101873.59488361678,102725.78796788276,98464.82254655291,1530.1160747987115,1542.923522932263,1478.886282264505,13167380.736616602,10292403.848168086,106173083.16941524,108049998.06868887,108931464.52421403,1596858.768907832,1625199.9387793634,1639747.4515849259,88555.0918666666
26.74389808333333,-9591.98609876026,-1488.743659972222,-358.6607333333334,-314.1274,-44.53333333333333,-55.66666666666666,0.1017703338277503,4845.744066666667,4548.75,6.0,24.9300756001746,24.9300756001746,24.9300756001746,105376.53808825277,97972.45355344946,96584.67934503974,1582.7611434298367,1471.4865621093327,1450.6299669040363,13167380.736616602,10292403.848168086,106173083.16941524,108049998.06868887,108931464.52421403,1596858.768907832,1625199.9387793634,1639747.4515849259,88555.0918666666
27.403555416666663,-2084.497115361111,-2605.6213942013887,-76.06666666666666,0.0,-76.06666666666666,-95.08333333333331,0.1017703338277503,4506.650000000001,4525.666666666667,0.0,24.9300756001746,24.9300756001746,24.9300756001746,96922.89737068213,97396.98430834543,95026.54962002885,1455.7129814241298,1462.8379440376755,1427.2131309699469,13167380.736616602,10292403.848168086,106173083.16941524,108049998.06868887,108931464.52421403,1596858.768907832,1625199.9387793634,1639747.4515849259,88555.0918666666
28.830677999999995,9377.658530799998,11722.073163499996,325.26666666666665,0.0,325.26666666666665,406.5833333333333,0.1017703338277503,5030.983333333334,4954.666666666667,5.0,24.9300756001746,24.9300756001746,24.94584261245164,109994.56701037366,108091.98674082034,118232.09118704531,1652.1646236871882,1623.5711058892687,1775.862591009891,13167380.736616602,10292403.848168086,106173083.16941524,108049998.06868887,108931464.52421403,1596858.768907832,1625199.9387793634,1639747.4515849259,88555.0918666666
25.74267625,-17381.455004,-2419.8115675,-675.2,-600.0,-75.2,-94.0,0.1535885156459321,5874.2,5314.0,21.0,24.94584261245164,24.94584261245164,24.94584261245164,131028.06115510236,117053.40012360696,114708.4909180365,1967.9842198839592,1758.165452956865,1722.9584481529614,13167380.736616602,10292403.848168086,106173083.16941524,108049998.06868887,108931464.52421403,1596858.768907832,1625199.9387793634,1639747.4515849259,88555.0918666666
20.585736666666666,-17744.905006666668,-6741.828758333333,-862.0,-600.0,-262.0,-327.5,0.205406697464114,5011.666666666667,4496.166666666667,19.0,24.9300756001746,24.9300756001746,24.83747374101413,109513.00105003029,96661.54707814028,88519.38783628633,1644.9272602611586,1451.785197476785,1330.032460401947,13167380.736616602,10292403.848168086,106173083.16941524,108049998.06868887,108931464.52421403,1596858.768907832,1625199.9387793634,1639747.4515849259,88555.0918666666
19.46382125,-14196.911219749998,-3148.2730871875,-729.4,-600.0,-129.4,-161.75,0.2572248792822958,4830.316666666667,4428.666666666667,166.0,24.9300756001746,24.9300756001746,24.83747374101413,104991.93183993862,94978.7669751285,90959.66963134096,1576.9809691148032,1426.495014667968,1366.457963520551,13167380.736616602,10292403.848168086,106173083.16941524,108049998.06868887,108931464.52421403,1596858.768907832,1625199.9387793634,1639747.4515849259,88555.0918666666
20.39352883333333,-27901.06658117778,-19581.18660147222,-1368.1333333333332,-600.0,-768.1333333333333,-960.1666666666666,0.3090430611004776,5635.383333333333,5443.416666666667,216.0,24.94584261245164,24.94584261245164,24.9300756001746,125070.57817520537,120281.80792170175,96339.53360163802,1878.5372036011336,1806.6375083296155,1446.9457180504064,13167380.736616602,10292403.848168086,106173083.16941524,108049998.06868887,108931464.52421403,1596858.768907832,1625199.9387793634,1639747.4515849259,88555.0918666666
18.164370666666667,-27149.679356444445,-20313.821195555556,-1494.6666666666663,-600.0,-894.6666666666666,-1118.3333333333333,0.3608612429186594,5542.25,5400.916666666667,235.0,24.94584261245164,24.94584261245164,24.83747374101413,122747.28869989906,119221.60961067256,91348.79005328353,1843.6548023876205,1790.7194476469995,1372.2662710576992,13167380.736616602,10292403.848168086,106173083.16941524,108049998.06868887,108931464.52421403,1596858.768907832,1625199.9387793634,1639747.4515849259,88555.0918666666
16.885651916666667,-29041.06987641111,-23637.098408013888,-1719.8666666666666,-600.0,-1119.8666666666666,-1399.8333333333333,0.4126794247368412,5886.700000000001,5804.666666666667,238.0,24.94584261245164,24.94584261245164,24.83747374101413,131339.88418775803,129293.49356544991,94385.1712181225,1972.6660024376702,1941.941024131852,1417.5896069991682,13167380.736616602,10292403.848168086,106173083.16941524,108049998.06868887,108931464.52421403,1596858.768907832,1625199.9387793634,1639747.4515849259,88555.0918666666
19.405412416666667,-35311.38212752778,-29585.16834690972,-1819.6666666666667,-600.0,-1219.6666666666667,-1524.5833333333333,0.4644976065550231,6035.583333333334,5879.5,139.0,24.94584261245164,24.94584261245164,24.83747374101413,135053.90438870853,131160.27412094836,93145.36732055021,2028.4291538407324,1969.9692956867325,1399.083350537723,13167380.736616602,10292403.848168086,106173083.16941524,108049998.06868887,108931464.52421403,1596858.768907832,1625199.9387793634,1639747.4515849259,88555.0918666666
20.928396333333332,-31793.024483177785,-24044.983353972228,-1519.1333333333334,-600.0,-919.1333333333334,-1148.9166666666667,0.5163157883732049,6179.216666666667,6002.0,193.0,24.94584261245164,24.94584261245164,24.9300756001746,138636.9589159437,134216.1398409737,105559.5065611026,2082.225956571236,2015.8507647130964,1585.5109418843945,13167380.736616602,10292403.848168086,106173083.16941524,108049998.06868887,108931464.52421403,1596858.768907832,1625199.9387793634,1639747.4515849259,88555.0918666666
22.79447625,-27959.70456825,-17853.7735228125,-1226.6,-600.0,-626.6,-783.25,0.5681339701913868,6144.85,5841.5,140.0,24.94584261245164,24.94584261245164,24.9300756001746,137779.65345816241,130212.3321016752,110674.32707173841,2069.354175736901,1955.7366767234523,1662.3806086440336,13167380.736616602,10292403.848168086,106173083.16941524,108049998.06868887,108931464.52421403,1596858.768907832,1625199.9387793634,1639747.4515849259,88555.0918666666
21.252877416666664,-18628.855484955555,-7346.411293694444,-876.5333333333333,-600.0,-276.53333333333336,-345.6666666666667,0.6199521520095685,6262.366666666667,5848.5,117.0,24.94584261245164,24.94584261245164,24.94584261245164,140711.205729169,130386.95299996236,121764.00673692492,2113.369174118519,1958.3584749535303,1828.8915814015863,13167380.736616602,10292403.848168086,106173083.16941524,108049998.06868887,108931464.52421403,1596858.768907832,1625199.9387793634,1639747.4515849259,88555.0918666666
21.940239166666668,-22768.11752455556,-12004.967530694445,-1037.7333333333331,-600.0,-437.73333333333335,-547.1666666666666,0.6717703338277503,6654.816666666667,6278.25,114.0,25.2478697421981,24.98119217539482,24.94584261245164,150613.03527844886,141107.50132926748,127457.895313217,2262.9801584833294,2119.296852090549,1914.3809308323418,13167380.736616602,10292403.848168086,106173083.16941524,108049998.06868887,108931464.52421403,1596858.768907832,1625199.9387793634,1639747.4515849259,88555.0918666666
27.52132633333333,-1954.0141696666667,-2442.517712083333,-71.0,0.0,-71.0,-88.75,0.6717703338277503,6376.833333333333,6394.583333333333,0.0,25.2478697421981,25.2478697421981,25.2478697421981,143594.54828794682,144042.69797587083,141801.94953625076,2156.784493245163,2163.5653783988682,2129.6609526303428,13167380.736616602,10292403.848168086,106173083.16941524,108049998.06868887,108931464.52421403,1596858.768907832,1625199.9387793634,1639747.4515849259,88555.0918666666
34.45924916666666,45272.561555166656,22992.934006458327,1313.8000000000002,780.0,533.8000000000001,667.25,0.5971291855023915,6121.033333333333,6767.583333333333,0.0,24.94584261245164,25.2478697421981,25.39384615384616,137185.52663994252,153460.15338971073,170371.09190054782,2060.4338193778976,2306.0594720513745,2560.860105451153,13167380.736616602,10292403.848168086,106173083.16941524,108049998.06868887,108931464.52421403,1596858.768907832,1625199.9387793634,1639747.4515849259,88555.0918666666
95.21018575,295507.0271851333,276553.85287516663,3103.733333333333,780.0,2323.733333333333,2904.6666666666665,0.5224880371770326,8482.266666666666,8681.333333333334,0.0,25.55436757304107,25.80118739161481,26.25410656461584,196979.08405018298,202107.97397677676,277666.70725956635,2962.7955659555055,3041.383157368471,4194.804399309184,13167380.736616602,10292403.848168086,106173083.16941524,108049998.06868887,108931464.52421403,1596858.768907832,1625199.9387793634,1639747.4515849259,88555.0918666666
50.25295491666666,153700.3377111222,143128.79109515276,3058.5333333333333,780.0,2278.5333333333333,2848.1666666666665,0.4478468888516738,9154.216666666667,9364.583333333334,0.0,25.88297382225814,25.88297382225814,26.50874699148197,214336.69678374717,219781.61171015623,294260.8302811242,3227.4673528443495,3309.8535631456652,4453.09868360007,13167380.736616602,10292403.848168086,106173083.16941524,108049998.06868887,108931464.52421403,1596858.768907832,1625199.9387793634,1639747.4515849259,88555.0918666666
43.11895633333333,107989.98883828887,92946.50362286111,2504.466666666667,780.0,1724.466666666667,2155.583333333333,0.3732057405263149,8333.116666666667,8682.0,0.0,25.40459672695093,25.80118739161481,26.06238651883058,193188.87561757583,202125.17476837116,258027.9195285144,2905.5460027594395,3041.648935484014,3896.930584583035,13167380.736616602,10292403.848168086,106173083.16941524,108049998.06868887,108931464.52421403,1596858.768907832,1625199.9387793634,1639747.4515849259,88555.0918666666
51.22669108333333,82553.52023716111,53245.876490201386,1611.5333333333333,780.0,831.5333333333334,1039.4166666666667,0.2985645922009561,7060.55,7632.666666666667,0.0,25.39384615384616,25.39384615384616,25.80118739161481,160866.59851593245,175394.84113131708,201869.31299340434,2417.8803513668863,2636.43429973268,3037.695486015314,13167380.736616602,10292403.848168086,106173083.16941524,108049998.06868887,108931464.52421403,1596858.768907832,1625199.9387793634,1639747.4515849259,88555.0918666666
60.23064275,55022.699840216665,10053.498119020833,913.5333333333332,780.0,133.53333333333333,166.91666666666666,0.2239234438755972,6259.966666666666,7006.583333333333,0.0,24.94584261245164,25.39384615384616,25.39384615384616,140651.33570689912,159496.17728516323,163734.83343900938,2112.4702718682065,2397.2645770548743,2461.028313847586,13167380.736616602,10292403.848168086,106173083.16941524,108049998.06868887,108931464.52421403,1596858.768907832,1625199.9387793634,1639747.4515849259,88555.0918666666
39.45974533333334,27358.75676444445,-4274.805744444445,693.3333333333334,780.0,-86.66666666666667,-108.33333333333331,0.1492822955502384,5741.416666666666,6543.083333333333,0.0,24.94584261245164,25.2478697421981,25.2478697421981,127715.66902021233,147792.00663258726,145056.82074384912,1918.2512044100758,2220.2956006707104,2178.9099166340134,13167380.736616602,10292403.848168086,106173083.16941524,108049998.06868887,108931464.52421403,1596858.768907832,1625199.9387793634,1639747.4515849259,88555.0918666666
31.562857583333336,16513.687087600003,-8356.2665451875,523.2,735.0,-211.8,-264.75,0.0789473673205733,4854.216666666667,5642.166666666667,0.0,24.9300756001746,24.94584261245164,24.94584261245164,105587.7606467828,125239.79414092652,118635.38230927994,1585.9355671759995,1881.077850933614,1781.9176964460235,13167380.736616602,10292403.848168086,106173083.16941524,108049998.06868887,108931464.52421403,1596858.768907832,1625199.9387793634,1639747.4515849259,88555.0918666666
30.37804475,289.60402661666666,362.0050332708333,9.533333333333331,0.0,9.533333333333331,11.916666666666666,0.0789473673205733,4719.166666666667,4719.166666666667,2.383333333333333,24.9300756001746,24.9300756001746,24.9300756001746,102220.95393697922,102220.95393697922,102518.03733788131,1535.336468089618,1535.336468089618,1539.8012781410512,13167380.736616602,10292403.848168086,106173083.16941524,108049998.06868887,108931464.52421403,1596858.768907832,1625199.9387793634,1639747.4515849259,88555.0918666666
30.395479500000004,-2030.4180306000003,-2538.0225382500003,-66.8,0.0,-66.8,-83.5,0.0789473673205733,4948.383333333333,4965.083333333333,0.0,24.9300756001746,24.9300756001746,24.9300756001746,107935.34276579923,108351.67502832215,106270.01371570757,1621.2169333166946,1627.4739118782834,1596.1890190703393,13167380.736616602,10292403.848168086,106173083.16941524,108049998.06868887,108931464.52421403,1596858.768907832,1625199.9387793634,1639747.4515849259,88555.0918666666
29.864572416666665,-19477.67413015,-1948.6633501875,-652.2,-600.0,-52.2,-65.25,0.1307655491387551,5437.616666666667,4855.666666666667,5.0,24.94584261245164,24.9300756001746,24.9300756001746,120137.12203454954,105623.90925640306,103997.22182349167,1804.4651612246937,1586.4788377696702,1562.0316610544805,13167380.736616602,10292403.848168086,106173083.16941524,108049998.06868887,108931464.52421403,1596858.768907832,1625199.9387793634,1639747.4515849259,88555.0918666666
36.01409558333333,37300.99926551111,11512.505888138889,1035.7333333333331,780.0,255.73333333333332,319.6666666666667,0.0561244008133963,4615.683333333333,5331.75,0.0,24.9300756001746,24.94584261245164,24.94584261245164,99641.10661362114,117496.18882997798,125470.5431850917,1496.5644322723474,1764.813584183134,1884.5423700233598,13167380.736616602,10292403.848168086,106173083.16941524,108049998.06868887,108931464.52421403,1596858.768907832,1625199.9387793634,1639747.4515849259,88555.0918666666
28.95728258333333,-21679.35222738889,-5381.228346736111,-748.6666666666667,-600.0,-148.66666666666669,-185.83333333333331,0.1079425826315781,5958.333333333333,5415.5,20.0,24.94584261245164,24.94584261245164,24.94584261245164,133126.83804689662,119585.40314877081,114949.63406329021,1999.4957376588006,1796.181527292995,1726.5790266611643,13167380.736616602,10292403.848168086,106173083.16941524,108049998.06868887,108931464.52421403,1596858.768907832,1625199.9387793634,1639747.4515849259,88555.0918666666
17.8616955,-15976.691234899998,-6574.592418625,-894.4666666666667,-600.0,-294.46666666666664,-368.0833333333333,0.1597607644497599,5895.8,5400.416666666667,31.0,24.94584261245164,24.94584261245164,24.9300756001746,131566.89135553132,119209.13668936634,110028.2226124339,1976.0743401367713,1790.532176344851,1652.6704273433645,13167380.736616602,10292403.848168086,106173083.16941524,108049998.06868887,108931464.52421403,1596858.768907832,1625199.9387793634,1639747.4515849259,88555.0918666666
14.177162833333332,-17145.86073063333,-10799.453788291668,-1209.4,-600.0,-609.4,-761.75,0.2115789462679417,7166.733333333334,6853.083333333333,134.0,25.39384615384616,25.2478697421981,24.94584261245164,163563.0017467017,155618.84625266865,136444.63511435268,2458.44338352928,2338.722327298799,2049.3099040302814,13167380.736616602,10292403.848168086,106173083.16941524,108049998.06868887,108931464.52421403,1596858.768907832,1625199.9387793634,1639747.4515849259,88555.0918666666
16.883541666666662,-27484.154694444434,-21692.53711805555,-1627.8666666666666,-600.0,-1027.8666666666666,-1284.8333333333333,0.2633971280861236,8065.033333333333,7903.0,181.0,25.40459672695093,25.40459672695093,25.2478697421981,186378.32664502572,182261.9351553688,149687.7008523973,2802.4966263497945,2740.212135367229,2248.979063222299,13167380.736616602,10292403.848168086,106173083.16941524,108049998.06868887,108931464.52421403,1596858.768907832,1625199.9387793634,1639747.4515849259,88555.0918666666
17.452371333333335,-31280.46688644445,-26011.30510805556,-1792.3333333333337,-600.0,-1192.3333333333337,-1490.4166666666667,0.3152153099043054,7980.833333333334,7883.916666666667,205.0,25.40459672695093,25.40459672695093,25.2478697421981,184239.25960061647,181777.13076782948,144015.34611698345,2770.1307295750653,2732.8766342177705,2163.1515215585014,13167380.736616602,10292403.848168086,106173083.16941524,108049998.06868887,108931464.52421403,1596858.768907832,1625199.9387793634,1639747.4515849259,88555.0918666666
21.738371666666666,-37420.432987,-30471.76248375,-1721.4,-600.0,-1121.4,-1401.75,0.3670334917224872,7053.65,7051.0,317.0,25.39384615384616,25.39384615384616,24.94584261245164,160691.3809774709,160624.08728516323,125416.49385943139,2415.2444864610266,2414.232161533414,1883.7308610473833,13167380.736616602,10292403.848168086,106173083.16941524,108049998.06868887,108931464.52421403,1596858.768907832,1625199.9387793634,1639747.4515849259,88555.0918666666
22.423124916666666,-31514.95463287778,-22576.349603597224,-1405.4666666666667,-600.0,-805.4666666666667,-1006.8333333333334,0.418851673540669,6667.3,6501.666666666667,233.0,25.2478697421981,25.2478697421981,24.94584261245164,150928.2128523973,146746.32402743123,121564.43999602532,2267.7490626900194,2204.473535312066,1825.8952405672119,13167380.736616602,10292403.848168086,106173083.16941524,108049998.06868887,108931464.52421403,1596858.768907832,1625199.9387793634,1639747.4515849259,88555.0918666666
25.185747083333336,-31655.125984138896,-20679.59716767361,-1256.8666666666668,-600.0,-656.8666666666668,-821.0833333333334,0.4706698553588508,6247.200000000001,6236.416666666667,425.0,24.94584261245164,24.94584261245164,24.94584261245164,140332.86044954686,140063.8611133759,119581.24550833541,2107.6886112866837,2103.6497935370157,1796.1191035256124,13167380.736616602,10292403.848168086,106173083.16941524,108049998.06868887,108931464.52421403,1596858.768907832,1625199.9387793634,1639747.4515849259,88555.0918666666
23.64969875,-16944.22083108333,-3443.001976354167,-716.4666666666667,-600.0,-116.46666666666668,-145.58333333333334,0.5224880371770326,5912.8,5843.916666666667,502.0,24.94584261245164,24.94584261245164,24.94584261245164,131990.970679943,130272.61788798863,126640.91896765924,1982.4415644098176,1956.641821350503,1902.1146605416204,13167380.736616602,10292403.848168086,106173083.16941524,108049998.06868887,108931464.52421403,1596858.768907832,1625199.9387793634,1639747.4515849259,88555.0918666666
26.49944141666667,-16330.72243037778,-538.8219754722222,-616.2666666666667,-600.0,-16.266666666666666,-20.33333333333333,0.5743062189952144,6200.916666666667,6200.916666666667,595.9333333333333,24.94584261245164,24.94584261245164,24.94584261245164,139178.28370063388,139178.28370063388,138671.05156751402,2090.3535310844777,2090.3535310844777,2082.7378314637754,13167380.736616602,10292403.848168086,106173083.16941524,108049998.06868887,108931464.52421403,1596858.768907832,1625199.9387793634,1639747.4515849259,88555.0918666666
30.339065833333333,-17410.535093561193,-1719.2137305555557,-573.8652333333333,-528.5319,-45.333333333333336,-56.66666666666666,0.6199521558133962,7159.198566666667,6822.0,180.0,25.39384615384616,25.2478697421981,25.2478697421981,163371.66504116324,154834.05830151535,153403.3456827908,2455.565031785728,2326.8478194944237,2305.199923229074,13167380.736616602,10292403.848168086,106173083.16941524,108049998.06868887,108931464.52421403,1596858.768907832,1625199.9387793634,1639747.4515849259,88555.0918666666
33.634183,4836.5955154,6045.74439425,143.8,0.0,143.8,179.75,0.6199521558133962,7268.116666666667,7257.166666666667,25.0,25.39384615384616,25.39384615384616,25.39384615384616,166137.51451593247,165859.45190054784,170423.9957467017,2497.1727705397707,2492.9897675369934,2561.655958381666,13167380.736616602,10292403.848168086,106173083.16941524,108049998.06868887,108931464.52421403,1596858.768907832,1625199.9387793634,1639747.4515849259,88555.0918666666
35.04995658333333,52523.52827201111,31480.702671263887,1498.5333333333333,780.0,718.5333333333333,898.1666666666666,0.5453110074880374,7046.883333333333,7647.25,0.0,25.39384615384616,25.39384615384616,25.80118739161481,160519.54928516323,175765.168054394,198601.16259046644,2412.6595561427202,2642.0052702462717,2987.19764406217,13167380.736616602,10292403.848168086,106173083.16941524,108049998.06868887,108931464.52421403,1596858.768907832,1625199.9387793634,1639747.4515849259,88555.0918666666
51.06922725,144733.59464165004,131124.49673331252,2834.066666666667,780.0,2054.066666666667,2567.583333333333,0.4706698591626785,8730.766666666666,8997.25,0.0,25.80118739161481,25.88297382225814,26.25410656461584,203383.41267350226,210273.93265944673,277110.99533728196,3061.090604635974,3165.994263902994,4186.387901941899,13167380.736616602,10292403.848168086,106173083.16941524,108049998.06868887,108931464.52421403,1596858.768907832,1625199.9387793634,1639747.4515849259,88555.0918666666
134.54711608333332,441772.0009480167,421031.5630037708,3283.4,780.0,2503.4,3129.25,0.3960287108373197,9051.35,9205.5,0.0,25.88297382225814,25.88297382225814,26.50874699148197,211674.20154323088,215664.06195793196,297494.89741408505,3187.1815273032535,3247.5515208919765,4503.7300145416575,13167380.736616602,10292403.848168086,106173083.16941524,108049998.06868887,108931464.52421403,1596858.768907832,1625199.9387793634,1639747.4515849259,88555.0918666666
45.97587033333334,112833.9809720667,96216.00264008334,2454.2,780.0,1674.2,2092.75,0.3213875625119609,8727.966666666667,9089.416666666666,0.0,25.80118739161481,25.88297382225814,26.25410656461584,203311.16934880574,212659.48008006482,267064.42389188893,3059.9743365506943,3202.0896325423755,4034.2282330026387,13167380.736616602,10292403.848168086,106173083.16941524,108049998.06868887,108931464.52421403,1596858.768907832,1625199.9387793634,1639747.4515849259,88555.0918666666
37.499243666666665,46021.57177731111,20965.20214663889,1227.2666666666669,780.0,447.2666666666667,559.0833333333334,0.246746414186602,7750.983333333333,8419.166666666666,0.0,25.40459672695093,25.40459672695093,25.88297382225814,178400.0130429268,195374.94116592995,209782.1561568238,2681.777981669226,2938.623026719837,3158.553265666304,13167380.736616602,10292403.848168086,106173083.16941524,108049998.06868887,108931464.52421403,1596858.768907832,1625199.9387793634,1639747.4515849259,88555.0918666666
38.69067925,34512.085891,5416.695095,892.0,780.0,112.0,140.0,0.1721052658612432,6599.0,7351.0,0.0,25.2478697421981,25.39384615384616,25.39384615384616,149203.78334900516,168242.24113131707,171797.37959285555,2241.65698066196,2528.8349835273048,2582.316300457787,13167380.736616602,10292403.848168086,106173083.16941524,108049998.06868887,108931464.52421403,1596858.768907832,1625199.9387793634,1639747.4515849259,88555.0918666666
37.502367,33717.1280908,5581.6022885,899.0666666666667,780.0,119.06666666666668,148.83333333333334,0.0974641175358843,6563.433333333333,7313.666666666667,0.0,25.2478697421981,25.39384615384616,25.39384615384616,148305.80078184098,167294.20420824015,171073.65497747093,2228.0697422412964,2514.57329901251,2571.429032368367,13167380.736616602,10292403.848168086,106173083.16941524,108049998.06868887,108931464.52421403,1596858.768907832,1625199.9387793634,1639747.4515849259,88555.0918666666
34.88941075,28897.735943866668,2104.994448583333,828.2666666666667,780.0,48.26666666666667,60.333333333333336,0.0228229692105254,6124.733333333334,6892.666666666667,0.0,24.94584261245164,25.2478697421981,25.2478697421981,137277.8262576086,156618.2410966307,158141.5292377433,2061.8196270137964,2353.844019542977,2376.892662037261,13167380.736616602,10292403.848168086,106173083.16941524,108049998.06868887,108931464.52421403,1596858.768907832,1625199.9387793634,1639747.4515849259,88555.0918666666
32.13973383333333,-2479.044803011111,-3098.806003763889,-77.13333333333334,0.0,-77.13333333333334,-96.41666666666669,0.0228229692105254,6398.299999999999,6417.583333333333,0.0,25.2478697421981,25.2478697421981,25.2478697421981,144136.535891746,144623.39897994138,142189.08353896445,2164.9852257127427,2172.3518774712747,2135.518618678614,13167380.736616602,10292403.848168086,106173083.16941524,108049998.06868887,108931464.52421403,1596858.768907832,1625199.9387793634,1639747.4515849259,88555.0918666666
30.31880166666667,-1550.1447447469443,-48.00476930555556,-51.128166666666665,-49.8615,-1.2666666666666666,-1.5833333333333333,0.0271291896650709,5803.2115,5759.666666666667,6.0,24.94584261245164,24.94584261245164,24.94584261245164,129257.19320680836,128170.93064788959,128131.43306375321,1941.3960022188326,1925.0866069384936,1924.493581148357,13167380.736616602,10292403.848168086,106173083.16941524,108049998.06868887,108931464.52421403,1596858.768907832,1625199.9387793634,1639747.4515849259,88555.0918666666
31.432997666666665,2244.3160334,2805.39504175,71.4,0.0,71.4,89.25,0.0271291896650709,6004.016666666667,5992.166666666667,6.0,24.94584261245164,24.94584261245164,24.94584261245164,134266.44729024215,133970.8390552846,136197.2555084459,2016.6060922984286,2012.1677624375109,2045.5956898710044,13167380.736616602,10292403.848168086,106173083.16941524,108049998.06868887,108931464.52421403,1596858.768907832,1625199.9387793634,1639747.4515849259,88555.0918666666
34.03941016666666,19546.563964705558,12370.488978069445,574.2333333333333,283.5,290.7333333333333,363.4166666666667,3.062200121944913e-09,6273.85,6484.666666666667,0.0,24.94584261245164,25.2478697421981,25.2478697421981,140997.6671551687,146317.11024181388,155492.6069039577,2117.670171691195,2197.9791664324607,2336.812218804798,13167380.736616602,10292403.848168086,106173083.16941524,108049998.06868887,108931464.52421403,1596858.768907832,1625199.9387793634,1639747.4515849259,88555.0918666666
33.13608983333333,1049.309511388889,1311.636889236111,31.66666666666667,0.0,31.66666666666667,39.583333333333336,3.062200121944913e-09,6591.833333333333,6591.833333333333,7.916666666666664,25.2478697421981,25.2478697421981,25.2478697421981,149022.8402825194,149022.8402825194,150022.23512648142,2238.9191584872246,2238.9191584872246,2254.0408507314023,13167380.736616602,10292403.848168086,106173083.16941524,108049998.06868887,108931464.52421403,1596858.768907832,1625199.9387793634,1639747.4515849259,88555.0918666666
24.75871766666667,-21178.607092066668,-7904.220615083334,-855.4,-600.0,-255.4,-319.25,0.0518181848803819,6174.983333333333,5815.833333333333,177.0,24.94584261245164,24.94584261245164,24.94584261245164,138531.35484888428,129572.05547462228,121608.09522059708,2080.6403928797126,1946.1234165464998,1826.550690124731,13167380.736616602,10292403.848168086,106173083.16941524,108049998.06868887,108931464.52421403,1596858.768907832,1625199.9387793634,1639747.4515849259,88555.0918666666
25.1321695,-35252.05641866667,-25215.943398333333,-1402.6666666666667,-600.0,-802.6666666666667,-1003.3333333333334,0.1036363666985637,6583.166666666666,6475.833333333333,292.0,25.2478697421981,25.2478697421981,24.94584261245164,148804.02541142036,146094.08739242444,121007.31617768055,2235.6083037642884,2194.6046414263915,1817.5304557379154,13167380.736616602,10292403.848168086,106173083.16941524,108049998.06868887,108931464.52421403,1596858.768907832,1625199.9387793634,1639747.4515849259,88555.0918666666
25.282924583333337,-50373.69893983334,-44004.93023729167,-1992.4,-600.0,-1392.4,-1740.5,0.1554545485167455,7231.5,7231.5,251.9000000000001,25.39384615384616,25.39384615384616,24.94584261245164,165207.67651593246,165207.67651593246,121468.8142660109,2483.184859433072,2483.184859433072,1824.4594939174071,13167380.736616602,10292403.848168086,106173083.16941524,108049998.06868887,108931464.52421403,1596858.768907832,1625199.9387793634,1639747.4515849259,88555.0918666666
24.073892583333333,-51041.467055183326,-45746.41438147917,-2120.2,-600.0,-1520.2,-1900.25,0.2072727303349273,7423.083333333333,7423.083333333333,219.94999999999985,25.39384615384616,25.39384615384616,24.94584261245164,170072.71420824016,170072.71420824016,122262.92358917394,2556.371494923059,2556.371494923059,1836.3824334875233,13167380.736616602,10292403.848168086,106173083.16941524,108049998.06868887,108931464.52421403,1596858.768907832,1625199.9387793634,1639747.4515849259,88555.0918666666
25.543315916666668,-55381.31468278889,-50069.15641598612,-2168.133333333333,-600.0,-1568.1333333333334,-1960.1666666666667,0.2590909121531092,7432.5,7432.5,207.96666666666647,25.39384615384616,25.39384615384616,24.94584261245164,170311.83959285554,170311.83959285554,121003.15853724514,2559.968750168978,2559.968750168978,1817.4680319705326,13167380.736616602,10292403.848168086,106173083.16941524,108049998.06868887,108931464.52421403,1596858.768907832,1625199.9387793634,1639747.4515849259,88555.0918666666
25.026834583333336,-59712.35886019445,-55870.32263774306,-2385.9333333333334,-600.0,-1785.9333333333334,-2232.4166666666665,0.310909093971291,7352.5,7352.5,153.51666666666688,25.39384615384616,25.39384615384616,24.94584261245164,168280.33190054784,168280.33190054784,112215.98547700908,2529.407997637274,2529.407997637274,1685.5353996069682,13167380.736616602,10292403.848168086,106173083.16941524,108049998.06868887,108931464.52421403,1596858.768907832,1625199.9387793634,1639747.4515849259,88555.0918666666
23.98649083333333,-42352.14731472223,-34950.31601840278,-1765.6666666666667,-600.0,-1165.6666666666667,-1457.0833333333333,0.3627272757894728,6714.916666666666,6648.333333333333,242.0,25.2478697421981,25.2478697421981,24.94584261245164,152130.43224995496,150449.3449229536,113991.29794292853,2285.939662581226,2260.503384469441,1712.1903482794269,13167380.736616602,10292403.848168086,106173083.16941524,108049998.06868887,108931464.52421403,1596858.768907832,1625199.9387793634,1639747.4515849259,88555.0918666666
21.506601250000003,-23410.652347333336,-13133.364496666669,-1088.5333333333333,-600.0,-488.5333333333333,-610.6666666666666,0.4145454576076546,5855.616666666667,5633.75,256.0,24.94584261245164,24.94584261245164,24.9300756001746,130564.48424655432,125029.83329893838,109797.61941313227,1961.023969820776,1877.925450680782,1649.204735625119,13167380.736616602,10292403.848168086,106173083.16941524,108049998.06868887,108931464.52421403,1596858.768907832,1625199.9387793634,1639747.4515849259,88555.0918666666
21.431824833333334,-13379.173849288887,-650.0986866111111,-624.2666666666667,-600.0,-24.266666666666666,-30.33333333333333,0.4663636394258365,6856.683333333333,6470.75,208.0,25.2478697421981,25.2478697421981,25.2478697421981,155709.73858374057,145965.74405456826,145199.8920057216,2340.0976054144803,2192.6626977908236,2181.0747062605483,13167380.736616602,10292403.848168086,106173083.16941524,108049998.06868887,108931464.52421403,1596858.768907832,1625199.9387793634,1639747.4515849259,88555.0918666666
23.449238833333336,-12556.285753955555,1891.571932555556,-535.4666666666667,-600.0,64.53333333333335,80.66666666666667,0.5181818212440183,7436.383333333333,7103.25,283.0,25.39384615384616,25.39384615384616,25.39384615384616,170410.4523620863,161950.91574670168,163999.35266977863,2561.452220031455,2434.1921530306836,2465.007578500152,13167380.736616602,10292403.848168086,106173083.16941524,108049998.06868887,108931464.52421403,1596858.768907832,1625199.9387793634,1639747.4515849259,88555.0918666666
25.407108583333336,-8296.267856077779,8684.996617402778,-326.53333333333336,-600.0,273.46666666666664,341.8333333333333,0.5700000030622001,7964.116666666667,7530.75,235.0,25.40459672695093,25.39384615384616,25.40459672695093,183814.57942533094,172806.78497747093,181489.21200492402,2763.7049586991634,2597.5011743719774,2728.5201793866504,13167380.736616602,10292403.848168086,106173083.16941524,108049998.06868887,108931464.52421403,1596858.768907832,1625199.9387793634,1639747.4515849259,88555.0918666666
38.604306916666665,57592.47867874445,34351.39910468055,1491.8666666666668,780.0,711.8666666666668,889.8333333333334,0.4953588547368412,8328.133333333333,8930.166666666666,0.0,25.40459672695093,25.88297382225814,25.90715906314357,193062.27604388652,208537.61649887022,231575.20728821732,2903.6304439439914,3139.72231837433,3489.0768670423026,13167380.736616602,10292403.848168086,106173083.16941524,108049998.06868887,108931464.52421403,1596858.768907832,1625199.9387793634,1639747.4515849259,88555.0918666666
56.40226391666667,172173.55083201668,160224.73122127083,3052.6,780.0,2272.6,2840.75,0.4207177064114824,10401.9,10613.75,0.0,26.06238651883058,26.06238651883058,28.26067979057965,246672.97209536858,252194.28867938285,328476.7538778786,3720.3202007091127,3806.196586058619,4975.007117588587,13167380.736616602,10292403.848168086,106173083.16941524,108049998.06868887,108931464.52421403,1596858.768907832,1625199.9387793634,1639747.4515849259,88555.0918666666
61.788406083333335,187610.19700436117,174269.05032420138,3036.333333333333,780.0,2256.333333333333,2820.4166666666665,0.3460765580861236,11155.000000000004,11370.91666666667,0.0,26.25410656461584,26.25410656461584,28.44052465868313,266351.187330217,272019.8865059603,349397.0172265401,4023.425956854078,4109.280857163665,5290.072995419095,13167380.736616602,10292403.848168086,106173083.16941524,108049998.06868887,108931464.52421403,1596858.768907832,1625199.9387793634,1639747.4515849259,88555.0918666666
44.07503383333333,108057.2912813889,92098.4561142361,2451.666666666667,780.0,1671.666666666667,2089.583333333333,0.2714354097607647,10188.666666666666,10550.75,0.0,25.90715906314357,26.06238651883058,27.23234572422633,241126.31326282956,250552.35832869651,305773.64256768377,3634.845848480631,3780.6586475312697,4629.395539002268,13167380.736616602,10292403.848168086,106173083.16941524,108049998.06868887,108931464.52421403,1596858.768907832,1625199.9387793634,1639747.4515849259,88555.0918666666
39.40939041666667,61786.04229525001,38808.3972128125,1567.8000000000002,780.0,787.8000000000001,984.75,0.1967942614354059,8370.033333333333,8953.083333333334,0.0,25.40459672695093,25.88297382225814,25.90715906314357,194126.72864674576,209130.767982297,234627.93419782442,2919.7365137166894,3148.6972065984082,3535.667585793161,13167380.736616602,10292403.848168086,106173083.16941524,108049998.06868887,108931464.52421403,1596858.768907832,1625199.9387793634,1639747.4515849259,88555.0918666666
35.621523,30890.9847456,3882.746007,867.2,780.0,87.2,109.0,0.122153113110047,7570.633333333334,8328.833333333334,0.0,25.39384615384616,25.40459672695093,25.40459672695093,173819.57620824018,193080.0592615954,195849.16030483306,2612.736982873721,2903.8995190953256,2945.7983640887405,13167380.736616602,10292403.848168086,106173083.16941524,108049998.06868887,108931464.52421403,1596858.768907832,1625199.9387793634,1639747.4515849259,88555.0918666666
35.42406016666666,20035.848430266666,-9493.648124666666,565.6,780.0,-214.4,-268.0,0.0475119647846881,6906.733333333333,7740.333333333333,0.0,25.2478697421981,25.40459672695093,25.39384615384616,156973.3944643376,178129.45408778475,171323.36113131707,2359.217791439434,2677.6841954382185,2575.1854582003893,13167380.736616602,10292403.848168086,106173083.16941524,108049998.06868887,108931464.52421403,1596858.768907832,1625199.9387793634,1639747.4515849259,88555.0918666666
33.1004405,-17119.5478266,-21399.43478325,-517.2,0.0,-517.2,-646.5,0.0475119647846881,7685.95,7815.25,0.0,25.39384615384616,25.40459672695093,25.39384615384616,176747.90990054785,180032.68179257883,163614.21266977862,2656.7890342834835,2706.481643182163,2459.2137691660164,13167380.736616602,10292403.848168086,106173083.16941524,108049998.06868887,108931464.52421403,1596858.768907832,1625199.9387793634,1639747.4515849259,88555.0918666666
33.74191416666667,-22265.164428111115,-27831.45553513889,-659.8666666666668,0.0,-659.8666666666668,-824.8333333333334,0.0475119647846881,7650.116666666667,7815.083333333333,0.0,25.39384615384616,25.40459672695093,25.30728661097818,175837.9637467017,180028.44769312433,159082.15422555982,2643.100363878658,2706.417577669941,2391.108758758727,13167380.736616602,10292403.848168086,106173083.16941524,108049998.06868887,108931464.52421403,1596858.768907832,1625199.9387793634,1639747.4515849259,88555.0918666666
31.9856635,-15099.365549566668,-18874.206936958333,-472.0666666666667,0.0,-472.0666666666667,-590.0833333333334,0.0475119647846881,7281.650000000001,7399.666666666667,0.0,25.39384615384616,25.39384615384616,25.2478697421981,166481.17790054786,169478.07497747094,154520.56391888307,2502.3426311763837,2547.4261079840917,2322.104383400987,13167380.736616602,10292403.848168086,106173083.16941524,108049998.06868887,108931464.52421403,1596858.768907832,1625199.9387793634,1639747.4515849259,88555.0918666666
32.215788749999994,-8872.22822175,-11090.2852771875,-275.40000000000003,0.0,-275.40000000000003,-344.25,0.0475119647846881,7176.65,7245.5,0.0,25.39384615384616,25.39384615384616,25.2478697421981,163814.82405439398,165563.19036208632,156834.95197858455,2462.2316434785216,2488.5329911261197,2357.123039124346,13167380.736616602,10292403.848168086,106173083.16941524,108049998.06868887,108931464.52421403,1596858.768907832,1625199.9387793634,1639747.4515849259,88555.0918666666
32.30377666666666,-12299.124569555555,8853.926788055553,-380.73333333333335,-600.0,219.26666666666665,274.0833333333333,0.09933014660287,7991.65,7343.833333333333,7.0,25.40459672695093,25.39384615384616,25.39384615384616,184514.05265521296,168060.25190054782,175020.28190054782,2774.288581318295,2526.0972494463394,2630.799660984647,13167380.736616602,10292403.848168086,106173083.16941524,108049998.06868887,108931464.52421403,1596858.768907832,1625199.9387793634,1639747.4515849259,88555.0918666666
31.17762825,-8999.942021500001,12133.293660625,-288.66666666666663,-600.0,311.33333333333337,389.1666666666667,0.1511483284210518,8165.666666666666,7499.833333333333,12.0,25.40459672695093,25.39384615384616,25.40459672695093,188934.87589564789,172021.69190054783,181906.27080119148,2841.1793826296475,2585.6907168831626,2734.830632340552,13167380.736616602,10292403.848168086,106173083.16941524,108049998.06868887,108931464.52421403,1596858.768907832,1625199.9387793634,1639747.4515849259,88555.0918666666
23.864014666666662,-20465.77897813333,-7684.212722666665,-857.6,-600.0,-257.6,-322.0,0.2029665102392336,6879.1,6361.5,18.0,25.2478697421981,25.2478697421981,24.94584261245164,156275.71166379488,143207.41428523313,135151.60893894063,2348.6612584959203,2150.926827196892,2029.896112374228,13167380.736616602,10292403.848168086,106173083.16941524,108049998.06868887,108931464.52421403,1596858.768907832,1625199.9387793634,1639747.4515849259,88555.0918666666
22.82891941666667,-39140.94330385556,-31804.489567319448,-1714.5333333333335,-600.0,-1114.5333333333335,-1393.1666666666667,0.2547846920574155,7908.616666666667,7750.25,163.0,25.40459672695093,25.40459672695093,25.2478697421981,182404.62430698515,178381.38300532702,143095.9028605384,2742.371143129122,2681.496093415448,2149.2395646938576,13167380.736616602,10292403.848168086,106173083.16941524,108049998.06868887,108931464.52421403,1596858.768907832,1625199.9387793634,1639747.4515849259,88555.0918666666
22.161330083333336,-50570.67782816112,-46592.349722701394,-2281.9333333333334,-600.0,-1681.9333333333334,-2102.4166666666665,0.3066028738755973,8571.333333333334,8571.333333333334,179.51666666666688,25.80118739161481,25.80118739161481,25.2478697421981,199269.84336369915,199269.84336369915,145919.45629337427,2997.5297683038993,2997.5297683038993,2191.9623246763567,13167380.736616602,10292403.848168086,106173083.16941524,108049998.06868887,108931464.52421403,1596858.768907832,1625199.9387793634,1639747.4515849259,88555.0918666666
20.73470608333333,-44616.94055011667,-40220.14612514583,-2151.8,-600.0,-1551.8000000000002,-1939.75,0.3584210556937791,8403.75,8403.75,212.05000000000015,25.40459672695093,25.40459672695093,25.2478697421981,194983.28696638945,194983.28696638945,145795.32093380843,2932.6969668392703,2932.6969668392703,2190.0840513239214,13167380.736616602,10292403.848168086,106173083.16941524,108049998.06868887,108931464.52421403,1596858.768907832,1625199.9387793634,1639747.4515849259,88555.0918666666
20.79823833333333,-32467.436587555552,-24985.61698444444,-1561.0666666666666,-600.0,-961.0666666666666,-1201.3333333333333,0.4102392375119609,7819.483333333334,7815.75,356.0,25.40459672695093,25.40459672695093,25.2478697421981,180140.22791872293,180045.3840909423,149593.02134086407,2708.1089071926112,2706.6738397188305,2247.546481851798,13167380.736616602,10292403.848168086,106173083.16941524,108049998.06868887,108931464.52421403,1596858.768907832,1625199.9387793634,1639747.4515849259,88555.0918666666
22.519067250000003,-26353.313767100004,-16052.341771375002,-1170.2666666666669,-600.0,-570.2666666666668,-712.8333333333334,0.4620574193301427,7690.433333333333,7522.0,289.0,25.40459672695093,25.39384615384616,25.2478697421981,176861.76471110992,172584.58882362477,154510.04397315715,2658.502981078848,2594.158592063822,2321.9452076931534,13167380.736616602,10292403.848168086,106173083.16941524,108049998.06868887,108931464.52421403,1596858.768907832,1625199.9387793634,1639747.4515849259,88555.0918666666
27.4874375,-24494.971804166664,-10003.136630208332,-891.1333333333334,-600.0,-291.1333333333334,-363.9166666666667,0.5138756011483245,7563.333333333333,7563.333333333333,527.2166666666667,25.39384615384616,25.39384615384616,25.39384615384616,173634.20113131707,173634.20113131707,164392.9572851632,2609.9483142052027,2609.9483142052027,2470.928724303169,13167380.736616602,10292403.848168086,106173083.16941524,108049998.06868887,108931464.52421403,1596858.768907832,1625199.9387793634,1639747.4515849259,88555.0918666666
28.33212008333333,-27638.92754529444,-13299.569369118051,-975.5333333333332,-600.0,-375.53333333333336,-469.4166666666667,0.5656937829665063,8548.116666666667,8475.0,433.0,25.80118739161481,25.4896765938115,25.40459672695093,198670.8257964238,196793.6025566989,184868.0233696085,2988.274045430119,2960.035995110543,2779.6444581400833,13167380.736616602,10292403.848168086,106173083.16941524,108049998.06868887,108931464.52421403,1596858.768907832,1625199.9387793634,1639747.4515849259,88555.0918666666
29.521311,-9411.3939468,10376.7408165,-318.8,-600.0,281.2,351.5,0.6175119647846881,9254.966666666664,8998.666666666666,414.0,25.88297382225814,25.88297382225814,25.88297382225814,216944.4063963396,210310.6002056949,219408.46550421862,3266.9242250731118,3166.5490751750276,3304.2075425537905,13167380.736616602,10292403.848168086,106173083.16941524,108049998.06868887,108931464.52421403,1596858.768907832,1625199.9387793634,1639747.4515849259,88555.0918666666
31.170127333333337,-13465.495008000002,6545.726740000001,-432.0,-600.0,168.0,210.0,0.6693301466028698,10480.66666666667,10109.66666666667,271.0,26.06238651883058,25.90715906314357,26.06238651883058,248725.81940683525,239079.64769684133,244529.7751773035,3752.2493799366935,3603.609638172419,3686.985759255691,13167380.736616602,10292403.848168086,106173083.16941524,108049998.06868887,108931464.52421403,1596858.768907832,1625199.9387793634,1639747.4515849259,88555.0918666666
36.21040966666666,33884.49435241111,8204.675323638889,935.7666666666668,754.5,181.26666666666668,226.58333333333331,0.5971291896650708,10811.649999999998,11520.83333333333,0.0,26.06238651883058,26.25410656461584,26.50874699148197,257352.03497145936,275955.81464843877,281925.4266810879,3886.418142162782,4168.892190879195,4259.98027377915,13167380.736616602,10292403.848168086,106173083.16941524,108049998.06868887,108931464.52421403,1596858.768907832,1625199.9387793634,1639747.4515849259,88555.0918666666
51.36425325,101540.28010814998,76845.2032164375,1976.8666666666663,780.0,1196.8666666666666,1496.0833333333333,0.5224880413397119,12564.799999999996,13045.58333333333,0.0,27.23234572422633,28.26067979057965,29.22085291113381,303716.69272064714,316920.49090018065,359588.0810476244,4598.362069963874,4798.129423512608,5442.797558719443,13167380.736616602,10292403.848168086,106173083.16941524,108049998.06868887,108931464.52421403,1596858.768907832,1625199.9387793634,1639747.4515849259,88555.0918666666
62.5448645,212164.6893569,204224.61880862495,3392.2000000000003,780.0,2612.2000000000003,3265.25,0.4478468930143531,13931.216666666667,14058.16666666667,0.0,28.44052465868313,28.44052465868313,35.00660333355929,341999.1627540722,345609.6873594921,448841.65272499144,5179.323367409337,5233.374749260451,6786.153145685856,13167380.736616602,10292403.848168086,106173083.16941524,108049998.06868887,108931464.52421403,1596858.768907832,1625199.9387793634,1639747.4515849259,88555.0918666666
54.20205775,177688.7991865667,169263.99267695835,3278.266666666667,780.0,2498.266666666667,3122.833333333333,0.3732057446889942,13581.483333333335,13736.91666666667,0.0,28.26067979057965,28.44052465868313,34.32799487966722,332065.3891999524,336473.1688128902,432802.0935886381,5029.934003717175,5096.596439534811,6545.140829272091,13167380.736616602,10292403.848168086,106173083.16941524,108049998.06868887,108931464.52421403,1596858.768907832,1625199.9387793634,1639747.4515849259,88555.0918666666
44.28564425,103926.59754961668,86729.74379327083,2346.7333333333336,780.0,1566.7333333333336,1958.4166666666667,0.2985645963636354,12652.100000000002,13040.41666666667,0.0,27.23234572422633,28.26067979057965,29.26734224548939,306094.0765023723,316774.4773879295,372952.1358145912,4634.229967321137,4795.89457186543,5644.168566181867,13167380.736616602,10292403.848168086,106173083.16941524,108049998.06868887,108931464.52421403,1596858.768907832,1625199.9387793634,1639747.4515849259,88555.0918666666
46.0138585,75840.04157969999,49936.539937125,1648.2,780.0,868.2,1085.25,0.2239234480382765,11727.05,12290.0,0.0,26.50874699148197,26.50874699148197,28.26067979057965,281385.5318673614,296308.6309862162,326237.09500447515,4251.527884925241,4485.158276347919,4940.727377000396,13167380.736616602,10292403.848168086,106173083.16941524,108049998.06868887,108931464.52421403,1596858.768907832,1625199.9387793634,1639747.4515849259,88555.0918666666
34.11665441666667,-18206.92124036111,2828.8392620486115,-533.6666666666666,-600.0,66.33333333333334,82.91666666666667,0.2757416298564584,11317.000000000004,10700.41666666667,0.0,26.25410656461584,26.06238651883058,26.06238651883058,270604.35259368474,254453.02884434824,256614.03505986795,4087.841983948573,3841.3281417047083,3874.9395819622637,13167380.736616602,10292403.848168086,106173083.16941524,108049998.06868887,108931464.52421403,1596858.768907832,1625199.9387793634,1639747.4515849259,88555.0918666666
39.46259466666667,30530.894073777778,-312.4122077777778,773.6666666666666,780.0,-6.333333333333334,-7.916666666666667,0.2011004815310995,9309.416666666666,10091.0,0.0,25.88297382225814,25.90715906314357,25.90715906314357,218353.7343209616,238596.04739432922,238390.94905174602,3288.2485594935215,3596.22893025149,3593.0987193028823,13167380.736616602,10292403.848168086,106173083.16941524,108049998.06868887,108931464.52421403,1596858.768907832,1625199.9387793634,1639747.4515849259,88555.0918666666
35.40599616666666,-38089.77067609999,-21057.716220125,-1075.8,-600.0,-475.8,-594.75,0.2529186633492813,10498.216666666667,10017.16666666667,0.0,26.06238651883058,25.90715906314357,25.88297382225814,249183.21429024063,236683.23548350055,221278.51036287687,3759.3635199550254,3567.035594457106,3332.5029174275205,13167380.736616602,10292403.848168086,106173083.16941524,108049998.06868887,108931464.52421403,1596858.768907832,1625199.9387793634,1639747.4515849259,88555.0918666666
32.30301566666667,-39545.351779133336,-25204.427973916667,-1224.2,-600.0,-624.2,-780.25,0.3047368451674632,9967.783333333336,9523.833333333334,0.0,25.90715906314357,25.88297382225814,25.80118739161481,235403.85361176563,223903.47529135083,203714.0978919048,3547.50966805558,3372.220877313711,3066.200188907286,13167380.736616602,10292403.848168086,106173083.16941524,108049998.06868887,108931464.52421403,1596858.768907832,1625199.9387793634,1639747.4515849259,88555.0918666666
35.08189741666667,-51591.43834095001,-38177.8748636875,-1470.6,-600.0,-870.6,-1088.25,0.356555026985645,10431.93333333333,10049.58333333333,0.0,26.06238651883058,25.90715906314357,25.88297382225814,247455.71243715074,237523.05922313064,209344.30251633053,3732.49463595416,3579.8529845519297,3151.9281663590746,13167380.736616602,10292403.848168086,106173083.16941524,108049998.06868887,108931464.52421403,1596858.768907832,1625199.9387793634,1639747.4515849259,88555.0918666666
35.33160275,-19801.97598710702,-10879.189346770834,-560.4607333333333,-314.1274,-246.33333333333337,-307.9166666666667,0.3836842115310995,9354.960733333332,9102.416666666666,0.0,25.88297382225814,25.88297382225814,25.80118739161481,219532.5502062541,212995.9587397542,205027.80834992783,3306.0850500071183,3207.180841862216,3086.498992481872,13167380.736616602,10292403.848168086,106173083.16941524,108049998.06868887,108931464.52421403,1596858.768907832,1625199.9387793634,1639747.4515849259,88555.0918666666
38.438306,10488.532430533334,13110.665538166668,272.8666666666667,0.0,272.8666666666667,341.0833333333333,0.3836842115310995,9219.3,9151.083333333334,0.0,25.88297382225814,25.88297382225814,25.88297382225814,216021.2469966791,214255.5967991041,223083.84778697934,3252.95603540073,3226.2402408544394,3359.8192135858944,13167380.736616602,10292403.848168086,106173083.16941524,108049998.06868887,108931464.52421403,1596858.768907832,1625199.9387793634,1639747.4515849259,88555.0918666666
35.48613949999999,-3498.9333547,-4373.666693374999,-98.6,0.0,-98.6,-123.25,0.3836842115310995,9297.85,9322.5,0.0,25.88297382225814,25.88297382225814,25.88297382225814,218054.35459041753,218692.36989513616,215502.29337154285,3283.718688637151,3293.3724047705405,3245.1038241035917,13167380.736616602,10292403.848168086,106173083.16941524,108049998.06868887,108931464.52421403,1596858.768907832,1625199.9387793634,1639747.4515849259,88555.0918666666
25.35078708333333,-32555.480772416664,-21681.260653020832,-1284.2,-600.0,-684.2,-855.25,0.4355023933492813,9687.866666666669,9266.916666666666,8.0,25.90715906314357,25.88297382225814,25.40459672695093,228152.00800400734,217253.70793351563,195184.4066904778,3436.8319988305916,3271.6042213325045,2935.7400786698313,13167380.736616602,10292403.848168086,106173083.16941524,108049998.06868887,108931464.52421403,1596858.768907832,1625199.9387793634,1639747.4515849259,88555.0918666666
24.54553775,-50961.44547655,-45292.6535331875,-2076.2,-600.0,-1476.2,-1845.25,0.4873205751674632,10409.7,10198.75,20.0,26.06238651883058,25.90715906314357,25.40459672695093,246876.2587102155,241387.54378338295,193706.7059808602,3723.482040717261,3638.8327487414895,2913.381214904233,13167380.736616602,10292403.848168086,106173083.16941524,108049998.06868887,108931464.52421403,1596858.768907832,1625199.9387793634,1639747.4515849259,88555.0918666666
25.159261749999995,-55897.17047203333,-51002.016777541656,-2221.7333333333336,-600.0,-1621.7333333333336,-2027.1666666666667,0.539138756985645,10338.149999999998,10220.58333333333,77.0,26.06238651883058,25.90715906314357,25.40459672695093,245011.4949547931,241953.18342292818,189639.85345482072,3694.4782391040567,3647.4655410418595,2851.8462904146672,13167380.736616602,10292403.848168086,106173083.16941524,108049998.06868887,108931464.52421403,1596858.768907832,1625199.9387793634,1639747.4515849259,88555.0918666666
25.144905583333337,-48641.98168743889,-41943.79792179861,-1934.4666666666667,-600.0,-1334.4666666666667,-1668.0833333333333,0.5909569388038267,10051.466666666667,9898.083333333334,113.0,25.90715906314357,25.90715906314357,25.40459672695093,237571.8510393663,233598.12462506446,190569.23828508175,3580.59764526181,3519.9506318722565,2865.9086703474736,13167380.736616602,10292403.848168086,106173083.16941524,108049998.06868887,108931464.52421403,1596858.768907832,1625199.9387793634,1639747.4515849259,88555.0918666666
29.78243433333333,-46361.32277888888,-35614.8277236111,-1556.6666666666663,-600.0,-956.6666666666666,-1195.8333333333333,0.6427751206220085,9773.083333333334,9571.25,159.0,25.90715906314357,25.89965940282053,25.40459672695093,230359.72974217153,225130.81684556403,194263.49005912585,3470.5262484731848,3390.7357338665024,2921.805829761471,13167380.736616602,10292403.848168086,106173083.16941524,108049998.06868887,108931464.52421403,1596858.768907832,1625199.9387793634,1639747.4515849259,88555.0918666666
33.27678525,-48743.835034200005,-35972.204855250005,-1464.8000000000002,-600.0,-864.8000000000001,-1081.0,0.6945933024401902,10187.216666666667,9980.416666666666,177.0,25.90715906314357,25.90715906314357,25.88297382225814,241088.74788218804,235731.14738792993,207741.71505383577,3634.272525633202,3552.5048257377775,3127.6796501754766,13167380.736616602,10292403.848168086,106173083.16941524,108049998.06868887,108931464.52421403,1596858.768907832,1625199.9387793634,1639747.4515849259,88555.0918666666
34.369031416666665,-11639.645306444443,-14549.556633055554,-338.6666666666667,0.0,-338.6666666666667,-423.3333333333333,0.6945933024401902,9929.000000000004,10013.66666666667,0.0,25.90715906314357,25.90715906314357,25.90715906314357,234399.08762610005,236592.56042677953,225625.1964233821,3532.1749293662947,3565.6517117219323,3398.267799943743,13167380.736616602,10292403.848168086,106173083.16941524,108049998.06868887,108931464.52421403,1596858.768907832,1625199.9387793634,1639747.4515849259,88555.0918666666
43.19965716666667,37929.29899233334,5291.958002916667,878.0,780.0,98.0,122.5,0.6199521541148314,9926.0,10681.5,0.0,25.90715906314357,26.06238651883058,26.06238651883058,234321.36614891054,253960.01536603362,257152.65771459037,3530.9887441647156,3833.660004078109,3883.317106770176,13167380.736616602,10292403.848168086,106173083.16941524,108049998.06868887,108931464.52421403,1596858.768907832,1625199.9387793634,1639747.4515849259,88555.0918666666
44.80115641666666,37937.619253633326,3740.8965607916666,846.8,780.0,66.8,83.5,0.5453110057894726,11623.86666666667,12387.16666666667,0.0,26.25410656461584,26.50874699148197,27.23234572422633,278660.86276147986,298884.3975688886,301153.2212431402,4209.86131428436,4525.483503040469,4559.68664341294,13167380.736616602,10292403.848168086,106173083.16941524,108049998.06868887,108931464.52421403,1596858.768907832,1625199.9387793634,1639747.4515849259,88555.0918666666
43.127012,38682.05462986667,6303.731587333333,896.9333333333334,780.0,116.93333333333334,146.16666666666666,0.4706698574641137,12627.066666666664,13377.83333333333,0.0,27.23234572422633,28.26067979057965,28.26067979057965,305412.360114409,326310.10176060075,330440.8711233238,4623.944823787228,4941.8448028239845,5005.069476842583,13167380.736616602,10292403.848168086,106173083.16941524,108049998.06868887,108931464.52421403,1596858.768907832,1625199.9387793634,1639747.4515849259,88555.0918666666
48.497706,47000.7434748,11465.6659935,969.1333333333332,780.0,189.13333333333333,236.41666666666663,0.3960287091387549,13488.616666666663,14221.33333333333,0.0,28.26067979057965,28.44052465868313,29.22085291113381,329440.9140700671,350250.23296630045,357135.96447416506,4989.764347658833,5302.8460671444445,5406.052276652212,13167380.736616602,10292403.848168086,106173083.16941524,108049998.06868887,108931464.52421403,1596858.768907832,1625199.9387793634,1639747.4515849259,88555.0918666666
61.08309891666666,133038.98944049998,106742.715356875,2178.0,780.0,1398.0,1747.5,0.321387560813396,15114.41666666667,15544.91666666667,0.0,29.26734224548939,30.33204224186447,34.71917146460653,376334.95278913237,389090.43952201086,447764.11766202096,5695.994459380801,5888.651798937121,6769.952182279565,13167380.736616602,10292403.848168086,106173083.16941524,108049998.06868887,108931464.52421403,1596858.768907832,1625199.9387793634,1639747.4515849259,88555.0918666666
82.63366333333333,318850.25333800004,317994.9949225,3858.6,780.0,3078.6000000000004,3848.25,0.2467464124880372,17209.066666666673,17219.41666666667,0.0,34.71917146460653,34.71917146460653,49.17686382252717,444870.27472044603,445229.6181451047,595592.2959600458,6726.418989892938,6731.824731239088,8998.245456778339,13167380.736616602,10292403.848168086,106173083.16941524,108049998.06868887,108931464.52421403,1596858.768907832,1625199.9387793634,1639747.4515849259,88555.0918666666
61.77499108333333,204808.80543768336,195780.39049085416,3315.4,780.0,2535.4,3169.25,0.1721052641626783,16486.01666666667,16632.16666666667,0.0,34.01953031077182,34.01953031077182,39.24067357653807,420055.85960458976,425027.81395950913,541638.3477808345,6354.207449840199,6428.422665121999,8187.695371031709,13167380.736616602,10292403.848168086,106173083.16941524,108049998.06868887,108931464.52421403,1596858.768907832,1625199.9387793634,1639747.4515849259,88555.0918666666
53.93566208333334,126072.8122643889,105003.74479923613,2337.4666666666667,780.0,1557.4666666666667,1946.8333333333333,0.0974641158373195,14781.199999999995,15171.83333333333,0.0,29.22085291113381,29.26734224548939,34.71917146460653,366587.44934827124,378015.3860230607,441731.6616200453,5547.683992457327,5721.739261409685,6679.203625864725,13167380.736616602,10292403.848168086,106173083.16941524,108049998.06868887,108931464.52421403,1596858.768907832,1625199.9387793634,1639747.4515849259,88555.0918666666
50.668302833333335,87423.08970863334,59877.26687329167,1725.4,780.0,945.4,1181.75,0.0228229675119606,13561.51666666667,14105.16666666667,0.0,28.26067979057965,28.44052465868313,29.50746817045521,331501.11762680055,346946.39201845025,381399.18151370087,5021.297383480655,5253.385894963501,5772.992895611772,13167380.736616602,10292403.848168086,106173083.16941524,108049998.06868887,108931464.52421403,1596858.768907832,1625199.9387793634,1639747.4515849259,88555.0918666666
41.06464991666666,15236.35394074722,6803.043669527777,371.0333333333333,238.5,132.53333333333333,165.66666666666666,1.0047836070115055e-09,12242.466666666664,12447.83333333333,0.0,26.50874699148197,27.23234572422633,27.23234572422633,295048.581879221,300531.41601577017,305042.90795741696,4465.431424456469,4550.305387326751,4618.3708511929535,13167380.736616602,10292403.848168086,106173083.16941524,108049998.06868887,108931464.52421403,1596858.768907832,1625199.9387793634,1639747.4515849259,88555.0918666666
