price,profit,profit_actual,P_ESS,P_ESS_controlled,P_ESS_passive,P_ESS_actual,P_natural_gas,P_natural_gas_actual,P_renewable_absorbed,marginal_price_gas,marginal_price_gas_actual,marginal_price_gas_withoutESS,cost,cost_actual,cost_withoutESS,total_profit,total_profit_actual,total_cost,total_cost_actual,total_cost_withoutESS,total_absorb
85.56985575,29533.009547850004,36916.2619348125,345.1333333333334,0.0,345.1333333333334,431.4166666666667,13761.116666666663,13674.83333333333,0.0,61.52031723517364,61.52031723517364,62.42528719522737,496093.9582286632,490785.7801898883,517484.39087774954,21204505.64816848,18412316.224699102,243533435.19560292,244792623.91549113,248761346.4076215,29478.049133333345
82.06759716666666,-22026.943079533336,-27533.678849416665,-268.40000000000003,0.0,-268.40000000000003,-335.5,14035.73333333333,14102.83333333333,0.0,62.24357100233248,62.42528719522737,61.52031723517364,513088.84891991265,517271.1044798325,496476.4095341419,21204505.64816848,18412316.224699102,243533435.19560292,244792623.91549113,248761346.4076215,29478.049133333345
80.10362716666667,-30647.64775396667,-38309.55969245834,-382.6,0.0,-382.6,-478.25,14018.43333333333,14114.08333333333,0.0,62.24357100233248,62.42528719522737,61.52031723517364,512012.0351415723,517973.38896077883,488386.48781771655,21204505.64816848,18412316.224699102,243533435.19560292,244792623.91549113,248761346.4076215,29478.049133333345
75.68127566666666,-104495.66002215556,-39802.04422769444,-1380.7333333333333,-960.0,-420.73333333333335,-525.9166666666666,14799.316666666668,13944.5,0.0,62.82941806468727,62.08274572955887,61.41295516293172,560966.337693067,507419.3435818754,475023.0636736823,21204505.64816848,18412316.224699102,243533435.19560292,244792623.91549113,248761346.4076215,29478.049133333345
81.81947058333334,14056.585046216669,17570.731307770835,171.8,0.0,171.8,214.75,13673.11666666667,13630.16666666667,0.0,61.52031723517364,61.52031723517364,61.84190944166342,490680.17031196837,488037.8726867176,501250.5882232259,21204505.64816848,18412316.224699102,243533435.19560292,244792623.91549113,248761346.4076215,29478.049133333345
88.64672991666667,164286.02966356114,98981.46117945139,1853.2666666666667,960.0,893.2666666666667,1116.5833333333333,13148.233333333337,13884.91666666667,0.0,61.24434842984079,61.84190944166342,62.82941806468727,458452.53096948663,503724.26460089243,573669.3988687793,21204505.64816848,18412316.224699102,243533435.19560292,244792623.91549113,248761346.4076215,29478.049133333345
90.44203699999998,205417.9839035333,214784.76420216664,2271.266666666667,371.4,1899.8666666666668,2374.8333333333335,14368.649999999998,14265.08333333333,0.0,62.77103502979372,62.77103502979372,63.13632209610795,533926.7615371232,527425.7746758709,676867.3373844165,21204505.64816848,18412316.224699102,243533435.19560292,244792623.91549113,248761346.4076215,29478.049133333345
98.63478141666667,295220.4764321778,250663.85784022225,2993.0666666666666,960.0,2033.0666666666668,2541.3333333333335,14104.849999999997,14556.58333333333,0.0,62.42528719522737,62.77103502979372,63.34749314301407,517396.9954756762,545723.5313870558,705824.4783065984,21204505.64816848,18412316.224699102,243533435.19560292,244792623.91549113,248761346.4076215,29478.049133333345
57.872510416666664,-36243.624190277784,-45304.53023784722,-626.2666666666668,0.0,-626.2666666666668,-782.8333333333334,13714.266666666663,13870.83333333333,0.0,61.52031723517364,61.84190944166342,61.24434842984079,493211.7313661953,502853.3243762553,454763.57971572876,21204505.64816848,18412316.224699102,243533435.19560292,244792623.91549113,248761346.4076215,29478.049133333345
33.22532708333333,-94419.73450541668,-78154.27563177083,-2841.8,-960.0,-1881.8000000000002,-2352.25,12708.71666666667,12557.16666666667,338.0,61.24434842984079,61.24434842984079,56.84699702832563,431534.6190954311,422253.0380908887,281610.1720679281,21204505.64816848,18412316.224699102,243533435.19560292,244792623.91549113,248761346.4076215,29478.049133333345
37.0832,-92018.25248,-115022.81559999999,-2481.4,0.0,-2481.4,-3101.75,11322.73333333333,11943.08333333333,0.0,60.06908194289178,60.86094263517563,52.22503348356775,347365.4058208427,384754.437728343,207431.14904185195,21204505.64816848,18412316.224699102,243533435.19560292,244792623.91549113,248761346.4076215,29478.049133333345
36.503247249999994,-122554.46553044076,-132059.62273868747,-3357.3579000000004,-463.1579,-2894.2000000000003,-3617.75,11520.77456666667,11781.16666666667,0.0,60.06908194289178,60.5003388737758,50.59194752460175,359261.5608940145,374929.0136472948,172894.1528086072,21204505.64816848,18412316.224699102,243533435.19560292,244792623.91549113,248761346.4076215,29478.049133333345
31.41099708333333,-111636.7777006389,-101852.7756257986,-3554.066666666667,-960.0,-2594.066666666667,-3242.5833333333335,11154.91666666667,11154.91666666667,311.4833333333336,59.66414016202437,59.66414016202437,49.62796879427163,337302.11720530735,337302.11720530735,160288.53792270704,21204505.64816848,18412316.224699102,243533435.19560292,244792623.91549113,248761346.4076215,29478.049133333345
30.0829475,-86534.60124866667,-72068.71456083332,-2876.5333333333333,-960.0,-1916.5333333333333,-2395.6666666666665,10404.5,10404.5,480.8666666666668,57.5987946620749,57.5987946620749,49.73249582204807,293052.179253153,293052.179253153,165082.21867940502,21204505.64816848,18412316.224699102,243533435.19560292,244792623.91549113,248761346.4076215,29478.049133333345
29.372597999999996,-55406.510694,-34011.0207675,-1886.3333333333335,-960.0,-926.3333333333335,-1157.9166666666667,9674.25,9586.833333333334,641.0,55.08860599120217,54.8707691756465,50.59194752460175,251817.446305668,247006.30774314015,186326.31487638887,21204505.64816848,18412316.224699102,243533435.19560292,244792623.91549113,248761346.4076215,29478.049133333345
32.04211575,-40984.0021853,-12779.463831625,-1279.0666666666666,-960.0,-319.06666666666666,-398.8333333333333,10481.233333333334,10139.0,538.0,57.5987946620749,56.84699702832563,55.08860599120217,297471.9267635562,277863.0075138108,255448.7035839214,21204505.64816848,18412316.224699102,243533435.19560292,244792623.91549113,248761346.4076215,29478.049133333345
63.89371641666667,23857.913709983335,29822.392137479168,373.40000000000003,0.0,373.40000000000003,466.75,12222.1,12153.75,25.0,61.15035779449792,60.86179049961658,61.24434842984079,401740.16072246357,397575.92194313207,426131.8468247784,21204505.64816848,18412316.224699102,243533435.19560292,244792623.91549113,248761346.4076215,29478.049133333345
85.72015375,280304.9027625,252874.45356249998,3270.0,910.0,2360.0,2950.0,15128.66666666667,15448.66666666667,0.0,62.82941806468727,62.93620505802819,63.74475496248188,581659.2065326719,601774.7883438542,788592.4002138274,21204505.64816848,18412316.224699102,243533435.19560292,244792623.91549113,248761346.4076215,29478.049133333345
96.25358908333332,357639.8355980333,331545.48759754165,3715.6000000000004,960.0,2755.6000000000004,3444.5,16126.566666666671,16397.66666666667,0.0,63.11178396875967,63.11178396875967,65.70657560940315,644465.0207433389,661574.6253772696,882222.5079969101,21204505.64816848,18412316.224699102,243533435.19560292,244792623.91549113,248761346.4076215,29478.049133333345
92.52950616666665,280210.18784138886,239227.32740173605,3028.3333333333335,960.0,2068.3333333333335,2585.4166666666665,15752.916666666664,16195.83333333333,0.0,62.93888483233038,63.11178396875967,64.56793562451838,620923.8635715356,648836.5636462411,813116.5314344852,21204505.64816848,18412316.224699102,243533435.19560292,244792623.91549113,248761346.4076215,29478.049133333345
95.98375291666666,179419.22986869444,224274.03733586805,1869.2666666666669,0.0,1869.2666666666669,2336.5833333333335,16035.899999999998,15568.58333333333,0.0,63.11178396875967,62.93888483233038,63.60783689989464,638742.8856635042,609322.1291341094,757150.688836838,21204505.64816848,18412316.224699102,243533435.19560292,244792623.91549113,248761346.4076215,29478.049133333345
96.23929533333335,120324.78297875557,150405.97872344445,1250.2666666666667,0.0,1250.2666666666667,1562.8333333333333,15426.816666666666,15114.25,0.0,62.91207762549465,62.82941806468727,63.13632209610795,600399.725958199,580753.4157555725,679213.9040223219,21204505.64816848,18412316.224699102,243533435.19560292,244792623.91549113,248761346.4076215,29478.049133333345
81.26301308333335,102131.35484313335,30148.57785391667,1256.8,960.0,296.8,371.0,13648.95,14534.75,0.0,61.52031723517364,62.77103502979372,62.82941806468727,489193.42931211815,544353.0304555722,567653.4820890853,21204505.64816848,18412316.224699102,243533435.19560292,244792623.91549113,248761346.4076215,29478.049133333345
79.13318350000002,79850.65769706668,4853.501921333334,1009.0666666666667,960.0,49.06666666666667,61.333333333333336,13311.266666666666,14259.0,0.0,61.3157522025998,62.77103502979372,62.77103502979372,468439.4124480975,527043.9175461065,530893.8743612672,21204505.64816848,18412316.224699102,243533435.19560292,244792623.91549113,248761346.4076215,29478.049133333345
72.92812983333333,-16267.834828155554,-20334.793535194443,-223.06666666666666,0.0,-223.06666666666666,-278.8333333333333,14051.983333333334,14107.75,0.0,62.24357100233248,62.42528719522737,61.52031723517364,514100.30694870075,517578.0288085426,500265.03573720815,21204505.64816848,18412316.224699102,243533435.19560292,244792623.91549113,248761346.4076215,29478.049133333345
66.39939608333334,-105305.01556176113,-51951.99415220139,-1585.9333333333334,-960.0,-625.9333333333334,-782.4166666666666,15125.849999999997,14322.33333333333,0.0,62.82941806468727,62.77103502979372,61.52031723517364,581482.2370051227,531019.4164313267,482485.66405624285,21204505.64816848,18412316.224699102,243533435.19560292,244792623.91549113,248761346.4076215,29478.049133333345
59.71187308333333,-108392.97281240555,-63836.968315506936,-1815.2666666666667,-960.0,-855.2666666666667,-1069.0833333333333,14910.683333333334,14164.5,0.0,62.82941806468727,62.42528719522737,61.24434842984079,567963.4405515378,521120.6638568717,455217.80863325024,21204505.64816848,18412316.224699102,243533435.19560292,244792623.91549113,248761346.4076215,29478.049133333345
75.15105525,-29744.78766795,-37180.9845849375,-395.8,0.0,-395.8,-494.75,13217.716666666669,13316.66666666667,0.0,61.24434842984079,61.3157522025998,61.24434842984079,462707.99244621996,468770.5175099917,438467.479337689,21204505.64816848,18412316.224699102,243533435.19560292,244792623.91549113,248761346.4076215,29478.049133333345
72.20497783333333,-19935.10602566132,-6197.593930694444,-276.09046666666666,-207.4238,-68.66666666666667,-85.83333333333333,13241.757133333333,13051.5,0.0,61.24434842984079,61.24434842984079,61.24434842984079,464180.3351631691,452528.16099803976,447271.3544244784,21204505.64816848,18412316.224699102,243533435.19560292,244792623.91549113,248761346.4076215,29478.049133333345
76.4574645,26918.1246683,33647.655835375,352.06666666666666,-0.0,352.06666666666666,440.0833333333333,13184.183333333336,13096.16666666667,0.0,61.24434842984079,61.24434842984079,61.52031723517364,460654.26529553934,455263.74189457286,482260.08955971425,21204505.64816848,18412316.224699102,243533435.19560292,244792623.91549113,248761346.4076215,29478.049133333345
89.98325408333334,219823.0908419778,166798.95865247224,2442.9333333333334,960.0,1482.9333333333334,1853.6666666666667,12714.983333333334,13304.25,0.0,61.24434842984079,61.3157522025998,62.82941806468727,431918.4170122579,468009.1802534759,583496.9670110638,21204505.64816848,18412316.224699102,243533435.19560292,244792623.91549113,248761346.4076215,29478.049133333345
90.59953600000001,248665.52647466675,202112.46489333338,2744.666666666667,960.0,1784.666666666667,2230.8333333333335,12813.916666666666,13327.75,0.0,61.24434842984079,61.3157522025998,62.93888483233038,437977.5245502501,469450.100430237,608692.7402857862,21204505.64816848,18412316.224699102,243533435.19560292,244792623.91549113,248761346.4076215,29478.049133333345
48.94313491666666,-28073.782188199995,-35092.227735249995,-573.6,-0.0,-573.6,-717.0,12287.01666666667,12430.41666666667,0.0,61.1954964592248,61.24434842984079,60.24177886994656,405711.0079596842,414490.31692740635,370846.38852080435,21204505.64816848,18412316.224699102,243533435.19560292,244792623.91549113,248761346.4076215,29478.049133333345
35.40719883333333,-55176.218181944445,-68970.27272743055,-1558.3333333333335,0.0,-1558.3333333333335,-1947.9166666666667,10530.499999999996,10920.08333333333,0.0,57.5987946620749,59.6222469651773,52.27524016843355,300309.6273805742,323298.22813322674,214265.20285286,21204505.64816848,18412316.224699102,243533435.19560292,244792623.91549113,248761346.4076215,29478.049133333345
30.478029000000003,-96044.39685340002,-83481.86126675001,-3151.266666666667,-960.0,-2191.266666666667,-2739.0833333333335,10463.183333333334,10394.0,343.0,57.5987946620749,57.5987946620749,45.81581231686007,296432.2685199058,292447.39190920116,148226.82639754887,21204505.64816848,18412316.224699102,243533435.19560292,244792623.91549113,248761346.4076215,29478.049133333345
32.475653333333334,-121036.75997333333,-112325.16596666667,-3727.0,-960.0,-2767.0,-3458.75,10663.75,10663.75,268.25,59.446359957658,59.446359957658,41.65959620858494,308020.53770810395,308020.53770810395,128450.85822631858,21204505.64816848,18412316.224699102,243533435.19560292,244792623.91549113,248761346.4076215,29478.049133333345
31.505245833333337,-110806.04994555558,-100701.26743194446,-3517.066666666667,-960.0,-2557.066666666667,-3196.3333333333335,10234.66666666667,10234.66666666667,320.7333333333336,56.84699702832563,56.84699702832563,41.65959620858494,283301.37022952083,283301.37022952083,121507.59219155453,21204505.64816848,18412316.224699102,243533435.19560292,244792623.91549113,248761346.4076215,29478.049133333345
34.30337333333333,-84718.74039509377,-86038.57754888888,-2469.6912333333335,-463.1579,-2006.5333333333333,-2508.1666666666665,9225.024566666667,9263.5,0.0,52.27524016843355,52.27524016843355,41.65959620858494,227483.4103038459,229494.72282193045,109717.92646452492,21204505.64816848,18412316.224699102,243533435.19560292,244792623.91549113,248761346.4076215,29478.049133333345
30.287659583333333,-75927.12422080556,-58563.713776006945,-2506.866666666667,-960.0,-1546.8666666666668,-1933.5833333333333,9656.533333333333,9470.25,387.0,55.08860599120217,54.8707691756465,45.25498423139707,250841.4598361905,240609.29057007932,142845.39232708578,21204505.64816848,18412316.224699102,243533435.19560292,244792623.91549113,248761346.4076215,29478.049133333345
23.132514166666667,-39033.80440483334,-21033.238506041667,-1687.4,-960.0,-727.4000000000001,-909.25,10385.566666666666,9969.416666666666,362.0,57.5987946620749,56.59032124541989,52.27524016843355,291961.6420742176,268233.2750320832,218865.42398768227,21204505.64816848,18412316.224699102,243533435.19560292,244792623.91549113,248761346.4076215,29478.049133333345
44.75256683333333,1297.8244381666666,1622.2805477083334,29.0,-0.0,29.0,36.25,10692.33333333333,10692.33333333333,7.25,59.446359957658,59.446359957658,59.6222469651773,309719.7128302268,309719.7128302268,311880.56783939525,21204505.64816848,18412316.224699102,243533435.19560292,244792623.91549113,248761346.4076215,29478.049133333345
67.1475975,211009.0868905,183184.24161312502,3142.4666666666667,960.0,2182.4666666666667,2728.0833333333335,12352.866666666667,12767.25,0.0,61.24434842984079,61.24434842984079,62.93888483233038,409740.817706672,435119.45495685755,604711.8558201414,21204505.64816848,18412316.224699102,243533435.19560292,244792623.91549113,248761346.4076215,29478.049133333345
72.79801041666666,271128.9099958333,251553.52499479163,3724.4,960.0,2764.4,3455.5,13968.51666666667,14237.41666666667,0.0,62.08274572955887,62.77103502979372,63.60783689989464,508910.36419181386,525689.1093733803,743649.9254548358,21204505.64816848,18412316.224699102,243533435.19560292,244792623.91549113,248761346.4076215,29478.049133333345
67.67373116666667,162538.76751610002,121964.98199512501,2401.8,960.0,1441.8000000000002,1802.25,13770.866666666669,14370.41666666667,0.0,61.52031723517364,62.77103502979372,63.11178396875967,496693.7813217065,534037.6570323429,647374.4739842986,21204505.64816848,18412316.224699102,243533435.19560292,244792623.91549113,248761346.4076215,29478.049133333345
65.09101691666666,122700.90628904443,75266.91256130554,1885.0666666666666,960.0,925.0666666666666,1156.3333333333333,12804.433333333336,13533.16666666667,0.0,61.24434842984079,61.52031723517364,62.77103502979372,437396.7239793073,482070.40191490576,554066.848126433,21204505.64816848,18412316.224699102,243533435.19560292,244792623.91549113,248761346.4076215,29478.049133333345
61.181216,100712.43903146667,56296.91558933333,1646.1333333333332,910.0,736.1333333333333,920.1666666666666,12090.783333333333,12816.75,0.0,60.86179049961658,61.24434842984079,61.52031723517364,393743.6578680062,438151.05020413466,494605.16655157215,21204505.64816848,18412316.224699102,243533435.19560292,244792623.91549113,248761346.4076215,29478.049133333345
57.76283700000001,18634.291216200007,23292.864020250006,322.6,0.0,322.6,403.25,12200.4,12119.75,0.0,60.86179049961658,60.86179049961658,61.24434842984079,400415.1244699392,395506.62106614513,420160.52285286895,21204505.64816848,18412316.224699102,243533435.19560292,244792623.91549113,248761346.4076215,29478.049133333345
56.86656691666667,860.5807126722224,1075.725890840278,15.133333333333335,0.0,15.133333333333335,18.916666666666668,11493.450000000003,11489.66666666667,0.0,60.06908194289178,60.06908194289178,60.06908194289178,357620.1992598604,357392.93789984315,358529.2446999295,21204505.64816848,18412316.224699102,243533435.19560292,244792623.91549113,248761346.4076215,29478.049133333345
54.299485250000004,-8231.8019639,-10289.752454875,-151.6,0.0,-151.6,-189.5,11310.01666666667,11347.91666666667,0.0,60.06908194289178,60.06908194289178,59.66414016202437,346601.5273288027,348878.14553443826,337510.94169587444,21204505.64816848,18412316.224699102,243533435.19560292,244792623.91549113,248761346.4076215,29478.049133333345
54.26480016666667,-27544.940991293726,-13326.530507597223,-507.6023666666667,-311.1357,-196.4666666666667,-245.58333333333334,11424.602366666664,11162.58333333333,0.0,60.06908194289178,59.66414016202437,59.6222469651773,353484.58513158595,337759.54227988253,323114.3928717507,21204505.64816848,18412316.224699102,243533435.19560292,244792623.91549113,248761346.4076215,29478.049133333345
51.93042458333333,-58664.06963763888,-11013.57754704861,-1129.6666666666667,-960.0,-169.66666666666669,-212.08333333333334,11558.083333333334,10640.5,0.0,60.06908194289178,57.64316794807971,57.5987946620749,361502.6642561025,306649.78569015925,294429.7504254875,21204505.64816848,18412316.224699102,243533435.19560292,244792623.91549113,248761346.4076215,29478.049133333345
50.09889891666668,-57303.12058088335,-11510.22202610417,-1143.8,-960.0,-183.8,-229.75,11441.8,10527.75,0.0,60.06908194289178,57.5987946620749,57.5987946620749,354517.63117750984,300151.2306952537,286917.907621642,21204505.64816848,18412316.224699102,243533435.19560292,244792623.91549113,248761346.4076215,29478.049133333345
54.930619916666664,-17563.150208022224,-21953.937760027777,-319.73333333333335,0.0,-319.73333333333335,-399.6666666666667,11080.899999999998,11160.83333333333,0.0,59.6222469651773,59.66414016202437,59.6222469651773,332886.4791493434,337655.130034599,313823.259386344,21204505.64816848,18412316.224699102,243533435.19560292,244792623.91549113,248761346.4076215,29478.049133333345
60.42860233333332,9019.97604162222,4204.823579027777,149.26666666666665,93.6,55.666666666666664,69.58333333333333,11065.483333333337,11145.16666666667,0.0,59.6222469651773,59.66414016202437,60.06908194289178,331967.3028419639,336720.39183872764,340878.94612237654,21204505.64816848,18412316.224699102,243533435.19560292,244792623.91549113,248761346.4076215,29478.049133333345
64.20761508333335,141269.59470635004,99537.85528293753,2200.2,960.0,1240.2,1550.25,10562.05,11212.0,0.0,57.64316794807971,60.06908194289178,61.24434842984079,302127.6791646324,340713.75614703336,434813.23321470834,21204505.64816848,18412316.224699102,243533435.19560292,244792623.91549113,248761346.4076215,29478.049133333345
67.66205641666666,173544.15310122777,135735.7236765347,2564.866666666667,960.0,1604.8666666666668,2006.0833333333333,11080.049999999997,11638.83333333333,0.0,59.6222469651773,60.13699040563468,61.52031723517364,332835.80023942294,366355.5334018007,488945.2973659361,21204505.64816848,18412316.224699102,243533435.19560292,244792623.91549113,248761346.4076215,29478.049133333345
38.01794533333333,-20519.552361244445,-25649.44045155555,-539.7333333333333,-0.0,-539.7333333333333,-674.6666666666666,10781.483333333337,10916.41666666667,0.0,59.6222469651773,59.6222469651773,56.84699702832563,315034.5847038536,323079.6132276881,283704.0364584715,21204505.64816848,18412316.224699102,243533435.19560292,244792623.91549113,248761346.4076215,29478.049133333345
25.23190141666667,-65379.22082410556,-51445.74433013195,-2591.133333333333,-960.0,-1631.1333333333334,-2038.9166666666667,10151.550000000001,9604.333333333334,5.0,56.84699702832563,54.8707691756465,45.25498423139707,278576.4373265164,247966.54620371395,144146.47312373845,21204505.64816848,18412316.224699102,243533435.19560292,244792623.91549113,248761346.4076215,29478.049133333345
25.607030249999998,-73397.20631727646,-76921.38495181249,-2866.2912333333334,-463.1579,-2403.133333333333,-3003.9166666666665,9822.207900000001,9959.833333333334,0.0,55.82779928609174,56.59032124541989,41.65959620858494,259979.0388237862,267690.951120148,118074.14713736362,21204505.64816848,18412316.224699102,243533435.19560292,244792623.91549113,248761346.4076215,29478.049133333345
26.245238,-65308.650239200004,-81635.812799,-2488.4,-0.0,-2488.4,-3110.5,9234.816666666666,9856.916666666666,0.0,52.27524016843355,55.96689619169099,41.65959620858494,227995.29468309914,261917.88188593762,109346.46173166498,21204505.64816848,18412316.224699102,243533435.19560292,244792623.91549113,248761346.4076215,29478.049133333345
24.124061916666662,-75040.30699798331,-64851.509447479155,-3110.6,-960.0,-2150.6,-2688.25,9910.35,9505.0,17.0,55.97996724313914,54.8707691756465,41.65959620858494,264908.6483158876,242516.04979893303,112276.51999833548,21204505.64816848,18412316.224699102,243533435.19560292,244792623.91549113,248761346.4076215,29478.049133333345
23.443967750000002,-61571.67396741667,-48831.831159270834,-2626.333333333333,-960.0,-1666.3333333333333,-2082.9166666666665,9661.75,9152.333333333334,34.0,55.08860599120217,52.27524016843355,41.65959620858494,251128.838730778,223683.45862320627,122802.511307038,21204505.64816848,18412316.224699102,243533435.19560292,244792623.91549113,248761346.4076215,29478.049133333345
22.797565583333327,-47415.89673792221,-31912.792222402768,-2079.866666666667,-960.0,-1119.8666666666666,-1399.8333333333333,9681.866666666667,9031.833333333334,30.0,55.08860599120217,52.27524016843355,45.81581231686007,252237.03785463434,217384.29218291002,147176.8806986209,21204505.64816848,18412316.224699102,243533435.19560292,244792623.91549113,248761346.4076215,29478.049133333345
25.139983333333333,-37440.13917888889,-16632.193973611113,-1489.2666666666669,-960.0,-529.2666666666668,-661.5833333333334,9514.6,8706.916666666666,20.0,54.8707691756465,51.77463562382418,50.59194752460175,243042.80918301927,200421.6090880453,166920.08700507696,21204505.64816848,18412316.224699102,243533435.19560292,244792623.91549113,248761346.4076215,29478.049133333345
46.6946475,3480.307727000001,4350.38465875,74.53333333333335,-0.0,74.53333333333335,93.16666666666667,10022.383333333333,10005.75,2.0,56.84699702832563,56.59032124541989,56.84699702832563,271233.7002103576,270289.3900373335,275584.3903829254,21204505.64816848,18412316.224699102,243533435.19560292,244792623.91549113,248761346.4076215,29478.049133333345
68.43445191666667,146367.6057593667,182959.50719920834,2138.8,0.0,2138.8,2673.5,13004.866666666669,12470.16666666667,0.0,61.24434842984079,61.24434842984079,62.82941806468727,449672.13288292836,416924.7797774925,582601.6478036423,21204505.64816848,18412316.224699102,243533435.19560292,244792623.91549113,248761346.4076215,29478.049133333345
55.626268083333336,207196.72335680004,192244.382496,3724.8,960.0,2764.8,3456.0,13069.45,13338.25,0.0,61.24434842984079,61.3157522025998,63.13632209610795,453627.4970523555,470093.9158283643,686611.376427916,21204505.64816848,18412316.224699102,243533435.19560292,244792623.91549113,248761346.4076215,29478.049133333345
60.142128250000006,184536.09684708336,158499.56715885416,3068.3333333333335,960.0,2108.3333333333335,2635.4166666666665,12688.000000000004,13120.91666666667,0.0,61.24434842984079,61.24434842984079,62.93888483233038,430265.84034379286,456779.53951821144,621138.9047613797,21204505.64816848,18412316.224699102,243533435.19560292,244792623.91549113,248761346.4076215,29478.049133333345
60.03144916666667,173546.91744422223,144895.90780527776,2890.9333333333334,960.0,1930.9333333333334,2413.6666666666665,11937.983333333334,12415.25,0.0,60.86094263517563,61.24434842984079,62.82941806468727,384444.0469209038,413561.4443095536,562826.0884677818,21204505.64816848,18412316.224699102,243533435.19560292,244792623.91549113,248761346.4076215,29478.049133333345
60.21195583333333,139511.10166583332,102134.53008229166,2317.0,960.0,1357.0,1696.25,11643.83333333333,12264.58333333333,0.0,60.13699040563468,61.1954964592248,62.08274572955887,366656.2183538289,404338.1889891152,508433.36176212464,21204505.64816848,18412316.224699102,243533435.19560292,244792623.91549113,248761346.4076215,29478.049133333345
56.45697366666667,68380.68650506667,21256.0505855,1211.2,910.0,301.2,376.5,11217.716666666669,12052.41666666667,0.0,60.06908194289178,60.86179049961658,61.24434842984079,341057.1510654737,391408.5938391711,414398.4504047616,21204505.64816848,18412316.224699102,243533435.19560292,244792623.91549113,248761346.4076215,29478.049133333345
53.23117383333334,-7966.93235038889,-9958.665437986112,-149.66666666666669,0.0,-149.66666666666669,-187.08333333333334,11735.166666666664,11772.58333333333,0.0,60.24177886994656,60.258391221994,60.06908194289178,372156.64721122535,374410.7150897943,363149.5582527032,21204505.64816848,18412316.224699102,243533435.19560292,244792623.91549113,248761346.4076215,29478.049133333345
49.668730833333335,6658.92118038889,8323.651475486111,134.0666666666667,0.0,134.0666666666667,167.58333333333334,11146.349999999997,11112.83333333333,0.0,59.66414016202437,59.66414016202437,60.06908194289178,336790.9944045856,334791.25130682177,344823.48250329273,21204505.64816848,18412316.224699102,243533435.19560292,244792623.91549113,248761346.4076215,29478.049133333345
49.31847583333333,3330.641067944445,4163.301334930556,67.53333333333335,0.0,67.53333333333335,84.41666666666667,10473.800000000003,10456.91666666667,0.0,57.5987946620749,57.5987946620749,57.5987946620749,297043.7757232349,296071.3160733569,300933.614322747,21204505.64816848,18412316.224699102,243533435.19560292,244792623.91549113,248761346.4076215,29478.049133333345
48.09442633333333,1067.6962646000002,1334.62033075,22.200000000000003,0.0,22.200000000000003,27.75,9985.633333333333,9980.083333333334,0.0,56.59032124541989,56.59032124541989,56.59032124541989,269150.9814082798,268836.90512536775,270407.2865399282,21204505.64816848,18412316.224699102,243533435.19560292,244792623.91549113,248761346.4076215,29478.049133333345
48.63437858333333,-1270.9784269777776,-1588.723033722222,-26.133333333333333,-0.0,-26.133333333333333,-32.666666666666664,9873.050000000001,9879.583333333334,0.0,55.96689619169099,55.96689619169099,55.82779928609174,262820.8144778303,263186.4648662827,261358.47488985973,21204505.64816848,18412316.224699102,243533435.19560292,244792623.91549113,248761346.4076215,29478.049133333345
48.675173083333334,-46452.34017919444,344.7824760069444,-954.3333333333334,-960.0,5.666666666666667,7.083333333333333,10899.333333333332,9937.916666666666,0.0,59.6222469651773,55.97996724313914,56.59032124541989,322061.0665086994,266451.8294128901,266851.52802167425,21204505.64816848,18412316.224699102,243533435.19560292,244792623.91549113,248761346.4076215,29478.049133333345
51.219573249999996,4992.201072766667,6240.251340958333,97.46666666666667,0.0,97.46666666666667,121.83333333333333,10500.616666666667,10476.25,0.0,57.5987946620749,57.5987946620749,57.64316794807971,298588.3834000894,297184.89277015685,304204.7546496949,21204505.64816848,18412316.224699102,243533435.19560292,244792623.91549113,248761346.4076215,29478.049133333345
53.32986141666667,10132.673669166667,12665.842086458333,190.0,0.0,190.0,237.5,11087.33333333333,11039.83333333333,0.0,59.6222469651773,59.6222469651773,60.06908194289178,333270.0489381526,330437.9922073067,344638.26950063545,21204505.64816848,18412316.224699102,243533435.19560292,244792623.91549113,248761346.4076215,29478.049133333345
53.33546175000001,55884.89682165001,12093.815951812501,1047.8,866.4,181.4,226.75,9994.033333333331,10815.08333333333,0.0,56.59032124541989,59.6222469651773,59.6222469651773,269626.3401067412,317037.8922018831,330557.23670123704,21204505.64816848,18412316.224699102,243533435.19560292,244792623.91549113,248761346.4076215,29478.049133333345
32.478551083333336,-13931.133178011112,-17413.91647251389,-428.93333333333334,0.0,-428.93333333333334,-536.1666666666666,8732.6,8839.833333333334,0.0,52.22503348356775,52.22503348356775,50.59194752460175,201752.54706773887,207352.8114916268,179989.6734489325,21204505.64816848,18412316.224699102,243533435.19560292,244792623.91549113,248761346.4076215,29478.049133333345
16.91825466666667,-41015.90435534521,-41475.10131533334,-2424.3579,-463.1579,-1961.2,-2451.5,8927.357899999999,8954.5,0.0,52.22503348356775,52.27524016843355,41.65959620858494,211923.78491642815,213341.67360988448,99205.82168789196,21204505.64816848,18412316.224699102,243533435.19560292,244792623.91549113,248761346.4076215,29478.049133333345
13.35067691666667,-49478.49869829446,-45827.31107286807,-3706.066666666667,-960.0,-2746.066666666667,-3432.5833333333335,9217.233333333334,8945.75,2.0,52.27524016843355,52.22503348356775,32.80211971047321,227076.1217101376,212884.31295476132,62984.06652827837,21204505.64816848,18412316.224699102,243533435.19560292,244792623.91549113,248761346.4076215,29478.049133333345
12.808130583333332,-47836.659978005555,-44426.06827250694,-3734.866666666667,-960.0,-2774.866666666667,-3468.5833333333335,8978.199999999999,8747.916666666666,36.0,52.27524016843355,52.22503348356775,31.87486020767374,214580.5968018763,202552.46049726213,55494.843413908704,21204505.64816848,18412316.224699102,243533435.19560292,244792623.91549113,248761346.4076215,29478.049133333345
12.095315166666666,-38534.06141231111,-33653.19856538889,-3185.866666666667,-960.0,-2225.866666666667,-2782.3333333333335,8451.116666666667,8070.583333333333,23.0,50.59194752460175,50.59194752460175,31.87486020767374,187449.45611143496,168197.53368007316,55779.06091742717,21204505.64816848,18412316.224699102,243533435.19560292,244792623.91549113,248761346.4076215,29478.049133333345
-7.981497583333334,13622.287975394445,17027.859969243054,-1706.7333333333333,0.0,-1706.7333333333333,-2133.4166666666665,7045.483333333334,7472.166666666667,0.0,41.65959620858494,44.92540907687559,31.87486020767374,121805.45830444583,139933.89141554898,57388.741357914696,21204505.64816848,18412316.224699102,243533435.19560292,244792623.91549113,248761346.4076215,29478.049133333345
2.114691,-1775.2126048000002,-2219.015756,-839.4666666666667,0.0,-839.4666666666667,-1049.3333333333333,6895.883333333333,7105.75,0.0,41.65959620858494,41.65959620858494,36.01599932330047,115573.18271164151,124316.14330261653,81762.87827297521,21204505.64816848,18412316.224699102,243533435.19560292,244792623.91549113,248761346.4076215,29478.049133333345
22.177762249999997,-26795.172350449997,-6880.650738062499,-1208.2,-960.0,-248.20000000000002,-310.25,8119.783333333333,7243.833333333333,22.0,50.59194752460175,41.65959620858494,41.65959620858494,170686.65749828354,130068.63921241862,117143.74948870516,21204505.64816848,18412316.224699102,243533435.19560292,244792623.91549113,248761346.4076215,29478.049133333345
36.16489658333333,-39815.14014514444,-6371.049281430554,-1100.9333333333334,-960.0,-140.93333333333334,-176.16666666666666,10114.516666666666,9190.75,1.0,56.84699702832563,52.27524016843355,52.27524016843355,276471.20353656734,225691.69909967692,216482.54429000456,21204505.64816848,18412316.224699102,243533435.19560292,244792623.91549113,248761346.4076215,29478.049133333345
58.749461499999995,162273.84592453332,132342.95360566664,2762.133333333333,960.0,1802.1333333333332,2252.6666666666665,9905.950000000003,10415.41666666667,0.0,55.97996724313914,57.5987946620749,61.24434842984079,264662.33646001795,293680.9660948808,429046.0570708985,21204505.64816848,18412316.224699102,243533435.19560292,244792623.91549113,248761346.4076215,29478.049133333345
60.72472616666666,236628.0646111889,222915.40936398608,3896.7333333333336,960.0,2936.7333333333336,3670.9166666666665,10991.433333333332,11217.25,0.0,59.6222469651773,60.06908194289178,62.82941806468727,327552.27545419225,341029.11882723356,566548.7314881145,21204505.64816848,18412316.224699102,243533435.19560292,244792623.91549113,248761346.4076215,29478.049133333345
57.25968575000001,173752.60775218336,148479.1367902292,3034.4666666666667,960.0,2074.4666666666667,2593.0833333333335,10648.616666666667,11090.0,0.0,59.446359957658,59.6222469651773,61.52031723517364,307120.9161274114,333429.04159672663,491293.3228070787,21204505.64816848,18412316.224699102,243533435.19560292,244792623.91549113,248761346.4076215,29478.049133333345
51.54474149999999,129655.64276909998,100215.86366137498,2515.4,960.0,1555.4,1944.25,10016.01666666667,10587.16666666667,0.0,56.84699702832563,57.64316794807971,61.24434842984079,270871.77432927745,303575.4833995952,420675.9961188203,21204505.64816848,18412316.224699102,243533435.19560292,244792623.91549113,248761346.4076215,29478.049133333345
49.47380458333333,59454.32009461111,74317.90011826389,1201.7333333333333,0.0,1201.7333333333333,1502.1666666666667,10194.683333333334,9894.25,0.0,56.84699702832563,55.97996724313914,60.06908194289178,281028.4377983382,264007.37084327306,351791.49600866827,21204505.64816848,18412316.224699102,243533435.19560292,244792623.91549113,248761346.4076215,29478.049133333345
51.32256100000001,74133.72861246667,34287.74762808334,1444.4666666666667,910.0,534.4666666666667,668.0833333333334,8931.366666666667,9707.75,0.0,52.22503348356775,55.08860599120217,57.5987946620749,212133.14288982266,253662.9146063733,291401.0138061735,21204505.64816848,18412316.224699102,243533435.19560292,244792623.91549113,248761346.4076215,29478.049133333345
48.01510283333334,9388.553107344445,11735.691384180556,195.53333333333333,-0.0,195.53333333333333,244.41666666666666,9330.966666666667,9282.083333333334,0.0,52.27524016843355,52.27524016843355,54.8707691756465,233021.55902529412,230466.17103506054,243695.77133620944,21204505.64816848,18412316.224699102,243533435.19560292,244792623.91549113,248761346.4076215,29478.049133333345
49.599425000000004,29604.243468333338,37005.30433541667,596.8666666666667,-0.0,596.8666666666667,746.0833333333334,9665.633333333333,9516.416666666666,0.0,55.08860599120217,54.8707691756465,56.84699702832563,251342.76615071046,243142.49108035496,284883.61164680903,21204505.64816848,18412316.224699102,243533435.19560292,244792623.91549113,248761346.4076215,29478.049133333345
47.66890241666667,7039.107923527779,8798.884904409722,147.66666666666669,0.0,147.66666666666669,184.58333333333334,9484.833333333332,9447.916666666666,0.0,54.8707691756465,54.8707691756465,55.08860599120217,241409.4892872241,239383.84339182317,249517.49700553532,21204505.64816848,18412316.224699102,243533435.19560292,244792623.91549113,248761346.4076215,29478.049133333345
44.037228166666665,3470.133579533334,4337.666974416667,78.80000000000001,0.0,78.80000000000001,98.5,9233.616666666667,9213.916666666666,0.0,52.27524016843355,52.27524016843355,52.27524016843355,227932.56439489708,226902.74216357892,232051.8533201696,21204505.64816848,18412316.224699102,243533435.19560292,244792623.91549113,248761346.4076215,29478.049133333345
41.76300491666667,-38023.82387646111,2585.826054423611,-910.4666666666667,-960.0,49.53333333333333,61.916666666666664,9589.633333333333,8617.25,0.0,54.8707691756465,50.59194752460175,51.04445629945764,247159.94589683192,195854.46499352212,199001.9579521198,21204505.64816848,18412316.224699102,243533435.19560292,244792623.91549113,248761346.4076215,29478.049133333345
45.20407741666667,8465.216897561113,10581.52112195139,187.26666666666668,0.0,187.26666666666668,234.08333333333334,8638.233333333334,8591.416666666666,0.0,50.59194752460175,50.59194752460175,52.22503348356775,196916.0526924134,194547.50634913656,206604.2526783623,21204505.64816848,18412316.224699102,243533435.19560292,244792623.91549113,248761346.4076215,29478.049133333345
48.19670516666667,57643.259379333336,19857.04252866667,1196.0,866.4,329.6,412.0,8148.333333333334,8932.333333333334,0.0,50.59194752460175,52.22503348356775,52.27524016843355,172131.057600111,212183.62708885683,233720.30473554553,21204505.64816848,18412316.224699102,243533435.19560292,244792623.91549113,248761346.4076215,29478.049133333345
45.53589566666667,8985.750078222223,11232.187597777778,197.33333333333334,0.0,197.33333333333334,246.66666666666666,8803.833333333334,8754.5,0.0,52.22503348356775,52.22503348356775,52.27524016843355,205472.71028621835,202896.27530102897,215781.18481774468,21204505.64816848,18412316.224699102,243533435.19560292,244792623.91549113,248761346.4076215,29478.049133333345
16.96101666666667,-19343.527285630003,-12161.048950000002,-1140.4698,-566.8698,-573.6,-717.0,7958.7198,7535.25,0.0,49.62796879427163,45.25498423139707,41.65959620858494,162590.60404291676,142781.2810994246,112339.00939264837,21204505.64816848,18412316.224699102,243533435.19560292,244792623.91549113,248761346.4076215,29478.049133333345
7.468390000000002,-17154.891830000004,-12481.546787500003,-2297.0,-960.0,-1337.0,-1671.25,7799.416666666667,7295.666666666667,122.0,46.08034393491124,41.76929352764449,34.04018635086596,154859.5791832497,132228.2343939154,66767.46179939159,21204505.64816848,18412316.224699102,243533435.19560292,244792623.91549113,248761346.4076215,29478.049133333345
11.705712166666666,-22725.46960036667,-28406.837000458334,-1941.4,0.0,-1941.4,-2426.75,6164.65,6650.0,0.0,36.01599932330047,41.65959620858494,19.1070988175627,85661.00993306708,105329.78233055395,26739.944745856956,21204505.64816848,18412316.224699102,243533435.19560292,244792623.91549113,248761346.4076215,29478.049133333345
13.281635249999999,-31190.5922211,-38988.240276375,-2348.4,0.0,-2348.4,-2935.5,6305.9,6893.0,0.0,39.72611019374276,41.65959620858494,13.04864627129027,91114.90674247484,115453.06420924008,22437.750790893708,21204505.64816848,18412316.224699102,243533435.19560292,244792623.91549113,248761346.4076215,29478.049133333345
15.207579416666666,-47969.774673305554,-41713.123041631945,-3154.3333333333335,-960.0,-2194.3333333333335,-2742.9166666666665,6959.833333333334,6861.416666666667,313.0,41.65959620858494,41.65959620858494,19.1070988175627,118237.31388918054,114137.3152956523,24738.476144717264,21204505.64816848,18412316.224699102,243533435.19560292,244792623.91549113,248761346.4076215,29478.049133333345
20.820388249999997,-57581.311994521486,-49691.32662333332,-2765.6214333333332,-856.2881,-1909.3333333333333,-2386.6666666666665,6679.0381,6453.083333333333,153.0,41.65959620858494,41.65959620858494,14.00926023674857,106539.49785121845,97126.31351048009,23942.5552725027,21204505.64816848,18412316.224699102,243533435.19560292,244792623.91549113,248761346.4076215,29478.049133333345
15.453562916666668,-32873.84927386111,-22548.03609232639,-2127.2666666666664,-960.0,-1167.2666666666667,-1459.0833333333333,6448.266666666666,5874.083333333333,94.0,41.65959620858494,34.82553138225883,24.58435508949854,96925.65312207541,75376.94912626648,31077.368538892137,21204505.64816848,18412316.224699102,243533435.19560292,244792623.91549113,248761346.4076215,29478.049133333345
14.891754166666667,-25653.528511111115,-14196.805638888889,-1722.6666666666667,-960.0,-762.6666666666667,-953.3333333333334,7770.666666666666,7022.333333333333,21.0,45.95018205599548,41.65959620858494,36.01599932330047,153536.01017169995,120841.03865221706,82216.0795977934,21204505.64816848,18412316.224699102,243533435.19560292,244792623.91549113,248761346.4076215,29478.049133333345
39.20847041666667,6409.277964111113,8011.59745513889,163.4666666666667,-0.0,163.4666666666667,204.33333333333334,8844.033333333333,8804.166666666666,1.0,52.22503348356775,52.22503348356775,52.27524016843355,207572.1566322577,205490.11863071282,216164.5365789799,21204505.64816848,18412316.224699102,243533435.19560292,244792623.91549113,248761346.4076215,29478.049133333345
63.48143183333334,164048.71614370003,128883.17697962502,2584.2,960.0,1624.2,2030.25,10413.46666666667,10967.41666666667,0.0,57.5987946620749,59.6222469651773,61.24434842984079,293568.6484452898,326120.34782291215,449231.17357423354,21204505.64816848,18412316.224699102,243533435.19560292,244792623.91549113,248761346.4076215,29478.049133333345
63.369409916666676,204036.82604968338,179002.7406621042,3219.8,960.0,2259.8,2824.75,11499.03333333333,11894.08333333333,0.0,60.06908194289178,60.72942857249693,62.82941806468727,357955.58496737445,381775.8572164378,555909.6166958272,21204505.64816848,18412316.224699102,243533435.19560292,244792623.91549113,248761346.4076215,29478.049133333345
54.11850566666667,105570.77295415556,131963.46619269444,1950.7333333333333,0.0,1950.7333333333333,2438.4166666666665,12159.766666666663,11672.08333333333,0.0,60.86179049961658,60.24177886994656,62.42528719522737,397942.1070493045,368356.39499417954,517749.6983483292,21204505.64816848,18412316.224699102,243533435.19560292,244792623.91549113,248761346.4076215,29478.049133333345
57.96920324999999,128452.02517489999,91001.98756862499,2215.866666666667,960.0,1255.8666666666668,1569.8333333333333,10539.633333333337,11185.66666666667,0.0,57.5987946620749,59.66414016202437,61.24434842984079,300835.69637182157,339136.7895152896,434399.83386280714,21204505.64816848,18412316.224699102,243533435.19560292,244792623.91549113,248761346.4076215,29478.049133333345
58.70226149999999,106795.06760489999,63051.12070612499,1819.2666666666667,960.0,859.2666666666667,1074.0833333333333,10429.566666666666,11174.75,0.0,57.5987946620749,59.66414016202437,61.15035779449792,294495.9890393489,338485.4559851873,403374.9136208365,21204505.64816848,18412316.224699102,243533435.19560292,244792623.91549113,248761346.4076215,29478.049133333345
58.48124166666667,79826.894875,33261.20619791667,1365.0,910.0,455.0,568.75,9674.91666666667,10471.16666666667,0.0,55.08860599120217,57.5987946620749,59.6222469651773,251854.17204299563,296892.09889729146,330442.9607278875,21204505.64816848,18412316.224699102,243533435.19560292,244792623.91549113,248761346.4076215,29478.049133333345
54.857713,2633.170224,3291.46278,48.0,0.0,48.0,60.0,10308.0,10296.0,0.0,57.5987946620749,57.5987946620749,57.5987946620749,287493.8955682627,286802.71003231785,290258.6377120423,21204505.64816848,18412316.224699102,243533435.19560292,244792623.91549113,248761346.4076215,29478.049133333345
48.50958266666667,-1827.1942804444448,-2283.992850555556,-37.66666666666667,0.0,-37.66666666666667,-47.083333333333336,9718.75,9728.166666666666,0.0,55.08860599120217,55.08860599120217,55.08860599120217,254268.88927227652,254787.64031202695,252193.88511327447,21204505.64816848,18412316.224699102,243533435.19560292,244792623.91549113,248761346.4076215,29478.049133333345
47.642967500000005,-9957.3802075,-12446.725259375002,-209.0,0.0,-209.0,-261.25,9505.333333333334,9557.583333333334,0.0,54.8707691756465,54.8707691756465,52.27524016843355,242534.34005532495,245401.33774475247,231211.0932074607,21204505.64816848,18412316.224699102,243533435.19560292,244792623.91549113,248761346.4076215,29478.049133333345
46.10892475,-60710.084254166664,-20556.89561770833,-1316.6666666666667,-960.0,-356.6666666666667,-445.8333333333333,10450.0,9579.166666666666,0.0,57.5987946620749,54.8707691756465,52.27524016843355,295672.9244102774,246585.63184612678,222690.22906000595,21204505.64816848,18412316.224699102,243533435.19560292,244792623.91549113,248761346.4076215,29478.049133333345
45.24692916666667,-59876.76959722223,-20549.64699652778,-1323.3333333333335,-960.0,-363.33333333333337,-454.1666666666667,10095.333333333332,9226.166666666666,0.0,56.84699702832563,52.27524016843355,52.22503348356775,275380.6886435739,227543.11385564224,203810.2133869914,21204505.64816848,18412316.224699102,243533435.19560292,244792623.91549113,248761346.4076215,29478.049133333345
45.99610050000001,-56173.504337300015,-15021.559821625004,-1221.2666666666667,-960.0,-261.26666666666665,-326.5833333333333,10057.016666666666,9162.333333333334,0.0,56.84699702832563,52.27524016843355,52.22503348356775,273202.5012074386,224206.21102489062,207139.55927156887,21204505.64816848,18412316.224699102,243533435.19560292,244792623.91549113,248761346.4076215,29478.049133333345
54.41770350000001,39924.45513450001,3704.9386466250003,733.6666666666667,679.2,54.46666666666667,68.08333333333333,8789.583333333332,9455.166666666666,0.0,52.22503348356775,54.8707691756465,54.8707691756465,204728.50355907742,239781.65646834663,243517.44133638858,21204505.64816848,18412316.224699102,243533435.19560292,244792623.91549113,248761346.4076215,29478.049133333345
59.28553916666666,111911.33610027775,68746.52312534722,1887.6666666666665,960.0,927.6666666666666,1159.5833333333333,9106.416666666666,9834.5,0.0,52.27524016843355,55.82779928609174,59.6222469651773,221283.15384547232,260665.2797153907,327710.27440865006,21204505.64816848,18412316.224699102,243533435.19560292,244792623.91549113,248761346.4076215,29478.049133333345
66.59981658333334,158742.88282026112,118508.8236253264,2383.5333333333338,960.0,1423.5333333333335,1779.4166666666667,9619.466666666664,10223.58333333333,0.0,55.08860599120217,56.84699702832563,60.86094263517563,248799.50884078315,282671.31601245655,388401.0225412339,21204505.64816848,18412316.224699102,243533435.19560292,244792623.91549113,248761346.4076215,29478.049133333345
34.39750883333333,-11704.325672355555,-14630.407090444443,-340.26666666666665,0.0,-340.26666666666665,-425.3333333333333,9366.266666666666,9451.333333333334,0.0,54.86960691400279,54.8707691756465,52.27524016843355,234903.69312877956,239571.31851984005,217079.35328192747,21204505.64816848,18412316.224699102,243533435.19560292,244792623.91549113,248761346.4076215,29478.049133333345
22.503361166666668,-37068.08934630599,-33306.84980676389,-1647.2245666666665,-463.1579,-1184.0666666666666,-1480.0833333333333,9356.916666666666,9356.916666666666,167.14123333333328,54.72435442399463,54.72435442399463,48.62349588309512,234390.7906104998,234390.7906104998,158536.68566042098,21204505.64816848,18412316.224699102,243533435.19560292,244792623.91549113,248761346.4076215,29478.049133333345
23.455362500000003,-44067.93506500001,-55084.918831250005,-1878.8000000000002,-0.0,-1878.8000000000002,-2348.5,9131.3,9601.0,0.0,52.27524016843355,54.8707691756465,41.65959620858494,222583.93607166348,247783.6436397951,130429.68904622638,21204505.64816848,18412316.224699102,243533435.19560292,244792623.91549113,248761346.4076215,29478.049133333345
21.806629916666665,-60703.84258668889,-49711.847333361104,-2783.7333333333336,-960.0,-1823.7333333333333,-2279.6666666666665,9374.666666666666,9374.666666666666,504.06666666666706,54.86960691400279,54.86960691400279,41.65959620858494,235364.59782685718,235364.59782685718,123868.30264337425,21204505.64816848,18412316.224699102,243533435.19560292,244792623.91549113,248761346.4076215,29478.049133333345
20.050522333333337,-54504.00320944445,-44069.37721180556,-2718.333333333333,-960.0,-1758.3333333333333,-2197.9166666666665,9224.666666666666,9224.666666666666,520.4166666666665,52.27524016843355,52.27524016843355,41.65959620858494,227464.70099538958,227464.70099538958,121025.03520213833,21204505.64816848,18412316.224699102,243533435.19560292,244792623.91549113,248761346.4076215,29478.049133333345
10.573700916666667,-30913.27199996667,-25953.148899958334,-2923.6000000000004,-960.0,-1963.6000000000001,-2454.5,9433.916666666666,9433.916666666666,469.10000000000036,54.8707691756465,54.8707691756465,41.65959620858494,238615.65262336412,238615.65262336412,119053.14764826528,21204505.64816848,18412316.224699102,243533435.19560292,244792623.91549113,248761346.4076215,29478.049133333345
14.213154416666667,-18041.23067288889,-22551.53834111111,-1269.3333333333335,0.0,-1269.3333333333335,-1586.6666666666667,7927.916666666667,8245.25,0.0,49.62796879427163,50.59194752460175,41.65959620858494,161061.90710308435,177034.26051437028,105687.3605313443,21204505.64816848,18412316.224699102,243533435.19560292,244792623.91549113,248761346.4076215,29478.049133333345
21.506810833333333,-40871.54330766667,-25281.25613458333,-1900.4,-960.0,-940.4000000000001,-1175.5,8598.25,8598.25,724.9000000000001,50.59194752460175,50.59194752460175,44.36399145877818,194893.2179905547,194893.2179905547,137714.98479454836,21204505.64816848,18412316.224699102,243533435.19560292,244792623.91549113,248761346.4076215,29478.049133333345
51.60195008333334,-42241.356338216676,9120.644677229167,-818.6,-960.0,141.4,176.75,10889.85,10007.5,113.0,59.6222469651773,56.59032124541989,56.84699702832563,321495.6488666464,270388.423099513,280435.3341293426,21204505.64816848,18412316.224699102,243533435.19560292,244792623.91549113,248761346.4076215,29478.049133333345
84.15871716666666,272068.3008564,239094.91547049998,3232.8,960.0,2272.8,2841.0,12782.78333333333,13174.58333333333,0.0,61.24434842984079,61.24434842984079,62.98488235152741,436070.78383580083,460066.31955061253,637461.1869975298,21204505.64816848,18412316.224699102,243533435.19560292,244792623.91549113,248761346.4076215,29478.049133333345
72.09471216666667,257128.1940994889,234896.58802436112,3566.5333333333333,960.0,2606.5333333333333,3258.1666666666665,13839.883333333333,14148.25,0.0,61.52031723517364,62.42528719522737,63.59294564410417,500939.70854955394,520106.2529399493,725429.3177510094,21204505.64816848,18412316.224699102,243533435.19560292,244792623.91549113,248761346.4076215,29478.049133333345
62.34171708333333,171747.2744501111,139874.03256263887,2754.9333333333334,960.0,1794.9333333333334,2243.6666666666665,12748.650000000003,13259.91666666667,0.0,61.24434842984079,61.24434842984079,62.93888483233038,433980.3100760627,465292.5039499593,605231.1016200082,21204505.64816848,18412316.224699102,243533435.19560292,244792623.91549113,248761346.4076215,29478.049133333345
60.391720666666664,132672.55807524445,97145.11533572222,2196.866666666667,910.0,1286.8666666666668,1608.5833333333333,11530.799999999997,12119.08333333333,0.0,60.06908194289178,60.86179049961658,61.52031723517364,359863.7794704271,395466.0465391452,494036.1036171467,21204505.64816848,18412316.224699102,243533435.19560292,244792623.91549113,248761346.4076215,29478.049133333345
62.800378333333335,147932.57120200002,109555.2600025,2355.6000000000004,960.0,1395.6000000000001,1744.5,11172.9,11784.0,0.0,59.66414016202437,60.5003388737758,61.52031723517364,338375.07732588757,375100.43127410364,481783.3071011414,21204505.64816848,18412316.224699102,243533435.19560292,244792623.91549113,248761346.4076215,29478.049133333345
59.60996583333333,14950.179430999999,18687.72428875,250.8,-0.0,250.8,313.5,11756.36666666667,11693.66666666667,0.0,60.24177886994656,60.24177886994656,60.86094263517563,373433.7729232686,369656.6133881229,388654.6098022142,21204505.64816848,18412316.224699102,243533435.19560292,244792623.91549113,248761346.4076215,29478.049133333345
50.67058958333333,-15228.201189444446,-19035.251486805555,-300.53333333333336,0.0,-300.53333333333336,-375.6666666666667,10968.199999999997,11043.33333333333,0.0,59.6222469651773,59.6222469651773,59.446359957658,326167.05191636784,330646.6700716848,308253.3692846046,21204505.64816848,18412316.224699102,243533435.19560292,244792623.91549113,248761346.4076215,29478.049133333345
43.917866,-8850.913927866666,-11063.642409833332,-201.53333333333333,0.0,-201.53333333333333,-251.91666666666666,10032.033333333336,10082.41666666667,0.0,56.84699702832563,56.84699702832563,55.82779928609174,271782.2737316811,274646.41493195825,260441.96851824652,21204505.64816848,18412316.224699102,243533435.19560292,244792623.91549113,248761346.4076215,29478.049133333345
43.41477658333333,-11728.811586060461,-3404.4420637430553,-270.1571333333333,-207.4238,-62.73333333333334,-78.41666666666667,8927.0738,8735.333333333334,0.0,52.22503348356775,52.22503348356775,51.04445629945764,211908.9477844155,201895.29549259396,197866.21879945695,21204505.64816848,18412316.224699102,243533435.19560292,244792623.91549113,248761346.4076215,29478.049133333345
44.19476483333333,-2354.107806788889,-2942.6347584861105,-53.266666666666666,0.0,-53.266666666666666,-66.58333333333333,8299.349999999999,8312.666666666666,0.0,50.59194752460175,50.59194752460175,50.59194752460175,179771.28487545115,180445.00097665383,177076.42047064073,21204505.64816848,18412316.224699102,243533435.19560292,244792623.91549113,248761346.4076215,29478.049133333345
44.080201666666674,-56343.31377033335,-17532.90021291667,-1278.2,-960.0,-318.20000000000005,-397.75,9451.95,8571.5,0.0,54.8707691756465,50.59194752460175,50.59194752460175,239605.15549416502,193539.8833942716,173416.93626636127,21204505.64816848,18412316.224699102,243533435.19560292,244792623.91549113,248761346.4076215,29478.049133333345
43.353727,-51275.898047133334,-12070.400158916667,-1182.7333333333333,-960.0,-222.73333333333335,-278.4166666666667,9206.983333333334,8302.666666666666,0.0,52.27524016843355,50.59194752460175,50.59194752460175,226540.30049841115,179939.0815014078,165853.44011143324,21204505.64816848,18412316.224699102,243533435.19560292,244792623.91549113,248761346.4076215,29478.049133333345
45.134770333333336,-2536.5740927333336,-3170.717615916667,-56.2,-0.0,-56.2,-70.25,8476.866666666667,8490.916666666666,0.0,50.59194752460175,50.59194752460175,50.59194752460175,188752.19876019345,189463.01562291407,185908.9313093108,21204505.64816848,18412316.224699102,243533435.19560292,244792623.91549113,248761346.4076215,29478.049133333345
50.29537741666667,81297.4480563,41267.357170375,1616.4,960.0,656.4000000000001,820.5,7884.766666666666,8680.666666666666,0.0,48.62349588309512,51.04445629945764,54.8707691756465,158922.43206109354,199078.52463656897,242305.71185042636,21204505.64816848,18412316.224699102,243533435.19560292,244792623.91549113,248761346.4076215,29478.049133333345
60.21383983333334,157908.78783492226,125129.3769936528,2622.466666666667,960.0,1662.466666666667,2078.0833333333335,8216.116666666667,8760.5,0.0,50.59194752460175,52.22503348356775,59.6222469651773,175560.34844315355,203209.6255019304,318439.015005565,21204505.64816848,18412316.224699102,243533435.19560292,244792623.91549113,248761346.4076215,29478.049133333345
30.307270083333336,-7374.769053611113,-9218.461317013891,-243.33333333333337,-0.0,-243.33333333333337,-304.1666666666667,8168.083333333333,8228.916666666666,0.0,50.59194752460175,50.59194752460175,49.62796879427163,173130.24856372183,176207.92537146842,160904.7518685691,21204505.64816848,18412316.224699102,243533435.19560292,244792623.91549113,248761346.4076215,29478.049133333345
19.81256625,-40898.420091,-27347.94561375,-2064.2666666666664,-960.0,-1104.2666666666667,-1380.3333333333333,6758.083333333333,6758.083333333333,683.9333333333332,41.65959620858494,41.65959620858494,31.87486020767374,109832.4903540985,109832.4903540985,58631.86090601397,21204505.64816848,18412316.224699102,243533435.19560292,244792623.91549113,248761346.4076215,29478.049133333345
24.033321416666666,-18909.417290633333,-37107.44826733333,-786.8000000000001,448.4,-1235.2,-1544.0,4946.05,5703.25,0.0,29.2551919274029,34.32087425617375,19.1070988175627,45022.05314972051,69461.22229965718,25517.090421532943,21204505.64816848,18412316.224699102,243533435.19560292,244792623.91549113,248761346.4076215,29478.049133333345
20.433248833333334,-52950.721026700005,-41668.502683375,-2591.4,-960.0,-1631.4,-2039.25,6141.9,6021.75,432.0,36.01599932330047,34.88606440727074,14.00926023674857,84841.64594846198,80519.5222870313,22766.944850968885,21204505.64816848,18412316.224699102,243533435.19560292,244792623.91549113,248761346.4076215,29478.049133333345
17.349491416666666,-51045.673646116666,-42987.70235764583,-2942.2,-960.0,-1982.2,-2477.75,6874.533333333333,6824.083333333333,414.0,41.65959620858494,41.65959620858494,24.02267635961973,114683.7503325882,112582.0237038651,29398.058243909098,21204505.64816848,18412316.224699102,243533435.19560292,244792623.91549113,248761346.4076215,29478.049133333345
17.959475666666666,-50542.75371951111,-41627.07134938889,-2814.266666666667,-960.0,-1854.2666666666669,-2317.8333333333335,6770.516666666666,6743.083333333333,469.0,41.65959620858494,41.65959620858494,24.58435508949854,110350.4580002919,109207.59641096972,31329.358178559498,21204505.64816848,18412316.224699102,243533435.19560292,244792623.91549113,248761346.4076215,29478.049133333345
13.199749916666669,-36095.156138788894,-29279.245273486114,-2734.5333333333333,-960.0,-1774.5333333333333,-2218.1666666666665,6772.833333333333,6772.833333333333,516.3666666666668,41.65959620858494,41.65959620858494,24.72527886099073,110446.96939817512,110446.96939817512,34519.08188579384,21204505.64816848,18412316.224699102,243533435.19560292,244792623.91549113,248761346.4076215,29478.049133333345
16.719537166666665,-36620.24493824444,-25711.861572805552,-2190.2666666666664,-960.0,-1230.2666666666667,-1537.8333333333333,6606.416666666667,6606.416666666667,652.4333333333332,41.65959620858494,41.65959620858494,31.87469311775274,103514.11826246313,103514.11826246313,48777.22682041153,21204505.64816848,18412316.224699102,243533435.19560292,244792623.91549113,248761346.4076215,29478.049133333345
37.69109158333333,-1997.6278539166665,-2497.034817395833,-53.0,-0.0,-53.0,-66.25,7754.166666666667,7767.416666666667,0.0,45.95018205599548,45.95018205599548,45.83196438349641,152777.83216777607,153386.672080018,150346.11406806755,21204505.64816848,18412316.224699102,243533435.19560292,244792623.91549113,248761346.4076215,29478.049133333345
72.80548166666667,253761.0794997778,229834.77137472222,3485.466666666667,960.0,2525.466666666667,3156.8333333333335,9926.533333333336,10255.16666666667,0.0,55.97996724313914,56.84699702832563,61.41295516293172,265814.5907857726,284466.7336686015,474618.76171885984,21204505.64816848,18412316.224699102,243533435.19560292,244792623.91549113,248761346.4076215,29478.049133333345
75.529035,221526.65965499997,276908.32456875,2933.0,0.0,2933.0,3666.25,13044.33333333333,12311.08333333333,0.0,61.24434842984079,61.1954964592248,62.98488235152741,452089.24316762574,407183.77957446914,635052.0152475839,21204505.64816848,18412316.224699102,243533435.19560292,244792623.91549113,248761346.4076215,29478.049133333345
61.99592291666667,194708.52857361114,168990.55321701392,3140.666666666667,960.0,2180.666666666667,2725.8333333333335,11205.416666666666,11620.25,0.0,60.06908194289178,60.13699040563468,62.77103502979372,340318.3013575759,365237.9876634295,532510.2285132845,21204505.64816848,18412316.224699102,243533435.19560292,244792623.91549113,248761346.4076215,29478.049133333345
56.86086633333334,137114.29307620003,103159.82674525001,2411.4,960.0,1451.4,1814.25,10260.68333333333,10857.83333333333,0.0,56.84699702832563,59.6222469651773,61.24434842984079,284780.3396022075,319586.7432596444,429291.0344646175,21204505.64816848,18412316.224699102,243533435.19560292,244792623.91549113,248761346.4076215,29478.049133333345
61.54206541666667,122538.45785330556,79322.59381663195,1991.1333333333334,960.0,1031.1333333333334,1288.9166666666667,9998.366666666663,10700.58333333333,0.0,56.59032124541989,59.6222469651773,60.86094263517563,269871.56483213796,310211.1449243703,387579.39981565904,21204505.64816848,18412316.224699102,243533435.19560292,244792623.91549113,248761346.4076215,29478.049133333345
54.94794675,61376.85651975,14217.7812215625,1117.0,910.0,207.0,258.75,9723.83333333333,10582.08333333333,0.0,55.08860599120217,57.64316794807971,59.6222469651773,254548.9230193983,303282.4639625254,318573.1650612364,21204505.64816848,18412316.224699102,243533435.19560292,244792623.91549113,248761346.4076215,29478.049133333345
41.24861908333334,-50650.55432639445,-13814.850007993058,-1227.9333333333334,-960.0,-267.93333333333334,-334.9166666666667,10857.766666666666,9964.75,0.0,59.6222469651773,56.59032124541989,55.08860599120217,319582.76844318025,267969.1868662713,249370.59405622547,21204505.64816848,18412316.224699102,243533435.19560292,244792623.91549113,248761346.4076215,29478.049133333345
40.06438683333334,-50905.809910433345,-15554.998188041669,-1270.6,-960.0,-310.6,-388.25,9994.6,9112.25,0.0,56.59032124541989,52.27524016843355,51.77463562382418,269658.4079554471,221588.09274645487,201306.092446619,21204505.64816848,18412316.224699102,243533435.19560292,244792623.91549113,248761346.4076215,29478.049133333345
42.49623458333333,-23772.498449961975,-13187.99813236111,-559.4024666666667,-311.1358,-248.26666666666665,-310.3333333333333,10201.819133333333,9952.75,0.0,56.84699702832563,56.59032124541989,55.08860599120217,281434.0865997328,267290.1030113262,250063.79234828136,21204505.64816848,18412316.224699102,243533435.19560292,244792623.91549113,248761346.4076215,29478.049133333345
47.520198333333326,-32114.150033666665,-40142.687542083324,-675.8000000000001,0.0,-675.8000000000001,-844.75,10967.38333333333,11136.33333333333,0.0,59.6222469651773,59.66414016202437,57.5987946620749,326118.36041467957,336193.3586006294,286548.3153558935,21204505.64816848,18412316.224699102,243533435.19560292,244792623.91549113,248761346.4076215,29478.049133333345
41.188208,-61411.618128,-27338.67306,-1491.0,-960.0,-531.0,-663.75,11864.83333333333,11037.58333333333,0.0,60.71842384123605,59.6222469651773,57.5987946620749,379999.6278097611,330303.84215163504,291285.81621684914,21204505.64816848,18412316.224699102,243533435.19560292,244792623.91549113,248761346.4076215,29478.049133333345
42.991351,-8443.5013364,-10554.3766705,-196.4,0.0,-196.4,-245.5,10376.56666666667,10425.66666666667,0.0,57.5987946620749,57.5987946620749,56.84699702832563,291443.25292225915,294271.35374016705,280203.2088914771,21204505.64816848,18412316.224699102,243533435.19560292,244792623.91549113,248761346.4076215,29478.049133333345
49.51786366666666,52119.202104622214,5727.5662307777775,1052.5333333333333,960.0,92.53333333333335,115.66666666666667,9528.383333333333,10465.25,0.0,54.8707691756465,57.5987946620749,57.64316794807971,243799.11128482356,296551.306028874,303215.21359991946,21204505.64816848,18412316.224699102,243533435.19560292,244792623.91549113,248761346.4076215,29478.049133333345
49.82995541666666,94274.95365130555,58047.74556413194,1891.9333333333334,960.0,931.9333333333334,1164.9166666666667,9784.816666666664,10511.83333333333,0.0,55.08860599120217,57.5987946620749,60.24177886994656,257908.40984142845,299234.4498802155,368637.52329557255,21204505.64816848,18412316.224699102,243533435.19560292,244792623.91549113,248761346.4076215,29478.049133333345
63.133536916666664,187342.45744651667,158417.82750814583,2967.4,960.0,2007.4,2509.25,10370.51666666667,10828.66666666667,0.0,57.5987946620749,59.6222469651773,61.3157522025998,291094.78021455364,317847.7610564938,470073.477244297,21204505.64816848,18412316.224699102,243533435.19560292,244792623.91549113,248761346.4076215,29478.049133333345
42.76974366666667,-14487.537838022225,-18109.42229752778,-338.73333333333335,0.0,-338.73333333333335,-423.4166666666667,10821.149999999998,10905.83333333333,0.0,59.6222469651773,59.6222469651773,57.5987946620749,317399.6005001386,322448.61111397296,297540.0853372395,21204505.64816848,18412316.224699102,243533435.19560292,244792623.91549113,248761346.4076215,29478.049133333345
17.685117166666668,-26251.787922200005,-32814.73490275,-1484.4,0.0,-1484.4,-1855.5,8556.733333333334,8927.833333333334,0.0,50.59194752460175,52.22503348356775,41.65959620858494,192792.80896915833,211948.61443818075,122924.01846264635,21204505.64816848,18412316.224699102,243533435.19560292,244792623.91549113,248761346.4076215,29478.049133333345
7.654503666666664,-23281.938352533325,-19917.01854066666,-3041.6,-960.0,-2081.6,-2602.0,8634.083333333334,8634.083333333334,439.5999999999999,50.59194752460175,50.59194752460175,36.01599932330047,196706.0961101863,196706.0961101863,80886.48895610825,21204505.64816848,18412316.224699102,243533435.19560292,244792623.91549113,248761346.4076215,29478.049133333345
4.69929375,-16153.039050000001,-14552.1463125,-3437.3333333333335,-960.0,-2477.3333333333335,-3096.6666666666665,9049.0,9049.0,340.66666666666697,52.27524016843355,52.27524016843355,34.82553138225883,218281.68380580144,218281.68380580144,78102.04695692827,21204505.64816848,18412316.224699102,243533435.19560292,244792623.91549113,248761346.4076215,29478.049133333345
14.578968833333333,-49863.961135022226,-44835.18881877778,-3420.266666666667,-960.0,-2460.266666666667,-3075.3333333333335,9049.0,9049.0,344.9333333333334,52.27524016843355,52.27524016843355,34.82553138225883,218281.68380580144,218281.68380580144,78844.99162641642,21204505.64816848,18412316.224699102,243533435.19560292,244792623.91549113,248761346.4076215,29478.049133333345
17.904041833333334,-49737.86805562771,-51806.83704823611,-2778.024566666667,-463.1579,-2314.866666666667,-2893.5833333333335,8933.441233333333,9049.0,0.0,52.22503348356775,52.27524016843355,36.01599932330047,212241.4872034532,218281.68380580144,85328.46220598192,21204505.64816848,18412316.224699102,243533435.19560292,244792623.91549113,248761346.4076215,29478.049133333345
16.329155,-46285.53415266667,-38261.93169083333,-2834.5333333333333,-960.0,-1874.5333333333333,-2343.1666666666665,9049.0,9049.0,491.3666666666668,52.27524016843355,52.27524016843355,41.65959620858494,218281.68380580144,218281.68380580144,107655.77645219996,21204505.64816848,18412316.224699102,243533435.19560292,244792623.91549113,248761346.4076215,29478.049133333345
17.115931916666664,-32790.70236595,-20449.2596574375,-1915.8000000000002,-960.0,-955.8000000000001,-1194.75,9049.0,9049.0,721.0500000000002,52.27524016843355,52.27524016843355,48.62349588309512,218281.68380580144,218281.68380580144,157438.6050450611,21204505.64816848,18412316.224699102,243533435.19560292,244792623.91549113,248761346.4076215,29478.049133333345
47.63967466666667,15794.140141155558,19742.67517644445,331.53333333333336,0.0,331.53333333333336,414.4166666666667,9049.0,9049.0,82.88333333333333,52.27524016843355,52.27524016843355,54.8707691756465,218281.68380580144,218281.68380580144,240234.3403140457,21204505.64816848,18412316.224699102,243533435.19560292,244792623.91549113,248761346.4076215,29478.049133333345
71.47965183333334,234986.97274702223,207958.1337337778,3287.4666666666667,960.0,2327.4666666666667,2909.3333333333335,8670.866666666667,9049.0,0.0,51.04445629945764,52.27524016843355,60.86094263517563,198578.28896483433,218281.68380580144,385682.56710352964,21204505.64816848,18412316.224699102,243533435.19560292,244792623.91549113,248761346.4076215,29478.049133333345
66.36457291666666,235125.25753888887,214269.0844236111,3542.9333333333334,960.0,2582.9333333333334,3228.6666666666665,8734.733333333334,9049.0,0.0,52.22503348356775,52.27524016843355,61.1954964592248,201863.9604725038,218281.68380580144,405138.8300677902,21204505.64816848,18412316.224699102,243533435.19560292,244792623.91549113,248761346.4076215,29478.049133333345
62.349805833333335,142805.99528066668,178507.49410083334,2290.4,0.0,2290.4,2863.0,9621.6,9049.0,0.0,55.08860599120217,52.27524016843355,60.72942857249693,248917.03120023123,218281.68380580144,382863.92614502856,21204505.64816848,18412316.224699102,243533435.19560292,244792623.91549113,248761346.4076215,29478.049133333345
67.54612458333334,175453.31014269445,142482.9209648264,2597.5333333333333,910.0,1687.5333333333333,2109.4166666666665,8560.883333333333,9049.0,0.0,50.59194752460175,52.27524016843355,59.66414016202437,193002.7655513854,218281.68380580144,337510.9416958742,21204505.64816848,18412316.224699102,243533435.19560292,244792623.91549113,248761346.4076215,29478.049133333345
78.42489608333332,196511.8762792111,151529.97004901388,2505.7333333333336,960.0,1545.7333333333336,1932.1666666666667,8475.433333333332,9049.0,0.0,50.59194752460175,52.27524016843355,59.6222469651773,188679.68363540815,218281.68380580144,326940.1537186831,21204505.64816848,18412316.224699102,243533435.19560292,244792623.91549113,248761346.4076215,29478.049133333345
69.69230666666665,87705.4448631111,26001.038078888883,1258.4666666666667,960.0,298.46666666666664,373.0833333333333,8163.616666666667,9049.0,0.0,50.59194752460175,52.27524016843355,54.8707691756465,172904.27119811196,218281.68380580144,237966.3485214524,21204505.64816848,18412316.224699102,243533435.19560292,244792623.91549113,248761346.4076215,29478.049133333345
57.173868166666665,-11655.845923577777,-14569.807404472222,-203.86666666666667,0.0,-203.86666666666667,-254.83333333333334,8998.033333333333,9049.0,0.0,52.27524016843355,52.27524016843355,52.22503348356775,215617.38906521694,218281.68380580144,204967.86829587715,21204505.64816848,18412316.224699102,243533435.19560292,244792623.91549113,248761346.4076215,29478.049133333345
56.59893225,-11259.414255599999,-14074.267819499999,-198.93333333333334,0.0,-198.93333333333334,-248.66666666666666,8999.266666666666,9049.0,0.0,52.27524016843355,52.27524016843355,52.22503348356775,215681.86186142467,218281.68380580144,205289.92266902587,21204505.64816848,18412316.224699102,243533435.19560292,244792623.91549113,248761346.4076215,29478.049133333345
57.02908583333333,-5885.401658,-7356.7520725,-103.2,0.0,-103.2,-129.0,9080.2,9106.0,0.0,52.27524016843355,52.27524016843355,52.27524016843355,219912.67129905662,221261.37249540217,214517.86651367423,21204505.64816848,18412316.224699102,243533435.19560292,244792623.91549113,248761346.4076215,29478.049133333345
52.266327999999994,-68726.73689813333,-23188.827522666666,-1314.9333333333334,-960.0,-354.9333333333334,-443.6666666666667,9977.266666666666,9106.0,0.0,56.59032124541989,52.27524016843355,51.04445629945764,268677.5090538598,221261.37249540217,198142.70960441232,21204505.64816848,18412316.224699102,243533435.19560292,244792623.91549113,248761346.4076215,29478.049133333345
55.17258075,-73585.51003230001,-25774.790640375002,-1333.7333333333333,-960.0,-373.73333333333335,-467.1666666666667,9972.566666666666,9106.0,0.0,56.59032124541989,52.27524016843355,50.59194752460175,268411.5345440063,221261.37249540217,196946.40786092816,21204505.64816848,18412316.224699102,243533435.19560292,244792623.91549113,248761346.4076215,29478.049133333345
57.60860441666666,-31832.045311807335,-24853.312088756942,-552.5571333333334,-207.4238,-345.1333333333334,-431.4166666666667,9227.140466666666,9106.0,0.0,52.27524016843355,52.27524016843355,51.04445629945764,227594.01948451824,221261.37249540217,198768.00419408065,21204505.64816848,18412316.224699102,243533435.19560292,244792623.91549113,248761346.4076215,29478.049133333345
60.8293705,11959.054240300002,14948.817800375,196.60000000000002,0.0,196.60000000000002,245.75,9155.15,9106.0,0.0,52.27524016843355,52.27524016843355,53.05374351030698,223830.70054968065,221261.37249540217,234112.77613408634,21204505.64816848,18412316.224699102,243533435.19560292,244792623.91549113,248761346.4076215,29478.049133333345
69.33191108333334,140623.60418662225,92581.21193327778,2028.2666666666667,960.0,1068.2666666666667,1335.3333333333333,8413.066666666666,9106.0,0.0,50.59194752460175,52.27524016843355,57.5987946620749,185524.4325081238,221261.37249540217,295173.7348565394,21204505.64816848,18412316.224699102,243533435.19560292,244792623.91549113,248761346.4076215,29478.049133333345
97.101128,150176.6045648,187720.755706,1546.6000000000001,0.0,1546.6000000000001,1933.25,9480.65,9106.0,12.0,54.8707691756465,52.27524016843355,59.6222469651773,241179.94656950602,221261.37249540217,330403.21256324387,21204505.64816848,18412316.224699102,243533435.19560292,244792623.91549113,248761346.4076215,29478.049133333345
42.74067741666667,31311.82027545,-12149.0375556875,732.6,960.0,-227.4,-284.25,8089.15,9106.0,0.0,50.59194752460175,52.27524016843355,52.22503348356775,169136.85750577995,221261.37249540217,206408.40880279892,21204505.64816848,18412316.224699102,243533435.19560292,244792623.91549113,248761346.4076215,29478.049133333345
18.567054916666667,-25295.75561846667,-31619.694523083333,-1362.4,0.0,-1362.4,-1703.0,8765.4,9106.0,0.0,52.22503348356775,52.27524016843355,44.36399145877818,203465.52816599986,221261.37249540217,136838.7959632375,21204505.64816848,18412316.224699102,243533435.19560292,244792623.91549113,248761346.4076215,29478.049133333345
24.467423583333332,-58250.41090562778,-43452.10533203472,-2380.7333333333336,-960.0,-1420.7333333333336,-1775.9166666666667,9106.0,9106.0,604.8166666666668,52.27524016843355,52.27524016843355,42.23616070233698,221261.37249540217,221261.37249540217,133671.4739035419,21204505.64816848,18412316.224699102,243533435.19560292,244792623.91549113,248761346.4076215,29478.049133333345
25.636372249999997,-75587.98903338333,-63721.339591729164,-2948.466666666667,-960.0,-1988.466666666667,-2485.5833333333335,9106.0,9106.0,462.88333333333367,52.27524016843355,52.27524016843355,41.65959620858494,221261.37249540217,221261.37249540217,104097.35260938329,21204505.64816848,18412316.224699102,243533435.19560292,244792623.91549113,248761346.4076215,29478.049133333345
34.47863941666667,-90727.93878625834,-93448.60569897223,-2631.424566666667,-463.1579,-2168.266666666667,-2710.3333333333335,9027.091233333333,9106.0,0.0,52.27524016843355,52.27524016843355,41.37526521814003,217136.39776650723,221261.37249540217,94739.10305306264,21204505.64816848,18412316.224699102,243533435.19560292,244792623.91549113,248761346.4076215,29478.049133333345
30.059406916666664,-84212.43045727222,-69194.24977159027,-2801.5333333333333,-960.0,-1841.5333333333333,-2301.9166666666665,9106.0,9106.0,499.6166666666668,52.27524016843355,52.27524016843355,41.65959620858494,221261.37249540217,221261.37249540217,111748.83177969344,21204505.64816848,18412316.224699102,243533435.19560292,244792623.91549113,248761346.4076215,29478.049133333345
28.26320525,-61519.576760833326,-42983.62465104166,-2176.666666666667,-960.0,-1216.6666666666667,-1520.8333333333333,9106.0,9106.0,655.8333333333337,52.27524016843355,52.27524016843355,45.25498423139707,221261.37249540217,221261.37249540217,145040.25906230853,21204505.64816848,18412316.224699102,243533435.19560292,244792623.91549113,248761346.4076215,29478.049133333345
31.719954333333337,-46406.29318966667,-19943.921287083336,-1463.0,-960.0,-503.0,-628.75,9262.25,9106.0,678.0,52.27524016843355,52.27524016843355,50.59194752460175,229429.3787717199,221261.37249540217,188771.59234007788,21204505.64816848,18412316.224699102,243533435.19560292,244792623.91549113,248761346.4076215,29478.049133333345
63.77580416666667,69307.29224805556,10103.150310069444,1086.7333333333333,960.0,126.73333333333333,158.41666666666666,8177.683333333333,9106.0,0.0,50.59194752460175,52.27524016843355,52.27524016843355,173615.93125995802,221261.37249540217,229542.64179208482,21204505.64816848,18412316.224699102,243533435.19560292,244792623.91549113,248761346.4076215,29478.049133333345
69.45268825,177988.71926788334,139142.67318485415,2562.7333333333336,960.0,1602.7333333333336,2003.4166666666667,8546.683333333332,9106.0,0.0,50.59194752460175,52.27524016843355,59.66414016202437,192284.35989653604,221261.37249540217,334587.39882793505,21204505.64816848,18412316.224699102,243533435.19560292,244792623.91549113,248761346.4076215,29478.049133333345
59.95921583333333,129971.5935213889,162464.49190173612,2167.666666666667,0.0,2167.666666666667,2709.5833333333335,9647.916666666666,9106.0,0.0,55.08860599120217,52.27524016843355,60.5003388737758,250366.779681233,221261.37249540217,377011.2336435338,21204505.64816848,18412316.224699102,243533435.19560292,244792623.91549113,248761346.4076215,29478.049133333345
56.951827,78957.91613469413,102641.43021075,1386.3983000000003,-55.4017,1441.8000000000002,1802.25,9521.8517,9106.0,0.0,54.8707691756465,52.27524016843355,59.6222469651773,243440.71553985024,221261.37249540217,322592.69821080565,21204505.64816848,18412316.224699102,243533435.19560292,244792623.91549113,248761346.4076215,29478.049133333345
62.23902508333333,83549.66727186667,104437.08408983333,1342.4,0.0,1342.4,1678.0,9441.6,9106.0,0.0,54.8707691756465,52.27524016843355,59.6222469651773,239037.24303319707,221261.37249540217,315184.63402538234,21204505.64816848,18412316.224699102,243533435.19560292,244792623.91549113,248761346.4076215,29478.049133333345
65.13858258333333,125378.7437564,78557.1305955,1924.8000000000002,960.0,964.8000000000001,1206.0,8387.2,9106.0,0.0,50.59194752460175,52.27524016843355,57.5987946620749,184215.78746548755,221261.37249540217,287724.290746911,21204505.64816848,18412316.224699102,243533435.19560292,244792623.91549113,248761346.4076215,29478.049133333345
65.36588183333333,103195.29651301111,50555.062441263886,1578.7333333333333,960.0,618.7333333333333,773.4166666666666,8300.683333333332,9106.0,0.0,50.59194752460175,52.27524016843355,55.96689619169099,179838.740805484,221261.37249540217,263177.13705025066,21204505.64816848,18412316.224699102,243533435.19560292,244792623.91549113,248761346.4076215,29478.049133333345
64.80127433333334,85753.68636777779,29430.578759722226,1323.3333333333335,960.0,363.33333333333337,454.1666666666667,8236.833333333334,9106.0,0.0,50.59194752460175,52.27524016843355,54.8707691756465,176608.44495603826,221261.37249540217,245543.0872317895,21204505.64816848,18412316.224699102,243533435.19560292,244792623.91549113,248761346.4076215,29478.049133333345
57.619972999999995,6096.1931434,7620.241429249999,105.80000000000001,0.0,105.80000000000001,132.25,9132.45,9106.0,0.0,52.27524016843355,52.27524016843355,52.27524016843355,222644.05259785726,221261.37249540217,228174.7730076775,21204505.64816848,18412316.224699102,243533435.19560292,244792623.91549113,248761346.4076215,29478.049133333345
49.221874750000005,-7882.062876633334,-9852.578595791667,-160.13333333333333,0.0,-160.13333333333333,-200.16666666666666,10103.966666666667,10144.0,0.0,56.84699702832563,56.84699702832563,56.59032124541989,275871.4677179185,278147.2424989525,266785.50598022126,21204505.64816848,18412316.224699102,243533435.19560292,244792623.91549113,248761346.4076215,29478.049133333345
46.5402565,-30441.53809287137,-25984.976545833335,-654.0904666666668,-207.4238,-446.66666666666674,-558.3333333333334,10239.757133333333,10144.0,0.0,56.84699702832563,56.84699702832563,54.8707691756465,283590.7479729934,278147.2424989525,246942.2918457685,21204505.64816848,18412316.224699102,243533435.19560292,244792623.91549113,248761346.4076215,29478.049133333345
44.718916500000006,-76809.2109804,-42348.813925500006,-1717.6,-960.0,-757.6,-947.0,10914.6,10144.0,0.0,59.6222469651773,56.84699702832563,52.27524016843355,322971.29947903455,278147.2424989525,226018.41935072961,21204505.64816848,18412316.224699102,243533435.19560292,244792623.91549113,248761346.4076215,29478.049133333345
45.59894441666666,-72493.20183361667,-35897.76899202083,-1589.8000000000002,-960.0,-629.8000000000001,-787.25,10946.55,10144.0,0.0,59.6222469651773,56.84699702832563,54.72435442399463,324876.2302695719,278147.2424989525,234381.66988476252,21204505.64816848,18412316.224699102,243533435.19560292,244792623.91549113,248761346.4076215,29478.049133333345
49.20183600000001,-15465.777116000005,-19332.221395000004,-314.33333333333337,0.0,-314.33333333333337,-392.9166666666667,10065.416666666666,10144.0,0.0,56.84699702832563,56.84699702832563,55.08860599120217,273680.0159824765,278147.2424989525,256050.08753265874,21204505.64816848,18412316.224699102,243533435.19560292,244792623.91549113,248761346.4076215,29478.049133333345
57.3350605,82264.34480539999,34028.35840675,1434.8,960.0,474.8,593.5,9302.7,10144.0,0.0,52.27524016843355,56.84699702832563,59.6222469651773,231543.91223653307,278147.2424989525,312412.1995415016,21204505.64816848,18412316.224699102,243533435.19560292,244792623.91549113,248761346.4076215,29478.049133333345
66.30824158333333,166637.03164835554,128726.39966044443,2513.0666666666666,960.0,1553.0666666666666,1941.3333333333333,9572.266666666666,10144.0,0.0,54.8707691756465,56.84699702832563,60.86179049961658,246207.02353881486,278147.2424989525,393411.9611097834,21204505.64816848,18412316.224699102,243533435.19560292,244792623.91549113,248761346.4076215,29478.049133333345
37.9721875,-7047.638,-8809.547499999999,-185.60000000000002,0.0,-185.60000000000002,-232.0,10097.6,10144.0,0.0,56.84699702832563,56.84699702832563,55.97996724313914,275509.5418368382,278147.2424989525,265001.0152618388,21204505.64816848,18412316.224699102,243533435.19560292,244792623.91549113,248761346.4076215,29478.049133333345
30.43836558333334,-25620.98692367779,-32026.233654597232,-841.7333333333335,0.0,-841.7333333333335,-1052.1666666666667,9933.566666666668,10144.0,0.0,55.97996724313914,56.84699702832563,52.27524016843355,266208.3165553825,278147.2424989525,220520.80659301605,21204505.64816848,18412316.224699102,243533435.19560292,244792623.91549113,248761346.4076215,29478.049133333345
28.568789166666665,-64997.80452605555,-46964.70865756944,-2275.133333333333,-960.0,-1315.1333333333334,-1643.9166666666667,10144.0,10144.0,631.2166666666665,56.84699702832563,56.84699702832563,50.59194752460175,278147.2424989525,278147.2424989525,189926.77514188967,21204505.64816848,18412316.224699102,243533435.19560292,244792623.91549113,248761346.4076215,29478.049133333345
29.951855749999996,-85039.3088454,-70356.90915674999,-2839.2,-960.0,-1879.2,-2349.0,9641.75,9641.75,490.1999999999998,55.08860599120217,55.08860599120217,41.69241810547503,250027.06661095395,250027.06661095395,132106.5091278549,21204505.64816848,18412316.224699102,243533435.19560292,244792623.91549113,248761346.4076215,29478.049133333345
30.78700625,-79439.44232745354,-81475.24645677084,-2580.2912333333334,-463.1579,-2117.133333333333,-2646.4166666666665,9099.124566666667,9165.25,0.0,52.27524016843355,52.27524016843355,41.65959620858494,220901.95756664014,224358.68047538184,99865.43196119458,21204505.64816848,18412316.224699102,243533435.19560292,244792623.91549113,248761346.4076215,29478.049133333345
27.440717666666668,-73771.62537506668,-59285.670518833336,-2688.4,-960.0,-1728.4,-2160.5,8746.066666666666,8232.166666666666,14.0,52.22503348356775,50.59194752460175,36.01599932330047,202455.84418531752,176372.34920092337,82312.12226265551,21204505.64816848,18412316.224699102,243533435.19560292,244792623.91549113,248761346.4076215,29478.049133333345
27.644619333333328,-74887.43079937776,-60435.7452992222,-2708.9333333333334,-960.0,-1748.9333333333334,-2186.1666666666665,9432.433333333332,8912.666666666666,3.0,54.8707691756465,52.22503348356775,41.65959620858494,238534.26098242024,211156.53476367993,108516.7414405107,21204505.64816848,18412316.224699102,243533435.19560292,244792623.91549113,248761346.4076215,29478.049133333345
23.28894975,-53943.4180076,-39482.5328095,-2316.2666666666664,-960.0,-1356.2666666666667,-1695.3333333333333,10578.350000000002,10013.41666666667,56.0,57.64316794807971,56.84699702832563,50.59194752460175,303067.26280218625,270723.9721370038,180719.04069241224,21204505.64816848,18412316.224699102,243533435.19560292,244792623.91549113,248761346.4076215,29478.049133333345
44.63304,3618.251776,4522.81472,81.06666666666666,0.0,81.06666666666666,101.33333333333333,10732.099999999997,10714.83333333333,3.0,59.6222469651773,59.6222469651773,59.6222469651773,312090.2394078895,311060.76194362406,317102.48296942876,21204505.64816848,18412316.224699102,243533435.19560292,244792623.91549113,248761346.4076215,29478.049133333345
67.04395383333333,183347.33534647778,148731.42458309722,2734.7333333333336,960.0,1774.7333333333333,2218.4166666666665,12967.016666666663,13483.33333333333,0.0,61.24434842984079,61.52031723517364,62.93888483233038,447354.0342948585,479004.63943935256,617703.490630948,21204505.64816848,18412316.224699102,243533435.19560292,244792623.91549113,248761346.4076215,29478.049133333345
55.33486991666666,171213.4655048222,151073.41735081942,3094.133333333333,910.0,2184.133333333333,2730.1666666666665,14299.033333333333,14663.0,0.0,62.77103502979372,62.77103502979372,63.59294564410417,529556.8513151326,552403.4156981432,724586.711221225,21204505.64816848,18412316.224699102,243533435.19560292,244792623.91549113,248761346.4076215,29478.049133333345
50.83274625000001,95189.40062775002,118986.75078468751,1872.6000000000001,0.0,1872.6000000000001,2340.75,14834.65,14366.5,0.0,62.82941806468727,62.77103502979372,63.13632209610795,563186.310464686,533791.8038118094,681118.5164055546,21204505.64816848,18412316.224699102,243533435.19560292,244792623.91549113,248761346.4076215,29478.049133333345
56.507469583333325,144218.3638705833,112463.99133822916,2552.2,960.0,1592.2,1990.25,13496.8,14058.75,0.0,61.52031723517364,62.24357100233248,63.11178396875967,479833.1130447864,514521.4884458165,639569.6500334952,21204505.64816848,18412316.224699102,243533435.19560292,244792623.91549113,248761346.4076215,29478.049133333345
61.72295383333332,63093.20340843332,78866.50426054165,1022.2,0.0,1022.2,1277.75,14203.88333333333,13948.33333333333,0.0,62.77103502979372,62.08274572955887,62.82941806468727,523584.1873320475,507657.32744050515,587779.8390091399,21204505.64816848,18412316.224699102,243533435.19560292,244792623.91549113,248761346.4076215,29478.049133333345
62.082300749999995,29853.309020650002,37316.636275812496,480.86666666666673,0.0,480.86666666666673,601.0833333333334,13829.133333333337,13708.91666666667,0.0,61.52031723517364,61.52031723517364,62.77103502979372,500278.365139276,492882.5976689875,530245.2403326263,21204505.64816848,18412316.224699102,243533435.19560292,244792623.91549113,248761346.4076215,29478.049133333345
53.807865,64583.786764,16160.295455,1200.2666666666667,960.0,240.26666666666665,300.3333333333333,11629.066666666666,12529.0,0.0,60.13699040563468,61.24434842984079,61.24434842984079,365768.19546217244,420527.988943448,438921.7082552102,21204505.64816848,18412316.224699102,243533435.19560292,244792623.91549113,248761346.4076215,29478.049133333345
47.42026825,41445.314450499995,-5097.678836875,874.0,960.0,-86.0,-107.5,10682.66666666667,11664.16666666667,0.0,59.446359957658,60.23309464896285,60.06908194289178,309145.06468396983,367879.4907535767,361417.56639001693,21204505.64816848,18412316.224699102,243533435.19560292,244792623.91549113,248761346.4076215,29478.049133333345
44.577733583333334,6680.716339688889,8350.895424611112,149.86666666666667,0.0,149.86666666666667,187.33333333333334,11428.633333333337,11391.16666666667,0.0,60.06908194289178,60.06908194289178,60.06908194289178,353726.7215985954,351476.1333284683,362729.0746791034,21204505.64816848,18412316.224699102,243533435.19560292,244792623.91549113,248761346.4076215,29478.049133333345
41.66615491666666,2422.192472488889,3027.740590611111,58.13333333333334,0.0,58.13333333333334,72.66666666666667,10745.866666666663,10731.33333333333,0.0,59.6222469651773,59.6222469651773,59.6222469651773,312911.0390077767,312044.5290185495,316377.0789646857,21204505.64816848,18412316.224699102,243533435.19560292,244792623.91549113,248761346.4076215,29478.049133333345
40.511343,-6414.295975,-8017.869968749999,-158.33333333333334,0.0,-158.33333333333334,-197.91666666666666,10463.333333333336,10502.91666666667,0.0,57.5987946620749,57.5987946620749,57.5987946620749,296440.9083391052,298720.86062781233,287321.0991842767,21204505.64816848,18412316.224699102,243533435.19560292,244792623.91549113,248761346.4076215,29478.049133333345
40.022199583333325,-2166.5350707777775,-2708.168838472222,-54.13333333333334,0.0,-54.13333333333334,-67.66666666666667,9823.633333333333,9837.166666666666,0.0,55.82779928609174,55.82779928609174,55.08860599120217,260058.61762981515,260814.15384682023,257064.63602633,21204505.64816848,18412316.224699102,243533435.19560292,244792623.91549113,248761346.4076215,29478.049133333345
39.88989216666666,-4055.4723702777774,-5069.340462847222,-101.66666666666667,0.0,-101.66666666666667,-127.08333333333333,9710.333333333334,9735.75,0.0,55.08860599120217,55.08860599120217,55.08860599120217,253805.22683851726,255205.39557412695,248204.5518960783,21204505.64816848,18412316.224699102,243533435.19560292,244792623.91549113,248761346.4076215,29478.049133333345
41.640057166666665,-1010.4653872444444,-1263.0817340555554,-24.266666666666666,0.0,-24.266666666666666,-30.333333333333332,10257.850000000002,10263.91666666667,0.0,56.84699702832563,56.84699702832563,56.84699702832563,284619.2731106275,284964.1448925994,283239.7859827401,21204505.64816848,18412316.224699102,243533435.19560292,244792623.91549113,248761346.4076215,29478.049133333345
44.284860916666666,13282.505950938888,16603.132438673612,299.93333333333334,0.0,299.93333333333334,374.9166666666667,10479.733333333334,10404.75,0.0,57.5987946620749,57.5987946620749,59.6222469651773,297385.5285715631,293066.57895181846,314926.2709551999,21204505.64816848,18412316.224699102,243533435.19560292,244792623.91549113,248761346.4076215,29478.049133333345
15.399000749999999,-9086.43704255,-11358.0463031875,-590.0666666666667,0.0,-590.0666666666667,-737.5833333333334,8607.483333333334,8755.0,0.0,50.59194752460175,52.22503348356775,49.73249582204807,195360.35030603188,202922.38781777077,165509.08926854425,21204505.64816848,18412316.224699102,243533435.19560292,244792623.91549113,248761346.4076215,29478.049133333345
-6.1388342499999995,10564.115233016666,13205.144041270833,-1720.8666666666668,0.0,-1720.8666666666668,-2151.0833333333335,7178.450000000001,7608.666666666667,0.0,41.65959620858494,45.81581231686007,31.87486020767374,127344.7959469807,146107.84507789413,61176.53724592661,21204505.64816848,18412316.224699102,243533435.19560292,244792623.91549113,248761346.4076215,29478.049133333345
-13.239266416666668,32673.952143217197,33177.60164016667,-2467.9579000000003,-463.1579,-2004.8000000000002,-2506.0,6562.7079,6600.75,0.0,41.65959620858494,41.65959620858494,14.00926023674857,101693.22869235455,103278.04721728114,24339.48431254391,21204505.64816848,18412316.224699102,243533435.19560292,244792623.91549113,248761346.4076215,29478.049133333345
-16.211615333333334,51718.29523640001,45193.930645500004,-3190.2000000000003,-960.0,-2230.2000000000003,-2787.75,6566.416666666667,6566.416666666667,402.4500000000003,41.65959620858494,41.65959620858494,13.04864627129027,101847.73441411974,101847.73441411974,20104.217882711302,21204505.64816848,18412316.224699102,243533435.19560292,244792623.91549113,248761346.4076215,29478.049133333345
-17.7879605,56732.9212187,49570.598923375,-3189.4,-960.0,-2229.4,-2786.75,6186.333333333333,6186.333333333333,402.6500000000001,37.32825134401396,37.32825134401396,12.71331371308596,86449.35571473192,86449.35571473192,15242.048492132622,21204505.64816848,18412316.224699102,243533435.19560292,244792623.91549113,248761346.4076215,29478.049133333345
-19.9764485,57974.317073466664,48496.15814183333,-2902.133333333333,-960.0,-1942.1333333333332,-2427.6666666666665,5756.916666666667,5756.916666666667,474.4666666666667,34.32087425617375,34.32087425617375,12.71331371308596,71303.10921807186,71303.10921807186,14347.87876097892,21204505.64816848,18412316.224699102,243533435.19560292,244792623.91549113,248761346.4076215,29478.049133333345
-23.72330266666667,48911.123884622226,32670.941655777784,-2061.7333333333336,-960.0,-1101.7333333333333,-1377.1666666666667,4894.916666666667,4894.916666666667,684.5666666666668,28.61278969081335,28.61278969081335,12.71331371308596,43536.89001344485,43536.89001344485,16744.33839589562,21204505.64816848,18412316.224699102,243533435.19560292,244792623.91549113,248761346.4076215,29478.049133333345
-21.40696625,7301.202622333333,9126.503277916667,-341.06666666666666,0.0,-341.06666666666666,-426.3333333333333,5230.400000000001,5315.666666666667,0.0,31.87486020767374,31.87486020767374,28.61278969081335,53935.100254413264,56652.963334787564,43377.13527100448,21204505.64816848,18412316.224699102,243533435.19560292,244792623.91549113,248761346.4076215,29478.049133333345
24.073113666666668,-16029.483953511113,8850.881458111113,-665.8666666666666,-960.0,294.1333333333334,367.6666666666667,8345.366666666667,7386.833333333333,75.0,50.59194752460175,44.36399145877818,45.95018205599548,182099.35766070834,136121.57810132057,152793.14889512805,21204505.64816848,18412316.224699102,243533435.19560292,244792623.91549113,248761346.4076215,29478.049133333345
56.46768358333333,142513.13982761666,110380.20448452083,2523.8,960.0,1563.8000000000002,1954.75,9976.78333333333,10545.83333333333,0.0,56.59032124541989,57.64316794807971,61.24434842984079,268650.1570652576,301192.89912440756,418787.62870889984,21204505.64816848,18412316.224699102,243533435.19560292,244792623.91549113,248761346.4076215,29478.049133333345
50.86598483333333,164873.61217311112,145052.83341638886,3241.3333333333335,960.0,2281.3333333333335,2851.6666666666665,11838.250000000004,12227.91666666667,0.0,60.71842384123605,61.15035779449792,62.82941806468727,378385.5297093153,402095.85197030177,578575.3292626635,21204505.64816848,18412316.224699102,243533435.19560292,244792623.91549113,248761346.4076215,29478.049133333345
45.23873975,105747.06212361668,77897.33995452084,2337.5333333333338,960.0,1377.5333333333335,1721.9166666666667,11682.883333333333,12298.5,0.0,60.24177886994656,61.1954964592248,62.24357100233248,369007.00620597514,406413.73624402407,512135.4848907271,21204505.64816848,18412316.224699102,243533435.19560292,244792623.91549113,248761346.4076215,29478.049133333345
43.86737883333333,90059.72874483334,62675.517508125,2053.0,910.0,1143.0,1428.75,11201.83333333333,11826.08333333333,0.0,60.06908194289178,60.71842384123605,61.24434842984079,340103.05381394713,377646.7888859132,464981.17851210723,21204505.64816848,18412316.224699102,243533435.19560292,244792623.91549113,248761346.4076215,29478.049133333345
41.96076658333333,46942.90826899444,58678.63533624305,1118.7333333333333,0.0,1118.7333333333333,1398.4166666666667,11428.850000000002,11149.16666666667,0.0,60.06908194289178,59.66414016202437,61.24434842984079,353739.7365663496,336959.0483993757,421666.1130851027,21204505.64816848,18412316.224699102,243533435.19560292,244792623.91549113,248761346.4076215,29478.049133333345
44.41457491666666,82468.98270526665,49788.73848158333,1856.8000000000002,960.0,896.8000000000001,1121.0,10566.7,11302.5,0.0,57.64316794807971,60.06908194289178,61.24434842984079,302395.719895591,346150.00806286506,414066.7101840998,21204505.64816848,18412316.224699102,243533435.19560292,244792623.91549113,248761346.4076215,29478.049133333345
43.78677491666667,13267.392799750001,16584.240999687503,303.0,0.0,303.0,378.75,10839.58333333333,10763.83333333333,0.0,59.6222469651773,59.6222469651773,59.66414016202437,318498.63725252997,313982.2520449178,336566.259476642,21204505.64816848,18412316.224699102,243533435.19560292,244792623.91549113,248761346.4076215,29478.049133333345
39.428321666666676,10046.33636066667,12557.920450833337,254.8,0.0,254.8,318.5,10246.033333333331,10182.33333333333,0.0,56.84699702832563,56.84699702832563,57.5987946620749,283947.5310957425,280326.3773850381,298600.8631389327,21204505.64816848,18412316.224699102,243533435.19560292,244792623.91549113,248761346.4076215,29478.049133333345
41.475126833333334,8554.936161488888,10693.67020186111,206.26666666666665,0.0,206.26666666666665,257.8333333333333,10173.316666666668,10121.75,0.0,56.84699702832563,56.84699702832563,57.5987946620749,279813.8069618329,276882.3968150722,291617.0092861563,21204505.64816848,18412316.224699102,243533435.19560292,244792623.91549113,248761346.4076215,29478.049133333345
42.435643250000005,-4512.323398916667,-5640.404248645834,-106.33333333333333,0.0,-106.33333333333333,-132.91666666666666,9990.916666666666,10017.5,0.0,56.59032124541989,56.84699702832563,55.96689619169099,269449.9669388597,270956.0973748693,263466.2993472411,21204505.64816848,18412316.224699102,243533435.19560292,244792623.91549113,248761346.4076215,29478.049133333345
40.297794999999994,-7417.480799666667,-9271.850999583332,-184.0666666666667,0.0,-184.0666666666667,-230.08333333333334,9716.566666666668,9762.583333333334,0.0,55.08860599120217,55.08860599120217,54.8707691756465,254148.6124825291,256683.60650155757,244024.99595126332,21204505.64816848,18412316.224699102,243533435.19560292,244792623.91549113,248761346.4076215,29478.049133333345
40.240253083333336,-2545.866678405556,-3182.3333480069446,-63.266666666666666,0.0,-63.266666666666666,-79.08333333333333,9691.849999999999,9707.666666666666,0.0,55.08860599120217,55.08860599120217,55.08860599120217,252787.0057711131,253658.32388920733,249301.73329873636,21204505.64816848,18412316.224699102,243533435.19560292,244792623.91549113,248761346.4076215,29478.049133333345
40.4670175,2333.5980091666665,2916.997511458333,57.666666666666664,0.0,57.666666666666664,72.08333333333333,9760.5,9746.083333333334,0.0,55.08860599120217,55.08860599120217,55.82779928609174,256568.8385724092,255774.64450270272,259753.4256603846,21204505.64816848,18412316.224699102,243533435.19560292,244792623.91549113,248761346.4076215,29478.049133333345
39.777503833333334,13468.662797966668,16835.828497458333,338.6,0.0,338.6,423.25,9506.566666666666,9421.916666666666,0.0,54.8707691756465,54.8707691756465,55.82779928609174,242602.01400397482,237957.20339325638,261260.77624110898,21204505.64816848,18412316.224699102,243533435.19560292,244792623.91549113,248761346.4076215,29478.049133333345
37.71514225000001,20879.102749600006,26098.878437000003,553.6,0.0,553.6,692.0,9510.9,9372.5,0.0,54.8707691756465,54.86960691400279,56.84699702832563,242839.78733706934,235245.71367854354,273627.9062352006,21204505.64816848,18412316.224699102,243533435.19560292,244792623.91549113,248761346.4076215,29478.049133333345
13.237166166666668,-18332.59266308889,-7031.141428861111,-1384.9333333333334,-960.0,-424.93333333333334,-531.1666666666666,9096.35,8317.583333333334,75.0,52.27524016843355,50.59194752460175,46.08034393491124,220756.9164277768,180693.74471864983,154260.53471209586,21204505.64816848,18412316.224699102,243533435.19560292,244792623.91549113,248761346.4076215,29478.049133333345
-0.36243525000000026,748.4529536000006,500.64389200000033,-2065.0666666666666,-960.0,-1105.0666666666666,-1381.3333333333333,6960.983333333334,6442.25,165.0,41.65959620858494,41.65959620858494,31.87469311775274,118285.2224248204,96675.00121822044,48532.854173175416,21204505.64816848,18412316.224699102,243533435.19560292,244792623.91549113,248761346.4076215,29478.049133333345
1.5611106666666663,-2746.8262550222216,-3433.532818777777,-1759.5333333333333,0.0,-1759.5333333333333,-2199.4166666666665,5890.783333333334,6330.666666666667,0.0,34.82553138225883,40.04831268923754,19.1070988175627,75958.53550035023,92103.2245484081,24982.091654641186,21204505.64816848,18412316.224699102,243533435.19560292,244792623.91549113,248761346.4076215,29478.049133333345
4.335806083333333,-12500.417991988888,-10422.555189986111,-2883.0666666666666,-960.0,-1923.0666666666668,-2403.8333333333335,6853.9,6381.666666666667,7.0,41.65959620858494,41.19953793589012,13.04864627129027,113824.17399748441,94161.2762864756,22703.07326507661,21204505.64816848,18412316.224699102,243533435.19560292,244792623.91549113,248761346.4076215,29478.049133333345
7.086925,-18565.381191666667,-14702.416489583335,-2619.666666666667,-960.0,-1659.666666666667,-2074.5833333333335,6506.166666666666,5964.083333333333,3.0,41.65959620858494,34.82553138225883,13.04864627129027,99337.74374255245,78511.24695066978,21550.442844445963,21204505.64816848,18412316.224699102,243533435.19560292,244792623.91549113,248761346.4076215,29478.049133333345
15.455528833333338,-30820.76492166946,-29578.018304791676,-1994.1579,-463.1579,-1531.0,-1913.75,5549.991233333333,5471.583333333333,2.0,34.04018635086596,32.3018652021475,12.71331371308596,64234.00617948096,61627.19318536409,17253.930387228476,21204505.64816848,18412316.224699102,243533435.19560292,244792623.91549113,248761346.4076215,29478.049133333345
11.790065416666664,-16805.559244916665,-21006.94905614583,-1425.4,0.0,-1425.4,-1781.75,5552.8166666666675,5909.166666666667,0.0,34.04018635086596,34.82553138225883,19.1070988175627,64330.18445666961,76598.74485226076,24908.847775840535,21204505.64816848,18412316.224699102,243533435.19560292,244792623.91549113,248761346.4076215,29478.049133333345
18.828231666666664,-13432.060470999999,-16790.075588749998,-713.4000000000001,0.0,-713.4000000000001,-891.75,6451.15,6629.5,0.0,41.65959620858494,41.65959620858494,34.32087425617375,97045.77162447682,104475.76060827795,70645.29246149518,21204505.64816848,18412316.224699102,243533435.19560292,244792623.91549113,248761346.4076215,29478.049133333345
41.74507175,-30493.383410983333,11977.356836270834,-730.4666666666667,-960.0,229.53333333333336,286.9166666666667,9431.133333333333,8413.75,0.0,54.8707691756465,50.59194752460175,51.22264620122954,238462.92898249195,185559.00367226568,200100.85116109907,21204505.64816848,18412316.224699102,243533435.19560292,244792623.91549113,248761346.4076215,29478.049133333345
59.344379416666676,123491.69727412224,83151.36629265279,2080.9333333333334,960.0,1120.9333333333334,1401.1666666666667,10679.733333333334,11359.5,0.0,59.446359957658,60.06908194289178,61.24434842984079,308970.68869476055,349573.9457336099,434716.26299636107,21204505.64816848,18412316.224699102,243533435.19560292,244792623.91549113,248761346.4076215,29478.049133333345
50.29588666666666,135148.40053244444,108580.43666555555,2687.0666666666666,960.0,1727.0666666666668,2158.8333333333335,12032.266666666666,12560.5,0.0,60.86179049961658,61.24434842984079,62.82941806468727,390182.22876060364,422457.18591898796,555941.0314048599,21204505.64816848,18412316.224699102,243533435.19560292,244792623.91549113,248761346.4076215,29478.049133333345
51.6621705,135141.34973860002,106932.08257325001,2615.866666666667,960.0,1655.8666666666668,2069.8333333333335,11931.216666666667,12477.25,0.0,60.86094263517563,61.24434842984079,62.77103502979372,384032.22120907245,417358.59391220374,545127.206554273,21204505.64816848,18412316.224699102,243533435.19560292,244792623.91549113,248761346.4076215,29478.049133333345
50.46344475,123941.58453565,94370.8469695625,2456.0666666666666,960.0,1496.0666666666666,1870.0833333333333,11774.766666666666,12360.75,0.0,60.258391221994,61.24434842984079,62.77103502979372,374542.2792439625,410223.62732012727,525275.8667261007,21204505.64816848,18412316.224699102,243533435.19560292,244792623.91549113,248761346.4076215,29478.049133333345
50.96012883333333,53453.77780424444,66817.22225530555,1048.9333333333334,0.0,1048.9333333333334,1311.1666666666667,12268.150000000003,12005.91666666667,0.0,61.1954964592248,60.86094263517563,61.3157522025998,404556.4529264868,388578.53362392023,468796.06574007607,21204505.64816848,18412316.224699102,243533435.19560292,244792623.91549113,248761346.4076215,29478.049133333345
48.79929033333334,20934.895553000002,26168.619441250004,429.0,0.0,429.0,536.25,11800.66666666667,11693.41666666667,0.0,60.5003388737758,60.24177886994656,61.15035779449792,376108.7702553334,369641.5529434054,402202.8650964421,21204505.64816848,18412316.224699102,243533435.19560292,244792623.91549113,248761346.4076215,29478.049133333345
47.49479349999999,-1111.3781678999999,-1389.2227098749997,-23.400000000000002,0.0,-23.400000000000002,-29.25,11503.9,11509.75,0.0,60.06908194289178,60.06908194289178,60.06908194289178,358247.92116616346,358599.3252955294,356842.3046486998,21204505.64816848,18412316.224699102,243533435.19560292,244792623.91549113,248761346.4076215,29478.049133333345
42.2073975,-42592.8917305,-2592.237663125,-1009.1333333333333,-960.0,-49.13333333333333,-61.416666666666664,11784.049999999997,10836.33333333333,0.0,60.5003388737758,59.6222469651773,59.6222469651773,375103.45629104716,318304.86494989315,314643.0652821152,21204505.64816848,18412316.224699102,243533435.19560292,244792623.91549113,248761346.4076215,29478.049133333345
48.16581266666666,-4945.023433777778,-6181.279292222222,-102.66666666666669,0.0,-102.66666666666669,-128.33333333333334,11312.583333333334,11338.25,0.0,60.06908194289178,60.06908194289178,60.06908194289178,346755.7046391226,348297.4777423234,340588.612226319,21204505.64816848,18412316.224699102,243533435.19560292,244792623.91549113,248761346.4076215,29478.049133333345
45.259579,-8557.077736266669,-10696.347170333334,-189.0666666666667,0.0,-189.0666666666667,-236.33333333333334,11263.233333333334,11310.5,0.0,60.06908194289178,60.06908194289178,59.6222469651773,343791.29544524086,346630.5607184082,332485.0226864446,21204505.64816848,18412316.224699102,243533435.19560292,244792623.91549113,248761346.4076215,29478.049133333345
42.36250283333333,-50730.50922634444,-12578.133132930556,-1197.5333333333333,-960.0,-237.53333333333336,-296.9166666666667,12201.033333333336,11300.41666666667,0.0,60.86179049961658,60.06908194289178,59.6222469651773,400453.6702705892,346024.8641421509,328271.717234239,21204505.64816848,18412316.224699102,243533435.19560292,244792623.91549113,248761346.4076215,29478.049133333345
45.40528708333333,-7785.4932252222225,-9731.866531527778,-171.4666666666667,0.0,-171.4666666666667,-214.33333333333334,11170.966666666664,11213.83333333333,0.0,59.66414016202437,60.06908194289178,59.6222469651773,338259.72665490746,340823.8827972618,328033.22824637784,21204505.64816848,18412316.224699102,243533435.19560292,244792623.91549113,248761346.4076215,29478.049133333345
50.68249483333333,36444.092618155555,-236.51830922222223,719.0666666666666,722.8,-3.733333333333334,-4.666666666666667,10700.016666666666,11423.75,0.0,59.6222469651773,60.06908194289178,60.06908194289178,310177.3589844235,353433.3842484407,353153.0618660406,21204505.64816848,18412316.224699102,243533435.19560292,244792623.91549113,248761346.4076215,29478.049133333345
55.93376383333334,105368.02430923334,64589.51378654167,1883.8000000000002,960.0,923.8000000000001,1154.75,11171.28333333333,11900.33333333333,0.0,59.66414016202437,60.72942857249693,61.24434842984079,338278.62029929203,382155.4161450159,452747.61991324654,21204505.64816848,18412316.224699102,243533435.19560292,244792623.91549113,248761346.4076215,29478.049133333345
63.66330541666667,184245.85009619445,153911.34612024308,2894.0666666666666,960.0,1934.0666666666668,2417.5833333333335,11715.349999999997,12191.83333333333,0.0,60.24177886994656,60.86179049961658,62.77103502979372,370962.8559599525,399893.7417979923,549039.9344044633,21204505.64816848,18412316.224699102,243533435.19560292,244792623.91549113,248761346.4076215,29478.049133333345
50.19629091666667,19697.0245557,24621.280694625002,392.40000000000003,0.0,392.40000000000003,490.5,11753.1,11655.0,0.0,60.24177886994656,60.13699040563468,60.86179049961658,373236.98311229324,367327.7480800253,397073.81217151025,21204505.64816848,18412316.224699102,243533435.19560292,244792623.91549113,248761346.4076215,29478.049133333345
41.11660758333333,-38702.70226259851,-24574.025798972216,-941.2912333333334,-463.1579,-478.1333333333333,-597.6666666666666,10688.374566666667,10344.75,0.0,59.446359957658,57.5987946620749,55.08860599120217,309484.378561972,289610.651272094,255829.73310869394,21204505.64816848,18412316.224699102,243533435.19560292,244792623.91549113,248761346.4076215,29478.049133333345
42.57458458333334,-70707.87007600002,-88384.83759500002,-1660.8000000000002,0.0,-1660.8000000000002,-2076.0,10314.55,10729.75,0.0,57.5987946620749,59.6222469651773,51.04445629945764,287871.16767329926,311950.1271275215,197704.57802117526,21204505.64816848,18412316.224699102,243533435.19560292,244792623.91549113,248761346.4076215,29478.049133333345
39.203216000000005,-125039.96420586668,-109256.09605733334,-3189.5333333333333,-960.0,-2229.5333333333333,-2786.9166666666665,11341.033333333336,10962.41666666667,24.0,60.06908194289178,59.6222469651773,50.59194752460175,348464.67002039804,325822.23658808623,173505.47217452948,21204505.64816848,18412316.224699102,243533435.19560292,244792623.91549113,248761346.4076215,29478.049133333345
36.151350666666666,-123678.59081075554,-111216.61771344443,-3421.133333333333,-960.0,-2461.133333333333,-3076.4166666666665,11139.883333333337,10843.16666666667,48.0,59.66414016202437,59.6222469651773,45.95018205599548,336405.1662982049,318712.28363748884,153356.03862531416,21204505.64816848,18412316.224699102,243533435.19560292,244792623.91549113,248761346.4076215,29478.049133333345
32.23886266666666,-98463.93435653334,-84393.28274566666,-3054.2000000000003,-960.0,-2094.2000000000003,-2617.75,10920.45,10538.0,54.0,59.6222469651773,57.5987946620749,49.62796879427163,323320.08962378086,300741.61834054,160681.42600899492,21204505.64816848,18412316.224699102,243533435.19560292,244792623.91549113,248761346.4076215,29478.049133333345
29.839633250000002,-69993.83306008334,-51684.73142510417,-2345.666666666667,-960.0,-1385.6666666666667,-1732.0833333333333,10049.333333333334,9755.75,320.0,56.84699702832563,55.08860599120217,50.59194752460175,272765.726780271,256307.167693951,165823.92814204397,21204505.64816848,18412316.224699102,243533435.19560292,244792623.91549113,248761346.4076215,29478.049133333345
32.7710245,-50672.742816866674,-24015.699121083337,-1546.2666666666669,-960.0,-586.2666666666668,-732.8333333333334,10284.85,9709.416666666666,238.0,57.5987946620749,55.08860599120217,52.27524016843355,286160.48347183573,253754.72894969193,214496.085163604,21204505.64816848,18412316.224699102,243533435.19560292,244792623.91549113,248761346.4076215,29478.049133333345
54.79542516666667,5684.1121039555555,7105.140129944444,103.73333333333333,0.0,103.73333333333333,129.66666666666666,12147.75,12147.75,25.933333333333323,60.86179049961658,60.86179049961658,61.1954964592248,397210.7512001344,397210.7512001344,405123.53119367536,21204505.64816848,18412316.224699102,243533435.19560292,244792623.91549113,248761346.4076215,29478.049133333345
62.070133,136554.2926,114612.5005845,2200.0,722.8,1477.2,1846.5,13703.33333333333,14056.83333333333,0.0,61.52031723517364,62.24357100233248,62.98488235152741,492539.10923109076,514402.18826806184,630391.1339535709,21204505.64816848,18412316.224699102,243533435.19560292,244792623.91549113,248761346.4076215,29478.049133333345
58.228268750000005,132449.90198333337,165562.3774791667,2274.666666666667,0.0,2274.666666666667,2843.3333333333335,15121.583333333336,14552.91666666667,0.0,62.82941806468727,62.77103502979372,63.59294564410417,581214.1648213804,545493.3709252803,724782.7894702945,21204505.64816848,18412316.224699102,243533435.19560292,244792623.91549113,248761346.4076215,29478.049133333345
57.7367425,107125.98952534757,141392.47098729166,1855.4214333333332,-103.7119,1959.1333333333332,2448.9166666666665,14534.161900000003,13940.66666666667,0.0,62.77103502979372,62.08274572955887,63.11178396875967,544316.1148098713,507181.3597232456,661064.4717901887,21204505.64816848,18412316.224699102,243533435.19560292,244792623.91549113,248761346.4076215,29478.049133333345
67.84532466666667,157943.915824,116015.50518000001,2328.0,960.0,1368.0,1710.0,13126.91666666667,13744.91666666667,0.0,61.24434842984079,61.52031723517364,62.93620505802819,457147.0056087905,495097.3290894538,602168.1396254669,21204505.64816848,18412316.224699102,243533435.19560292,244792623.91549113,248761346.4076215,29478.049133333345
69.5670215,106548.8501294,49705.63686175,1531.6,960.0,571.6,714.5,12698.06666666667,13515.16666666667,0.0,61.24434842984079,61.52031723517364,62.77103502979372,430882.3667846532,480963.03620467265,525202.6338518994,21204505.64816848,18412316.224699102,243533435.19560292,244792623.91549113,248761346.4076215,29478.049133333345
66.73146274999999,86768.69663173333,28383.115489666663,1300.2666666666667,960.0,340.26666666666665,425.3333333333333,12189.316666666666,13064.25,0.0,60.86179049961658,61.24434842984079,61.52031723517364,399740.5729585684,453309.02644052025,479389.14142207266,21204505.64816848,18412316.224699102,243533435.19560292,244792623.91549113,248761346.4076215,29478.049133333345
57.59284233333333,-3440.2124487111114,-4300.265560888889,-59.73333333333334,0.0,-59.73333333333334,-74.66666666666667,12553.399999999998,12568.33333333333,0.0,61.24434842984079,61.24434842984079,61.24434842984079,422022.351045136,422936.9333150215,418364.02196559345,21204505.64816848,18412316.224699102,243533435.19560292,244792623.91549113,248761346.4076215,29478.049133333345
48.36980883333333,-62506.691628355555,-20089.59393544444,-1292.2666666666667,-960.0,-332.26666666666665,-415.3333333333333,13156.266666666663,12279.33333333333,0.0,61.24434842984079,61.1954964592248,60.71842384123605,458944.52723520587,405240.8225618887,379949.0291232267,21204505.64816848,18412316.224699102,243533435.19560292,244792623.91549113,248761346.4076215,29478.049133333345
57.70173716666667,-4327.6302875,-5409.537859375,-75.0,0.0,-75.0,-93.75,11749.66666666667,11768.41666666667,0.0,60.24177886994656,60.24177886994656,60.24177886994656,373030.1530048399,374159.6863586514,368512.0195895939,21204505.64816848,18412316.224699102,243533435.19560292,244792623.91549113,248761346.4076215,29478.049133333345
62.16084108333334,-17023.78234468889,-21279.72793086111,-273.8666666666667,0.0,-273.8666666666667,-342.3333333333333,12257.200000000003,12325.66666666667,0.0,61.15035779449792,61.1954964592248,60.86094263517563,403886.53828105057,408076.2138978332,387204.09066940914,21204505.64816848,18412316.224699102,243533435.19560292,244792623.91549113,248761346.4076215,29478.049133333345
60.127937,-30849.640210133337,-38562.05026266667,-513.0666666666667,0.0,-513.0666666666667,-641.3333333333334,12479.816666666664,12608.08333333333,0.0,61.24434842984079,61.24434842984079,60.86094263517563,417515.78773984016,425371.3961651077,386194.8133707088,21204505.64816848,18412316.224699102,243533435.19560292,244792623.91549113,248761346.4076215,29478.049133333345
62.239769,-23389.705190200002,-43801.23743375,-375.8,187.2,-563.0,-703.75,12441.55,12769.5,0.0,61.24434842984079,61.24434842984079,60.86179049961658,415172.17067325837,435257.2547408247,392220.08437916584,21204505.64816848,18412316.224699102,243533435.19560292,244792623.91549113,248761346.4076215,29478.049133333345
62.34469799999999,9750.710767199998,12188.388458999998,156.4,0.0,156.4,195.5,12118.85,12079.75,0.0,60.86179049961658,60.86179049961658,61.1954964592248,395451.8454546955,393072.1494461605,404990.94095134706,21204505.64816848,18412316.224699102,243533435.19560292,244792623.91549113,248761346.4076215,29478.049133333345
72.643675,159467.39536000002,112161.8342,2195.2,960.0,1235.2,1544.0,11711.21666666667,12362.41666666667,0.0,60.24177886994656,61.24434842984079,62.08274572955887,370713.8566072905,410325.70123417716,505055.0256820082,21204505.64816848,18412316.224699102,243533435.19560292,244792623.91549113,248761346.4076215,29478.049133333345
111.63515758333334,363774.32450105,320755.7165263125,3258.6,960.0,2298.6,2873.25,12482.56666666667,12867.91666666667,0.0,61.24434842984079,61.24434842984079,62.93888483233038,417684.2096980225,441284.71936546173,620184.331674756,21204505.64816848,18412316.224699102,243533435.19560292,244792623.91549113,248761346.4076215,29478.049133333345
61.25465433333333,-8146.869026333333,-10183.586282916665,-133.0,0.0,-133.0,-166.25,12321.0,12354.25,0.0,61.1954964592248,61.24434842984079,60.86179049961658,407790.63491435663,409825.5390553333,399660.438267744,21204505.64816848,18412316.224699102,243533435.19560292,244792623.91549113,248761346.4076215,29478.049133333345
26.46589833333333,-39229.518902888885,-49036.8986286111,-1482.2666666666667,0.0,-1482.2666666666667,-1852.8333333333333,10439.933333333334,10810.5,0.0,57.5987946620749,59.6222469651773,52.27524016843355,295093.09654401254,316764.62356995954,213507.2118704178,21204505.64816848,18412316.224699102,243533435.19560292,244792623.91549113,248761346.4076215,29478.049133333345
37.67878133333334,-121441.22415608892,-106586.99259511114,-3223.066666666667,-960.0,-2263.066666666667,-2828.8333333333335,11293.150000000003,11052.91666666667,154.0,60.06908194289178,59.6222469651773,50.59194752460175,345588.3621466992,331218.0499384348,175963.39762509966,21204505.64816848,18412316.224699102,243533435.19560292,244792623.91549113,248761346.4076215,29478.049133333345
50.52949741666666,-184180.01808374995,-169589.62570468747,-3645.0,-960.0,-2685.0,-3356.25,11486.58333333333,11389.83333333333,192.0,60.06908194289178,60.06908194289178,50.59194752460175,357207.7248971856,351396.0412192108,166325.63162166276,21204505.64816848,18412316.224699102,243533435.19560292,244792623.91549113,248761346.4076215,29478.049133333345
45.506521083333325,-165200.80660478887,-151893.1829559861,-3630.266666666667,-960.0,-2670.266666666667,-3337.8333333333335,11784.350000000002,11658.91666666667,167.0,60.5003388737758,60.13699040563468,50.59194752460175,375121.6063927096,367563.2846257809,180870.81653498605,21204505.64816848,18412316.224699102,243533435.19560292,244792623.91549113,248761346.4076215,29478.049133333345
37.21460533333333,-72337.74984693334,-90422.18730866666,-1943.8000000000002,0.0,-1943.8000000000002,-2429.75,10238.96666666667,10724.91666666667,0.0,56.84699702832563,59.6222469651773,50.59194752460175,283545.81231674267,311661.95293385664,179559.64189497347,21204505.64816848,18412316.224699102,243533435.19560292,244792623.91549113,248761346.4076215,29478.049133333345
43.639168500000004,-98682.70636800001,-70986.38076000001,-2261.3333333333335,-960.0,-1301.3333333333335,-1626.6666666666667,10849.749999999996,10283.08333333333,68.0,59.6222469651773,57.5987946620749,51.04445629945764,319104.7967633426,286058.72560126585,197840.69657130702,21204505.64816848,18412316.224699102,243533435.19560292,244792623.91549113,248761346.4076215,29478.049133333345
58.482223166666664,-25525.54100481111,-31906.92625601389,-436.4666666666667,0.0,-436.4666666666667,-545.5833333333334,10571.966666666664,10681.08333333333,0.0,57.64316794807971,59.446359957658,56.84699702832563,302699.30724678404,309050.9412807032,277664.0430242115,21204505.64816848,18412316.224699102,243533435.19560292,244792623.91549113,248761346.4076215,29478.049133333345
74.0593425,46138.9703775,57673.712971875,623.0,0.0,623.0,778.75,13689.25,13533.5,0.0,61.52031723517364,61.52031723517364,62.77103502979372,491672.6980966956,482090.9086873173,530386.475161443,21204505.64816848,18412316.224699102,243533435.19560292,244792623.91549113,248761346.4076215,29478.049133333345
81.31358016666667,204492.8123084778,255616.01538559725,2514.866666666667,0.0,2514.866666666667,3143.5833333333335,16407.216666666667,15778.5,0.0,63.11178396875967,62.93888483233038,64.77731552628637,662177.342914171,622534.0500418296,822220.0673815642,21204505.64816848,18412316.224699102,243533435.19560292,244792623.91549113,248761346.4076215,29478.049133333345
77.39603625,213004.21123149997,266255.26403937495,2752.133333333333,0.0,2752.133333333333,3440.1666666666665,17536.200000000004,16848.16666666667,0.0,63.59294564410417,63.13632209610795,67.35330141099223,733682.6222131869,690015.4764609315,911777.551135766,21204505.64816848,18412316.224699102,243533435.19560292,244792623.91549113,248761346.4076215,29478.049133333345
84.12034716666665,263077.97372903326,227903.0505612916,3127.4,960.0,2167.4,2709.25,16009.933333333329,16428.08333333333,0.0,62.98488235152741,63.11178396875967,64.85583446173986,637105.3224122436,663494.2754729855,836178.5570242244,21204505.64816848,18412316.224699102,243533435.19560292,244792623.91549113,248761346.4076215,29478.049133333345
82.93581216666666,193041.39639913331,180592.73099291665,2327.6,585.6,1742.0,2177.5,15237.81666666667,15387.91666666667,0.0,62.82941806468727,62.91207762549465,63.59294564410417,588517.0375144326,597952.4461385675,735540.5961084221,21204505.64816848,18412316.224699102,243533435.19560292,244792623.91549113,248761346.4076215,29478.049133333345
85.99066841666667,189884.59399768332,134166.94039710416,2208.2,960.0,1248.2,1560.25,14432.96666666667,15080.91666666667,0.0,62.77103502979372,62.82941806468727,63.13632209610795,537963.9852734566,578659.1018200831,676946.2577870371,21204505.64816848,18412316.224699102,243533435.19560292,244792623.91549113,248761346.4076215,29478.049133333345
81.67207274999998,116965.29778769996,48200.134934624984,1432.1333333333332,960.0,472.1333333333333,590.1666666666666,14045.533333333333,14887.5,0.0,62.24357100233248,62.82941806468727,62.93620505802819,513698.8359157357,566506.8452094047,603599.9382905369,21204505.64816848,18412316.224699102,243533435.19560292,244792623.91549113,248761346.4076215,29478.049133333345
70.46404566666665,-8582.520762199998,-10728.150952749997,-121.80000000000001,0.0,-121.80000000000001,-152.25,14658.8,14689.25,0.0,62.77103502979372,62.77103502979372,62.77103502979372,552139.777351018,554051.1553676752,544494.2652843891,21204505.64816848,18412316.224699102,243533435.19560292,244792623.91549113,248761346.4076215,29478.049133333345
61.35550316666666,-100193.53667116666,-51615.317038958325,-1633.0,-960.0,-673.0,-841.25,15485.08333333333,14693.33333333333,0.0,62.93888483233038,62.77103502979372,61.84190944166342,604066.7322506098,554307.4704273801,501693.7885742241,21204505.64816848,18412316.224699102,243533435.19560292,244792623.91549113,248761346.4076215,29478.049133333345
66.84674416666665,-84605.69586694443,-25541.02683368055,-1265.6666666666667,-960.0,-305.6666666666667,-382.0833333333333,14434.916666666664,13551.33333333333,0.0,62.77103502979372,61.52031723517364,61.24434842984079,538086.3887917643,483188.0210113444,459739.6830256533,21204505.64816848,18412316.224699102,243533435.19560292,244792623.91549113,248761346.4076215,29478.049133333345
64.42687441666668,-102696.43782016668,-51058.29797520834,-1594.0,-960.0,-634.0,-792.5,14104.58333333333,13303.08333333333,0.0,62.42528719522737,61.3157522025998,61.24434842984079,517380.34873242414,467937.6452092394,419400.07219319826,21204505.64816848,18412316.224699102,243533435.19560292,244792623.91549113,248761346.4076215,29478.049133333345
63.23517975000001,-110362.25137835002,-62070.59852293751,-1745.2666666666669,-960.0,-785.2666666666668,-981.5833333333334,14165.433333333334,13401.75,0.0,62.42528719522737,61.41295516293172,61.24434842984079,521178.927458254,473989.27892843954,413862.56235600024,21204505.64816848,18412316.224699102,243533435.19560292,244792623.91549113,248761346.4076215,29478.049133333345
63.39331766666666,-105980.94847513334,-56404.20439391666,-1671.8000000000002,-960.0,-711.8000000000001,-889.75,13995.96666666667,13213.91666666667,0.0,62.08274572955887,61.24434842984079,61.1954964592248,510614.5355620903,462475.2639221866,407984.42065314436,21204505.64816848,18412316.224699102,243533435.19560292,244792623.91549113,248761346.4076215,29478.049133333345
70.29115466666669,-38450.988422032984,-7368.856047555557,-547.0245666666667,-463.1579,-83.86666666666667,-104.83333333333333,13506.107900000003,13063.91666666667,0.0,61.52031723517364,61.24434842984079,61.24434842984079,480405.73800557986,453288.6116577105,446868.1624639821,21204505.64816848,18412316.224699102,243533435.19560292,244792623.91549113,248761346.4076215,29478.049133333345
72.29108141666667,32969.552531427784,41211.940664284724,456.0666666666667,0.0,456.0666666666667,570.0833333333334,13508.516666666666,13394.5,0.0,61.52031723517364,61.41295516293172,62.08274572955887,480553.92609505856,473544.0350035083,508666.1720586107,21204505.64816848,18412316.224699102,243533435.19560292,244792623.91549113,248761346.4076215,29478.049133333345
73.17433658333334,105463.73217300557,131829.66521625695,1441.2666666666667,0.0,1441.2666666666667,1801.5833333333333,13996.316666666666,13636.0,0.0,62.08274572955887,61.52031723517364,62.93620505802819,510636.2645230953,488396.7412039226,601077.2454044609,21204505.64816848,18412316.224699102,243533435.19560292,244792623.91549113,248761346.4076215,29478.049133333345
98.66818225000002,196066.83388838338,126681.7236604792,1987.1333333333334,960.0,1027.1333333333334,1283.9166666666667,13376.783333333333,14080.0,0.0,61.3157522025998,62.42528719522737,62.91207762549465,472456.6161465711,515845.727088875,596442.5562755554,21204505.64816848,18412316.224699102,243533435.19560292,244792623.91549113,248761346.4076215,29478.049133333345
86.87318208333333,-96492.93911269444,-120616.17389086806,-1110.7333333333333,0.0,-1110.7333333333333,-1388.4166666666667,14645.316666666666,14923.0,0.0,62.77103502979372,62.82941806468727,61.52031723517364,551293.4145620329,568737.2895507012,482157.5556976554,21204505.64816848,18412316.224699102,243533435.19560292,244792623.91549113,248761346.4076215,29478.049133333345
86.23412466666667,-98007.95715448892,-122509.94644311113,-1136.5333333333335,0.0,-1136.5333333333335,-1420.6666666666667,14489.866666666667,14774.0,0.0,62.77103502979372,62.82941806468727,61.3157522025998,541535.6571666516,559375.7062590627,471018.7617574202,21204505.64816848,18412316.224699102,243533435.19560292,244792623.91549113,248761346.4076215,29478.049133333345
86.01194158333334,-86665.63233936667,-108332.04042420835,-1007.6,0.0,-1007.6,-1259.5,15572.18333333333,15824.08333333333,0.0,62.93888483233038,62.93888483233038,62.77103502979372,609548.7091195057,625403.0142087698,546225.6996672942,21204505.64816848,18412316.224699102,243533435.19560292,244792623.91549113,248761346.4076215,29478.049133333345
90.11701383333332,-43754.81411654443,-54693.51764568054,-485.5333333333333,0.0,-485.5333333333333,-606.9166666666666,15871.283333333336,15992.66666666667,0.0,62.93888483233038,62.98488235152741,62.91207762549465,628373.7295728561,636017.783443641,597816.1366370457,21204505.64816848,18412316.224699102,243533435.19560292,244792623.91549113,248761346.4076215,29478.049133333345
95.23698474999999,122493.80978545,44785.1920786875,1286.2,910.0,376.20000000000005,470.25,15181.216666666669,15997.16666666667,0.0,62.82941806468727,62.98488235152741,63.11178396875967,584960.8924519712,636301.2154142229,665976.6723090906,21204505.64816848,18412316.224699102,243533435.19560292,244792623.91549113,248761346.4076215,29478.049133333345
108.12185216666666,171164.1001033111,84208.90252913888,1583.0666666666666,960.0,623.0666666666667,778.8333333333334,15278.766666666666,16083.0,0.0,62.82941806468727,63.11178396875967,63.13632209610795,591089.9021841814,641715.4506884329,690878.3395295779,21204505.64816848,18412316.224699102,243533435.19560292,244792623.91549113,248761346.4076215,29478.049133333345
121.20405199999999,181660.63313759997,81630.929022,1498.8000000000002,960.0,538.8000000000001,673.5,16163.366666666672,16988.66666666667,0.0,63.11178396875967,63.33132841600977,63.60783689989464,646787.5343933892,698905.242675597,741693.984470164,21204505.64816848,18412316.224699102,243533435.19560292,244792623.91549113,248761346.4076215,29478.049133333345
98.69381441666667,94278.91111842779,-583.9384019652779,955.2666666666667,960.0,-4.733333333333333,-5.916666666666667,16951.566666666666,17912.75,0.0,63.33132841600977,63.60783689989464,63.60783689989464,696555.6503913627,757633.0482666623,757256.7018983379,21204505.64816848,18412316.224699102,243533435.19560292,244792623.91549113,248761346.4076215,29478.049133333345
76.49030441666666,-16261.838718983323,71461.06690127082,-212.5999999999999,-960.0,747.4000000000001,934.25,18066.1,16919.25,0.0,63.74475496248188,63.3009065369782,63.60783689989464,767393.0195384709,694509.5968356841,753864.2839303436,21204505.64816848,18412316.224699102,243533435.19560292,244792623.91549113,248761346.4076215,29478.049133333345
80.67034966666667,104952.12491633333,131190.15614541667,1301.0,0.0,1301.0,1626.25,16777.16666666667,16451.91666666667,0.0,63.13632209610795,63.11178396875967,63.74475496248188,685532.7975921078,664998.4396575749,768162.206248352,21204505.64816848,18412316.224699102,243533435.19560292,244792623.91549113,248761346.4076215,29478.049133333345
88.75645583333333,153785.3524738889,96108.4489248611,1732.6666666666665,866.4,866.2666666666667,1082.8333333333333,15087.916666666666,15737.75,0.0,62.82941806468727,62.93888483233038,63.13632209610795,579098.9077465357,619969.2904849121,688273.9662431134,21204505.64816848,18412316.224699102,243533435.19560292,244792623.91549113,248761346.4076215,29478.049133333345
85.62935799999998,21453.00849093333,26816.26061366666,250.53333333333336,0.0,250.53333333333336,313.1666666666667,15576.383333333333,15513.75,0.0,62.93888483233038,62.93888483233038,62.93888483233038,609813.0524358017,605870.9802824701,625581.3410491282,21204505.64816848,18412316.224699102,243533435.19560292,244792623.91549113,248761346.4076215,29478.049133333345
91.57291575,37172.498933450006,46465.623666812506,405.9333333333334,0.0,405.9333333333334,507.4166666666667,14874.733333333334,14773.25,0.0,62.82941806468727,62.82941806468727,62.82941806468727,565704.7229721122,559328.5841955142,591209.2780785043,21204505.64816848,18412316.224699102,243533435.19560292,244792623.91549113,248761346.4076215,29478.049133333345
86.52991675,-57.68661116666667,-72.10826395833334,-0.6666666666666667,0.0,-0.6666666666666667,-0.8333333333333334,14429.416666666664,14429.58333333333,0.0,62.77103502979372,62.77103502979372,62.77103502979372,537741.1480991005,537751.609938272,537699.3007424138,21204505.64816848,18412316.224699102,243533435.19560292,244792623.91549113,248761346.4076215,29478.049133333345
81.21652958333334,-6941.306061722223,-8676.632577152777,-85.46666666666667,0.0,-85.46666666666667,-106.83333333333333,13776.466666666664,13797.83333333333,0.0,61.52031723517364,61.52031723517364,61.52031723517364,497038.29509822314,498352.7792098147,491780.35865185695,21204505.64816848,18412316.224699102,243533435.19560292,244792623.91549113,248761346.4076215,29478.049133333345
63.66921908333334,-91934.10774172778,-38514.57177715973,-1443.9333333333334,-960.0,-483.93333333333334,-604.9166666666666,13894.849999999997,13055.83333333333,0.0,61.84190944166342,61.24434842984079,61.24434842984079,504338.5609013459,452793.5531745689,415745.82607021776,21204505.64816848,18412316.224699102,243533435.19560292,244792623.91549113,248761346.4076215,29478.049133333345
64.61403008333335,-86406.18862943891,-30470.899686798617,-1337.2666666666667,-960.0,-377.26666666666665,-471.5833333333333,12883.850000000002,12018.16666666667,0.0,61.24434842984079,60.86094263517563,60.06908194289178,442260.54598377715,389324.08017120115,360811.8698137594,21204505.64816848,18412316.224699102,243533435.19560292,244792623.91549113,248761346.4076215,29478.049133333345
66.61356999999998,-44875.499308782324,-30187.049471666658,-673.6690333333333,-311.1357,-362.53333333333336,-453.1666666666667,12442.835699999998,12222.33333333333,0.0,61.24434842984079,61.15035779449792,60.24177886994656,415250.9125320345,401754.4291392821,374204.86769280356,21204505.64816848,18412316.224699102,243533435.19560292,244792623.91549113,248761346.4076215,29478.049133333345
66.75520075,-24022.971576566666,-30028.71447070833,-359.8666666666667,0.0,-359.8666666666667,-449.8333333333333,11987.200000000003,12077.16666666667,0.0,60.86094263517563,60.86179049961658,60.13699040563468,387439.4196475985,392914.92315403663,365663.9580121362,21204505.64816848,18412316.224699102,243533435.19560292,244792623.91549113,248761346.4076215,29478.049133333345
66.53172166666667,-102685.05922033332,-48518.25802541667,-1543.4,-960.0,-583.4,-729.25,13221.98333333333,12407.83333333333,0.0,61.24434842984079,61.24434842984079,60.24177886994656,462969.30166618695,413107.2153920321,368747.9665568342,21204505.64816848,18412316.224699102,243533435.19560292,244792623.91549113,248761346.4076215,29478.049133333345
71.51283508333334,-934.4343784222224,-1168.0429730277779,-13.066666666666666,0.0,-13.066666666666666,-16.333333333333332,12434.566666666664,12437.83333333333,0.0,61.24434842984079,61.24434842984079,61.24434842984079,414744.4809733899,414944.5458449273,413944.2214872399,21204505.64816848,18412316.224699102,243533435.19560292,244792623.91549113,248761346.4076215,29478.049133333345
93.26211583333333,170346.36330677778,101018.41513347223,1826.5333333333333,960.0,866.5333333333334,1083.1666666666667,12445.050000000003,13188.41666666667,0.0,61.24434842984079,61.24434842984079,62.77103502979372,415386.52589276305,460913.53303722566,527833.786403565,21204505.64816848,18412316.224699102,243533435.19560292,244792623.91549113,248761346.4076215,29478.049133333345
274.42995775,531570.8281617501,335147.5859021875,1937.0,960.0,977.0,1221.25,13047.75,13763.5,0.0,61.24434842984079,61.52031723517364,62.82941806468727,452298.4946914279,496240.58165140724,572617.0061161956,21204505.64816848,18412316.224699102,243533435.19560292,244792623.91549113,248761346.4076215,29478.049133333345
362.42845308333335,433174.4871252,106553.96520650001,1195.2,960.0,235.20000000000002,294.0,12585.88333333333,13487.08333333333,0.0,61.24434842984079,61.52031723517364,61.52031723517364,424011.77162996517,479235.3406289845,497322.31389612553,21204505.64816848,18412316.224699102,243533435.19560292,244792623.91549113,248761346.4076215,29478.049133333345
68.58452241666667,-44922.86218291667,-56153.57772864584,-655.0,0.0,-655.0,-818.75,12793.16666666667,12956.91666666667,0.0,61.24434842984079,61.24434842984079,60.86179049961658,436706.7043203311,446735.46637571754,396627.49237451324,21204505.64816848,18412316.224699102,243533435.19560292,244792623.91549113,248761346.4076215,29478.049133333345
55.31268816666667,-147854.50298204445,-118442.90292755557,-2673.0666666666666,-960.0,-1713.0666666666668,-2141.3333333333335,13003.150000000003,12778.41666666667,307.0,61.24434842984079,61.24434842984079,57.64316794807971,449566.9967514572,435803.35018099094,306452.83819967014,21204505.64816848,18412316.224699102,243533435.19560292,244792623.91549113,248761346.4076215,29478.049133333345
54.963680333333336,-187220.9521967556,-168069.77384594447,-3406.266666666667,-960.0,-2446.266666666667,-3057.8333333333335,12494.016666666663,12275.58333333333,130.0,61.24434842984079,61.1954964592248,52.27524016843355,418385.4574875438,405011.3394501666,227103.13058422442,21204505.64816848,18412316.224699102,243533435.19560292,244792623.91549113,248761346.4076215,29478.049133333345
60.52211033333333,-195935.76681964385,-209880.59161761112,-3237.424566666667,-463.1579,-2774.266666666667,-3467.8333333333335,12175.007900000004,12405.41666666667,0.0,60.86179049961658,61.24434842984079,52.22503348356775,398869.7157993941,412959.20821666036,212457.80851464564,21204505.64816848,18412316.224699102,243533435.19560292,244792623.91549113,248761346.4076215,29478.049133333345
61.16278499999999,-234131.14097999997,-219268.58422499997,-3828.0,-960.0,-2868.0,-3585.0,12904.25,12663.25,2.0,61.24434842984079,61.24434842984079,52.27524016843355,443509.9306917457,428750.0427201541,219810.73458072814,21204505.64816848,18412316.224699102,243533435.19560292,244792623.91549113,248761346.4076215,29478.049133333345
56.232979416666666,-176395.35869949445,-153014.62307436805,-3136.866666666667,-960.0,-2176.866666666667,-2721.0833333333335,13016.116666666663,12699.33333333333,99.0,61.24434842984079,61.24434842984079,56.59032124541989,450361.13180276373,430959.9429593307,268733.1562030843,21204505.64816848,18412316.224699102,243533435.19560292,244792623.91549113,248761346.4076215,29478.049133333345
57.83668158333333,-120732.14491582222,-81511.16324477777,-2087.4666666666667,-960.0,-1127.4666666666667,-1409.3333333333333,12780.550000000003,12128.41666666667,26.0,61.24434842984079,60.86179049961658,59.6222469651773,435934.0047909746,396034.089917142,311314.1564932264,21204505.64816848,18412316.224699102,243533435.19560292,244792623.91549113,248761346.4076215,29478.049133333345
82.13373633333333,88879.65387751111,12539.083746888888,1082.1333333333332,960.0,122.13333333333333,152.66666666666666,12435.616666666663,13365.08333333333,0.0,61.24434842984079,61.3157522025998,61.52031723517364,414808.78753924114,471739.2218458005,481121.9636908631,21204505.64816848,18412316.224699102,243533435.19560292,244792623.91549113,248761346.4076215,29478.049133333345
83.47599474999998,268219.50126438326,235103.18288047911,3213.133333333333,960.0,2253.133333333333,2816.4166666666665,13915.950000000003,14312.66666666667,0.0,62.08274572955887,62.77103502979372,63.34749314301407,505646.8811912966,530412.6297593723,707798.808509556,21204505.64816848,18412316.224699102,243533435.19560292,244792623.91549113,248761346.4076215,29478.049133333345
80.05970500000001,284606.91396133334,264690.7280141667,3554.9333333333334,910.0,2644.9333333333334,3306.1666666666665,14733.983333333334,14982.75,0.0,62.82941806468727,62.82941806468727,63.74475496248188,556861.4823795075,572491.3472800661,781596.4133566947,21204505.64816848,18412316.224699102,243533435.19560292,244792623.91549113,248761346.4076215,29478.049133333345
76.74985091666666,122165.29603242222,152706.62004052778,1591.7333333333336,0.0,1591.7333333333336,1989.6666666666667,15391.683333333332,14993.75,0.0,62.91207762549465,62.82941806468727,63.33132841600977,598189.41496429,573182.4708787777,698572.7532014127,21204505.64816848,18412316.224699102,243533435.19560292,244792623.91549113,248761346.4076215,29478.049133333345
80.19237591666666,177054.07370721112,125086.74103401387,2207.866666666667,960.0,1247.8666666666668,1559.8333333333333,13708.716666666667,14356.75,0.0,61.52031723517364,62.77103502979372,62.98488235152741,492870.29360554036,533179.7862202688,631225.6836447289,21204505.64816848,18412316.224699102,243533435.19560292,244792623.91549113,248761346.4076215,29478.049133333345
83.93408108333334,216762.56220041116,170232.3054505139,2582.5333333333338,960.0,1622.5333333333335,2028.1666666666667,13165.550000000003,13719.91666666667,0.0,61.24434842984079,61.52031723517364,62.93888483233038,459513.07893646334,493559.3211585744,620619.658961513,21204505.64816848,18412316.224699102,243533435.19560292,244792623.91549113,248761346.4076215,29478.049133333345
78.66457325,42798.77215288334,53498.46519110417,544.0666666666667,0.0,544.0666666666667,680.0833333333334,13918.516666666666,13782.5,0.0,62.08274572955887,61.52031723517364,62.77103502979372,505806.2269053357,497409.46767887555,539823.0540942554,21204505.64816848,18412316.224699102,243533435.19560292,244792623.91549113,248761346.4076215,29478.049133333345
75.2424435,8853.527518500001,11066.909398124999,117.66666666666669,0.0,117.66666666666669,147.08333333333334,13699.499999999996,13670.08333333333,0.0,61.52031723517364,61.52031723517364,61.52031723517364,492303.28134835593,490493.5586830212,499542.17200969474,21204505.64816848,18412316.224699102,243533435.19560292,244792623.91549113,248761346.4076215,29478.049133333345
68.93792341666666,-33223.64637835764,-14718.246649458333,-481.9357,-311.1357,-170.8,-213.5,13444.35236666667,13175.91666666667,0.0,61.50923297908678,61.24434842984079,61.24434842984079,476606.89207129605,460147.9786818527,447072.3102920817,21204505.64816848,18412316.224699102,243533435.19560292,244792623.91549113,248761346.4076215,29478.049133333345
67.16172383333334,-83544.70700041112,-23836.815150513892,-1243.9333333333334,-960.0,-283.93333333333334,-354.9166666666667,13102.766666666666,12213.75,0.0,61.24434842984079,61.15035779449792,60.71842384123605,455667.9545942096,401229.5552348795,379635.3172667139,21204505.64816848,18412316.224699102,243533435.19560292,244792623.91549113,248761346.4076215,29478.049133333345
65.23191725,-84653.63341256666,-27538.74106570833,-1297.7333333333333,-960.0,-337.73333333333335,-422.1666666666667,12315.983333333337,11440.41666666667,0.0,61.1954964592248,60.06908194289178,59.6222469651773,407483.63750711974,354434.53561415576,329151.14537697536,21204505.64816848,18412316.224699102,243533435.19560292,244792623.91549113,248761346.4076215,29478.049133333345
68.16669858333334,-90648.07577611669,-31510.056420145836,-1329.8,-960.0,-369.8,-462.25,12362.216666666669,11494.66666666667,0.0,61.24434842984079,60.06908194289178,59.6222469651773,410313.4523644912,357693.2833095576,329995.79387564864,21204505.64816848,18412316.224699102,243533435.19560292,244792623.91549113,248761346.4076215,29478.049133333345
70.82617333333333,-18452.579025777777,-23065.723782222223,-260.53333333333336,-0.0,-260.53333333333336,-325.6666666666667,11391.033333333336,11456.16666666667,0.0,60.06908194289178,60.06908194289178,59.66414016202437,351468.1241175426,355380.6236547563,335845.31778301793,21204505.64816848,18412316.224699102,243533435.19560292,244792623.91549113,248761346.4076215,29478.049133333345
76.85771083333333,93597.32025283332,24767.397316041664,1217.8,960.0,257.8,322.25,10624.11666666667,11519.66666666667,0.0,57.64316794807971,60.06908194289178,60.71842384123605,305705.3984552768,359195.0103581299,378608.16393006645,21204505.64816848,18412316.224699102,243533435.19560292,244792623.91549113,248761346.4076215,29478.049133333345
86.85922375,151546.18298408334,85201.66023010416,1744.7333333333333,960.0,784.7333333333333,980.9166666666666,11656.600000000002,12420.41666666667,0.0,60.13699040563468,61.24434842984079,61.41295516293172,367423.9672646745,413877.87344310794,473963.6901971218,21204505.64816848,18412316.224699102,243533435.19560292,244792623.91549113,248761346.4076215,29478.049133333345
105.76586549999998,261086.56451559998,199439.16704449995,2468.5333333333338,960.0,1508.5333333333335,1885.6666666666667,12689.550000000003,13272.41666666667,0.0,61.24434842984079,61.24434842984079,62.82941806468727,430360.7690838591,466058.0583053323,583507.4385807415,21204505.64816848,18412316.224699102,243533435.19560292,244792623.91549113,248761346.4076215,29478.049133333345
68.28303533333333,-11166.552378177777,-13958.19047272222,-163.53333333333333,0.0,-163.53333333333333,-204.41666666666666,13001.283333333336,13042.16666666667,0.0,61.24434842984079,61.24434842984079,61.24434842984079,449452.67396772146,451956.54707936145,439437.1815211616,21204505.64816848,18412316.224699102,243533435.19560292,244792623.91549113,248761346.4076215,29478.049133333345
47.88449316666666,-88134.18218540434,-82445.12610970832,-1840.5579,-463.1579,-1377.4,-1721.75,11412.39123333333,11307.58333333333,14.0,60.06908194289178,60.06908194289178,54.8707691756465,352751.0735627703,346455.3592294079,246951.4369739643,21204505.64816848,18412316.224699102,243533435.19560292,244792623.91549113,248761346.4076215,29478.049133333345
43.05954541666666,-161272.3507672222,-149918.98395902774,-3745.3333333333335,-960.0,-2785.3333333333335,-3481.6666666666665,11755.999999999996,11516.33333333333,24.0,60.24177886994656,60.06908194289178,50.59194752460175,373411.6842710158,358994.7800849866,166380.43956481444,21204505.64816848,18412316.224699102,243533435.19560292,244792623.91549113,248761346.4076215,29478.049133333345
38.31253683333333,-129348.2326875778,-161685.29085947224,-3376.1333333333337,0.0,-3376.1333333333337,-4220.166666666667,10578.966666666667,11423.0,0.0,57.64316794807971,60.06908194289178,41.65959620858494,303102.8094224208,353388.33243698353,128360.59576786665,21204505.64816848,18412316.224699102,243533435.19560292,244792623.91549113,248761346.4076215,29478.049133333345
41.91317891666667,-137598.17217148893,-171997.71521436115,-3282.933333333334,0.0,-3282.933333333334,-4103.666666666667,10323.266666666666,11144.0,0.0,57.5987946620749,59.66414016202437,41.65959620858494,288373.2371667704,336650.7836752051,121590.91138397159,21204505.64816848,18412316.224699102,243533435.19560292,244792623.91549113,248761346.4076215,29478.049133333345
43.95216991666666,-109695.82567801667,-137119.78209752083,-2495.8,0.0,-2495.8,-3119.75,9973.55,10597.5,0.0,56.59032124541989,57.64316794807971,45.11101143754205,268467.18169323093,304171.1294683918,140185.32815723366,21204505.64816848,18412316.224699102,243533435.19560292,244792623.91549113,248761346.4076215,29478.049133333345
47.54151741666667,-130333.48528054447,-105867.03570068057,-2741.466666666667,-960.0,-1781.466666666667,-2226.8333333333335,10979.633333333333,10465.0,0.0,59.6222469651773,57.5987946620749,50.59194752460175,326848.7329400032,296536.90633020847,176675.900886071,21204505.64816848,18412316.224699102,243533435.19560292,244792623.91549113,248761346.4076215,29478.049133333345
50.336121,-87698.9457476,-49220.3369845,-1742.2666666666669,-960.0,-782.2666666666668,-977.8333333333334,10934.350000000004,10169.91666666667,0.0,59.6222469651773,56.84699702832563,52.27524016843355,324148.838856597,279620.52717193676,225761.3994199016,21204505.64816848,18412316.224699102,243533435.19560292,244792623.91549113,248761346.4076215,29478.049133333345
77.62537433333334,51781.2997052889,64726.62463161112,667.0666666666667,0.0,667.0666666666667,833.8333333333334,12236.849999999997,12070.08333333333,0.0,61.15035779449792,60.86179049961658,61.24434842984079,402642.1284999322,392483.818804664,443489.51590893563,21204505.64816848,18412316.224699102,243533435.19560292,244792623.91549113,248761346.4076215,29478.049133333345
80.01461466666667,227076.1421163556,270122.6712301111,2837.9333333333334,137.2,2700.7333333333336,3375.9166666666665,13723.733333333334,13185.75,0.0,61.52031723517364,61.24434842984079,63.13632209610795,493794.1237026885,460750.2147747459,671926.9201803963,21204505.64816848,18412316.224699102,243533435.19560292,244792623.91549113,248761346.4076215,29478.049133333345
77.048515,231386.9636803333,289233.70460041665,3003.133333333333,-0.0,3003.133333333333,3753.9166666666665,14567.700000000003,13816.91666666667,0.0,62.77103502979372,61.52031723517364,63.59294564410417,546421.3360598041,499526.7919303863,735885.0578973276,21204505.64816848,18412316.224699102,243533435.19560292,244792623.91549113,248761346.4076215,29478.049133333345
75.10178241666667,179883.78924440002,224854.73655549999,2395.2000000000003,-0.0,2395.2000000000003,2994.0,14420.05,13821.25,0.0,62.77103502979372,61.52031723517364,63.13632209610795,537153.1927376548,499793.3799717385,687937.2391919342,21204505.64816848,18412316.224699102,243533435.19560292,244792623.91549113,248761346.4076215,29478.049133333345
82.79480216666667,142484.33487535556,178105.41859419443,1720.9333333333334,0.0,1720.9333333333334,2151.1666666666665,13941.066666666664,13510.83333333333,0.0,62.08274572955887,61.52031723517364,62.93888483233038,507206.1928215371,480696.44816331984,615201.6699588628,21204505.64816848,18412316.224699102,243533435.19560292,244792623.91549113,248761346.4076215,29478.049133333345
84.71164525,184936.81646678335,129517.04628347918,2183.133333333333,960.0,1223.1333333333334,1528.9166666666667,12529.283333333333,13183.5,0.0,61.24434842984079,61.24434842984079,62.82941806468727,420545.3415088364,460612.4149907788,555506.4612632457,21204505.64816848,18412316.224699102,243533435.19560292,244792623.91549113,248761346.4076215,29478.049133333345
78.956977,107492.0284878,39616.66320975,1361.4,960.0,401.40000000000003,501.75,11943.43333333333,12803.08333333333,0.0,60.86094263517563,61.24434842984079,61.3157522025998,384775.73905826535,437314.04410892667,468044.9477755939,21204505.64816848,18412316.224699102,243533435.19560292,244792623.91549113,248761346.4076215,29478.049133333345
79.36403883333331,85300.46893806664,11388.73957258333,1074.8,960.0,114.80000000000001,143.5,11585.45,12516.75,0.0,60.06908194289178,61.24434842984079,61.24434842984079,363146.5547986063,419777.74567518244,428566.3096748646,21204505.64816848,18412316.224699102,243533435.19560292,244792623.91549113,248761346.4076215,29478.049133333345
76.79601799999999,-9210.402425466666,-11513.00303183333,-119.93333333333334,0.0,-119.93333333333334,-149.91666666666666,12154.933333333336,12184.91666666667,0.0,60.86179049961658,60.86179049961658,60.86179049961658,397647.9417285568,399472.7810803703,390348.5843213028,21204505.64816848,18412316.224699102,243533435.19560292,244792623.91549113,248761346.4076215,29478.049133333345
64.48053016666667,13162.625558022222,16453.28194752778,204.13333333333333,0.0,204.13333333333333,255.16666666666666,11958.533333333333,11907.5,0.0,60.86094263517563,60.72942857249693,60.86179049961658,385694.7392920566,382590.64371645235,398118.6062417536,21204505.64816848,18412316.224699102,243533435.19560292,244792623.91549113,248761346.4076215,29478.049133333345
65.19605083333333,7810.486889833333,9763.108612291666,119.80000000000001,0.0,119.80000000000001,149.75,10774.283333333331,10744.33333333333,0.0,59.6222469651773,59.6222469651773,59.6222469651773,314605.3045257039,312819.6182290968,321748.04971213214,21204505.64816848,18412316.224699102,243533435.19560292,244792623.91549113,248761346.4076215,29478.049133333345
64.00340933333334,15019.466723555555,18774.333404444445,234.66666666666666,-0.0,234.66666666666666,293.3333333333333,10185.416666666666,10126.75,0.0,56.84699702832563,56.84699702832563,57.5987946620749,280501.6556258756,277166.6318002138,293949.76046997035,21204505.64816848,18412316.224699102,243533435.19560292,244792623.91549113,248761346.4076215,29478.049133333345
64.99240300000001,12838.166005933335,16047.707507416668,197.53333333333333,-0.0,197.53333333333333,246.91666666666666,10256.133333333333,10206.75,0.0,56.84699702832563,56.84699702832563,57.5987946620749,284521.6857657287,281714.3915624799,295884.11999070493,21204505.64816848,18412316.224699102,243533435.19560292,244792623.91549113,248761346.4076215,29478.049133333345
69.05593491666667,46764.679125566676,58455.84890695834,677.2,-0.0,677.2,846.5,10742.38333333333,10573.08333333333,0.0,59.6222469651773,57.64316794807971,60.06908194289178,312703.35484751465,302763.6754509927,353183.0964070118,21204505.64816848,18412316.224699102,243533435.19560292,244792623.91549113,248761346.4076215,29478.049133333345
70.08175741666666,36115.465655388885,45144.33206923611,515.3333333333334,-0.0,515.3333333333334,644.1666666666666,11153.333333333334,11024.5,0.0,59.66414016202437,59.6222469651773,60.24177886994656,337207.648983384,329523.7844205075,368150.568916374,21204505.64816848,18412316.224699102,243533435.19560292,244792623.91549113,248761346.4076215,29478.049133333345
70.28800583333334,46830.55535322223,58538.194191527786,666.2666666666668,0.0,666.2666666666668,832.8333333333334,11220.816666666666,11054.25,0.0,60.06908194289178,59.6222469651773,60.72942857249693,341243.3652194965,331297.5462677215,381350.75121643057,21204505.64816848,18412316.224699102,243533435.19560292,244792623.91549113,248761346.4076215,29478.049133333345
60.62741975,-4691.262840953359,1995.6525667708333,-77.37856666666667,-103.7119,26.333333333333332,32.916666666666664,10509.461900000004,10399.16666666667,0.0,57.5987946620749,57.5987946620749,57.5987946620749,299097.85817859444,292744.98568162206,294640.94600591535,21204505.64816848,18412316.224699102,243533435.19560292,244792623.91549113,248761346.4076215,29478.049133333345
52.160160083333324,-104233.38656652777,-67699.54110815971,-1998.3333333333335,-960.0,-1038.3333333333335,-1297.9166666666667,10786.416666666666,10086.0,0.0,59.6222469651773,56.84699702832563,52.22503348356775,315328.72112221486,274850.1166713096,204650.16600885216,21204505.64816848,18412316.224699102,243533435.19560292,244792623.91549113,248761346.4076215,29478.049133333345
66.53354908333333,-23845.623991466666,-109647.28888933333,-358.4000000000001,960.0,-1318.4,-1648.0,8232.316666666666,9521.916666666666,0.0,50.59194752460175,54.8707691756465,48.62349588309512,176379.93799305207,243444.28031082102,158394.86713076194,21204505.64816848,18412316.224699102,243533435.19560292,244792623.91549113,248761346.4076215,29478.049133333345
54.11480133333333,-159090.30061315556,-133925.11416644446,-2939.866666666667,-960.0,-1979.8666666666668,-2474.8333333333335,10683.366666666663,10218.33333333333,0.0,59.446359957658,56.84699702832563,45.95018205599548,309186.6771359398,282372.8692780578,152287.69689251194,21204505.64816848,18412316.224699102,243533435.19560292,244792623.91549113,248761346.4076215,29478.049133333345
50.24906408333334,-176176.56861377225,-159921.8338672153,-3506.066666666667,-960.0,-2546.066666666667,-3182.5833333333335,10395.816666666664,10072.33333333333,0.0,57.5987946620749,56.84699702832563,41.65959620858494,292552.0297195038,274073.2077119223,115317.67052156205,21204505.64816848,18412316.224699102,243533435.19560292,244792623.91549113,248761346.4076215,29478.049133333345
47.34951616666667,-171042.23556605558,-156983.37505756944,-3612.3333333333335,-960.0,-2652.3333333333335,-3315.4166666666665,10040.833333333332,9771.916666666666,28.0,56.84699702832563,55.08860599120217,41.65959620858494,272282.52730553015,257197.76682414205,97268.65046419276,21204505.64816848,18412316.224699102,243533435.19560292,244792623.91549113,248761346.4076215,29478.049133333345
41.278355166666664,-121110.694059,-101854.34137375,-2934.0,-960.0,-1974.0,-2467.5,9951.75,9558.25,73.0,56.59032124541989,54.8707691756465,41.65959620858494,267233.51269008085,245437.91825753622,123691.24935948776,21204505.64816848,18412316.224699102,243533435.19560292,244792623.91549113,248761346.4076215,29478.049133333345
38.19695383333333,-78848.69856635555,-52724.52860794444,-2064.2666666666664,-960.0,-1104.2666666666667,-1380.3333333333333,9789.016666666666,9119.083333333334,14.0,55.08860599120217,52.27524016843355,45.95018205599548,258139.78198659164,221945.30688760587,152069.43352774618,21204505.64816848,18412316.224699102,243533435.19560292,244792623.91549113,248761346.4076215,29478.049133333345
56.11598016666667,5039.215018966667,6299.018773708333,89.80000000000001,0.0,89.80000000000001,112.25,9346.95,9324.5,0.0,53.05374351030698,52.27524016843355,54.8707691756465,233858.1181652369,232683.5124722049,238771.11980269518,21204505.64816848,18412316.224699102,243533435.19560292,244792623.91549113,248761346.4076215,29478.049133333345
68.75902033333332,148647.83409128888,185809.7926141111,2161.866666666667,0.0,2161.866666666667,2702.3333333333335,11513.133333333337,10972.66666666667,0.0,60.06908194289178,59.6222469651773,61.52031723517364,358802.55902276974,326433.36461947934,490796.0335760946,21204505.64816848,18412316.224699102,243533435.19560292,244792623.91549113,248761346.4076215,29478.049133333345
65.70412858333334,258642.11203067232,244457.6857383403,3936.466666666667,960.0,2976.466666666667,3720.5833333333335,10688.949999999997,10904.83333333333,0.0,59.446359957658,59.6222469651773,62.77103502979372,309518.58597903675,322388.9888670078,550044.27096494,21204505.64816848,18412316.224699102,243533435.19560292,244792623.91549113,248761346.4076215,29478.049133333345
60.74785191666666,171624.83123496664,141633.61674370832,2825.2,960.0,1865.2,2331.5,10455.8,10949.5,0.0,57.5987946620749,59.6222469651773,61.24434842984079,296006.99741931737,325052.1158981192,466583.73896268825,21204505.64816848,18412316.224699102,243533435.19560292,244792623.91549113,248761346.4076215,29478.049133333345
63.18772049999999,139404.7489671,98430.67160887498,2206.2,960.0,1246.2,1557.75,10028.96666666667,10677.41666666667,0.0,56.84699702832563,59.446359957658,61.15035779449792,271607.94294079434,308832.97129419213,402539.1920643119,21204505.64816848,18412316.224699102,243533435.19560292,244792623.91549113,248761346.4076215,29478.049133333345
67.84879433333333,145345.68722086668,100263.55582608333,2142.2,960.0,1182.2,1477.75,9787.96666666667,10452.41666666667,0.0,55.08860599120217,57.5987946620749,60.86094263517563,258081.93895030112,295812.1214973776,383968.31721930567,21204505.64816848,18412316.224699102,243533435.19560292,244792623.91549113,248761346.4076215,29478.049133333345
60.12251550000001,20878.545549300004,26098.181936625006,347.26666666666665,0.0,347.26666666666665,434.0833333333333,10339.649999999998,10252.83333333333,0.0,57.5987946620749,56.84699702832563,59.446359957658,289316.8974193173,284334.0906755351,309397.71171378955,21204505.64816848,18412316.224699102,243533435.19560292,244792623.91549113,248761346.4076215,29478.049133333345
54.96894700000001,30786.27491646667,4676.941240583334,560.0666666666666,492.0,68.06666666666666,85.08333333333333,9311.933333333332,9786.916666666666,0.0,52.27524016843355,55.08860599120217,55.96689619169099,232026.58695408818,258024.09591401007,262762.049236829,21204505.64816848,18412316.224699102,243533435.19560292,244792623.91549113,248761346.4076215,29478.049133333345
49.04231175,-9278.805383100002,-11598.506728875001,-189.20000000000002,-0.0,-189.20000000000002,-236.5,8405.45,8452.75,0.0,50.59194752460175,50.59194752460175,50.59194752460175,185139.09050781152,187532.08962572514,175567.09403615684,21204505.64816848,18412316.224699102,243533435.19560292,244792623.91549113,248761346.4076215,29478.049133333345
44.57778491666667,-5272.066029477779,-6590.082536847223,-118.26666666666668,-0.0,-118.26666666666668,-147.83333333333334,6771.016666666666,6800.583333333333,0.0,41.65959620858494,41.65959620858494,41.65959620858494,110371.2877983962,111603.02319296336,105444.34622012755,21204505.64816848,18412316.224699102,243533435.19560292,244792623.91549113,248761346.4076215,29478.049133333345
47.4722855,-7000.579701733333,-8750.724627166666,-147.46666666666667,0.0,-147.46666666666667,-184.33333333333334,5538.716666666666,5575.583333333333,0.0,34.04018635086596,34.04018635086596,31.87486020767374,63850.21782912235,65105.166032590954,59062.171518817566,21204505.64816848,18412316.224699102,243533435.19560292,244792623.91549113,248761346.4076215,29478.049133333345
36.61655541666667,-47018.09825869445,-14832.756323368056,-1284.0666666666666,-960.0,-324.06666666666666,-405.0833333333333,5560.566666666667,4681.583333333333,0.0,34.04018635086596,25.96533177235704,23.16626597240611,64593.99590088879,37685.919771628185,27772.416676365083,21204505.64816848,18412316.224699102,243533435.19560292,244792623.91549113,248761346.4076215,29478.049133333345
33.460304083333334,-43911.07239202778,-14736.475590034723,-1312.3333333333335,-960.0,-352.33333333333337,-440.4166666666667,5458.083333333334,4586.166666666667,0.0,31.95451928155947,24.72527886099073,19.1070988175627,61192.51317791616,35297.928169915074,25259.144587495848,21204505.64816848,18412316.224699102,243533435.19560292,244792623.91549113,248761346.4076215,29478.049133333345
40.43009625,-13844.231235300374,-6822.578742187499,-342.4239,-207.4239,-135.0,-168.75,4926.007233333333,4752.333333333333,0.0,29.2551919274029,26.29883827275967,24.72527886099073,44435.698164131,39524.210403185636,35234.054532857495,21204505.64816848,18412316.224699102,243533435.19560292,244792623.91549113,248761346.4076215,29478.049133333345
46.760079916666655,54871.39511287776,12477.147991097218,1173.4666666666667,960.0,213.46666666666667,266.8333333333333,4126.033333333334,5032.666666666667,0.0,19.1070988175627,31.56115804921139,31.87486020767374,24882.41628914291,47638.64389163183,56137.6530947635,21204505.64816848,18412316.224699102,243533435.19560292,244792623.91549113,248761346.4076215,29478.049133333345
53.75202966666666,92822.58829704444,51525.79977130555,1726.8666666666668,960.0,766.8666666666668,958.5833333333334,4786.883333333333,5555.166666666667,0.0,27.93282374602466,34.04018635086596,41.65959620858494,40469.29331860263,64410.17889459413,99653.66234713425,21204505.64816848,18412316.224699102,243533435.19560292,244792623.91549113,248761346.4076215,29478.049133333345
37.218312833333336,4714.319625555557,5892.899531944445,126.66666666666669,0.0,126.66666666666669,158.33333333333334,4833.25,4801.583333333333,0.0,28.42212476333882,27.93282374602466,29.39832063111593,41775.99055007541,40879.90582766919,45428.15691603668,21204505.64816848,18412316.224699102,243533435.19560292,244792623.91549113,248761346.4076215,29478.049133333345
9.18044241666667,-11567.357445000005,-14459.196806250005,-1260.0,0.0,-1260.0,-1575.0,4594.583333333333,4909.583333333333,0.0,24.72527886099073,28.88575433132178,12.71331371308596,35506.0326003284,43958.3971380541,14415.683100782035,21204505.64816848,18412316.224699102,243533435.19560292,244792623.91549113,248761346.4076215,29478.049133333345
4.9521923333333335,-13257.470681347211,-13704.779599805555,-2677.0912333333335,-463.1579,-2213.9333333333334,-2767.4166666666665,5535.0912333333345,5625.416666666667,0.0,34.04018635086596,34.04018635086596,7.483462873675981,63726.807402853105,66801.50198574246,10008.618317366407,21204505.64816848,18412316.224699102,243533435.19560292,244792623.91549113,248761346.4076215,29478.049133333345
-2.213155,9212.921634,8860.3660425,-4162.8,-960.0,-3202.8,-4003.5,6691.0,6691.0,159.30000000000018,41.65959620858494,41.65959620858494,5.636726448361022,107037.82577510593,107037.82577510593,8923.010071794695,21204505.64816848,18412316.224699102,243533435.19560292,244792623.91549113,248761346.4076215,29478.049133333345
-11.2212565,47050.7285045,45347.902830625004,-4193.0,-960.0,-3233.0,-4041.25,6712.583333333333,6712.583333333333,151.75,41.65959620858494,41.65959620858494,5.636726448361022,107936.97872660788,107936.97872660788,8831.882994212856,21204505.64816848,18412316.224699102,243533435.19560292,244792623.91549113,248761346.4076215,29478.049133333345
-21.92678525,91282.66878143333,87791.19367679166,-4163.0666666666675,-960.0,-3203.066666666667,-4003.8333333333335,6700.666666666667,6700.666666666667,159.23333333333403,41.65959620858494,41.65959620858494,5.636726448361022,107440.53520512227,107440.53520512227,8975.619518646065,21204505.64816848,18412316.224699102,243533435.19560292,244792623.91549113,248761346.4076215,29478.049133333345
-32.28546325,70730.99288810001,88413.741110125,-2190.8,0.0,-2190.8,-2738.5,4918.966666666667,5466.666666666667,0.0,29.2551919274029,32.3018652021475,5.636726448361022,44229.72503502002,61468.37568145355,9152.236947361378,21204505.64816848,18412316.224699102,243533435.19560292,244792623.91549113,248761346.4076215,29478.049133333345
-31.557501666666667,52419.114101777785,27654.890627222223,-1661.0666666666666,-960.0,-701.0666666666667,-876.3333333333334,4385.583333333333,4385.583333333333,784.7333333333331,24.58435508949854,24.58435508949854,12.71331371308596,30354.17876000938,30354.17876000938,16636.27522933438,21204505.64816848,18412316.224699102,243533435.19560292,244792623.91549113,248761346.4076215,29478.049133333345
21.941427833333336,-21239.302142666667,-219.41427833333336,-968.0,-960.0,-8.0,-10.0,6312.416666666667,5514.416666666667,160.0,39.72611019374276,32.80211971047321,32.80211971047321,91373.78856057074,63025.069177916484,62697.04798081175,21204505.64816848,18412316.224699102,243533435.19560292,244792623.91549113,248761346.4076215,29478.049133333345
55.79170908333333,118825.18200568332,81581.42660710416,2129.8,960.0,1169.8,1462.25,6518.866666666667,7186.416666666667,0.0,41.65959620858494,41.65959620858494,51.04445629945764,99866.82061440151,127676.6840634424,197445.10203498643,21204505.64816848,18412316.224699102,243533435.19560292,244792623.91549113,248761346.4076215,29478.049133333345
52.20968391666668,157293.8550585389,133965.69812317364,3012.733333333333,960.0,2052.733333333333,2565.9166666666665,7612.516666666666,8059.333333333333,0.0,45.81581231686007,50.59194752460175,57.64316794807971,146284.235955314,167628.3742704214,305770.72737895104,21204505.64816848,18412316.224699102,243533435.19560292,244792623.91549113,248761346.4076215,29478.049133333345
50.16677991666666,83350.43260554445,104188.04075693055,1661.466666666667,0.0,1661.466666666667,2076.8333333333335,8338.866666666667,7923.5,0.0,50.59194752460175,49.62796879427163,56.59032124541989,181770.51000179842,160842.7169075763,269982.8591305875,21204505.64816848,18412316.224699102,243533435.19560292,244792623.91549113,248761346.4076215,29478.049133333345
46.83384666666666,74980.98851333332,93726.23564166664,1601.0,0.0,1601.0,2001.25,7557.083333333333,7156.833333333333,0.0,45.25498423139707,41.65959620858494,52.27524016843355,143769.34825514344,126444.25434227174,223984.04125417466,21204505.64816848,18412316.224699102,243533435.19560292,244792623.91549113,248761346.4076215,29478.049133333345
46.36864833333333,34296.23997672521,54892.751518611105,739.6428666666666,-207.4238,947.0666666666666,1183.8333333333333,7396.107133333334,6951.916666666667,0.0,44.36399145877818,41.65959620858494,50.59194752460175,136533.00088531102,117907.50875252923,171494.44226042638,21204505.64816848,18412316.224699102,243533435.19560292,244792623.91549113,248761346.4076215,29478.049133333345
47.20523958333333,22343.813402777774,27929.76675347222,473.3333333333333,0.0,473.3333333333333,591.6666666666666,7358.75,7240.416666666667,0.0,42.79795699060688,41.65959620858494,46.67526156844238,134889.0797241361,129926.30225870598,156367.24586346277,21204505.64816848,18412316.224699102,243533435.19560292,244792623.91549113,248761346.4076215,29478.049133333345
43.61608241666667,-11392.520727233328,38098.647990958336,-261.19999999999993,-960.0,698.8000000000001,873.5,7953.7,6819.0,0.0,49.62796879427163,41.65959620858494,45.83196438349641,162341.4815651633,112370.2540898048,149948.90371007723,21204505.64816848,18412316.224699102,243533435.19560292,244792623.91549113,248761346.4076215,29478.049133333345
46.87619733333333,3115.7045827555553,3894.630728444444,66.46666666666667,0.0,66.46666666666667,83.08333333333333,7304.616666666667,7288.0,0.0,41.84236839594809,41.65959620858494,43.95382589429941,132602.4628353476,131908.60471163114,135424.0668769566,21204505.64816848,18412316.224699102,243533435.19560292,244792623.91549113,248761346.4076215,29478.049133333345
53.55066766666667,4373.304526111111,2548.1192698055556,81.66666666666667,43.6,38.06666666666667,47.583333333333336,7683.083333333334,7717.166666666667,0.0,45.83196438349641,45.83196438349641,45.95018205599548,149517.31937879932,151079.4254982035,153264.13826120202,21204505.64816848,18412316.224699102,243533435.19560292,244792623.91549113,248761346.4076215,29478.049133333345
50.83966833333333,-9537.521779333334,-11921.902224166666,-187.60000000000002,0.0,-187.60000000000002,-234.5,7994.35,8041.25,0.0,49.73249582204807,50.59194752460175,46.08034393491124,164361.92636491568,166713.50321935152,155197.50170543903,21204505.64816848,18412316.224699102,243533435.19560292,244792623.91549113,248761346.4076215,29478.049133333345
50.131638333333335,-23267.764405111113,-29084.705506388887,-464.1333333333333,0.0,-464.1333333333333,-580.1666666666666,8547.383333333333,8663.416666666666,0.0,50.59194752460175,51.04445629945764,50.59194752460175,192319.7742598033,198198.00776540334,168838.36501538474,21204505.64816848,18412316.224699102,243533435.19560292,244792623.91549113,248761346.4076215,29478.049133333345
48.093752333333335,-7374.375357777779,-9217.969197222223,-153.33333333333334,0.0,-153.33333333333334,-191.66666666666666,8393.0,8431.333333333334,0.0,50.59194752460175,50.59194752460175,50.59194752460175,184509.2207611302,186448.5787495733,176751.78880735798,21204505.64816848,18412316.224699102,243533435.19560292,244792623.91549113,248761346.4076215,29478.049133333345
55.901163499999996,60526.05309356667,8576.170166958333,1082.7333333333333,960.0,122.73333333333333,153.41666666666666,8275.266666666666,9204.583333333334,0.0,50.59194752460175,52.27524016843355,54.86960691400279,178552.86213923374,226414.83992200694,234450.1043782905,21204505.64816848,18412316.224699102,243533435.19560292,244792623.91549113,248761346.4076215,29478.049133333345
59.20129058333333,117700.05918507779,76083.52528134722,1988.1333333333334,960.0,1028.1333333333334,1285.1666666666667,8722.033333333333,9425.0,0.0,51.77463562382418,54.8707691756465,59.6222469651773,201204.2689965588,238126.38826488133,310782.5247911201,21204505.64816848,18412316.224699102,243533435.19560292,244792623.91549113,248761346.4076215,29478.049133333345
70.63636466666667,247651.09452133332,224800.23055166667,3506.0,960.0,2546.0,3182.5,9967.16666666667,10290.66666666667,0.0,56.59032124541989,57.5987946620749,61.50923297908678,268105.94680928125,286495.5164607869,478379.2375631254,21204505.64816848,18412316.224699102,243533435.19560292,244792623.91549113,248761346.4076215,29478.049133333345
53.00141550000001,89367.45338840001,48107.61813550001,1686.1333333333332,960.0,726.1333333333333,907.6666666666666,8655.783333333333,9434.25,0.0,51.04445629945764,54.8707691756465,57.5987946620749,197808.36841565082,238633.94287975604,289447.45468721807,21204505.64816848,18412316.224699102,243533435.19560292,244792623.91549113,248761346.4076215,29478.049133333345
20.226620916666672,-30797.053007716677,-38496.31625964584,-1522.6000000000001,0.0,-1522.6000000000001,-1903.25,9344.1,9724.75,0.0,52.27524016843355,55.08860599120217,46.08034393491124,233708.10717950622,254599.42090822372,155877.186778479,21204505.64816848,18412316.224699102,243533435.19560292,244792623.91549113,248761346.4076215,29478.049133333345
10.346839999999998,-32607.031575999994,-28342.581469999997,-3151.4,-960.0,-2191.4,-2739.25,9308.333333333334,9308.333333333334,412.1500000000001,52.27524016843355,52.27524016843355,41.65959620858494,231838.39608948192,231838.39608948192,101958.82667067598,21204505.64816848,18412316.224699102,243533435.19560292,244792623.91549113,248761346.4076215,29478.049133333345
12.87378058333333,-39013.020945609656,-41313.03470696527,-3030.424566666667,-463.1579,-2567.266666666667,-3209.0833333333335,8821.0079,8999.666666666666,0.0,52.22503348356775,52.27524016843355,34.82553138225883,206369.6526054508,215702.77195749202,72469.01725584784,21204505.64816848,18412316.224699102,243533435.19560292,244792623.91549113,248761346.4076215,29478.049133333345
9.383382583333335,-32471.50820904445,-29329.32616130556,-3460.5333333333333,-960.0,-2500.5333333333333,-3125.6666666666665,8602.333333333334,8602.333333333334,334.8666666666668,50.59194752460175,50.59194752460175,32.3018652021475,195099.8017762802,195099.8017762802,61791.39433347506,21204505.64816848,18412316.224699102,243533435.19560292,244792623.91549113,248761346.4076215,29478.049133333345
4.67623525,-13551.106256466668,-11327.400520583335,-2897.866666666667,-960.0,-1937.8666666666668,-2422.3333333333335,8191.5,8191.5,475.5333333333333,50.59194752460175,50.59194752460175,34.54432544913767,174314.94333492295,174314.94333492295,71724.72646490777,21204505.64816848,18412316.224699102,243533435.19560292,244792623.91549113,248761346.4076215,29478.049133333345
2.26225325,-6008.99708265,-4796.542453312501,-2656.2,-960.0,-1696.2,-2120.25,7938.75,7938.75,535.9499999999998,49.62796879427163,49.62796879427163,34.82553138225883,161599.54343168894,161599.54343168894,73441.23000693595,21204505.64816848,18412316.224699102,243533435.19560292,244792623.91549113,248761346.4076215,29478.049133333345
3.0979959166666666,-2755.770634405556,-3444.7132930069447,-889.5333333333334,0.0,-889.5333333333334,-1111.9166666666667,7688.533333333334,7910.916666666667,0.0,45.83196438349641,49.62796879427163,41.65959620858494,149767.10358468938,160218.23163358172,111537.0621656331,21204505.64816848,18412316.224699102,243533435.19560292,244792623.91549113,248761346.4076215,29478.049133333345
44.463736000000004,-33828.0103488,11071.470264000001,-760.8,-960.0,199.20000000000002,249.0,10126.383333333333,9244.583333333334,128.0,56.84699702832563,52.27524016843355,54.8707691756465,277145.78790130344,228505.84952874426,241889.6085175111,21204505.64816848,18412316.224699102,243533435.19560292,244792623.91549113,248761346.4076215,29478.049133333345
78.79205458333334,243724.83604080562,210105.57955100696,3093.266666666667,960.0,2133.266666666667,2666.5833333333335,11730.816666666666,12157.5,0.0,60.24177886994656,60.86179049961658,62.82941806468727,371894.5954731412,397804.15365750564,562522.4129471359,21204505.64816848,18412316.224699102,243533435.19560292,244792623.91549113,248761346.4076215,29478.049133333345
64.71970758333333,189300.83003407778,236626.03754259722,2924.9333333333334,0.0,2924.9333333333334,3656.1666666666665,13587.650000000003,12856.41666666667,0.0,61.52031723517364,61.24434842984079,63.13632209610795,485422.2338656022,440580.40935851855,668827.9790375124,21204505.64816848,18412316.224699102,243533435.19560292,244792623.91549113,248761346.4076215,29478.049133333345
63.31930333333333,124587.06123866668,155733.82654833334,1967.6000000000001,0.0,1967.6000000000001,2459.5,13225.31666666667,12733.41666666667,0.0,61.24434842984079,61.24434842984079,62.82941806468727,463173.4494942868,433047.3545016481,585695.9966433281,21204505.64816848,18412316.224699102,243533435.19560292,244792623.91549113,248761346.4076215,29478.049133333345
65.06718483333334,97665.84443483334,122082.30554354169,1501.0,0.0,1501.0,1876.25,13267.75,12892.5,0.0,61.24434842984079,61.24434842984079,62.82941806468727,465772.25134599285,442790.30959769513,559045.8518142231,21204505.64816848,18412316.224699102,243533435.19560292,244792623.91549113,248761346.4076215,29478.049133333345
64.67391858333333,166656.06500010556,134753.49886159028,2576.866666666667,910.0,1666.8666666666668,2083.5833333333335,12414.716666666667,12908.0,0.0,61.24434842984079,61.24434842984079,62.82941806468727,413528.7806570577,443739.5969983576,573046.340472971,21204505.64816848,18412316.224699102,243533435.19560292,244792623.91549113,248761346.4076215,29478.049133333345
64.97147775,71711.18570860001,89638.98213575002,1103.7333333333333,0.0,1103.7333333333333,1379.6666666666667,12951.350000000002,12675.41666666667,0.0,61.24434842984079,61.24434842984079,62.24357100233248,446394.53950279136,429495.18229271733,514293.2620188081,21204505.64816848,18412316.224699102,243533435.19560292,244792623.91549113,248761346.4076215,29478.049133333345
63.464296,12587.085373333333,15733.856716666665,198.33333333333334,0.0,198.33333333333334,247.91666666666666,12396.166666666664,12346.58333333333,0.0,61.24434842984079,61.1954964592248,61.24434842984079,412392.697993684,409356.2196987716,424539.49376560235,21204505.64816848,18412316.224699102,243533435.19560292,244792623.91549113,248761346.4076215,29478.049133333345
61.027789750000004,-895.0742496666667,-1118.8428120833332,-14.666666666666666,0.0,-14.666666666666666,-18.333333333333332,12191.666666666664,12195.33333333333,0.0,60.86179049961658,60.86179049961658,60.86179049961658,399883.5981662424,400106.758064741,398990.95857224794,21204505.64816848,18412316.224699102,243533435.19560292,244792623.91549113,248761346.4076215,29478.049133333345
65.11325941666668,20384.79108137778,25480.988851722224,313.06666666666666,0.0,313.06666666666666,391.3333333333333,11907.599999999997,11829.33333333333,0.0,60.72942857249693,60.71842384123605,61.15035779449792,382596.7166593094,377844.1237633972,401652.5118762913,21204505.64816848,18412316.224699102,243533435.19560292,244792623.91549113,248761346.4076215,29478.049133333345
62.759638499999994,13539.3460124,16924.1825155,215.73333333333335,0.0,215.73333333333335,269.6666666666667,11031.600000000002,10977.66666666667,0.0,59.6222469651773,59.6222469651773,60.06908194289178,329947.10237396037,326731.4758543052,342836.197042349,21204505.64816848,18412316.224699102,243533435.19560292,244792623.91549113,248761346.4076215,29478.049133333345
60.938077916666664,-7523.821353444445,-9404.776691805555,-123.46666666666668,0.0,-123.46666666666668,-154.33333333333334,10918.800000000003,10949.66666666667,0.0,59.6222469651773,59.6222469651773,59.6222469651773,323221.7129162884,325062.0529392802,315860.3528243212,21204505.64816848,18412316.224699102,243533435.19560292,244792623.91549113,248761346.4076215,29478.049133333345
63.180657583333335,6250.673056911111,7813.34132113889,98.93333333333334,0.0,98.93333333333334,123.66666666666667,10878.983333333334,10854.25,0.0,59.6222469651773,59.6222469651773,59.6222469651773,320847.75378295814,319373.0968746861,326746.3814160463,21204505.64816848,18412316.224699102,243533435.19560292,244792623.91549113,248761346.4076215,29478.049133333345
66.74644941666666,98882.63992914444,43507.560611430556,1481.4666666666667,960.0,521.4666666666667,651.8333333333334,10396.699999999997,11226.33333333333,0.0,57.5987946620749,60.06908194289178,60.72942857249693,292602.9086547886,341574.74632154795,380809.2471449923,21204505.64816848,18412316.224699102,243533435.19560292,244792623.91549113,248761346.4076215,29478.049133333345
79.93562941666666,154099.90638944998,96702.12768681248,1927.8000000000002,960.0,967.8000000000001,1209.75,11346.866666666669,12064.91666666667,0.0,60.06908194289178,60.86179049961658,61.24434842984079,348815.07299839816,392169.3662204163,466195.85808929947,21204505.64816848,18412316.224699102,243533435.19560292,244792623.91549113,248761346.4076215,29478.049133333345
84.41049258333334,194442.38334879448,141760.38808599307,2303.5333333333338,960.0,1343.5333333333335,1679.4166666666667,11793.550000000003,12417.66666666667,0.0,60.5003388737758,61.24434842984079,62.42528719522737,375678.2095103484,413709.45148492587,516912.1590784603,21204505.64816848,18412316.224699102,243533435.19560292,244792623.91549113,248761346.4076215,29478.049133333345
47.34691033333334,-5448.051149022223,-6810.063936277779,-115.06666666666668,0.0,-115.06666666666668,-143.83333333333334,11306.066666666664,11334.83333333333,0.0,60.06908194289178,60.06908194289178,59.66414016202437,346364.25445512787,348092.24171235174,339454.99826282,21204505.64816848,18412316.224699102,243533435.19560292,244792623.91549113,248761346.4076215,29478.049133333345
19.043633083333336,-32574.769176811114,-40718.46147101389,-1710.5333333333333,0.0,-1710.5333333333333,-2138.1666666666665,10514.949999999997,10942.58333333333,0.0,57.5987946620749,59.6222469651773,52.22503348356775,299413.96612357895,324639.7286899432,205503.1748890836,21204505.64816848,18412316.224699102,243533435.19560292,244792623.91549113,248761346.4076215,29478.049133333345
21.370711583333332,-70858.15603980556,-62927.84114975695,-3315.666666666667,-960.0,-2355.666666666667,-2944.5833333333335,10118.750000000004,10095.66666666667,348.0,56.84699702832563,56.84699702832563,41.65959620858494,276711.85582398745,275399.6376425836,126204.71166407249,21204505.64816848,18412316.224699102,243533435.19560292,244792623.91549113,248761346.4076215,29478.049133333345
33.05463583333333,-127742.9456415,-120013.11905187498,-3864.6000000000004,-960.0,-2904.6000000000004,-3630.75,10343.43333333333,10208.58333333333,99.0,57.5987946620749,56.84699702832563,41.65959620858494,289534.8128591221,281818.61105703167,102323.34813750094,21204505.64816848,18412316.224699102,243533435.19560292,244792623.91549113,248761346.4076215,29478.049133333345
33.2662805,-111445.07466865762,-120046.91756433333,-3350.0912333333335,-463.1579,-2886.9333333333334,-3608.6666666666665,9711.424566666667,9970.0,0.0,55.08860599120217,56.59032124541989,40.17051539371466,253865.34136166167,268266.28605280974,93331.76256052438,21204505.64816848,18412316.224699102,243533435.19560292,244792623.91549113,248761346.4076215,29478.049133333345
30.20005575,-112120.72697745002,-103910.8418218125,-3712.6000000000004,-960.0,-2752.6000000000004,-3440.75,9363.266666666666,9173.416666666666,82.0,54.86960691400279,52.27524016843355,34.32087425617375,234739.08430803756,224785.59493675735,70470.8280173596,21204505.64816848,18412316.224699102,243533435.19560292,244792623.91549113,248761346.4076215,29478.049133333345
31.392689833333336,-101429.7808515,-89115.99826437501,-3231.0,-960.0,-2271.0,-2838.75,9551.583333333334,9275.333333333334,116.0,54.8707691756465,52.27524016843355,41.65959620858494,245072.1131296986,230113.3131639236,96438.93017303848,21204505.64816848,18412316.224699102,243533435.19560292,244792623.91549113,248761346.4076215,29478.049133333345
26.09332408333333,-62517.86494872777,-46835.34228590972,-2395.9333333333334,-960.0,-1435.9333333333334,-1794.9166666666667,9979.016666666666,9420.0,42.0,56.59032124541989,54.8707691756465,45.81581231686007,268776.54211603926,237852.0344190031,146859.98799676256,21204505.64816848,18412316.224699102,243533435.19560292,244792623.91549113,248761346.4076215,29478.049133333345
60.71796908333332,18324.683069349998,22905.853836687496,301.8,0.0,301.8,377.25,11531.783333333331,11457.33333333333,1.0,60.06908194289178,60.06908194289178,60.71842384123605,359922.8474010043,355450.70425035595,378162.8954885637,21204505.64816848,18412316.224699102,243533435.19560292,244792623.91549113,248761346.4076215,29478.049133333345
70.0408905,167463.0997928,209328.874741,2390.9333333333334,0.0,2390.9333333333334,2988.6666666666665,14644.650000000003,14046.91666666667,0.0,62.77103502979372,62.24357100233248,63.33132841600977,551251.5672053467,513784.9395222891,701876.537500448,21204505.64816848,18412316.224699102,243533435.19560292,244792623.91549113,248761346.4076215,29478.049133333345
62.24027383333333,228139.6490602889,210486.23272536113,3665.466666666667,960.0,2705.466666666667,3381.8333333333335,14371.366666666667,14655.0,0.0,62.77103502979372,62.77103502979372,63.74475496248188,534097.289515621,551901.2474179049,765527.4230432357,21204505.64816848,18412316.224699102,243533435.19560292,244792623.91549113,248761346.4076215,29478.049133333345
63.617450749999996,130844.13153921664,163555.16442402083,2056.733333333333,0.0,2056.733333333333,2570.9166666666665,14592.266666666663,14078.08333333333,0.0,62.77103502979372,62.42528719522737,63.13632209610795,547963.4111537022,515726.07862175064,677440.8256434561,21204505.64816848,18412316.224699102,243533435.19560292,244792623.91549113,248761346.4076215,29478.049133333345
61.64712541666666,150242.2642571389,113826.27982142361,2437.133333333333,960.0,1477.1333333333334,1846.4166666666667,13266.283333333333,13857.0,0.0,61.24434842984079,61.84190944166342,62.93888483233038,465682.42630162905,501997.84462897916,617808.3887723354,21204505.64816848,18412316.224699102,243533435.19560292,244792623.91549113,248761346.4076215,29478.049133333345
64.26002625000001,131857.28986325004,87709.58082906251,2051.9333333333334,960.0,1091.9333333333334,1364.9166666666667,13165.816666666664,13852.83333333333,0.0,61.24434842984079,61.84190944166342,62.82941806468727,459529.4107627109,501740.1700063054,587256.2605252675,21204505.64816848,18412316.224699102,243533435.19560292,244792623.91549113,248761346.4076215,29478.049133333345
60.92944433333332,91767.86709191109,41594.50066488888,1506.1333333333332,960.0,546.1333333333333,682.6666666666666,12657.283333333333,13480.75,0.0,61.24434842984079,61.52031723517364,62.42528719522737,428384.618107856,478845.71195316187,521053.0364624102,21204505.64816848,18412316.224699102,243533435.19560292,244792623.91549113,248761346.4076215,29478.049133333345
59.07040733333333,59739.87194977777,14393.489253555554,1011.3333333333333,816.4,194.93333333333334,243.66666666666666,12169.416666666664,12937.08333333333,0.0,60.86179049961658,61.24434842984079,61.24434842984079,398529.42332762596,445520.7867985253,460443.9930325965,21204505.64816848,18412316.224699102,243533435.19560292,244792623.91549113,248761346.4076215,29478.049133333345
54.346196083333346,710.1236288222224,887.6545360277779,13.066666666666666,0.0,13.066666666666666,16.333333333333332,11767.683333333336,11764.41666666667,0.0,60.24177886994656,60.24177886994656,60.5003388737758,374115.50905414677,373918.7192431716,374903.8051727641,21204505.64816848,18412316.224699102,243533435.19560292,244792623.91549113,248761346.4076215,29478.049133333345
55.70826058333333,-9373.843314155556,-11717.304142694444,-168.26666666666668,0.0,-168.26666666666668,-210.33333333333334,11510.100000000002,11552.16666666667,0.0,60.06908194289178,60.06908194289178,60.06908194289178,358620.34947420954,361147.2555212739,348512.72528595227,21204505.64816848,18412316.224699102,243533435.19560292,244792623.91549113,248761346.4076215,29478.049133333345
54.15296300000001,-14782.598220493035,-11457.864421416669,-272.97856666666667,-103.7119,-169.26666666666668,-211.58333333333334,11258.978566666663,11197.58333333333,0.0,60.06908194289178,59.73745311462309,59.6222469651773,343535.71551769273,339848.130534548,327228.327912348,21204505.64816848,18412316.224699102,243533435.19560292,244792623.91549113,248761346.4076215,29478.049133333345
53.21565783333333,-67924.46565846667,-21046.79267308333,-1276.4,-960.0,-316.40000000000003,-395.5,11892.65,11011.75,0.0,60.72942857249693,59.6222469651773,57.64316794807971,381688.81170215074,328763.6007717015,305251.9388674183,21204505.64816848,18412316.224699102,243533435.19560292,244792623.91549113,248761346.4076215,29478.049133333345
53.7358255,-65808.47429566666,-17777.60226958333,-1224.6666666666667,-960.0,-264.6666666666667,-330.8333333333333,11973.000000000004,11079.16666666667,0.0,60.86094263517563,59.6222469651773,59.6222469651773,386575.1942621791,332783.1339212707,313058.10721695784,21204505.64816848,18412316.224699102,243533435.19560292,244792623.91549113,248761346.4076215,29478.049133333345
56.663116583333334,8733.675036044444,10917.093795055554,154.13333333333333,0.0,154.13333333333333,192.66666666666666,11096.366666666663,11057.83333333333,0.0,59.66414016202437,59.6222469651773,60.06908194289178,333808.7817988204,331511.19265267986,343026.4158018345,21204505.64816848,18412316.224699102,243533435.19560292,244792623.91549113,248761346.4076215,29478.049133333345
58.814063583333336,99525.15839571667,53829.571694645834,1692.2,960.0,732.2,915.25,10901.13333333333,11678.08333333333,0.0,59.6222469651773,60.24177886994656,61.24434842984079,322168.3865532366,368717.8456673992,424468.04202576756,21204505.64816848,18412316.224699102,243533435.19560292,244792623.91549113,248761346.4076215,29478.049133333345
62.30898808333333,121610.52900851112,77242.37556063889,1951.7333333333336,960.0,991.7333333333335,1239.6666666666667,11614.933333333332,12327.0,0.0,60.13699040563468,61.1954964592248,61.52031723517364,364918.25933110615,408157.80789311195,484131.33254228387,21204505.64816848,18412316.224699102,243533435.19560292,244792623.91549113,248761346.4076215,29478.049133333345
41.144429333333335,-8119.167388444445,-10148.959235555556,-197.33333333333334,0.0,-197.33333333333334,-246.66666666666666,11385.583333333336,11434.91666666667,0.0,60.06908194289178,60.06908194289178,59.66414016202437,351140.7476209538,354104.1556634698,339290.9218773749,21204505.64816848,18412316.224699102,243533435.19560292,244792623.91549113,248761346.4076215,29478.049133333345
13.129411750000001,-33793.355256266674,-26486.399970333336,-2573.866666666667,-960.0,-1613.8666666666668,-2017.3333333333333,10658.533333333333,10577.0,475.0,59.446359957658,57.64316794807971,50.59194752460175,307710.42586365814,302989.44452545623,192941.21201523044,21204505.64816848,18412316.224699102,243533435.19560292,244792623.91549113,248761346.4076215,29478.049133333345
25.545916083333335,-89465.20424597777,-81176.40600747222,-3502.133333333333,-960.0,-2542.133333333333,-3177.6666666666665,10465.633333333337,10299.16666666667,158.0,57.5987946620749,57.5987946620749,41.65959620858494,296573.385566828,286985.1062154146,124972.2819429019,21204505.64816848,18412316.224699102,243533435.19560292,244792623.91549113,248761346.4076215,29478.049133333345
28.56236766666667,-77845.7809965778,-97307.22624572224,-2725.466666666667,0.0,-2725.466666666667,-3406.8333333333335,9450.716666666664,10132.08333333333,0.0,54.8707691756465,56.84699702832563,41.65959620858494,239537.48154551486,277469.81578436476,108464.66694524982,21204505.64816848,18412316.224699102,243533435.19560292,244792623.91549113,248761346.4076215,29478.049133333345
26.07426791666667,-90150.91217961114,-81399.51872451391,-3457.466666666667,-960.0,-2497.466666666667,-3121.8333333333335,9608.466666666667,9272.833333333334,0.0,55.08860599120217,52.27524016843355,36.01599932330047,248193.53417488013,229982.62506350252,85169.39154230405,21204505.64816848,18412316.224699102,243533435.19560292,244792623.91549113,248761346.4076215,29478.049133333345
23.724036,-82635.56219520001,-74825.609544,-3483.2000000000003,-960.0,-2523.2000000000003,-3154.0,9258.533333333335,9009.333333333334,80.0,52.27524016843355,52.27524016843355,34.82553138225883,229235.08912909395,216208.09927912027,74723.97041284917,21204505.64816848,18412316.224699102,243533435.19560292,244792623.91549113,248761346.4076215,29478.049133333345
14.470406166666665,-38859.793413711115,-31210.25436713889,-2685.466666666667,-960.0,-1725.466666666667,-2156.8333333333335,9060.216666666667,8671.583333333334,140.0,52.27524016843355,51.04445629945764,41.65959620858494,218868.03774969073,198614.8708251823,99695.32194334283,21204505.64816848,18412316.224699102,243533435.19560292,244792623.91549113,248761346.4076215,29478.049133333345
27.642207499999998,-35594.628267730914,-28489.901863333333,-1287.6912333333335,-463.1579,-824.5333333333334,-1030.6666666666667,9147.524566666667,8949.5,59.0,52.27524016843355,52.27524016843355,49.62796879427163,223432.0791907923,213080.2974090423,160611.1197198697,21204505.64816848,18412316.224699102,243533435.19560292,244792623.91549113,248761346.4076215,29478.049133333345
56.00075316666667,12951.107515677777,16188.884394597222,231.26666666666665,0.0,231.26666666666665,289.0833333333333,11130.983333333337,11073.16666666667,0.0,59.66414016202437,59.6222469651773,60.06908194289178,335874.15545076295,332425.4004394796,349739.1357089531,21204505.64816848,18412316.224699102,243533435.19560292,244792623.91549113,248761346.4076215,29478.049133333345
58.95041358333333,159413.70841204998,128526.63921506249,2704.2,960.0,1744.2,2180.25,12523.96666666667,13047.91666666667,0.0,61.24434842984079,61.24434842984079,62.82941806468727,420219.72572301805,452308.70208283304,587910.7336301084,21204505.64816848,18412316.224699102,243533435.19560292,244792623.91549113,248761346.4076215,29478.049133333345
56.61617233333333,136290.2244522889,170362.7805653611,2407.266666666667,0.0,2407.266666666667,3009.0833333333335,13815.983333333337,13214.16666666667,0.0,61.52031723517364,61.24434842984079,63.11178396875967,499469.37296763354,462490.5750092941,650566.8783900518,21204505.64816848,18412316.224699102,243533435.19560292,244792623.91549113,248761346.4076215,29478.049133333345
51.00537108333333,104458.91837007293,134105.87192085414,2047.9984000000002,-55.4016,2103.4,2629.25,13023.83493333333,12442.58333333333,0.0,61.24434842984079,61.24434842984079,62.82941806468727,450833.8320157715,415235.45649996906,578088.4012726619,21204505.64816848,18412316.224699102,243533435.19560292,244792623.91549113,248761346.4076215,29478.049133333345
53.79760841666667,83866.88501435556,104833.60626794446,1558.9333333333334,-0.0,1558.9333333333334,1948.6666666666667,12959.483333333334,12569.75,0.0,61.24434842984079,61.24434842984079,62.77103502979372,446892.66020335397,423023.696141964,543327.7702167522,21204505.64816848,18412316.224699102,243533435.19560292,244792623.91549113,248761346.4076215,29478.049133333345
58.21547583333333,170214.2892732222,142909.29059152777,2923.866666666667,960.0,1963.8666666666668,2454.8333333333335,11387.633333333337,11856.66666666667,0.0,60.06908194289178,60.71842384123605,62.77103502979372,351263.88923893677,379503.7606817247,530339.396885171,21204505.64816848,18412316.224699102,243533435.19560292,244792623.91549113,248761346.4076215,29478.049133333345
69.56954658333333,173715.15781858334,133660.49137322916,2497.0,960.0,1537.0,1921.25,11075.08333333333,11650.83333333333,0.0,59.6222469651773,60.13699040563468,61.52031723517364,332539.6764128292,367077.17728666833,484464.56759397424,21204505.64816848,18412316.224699102,243533435.19560292,244792623.91549113,248761346.4076215,29478.049133333345
71.94513333333335,68132.04126666668,85165.05158333335,947.0,0.0,947.0,1183.75,11842.41666666667,11605.66666666667,0.0,60.71842384123605,60.13699040563468,61.24434842984079,378638.5231419871,364360.98988668085,436477.0380137192,21204505.64816848,18412316.224699102,243533435.19560292,244792623.91549113,248761346.4076215,29478.049133333345
66.8529935,34331.24059536666,42914.050744208325,513.5333333333333,0.0,513.5333333333333,641.9166666666666,11525.383333333333,11397.0,0.0,60.06908194289178,60.06908194289178,60.86179049961658,359538.40527656995,351826.53630646836,390586.95966742607,21204505.64816848,18412316.224699102,243533435.19560292,244792623.91549113,248761346.4076215,29478.049133333345
51.004661083333325,70661.85746484999,27121.728531062494,1385.4,960.0,425.40000000000003,531.75,9895.43333333333,10749.08333333333,0.0,55.97996724313914,59.6222469651773,60.06908194289178,264073.6138045106,313102.8239021814,344848.51128743554,21204505.64816848,18412316.224699102,243533435.19560292,244792623.91549113,248761346.4076215,29478.049133333345
48.18263141666666,11409.647119466665,14262.058899333331,236.8,0.0,236.8,296.0,9936.366666666667,9877.166666666666,0.0,55.97996724313914,55.96689619169099,56.84699702832563,266365.06046366325,263051.2115338194,279805.2799122786,21204505.64816848,18412316.224699102,243533435.19560292,244792623.91549113,248761346.4076215,29478.049133333345
49.164950999999995,-2386.1389551999996,-2982.6736939999996,-48.53333333333333,0.0,-48.53333333333333,-60.666666666666664,9409.533333333333,9421.666666666666,0.0,54.8707691756465,54.8707691756465,54.86960691400279,237277.72036829795,237943.48570096245,234614.7131990325,21204505.64816848,18412316.224699102,243533435.19560292,244792623.91549113,248761346.4076215,29478.049133333345
44.86872725,-42278.30606343333,994.5901207083334,-942.2666666666667,-960.0,17.733333333333334,22.166666666666668,9390.683333333332,8426.25,0.0,54.86960691400279,50.59194752460175,50.59194752460175,236243.42603092978,186191.4030163232,187312.8578531185,21204505.64816848,18412316.224699102,243533435.19560292,244792623.91549113,248761346.4076215,29478.049133333345
47.4017465,4515.806383233334,5644.757979041667,95.26666666666667,0.0,95.26666666666667,119.08333333333333,8900.566666666668,8876.75,0.0,52.22503348356775,52.22503348356775,52.27524016843355,210524.61185852884,209280.78564439513,215502.38353684644,21204505.64816848,18412316.224699102,243533435.19560292,244792623.91549113,248761346.4076215,29478.049133333345
47.53515183333334,9133.087172244444,11416.358965305557,192.13333333333333,0.0,192.13333333333333,240.16666666666666,9257.199999999999,9209.166666666666,0.0,52.27524016843355,52.27524016843355,54.8707691756465,229165.38880886926,226654.43477277886,239461.57698148864,21204505.64816848,18412316.224699102,243533435.19560292,244792623.91549113,248761346.4076215,29478.049133333345
48.58811358333333,22366.728286194444,27958.410357743054,460.3333333333333,0.0,460.3333333333333,575.4166666666666,9508.916666666668,9393.833333333334,0.0,54.8707691756465,54.86960691400279,56.59032124541989,242730.96031153772,236416.26529270897,268223.84331187565,21204505.64816848,18412316.224699102,243533435.19560292,244792623.91549113,248761346.4076215,29478.049133333345
50.314646,59549.06069586667,14058.750669833335,1183.5333333333333,960.0,223.53333333333336,279.4166666666667,8642.716666666667,9546.833333333334,0.0,50.59194752460175,54.8707691756465,55.82779928609174,197142.8732571487,244811.4769761143,260204.70037128043,21204505.64816848,18412316.224699102,243533435.19560292,244792623.91549113,248761346.4076215,29478.049133333345
51.49659775,26191.169615649997,-23031.8533436875,508.59999999999997,866.4,-357.8,-447.25,7162.4,8118.25,0.0,41.65959620858494,50.59194752460175,45.81581231686007,126676.15942783286,170609.08317874587,148963.6973789784,21204505.64816848,18412316.224699102,243533435.19560292,244792623.91549113,248761346.4076215,29478.049133333345
28.622203666666667,-59906.975426470075,-58312.96960355555,-2093.024566666667,-463.1579,-1629.8666666666668,-2037.3333333333333,7219.191233333334,7190.5,27.0,41.65959620858494,41.65959620858494,31.87486020767374,129042.0592766871,127846.79408129411,51473.298551040585,21204505.64816848,18412316.224699102,243533435.19560292,244792623.91549113,248761346.4076215,29478.049133333345
23.968168833333333,-73893.86451316667,-63605.52804145833,-3083.0,-960.0,-2123.0,-2653.75,7867.083333333333,7454.833333333333,17.0,48.62349588309512,44.92540907687559,27.93282374602466,158062.6065755608,139155.1843248831,40865.93941579617,21204505.64816848,18412316.224699102,243533435.19560292,244792623.91549113,248761346.4076215,29478.049133333345
24.90013725,-76531.40184245,-65784.0876030625,-3073.5333333333333,-960.0,-2113.5333333333333,-2641.9166666666665,7757.95,7326.333333333333,0.0,45.95018205599548,42.07272742620206,25.96533177235704,152951.67702322124,133513.6088802456,37759.488211649856,21204505.64816848,18412316.224699102,243533435.19560292,244792623.91549113,248761346.4076215,29478.049133333345
23.492157833333334,-74208.5943077889,-64570.15348473612,-3158.866666666667,-960.0,-2198.866666666667,-2748.5833333333335,7845.616666666667,7435.333333333333,0.0,48.62349588309512,44.92540907687559,25.96533177235704,157018.82219727038,138279.13884788402,37820.07398578537,21204505.64816848,18412316.224699102,243533435.19560292,244792623.91549113,248761346.4076215,29478.049133333345
16.808263416666666,-61622.45533818334,-56858.15307272916,-3666.2000000000003,-960.0,-2706.2000000000003,-3382.75,8450.7,8224.25,57.0,50.59194752460175,50.59194752460175,28.42212476333882,187428.37613329975,175971.82961635364,42010.473079372954,21204505.64816848,18412316.224699102,243533435.19560292,244792623.91549113,248761346.4076215,29478.049133333345
14.602982916666669,-24018.986301333338,-30023.732876666672,-1644.8000000000002,0.0,-1644.8000000000002,-2056.0,6792.55,7203.75,0.0,41.65959620858494,41.65959620858494,31.87486020767374,111268.35777008774,128398.78373105786,51300.64305824901,21204505.64816848,18412316.224699102,243533435.19560292,244792623.91549113,248761346.4076215,29478.049133333345
38.31176191666666,-39154.62067883333,-2969.1615485416664,-1022.0,-960.0,-62.0,-77.5,7558.5,6614.0,0.0,45.25498423139707,41.65959620858494,41.65959620858494,143833.4594828046,103830.0368670449,100601.41816087956,21204505.64816848,18412316.224699102,243533435.19560292,244792623.91549113,248761346.4076215,29478.049133333345
49.494221333333336,135304.0026663111,109736.93773288888,2733.7333333333336,960.0,1773.7333333333333,2217.1666666666665,7064.266666666666,7580.833333333333,0.0,41.65959620858494,45.25498423139707,55.08860599120217,122587.96438656372,144844.15413063913,258634.66129707926,21204505.64816848,18412316.224699102,243533435.19560292,244792623.91549113,248761346.4076215,29478.049133333345
47.95628125000001,154233.79467083336,135244.70583854167,3216.133333333333,960.0,2256.133333333333,2820.1666666666665,7630.033333333333,8026.0,0.0,45.81581231686007,50.59194752460175,59.6222469651773,147086.776267731,165941.97601960134,318891.15037838416,21204505.64816848,18412316.224699102,243533435.19560292,244792623.91549113,248761346.4076215,29478.049133333345
44.828661000000004,67281.84300620001,84102.30375775,1500.8666666666668,0.0,1500.8666666666668,1876.0833333333333,8236.883333333333,7861.666666666667,0.0,50.59194752460175,48.62349588309512,55.08860599120217,176610.97455341445,157799.22930619406,255315.57278610935,21204505.64816848,18412316.224699102,243533435.19560292,244792623.91549113,248761346.4076215,29478.049133333345
42.49853091666667,54089.2969153389,67611.62114417361,1272.7333333333336,0.0,1272.7333333333336,1590.9166666666667,7974.433333333333,7656.25,0.0,49.73249582204807,45.81581231686007,52.27524016843355,163371.42082312654,148287.9141473047,228640.89389917933,21204505.64816848,18412316.224699102,243533435.19560292,244792623.91549113,248761346.4076215,29478.049133333345
45.75849633333333,36841.69068117778,46052.113351472224,805.1333333333333,0.0,805.1333333333333,1006.4166666666666,8260.616666666667,8059.333333333333,0.0,50.59194752460175,50.59194752460175,52.27524016843355,177811.69010799832,167628.3742704214,219157.2940786227,21204505.64816848,18412316.224699102,243533435.19560292,244792623.91549113,248761346.4076215,29478.049133333345
49.24256608333334,80895.6875617,42028.530152125,1642.8000000000002,960.0,682.8000000000001,853.5,7731.366666666666,8520.666666666666,0.0,45.87589347054783,50.59194752460175,54.86960691400279,151730.37850122474,190968.12606177098,235337.16302340018,21204505.64816848,18412316.224699102,243533435.19560292,244792623.91549113,248761346.4076215,29478.049133333345
48.629395499999994,69718.3433485,28792.654585624998,1433.6666666666667,960.0,473.66666666666674,592.0833333333334,7860.500000000001,8702.083333333334,0.0,48.62349588309512,51.22264620122954,52.27524016843355,157742.5018943305,200173.41657655087,231097.8301870958,21204505.64816848,18412316.224699102,243533435.19560292,244792623.91549113,248761346.4076215,29478.049133333345
41.448199083333336,-33581.33089731667,7761.175278354167,-810.2,-960.0,149.8,187.25,9459.533333333335,8462.083333333334,0.0,54.8707691756465,50.59194752460175,51.04445629945764,240021.2588270804,188004.28113595478,197479.13167251938,21204505.64816848,18412316.224699102,243533435.19560292,244792623.91549113,248761346.4076215,29478.049133333345
43.34527624999999,-3447.3943044166663,-4309.242880520833,-79.53333333333335,0.0,-79.53333333333335,-99.41666666666667,8455.533333333333,8475.416666666666,0.0,50.59194752460175,50.59194752460175,50.59194752460175,187672.9038796686,188678.84043628274,183649.15765321197,21204505.64816848,18412316.224699102,243533435.19560292,244792623.91549113,248761346.4076215,29478.049133333345
39.39882683333334,-41187.53357156667,-4205.824764458333,-1045.4,-960.0,-85.4,-106.75,9034.9,8096.25,0.0,52.27524016843355,50.59194752460175,49.73249582204807,217544.6029194265,169496.06033320463,164120.72376017872,21204505.64816848,18412316.224699102,243533435.19560292,244792623.91549113,248761346.4076215,29478.049133333345
41.02461875,-44768.79895458334,-6731.456193229167,-1091.2666666666667,-960.0,-131.26666666666668,-164.08333333333334,8932.85,8005.666666666667,0.0,52.22503348356775,49.73249582204807,48.62349588309512,212210.61002282333,164924.7324426352,156822.70743054192,21204505.64816848,18412316.224699102,243533435.19560292,244792623.91549113,248761346.4076215,29478.049133333345
42.75838891666666,2021.0465161277777,2526.308145159722,47.26666666666667,0.0,47.26666666666667,59.083333333333336,7977.983333333334,7966.166666666667,0.0,49.73249582204807,49.73249582204807,50.59194752460175,163547.9711832948,162960.29885766428,165904.0320589579,21204505.64816848,18412316.224699102,243533435.19560292,244792623.91549113,248761346.4076215,29478.049133333345
47.37604908333333,42180.47570052778,15464.332021618055,890.3333333333335,629.2,261.1333333333334,326.4166666666667,7849.499999999999,8413.416666666666,0.0,48.62349588309512,50.59194752460175,52.22503348356775,157207.64343961634,185542.13968975743,202130.30814326994,21204505.64816848,18412316.224699102,243533435.19560292,244792623.91549113,248761346.4076215,29478.049133333345
48.86349558333334,89944.6651034278,53794.63667928473,1840.7333333333336,960.0,880.7333333333335,1100.9166666666667,7892.766666666667,8632.583333333334,0.0,49.61369733444081,50.59194752460175,55.08860599120217,159317.56154156412,196630.20818889939,255081.44621064674,21204505.64816848,18412316.224699102,243533435.19560292,244792623.91549113,248761346.4076215,29478.049133333345
57.81937991666666,138003.2959851,103120.864081375,2386.8,960.0,1426.8000000000002,1783.5,8492.866666666665,9096.166666666666,0.0,50.59194752460175,52.27524016843355,59.6222469651773,189561.669920587,220747.33263374586,320888.4956517176,21204505.64816848,18412316.224699102,243533435.19560292,244792623.91549113,248761346.4076215,29478.049133333345
50.04271549999999,72578.61838016665,30672.014375208328,1450.3333333333333,960.0,490.3333333333333,612.9166666666666,8201.75,9039.166666666666,0.0,50.59194752460175,52.27524016843355,55.08860599120217,174833.5107970501,217767.64394414515,250596.31553952963,21204505.64816848,18412316.224699102,243533435.19560292,244792623.91549113,248761346.4076215,29478.049133333345
26.2483165,-51310.20909420001,-32639.78156775,-1954.8000000000002,-960.0,-994.8000000000001,-1243.5,8614.133333333333,7941.833333333333,39.0,50.59194752460175,49.62796879427163,41.65959620858494,195696.78675707045,161752.56300213793,107343.32948063554,21204505.64816848,18412316.224699102,243533435.19560292,244792623.91549113,248761346.4076215,29478.049133333345
26.149236916666666,-61614.57530551111,-45639.134831888885,-2356.2666666666664,-960.0,-1396.2666666666667,-1745.3333333333333,7057.183333333333,6452.25,6.0,41.65959620858494,41.65959620858494,25.98869029900569,122292.87558008626,97091.59718030629,38343.818350911926,21204505.64816848,18412316.224699102,243533435.19560292,244792623.91549113,248761346.4076215,29478.049133333345
26.584817166666667,-77012.67068954445,-64364.05776193056,-2896.866666666667,-960.0,-1936.8666666666668,-2421.0833333333335,7294.616666666667,6870.833333333333,52.0,41.73182669562377,41.65959620858494,24.58435508949854,132184.39474468018,114529.60982661645,31931.67487825221,21204505.64816848,18412316.224699102,243533435.19560292,244792623.91549113,248761346.4076215,29478.049133333345
27.362650749999997,-84249.60165924998,-72476.8211740625,-3079.0,-960.0,-2119.0,-2648.75,7271.5,6841.25,0.0,41.65959620858494,41.65959620858494,19.1070988175627,131221.22137418948,113297.18010544582,26152.401457216904,21204505.64816848,18412316.224699102,243533435.19560292,244792623.91549113,248761346.4076215,29478.049133333345
31.46728358333333,-87195.84280941666,-71234.06321177083,-2771.0,-960.0,-1811.0,-2263.75,6762.75,6255.5,0.0,41.65959620858494,39.72611019374276,14.00926023674857,110026.9018030719,89112.71078871022,22896.53050815881,21204505.64816848,18412316.224699102,243533435.19560292,244792623.91549113,248761346.4076215,29478.049133333345
32.9643405,-51688.085904,-64610.107379999994,-1568.0,0.0,-1568.0,-1960.0,5987.916666666667,6379.916666666667,0.0,34.82553138225883,41.15138597875668,24.58435508949854,79341.25544861364,94089.23118981786,31198.24161808218,21204505.64816848,18412316.224699102,243533435.19560292,244792623.91549113,248761346.4076215,29478.049133333345
32.709444250000004,-50901.06007424708,-44689.27820656251,-1556.1579,-463.1579,-1093.0,-1366.25,7145.1579,6955.25,0.0,41.65959620858494,41.65959620858494,34.04018635086596,125957.86050404483,118046.3740732245,65561.87186613175,21204505.64816848,18412316.224699102,243533435.19560292,244792623.91549113,248761346.4076215,29478.049133333345
46.231083500000004,4647.764927866668,5809.706159833334,100.53333333333335,-0.0,100.53333333333335,125.66666666666667,8306.216666666667,8282.083333333334,1.0,50.59194752460175,50.59194752460175,50.59194752460175,180118.68291512018,178897.73058152647,185255.45198711805,21204505.64816848,18412316.224699102,243533435.19560292,244792623.91549113,248761346.4076215,29478.049133333345
57.03384433333334,181892.3363478667,158924.80723483337,3189.2000000000003,960.0,2229.2000000000003,2786.5,10177.216666666669,10579.91666666667,0.0,56.84699702832563,57.64316794807971,61.3157522025998,280035.5102502435,303157.57043197163,471820.976182071,21204505.64816848,18412316.224699102,243533435.19560292,244792623.91549113,248761346.4076215,29478.049133333345
58.18487991666667,212685.1310553889,196034.5579192361,3655.3333333333335,960.0,2695.3333333333335,3369.1666666666665,11262.166666666664,11548.33333333333,0.0,60.06908194289178,60.06908194289178,62.82941806468727,343727.22175783495,360916.9907071591,568391.7277513451,21204505.64816848,18412316.224699102,243533435.19560292,244792623.91549113,248761346.4076215,29478.049133333345
54.93589674999999,113039.76354591666,141299.7044323958,2057.666666666667,0.0,2057.666666666667,2572.0833333333335,12559.583333333336,12045.16666666667,0.0,61.24434842984079,60.86179049961658,62.77103502979372,422401.04526626074,390967.34585804894,549531.6408455303,21204505.64816848,18412316.224699102,243533435.19560292,244792623.91549113,248761346.4076215,29478.049133333345
53.67300749999999,66021.37742549999,82526.72178187498,1230.0666666666666,0.0,1230.0666666666666,1537.5833333333333,12418.849999999997,12111.33333333333,0.0,61.24434842984079,60.86179049961658,61.52031723517364,413781.92396390083,394994.3676627732,489191.3786348768,21204505.64816848,18412316.224699102,243533435.19560292,244792623.91549113,248761346.4076215,29478.049133333345
48.78651750000001,432.5737885000053,59084.538235625005,8.866666666666674,-960.0,968.8666666666667,1211.0833333333333,13401.966666666667,12199.75,0.0,61.41295516293172,60.86179049961658,61.41295516293172,474002.5850687249,400375.56430611445,474547.11327116954,21204505.64816848,18412316.224699102,243533435.19560292,244792623.91549113,248761346.4076215,29478.049133333345
40.589547083333336,-3558.35029430555,44259.51863211806,-87.66666666666652,-960.0,872.3333333333335,1090.4166666666667,13517.833333333334,12339.75,0.0,61.52031723517364,61.1954964592248,61.41295516293172,481127.0903839663,408938.0504729671,475734.4304043195,21204505.64816848,18412316.224699102,243533435.19560292,244792623.91549113,248761346.4076215,29478.049133333345
65.82682333333334,102966.31705800002,49715.7083225,1564.2,960.0,604.2,755.25,11171.8,11980.75,0.0,59.66414016202437,60.86094263517563,61.24434842984079,338309.4467717093,387046.86656760145,433205.56906842504,21204505.64816848,18412316.224699102,243533435.19560292,244792623.91549113,248761346.4076215,29478.049133333345
57.88349541666667,37925.266197000004,1881.2136010416668,655.2,629.2,26.0,32.5,11012.8,11635.5,0.0,59.6222469651773,60.13699040563468,60.24177886994656,328826.2041310149,366155.07676711545,368110.40773046075,21204505.64816848,18412316.224699102,243533435.19560292,244792623.91549113,248761346.4076215,29478.049133333345
59.878928166666675,64717.14556253334,9041.718153166668,1080.8,960.0,120.80000000000001,151.0,10143.45,11073.25,0.0,56.84699702832563,59.6222469651773,60.06908194289178,278115.97665058693,332430.3689600599,341449.6024008338,21204505.64816848,18412316.224699102,243533435.19560292,244792623.91549113,248761346.4076215,29478.049133333345
56.519035,-4216.320011000001,-5270.400013750001,-74.60000000000001,-0.0,-74.60000000000001,-93.25,10763.76666666667,10782.41666666667,0.0,59.6222469651773,59.6222469651773,59.446359957658,313978.2772284538,315090.23213435436,309531.4660236946,21204505.64816848,18412316.224699102,243533435.19560292,244792623.91549113,248761346.4076215,29478.049133333345
49.07158416666667,-51865.39302522223,-5945.840281527778,-1056.9333333333334,-960.0,-96.93333333333334,-121.16666666666667,11307.766666666666,10372.0,0.0,60.06908194289178,57.5987946620749,56.84699702832563,346466.37189443095,291180.21842663555,284220.3966814786,21204505.64816848,18412316.224699102,243533435.19560292,244792623.91549113,248761346.4076215,29478.049133333345
52.70538375000001,548.1359910000001,685.1699887500001,10.4,-0.0,10.4,13.0,10150.43333333333,10147.83333333333,0.0,56.84699702832563,56.84699702832563,56.84699702832563,278512.95817983453,278365.15598756087,279104.16694892914,21204505.64816848,18412316.224699102,243533435.19560292,244792623.91549113,248761346.4076215,29478.049133333345
61.23475933333333,73726.65023733332,18676.601596666664,1204.0,960.0,244.0,305.0,9671.0,10570.0,0.0,55.08860599120217,57.64316794807971,59.6222469651773,251638.4083361966,302585.94234981964,320610.2584992135,21204505.64816848,18412316.224699102,243533435.19560292,244792623.91549113,248761346.4076215,29478.049133333345
67.51226833333334,101502.44503022222,45863.33428777778,1503.4666666666667,960.0,543.4666666666667,679.3333333333334,10238.866666666667,11063.0,0.0,56.84699702832563,59.6222469651773,60.24177886994656,283540.12761703966,331819.24092866684,372588.37995979347,21204505.64816848,18412316.224699102,243533435.19560292,244792623.91549113,248761346.4076215,29478.049133333345
83.37861316666668,129659.30204837781,62019.79176047224,1555.0666666666666,960.0,595.0666666666667,743.8333333333334,10428.933333333336,11240.16666666667,0.0,57.5987946620749,60.06908194289178,60.86094263517563,294459.5098027298,342405.7019550917,387244.66463116603,21204505.64816848,18412316.224699102,243533435.19560292,244792623.91549113,248761346.4076215,29478.049133333345
42.62257883333333,-14423.4806772,-18029.350846499998,-338.40000000000003,-0.0,-338.40000000000003,-423.0,10442.4,10527.0,0.0,57.5987946620749,57.5987946620749,56.84699702832563,295235.17357084557,300108.03159925714,275873.36261781945,21204505.64816848,18412316.224699102,243533435.19560292,244792623.91549113,248761346.4076215,29478.049133333345
17.723144416666667,-24747.417320472225,-30934.27165059028,-1396.3333333333335,0.0,-1396.3333333333335,-1745.4166666666667,8446.166666666666,8795.25,0.0,50.59194752460175,52.22503348356775,41.65959620858494,187199.02597118815,205024.44541548437,121986.67754795315,21204505.64816848,18412316.224699102,243533435.19560292,244792623.91549113,248761346.4076215,29478.049133333345
14.597676333333332,-39593.14954593748,-41040.150538138885,-2712.2912333333334,-463.1579,-2249.133333333333,-2811.4166666666665,8017.291233333333,8116.416666666667,0.0,49.73249582204807,50.59194752460175,31.87486020767374,165502.8511558183,170516.33127495076,56312.96482590571,21204505.64816848,18412316.224699102,243533435.19560292,244792623.91549113,248761346.4076215,29478.049133333345
12.357321833333335,-45763.28185611112,-42375.316120138894,-3703.3333333333335,-960.0,-2743.3333333333335,-3429.1666666666665,8077.333333333334,8062.166666666667,259.0,50.59194752460175,50.59194752460175,24.72527886099073,168539.02932586428,167771.71812174114,36455.89539657146,21204505.64816848,18412316.224699102,243533435.19560292,244792623.91549113,248761346.4076215,29478.049133333345
12.298458166666668,-47186.724293866675,-44225.25556733334,-3836.8,-960.0,-2876.8,-3596.0,7866.25,7866.25,240.80000000000018,48.62349588309512,48.62349588309512,19.1070988175627,158022.08699565823,158022.08699565823,27637.978390282402,21204505.64816848,18412316.224699102,243533435.19560292,244792623.91549113,248761346.4076215,29478.049133333345
11.639447333333335,-47827.26505582223,-45816.744519777785,-4109.0666666666675,-960.0,-3149.066666666667,-3936.3333333333335,8281.166666666666,8281.166666666666,172.73333333333403,50.59194752460175,50.59194752460175,24.02267635961973,178851.35462962886,178851.35462962886,29362.024229369646,21204505.64816848,18412316.224699102,243533435.19560292,244792623.91549113,248761346.4076215,29478.049133333345
6.141948166666666,-23409.011779222223,-21890.926924027775,-3811.3333333333335,-960.0,-2851.3333333333335,-3564.1666666666665,7972.833333333333,7972.833333333333,247.16666666666697,49.73249582204807,49.73249582204807,24.58435508949854,163291.84882981124,163291.84882981124,30921.6676233253,21204505.64816848,18412316.224699102,243533435.19560292,244792623.91549113,248761346.4076215,29478.049133333345
4.629476333333333,-8391.3888018,-10489.23600225,-1812.6000000000001,0.0,-1812.6000000000001,-2265.75,7248.433333333333,7701.583333333333,0.0,41.65959620858494,45.83196438349641,31.87486020767374,130260.27335497813,150365.21071989398,60483.259036409676,21204505.64816848,18412316.224699102,243533435.19560292,244792623.91549113,248761346.4076215,29478.049133333345
37.43224275000001,-31390.678770150007,5680.342837312501,-838.6,-960.0,121.4,151.75,8717.433333333332,7746.083333333333,19.0,51.77463562382418,45.95018205599548,49.61369733444081,200966.10567268918,152406.40152949007,159568.93760805856,21204505.64816848,18412316.224699102,243533435.19560292,244792623.91549113,248761346.4076215,29478.049133333345
64.91284275000001,147443.03102235004,184303.78877793753,2271.4,-0.0,2271.4,2839.25,11195.35,10627.5,0.0,59.73745311462309,57.64316794807971,61.50923297908678,339714.71688925894,305900.42450683424,477984.553318176,21204505.64816848,18412316.224699102,243533435.19560292,244792623.91549113,248761346.4076215,29478.049133333345
60.099654750000006,196754.24972055003,245942.81215068753,3273.8,-0.0,3273.8,4092.25,12099.7,11281.25,0.0,60.86179049961658,60.06908194289178,62.91207762549465,394286.3421666279,344873.54007157864,597045.4636861332,21204505.64816848,18412316.224699102,243533435.19560292,244792623.91549113,248761346.4076215,29478.049133333345
61.2323715,172822.2453216,216027.806652,2822.4,-0.0,2822.4,3528.0,12136.18333333333,11430.58333333333,0.0,60.86179049961658,60.06908194289178,62.82941806468727,396506.7831566887,353843.8563083836,570972.969676836,21204505.64816848,18412316.224699102,243533435.19560292,244792623.91549113,248761346.4076215,29478.049133333345
63.82145433333333,174815.4729462444,218519.34118280554,2739.133333333333,-0.0,2739.133333333333,3423.9166666666665,11833.450000000003,11148.66666666667,0.0,60.71842384123605,59.66414016202437,62.77103502979372,378094.0812748773,336929.2163292947,546727.8679475328,21204505.64816848,18412316.224699102,243533435.19560292,244792623.91549113,248761346.4076215,29478.049133333345
67.47746966666668,157235.9998172667,196544.99977158336,2330.2000000000003,-0.0,2330.2000000000003,2912.75,11494.38333333333,10911.83333333333,0.0,60.06908194289178,59.6222469651773,61.52031723517364,357676.26373634004,322806.344595764,499998.4476958556,21204505.64816848,18412316.224699102,243533435.19560292,244792623.91549113,248761346.4076215,29478.049133333345
78.49495141666667,182767.64487856667,134265.61439820833,2328.4,960.0,1368.4,1710.5,10594.18333333333,11212.08333333333,0.0,57.64316794807971,60.06908194289178,61.24434842984079,303979.94629469723,340718.76190386177,444632.74374629266,21204505.64816848,18412316.224699102,243533435.19560292,244792623.91549113,248761346.4076215,29478.049133333345
84.21920833333334,136962.89120555558,70140.56400694445,1626.2666666666669,960.0,666.2666666666668,832.8333333333334,10623.566666666666,11417.0,0.0,57.64316794807971,60.06908194289178,61.15035779449792,305673.69471290504,353027.9179453262,403436.063978631,21204505.64816848,18412316.224699102,243533435.19560292,244792623.91549113,248761346.4076215,29478.049133333345
75.15206158333332,7675.530556377777,9594.413195472222,102.13333333333334,0.0,102.13333333333334,127.66666666666667,11432.033333333333,11406.5,0.0,60.06908194289178,60.06908194289178,60.06908194289178,353930.95647720096,352397.1925849258,360066.0120463016,21204505.64816848,18412316.224699102,243533435.19560292,244792623.91549113,248761346.4076215,29478.049133333345
75.28870358333334,74831.95211492779,7899.039817618057,993.9333333333334,910.0,83.93333333333334,104.91666666666667,10908.816666666664,11797.83333333333,0.0,59.6222469651773,60.5003388737758,60.72942857249693,322626.4841507524,375937.352628524,382302.17893073277,21204505.64816848,18412316.224699102,243533435.19560292,244792623.91549113,248761346.4076215,29478.049133333345
72.67797716666668,-5344.253920988891,-6680.317401236112,-73.53333333333335,-0.0,-73.53333333333335,-91.91666666666667,11458.866666666667,11477.25,0.0,60.06908194289178,60.06908194289178,60.06908194289178,355542.8101760019,356647.0801323854,351125.73035046796,21204505.64816848,18412316.224699102,243533435.19560292,244792623.91549113,248761346.4076215,29478.049133333345
69.28506766666668,-9875.431644755557,-12344.289555944446,-142.53333333333333,-0.0,-142.53333333333333,-178.16666666666666,11113.616666666667,11149.25,0.0,59.66414016202437,59.66414016202437,59.6222469651773,334837.9882166156,336964.0204110557,326338.962728451,21204505.64816848,18412316.224699102,243533435.19560292,244792623.91549113,248761346.4076215,29478.049133333345
70.76620283333334,-9779.889231566669,-12224.861539458334,-138.20000000000002,-0.0,-138.20000000000002,-172.75,11065.283333333331,11099.83333333333,0.0,59.6222469651773,59.66414016202437,59.6222469651773,331955.37839257054,334015.6174847155,323715.583861983,21204505.64816848,18412316.224699102,243533435.19560292,244792623.91549113,248761346.4076215,29478.049133333345
74.20507241666667,-6673.509512672223,-8341.886890840278,-89.93333333333334,-0.0,-89.93333333333334,-112.41666666666667,11286.016666666666,11308.5,0.0,60.06908194289178,60.06908194289178,59.73745311462309,345159.869362173,346510.4225545224,339758.5243548763,21204505.64816848,18412316.224699102,243533435.19560292,244792623.91549113,248761346.4076215,29478.049133333345
80.36239433333334,79751.6401364,3254.6769705,992.4,960.0,32.4,40.5,10566.26666666667,11518.16666666667,0.0,57.64316794807971,60.06908194289178,60.06908194289178,302370.74118948035,359104.90673521557,361537.7045539027,21204505.64816848,18412316.224699102,243533435.19560292,244792623.91549113,248761346.4076215,29478.049133333345
79.8533115,94929.61671120001,22838.047089,1188.8,960.0,228.8,286.0,10719.7,11622.5,0.0,59.6222469651773,60.13699040563468,60.72942857249693,311350.9235455215,365373.29589184216,382651.3731450248,21204505.64816848,18412316.224699102,243533435.19560292,244792623.91549113,248761346.4076215,29478.049133333345
47.47049725,-15826.663783150001,-19783.3297289375,-333.40000000000003,0.0,-333.40000000000003,-416.75,10870.73333333333,10954.08333333333,0.0,59.6222469651773,59.6222469651773,57.5987946620749,320355.8702454952,325325.38453004276,300703.2191440984,21204505.64816848,18412316.224699102,243533435.19560292,244792623.91549113,248761346.4076215,29478.049133333345
21.162791333333335,-58609.645171288896,-47866.70686411112,-2769.466666666667,-960.0,-1809.466666666667,-2261.8333333333335,10654.133333333333,10418.5,272.0,59.446359957658,57.5987946620749,50.59194752460175,307448.86187984445,293858.562378422,172552.65716281594,21204505.64816848,18412316.224699102,243533435.19560292,244792623.91549113,248761346.4076215,29478.049133333345
9.825129666666667,-32952.174884711116,-29400.063005888893,-3353.866666666667,-960.0,-2393.866666666667,-2992.3333333333335,9713.449999999999,9621.916666666666,270.0,55.08860599120217,55.08860599120217,41.65959620858494,253976.91966052307,248934.47592546174,104479.23224129529,21204505.64816848,18412316.224699102,243533435.19560292,244792623.91549113,248761346.4076215,29478.049133333345
25.27733075,-87898.32577442544,-95238.6629333125,-3477.3579000000004,-463.1579,-3014.2000000000003,-3767.75,9347.024566666667,9637.416666666666,0.0,53.05374351030698,55.08860599120217,34.82553138225883,233862.07420604464,249788.34931832537,75223.1363626615,21204505.64816848,18412316.224699102,243533435.19560292,244792623.91549113,248761346.4076215,29478.049133333345
17.867270500000004,-72204.02239323335,-68814.30339154167,-4041.133333333333,-960.0,-3081.133333333333,-3851.4166666666665,9404.300000000001,9307.583333333334,93.0,54.86960691400279,52.27524016843355,31.87486020767374,236990.56717840888,231799.1896593556,61131.38119396576,21204505.64816848,18412316.224699102,243533435.19560292,244792623.91549113,248761346.4076215,29478.049133333345
9.60121425,-25157.101577850004,-31446.3769723125,-2620.2000000000003,0.0,-2620.2000000000003,-3275.25,8424.45,9079.5,0.0,50.59194752460175,52.27524016843355,34.82553138225883,186100.33751077895,219876.07863093866,72944.96618473876,21204505.64816848,18412316.224699102,243533435.19560292,244792623.91549113,248761346.4076215,29478.049133333345
19.175525750000002,-33895.93768408334,-42369.922105104175,-1767.666666666667,0.0,-1767.666666666667,-2209.5833333333335,8241.333333333334,8683.25,0.0,50.59194752460175,51.04445629945764,41.65959620858494,176836.10871989897,199210.38948200928,97983.80686577345,21204505.64816848,18412316.224699102,243533435.19560292,244792623.91549113,248761346.4076215,29478.049133333345
42.43739766666666,-60843.911614622215,-25130.012318277775,-1433.7333333333333,-960.0,-473.73333333333335,-592.1666666666666,9629.483333333334,8787.916666666666,0.0,55.08860599120217,52.22503348356775,50.59194752460175,249351.31304412853,204641.46183660484,174529.95911190248,21204505.64816848,18412316.224699102,243533435.19560292,244792623.91549113,248761346.4076215,29478.049133333345
68.85226966666666,133261.27286417776,83953.86748022221,1935.4666666666667,960.0,975.4666666666667,1219.3333333333333,10235.366666666667,10951.5,0.0,56.84699702832563,59.6222469651773,60.86179049961658,283341.1631274405,325171.36039204954,398615.6441975006,21204505.64816848,18412316.224699102,243533435.19560292,244792623.91549113,248761346.4076215,29478.049133333345
67.71998441666666,202518.87073085556,171884.60711356942,2990.5333333333333,960.0,2030.5333333333333,2538.1666666666665,12157.883333333333,12610.25,0.0,60.86179049961658,61.24434842984079,62.82941806468727,397827.4840105305,425504.09225337254,582900.0875394493,21204505.64816848,18412316.224699102,243533435.19560292,244792623.91549113,248761346.4076215,29478.049133333345
63.44326791666666,150978.05943688887,185264.91619465276,2379.733333333333,43.6,2336.133333333333,2920.1666666666665,14269.933333333334,13729.5,0.0,62.77103502979372,61.52031723517364,63.13632209610795,527730.2141957657,494148.8908654113,677482.9165248538,21204505.64816848,18412316.224699102,243533435.19560292,244792623.91549113,248761346.4076215,29478.049133333345
62.67404691666667,143790.97670601113,179738.7208825139,2294.266666666667,0.0,2294.266666666667,2867.8333333333335,14191.483333333337,13617.91666666667,0.0,62.77103502979372,61.52031723517364,63.13632209610795,522805.8264976785,487284.24880058673,667133.8210612669,21204505.64816848,18412316.224699102,243533435.19560292,244792623.91549113,248761346.4076215,29478.049133333345
67.12994633333334,189342.25129804446,156121.87852255555,2820.5333333333333,960.0,1860.5333333333333,2325.6666666666665,13315.216666666664,13810.08333333333,0.0,61.3157522025998,61.52031723517364,63.11178396875967,468681.6096692976,499106.40309594554,645044.5972927848,21204505.64816848,18412316.224699102,243533435.19560292,244792623.91549113,248761346.4076215,29478.049133333345
68.27255033333334,159043.1817531778,116876.91679147225,2329.5333333333338,960.0,1369.5333333333335,1711.9166666666667,13504.383333333333,14122.0,0.0,61.52031723517364,62.42528719522737,62.93888483233038,480299.64211715315,518467.5891510746,626021.9132429545,21204505.64816848,18412316.224699102,243533435.19560292,244792623.91549113,248761346.4076215,29478.049133333345
61.90013741666666,22242.782711722222,27803.478389652777,359.33333333333337,0.0,359.33333333333337,449.1666666666667,13905.333333333334,13815.5,0.0,62.08274572955887,61.52031723517364,62.77103502979372,504987.76937413437,499439.63814763626,527399.620077942,21204505.64816848,18412316.224699102,243533435.19560292,244792623.91549113,248761346.4076215,29478.049133333345
57.80911608333333,-49812.188358472216,7105.703851909722,-861.6666666666666,-960.0,98.33333333333334,122.91666666666667,14500.833333333334,13516.25,0.0,62.77103502979372,61.52031723517364,61.52031723517364,542224.046184145,481029.68321501056,488591.5555418339,21204505.64816848,18412316.224699102,243533435.19560292,244792623.91549113,248761346.4076215,29478.049133333345
58.01802933333332,-64179.54404853332,-10602.794860666663,-1106.2,-960.0,-146.20000000000002,-182.75,13804.61666666667,12881.16666666667,0.0,61.52031723517364,61.24434842984079,61.24434842984079,498770.0920283937,442096.2069821571,430903.8023066037,21204505.64816848,18412316.224699102,243533435.19560292,244792623.91549113,248761346.4076215,29478.049133333345
61.745718916666675,-4622.696156227778,-5778.370195284722,-74.86666666666666,0.0,-74.86666666666666,-93.58333333333333,12526.700000000003,12545.41666666667,0.0,61.24434842984079,61.24434842984079,61.24434842984079,420387.1269420595,421533.41699683806,415801.9667229454,21204505.64816848,18412316.224699102,243533435.19560292,244792623.91549113,248761346.4076215,29478.049133333345
58.23155658333334,-46255.4042607117,-35171.860176333335,-794.3357000000001,-311.1357,-483.20000000000005,-604.0,12838.3357,12648.0,0.0,61.24434842984079,61.24434842984079,60.86179049961658,439473.05233603664,427816.066406599,390896.34043579915,21204505.64816848,18412316.224699102,243533435.19560292,244792623.91549113,248761346.4076215,29478.049133333345
56.264292333333344,-85953.08392122225,-39924.20410152779,-1527.6666666666667,-960.0,-567.6666666666667,-709.5833333333334,13317.916666666664,12499.83333333333,0.0,61.3157522025998,61.24434842984079,60.5003388737758,468847.1622002446,418741.69544757745,375478.55839206453,21204505.64816848,18412316.224699102,243533435.19560292,244792623.91549113,248761346.4076215,29478.049133333345
59.424015250000004,-33198.216519666676,-41497.77064958334,-558.6666666666667,-0.0,-558.6666666666667,-698.3333333333334,12671.000000000004,12810.66666666667,0.0,61.24434842984079,61.24434842984079,60.86179049961658,429224.6864204856,437778.48041785334,395055.2294532731,21204505.64816848,18412316.224699102,243533435.19560292,244792623.91549113,248761346.4076215,29478.049133333345
59.69315650000001,-12734.540053333338,-15918.17506666667,-213.33333333333337,-0.0,-213.33333333333337,-266.6666666666667,12698.083333333336,12751.41666666667,0.0,61.24434842984079,61.24434842984079,61.24434842984079,430883.38752379373,434149.75277338526,417817.9265254277,21204505.64816848,18412316.224699102,243533435.19560292,244792623.91549113,248761346.4076215,29478.049133333345
66.65993883333334,108642.36831056667,55811.03378820834,1629.8000000000002,960.0,669.8000000000001,837.25,12169.95,12962.5,0.0,60.86179049961658,61.24434842984079,61.52031723517364,398561.88294922595,447077.41398778395,498470.69315118226,21204505.64816848,18412316.224699102,243533435.19560292,244792623.91549113,248761346.4076215,29478.049133333345
86.49020166666666,258847.875548,219771.60243499998,2992.8,960.0,2032.8000000000002,2541.0,13108.366666666669,13560.16666666667,0.0,61.24434842984079,61.52031723517364,63.11178396875967,456010.9229454169,483731.4504802555,642861.9814305323,21204505.64816848,18412316.224699102,243533435.19560292,244792623.91549113,248761346.4076215,29478.049133333345
100.89455291666665,172099.2020617222,94050.53907715276,1705.7333333333333,960.0,745.7333333333333,932.1666666666666,13778.266666666663,14551.83333333333,0.0,61.52031723517364,62.77103502979372,62.93888483233038,497149.0316692464,545425.3689706642,603998.548458708,21204505.64816848,18412316.224699102,243533435.19560292,244792623.91549113,248761346.4076215,29478.049133333345
46.40984016666666,-79691.88354485555,-43923.046231069435,-1717.1333333333332,-960.0,-757.1333333333333,-946.4166666666666,12872.466666666667,12188.75,87.0,61.24434842984079,60.86179049961658,60.06908194289178,441563.3811508173,399706.08461061865,342535.85163263447,21204505.64816848,18412316.224699102,243533435.19560292,244792623.91549113,248761346.4076215,29478.049133333345
38.352715499999995,-103383.57990179998,-83206.21627724999,-2695.6000000000004,-960.0,-1735.6000000000001,-2169.5,11329.76666666667,10913.66666666667,110.0,60.06908194289178,59.6222469651773,52.22503348356775,347787.8916971748,322915.65204853384,202356.61662169895,21204505.64816848,18412316.224699102,243533435.19560292,244792623.91549113,248761346.4076215,29478.049133333345
50.148672499999996,-100287.3152655,-125359.144081875,-1999.8000000000002,0.0,-1999.8000000000002,-2499.75,10447.05,10947.0,0.0,57.5987946620749,59.6222469651773,50.59194752460175,295503.0079660242,324903.06028070627,187253.83391433983,21204505.64816848,18412316.224699102,243533435.19560292,244792623.91549113,248761346.4076215,29478.049133333345
49.16717791666667,-146994.68078519858,-155278.14239048611,-2989.6912333333335,-463.1579,-2526.5333333333333,-3158.1666666666665,11479.524566666667,11648.0,0.0,60.06908194289178,60.13699040563468,50.59194752460175,356783.71126387,366906.78914718586,189408.2076797625,21204505.64816848,18412316.224699102,243533435.19560292,244792623.91549113,248761346.4076215,29478.049133333345
42.22457033333334,-165289.48805551114,-155942.37566938892,-3914.5333333333333,-960.0,-2954.5333333333333,-3693.1666666666665,12497.866666666667,12290.5,14.0,61.24434842984079,61.1954964592248,50.59194752460175,418621.248228999,405924.17227235023,194846.84203865717,21204505.64816848,18412316.224699102,243533435.19560292,244792623.91549113,248761346.4076215,29478.049133333345
34.331756999999996,-80565.18976000001,-100706.48719999999,-2346.666666666667,0.0,-2346.666666666667,-2933.3333333333335,11497.666666666664,12084.33333333333,0.0,60.06908194289178,60.86179049961658,52.27524016843355,357873.49055538594,393351.0993192835,223613.75830298147,21204505.64816848,18412316.224699102,243533435.19560292,244792623.91549113,248761346.4076215,29478.049133333345
44.00924508333333,-95015.96013491668,-65958.85606864584,-2159.0,-960.0,-1199.0,-1498.75,12842.66666666667,12254.41666666667,72.0,61.24434842984079,61.15035779449792,59.6222469651773,439738.2995676082,403716.33645185595,313495.33702803584,21204505.64816848,18412316.224699102,243533435.19560292,244792623.91549113,248761346.4076215,29478.049133333345
68.72403033333335,-38783.26111811112,33989.760002361116,-564.3333333333333,-960.0,395.6666666666667,494.5833333333333,15152.416666666666,14093.5,0.0,62.82941806468727,62.42528719522737,62.77103502979372,583151.405211708,516688.4684660106,547700.8189904945,21204505.64816848,18412316.224699102,243533435.19560292,244792623.91549113,248761346.4076215,29478.049133333345
78.3278885,195824.94310923337,244781.1788865417,2500.066666666667,-0.0,2500.066666666667,3125.0833333333335,16646.516666666666,16021.5,0.0,63.13632209610795,63.11178396875967,64.85583446173986,677284.0371102509,637834.0759743543,836778.4734929958,21204505.64816848,18412316.224699102,243533435.19560292,244792623.91549113,248761346.4076215,29478.049133333345
86.91942566666667,326880.78141882224,408600.9767735278,3760.7333333333336,-0.0,3760.7333333333336,4700.916666666667,17443.600000000006,16503.41666666667,0.0,63.59294564410417,63.13632209610795,69.80752210143045,727793.9154465429,668249.2294182982,974072.0548377768,21204505.64816848,18412316.224699102,243533435.19560292,244792623.91549113,248761346.4076215,29478.049133333345
79.66564166666667,207645.83948277784,259557.29935347225,2606.466666666667,-0.0,2606.466666666667,3258.0833333333335,16907.533333333336,16255.91666666667,0.0,63.3009065369782,63.11178396875967,65.4112083995938,693767.9212140928,652628.5299996978,860742.9459706523,21204505.64816848,18412316.224699102,243533435.19560292,244792623.91549113,248761346.4076215,29478.049133333345
90.71202383333333,260972.44510024445,217361.12777530553,2876.9333333333334,960.0,1916.9333333333334,2396.1666666666665,16067.733333333334,16548.5,0.0,63.11178396875967,63.13632209610795,64.85583446173986,640751.9441198432,671095.6252727974,823682.9995845964,21204505.64816848,18412316.224699102,243533435.19560292,244792623.91549113,248761346.4076215,29478.049133333345
99.58780766666666,229842.02090748888,167797.15693436112,2307.9333333333334,960.0,1347.9333333333334,1684.9166666666667,16263.316666666662,16886.33333333333,0.0,63.11178396875967,63.3009065369782,64.04782199856274,653095.5572010662,692425.9419955084,799616.4438349933,21204505.64816848,18412316.224699102,243533435.19560292,244792623.91549113,248761346.4076215,29478.049133333345
107.96166183333334,163533.12790101112,74862.41567626389,1514.7333333333333,960.0,554.7333333333333,693.4166666666666,16033.683333333332,16855.0,0.0,63.11178396875967,63.13632209610795,63.59294564410417,638602.9878757069,690446.9079952545,734459.5160324721,21204505.64816848,18412316.224699102,243533435.19560292,244792623.91549113,248761346.4076215,29478.049133333345
88.48489591666667,-5438.871602344445,-6798.589502930556,-61.46666666666667,0.0,-61.46666666666667,-76.83333333333333,16036.050000000003,16051.41666666667,0.0,63.11178396875967,63.11178396875967,62.98488235152741,638752.3524310999,639722.1701780865,634878.8068211175,21204505.64816848,18412316.224699102,243533435.19560292,244792623.91549113,248761346.4076215,29478.049133333345
72.17462825,-82043.30575271667,-15944.578290895832,-1136.7333333333333,-960.0,-176.73333333333335,-220.91666666666666,16455.233333333337,15539.41666666667,0.0,63.11178396875967,62.93888483233038,62.82941806468727,665207.7604077378,607486.4116598334,593586.3243952851,21204505.64816848,18412316.224699102,243533435.19560292,244792623.91549113,248761346.4076215,29478.049133333345
81.43631608333334,2861.1292383944447,3576.4115479930556,35.13333333333333,0.0,35.13333333333333,43.916666666666664,14583.950000000003,14575.16666666667,0.0,62.77103502979372,62.77103502979372,62.77103502979372,547441.3653790382,546890.0264546932,549646.7210764183,21204505.64816848,18412316.224699102,243533435.19560292,244792623.91549113,248761346.4076215,29478.049133333345
76.60062541666667,-89392.92986125001,-19820.4118265625,-1167.0,-960.0,-207.0,-258.75,15324.66666666667,14416.41666666667,0.0,62.82941806468727,62.77103502979372,62.42528719522737,593973.7724733506,536925.1246437135,520694.09106103785,21204505.64816848,18412316.224699102,243533435.19560292,244792623.91549113,248761346.4076215,29478.049133333345
81.82481991666667,-14188.423773550001,-17735.5297169375,-173.4,0.0,-173.4,-216.75,14109.73333333333,14153.08333333333,0.0,62.42528719522737,62.42528719522737,62.08274572955887,517701.83896147955,520407.9751613927,506912.33449175046,21204505.64816848,18412316.224699102,243533435.19560292,244792623.91549113,248761346.4076215,29478.049133333345
78.81345850000001,-35042.47339229175,-17910.358444125002,-444.6255,-262.8255,-181.8,-227.25,14363.04216666667,14145.66666666667,0.0,62.77103502979372,62.42528719522737,62.08274572955887,533574.7520345157,519944.98761469516,505800.01863076293,21204505.64816848,18412316.224699102,243533435.19560292,244792623.91549113,248761346.4076215,29478.049133333345
88.74682916666667,91125.24418833334,7410.360235416667,1026.8,960.0,66.8,83.5,13086.2,14029.5,0.0,61.24434842984079,62.24357100233248,62.42528719522737,454653.3398885553,512700.8639939983,517905.7615663175,21204505.64816848,18412316.224699102,243533435.19560292,244792623.91549113,248761346.4076215,29478.049133333345
90.64263558333333,113949.87861299445,33666.18556624305,1257.1333333333334,960.0,297.1333333333334,371.4166666666667,13488.533333333333,14374.25,0.0,61.52031723517364,62.77103502979372,62.82941806468727,479324.54508897563,534278.2793332903,557595.5394138965,21204505.64816848,18412316.224699102,243533435.19560292,244792623.91549113,248761346.4076215,29478.049133333345
100.43404350000002,173308.98546360002,96115.37962950002,1725.6,960.0,765.6,957.0,14620.56666666667,15389.16666666667,0.0,62.77103502979372,62.91207762549465,63.11178396875967,549739.8314450458,598031.0862355994,658324.3685028784,21204505.64816848,18412316.224699102,243533435.19560292,244792623.91549113,248761346.4076215,29478.049133333345
105.34391975000001,137185.87522643336,45069.64033304167,1302.2666666666667,960.0,342.26666666666665,427.8333333333333,14280.983333333337,15155.41666666667,0.0,62.77103502979372,62.82941806468727,62.93888483233038,528423.834132845,583339.8934659023,610245.2327783173,21204505.64816848,18412316.224699102,243533435.19560292,244792623.91549113,248761346.4076215,29478.049133333345
53.8641015,-48513.600751,-60642.000938749996,-900.6666666666666,0.0,-900.6666666666666,-1125.8333333333333,12139.000000000004,12364.16666666667,0.0,60.86179049961658,61.24434842984079,60.06908194289178,396678.210533263,410432.8788439294,342295.575304863,21204505.64816848,18412316.224699102,243533435.19560292,244792623.91549113,248761346.4076215,29478.049133333345
46.09057166666667,-96640.7702575995,-94116.94734333333,-2096.7579,-463.1579,-1633.6000000000001,-2042.0,11354.91666666667,11354.91666666667,54.75790000000006,60.06908194289178,60.06908194289178,52.27524016843355,349298.6291080385,349298.6291080385,232077.99094025404,21204505.64816848,18412316.224699102,243533435.19560292,244792623.91549113,248761346.4076215,29478.049133333345
45.662629833333334,-159618.2888454,-144727.70525675,-3495.6000000000004,-960.0,-2535.6000000000004,-3169.5,11891.68333333333,11656.58333333333,91.0,60.72942857249693,60.13699040563468,50.59194752460175,381630.1065878639,367422.9649815007,189269.07982406966,21204505.64816848,18412316.224699102,243533435.19560292,244792623.91549113,248761346.4076215,29478.049133333345
46.78232191666667,-170200.32477575555,-156611.61966969445,-3638.133333333333,-960.0,-2678.133333333333,-3347.6666666666665,11839.383333333337,11645.91666666667,97.0,60.71842384123605,60.13699040563468,50.59194752460175,378454.343923002,366781.50375050766,179715.63373317436,21204505.64816848,18412316.224699102,243533435.19560292,244792623.91549113,248761346.4076215,29478.049133333345
44.43667516666667,-165654.00013131113,-153743.4899641389,-3727.866666666667,-960.0,-2767.866666666667,-3459.8333333333335,11677.866666666663,11528.83333333333,119.0,60.24177886994656,60.06908194289178,50.59194752460175,368704.79328197736,359745.6436092727,168117.42976315905,21204505.64816848,18412316.224699102,243533435.19560292,244792623.91549113,248761346.4076215,29478.049133333345
41.117631666666675,-138056.56008400003,-123229.54210500003,-3357.6,-960.0,-2397.6,-2997.0,11596.01666666667,11405.41666666667,170.0,60.06908194289178,60.06908194289178,50.59194752460175,363781.2847644697,352332.11774615454,185289.1799521346,21204505.64816848,18412316.224699102,243533435.19560292,244792623.91549113,248761346.4076215,29478.049133333345
42.937764249999994,-106150.74077884998,-81163.1088735625,-2472.2,-960.0,-1512.2,-1890.25,11389.7,11009.75,202.0,60.06908194289178,59.6222469651773,52.27524016843355,351388.0320082853,328644.3562777711,221967.088237676,21204505.64816848,18412316.224699102,243533435.19560292,244792623.91549113,248761346.4076215,29478.049133333345
79.51372975000001,59497.47351426668,74371.84189283334,748.2666666666668,-0.0,748.2666666666668,935.3333333333334,12556.733333333337,12369.66666666667,0.0,61.24434842984079,61.24434842984079,61.3157522025998,422226.4988732358,410769.7227602935,468055.16706762806,21204505.64816848,18412316.224699102,243533435.19560292,244792623.91549113,248761346.4076215,29478.049133333345
102.19839891666665,402395.9758944833,380356.8911681041,3937.4,960.0,2977.4,3721.75,15294.43333333333,15510.08333333333,0.0,62.82941806468727,62.93888483233038,65.05399131149466,592074.2297338613,605640.204371418,842321.2515185152,21204505.64816848,18412316.224699102,243533435.19560292,244792623.91549113,248761346.4076215,29478.049133333345
94.15864366666666,314201.11667275557,392751.39584094443,3336.933333333334,0.0,3336.933333333334,4171.166666666667,17548.566666666662,16714.33333333333,0.0,63.59294564410417,63.13632209610795,68.25946978791518,734469.0549743185,681565.7320204017,952281.6997277039,21204505.64816848,18412316.224699102,243533435.19560292,244792623.91549113,248761346.4076215,29478.049133333345
92.97064433333334,269757.42355464445,337196.77944330557,2901.5333333333333,0.0,2901.5333333333333,3626.9166666666665,17519.96666666666,16794.58333333333,0.0,63.59294564410417,63.13632209610795,67.78069230915128,732650.2967288969,686632.4218686144,920780.6123280129,21204505.64816848,18412316.224699102,243533435.19560292,244792623.91549113,248761346.4076215,29478.049133333345
108.23286975,328183.70765595004,280350.19086993753,3032.2000000000003,960.0,2072.2000000000003,2590.25,16554.21666666667,16996.16666666667,0.0,63.13632209610795,63.33132841600977,65.4112083995938,671456.5545807804,699380.227638717,865479.8076455896,21204505.64816848,18412316.224699102,243533435.19560292,244792623.91549113,248761346.4076215,29478.049133333345
122.89859633333333,124209.51469422222,155261.89336777775,1010.6666666666666,0.0,1010.6666666666666,1263.3333333333333,17077.916666666668,16825.25,0.0,63.33132841600977,63.13632209610795,63.74475496248188,704557.5637367256,688568.6024128953,768826.2141125441,21204505.64816848,18412316.224699102,243533435.19560292,244792623.91549113,248761346.4076215,29478.049133333345
109.81390475,141389.06282911668,44959.64283639584,1287.5333333333333,960.0,327.53333333333336,409.4166666666667,15761.050000000005,16639.16666666667,0.0,62.93888483233038,63.13632209610795,63.33132841600977,621435.7665015056,676819.9851428448,702699.8447698563,21204505.64816848,18412316.224699102,243533435.19560292,244792623.91549113,248761346.4076215,29478.049133333345
100.68958325,865.93041595,1082.4130199375,8.6,0.0,8.6,10.75,15843.73333333333,15841.58333333333,0.0,62.93888483233038,62.93888483233038,62.93888483233038,626639.763295725,626504.4446933356,627181.037705283,21204505.64816848,18412316.224699102,243533435.19560292,244792623.91549113,248761346.4076215,29478.049133333345
86.12111975,57615.02911275,-15867.816313937501,669.0,816.4,-147.4,-184.25,14447.25,15300.5,0.0,62.77103502979372,62.82941806468727,62.82941806468727,538860.5648904652,592455.3948701206,580879.074591702,21204505.64816848,18412316.224699102,243533435.19560292,244792623.91549113,248761346.4076215,29478.049133333345
79.81868149999998,-2527.591580833333,-3159.489476041666,-31.66666666666667,0.0,-31.66666666666667,-39.583333333333336,14303.916666666664,14311.83333333333,0.0,62.77103502979372,62.77103502979372,62.77103502979372,529863.3832028613,530360.3205635138,527875.6337602511,21204505.64816848,18412316.224699102,243533435.19560292,244792623.91549113,248761346.4076215,29478.049133333345
86.46848241666667,-15858.319675216668,-19822.899594020833,-183.4,-0.0,-183.4,-229.25,14296.4,14342.25,0.0,62.77103502979372,62.77103502979372,62.42528719522737,529391.5542562208,532269.6062123368,517905.7615663175,21204505.64816848,18412316.224699102,243533435.19560292,244792623.91549113,248761346.4076215,29478.049133333345
78.91093191666667,-14730.040624444446,-18412.550780555557,-186.66666666666669,-0.0,-186.66666666666669,-233.33333333333334,13961.916666666664,14008.58333333333,0.0,62.08274572955887,62.24357100233248,61.52031723517364,508500.6180699984,511398.93596719933,496963.4453789203,21204505.64816848,18412316.224699102,243533435.19560292,244792623.91549113,248761346.4076215,29478.049133333345
83.091226,-13804.222346133334,-17255.277932666668,-166.13333333333333,-0.0,-166.13333333333333,-207.66666666666666,14054.133333333337,14095.66666666667,0.0,62.24357100233248,62.42528719522737,61.84190944166342,514234.130626356,516823.7232549338,503914.94382167095,21204505.64816848,18412316.224699102,243533435.19560292,244792623.91549113,248761346.4076215,29478.049133333345
76.75171541666667,-82646.24716066667,-11205.750450833333,-1076.8,-960.0,-116.80000000000001,-146.0,15030.966666666669,14100.16666666667,0.0,62.82941806468727,62.42528719522737,62.08274572955887,575520.772387752,517104.6370473123,508019.47679059464,21204505.64816848,18412316.224699102,243533435.19560292,244792623.91549113,248761346.4076215,29478.049133333345
83.67869525,9835.035981716666,12293.794977145833,117.53333333333333,-0.0,117.53333333333333,146.91666666666666,14434.216666666664,14404.83333333333,0.0,62.77103502979372,62.77103502979372,62.77103502979372,538042.4490672434,536198.0268212846,545420.1380510784,21204505.64816848,18412316.224699102,243533435.19560292,244792623.91549113,248761346.4076215,29478.049133333345
95.45320183333335,148289.7308214778,70818.32132684723,1553.5333333333333,960.0,593.5333333333333,741.9166666666666,14768.966666666664,15580.58333333333,0.0,62.82941806468727,62.93888483233038,63.11178396875967,559059.4648548035,610077.3957520972,656830.7229489507,21204505.64816848,18412316.224699102,243533435.19560292,244792623.91549113,248761346.4076215,29478.049133333345
100.63898183333332,115117.57668642221,23130.192658027776,1143.8666666666668,960.0,183.86666666666667,229.83333333333334,14470.299999999997,15384.33333333333,0.0,62.77103502979372,62.91207762549465,62.93888483233038,540307.4372479018,597727.0111937425,612191.0933010498,21204505.64816848,18412316.224699102,243533435.19560292,244792623.91549113,248761346.4076215,29478.049133333345
76.88431108333334,-66438.2960174778,-83047.87002184724,-864.1333333333334,0.0,-864.1333333333334,-1080.1666666666667,13578.383333333337,13794.41666666667,0.0,61.52031723517364,61.52031723517364,61.24434842984079,484852.1455925562,498142.5847925949,431873.5044900762,21204505.64816848,18412316.224699102,243533435.19560292,244792623.91549113,248761346.4076215,29478.049133333345
67.63368858333332,-156889.27448475506,-156955.24663905552,-2319.6912333333335,-463.1579,-1856.5333333333333,-2320.6666666666665,12863.024566666667,12864.0,0.0,61.24434842984079,61.24434842984079,57.5987946620749,440985.1058885079,441044.84566744464,301048.8119120711,21204505.64816848,18412316.224699102,243533435.19560292,244792623.91549113,248761346.4076215,29478.049133333345
54.349014583333336,-195605.72675305558,-179288.34094131947,-3599.066666666667,-960.0,-2639.066666666667,-3298.8333333333335,12955.066666666664,12740.83333333333,86.0,61.24434842984079,61.24434842984079,54.8707691756465,446622.16433112195,433501.58341916907,239059.1913408671,21204505.64816848,18412316.224699102,243533435.19560292,244792623.91549113,248761346.4076215,29478.049133333345
48.87673225,-210313.32042293338,-204239.5718286667,-4302.933333333334,-960.0,-3342.933333333334,-4178.666666666667,13205.433333333338,13151.16666666667,70.0,61.24434842984079,61.24434842984079,52.27524016843355,461955.7076996736,458632.1810582141,214282.62793291648,21204505.64816848,18412316.224699102,243533435.19560292,244792623.91549113,248761346.4076215,29478.049133333345
44.206970000000005,-184272.33374800003,-177292.05318500003,-4168.4,-960.0,-3208.4,-4010.5,13112.31666666667,13019.41666666667,65.0,61.24434842984079,61.24434842984079,52.27524016843355,456252.83812171477,450563.2381525826,216186.31792905022,21204505.64816848,18412316.224699102,243533435.19560292,244792623.91549113,248761346.4076215,29478.049133333345
44.26342541666667,-168103.63704741668,-157013.43580927086,-3797.8,-960.0,-2837.8,-3547.25,12834.05,12650.5,67.0,61.24434842984079,61.24434842984079,52.27524016843355,439210.57743197086,427969.1772776736,221117.61558493896,21204505.64816848,18412316.224699102,243533435.19560292,244792623.91549113,248761346.4076215,29478.049133333345
41.58030283333333,-108006.22261967776,-85111.41487459722,-2597.5333333333338,-960.0,-1637.5333333333335,-2046.9166666666667,12598.783333333336,12125.16666666667,77.0,61.24434842984079,60.86179049961658,56.84699702832563,424801.82372471056,395836.28909801826,274409.55244434025,21204505.64816848,18412316.224699102,243533435.19560292,244792623.91549113,248761346.4076215,29478.049133333345
76.09017216666668,21082.050368311113,26352.562960388892,277.06666666666666,-0.0,277.06666666666666,346.3333333333333,13504.933333333336,13435.66666666667,0.0,61.52031723517364,61.50923297908678,61.52031723517364,480333.47829163267,476072.6413264096,497378.70752025815,21204505.64816848,18412316.224699102,243533435.19560292,244792623.91549113,248761346.4076215,29478.049133333345
103.81328791666668,288102.6366263334,360128.2957829167,2775.2000000000003,0.0,2775.2000000000003,3469.0,16559.55,15865.75,0.0,63.13632209610795,62.93888483233038,65.4112083995938,671793.2816319594,628025.4677434503,849017.9868650248,21204505.64816848,18412316.224699102,243533435.19560292,244792623.91549113,248761346.4076215,29478.049133333345
97.89688849999999,401984.2035586999,385003.98824837495,4106.200000000001,960.0,3146.2000000000003,3932.75,16950.46666666667,17123.91666666667,0.0,63.33132841600977,63.34749314301407,68.25946978791518,696485.9859301054,707471.5131283172,963965.445639736,21204505.64816848,18412316.224699102,243533435.19560292,244792623.91549113,248761346.4076215,29478.049133333345
89.07412683333332,313149.0002952666,284547.2981690833,3515.6000000000004,960.0,2555.6000000000004,3194.5,16473.566666666673,16794.66666666667,0.0,63.11178396875967,63.13632209610795,66.19670620938814,666364.8097804986,686637.6832287897,891929.2440334243,21204505.64816848,18412316.224699102,243533435.19560292,244792623.91549113,248761346.4076215,29478.049133333345
94.415393,287073.1495962666,245542.9653953333,3040.5333333333333,960.0,2080.5333333333333,2600.6666666666665,16291.633333333333,16731.5,0.0,63.11178396875967,63.13632209610795,65.36620160648766,654882.6725504484,682649.5722163852,848849.0679190502,21204505.64816848,18412316.224699102,243533435.19560292,244792623.91549113,248761346.4076215,29478.049133333345
89.708746,267146.66500493337,226282.83605616668,2977.9333333333334,960.0,2017.9333333333334,2522.4166666666665,15299.566666666664,15755.08333333333,0.0,62.82941806468727,62.93888483233038,63.74475496248188,592396.7540799266,621060.2311553389,780868.6607375394,21204505.64816848,18412316.224699102,243533435.19560292,244792623.91549113,248761346.4076215,29478.049133333345
90.38770691666666,150266.5498253944,85017.17066403471,1662.4666666666667,910.0,752.4666666666667,940.5833333333334,14492.616666666667,15214.5,0.0,62.77103502979372,62.82941806468727,63.11178396875967,541708.2775129835,587052.0649165574,646264.7584495144,21204505.64816848,18412316.224699102,243533435.19560292,244792623.91549113,248761346.4076215,29478.049133333345
69.83056358333333,-3603.2570809,-4504.071351125,-51.6,0.0,-51.6,-64.5,14473.18333333333,14486.08333333333,0.0,62.77103502979372,62.77103502979372,62.77103502979372,540488.4270655711,541298.1734174553,537249.4416580336,21204505.64816848,18412316.224699102,243533435.19560292,244792623.91549113,248761346.4076215,29478.049133333345
67.47674224999999,-38985.22090120127,-9666.043327312498,-577.7579,-463.1579,-114.60000000000001,-143.25,14051.2579,13616.75,0.0,62.24357100233248,61.52031723517364,61.50923297908678,514055.15338751,487212.47509714554,478399.74064078485,21204505.64816848,18412316.224699102,243533435.19560292,244792623.91549113,248761346.4076215,29478.049133333345
66.25180433333334,-85354.40791611111,-27190.844695138894,-1288.3333333333335,-960.0,-328.33333333333337,-410.4166666666667,14350.666666666666,13472.75,0.0,62.77103502979372,61.50923297908678,61.24434842984079,532797.9290905043,478353.60871605057,453191.6414393631,21204505.64816848,18412316.224699102,243533435.19560292,244792623.91549113,248761346.4076215,29478.049133333345
65.62683241666667,-104254.78597711667,-51566.28357139584,-1588.6,-960.0,-628.6,-785.75,14263.6,13460.75,0.0,62.77103502979372,61.50923297908678,61.24434842984079,527332.6643072437,477615.4979203015,429469.66381420474,21204505.64816848,18412316.224699102,243533435.19560292,244792623.91549113,248761346.4076215,29478.049133333345
64.14187216666666,-123225.08868178888,-77061.1142522361,-1921.1333333333334,-960.0,-961.1333333333334,-1201.4166666666667,14096.133333333337,13376.41666666667,0.0,62.42528719522737,61.3157522025998,60.86179049961658,516852.8550556249,472434.13370409707,398869.23499124916,21204505.64816848,18412316.224699102,243533435.19560292,244792623.91549113,248761346.4076215,29478.049133333345
63.35454025000001,-105223.44408321669,-55503.85680402084,-1660.8666666666668,-960.0,-700.8666666666668,-876.0833333333334,14075.283333333333,13290.5,0.0,62.42528719522737,61.3157522025998,61.24434842984079,515551.28781760414,467166.0886606902,413510.4073525287,21204505.64816848,18412316.224699102,243533435.19560292,244792623.91549113,248761346.4076215,29478.049133333345
65.36100425,-90420.41327945,-34592.3114993125,-1383.4,-960.0,-423.40000000000003,-529.25,13820.9,12966.75,0.0,61.52031723517364,61.24434842984079,61.24434842984079,499771.84786070616,447337.7024686108,414924.1310621175,21204505.64816848,18412316.224699102,243533435.19560292,244792623.91549113,248761346.4076215,29478.049133333345
75.04040575,21531.593756533333,26914.49219566667,286.93333333333334,-0.0,286.93333333333334,358.6666666666667,13590.400000000003,13518.66666666667,0.0,61.52031723517364,61.52031723517364,61.84190944166342,485591.41473799886,481178.3573149957,503255.29678762646,21204505.64816848,18412316.224699102,243533435.19560292,244792623.91549113,248761346.4076215,29478.049133333345
86.92874925000001,212390.11541755003,161173.1451719375,2443.2666666666664,960.0,1483.2666666666667,1854.0833333333333,13749.066666666668,14338.25,0.0,61.52031723517364,62.77103502979372,63.11178396875967,495352.6384059796,532018.5220722177,648615.6724023507,21204505.64816848,18412316.224699102,243533435.19560292,244792623.91549113,248761346.4076215,29478.049133333345
97.51574208333334,215067.71864005557,151815.75780006943,2205.4666666666667,960.0,1245.4666666666667,1556.8333333333333,13553.866666666667,14202.5,0.0,61.52031723517364,62.77103502979372,62.93888483233038,483343.87248167366,523497.3540669232,621327.7214158765,21204505.64816848,18412316.224699102,243533435.19560292,244792623.91549113,248761346.4076215,29478.049133333345
97.84943424999999,129461.32480836665,44407.334910458325,1323.0666666666666,960.0,363.06666666666666,453.8333333333333,11964.766666666666,12834.0,0.0,60.86094263517563,61.24434842984079,61.3157522025998,386074.1058344826,439207.51521454944,467002.5799881499,21204505.64816848,18412316.224699102,243533435.19560292,244792623.91549113,248761346.4076215,29478.049133333345
91.82241158333335,77143.06871821111,-13758.058002236114,840.1333333333333,960.0,-119.86666666666667,-149.83333333333334,11487.283333333333,12477.25,0.0,60.06908194289178,61.24434842984079,61.1954964592248,357249.7732545457,417358.59391220374,408183.3060166366,21204505.64816848,18412316.224699102,243533435.19560292,244792623.91549113,248761346.4076215,29478.049133333345
77.25163749999999,-113848.31323833333,-142310.39154791666,-1473.7333333333336,0.0,-1473.7333333333336,-1842.1666666666667,13475.066666666668,13843.5,0.0,61.50923297908678,61.84190944166342,60.86094263517563,478496.1051057855,501162.9788515167,388299.5876368422,21204505.64816848,18412316.224699102,243533435.19560292,244792623.91549113,248761346.4076215,29478.049133333345
68.818075,-242207.5088983333,-220177.69612291665,-3519.5333333333333,-960.0,-2559.5333333333333,-3199.4166666666665,15077.033333333336,14761.91666666667,5.0,62.82941806468727,62.82941806468727,60.06908194289178,578415.1142465987,558616.517457448,361767.96936801716,21204505.64816848,18412316.224699102,243533435.19560292,244792623.91549113,248761346.4076215,29478.049133333345
58.75939833333333,-243150.30759655556,-233426.60649569443,-4138.0666666666675,-960.0,-3178.066666666667,-3972.5833333333335,14239.650000000003,14074.16666666667,0.0,62.77103502979372,62.42528719522737,56.84699702832563,525829.2980182802,515481.5795802364,275735.9823750011,21204505.64816848,18412316.224699102,243533435.19560292,244792623.91549113,248761346.4076215,29478.049133333345
61.24785324999999,-224991.94731876667,-207742.5102484583,-3673.466666666667,-960.0,-2713.466666666667,-3391.8333333333335,13261.216666666664,12979.58333333333,0.0,61.24434842984079,61.24434842984079,54.8707691756465,465372.12160291773,448123.67160679353,247056.6059482176,21204505.64816848,18412316.224699102,243533435.19560292,244792623.91549113,248761346.4076215,29478.049133333345
61.568715499999996,-162200.72869423334,-128868.45226779167,-2634.466666666667,-960.0,-1674.466666666667,-2093.0833333333335,12707.466666666664,12166.08333333333,0.0,61.24434842984079,60.86179049961658,56.84699702832563,431458.06365989335,398326.5506926272,274111.1057099411,21204505.64816848,18412316.224699102,243533435.19560292,244792623.91549113,248761346.4076215,29478.049133333345
76.48446266666666,-37450.441230469194,-7151.2972593333325,-489.6477,-414.8477,-74.8,-93.5,14496.8977,14100.75,0.0,62.77103502979372,62.42528719522737,62.24357100233248,541977.0024063139,517141.05179817596,511315.9445391964,21204505.64816848,18412316.224699102,243533435.19560292,244792623.91549113,248761346.4076215,29478.049133333345
87.59589208333334,251919.9459055278,209784.86188190972,2875.9333333333334,960.0,1915.9333333333334,2394.9166666666665,15503.233333333334,15984.25,0.0,62.93888483233038,62.98488235152741,63.74475496248188,605209.0730103167,635487.6606838488,787349.3774920588,21204505.64816848,18412316.224699102,243533435.19560292,244792623.91549113,248761346.4076215,29478.049133333345
89.67255083333333,222429.7732570556,278037.21657131944,2480.466666666667,0.0,2480.466666666667,3100.5833333333335,17114.783333333336,16496.66666666667,2.0,63.34749314301407,63.13632209610795,65.4112083995938,706892.9393576109,667823.0592441495,866188.4290699185,21204505.64816848,18412316.224699102,243533435.19560292,244792623.91549113,248761346.4076215,29478.049133333345
87.63023841666666,276677.8727608889,240691.05485111108,3157.3333333333335,960.0,2197.3333333333335,2746.6666666666665,15834.916666666664,16245.58333333333,0.0,62.93888483233038,63.11178396875967,64.85583446173986,626084.8521277867,651976.3748986869,826769.0563744005,21204505.64816848,18412316.224699102,243533435.19560292,244792623.91549113,248761346.4076215,29478.049133333345
88.92017058333333,240351.22108674998,193734.8216584375,2703.0,960.0,1743.0,2178.75,15144.5,15668.75,0.0,62.82941806468727,62.93888483233038,63.60783689989464,582654.0056520293,615626.5074314813,753482.6369089442,21204505.64816848,18412316.224699102,243533435.19560292,244792623.91549113,248761346.4076215,29478.049133333345
83.21427383333334,150767.62133123336,88602.39806404167,1811.8000000000002,960.0,851.8000000000001,1064.75,14757.45,15504.5,0.0,62.82941806468727,62.93888483233038,63.13632209610795,558335.8793900922,605288.7955977711,672405.7039562917,21204505.64816848,18412316.224699102,243533435.19560292,244792623.91549113,248761346.4076215,29478.049133333345
84.48735141666666,29767.71014913889,37209.63768642361,352.33333333333337,0.0,352.33333333333337,440.4166666666667,15098.583333333334,15010.5,0.0,62.82941806468727,62.82941806468727,62.93620505802819,579769.0882058925,574234.8636313613,601916.3948052346,21204505.64816848,18412316.224699102,243533435.19560292,244792623.91549113,248761346.4076215,29478.049133333345
69.48073433333333,48928.33311753333,-17873.918907249998,704.2,910.0,-205.8,-257.25,13234.716666666669,14196.16666666667,0.0,61.24434842984079,62.77103502979372,62.08274572955887,463749.14636952727,523099.80417840136,507072.71491821884,21204505.64816848,18412316.224699102,243533435.19560292,244792623.91549113,248761346.4076215,29478.049133333345
62.50787216666668,-27957.68762441112,-34947.109530513895,-447.2666666666667,0.0,-447.2666666666667,-559.0833333333334,13214.766666666663,13326.58333333333,0.0,61.24434842984079,61.3157522025998,61.24434842984079,462527.32161835156,469378.56538600044,435134.7660439648,21204505.64816848,18412316.224699102,243533435.19560292,244792623.91549113,248761346.4076215,29478.049133333345
