price,profit,profit_actual,P_ESS,P_ESS_controlled,P_ESS_passive,P_ESS_actual,P_natural_gas,P_natural_gas_actual,P_renewable_absorbed,marginal_price_gas,marginal_price_gas_actual,marginal_price_gas_withoutESS,cost,cost_actual,cost_withoutESS,total_profit,total_profit_actual,total_cost,total_cost_actual,total_cost_withoutESS,total_absorb
44.753085416666664,60015.37931326388,30909.464327777776,1341.0333333333333,788.5,552.5333333333333,690.6666666666666,11669.633333333333,12320.0,0.0,42.51125666287282,42.91634031705147,43.33198681704972,263905.7135075096,291708.94480964425,321436.13869169925,29530730.416373227,24944552.001846064,120424240.74978119,123430199.84732941,176491688.7326457,113092.88690000009
39.37298908333333,-10851.195791366667,-13563.994739208332,-275.6,0.0,-275.6,-344.5,11020.51666666667,11089.41666666667,0.0,41.83491847826088,41.83491847826088,41.3576613936529,236415.24145676877,239297.66733992094,224920.15616515867,29530730.416373227,24944552.001846064,120424240.74978119,123430199.84732941,176491688.7326457,113092.88690000009
38.735975583333335,-17604.20970343889,-22005.262129298615,-454.4666666666667,0.0,-454.4666666666667,-568.0833333333334,10077.883333333333,10191.5,0.0,41.0323943989871,41.0323943989871,39.62459924669454,197423.78231560742,202085.74619257235,178941.89939072347,29530730.416373227,24944552.001846064,120424240.74978119,123430199.84732941,176491688.7326457,113092.88690000009
38.50167241666667,-50638.07462505638,-15474.463838798614,-1315.2175333333334,-993.6842,-321.53333333333336,-401.9166666666667,10238.550866666666,9325.25,0.0,41.26249739275534,39.25801034742973,38.55907774909387,204023.2476945391,167166.6300971574,151520.89523445873,29530730.416373227,24944552.001846064,120424240.74978119,123430199.84732941,176491688.7326457,113092.88690000009
38.182473249999994,-87206.22340478332,-10687.910637229166,-2283.9333333333334,-2060.0,-223.93333333333337,-279.9166666666667,11130.016666666666,9126.0,0.0,42.07464540166023,39.02082857194272,38.55907774909387,240999.59712059153,159355.6211524023,148542.20647834125,29530730.416373227,24944552.001846064,120424240.74978119,123430199.84732941,176491688.7326457,113092.88690000009
38.9193755,1310.2856418333336,1637.8570522916668,33.66666666666667,-0.0,33.66666666666667,42.083333333333336,9355.416666666666,9347.0,0.0,39.25801034742973,39.25801034742973,39.25801034742973,168350.91340930486,168020.491822214,169672.5997576684,29530730.416373227,24944552.001846064,120424240.74978119,123430199.84732941,176491688.7326457,113092.88690000009
41.674930833333335,-622.3456337777778,-777.9320422222223,-14.933333333333335,0.0,-14.933333333333335,-18.666666666666668,9788.016666666666,9791.75,0.0,40.53706374563955,40.58304836836191,40.49080452762706,185582.60280159814,185734.02097841798,184977.77281648043,29530730.416373227,24944552.001846064,120424240.74978119,123430199.84732941,176491688.7326457,113092.88690000009
32.113187,-127938.93700800001,-77232.214735,-3984.0,-2060.0,-1924.0,-2405.0,9371.416666666668,7816.416666666667,24.0,39.25801034742973,34.3729940831512,23.77147679948855,168979.0415748638,109826.75083213134,41661.60727987047,29530730.416373227,24944552.001846064,120424240.74978119,123430199.84732941,176491688.7326457,113092.88690000009
23.126773000000004,-176972.2341354667,-161663.85219433336,-7652.266666666666,-2060.0,-5592.266666666666,-6990.333333333333,6276.433333333333,5741.5,127.0,28.48607008034386,24.43852305578935,0.0,63597.24827630289,49641.384162239716,0.0,29530730.416373227,24944552.001846064,120424240.74978119,123430199.84732941,176491688.7326457,113092.88690000009
25.85065133333333,-171648.32485333332,-214560.40606666665,-6640.0,0.0,-6640.0,-8300.0,3679.0,5339.0,0.0,9.712272222084453,23.13939496565862,0.0,11356.743108417386,39951.40015277696,0.0,29530730.416373227,24944552.001846064,120424240.74978119,123430199.84732941,176491688.7326457,113092.88690000009
27.17908575,-226613.78116634997,-213281.0806516875,-8337.8,-2060.0,-6277.8,-7847.25,5869.216666666666,5502.666666666667,124.0,24.43852305578935,24.23153772437706,0.0,52762.5908651816,43848.63557243781,0.0,29530730.416373227,24944552.001846064,120424240.74978119,123430199.84732941,176491688.7326457,113092.88690000009
28.129093416666667,-159696.36441799442,-199620.45552249305,-5677.266666666666,0.0,-5677.266666666666,-7096.583333333333,4745.85,6165.166666666667,0.0,21.18868464704622,27.82825381936943,0.0,26786.328948786573,60450.2681659708,0.0,29530730.416373227,24944552.001846064,120424240.74978119,123430199.84732941,176491688.7326457,113092.88690000009
29.525912000000005,-179115.99255680002,-147865.76729600003,-6066.4,-2060.0,-4006.4,-5008.0,7750.816666666667,6966.416666666667,274.0,33.66908174697999,29.16858794901584,3.283317504717155,107583.36730506037,83690.36816566357,3110.4068241499926,29530730.416373227,24944552.001846064,120424240.74978119,123430199.84732941,176491688.7326457,113092.88690000009
31.4485415,-136838.8937748,-90068.622856,-4351.200000000001,-2060.0,-2291.2000000000003,-2864.0,8493.2,7477.0,471.0,38.30957204005018,30.84323712507074,19.7561877311931,135008.68069987732,98881.10003384957,24077.39489495785,29530730.416373227,24944552.001846064,120424240.74978119,123430199.84732941,176491688.7326457,113092.88690000009
40.208912749999996,-105175.79337726666,-27931.79139033333,-2615.7333333333336,-2060.0,-555.7333333333333,-694.6666666666666,9990.816666666668,8607.75,538.0,41.0323943989871,38.30957204005018,35.28351264902588,193851.22850993567,139397.04217706504,113201.92284401726,29530730.416373227,24944552.001846064,120424240.74978119,123430199.84732941,176491688.7326457,113092.88690000009
45.17801575000001,-3210.650985966667,-4013.3137324583336,-71.06666666666666,-0.0,-71.06666666666666,-88.83333333333333,10054.733333333334,10072.5,0.0,41.0323943989871,41.0323943989871,41.0323943989871,196473.8823852709,197202.8912590929,193557.84688998284,29530730.416373227,24944552.001846064,120424240.74978119,123430199.84732941,176491688.7326457,113092.88690000009
44.06512133333333,-100988.44507173332,-12767.868906333333,-2291.8,-2060.0,-231.8,-289.75,14005.96666666667,12460.91666666667,457.0,43.47064287626648,42.91634031705147,42.91634031705147,364629.061960352,297756.57243265555,285321.5628257899,29530730.416373227,24944552.001846064,120424240.74978119,123430199.84732941,176491688.7326457,113092.88690000009
60.43682683333333,135523.54049106667,169404.42561383333,2242.4,-0.0,2242.4,2803.0,15031.6,14705.0,234.0,43.98722242431084,43.77868185516679,45.56491793096277,409437.6624954271,395101.6323260593,519676.09676871554,29530730.416373227,24944552.001846064,120424240.74978119,123430199.84732941,176491688.7326457,113092.88690000009
68.04220008333334,529566.7730652431,491508.50248529867,7782.916666666667,2004.05,5778.866666666667,7223.583333333333,15950.083333333338,16509.41666666667,0.0,44.36177173256092,44.50859520231314,712.9090909090909,449966.6483799485,474801.4486996007,1334592.691490357,29530730.416373227,24944552.001846064,120424240.74978119,123430199.84732941,176491688.7326457,113092.88690000009
78.26910141666666,641900.5545383666,600832.7570250416,8201.2,2060.0,6141.200000000001,7676.5,16659.133333333328,17183.83333333333,0.0,44.50859520231314,45.203185925748,712.9090909090909,481465.12721130654,505003.6313724083,2138278.873308533,29530730.416373227,24944552.001846064,120424240.74978119,123430199.84732941,176491688.7326457,113092.88690000009
85.63737725,709459.9972483835,666308.7501417291,8284.466666666667,2060.0,6224.466666666667,7780.583333333333,16376.199999999993,16880.08333333333,0.0,44.38564628710655,44.50859520231314,712.9090909090909,468878.2971596009,491299.30132125766,1995934.6914903503,29530730.416373227,24944552.001846064,120424240.74978119,123430199.84732941,176491688.7326457,113092.88690000009
74.59632991666666,504236.3786160389,438209.9237346319,6759.533333333334,2060.0,4699.533333333334,5874.416666666667,16058.550000000005,16943.66666666667,0.0,44.38564628710655,45.02164502164506,218.4670658682635,454779.196616502,494155.7624352221,796736.664400022,29530730.416373227,24944552.001846064,120424240.74978119,123430199.84732941,176491688.7326457,113092.88690000009
73.23449941666667,303586.29388184997,190904.03135439582,4145.4,2060.0,2085.4,2606.75,14948.683333333329,16487.33333333333,0.0,43.98722242431084,44.50859520231314,48.42243506719445,405790.3886360778,473818.5505555492,593471.6837610974,29530730.416373227,24944552.001846064,120424240.74978119,123430199.84732941,176491688.7326457,113092.88690000009
67.93519616666667,25149.609620900006,31437.012026125,370.20000000000005,0.0,370.20000000000005,462.75,15916.466666666669,15823.91666666667,0.0,44.36177173256092,44.36177173256092,44.38564628710655,448475.35348687216,444369.67151302367,464904.30229536234,29530730.416373227,24944552.001846064,120424240.74978119,123430199.84732941,176491688.7326457,113092.88690000009
66.08828233333334,-94408.87807324772,23945.98763211111,-1428.5267333333331,-1718.3934,289.8666666666667,362.3333333333333,17066.526733333336,15275.66666666667,0.0,45.203185925748,43.98722242431084,44.21791634476287,499700.99932229123,420173.47724845406,436130.4367831095,29530730.416373227,24944552.001846064,120424240.74978119,123430199.84732941,176491688.7326457,113092.88690000009
54.88618266666666,-158028.29713386664,-56203.45105066666,-2879.2,-2060.0,-819.2,-1024.0,16990.78333333333,15135.58333333333,0.0,45.203185925748,43.98722242431084,43.47064287626648,496277.15632944263,414011.6005071816,369220.2863588,29530730.416373227,24944552.001846064,120424240.74978119,123430199.84732941,176491688.7326457,113092.88690000009
54.11366341666667,-202103.71012856666,-113286.95436279167,-3734.8,-2060.0,-1674.8000000000002,-2093.5,16707.96666666667,15066.66666666667,0.0,44.50859520231314,43.98722242431084,43.33198681704972,483638.6302770199,410980.1477617731,319811.18918606004,29530730.416373227,24944552.001846064,120424240.74978119,123430199.84732941,176491688.7326457,113092.88690000009
52.45577666666666,-219338.58455399997,-139099.6057758333,-4181.4,-2060.0,-2121.4,-2651.75,16577.9,15048.25,0.0,44.50859520231314,43.98722242431084,42.91634031705147,477849.54566103895,410170.0497487919,294992.0448438987,29530730.416373227,24944552.001846064,120424240.74978119,123430199.84732941,176491688.7326457,113092.88690000009
51.46606333333333,-203345.84730088888,-121657.19604277778,-3951.0666666666666,-2060.0,-1891.0666666666668,-2363.8333333333335,16662.983333333334,15075.75,0.0,44.50859520231314,43.98722242431084,42.91634031705147,481636.4853028357,411379.69836546044,308528.57385223533,29530730.416373227,24944552.001846064,120424240.74978119,123430199.84732941,176491688.7326457,113092.88690000009
65.69480783333333,-37419.762541866665,-46774.70317733333,-569.6,0.0,-569.6,-712.0,15079.26666666667,15221.66666666667,0.0,43.98722242431084,43.98722242431084,43.77868185516679,411534.38676431944,417798.1672375413,386550.1964703502,29530730.416373227,24944552.001846064,120424240.74978119,123430199.84732941,176491688.7326457,113092.88690000009
75.46804133333332,214349.36219768884,73606.49631377777,2840.266666666667,2060.0,780.2666666666668,975.3333333333334,14255.816666666666,16120.75,0.0,43.47064287626648,44.38564628710655,45.203185925748,375490.20208298694,457539.9838155598,501037.05180742405,29530730.416373227,24944552.001846064,120424240.74978119,123430199.84732941,176491688.7326457,113092.88690000009
69.143723,-30925.682507133333,-38657.103133916666,-447.2666666666667,0.0,-447.2666666666667,-559.0833333333334,15848.433333333332,15960.25,0.0,44.36177173256092,44.36177173256092,43.98722242431084,445457.27428333345,450417.659725896,425693.8736627049,29530730.416373227,24944552.001846064,120424240.74978119,123430199.84732941,176491688.7326457,113092.88690000009
71.99335191666667,470.3565658555599,-184794.93547809724,6.533333333333303,2060.0,-2053.4666666666667,-2566.8333333333335,12804.550000000003,15377.91666666667,0.0,43.07030005596452,43.98722242431084,43.07030005596452,312514.266608032,424671.17074133985,312795.6592350643,29530730.416373227,24944552.001846064,120424240.74978119,123430199.84732941,176491688.7326457,113092.88690000009
77.3828315,-15827.368469466659,-219045.0016993333,-204.5333333333333,2060.0,-2264.5333333333333,-2830.6666666666665,12992.283333333336,15618.41666666667,0.0,43.33198681704972,44.11331782668337,43.07030005596452,320639.552334046,435266.2999392268,311790.6855670918,29530730.416373227,24944552.001846064,120424240.74978119,123430199.84732941,176491688.7326457,113092.88690000009
62.73196525,-378390.8501259667,-311453.7521387083,-6031.866666666667,-2060.0,-3971.866666666667,-4964.833333333333,16903.116666666665,15874.08333333333,38.0,45.02164502164506,44.36177173256092,41.74288961189344,492330.13472959405,446595.1537282735,231767.47239212986,29530730.416373227,24944552.001846064,120424240.74978119,123430199.84732941,176491688.7326457,113092.88690000009
46.69699,-313769.5283406667,-271967.1611758333,-6719.266666666666,-2060.0,-4659.266666666666,-5824.083333333333,15666.183333333334,14828.0,57.0,44.21791634476287,43.77868185516679,38.55907774909387,437376.64505875926,400486.4101942448,154628.1142497399,29530730.416373227,24944552.001846064,120424240.74978119,123430199.84732941,176491688.7326457,113092.88690000009
54.005444000000004,-305389.98473120003,-242673.46261400002,-5654.8,-2060.0,-3594.8,-4493.5,15378.633333333331,14332.33333333333,115.0,43.98722242431084,43.47064287626648,40.58304836836191,424702.6949174104,378816.43077373586,187644.80617242822,29530730.416373227,24944552.001846064,120424240.74978119,123430199.84732941,176491688.7326457,113092.88690000009
69.37051033333334,-144114.92286715558,-180143.65358394448,-2077.4666666666667,0.0,-2077.4666666666667,-2596.8333333333335,14418.966666666664,14938.33333333333,0.0,43.47064287626648,43.98722242431084,42.91634031705147,382582.4374682497,405335.1208839863,292631.6461264607,29530730.416373227,24944552.001846064,120424240.74978119,123430199.84732941,176491688.7326457,113092.88690000009
61.05788958333333,-233200.4329486111,-134276.47550868054,-3819.333333333333,-2060.0,-1759.3333333333333,-2199.1666666666665,17025.416666666668,15630.25,225.0,45.203185925748,44.11331782668337,43.36472879148679,497842.693335338,435788.3075335091,339653.9190072402,29530730.416373227,24944552.001846064,120424240.74978119,123430199.84732941,176491688.7326457,113092.88690000009
69.95091008333334,-60535.51758611668,-75669.39698264583,-865.4000000000001,0.0,-865.4000000000001,-1081.75,16402.066666666673,16618.41666666667,0.0,44.38564628710655,44.50859520231314,44.11000115332754,470026.4058768946,479652.8855766528,431660.2034777884,29530730.416373227,24944552.001846064,120424240.74978119,123430199.84732941,176491688.7326457,113092.88690000009
86.250837,241203.3406984,79408.270598,2796.5333333333333,2060.0,736.5333333333333,920.6666666666666,14991.800000000005,16867.66666666667,0.0,43.98722242431084,44.50859520231314,45.72649071740676,407686.97104293975,490746.6529308294,532464.7074618547,29530730.416373227,24944552.001846064,120424240.74978119,123430199.84732941,176491688.7326457,113092.88690000009
85.95663433333334,439312.89719308895,327802.7880830278,5110.866666666667,2060.0,3050.866666666667,3813.5833333333335,16540.049999999996,17837.33333333333,0.0,44.50859520231314,45.72649071740676,53.54030663236012,476164.89533263113,534705.3055070072,720730.4203531672,29530730.416373227,24944552.001846064,120424240.74978119,123430199.84732941,176491688.7326457,113092.88690000009
98.70521600000001,764814.0760021334,701851.6638026667,7748.466666666667,2060.0,5688.466666666667,7110.583333333333,18548.283333333336,19186.16666666667,0.0,46.17790561414722,48.42243506719445,712.9090909090909,567424.8694116652,597930.582990202,3162313.373308539,29530730.416373227,24944552.001846064,120424240.74978119,123430199.84732941,176491688.7326457,113092.88690000009
137.87237933333333,1003812.0279581777,899743.6581643888,7280.733333333334,2060.0,5220.733333333334,6525.916666666667,19075.350000000006,19830.16666666667,0.0,48.38891072346344,48.49935048077122,712.9090909090909,592564.890301655,629133.9728361428,3204612.6460358133,29530730.416373227,24944552.001846064,120424240.74978119,123430199.84732941,176491688.7326457,113092.88690000009
109.44351408333334,496421.1874134556,620526.4842668194,4535.866666666667,0.0,4535.866666666667,5669.833333333333,21126.88333333334,19992.91666666667,0.0,51.68242288483165,48.70185321824255,712.9090909090909,693403.2007338973,637027.2860024814,2710329.009672175,29530730.416373227,24944552.001846064,120424240.74978119,123430199.84732941,176491688.7326457,113092.88690000009
83.80230425,411022.3682448334,372361.5718841667,4904.666666666666,1350.0,3554.6666666666665,4443.333333333333,19200.58333333334,19661.91666666667,0.0,48.42243506719445,48.49935048077122,712.9090909090909,598628.6730957541,620973.957117753,1599973.100581266,29530730.416373227,24944552.001846064,120424240.74978119,123430199.84732941,176491688.7326457,113092.88690000009
96.87794375,389132.8659254167,236955.37725052083,4016.7333333333336,2060.0,1956.7333333333333,2445.9166666666665,16994.600000000006,18565.41666666667,0.0,45.203185925748,46.17790561414722,50.39066305701601,496449.68182239303,568216.0508611876,687477.7459819043,29530730.416373227,24944552.001846064,120424240.74978119,123430199.84732941,176491688.7326457,113092.88690000009
105.92687366666667,346296.13539106667,160108.46954716666,3269.2,2060.0,1209.2,1511.5,15621.55,17379.25,0.0,44.11331782668337,45.203185925748,47.8352315822578,435404.5216684169,513837.08728873177,583726.7790786152,29530730.416373227,24944552.001846064,120424240.74978119,123430199.84732941,176491688.7326457,113092.88690000009
85.35111483333333,201030.32580411108,31508.786559305554,2355.3333333333335,2060.0,295.33333333333337,369.1666666666667,14608.583333333334,16594.75,0.0,43.77868185516679,44.50859520231314,45.02164502164506,390880.6377505237,478599.51549019787,495067.45074691024,29530730.416373227,24944552.001846064,120424240.74978119,123430199.84732941,176491688.7326457,113092.88690000009
62.86360816666667,-10695.195202755556,-13368.994003444444,-170.13333333333333,0.0,-170.13333333333333,-212.66666666666666,15911.633333333337,15954.16666666667,0.0,44.36177173256092,44.36177173256092,44.36177173256092,448260.9382568315,450147.79228118976,440713.5221593985,29530730.416373227,24944552.001846064,120424240.74978119,123430199.84732941,176491688.7326457,113092.88690000009
57.06718358333333,-33420.26803758367,-10024.801916138887,-585.6302333333333,-445.0969,-140.53333333333333,-175.66666666666666,15928.463566666667,15518.5,0.0,44.36177173256092,44.11000115332754,43.98722242431084,449007.55722617044,430858.8717901694,423127.95235462015,29530730.416373227,24944552.001846064,120424240.74978119,123430199.84732941,176491688.7326457,113092.88690000009
55.66939241666665,-172359.86150765553,-72101.14141165276,-3096.133333333333,-2060.0,-1036.1333333333334,-1295.1666666666667,17151.049999999996,15350.08333333333,0.0,45.203185925748,43.98722242431084,43.47064287626648,503521.7202604759,423446.85971719626,366756.94992914493,29530730.416373227,24944552.001846064,120424240.74978119,123430199.84732941,176491688.7326457,113092.88690000009
53.63631341666667,-164413.17939322224,-67402.96719361111,-3065.3333333333335,-2060.0,-1005.3333333333335,-1256.6666666666667,17065.833333333336,15257.16666666667,0.0,45.203185925748,43.98722242431084,43.47064287626648,499669.6554331703,419359.7136336043,364391.4224459617,29530730.416373227,24944552.001846064,120424240.74978119,123430199.84732941,176491688.7326457,113092.88690000009
64.95766483333334,124116.77545254446,-12120.017630152779,1910.7333333333333,2060.0,-149.26666666666668,-186.58333333333334,13282.266666666663,15379.58333333333,0.0,43.33198681704972,43.98722242431084,43.98722242431084,333205.10631120985,424744.48277871346,416537.20019471075,29530730.416373227,24944552.001846064,120424240.74978119,123430199.84732941,176491688.7326457,113092.88690000009
65.48000708333335,197985.3494171667,78870.66853187502,3023.6,2060.0,963.6,1204.5,13609.56666666667,15428.66666666667,0.0,43.45268274932441,43.98722242431084,44.50859520231314,347403.7114881891,426903.5222793736,480309.387355887,29530730.416373227,24944552.001846064,120424240.74978119,123430199.84732941,176491688.7326457,113092.88690000009
52.42655058333333,-71740.49181823333,-89675.61477279167,-1368.4,-0.0,-1368.4,-1710.5,14494.48333333333,14836.58333333333,0.0,43.77868185516679,43.77868185516679,43.33198681704972,385885.4901508489,400862.17721350153,326437.372170167,29530730.416373227,24944552.001846064,120424240.74978119,123430199.84732941,176491688.7326457,113092.88690000009
39.27216500000001,-295981.2168833334,-268850.6962291667,-7536.666666666667,-2060.0,-5476.666666666667,-6845.833333333333,13629.416666666664,13115.58333333333,177.0,43.45268274932441,43.33198681704972,28.48607008034386,348266.247240763,325982.386308588,63406.86637459918,29530730.416373227,24944552.001846064,120424240.74978119,123430199.84732941,176491688.7326457,113092.88690000009
36.0976435,-308959.73071649997,-293248.23138312495,-8559.0,-2060.0,-6499.0,-8123.75,12347.33333333333,12214.08333333333,302.0,42.91634031705147,42.91634031705147,10.4674747796879,292881.9914449769,287163.38909772976,15580.198362861722,29530730.416373227,24944552.001846064,120424240.74978119,123430199.84732941,176491688.7326457,113092.88690000009
37.246585,-328621.65324366675,-314867.11017958337,-8822.866666666669,-2060.0,-6762.866666666668,-8453.583333333334,12417.41666666667,12417.41666666667,369.28333333333467,42.91634031705147,42.91634031705147,10.4674747796879,295889.7116288638,295889.7116288638,14256.06280323126,29530730.416373227,24944552.001846064,120424240.74978119,123430199.84732941,176491688.7326457,113092.88690000009
36.81677825,-230728.2948408667,-288410.3685510833,-6266.933333333334,0.0,-6266.933333333334,-7833.666666666667,10731.099999999999,12297.83333333333,0.0,41.3576613936529,42.91634031705147,18.44164886398207,224348.73114356952,290757.63259928284,21236.167200138436,29530730.416373227,24944552.001846064,120424240.74978119,123430199.84732941,176491688.7326457,113092.88690000009
40.29316766666667,-265459.44722153334,-228069.40228525002,-6588.2,-2060.0,-4528.2,-5660.25,13206.53333333333,12595.58333333333,317.0,43.33198681704972,42.91634031705147,29.16858794901584,329923.4305095986,303535.9729286849,82783.71122358157,29530730.416373227,24944552.001846064,120424240.74978119,123430199.84732941,176491688.7326457,113092.88690000009
42.310381166666666,-202127.9736014778,-143710.73549768055,-4777.266666666666,-2060.0,-2717.266666666667,-3396.5833333333335,13806.683333333332,12812.0,386.0,43.45268274932441,43.07030005596452,39.28120655037132,355968.95946945995,312835.1403434488,170706.8792173955,29530730.416373227,24944552.001846064,120424240.74978119,123430199.84732941,176491688.7326457,113092.88690000009
41.34661316666667,-126856.92207708891,-52103.62369219445,-3068.133333333333,-2060.0,-1008.1333333333334,-1260.1666666666667,15279.716666666667,13916.75,445.0,43.98722242431084,43.45268274932441,42.91634031705147,420351.6254992724,360751.65141740226,306153.8696880252,29530730.416373227,24944552.001846064,120424240.74978119,123430199.84732941,176491688.7326457,113092.88690000009
50.17233191666667,-105873.65481055001,-3148.3138277708335,-2110.2,-2060.0,-50.2,-62.75,17267.11666666667,15695.66666666667,476.0,45.203185925748,44.21791634476287,44.11331782668337,508768.3033735913,438680.33662565745,435905.9430477137,29530730.416373227,24944552.001846064,120424240.74978119,123430199.84732941,176491688.7326457,113092.88690000009
56.93996883333333,25110.5262555,31388.157819375,441.0,0.0,441.0,551.25,16963.83333333333,16963.83333333333,110.25,45.02164502164506,45.02164502164506,45.56491793096277,495063.69894315815,495063.69894315815,519998.8482707263,29530730.416373227,24944552.001846064,120424240.74978119,123430199.84732941,176491688.7326457,113092.88690000009
77.82263525,392174.19990316674,289824.4641102083,5039.333333333334,2060.0,2979.3333333333335,3724.1666666666665,16673.000000000004,17988.16666666667,0.0,44.50859520231314,45.9961646035486,53.54030663236012,482082.31306477904,541625.8641299031,724018.6875188387,29530730.416373227,24944552.001846064,120424240.74978119,123430199.84732941,176491688.7326457,113092.88690000009
106.87272716666668,761696.1762137889,952120.2202672361,7127.133333333333,0.0,7127.133333333333,8908.916666666666,20963.86666666666,19249.08333333333,67.0,50.39066305701601,48.42243506719445,712.9090909090909,685085.869175464,600977.1611965125,4489215.418763076,29530730.416373227,24944552.001846064,120424240.74978119,123430199.84732941,176491688.7326457,113092.88690000009
90.37870425,663795.43123455,829744.2890431875,7344.6,0.0,7344.6,9180.75,21397.9,19561.75,0.0,52.19115291178377,48.42243506719445,712.9090909090909,707499.1276612354,616117.2425608556,4905910.782399445,29530730.416373227,24944552.001846064,120424240.74978119,123430199.84732941,176491688.7326457,113092.88690000009
63.43329283333333,533520.5104764111,503559.9090496806,8410.733333333334,2060.0,6350.733333333334,7938.416666666667,18672.850000000006,19145.16666666667,0.0,47.8352315822578,48.42243506719445,712.9090909090909,573303.4821168415,595945.2631524471,3723254.009672177,29530730.416373227,24944552.001846064,120424240.74978119,123430199.84732941,176491688.7326457,113092.88690000009
67.5616425,416175.2136905,346247.78767562506,6159.933333333333,2060.0,4099.933333333333,5124.916666666667,17581.066666666662,18616.08333333333,0.0,45.56621597912896,47.58094403139805,712.9090909090909,523005.4403748881,570599.2537898069,1340295.9642176246,29530730.416373227,24944552.001846064,120424240.74978119,123430199.84732941,176491688.7326457,113092.88690000009
72.73104816666667,258141.88488967778,135394.90708293056,3549.2666666666664,2060.0,1489.2666666666667,1861.5833333333333,15954.399999999996,17642.08333333333,0.0,44.36177173256092,45.56621597912896,48.42243506719445,450158.14336126036,525785.7389865479,613304.7061240358,29530730.416373227,24944552.001846064,120424240.74978119,123430199.84732941,176491688.7326457,113092.88690000009
64.72322058333333,176810.89398954998,54351.324484854165,2731.8,2060.0,671.8000000000001,839.75,14630.2,16522.25,0.0,43.77868185516679,44.50859520231314,45.203185925748,391826.98692329286,475372.64233803016,513057.3323315126,29530730.416373227,24944552.001846064,120424240.74978119,123430199.84732941,176491688.7326457,113092.88690000009
55.800993416666664,128863.09413022222,17391.30961486111,2309.3333333333335,2060.0,249.33333333333337,311.6666666666667,13108.416666666664,15106.08333333333,0.0,43.33198681704972,43.98722242431084,43.98722242431084,325671.8404030658,412713.9774456644,426423.3284345746,29530730.416373227,24944552.001846064,120424240.74978119,123430199.84732941,176491688.7326457,113092.88690000009
47.71825725,-110903.73384746318,-19158.880285875,-2324.1363,-2002.9363,-321.20000000000005,-401.5,15579.05296666667,13656.41666666667,0.0,44.11000115332754,43.45268274932441,43.33198681704972,433529.8632196736,349439.46967499494,332019.9764717638,29530730.416373227,24944552.001846064,120424240.74978119,123430199.84732941,176491688.7326457,113092.88690000009
44.19048316666667,-125285.91184192222,-42816.89564823611,-2835.133333333333,-2060.0,-775.1333333333333,-968.9166666666666,13918.299999999997,12052.08333333333,0.0,43.45268274932441,42.83240645223916,41.83491847826088,360819.00307566364,280213.76354312286,239036.19909943157,29530730.416373227,24944552.001846064,120424240.74978119,123430199.84732941,176491688.7326457,113092.88690000009
48.61697774999999,-42507.44421275,-53134.305265937495,-874.3333333333335,0.0,-874.3333333333335,-1092.9166666666667,11727.916666666666,11946.5,0.0,42.5734071986989,42.67947262786322,41.68592068621894,266384.3010385153,275698.50818397885,229444.28714642936,29530730.416373227,24944552.001846064,120424240.74978119,123430199.84732941,176491688.7326457,113092.88690000009
45.443154,-135075.2309496,-51827.917137,-2972.4,-2060.0,-912.4000000000001,-1140.5,14126.23333333333,12294.33333333333,0.0,43.47064287626648,42.91634031705147,42.07464540166023,369857.1312769373,290607.4254081731,242001.67492524095,29530730.416373227,24944552.001846064,120424240.74978119,123430199.84732941,176491688.7326457,113092.88690000009
60.45316333333334,133593.4305448889,11324.89259777778,2209.866666666667,2060.0,149.86666666666667,187.33333333333334,10655.466666666667,12678.0,0.0,41.26249739275534,42.91634031705147,43.29422751292967,221226.23480503765,307072.9946431487,315142.13870693895,29530730.416373227,24944552.001846064,120424240.74978119,123430199.84732941,176491688.7326457,113092.88690000009
70.84491000000001,258900.36209800004,141199.80937250002,3654.4666666666667,2060.0,1594.4666666666667,1993.0833333333333,11289.283333333336,12950.66666666667,0.0,42.49671376146203,43.29422751292967,43.98722242431084,247736.93975647487,318836.579454709,405573.38500545156,29530730.416373227,24944552.001846064,120424240.74978119,123430199.84732941,176491688.7326457,113092.88690000009
56.14538141666667,89536.91125787224,-32653.218075576395,1594.7333333333333,2060.0,-465.2666666666667,-581.5833333333334,10374.766666666663,12551.08333333333,0.0,41.26249739275534,42.91634031705147,42.67947262786322,209643.85178689106,301626.1957845761,276680.13605441956,29530730.416373227,24944552.001846064,120424240.74978119,123430199.84732941,176491688.7326457,113092.88690000009
42.23414591666667,-260463.6090875389,-216826.58562400698,-6167.133333333334,-2060.0,-4107.133333333334,-5133.916666666667,11247.716666666667,10304.5,90.0,42.40901266764902,41.26249739275534,22.24821654467935,245972.07894923637,206744.47363676026,36185.207780521116,29530730.416373227,24944552.001846064,120424240.74978119,123430199.84732941,176491688.7326457,113092.88690000009
39.804795250000005,-335511.9655092334,-316892.6091177917,-8428.933333333334,-2060.0,-6368.933333333334,-7961.166666666667,10497.849999999999,10185.08333333333,155.0,41.26249739275534,41.0323943989871,3.487363192876509,214722.57750764946,201822.45499517873,4013.717294940922,29530730.416373227,24944552.001846064,120424240.74978119,123430199.84732941,176491688.7326457,113092.88690000009
40.48298375,-371094.01770833344,-359623.8389791667,-9166.666666666668,-2060.0,-7106.666666666668,-8883.333333333334,10002.0,9905.666666666666,187.0,41.0323943989871,40.91430452303997,2.060058126766485,194310.1074539643,190361.96499531576,593.4327352118265,29530730.416373227,24944552.001846064,120424240.74978119,123430199.84732941,176491688.7326457,113092.88690000009
39.707791916666665,-359027.26576598885,-346536.5180220694,-9041.733333333334,-2060.0,-6981.733333333334,-8727.166666666666,9808.400000000001,9720.833333333334,227.0,40.58304836836191,40.49080452762706,2.060058126766485,186409.72873375125,182862.12827991194,534.377735577859,29530730.416373227,24944552.001846064,120424240.74978119,123430199.84732941,176491688.7326457,113092.88690000009
40.016942416666666,-316467.3196118056,-292540.5227918403,-7908.333333333334,-2060.0,-5848.333333333334,-7310.416666666667,10381.166666666668,10012.25,229.0,41.26249739275534,41.0323943989871,3.732936195932348,209907.9317702049,194730.6894965539,5764.709323602452,29530730.416373227,24944552.001846064,120424240.74978119,123430199.84732941,176491688.7326457,113092.88690000009
43.319777416666675,-219741.01493862225,-163127.84182536113,-5072.533333333333,-2060.0,-3012.5333333333333,-3765.6666666666665,11078.866666666667,10048.0,276.0,41.83491847826088,41.0323943989871,28.48607008034386,238856.30894997515,196197.5975963177,63765.316089776934,29530730.416373227,24944552.001846064,120424240.74978119,123430199.84732941,176491688.7326457,113092.88690000009
42.5375965,-42846.703034566664,-53558.37879320833,-1007.2666666666667,0.0,-1007.2666666666667,-1259.0833333333333,10676.600000000002,10928.41666666667,0.0,41.26249739275534,41.76470396106707,40.22090622276431,222098.2489166046,232567.95273492683,180780.97229419346,29530730.416373227,24944552.001846064,120424240.74978119,123430199.84732941,176491688.7326457,113092.88690000009
50.49338991666668,115013.84355218336,13746.825404812504,2277.8,2060.0,217.8,272.25,10258.45,12264.0,0.0,41.26249739275534,42.91634031705147,42.91634031705147,204844.33563182392,289305.6297518894,300989.6034032066,29530730.416373227,24944552.001846064,120424240.74978119,123430199.84732941,176491688.7326457,113092.88690000009
46.31648491666667,23294.104147422222,29117.630184277776,502.93333333333334,0.0,502.93333333333334,628.6666666666666,13065.83333333333,13065.83333333333,125.73333333333329,43.33198681704972,43.33198681704972,43.45268274932441,323826.6199644397,323826.6199644397,351094.29267636477,29530730.416373227,24944552.001846064,120424240.74978119,123430199.84732941,176491688.7326457,113092.88690000009
47.745127249999996,103992.86591110416,114930.47881195831,2178.0833333333335,252.35,1925.7333333333333,2407.1666666666665,14139.25,14139.25,229.08333333333303,43.47064287626648,43.47064287626648,44.50859520231314,370422.9741450435,370422.9741450435,476448.2667220861,29530730.416373227,24944552.001846064,120424240.74978119,123430199.84732941,176491688.7326457,113092.88690000009
48.49995191666667,257689.94452363337,322112.43065454165,5313.200000000001,0.0,5313.200000000001,6641.5,16067.55,14856.25,117.0,44.38564628710655,43.98722242431084,52.19115291178377,455178.6674330857,401724.5030433242,712710.4142794769,29530730.416373227,24944552.001846064,120424240.74978119,123430199.84732941,176491688.7326457,113092.88690000009
75.08103233333334,448143.66579120007,560179.582239,5968.8,0.0,5968.8,7461.0,16316.2,14827.0,3.0,44.38564628710655,43.77868185516679,61.00605408048732,466215.1583823748,400442.63151238963,756481.0374645117,29530730.416373227,24944552.001846064,120424240.74978119,123430199.84732941,176491688.7326457,113092.88690000009
69.02559941666667,478255.3698249444,420078.2937832639,6928.666666666667,2060.0,4868.666666666667,6085.833333333333,14249.333333333336,15092.16666666667,0.0,43.47064287626648,43.98722242431084,51.68242288483165,375208.367415006,412101.821933593,696045.0339170268,29530730.416373227,24944552.001846064,120424240.74978119,123430199.84732941,176491688.7326457,113092.88690000009
51.81338416666666,325550.40117038885,273518.5372338194,6283.133333333334,2060.0,4223.133333333334,5278.916666666667,13757.616666666663,14761.83333333333,0.0,43.45268274932441,43.77868185516679,48.93877572472462,353836.8811692263,397589.7207448278,639365.399037779,29530730.416373227,24944552.001846064,120424240.74978119,123430199.84732941,176491688.7326457,113092.88690000009
43.207797416666665,90131.46541116666,112664.33176395833,2086.0,0.0,2086.0,2607.5,14737.91666666667,14216.41666666667,0.0,43.77868185516679,43.47064287626648,44.50859520231314,396542.680603792,373777.45875366224,488799.4018907282,29530730.416373227,24944552.001846064,120424240.74978119,123430199.84732941,176491688.7326457,113092.88690000009
42.44118758333334,33415.36169061112,41769.20211326389,787.3333333333334,0.0,787.3333333333334,984.1666666666666,13220.500000000004,13023.66666666667,0.0,43.33198681704972,43.33198681704972,43.47064287626648,330528.63392547704,321999.45452032104,364710.2071603876,29530730.416373227,24944552.001846064,120424240.74978119,123430199.84732941,176491688.7326457,113092.88690000009
50.25247766666667,141604.78173431114,47605.847176222225,2817.866666666667,2060.0,757.8666666666668,947.3333333333334,10759.299999999997,12629.83333333333,0.0,41.3576613936529,42.91634031705147,43.45268274932441,225515.01719487048,305005.85758454393,345995.84456711076,29530730.416373227,24944552.001846064,120424240.74978119,123430199.84732941,176491688.7326457,113092.88690000009
45.00085466666667,9741.185006844446,12176.481258555556,216.46666666666667,0.0,216.46666666666667,270.5833333333333,11948.783333333336,11895.66666666667,1.0,42.67947262786322,42.67947262786322,42.91634031705147,275795.9596464793,273528.96832539595,285110.55748589773,29530730.416373227,24944552.001846064,120424240.74978119,123430199.84732941,176491688.7326457,113092.88690000009
42.5219835,-100566.68085965024,-28043.248118249998,-2365.0515,-1837.4515,-527.6,-659.5,13146.5515,11441.0,0.0,43.33198681704972,42.51125666287282,41.68592068621894,327324.2984983363,254186.22319248813,226439.4270302977,29530730.416373227,24944552.001846064,120424240.74978119,123430199.84732941,176491688.7326457,113092.88690000009
40.462413833333336,-100508.63596200001,-21445.079331666668,-2484.0,-2060.0,-424.0,-530.0,13033.83333333333,11079.83333333333,0.0,43.33198681704972,41.83491847826088,41.26249739275534,322439.99638629414,238896.74937117068,216867.53966378278,29530730.416373227,24944552.001846064,120424240.74978119,123430199.84732941,176491688.7326457,113092.88690000009
43.87344425,-1711.0643257499999,-2138.8304071875,-39.0,0.0,-39.0,-48.75,10743.25,10753.0,0.0,41.3576613936529,41.3576613936529,41.26249739275534,224851.22672950246,225254.46392809058,223239.1569695142,29530730.416373227,24944552.001846064,120424240.74978119,123430199.84732941,176491688.7326457,113092.88690000009
51.61195883333334,135963.1035532778,37053.08544576389,2634.3333333333335,2060.0,574.3333333333334,717.9166666666666,9425.833333333332,11342.25,0.0,39.28120655037132,42.51125666287282,42.83240645223916,171116.05845229517,249988.23659702943,280559.9921619452,29530730.416373227,24944552.001846064,120424240.74978119,123430199.84732941,176491688.7326457,113092.88690000009
61.97122266666667,146698.27829653336,183372.84787066668,2367.2000000000003,0.0,2367.2000000000003,2959.0,12290.3,11698.5,0.0,42.91634031705147,42.51125666287282,43.77868185516679,290434.3295022278,265132.8717831779,393022.1449379389,29530730.416373227,24944552.001846064,120424240.74978119,123430199.84732941,176491688.7326457,113092.88690000009
54.27997883333333,147399.09185454444,44477.91932234722,2715.5333333333333,2060.0,655.5333333333333,819.4166666666666,9251.300000000003,11147.41666666667,0.0,39.25801034742973,42.07464540166023,42.67947262786322,164263.5002319651,241731.69595058056,276566.32412741217,29530730.416373227,24944552.001846064,120424240.74978119,123430199.84732941,176491688.7326457,113092.88690000009
31.659191166666663,-158042.682304,-116030.93562583331,-4992.0,-2060.0,-2932.0,-3665.0,9773.75,8614.75,168.0,40.49080452762706,38.30957204005018,22.24821654467935,185004.7666861655,139665.20918134542,31272.059960237766,29530730.416373227,24944552.001846064,120424240.74978119,123430199.84732941,176491688.7326457,113092.88690000009
27.14056825,-183430.43520323336,-159401.0807602917,-6758.533333333334,-2060.0,-4698.533333333334,-5873.166666666667,7939.416666666667,7939.416666666667,885.3666666666668,35.80690392628222,35.80690392628222,3.283317504717155,114143.15440546752,114143.15440546752,3464.457895075325,29530730.416373227,24944552.001846064,120424240.74978119,123430199.84732941,176491688.7326457,113092.88690000009
30.40343233333334,-243298.40000877783,-225834.16175263893,-8002.333333333334,-2060.0,-5942.333333333334,-7427.916666666667,8106.583333333333,8106.583333333333,574.416666666667,37.44907271349244,37.44907271349244,1.37689781415482,120340.62623532579,120340.62623532579,94.08340620501724,29530730.416373227,24944552.001846064,120424240.74978119,123430199.84732941,176491688.7326457,113092.88690000009
26.234157166666662,-219345.53701431106,-206628.96656372218,-8361.066666666666,-2060.0,-6301.066666666667,-7876.333333333333,8279.333333333334,8279.333333333334,484.73333333333267,37.86539448553231,37.86539448553231,0.04855599279663841,126840.9001316366,126840.9001316366,14.115514331028628,29530730.416373227,24944552.001846064,120424240.74978119,123430199.84732941,176491688.7326457,113092.88690000009
21.128182833333337,-157441.58429191116,-142396.9095690556,-7451.733333333334,-2060.0,-5391.733333333334,-6739.666666666667,8287.833333333334,8287.833333333334,712.0666666666666,37.86539448553231,37.86539448553231,2.783764648076243,127162.75598476363,127162.75598476363,1831.8247838832563,29530730.416373227,24944552.001846064,120424240.74978119,123430199.84732941,176491688.7326457,113092.88690000009
21.54326383333333,-138372.38360149998,-117491.57513104165,-6423.0,-2060.0,-4363.0,-5453.75,8712.75,8359.5,616.0,38.30957204005018,38.2073287836733,3.732936195932348,143419.54724127034,129887.89738854782,6525.917229556325,29530730.416373227,24944552.001846064,120424240.74978119,123430199.84732941,176491688.7326457,113092.88690000009
24.915542083333335,-105774.78132444446,-68060.95579097222,-4245.333333333334,-2060.0,-2185.3333333333335,-2731.6666666666665,9863.666666666668,8811.0,461.0,40.58304836836191,38.46888733201707,26.93919403515001,188652.6185402427,147190.1380049387,58073.40302142559,29530730.416373227,24944552.001846064,120424240.74978119,123430199.84732941,176491688.7326457,113092.88690000009
40.531731916666665,-27496.72693226667,-34370.90866533333,-678.4000000000001,0.0,-678.4000000000001,-848.0,9782.15,9951.75,0.0,40.49080452762706,41.0323943989871,39.02082857194272,185344.88944419756,192248.2296354152,158487.4077166766,29530730.416373227,24944552.001846064,120424240.74978119,123430199.84732941,176491688.7326457,113092.88690000009
38.26054683333333,-57745.46236000441,-35301.73121155555,-1509.2691333333332,-771.1358,-738.1333333333333,-922.6666666666666,11602.102466666667,11241.5,226.0,42.51125666287282,42.40901266764902,41.26249739275534,261034.89150197673,245708.43625381915,207335.90276605645,29530730.416373227,24944552.001846064,120424240.74978119,123430199.84732941,176491688.7326457,113092.88690000009
49.22963875,165861.21690058336,80560.20134447917,3369.133333333333,2060.0,1309.1333333333334,1636.4166666666667,11554.283333333333,13287.0,0.0,42.51125666287282,43.33198681704972,43.98722242431084,259002.04005144723,333410.2110488107,404678.97814949043,29530730.416373227,24944552.001846064,120424240.74978119,123430199.84732941,176491688.7326457,113092.88690000009
48.52379475000001,383545.01338260004,354482.495247,7904.266666666666,2060.0,5844.266666666666,7305.333333333333,13838.483333333337,14437.41666666667,0.0,43.45268274932441,43.77868185516679,54.13962137712807,357350.7547808887,383387.1867063144,725657.5035503665,29530730.416373227,24944552.001846064,120424240.74978119,123430199.84732941,176491688.7326457,113092.88690000009
44.798976333333336,404920.0274864667,390792.67029975,9038.6,2060.0,6978.6,8723.25,14280.81666666667,14596.16666666667,0.0,43.47064287626648,43.77868185516679,712.9090909090909,376576.9681548938,390337.0524508221,1039745.3733085397,29530730.416373227,24944552.001846064,120424240.74978119,123430199.84732941,176491688.7326457,113092.88690000009
40.26125416666667,229519.8707710128,326491.93045555556,5700.763066666667,-786.7036,6487.466666666667,8109.333333333333,16803.070266666666,14394.5,0.0,44.50859520231314,43.47064287626648,64.94142659290225,487871.55791170243,381518.85573921056,770130.8823331888,29530730.416373227,24944552.001846064,120424240.74978119,123430199.84732941,176491688.7326457,113092.88690000009
46.650404083333335,340277.37746465,305221.93131622917,7294.200000000001,2060.0,5234.200000000001,6542.75,14059.8,14811.25,0.0,43.47064287626648,43.77868185516679,52.19115291178377,366969.2315685241,399753.1172731708,705207.936048408,29530730.416373227,24944552.001846064,120424240.74978119,123430199.84732941,176491688.7326457,113092.88690000009
48.94242725,268720.0282303667,209873.28511920836,5490.533333333334,2060.0,3430.5333333333338,4288.166666666667,13471.800000000003,14674.16666666667,0.0,43.42660816292739,43.77868185516679,47.8352315822578,341419.685221528,393751.78963552514,587150.9844060453,29530730.416373227,24944552.001846064,120424240.74978119,123430199.84732941,176491688.7326457,113092.88690000009
53.33569725000001,208371.90201630007,123125.45710162503,3906.8,2060.0,1846.8000000000002,2308.5,12704.28333333333,14302.58333333333,0.0,42.91634031705147,43.47064287626648,44.50859520231314,308200.97912114835,377523.1791481669,479326.48921183543,29530730.416373227,24944552.001846064,120424240.74978119,123430199.84732941,176491688.7326457,113092.88690000009
54.24396350000001,47843.17580700001,59803.969758750005,882.0,0.0,882.0,1102.5,13905.5,13685.0,0.0,43.45268274932441,43.45268274932441,43.77868185516679,360262.8087364724,350681.49219024635,398713.37357911054,29530730.416373227,24944552.001846064,120424240.74978119,123430199.84732941,176491688.7326457,113092.88690000009
46.41961866666667,98771.66459893335,3934.062682,2127.8,2060.0,67.8,84.75,10988.45,13031.5,0.0,41.76470396106707,43.33198681704972,43.33198681704972,235075.22712938947,322338.8884170545,326011.27429979946,29530730.416373227,24944552.001846064,120424240.74978119,123430199.84732941,176491688.7326457,113092.88690000009
43.208348916666665,79431.34809180556,-11972.31334565972,1838.3333333333333,2060.0,-221.66666666666666,-277.0833333333333,9723.583333333334,11839.0,0.0,40.49080452762706,42.61638123618729,42.51125666287282,182973.4779923629,271113.81502938154,259326.5426439738,29530730.416373227,24944552.001846064,120424240.74978119,123430199.84732941,176491688.7326457,113092.88690000009
42.22674325,-15984.229878233335,-19980.287347791666,-378.53333333333336,0.0,-378.53333333333336,-473.1666666666667,11686.783333333336,11781.41666666667,0.0,42.51125666287282,42.5734071986989,42.49671376146203,264634.781559278,268661.97832364583,248542.96076081728,29530730.416373227,24944552.001846064,120424240.74978119,123430199.84732941,176491688.7326457,113092.88690000009
39.49975358333334,-11533.928046333334,-14417.410057916668,-292.0,0.0,-292.0,-365.0,11346.08333333333,11419.08333333333,0.0,42.51125666287282,42.51125666287282,41.83491847826088,250151.196414237,253254.5181506267,237819.50022035546,29530730.416373227,24944552.001846064,120424240.74978119,123430199.84732941,176491688.7326457,113092.88690000009
40.50867833333334,-7021.504244444446,-8776.880305555556,-173.33333333333334,0.0,-173.33333333333334,-216.66666666666666,11322.833333333336,11366.16666666667,0.0,42.51125666287282,42.51125666287282,42.07464540166023,249162.80969682542,251004.96415221662,241819.35146183404,29530730.416373227,24944552.001846064,120424240.74978119,123430199.84732941,176491688.7326457,113092.88690000009
41.60894641666667,6599.1789016833345,8248.973627104167,158.60000000000002,0.0,158.60000000000002,198.25,11364.23333333333,11324.58333333333,0.0,42.51125666287282,42.51125666287282,42.51125666287282,250922.77572266813,249237.20439598523,257665.06102939977,29530730.416373227,24944552.001846064,120424240.74978119,123430199.84732941,176491688.7326457,113092.88690000009
30.657441499999994,-44549.35015836666,-55686.687697958325,-1453.1333333333334,0.0,-1453.1333333333334,-1816.4166666666667,9153.050000000001,9516.333333333334,0.0,39.02082857194272,39.62459924669454,32.5629415210724,160411.13456527342,174698.76522138997,105877.46855531426,29530730.416373227,24944552.001846064,120424240.74978119,123430199.84732941,176491688.7326457,113092.88690000009
20.18136675,-121817.4205519,-100304.756308625,-6036.133333333333,-2060.0,-3976.1333333333337,-4970.166666666667,7043.216666666666,6306.25,329.0,29.16858794901584,28.49789720902288,2.154265222442376,85930.51572014796,64446.61916830405,1244.0890873485077,29530730.416373227,24944552.001846064,120424240.74978119,123430199.84732941,176491688.7326457,113092.88690000009
18.25373,-139182.25741933333,-126974.46702416666,-7624.866666666667,-2060.0,-5564.866666666667,-6956.083333333333,5601.083333333333,5601.083333333333,668.7833333333338,24.23153772437706,24.23153772437706,0.0,46233.42274347857,46233.42274347857,0.0,29530730.416373227,24944552.001846064,120424240.74978119,123430199.84732941,176491688.7326457,113092.88690000009
19.869454916666665,-171897.2776357222,-163707.7506342361,-8651.333333333332,-2060.0,-6591.333333333333,-8239.166666666666,5313.083333333333,5313.083333333333,412.16666666666606,22.85382906949009,22.85382906949009,0.0,39356.38114162218,39356.38114162218,0.0,29530730.416373227,24944552.001846064,120424240.74978119,123430199.84732941,176491688.7326457,113092.88690000009
18.55476833333333,-159441.12428833332,-151522.8769020833,-8593.0,-2060.0,-6533.0,-8166.25,5267.833333333333,5267.833333333333,426.75,22.2482325455118,22.2482325455118,0.0,38348.84743845568,38348.84743845568,0.0,29530730.416373227,24944552.001846064,120424240.74978119,123430199.84732941,176491688.7326457,113092.88690000009
19.545226333333336,-152817.60962488892,-140693.05422277778,-7818.666666666667,-2060.0,-5758.666666666667,-7198.333333333333,5421.500000000001,5281.166666666667,480.0,23.77147679948855,22.2482325455118,0.0,41901.303004265326,38645.49053906252,0.0,29530730.416373227,24944552.001846064,120424240.74978119,123430199.84732941,176491688.7326457,113092.88690000009
19.554676666666666,-113477.09234177777,-91493.07301055554,-5803.066666666667,-2060.0,-3743.0666666666666,-4678.833333333333,5794.650000000001,5333.416666666667,663.0,24.43852305578935,23.13939496565862,1.37689781415482,50940.29166265493,39822.20519755204,60.923117180790335,29530730.416373227,24944552.001846064,120424240.74978119,123430199.84732941,176491688.7326457,113092.88690000009
19.496591999999996,-75545.39468159998,-44228.01895199999,-3874.8,-2060.0,-1814.8000000000002,-2268.5,6246.383333333333,5389.083333333333,749.0,28.48607008034386,23.77147679948855,4.180349717762359,62741.24187038855,41130.71096468188,7412.474795735147,29530730.416373227,24944552.001846064,120424240.74978119,123430199.84732941,176491688.7326457,113092.88690000009
22.866696,-56556.96144,-11814.4596,-2473.3333333333335,-2060.0,-413.3333333333333,-516.6666666666666,7495.333333333334,5927.666666666667,389.0,30.84323712507074,25.05746204390756,23.77147679948855,99446.55938114254,54226.962261702574,41651.702497870676,29530730.416373227,24944552.001846064,120424240.74978119,123430199.84732941,176491688.7326457,113092.88690000009
25.205112666666665,-33219.100083464305,-10216.47233422222,-1317.9508666666666,-993.6842,-324.26666666666665,-405.3333333333333,7640.2842,7022.666666666667,295.0,31.41026645768025,29.16858794901584,29.16858794901584,103946.21119247706,85331.10123779571,73508.10025579463,29530730.416373227,24944552.001846064,120424240.74978119,123430199.84732941,176491688.7326457,113092.88690000009
40.46054241666666,71259.10730423333,20796.718802166666,1761.2,1350.0,411.20000000000005,514.0,8608.05,9855.25,0.0,38.30957204005018,40.58304836836191,41.26249739275534,139408.53504867703,188311.04454980895,209416.22034294117,29530730.416373227,24944552.001846064,120424240.74978119,123430199.84732941,176491688.7326457,113092.88690000009
46.681107499999996,361041.0216265,331097.42522062495,7734.200000000001,2060.0,5674.200000000001,7092.75,10687.466666666669,11328.91666666667,0.0,41.26249739275534,42.51125666287282,46.17790561414722,222546.6347216059,249421.4198415246,561577.976929154,29530730.416373227,24944552.001846064,120424240.74978119,123430199.84732941,176491688.7326457,113092.88690000009
47.514478,430775.7604436,416119.91970449995,9066.2,2060.0,7006.200000000001,8757.75,11170.63333333333,11479.08333333333,0.0,42.23998044110799,42.51125666287282,49.19028955635475,242709.377687858,255805.19355039907,649007.7893913328,29530730.416373227,24944552.001846064,120424240.74978119,123430199.84732941,176491688.7326457,113092.88690000009
42.99331016666667,366334.5310474556,347210.3901301528,8520.733333333334,2060.0,6460.733333333334,8075.916666666667,10895.100000000002,11339.91666666667,0.0,41.74288961189344,42.51125666287282,48.42243506719445,231176.81050412182,249889.0436648162,609051.6022439676,29530730.416373227,24944552.001846064,120424240.74978119,123430199.84732941,176491688.7326457,113092.88690000009
42.904196083333325,310981.0543309555,278248.01299911103,7248.266666666666,2060.0,5188.266666666666,6485.333333333333,10637.399999999998,11400.33333333333,0.0,41.26249739275534,42.51125666287282,45.72649071740676,220480.75901880843,252457.43208819785,536915.4192250152,29530730.416373227,24944552.001846064,120424240.74978119,123430199.84732941,176491688.7326457,113092.88690000009
44.3671015,235376.3468778,179975.14723474998,5305.200000000001,2060.0,3245.2000000000003,4056.5,10038.55,11287.25,0.0,41.0323943989871,42.49671376146203,43.98722242431084,195809.84146924724,247650.5297718264,423168.27397517575,29530730.416373227,24944552.001846064,120424240.74978119,123430199.84732941,176491688.7326457,113092.88690000009
46.483805,188054.881508,115372.80400999999,4045.6000000000004,2060.0,1985.6000000000001,2482.0,9204.98333333333,10768.58333333333,0.0,39.25801034742973,41.68592068621894,43.33198681704972,162445.2000527064,225900.98388810057,331832.2045288897,29530730.416373227,24944552.001846064,120424240.74978119,123430199.84732941,176491688.7326457,113092.88690000009
46.26424691666667,165789.47096743892,88106.40289888196,3583.5333333333338,2060.0,1523.5333333333335,1904.4166666666667,8954.133333333333,10633.25,0.0,38.55907774909387,41.26249739275534,42.91634031705147,152708.5148291308,220309.5196546286,301050.4015519891,29530730.416373227,24944552.001846064,120424240.74978119,123430199.84732941,176491688.7326457,113092.88690000009
37.583632583333326,9571.29843122222,11964.123039027774,254.66666666666666,0.0,254.66666666666666,318.3333333333333,10657.416666666666,10593.75,0.0,41.26249739275534,41.26249739275534,41.76470396106707,221306.69667495348,218679.65100761474,231885.79590356263,29530730.416373227,24944552.001846064,120424240.74978119,123430199.84732941,176491688.7326457,113092.88690000009
34.614129500000004,-6352.8465675666675,-7941.058209458334,-183.53333333333333,0.0,-183.53333333333333,-229.41666666666666,9844.033333333333,9889.916666666666,0.0,40.58304836836191,40.58304836836191,40.22090622276431,187855.8380239438,189717.92355991213,180425.68762255894,29530730.416373227,24944552.001846064,120424240.74978119,123430199.84732941,176491688.7326457,113092.88690000009
35.401817083333334,-12199.466166916667,-15249.332708645834,-344.6,0.0,-344.6,-430.75,9373.266666666666,9459.416666666666,0.0,39.25801034742973,39.62459924669454,38.55907774909387,169051.6688940065,172443.46511426556,155582.45142402992,29530730.416373227,24944552.001846064,120424240.74978119,123430199.84732941,176491688.7326457,113092.88690000009
34.13246541666667,-80607.230328,-12867.939462083334,-2361.6,-2060.0,-301.6,-377.0,11413.85,9429.25,0.0,42.51125666287282,39.28120655037132,38.55907774909387,253032.04257409115,171250.26924134232,156491.80300761273,29530730.416373227,24944552.001846064,120424240.74978119,123430199.84732941,176491688.7326457,113092.88690000009
37.34095608333333,6649.179579905556,8311.474474881945,178.0666666666667,0.0,178.0666666666667,222.58333333333334,9608.266666666666,9563.75,0.0,39.62459924669454,39.62459924669454,40.53706374563955,178341.58671213605,176577.6316356707,185514.3654109597,29530730.416373227,24944552.001846064,120424240.74978119,123430199.84732941,176491688.7326457,113092.88690000009
38.356084749999994,81067.5029233625,12197.234950499998,2113.55,1859.15,254.4,318.0,7548.45,9344.0,0.0,30.89586360193405,39.25801034742973,40.22090622276431,101086.89155821892,167902.71779117172,180486.01898189308,29530730.416373227,24944552.001846064,120424240.74978119,123430199.84732941,176491688.7326457,113092.88690000009
24.488519999999998,-92702.108744,-52819.69692999999,-3785.5333333333333,-2060.0,-1725.5333333333333,-2156.9166666666665,8771.783333333333,7164.166666666667,21.0,38.46888733201707,29.16858794901584,22.24821654467935,145681.51647340143,89458.45643258146,32551.33241155683,29530730.416373227,24944552.001846064,120424240.74978119,123430199.84732941,176491688.7326457,113092.88690000009
10.882660166666666,-75538.72074886666,-66400.55100691666,-6941.2,-2060.0,-4881.2,-6101.5,4507.7,4414.0,746.0,18.81569696620917,18.44164886398207,0.0,22043.76432518205,20311.0111487954,0.0,29530730.416373227,24944552.001846064,120424240.74978119,123430199.84732941,176491688.7326457,113092.88690000009
10.355908083333333,-90302.13769892222,-86211.20880906945,-8719.866666666669,-2060.0,-6659.866666666668,-8324.833333333334,3595.416666666667,3595.416666666667,395.03333333333467,8.194301963536885,8.194301963536885,0.0,10583.034775840064,10583.034775840064,0.0,29530730.416373227,24944552.001846064,120424240.74978119,123430199.84732941,176491688.7326457,113092.88690000009
12.348676000000003,-114429.41777653334,-111238.93152066668,-9266.533333333333,-2060.0,-7206.533333333333,-9008.166666666666,3529.75,3529.75,258.3666666666668,8.194301963536885,8.194301963536885,0.0,10044.942280234474,10044.942280234474,0.0,29530730.416373227,24944552.001846064,120424240.74978119,123430199.84732941,176491688.7326457,113092.88690000009
14.172757500000001,-123921.86732750002,-118407.48359687501,-8743.666666666668,-2060.0,-6683.666666666668,-8354.583333333334,3549.416666666667,3549.416666666667,389.08333333333394,8.194301963536885,8.194301963536885,0.0,10206.096885517369,10206.096885517369,0.0,29530730.416373227,24944552.001846064,120424240.74978119,123430199.84732941,176491688.7326457,113092.88690000009
16.483371083333335,-113979.21436703336,-100029.33741920834,-6914.8,-2060.0,-4854.8,-6068.5,3569.55,3516.25,793.0,8.194301963536885,8.194301963536885,0.0,10371.075498383243,9934.319203726725,0.0,29530730.416373227,24944552.001846064,120424240.74978119,123430199.84732941,176491688.7326457,113092.88690000009
21.67175525,-97797.40752483334,-66441.98963729167,-4512.666666666667,-2060.0,-2452.666666666667,-3065.8333333333335,4354.0,3752.166666666667,845.0,17.81411122248976,9.712272222084453,1.37689781415482,19211.72384799423,12067.357692666568,104.63962278020524,29530730.416373227,24944552.001846064,120424240.74978119,123430199.84732941,176491688.7326457,113092.88690000009
25.090192166666668,-65263.37509915822,-50414.559460222226,-2601.150866666667,-993.6842,-1607.4666666666667,-2009.3333333333333,4236.25,4236.25,591.8175333333336,13.02871506115528,13.02871506115528,3.487363192876509,17361.26824101056,17361.26824101056,4024.1793845195643,29530730.416373227,24944552.001846064,120424240.74978119,123430199.84732941,176491688.7326457,113092.88690000009
23.426784083333335,-56294.56215225,-10044.233675729167,-2403.0,-2060.0,-343.0,-428.75,6360.75,5131.5,745.0,29.16858794901584,22.24821654467935,20.40462700661001,66023.92673120963,35315.67331723324,25886.970141677404,29530730.416373227,24944552.001846064,120424240.74978119,123430199.84732941,176491688.7326457,113092.88690000009
30.490541333333336,-7819.8075006222225,-9774.759375777778,-256.46666666666664,0.0,-256.46666666666664,-320.5833333333333,6626.05,6690.166666666667,0.0,29.16858794901584,29.16858794901584,29.16858794901584,73762.35311408354,75632.54574474794,66281.58259142596,29530730.416373227,24944552.001846064,120424240.74978119,123430199.84732941,176491688.7326457,113092.88690000009
57.21830574999999,215758.7873221,122361.34684637499,3770.8,2060.0,1710.8000000000002,2138.5,7369.7,9002.0,0.0,30.72230215827338,38.55907774909387,42.07464540166023,95578.83759290467,154554.20935072078,241440.67965321895,29530730.416373227,24944552.001846064,120424240.74978119,123430199.84732941,176491688.7326457,113092.88690000009
70.04155766666666,627315.5376485555,603787.4110690277,8956.333333333332,2060.0,6896.333333333333,8620.416666666666,10101.500000000004,10437.41666666667,0.0,41.0323943989871,41.26249739275534,47.8352315822578,198392.83069666367,212228.94724854745,591719.2490221509,29530730.416373227,24944552.001846064,120424240.74978119,123430199.84732941,176491688.7326457,113092.88690000009
50.19116399999999,494955.14466959995,489451.6835369999,9861.400000000001,2060.0,7801.400000000001,9751.75,10536.183333333329,10645.83333333333,0.0,41.26249739275534,41.26249739275534,49.19028955635475,216304.3065743716,220828.7394134873,656915.1284375169,29530730.416373227,24944552.001846064,120424240.74978119,123430199.84732941,176491688.7326457,113092.88690000009
51.74455291666667,475749.76842641673,461444.98677260417,9194.2,2060.0,7134.200000000001,8917.75,10351.966666666669,10628.41666666667,0.0,41.26249739275534,41.26249739275534,48.42243506719445,208703.06684633647,220110.08425056373,615362.659614392,29530730.416373227,24944552.001846064,120424240.74978119,123430199.84732941,176491688.7326457,113092.88690000009
55.23306683333333,406544.8295289778,365955.8898153889,7360.533333333334,2060.0,5300.533333333334,6625.666666666667,10049.133333333333,10784.0,0.0,41.0323943989871,41.68592068621894,45.203185925748,196244.10097663655,226543.64183201324,515212.0175273066,29530730.416373227,24944552.001846064,120424240.74978119,123430199.84732941,176491688.7326457,113092.88690000009
56.018373833333335,273403.2753309667,197506.78154287502,4880.6,2060.0,2820.6000000000004,3525.75,9413.15,10768.0,0.0,39.28120655037132,41.68592068621894,43.47064287626648,170617.84181588131,225876.66710103376,377139.1884694267,29530730.416373227,24944552.001846064,120424240.74978119,123430199.84732941,176491688.7326457,113092.88690000009
53.326870500000005,152571.73162520002,53397.97299400001,2861.0666666666666,2060.0,801.0666666666667,1001.3333333333334,8835.849999999997,10695.58333333333,0.0,38.55907774909387,41.26249739275534,42.51125666287282,148147.6185827087,222881.54865877688,265065.5622934616,29530730.416373227,24944552.001846064,120424240.74978119,123430199.84732941,176491688.7326457,113092.88690000009
43.584656333333335,64240.87779157778,6751.989676972222,1473.9333333333334,1350.0,123.93333333333334,154.91666666666666,9049.566666666664,10368.58333333333,0.0,38.55907774909387,41.26249739275534,41.26249739275534,156388.3361489859,209388.71201134587,215780.96056577354,29530730.416373227,24944552.001846064,120424240.74978119,123430199.84732941,176491688.7326457,113092.88690000009
37.675914416666664,-19136.85279603889,-23921.065995048608,-507.93333333333334,0.0,-507.93333333333334,-634.9166666666666,9518.683333333332,9645.666666666666,0.0,39.62459924669454,40.22090622276431,38.55907774909387,174791.88302961964,179829.0775135879,154891.60128102533,29530730.416373227,24944552.001846064,120424240.74978119,123430199.84732941,176491688.7326457,113092.88690000009
36.348760000000006,-113837.04656800002,-48698.25121000001,-3131.8,-2060.0,-1071.8,-1339.75,11135.05,9343.0,0.0,42.07464540166023,39.25801034742973,37.44907271349244,241211.37283577985,167863.45978082428,116470.88872159825,29530730.416373227,24944552.001846064,120424240.74978119,123430199.84732941,176491688.7326457,113092.88690000009
36.89424925000001,-56946.159345202344,-50655.804220250015,-1543.4969,-445.0969,-1098.4,-1373.0,9489.663566666666,9319.166666666666,0.0,39.62459924669454,39.25801034742973,35.80690392628222,173641.9864052204,166927.81053421053,114384.8510069699,29530730.416373227,24944552.001846064,120424240.74978119,123430199.84732941,176491688.7326457,113092.88690000009
35.83451508333333,-96091.44667979443,-27840.43201015972,-2681.5333333333333,-2060.0,-621.5333333333333,-776.9166666666666,11213.95,9309.333333333334,0.0,42.27751684161908,39.25801034742973,38.30957204005018,244540.66626083388,166541.77343246085,136511.05441671464,29530730.416373227,24944552.001846064,120424240.74978119,123430199.84732941,176491688.7326457,113092.88690000009
46.11889491666667,104154.9122798,11437.485939333334,2258.4,2060.0,198.4,248.0,7797.183333333334,9807.583333333334,0.0,34.3729940831512,40.58304836836191,41.0323943989871,109165.64357926542,186376.58591091706,196508.75992051006,29530730.416373227,24944552.001846064,120424240.74978119,123430199.84732941,176491688.7326457,113092.88690000009
57.90719191666667,215426.33536838336,120171.90002506251,3720.2,2060.0,1660.2,2075.25,8514.21666666667,10159.16666666667,0.0,38.30957204005018,41.0323943989871,42.91634031705147,135813.82020558586,200759.03210700522,288036.0213508434,29530730.416373227,24944552.001846064,120424240.74978119,123430199.84732941,176491688.7326457,113092.88690000009
37.864523000000005,-29117.818187000004,-36397.272733750004,-769.0,-0.0,-769.0,-961.25,9075.583333333334,9267.833333333334,0.0,38.55907774909387,39.25801034742973,37.86539448553231,157391.5148217583,164912.5660030425,127872.73213136736,29530730.416373227,24944552.001846064,120424240.74978119,123430199.84732941,176491688.7326457,113092.88690000009
22.368222666666668,-137296.150728,-114022.01504333333,-6138.0,-2060.0,-4078.0,-5097.5,6632.916666666667,6564.416666666667,972.0,29.16858794901584,29.16858794901584,2.783764648076243,73962.64408466678,71964.5958101592,1605.6439062270615,29530730.416373227,24944552.001846064,120424240.74978119,123430199.84732941,176491688.7326457,113092.88690000009
20.944195833333332,-160100.22550944446,-146193.97761597222,-7644.133333333334,-2060.0,-5584.133333333334,-6980.166666666667,6122.0,6122.0,663.9666666666672,27.82825381936943,27.82825381936943,0.0,59249.015209434685,59249.015209434685,0.0,29530730.416373227,24944552.001846064,120424240.74978119,123430199.84732941,176491688.7326457,113092.88690000009
23.134356,-200383.6225104,-190908.56143799998,-8661.733333333334,-2060.0,-6601.733333333334,-8252.166666666666,5791.583333333333,5791.583333333333,409.5666666666675,24.43852305578935,24.43852305578935,0.0,50865.34685861716,50865.34685861716,0.0,29530730.416373227,24944552.001846064,120424240.74978119,123430199.84732941,176491688.7326457,113092.88690000009
23.624971833333333,-200157.0613644889,-189362.02423477778,-8472.266666666666,-2060.0,-6412.266666666666,-8015.333333333333,5857.833333333333,5857.833333333333,456.9333333333334,24.43852305578935,24.43852305578935,0.0,52484.3990110632,52484.3990110632,0.0,29530730.416373227,24944552.001846064,120424240.74978119,123430199.84732941,176491688.7326457,113092.88690000009
25.49215641666667,-179925.3394659278,-159264.37155949307,-7058.066666666667,-2060.0,-4998.066666666667,-6247.583333333333,6429.900000000001,6174.416666666667,555.0,29.16858794901584,28.09348960775121,0.0,68040.9345878841,60708.6763283202,0.0,29530730.416373227,24944552.001846064,120424240.74978119,123430199.84732941,176491688.7326457,113092.88690000009
26.934057250000006,-148085.2423643167,-115751.35553664585,-5498.066666666667,-2060.0,-3438.0666666666666,-4297.583333333333,6961.066666666667,6227.583333333333,467.0,29.16858794901584,28.48607008034386,3.283317504717155,83534.31622013633,62205.70375287808,3017.105885057613,29530730.416373227,24944552.001846064,120424240.74978119,123430199.84732941,176491688.7326457,113092.88690000009
23.306653,-95221.6614968,-59012.445396,-4085.6000000000004,-2060.0,-2025.6000000000001,-2532.0,7064.35,6244.75,734.0,29.16858794901584,28.48607008034386,9.712272222084453,86546.94521213719,62694.71462259066,11684.532295912737,29530730.416373227,24944552.001846064,120424240.74978119,123430199.84732941,176491688.7326457,113092.88690000009
28.361310749999998,-68702.43916079999,-12847.67376975,-2422.4,-2060.0,-362.40000000000003,-453.0,8208.066666666668,6953.666666666667,715.0,37.86539448553231,29.16858794901584,29.16858794901584,124142.35968463434,83318.46866931362,70105.09832840944,29530730.416373227,24944552.001846064,120424240.74978119,123430199.84732941,176491688.7326457,113092.88690000009
29.68277625,-43113.76351526025,-17023.072179375,-1452.4842,-993.6842,-458.8,-573.5,8486.7342,7933.75,326.0,38.30957204005018,35.80690392628222,30.24595469255664,134760.9786689808,113940.24861655191,95289.93153673192,29530730.416373227,24944552.001846064,120424240.74978119,123430199.84732941,176491688.7326457,113092.88690000009
48.796551916666665,150446.27576600556,62406.72352209028,3083.133333333333,2060.0,1023.1333333333334,1278.9166666666667,8430.616666666663,10234.83333333333,0.0,38.30957204005018,41.26249739275534,42.51125666287282,132611.13998303737,203869.85298506485,257278.91711471198,29530730.416373227,24944552.001846064,120424240.74978119,123430199.84732941,176491688.7326457,113092.88690000009
65.70927908333334,481241.61815051676,601552.0226881459,7323.8,0.0,7323.8,9154.75,13802.2,12029.25,58.0,43.45268274932441,42.83240645223916,51.68242288483165,355774.1466084672,279235.7569291302,696355.1284543357,29530730.416373227,24944552.001846064,120424240.74978119,123430199.84732941,176491688.7326457,113092.88690000009
44.59656716666666,457031.5665329555,456453.2977120277,10248.133333333333,2060.0,8188.133333333333,10235.166666666666,12353.283333333333,12366.25,0.0,42.91634031705147,42.91634031705147,67.30007789494093,293137.3436698634,293693.8255493079,776593.8177901276,29530730.416373227,24944552.001846064,120424240.74978119,123430199.84732941,176491688.7326457,113092.88690000009
48.36927283333333,445100.49784871115,431824.74476505554,9202.133333333333,2060.0,7142.133333333333,8927.666666666666,11732.616666666663,12007.08333333333,0.0,42.5734071986989,42.83240645223916,49.79549823870573,266584.396052349,278286.3052527721,683631.9071073027,29530730.416373227,24944552.001846064,120424240.74978119,123430199.84732941,176491688.7326457,113092.88690000009
53.51395458333332,382621.20767386106,340478.076540243,7149.933333333334,2060.0,5089.933333333334,6362.416666666667,10874.233333333334,11661.75,0.0,41.74288961189344,42.51125666287282,45.9961646035486,230305.77554088688,263570.5831008173,543281.7260556307,29530730.416373227,24944552.001846064,120424240.74978119,123430199.84732941,176491688.7326457,113092.88690000009
60.89611466666667,267061.94074115553,177019.93065977778,4385.533333333333,2060.0,2325.5333333333333,2906.9166666666665,10319.133333333333,11797.75,0.0,41.26249739275534,42.5734071986989,43.77868185516679,207348.28151527426,269357.34397455776,395087.03943210753,29530730.416373227,24944552.001846064,120424240.74978119,123430199.84732941,176491688.7326457,113092.88690000009
61.704806916666676,163727.53467268337,45769.54053043751,2653.4,2060.0,593.4,741.75,9961.85,11873.5,0.0,41.0323943989871,42.61638123618729,42.91634031705147,192662.656818845,272584.08018203,304379.9942882537,29530730.416373227,24944552.001846064,120424240.74978119,123430199.84732941,176491688.7326457,113092.88690000009
48.00965991666666,102564.63680197221,4580.921717048611,2136.3333333333335,2060.0,76.33333333333334,95.41666666666667,9484.666666666664,11525.58333333333,0.0,39.62459924669454,42.51125666287282,42.51125666287282,173443.9862452445,257781.96698522268,261838.2493918051,29530730.416373227,24944552.001846064,120424240.74978119,123430199.84732941,176491688.7326457,113092.88690000009
40.35719258333334,-49054.924955022485,-10405.429487736112,-1215.5187666666666,-1009.2521,-206.26666666666665,-257.8333333333333,10831.518766666668,9873.833333333334,0.0,41.68592068621894,40.58304836836191,39.62459924669454,228524.5053703869,189065.21286532102,178648.0169463105,29530730.416373227,24944552.001846064,120424240.74978119,123430199.84732941,176491688.7326457,113092.88690000009
36.97858916666667,-101930.2484182778,-32192.943418680563,-2756.4666666666667,-2060.0,-696.4666666666667,-870.5833333333334,11426.883333333333,9541.0,0.0,42.51125666287282,39.62459924669454,38.30957204005018,253586.10595259725,175676.1720028084,141797.77535824152,29530730.416373227,24944552.001846064,120424240.74978119,123430199.84732941,176491688.7326457,113092.88690000009
41.394784666666666,-30786.681182755558,-38483.35147844444,-743.7333333333333,0.0,-743.7333333333333,-929.6666666666666,9076.483333333334,9262.416666666666,0.0,38.55907774909387,39.25801034742973,38.2073287836733,157426.21799173244,164699.9184469939,128865.85134358455,29530730.416373227,24944552.001846064,120424240.74978119,123430199.84732941,176491688.7326457,113092.88690000009
39.97310325,-15219.092844050001,-19023.866055062503,-380.73333333333335,-0.0,-380.73333333333335,-475.9166666666667,9153.400000000001,9248.583333333334,0.0,39.1445502867625,39.25801034742973,38.46888733201707,160424.80422744513,164156.84930385448,145715.49732387808,29530730.416373227,24944552.001846064,120424240.74978119,123430199.84732941,176491688.7326457,113092.88690000009
46.4370465,114835.7201914,23969.255501749998,2472.9333333333334,2060.0,412.93333333333334,516.1666666666666,7629.3166666666675,9586.083333333334,0.0,31.41026645768025,39.62459924669454,41.0323943989871,103601.7180480936,177462.58101884692,198423.60499246276,29530730.416373227,24944552.001846064,120424240.74978119,123430199.84732941,176491688.7326457,113092.88690000009
60.417719166666664,213318.85498572222,111072.94187798612,3530.7333333333336,2060.0,1470.7333333333336,1838.4166666666667,8168.683333333333,9861.0,0.0,37.44907271349244,40.58304836836191,42.51125666287282,122666.21365083368,188544.39707792702,265171.8404351188,29530730.416373227,24944552.001846064,120424240.74978119,123430199.84732941,176491688.7326457,113092.88690000009
35.774077416666664,-33250.81248954444,-41563.51561193055,-929.4666666666667,-0.0,-929.4666666666667,-1161.8333333333333,8790.216666666667,9022.583333333334,0.0,38.46888733201707,38.55907774909387,34.84042802052038,146390.62629655495,155347.8837010563,111359.38462281006,29530730.416373227,24944552.001846064,120424240.74978119,123430199.84732941,176491688.7326457,113092.88690000009
16.94965025,-109118.45837945,-92752.72358056251,-6437.8,-2060.0,-4377.8,-5472.25,6918.633333333333,6593.083333333333,640.0,29.16858794901584,29.16858794901584,2.060058126766485,82296.59580483308,72800.76199803097,796.3484606983272,29530730.416373227,24944552.001846064,120424240.74978119,123430199.84732941,176491688.7326457,113092.88690000009
14.15097875,-71957.72694375,-89947.1586796875,-5085.0,0.0,-5085.0,-6356.25,4608.166666666667,5879.416666666667,0.0,19.7561877311931,25.05746204390756,0.0,23981.90665425709,53017.93971808403,0.0,29530730.416373227,24944552.001846064,120424240.74978119,123430199.84732941,176491688.7326457,113092.88690000009
18.607295333333333,-153809.14371168887,-144347.64415627776,-8266.066666666666,-2060.0,-6206.066666666667,-7757.583333333333,5805.166666666667,5805.166666666667,508.48333333333267,24.43852305578935,24.43852305578935,0.0,51197.30346345831,51197.30346345831,0.0,29530730.416373227,24944552.001846064,120424240.74978119,123430199.84732941,176491688.7326457,113092.88690000009
19.076911916666667,-157133.9798693278,-147294.42665124306,-8236.866666666667,-2060.0,-6176.866666666667,-7721.083333333333,5856.783333333334,5803.0,462.0,24.43852305578935,24.43852305578935,0.0,52458.73856185464,51144.35333017076,0.0,29530730.416373227,24944552.001846064,120424240.74978119,123430199.84732941,176491688.7326457,113092.88690000009
20.30733291666667,-154357.3913217778,-140655.35689180557,-7601.066666666667,-2060.0,-5541.066666666667,-6926.333333333333,6176.483333333334,5977.75,476.0,28.09348960775121,25.05746204390756,0.0,60766.736206842885,55481.92348573494,0.0,29530730.416373227,24944552.001846064,120424240.74978119,123430199.84732941,176491688.7326457,113092.88690000009
17.480465249999998,-102181.4769367,-82714.64815212498,-5845.466666666667,-2060.0,-3785.4666666666667,-4731.833333333333,6518.133333333334,5877.5,473.0,29.16858794901584,25.05746204390756,2.060058126766485,70614.57633125226,52969.9129158332,847.5065708463628,29530730.416373227,24944552.001846064,120424240.74978119,123430199.84732941,176491688.7326457,113092.88690000009
15.659497416666667,-62794.58464083334,-38170.024953125,-4010.0,-2060.0,-1950.0,-2437.5,6701.833333333333,5974.333333333333,845.0,29.16858794901584,25.05746204390756,8.194301963536885,75972.84593748645,55396.31049041824,10102.98525247619,29530730.416373227,24944552.001846064,120424240.74978119,123430199.84732941,176491688.7326457,113092.88690000009
16.539548833333335,-49598.7990414,-19409.160555916667,-2998.8,-2060.0,-938.8000000000001,-1173.5,7431.966666666667,6416.666666666667,810.0,30.80517968863669,29.16858794901584,22.2482325455118,97493.22738381138,67654.93694069212,37800.05770233307,29530730.416373227,24944552.001846064,120424240.74978119,123430199.84732941,176491688.7326457,113092.88690000009
21.218055250000003,-58778.25665355001,-18836.328548187503,-2770.2,-2060.0,-710.2,-887.75,8011.283333333333,6712.833333333333,584.0,37.44907271349244,29.16858794901584,24.43852305578935,116771.72960572995,76293.70040492562,51684.0373809861,29530730.416373227,24944552.001846064,120424240.74978119,123430199.84732941,176491688.7326457,113092.88690000009
35.218960833333334,-34463.544646557726,666.2253424305557,-978.5508666666667,-993.6842,15.133333333333335,18.916666666666668,8582.3842,7705.916666666667,121.0,38.30957204005018,33.12896855223325,33.66908174697999,138425.28923461156,106075.50618083587,106708.53233100136,29530730.416373227,24944552.001846064,120424240.74978119,123430199.84732941,176491688.7326457,113092.88690000009
40.48095733333333,206566.22908053332,258207.78635066663,5102.8,-0.0,5102.8,6378.5,10620.533333333333,9375.833333333334,31.0,41.26249739275534,39.25801034742973,44.36177173256092,219784.79822945068,169152.43112056493,441282.8315632995,29530730.416373227,24944552.001846064,120424240.74978119,123430199.84732941,176491688.7326457,113092.88690000009
41.382305583333334,377348.6916921834,365126.42773814587,9118.6,2060.0,7058.6,8823.25,9379.9,9675.25,0.0,39.25801034742973,40.22090622276431,46.17790561414722,169312.08036264445,181018.9459893447,565125.9793438407,29530730.416373227,24944552.001846064,120424240.74978119,123430199.84732941,176491688.7326457,113092.88690000009
40.712013,274105.8411264,342632.301408,6732.8,0.0,6732.8,8416.0,11310.616666666665,9627.416666666666,0.0,42.49671376146203,39.62459924669454,45.9961646035486,248643.53631671917,179100.39778771024,544167.1522242489,29530730.416373227,24944552.001846064,120424240.74978119,123430199.84732941,176491688.7326457,113092.88690000009
43.39477208333333,329380.7850365278,299984.4431810764,7590.333333333334,2060.0,5530.333333333334,6912.916666666667,9315.166666666668,9992.583333333334,0.0,39.25801034742973,41.0323943989871,45.02164502164506,166770.7784928209,193923.71907337385,492437.43631689576,29530730.416373227,24944552.001846064,120424240.74978119,123430199.84732941,176491688.7326457,113092.88690000009
43.413464749999996,221973.04526674998,165676.63485218748,5113.0,2060.0,3053.0,3816.25,8926.16666666667,10222.91666666667,0.0,38.55907774909387,41.26249739275534,43.47064287626648,151630.14595474792,203378.14155780143,366072.287303844,29530730.416373227,24944552.001846064,120424240.74978119,123430199.84732941,176491688.7326457,113092.88690000009
43.805159833333335,152769.03474675555,78163.00686261112,3487.4666666666667,2060.0,1427.4666666666667,1784.3333333333333,8569.283333333336,10272.41666666667,0.0,38.30957204005018,41.26249739275534,42.83240645223916,137923.40063925792,205420.6351787428,280413.6481065669,29530730.416373227,24944552.001846064,120424240.74978119,123430199.84732941,176491688.7326457,113092.88690000009
44.95993191666667,131543.76880178333,48657.8863168125,2925.8,2060.0,865.8000000000001,1082.25,8146.116666666666,9989.666666666666,0.0,37.44907271349244,41.0323943989871,41.83491847826088,121821.1129099325,193804.04125637677,238565.55626655123,29530730.416373227,24944552.001846064,120424240.74978119,123430199.84732941,176491688.7326457,113092.88690000009
43.20373966666667,98907.76134355555,12385.07203777778,2289.3333333333335,2060.0,229.33333333333337,286.6666666666667,7516.166666666667,9518.833333333334,0.0,30.89586360193405,39.62459924669454,40.58304836836191,100089.47009493649,174797.8267195067,186292.03789348295,29530730.416373227,24944552.001846064,120424240.74978119,123430199.84732941,176491688.7326457,113092.88690000009
44.97402966666667,78386.73544035555,-17824.707091222223,1742.9333333333334,2060.0,-317.06666666666666,-396.3333333333333,6755.5666666666675,8894.833333333334,0.0,29.16858794901584,38.55907774909387,38.30957204005018,77540.1713966136,150421.96151860958,135211.72143168957,29530730.416373227,24944552.001846064,120424240.74978119,123430199.84732941,176491688.7326457,113092.88690000009
41.77959558333334,22163.379130365283,-32309.553917777783,530.4833333333333,1149.15,-618.6666666666667,-773.3333333333334,7343.766666666667,8647.583333333334,0.0,30.24595469255664,38.30957204005018,35.28351264902588,94791.37738354964,140923.04012999375,111831.7464361468,29530730.416373227,24944552.001846064,120424240.74978119,123430199.84732941,176491688.7326457,113092.88690000009
37.35322766666666,-91057.20819062222,-17636.94899661111,-2437.7333333333336,-2060.0,-377.73333333333335,-472.1666666666667,10512.900000000001,8547.333333333334,0.0,41.26249739275534,38.30957204005018,37.44907271349244,215343.57809341053,137082.5055329787,119164.10120091026,29530730.416373227,24944552.001846064,120424240.74978119,123430199.84732941,176491688.7326457,113092.88690000009
41.33637941666667,18769.472013794446,23461.840017243056,454.0666666666667,-0.0,454.0666666666667,567.5833333333334,8764.183333333332,8650.666666666666,0.0,38.30957204005018,38.30957204005018,39.25801034742973,145389.93622986355,141041.16131045052,162966.02298998245,29530730.416373227,24944552.001846064,120424240.74978119,123430199.84732941,176491688.7326457,113092.88690000009
53.127010750000004,211948.4384867667,128133.49542720836,3989.466666666667,2060.0,1929.466666666667,2411.8333333333335,7223.033333333333,8800.666666666666,0.0,29.18246773022232,38.46888733201707,42.27751684161908,91175.53840578442,146792.6261691745,244479.3638614135,29530730.416373227,24944552.001846064,120424240.74978119,123430199.84732941,176491688.7326457,113092.88690000009
37.869882749999995,-10601.042511149999,-13251.3031389375,-279.93333333333334,-0.0,-279.93333333333334,-349.9166666666667,7841.933333333333,7911.916666666667,0.0,34.3729940831512,35.28351264902588,30.89586360193405,110703.8350644864,113160.75874592675,101505.53051002513,29530730.416373227,24944552.001846064,120424240.74978119,123430199.84732941,176491688.7326457,113092.88690000009
23.139190833333334,-100401.3547329793,-96760.3830013889,-4339.017533333334,-993.6842,-3345.333333333334,-4181.666666666667,5618.416666666667,5618.416666666667,157.35086666666666,24.23153772437706,24.23153772437706,2.783764648076243,46653.43606403445,46653.43606403445,1521.6670060100942,29530730.416373227,24944552.001846064,120424240.74978119,123430199.84732941,176491688.7326457,113092.88690000009
14.8137105,-96934.99602779999,-83023.44049724999,-6543.6,-2060.0,-4483.6,-5604.5,5036.516666666667,4820.416666666667,723.0,22.24821654467935,21.83564343694653,0.0,33202.463549097796,28408.930920519295,0.0,29530730.416373227,24944552.001846064,120424240.74978119,123430199.84732941,176491688.7326457,113092.88690000009
15.497711083333336,-116991.18778734448,-106332.37869459724,-7548.933333333334,-2060.0,-5488.933333333334,-6861.166666666667,4752.933333333334,4572.166666666667,507.0,21.18868464704622,19.63908329735679,0.0,26936.415465036498,23273.645038752,0.0,29530730.416373227,24944552.001846064,120424240.74978119,123430199.84732941,176491688.7326457,113092.88690000009
12.999664166666667,-100733.53098322224,-92442.77849986112,-7748.933333333334,-2060.0,-5688.933333333334,-7111.166666666667,4855.766666666667,4593.0,375.0,22.07180171330758,19.70317835566063,0.0,29186.764232637113,23682.81183596442,0.0,29530730.416373227,24944552.001846064,120424240.74978119,123430199.84732941,176491688.7326457,113092.88690000009
14.10991116666667,-105667.2434056778,-95751.03300293058,-7488.866666666667,-2060.0,-5428.866666666667,-6786.083333333333,5205.116666666667,4695.333333333333,193.0,22.24821654467935,20.40462700661001,0.0,36953.51285853072,25735.63582471171,0.0,29530730.416373227,24944552.001846064,120424240.74978119,123430199.84732941,176491688.7326457,113092.88690000009
18.46955225,-123486.19504001667,-106798.64675627084,-6685.933333333333,-2060.0,-4625.933333333333,-5782.416666666667,5424.516666666666,4708.0,187.0,23.77147679948855,20.49618801990894,0.0,41973.01362594376,25994.414897008657,0.0,29530730.416373227,24944552.001846064,120424240.74978119,123430199.84732941,176491688.7326457,113092.88690000009
21.06697366666667,-119864.0578387778,-95582.61510680556,-5689.666666666666,-2060.0,-3629.6666666666665,-4537.083333333333,5399.166666666666,4600.583333333333,354.0,23.77147679948855,19.70317835566063,0.02453594536925209,41370.40668907671,23832.22760516151,1.5580325309475078,29530730.416373227,24944552.001846064,120424240.74978119,123430199.84732941,176491688.7326457,113092.88690000009
18.901571916666665,-82735.96059363332,-54748.40305662499,-4377.200000000001,-2060.0,-2317.2000000000003,-2896.5,5903.283333333334,4904.583333333333,482.0,25.05746204390756,22.24821654467935,3.283317504717155,53615.97781219863,30267.18217963641,3273.478260217609,29530730.416373227,24944552.001846064,120424240.74978119,123430199.84732941,176491688.7326457,113092.88690000009
17.26723708333333,-53870.32625258333,-22874.77232614583,-3119.8,-2060.0,-1059.8,-1324.75,7072.466666666667,5705.416666666667,428.0,29.16858794901584,24.23153772437706,18.44164886398207,86783.6969176567,48761.579846055254,19696.289519996,29530730.416373227,24944552.001846064,120424240.74978119,123430199.84732941,176491688.7326457,113092.88690000009
37.80550458333334,17715.659447750004,22144.5743096875,468.6,-0.0,468.6,585.75,6803.666666666667,6803.666666666667,117.14999999999998,29.16858794901584,29.16858794901584,30.72230215827338,78943.18047696125,78943.18047696125,96184.57898379197,29530730.416373227,24944552.001846064,120424240.74978119,123430199.84732941,176491688.7326457,113092.88690000009
47.04431441666666,369831.03706755553,341149.68671152776,7861.333333333334,2060.0,5801.333333333334,7251.666666666667,7493.083333333333,8102.75,0.0,30.84323712507074,37.44907271349244,43.98722242431084,99377.1620976111,120197.07145659075,423637.47101436846,29530730.416373227,24944552.001846064,120424240.74978119,123430199.84732941,176491688.7326457,113092.88690000009
38.788171999999996,274982.28069866664,343727.8508733333,7089.333333333333,0.0,7089.333333333333,8861.666666666666,9756.916666666666,7996.583333333333,12.0,40.49080452762706,37.44907271349244,44.50859520231314,184323.17147661708,116221.22823684162,490327.5303260074,29530730.416373227,24944552.001846064,120424240.74978119,123430199.84732941,176491688.7326457,113092.88690000009
36.759746,240479.8076822667,300599.75960283336,6541.933333333334,0.0,6541.933333333334,8177.416666666667,9655.816666666666,8020.333333333333,0.0,40.22090622276431,37.44907271349244,44.38564628710655,180237.31971174895,117110.64371378707,460957.678579667,29530730.416373227,24944552.001846064,120424240.74978119,123430199.84732941,176491688.7326457,113092.88690000009
39.743389666666666,209755.01242342222,262193.7655292778,5277.733333333334,0.0,5277.733333333334,6597.166666666667,9398.1,8078.666666666667,0.0,39.28120655037132,37.44907271349244,43.77868185516679,170026.65965729827,119295.17295540748,393824.75410528365,29530730.416373227,24944552.001846064,120424240.74978119,123430199.84732941,176491688.7326457,113092.88690000009
42.07840591666666,192646.16319474444,132455.80875801388,4578.266666666666,2060.0,2518.266666666667,3147.8333333333335,6591.5666666666675,8022.0,0.0,29.16858794901584,37.44907271349244,42.23998044110799,72756.522972975,117173.05883497624,242675.58570350532,29530730.416373227,24944552.001846064,120424240.74978119,123430199.84732941,176491688.7326457,113092.88690000009
40.289771333333334,88414.56019862223,42529.211123277775,2194.4666666666667,1350.0,844.4666666666667,1055.5833333333333,6834.616666666667,7973.5,0.0,29.16858794901584,36.43982000727706,38.55907774909387,79845.94827398327,115368.95283431008,155598.51770642542,29530730.416373227,24944552.001846064,120424240.74978119,123430199.84732941,176491688.7326457,113092.88690000009
40.65872433333333,102546.72393191111,23487.189756555552,2522.133333333333,2060.0,462.1333333333333,577.6666666666666,6014.616666666667,7959.083333333333,0.0,25.05746204390756,35.80690392628222,38.30957204005018,56405.708586420325,114847.35684935105,136677.0625622215,29530730.416373227,24944552.001846064,120424240.74978119,123430199.84732941,176491688.7326457,113092.88690000009
40.794138833333335,86377.5095657,2926.9794612916667,2117.4,2060.0,57.400000000000006,71.75,5982.1,8027.75,0.0,25.05746204390756,37.44907271349244,37.44907271349244,55590.923445625944,117388.39100307881,120075.3619702719,29530730.416373227,24944552.001846064,120424240.74978119,123430199.84732941,176491688.7326457,113092.88690000009
40.883035416666665,63654.886143749995,-25705.208518229167,1557.0,2060.0,-503.0,-628.75,5879.583333333333,8065.333333333333,0.0,25.05746204390756,37.44907271349244,30.80517968863669,53022.115961758,118795.85198589423,97635.44463004057,29530730.416373227,24944552.001846064,120424240.74978119,123430199.84732941,176491688.7326457,113092.88690000009
39.44549958333333,-31821.99936386111,-39777.49920482638,-806.7333333333333,-0.0,-806.7333333333333,-1008.4166666666666,7807.816666666667,8009.5,0.0,34.3729940831512,37.44907271349244,29.16858794901584,109531.14308301623,116704.94542605757,84701.54588122944,29530730.416373227,24944552.001846064,120424240.74978119,123430199.84732941,176491688.7326457,113092.88690000009
38.809319916666674,-11032.196008311112,-13790.245010388891,-284.26666666666665,-0.0,-284.26666666666665,-355.3333333333333,7896.433333333333,7967.5,0.0,35.28351264902588,36.43982000727706,31.41026645768025,112614.45235841098,115150.31391426643,103063.03197834436,29530730.416373227,24944552.001846064,120424240.74978119,123430199.84732941,176491688.7326457,113092.88690000009
41.68710483333333,111618.61276141109,32178.97100593055,2677.5333333333333,2060.0,617.5333333333333,771.9166666666666,6161.716666666666,8067.333333333333,0.0,27.82825381936943,37.44907271349244,38.55907774909387,60354.26069029396,118870.75013132121,148278.71944705574,29530730.416373227,24944552.001846064,120424240.74978119,123430199.84732941,176491688.7326457,113092.88690000009
42.987923,181939.2194436667,116730.12257958333,4232.333333333334,2060.0,2172.3333333333335,2715.4166666666665,6779.833333333332,8296.75,0.0,29.16858794901584,37.86539448553231,41.83491847826088,78247.99579750965,127500.38908559293,236065.91988747515,29530730.416373227,24944552.001846064,120424240.74978119,123430199.84732941,176491688.7326457,113092.88690000009
32.17055158333333,-4909.226171616666,-6136.532714520832,-152.6,-0.0,-152.6,-190.75,6806.1,6844.25,0.0,29.16858794901584,29.16858794901584,29.16858794901584,79014.15737430385,80126.9390045588,74563.03085328403,29530730.416373227,24944552.001846064,120424240.74978119,123430199.84732941,176491688.7326457,113092.88690000009
20.6668505,-77837.23456859715,-71626.137120375,-3766.2843000000003,-993.6843,-2772.6000000000004,-3465.75,4140.2843,3964.75,125.0,13.02871506115528,10.4674747796879,0.1604788213627992,16110.958480066254,14265.657988445948,27.338986024817174,29530730.416373227,24944552.001846064,120424240.74978119,123430199.84732941,176491688.7326457,113092.88690000009
17.168422249999995,-109259.83919899997,-92366.11170499997,-6364.0,-2060.0,-4304.0,-5380.0,4311.916666666667,3778.916666666667,451.0,16.2201944516726,9.712272222084453,0.0,18502.26677034029,12327.160974607328,0.0,29530730.416373227,24944552.001846064,120424240.74978119,123430199.84732941,176491688.7326457,113092.88690000009
13.95066625,-91972.09236416667,-79042.14986145833,-6592.666666666667,-2060.0,-4532.666666666667,-5665.833333333333,3716.083333333333,3716.083333333333,926.8333333333339,9.712272222084453,9.712272222084453,0.0,11716.906536653016,11716.906536653016,0.0,29530730.416373227,24944552.001846064,120424240.74978119,123430199.84732941,176491688.7326457,113092.88690000009
15.248581666666666,-103876.38802966666,-90580.38724541667,-6812.2,-2060.0,-4752.2,-5940.25,3606.75,3606.75,871.9499999999998,8.194301963536885,8.194301963536885,0.0,10675.903531426813,10675.903531426813,0.0,29530730.416373227,24944552.001846064,120424240.74978119,123430199.84732941,176491688.7326457,113092.88690000009
18.080734333333336,-132819.86903037783,-119466.94537963891,-7345.933333333334,-2060.0,-5285.933333333334,-6607.416666666667,3559.0,3559.0,738.5166666666673,8.194301963536885,8.194301963536885,0.0,10284.625612667927,10284.625612667927,0.0,29530730.416373227,24944552.001846064,120424240.74978119,123430199.84732941,176491688.7326457,113092.88690000009
19.724552749999997,-123302.12415079998,-103336.93185724999,-6251.2,-2060.0,-4191.2,-5239.0,3643.7,3562.5,931.0,9.712272222084453,8.194301963536885,0.0,11013.899898977803,10313.305669540307,0.0,29530730.416373227,24944552.001846064,120424240.74978119,123430199.84732941,176491688.7326457,113092.88690000009
20.585149916666666,-105310.8822870111,-78631.84182334722,-5115.866666666667,-2060.0,-3055.866666666667,-3819.8333333333335,4181.283333333333,3808.25,923.0,13.02871506115528,10.4674747796879,0.0,16645.12320314905,12627.49818542479,0.0,29530730.416373227,24944552.001846064,120424240.74978119,123430199.84732941,176491688.7326457,113092.88690000009
20.07524241666667,-88555.90934840002,-59001.13746258334,-4411.200000000001,-2060.0,-2351.2000000000003,-2939.0,5086.033333333334,4497.833333333333,884.0,22.24821654467935,18.81569696620917,2.783764648076243,34304.121071668495,21858.11611511545,1861.5182734627347,29530730.416373227,24944552.001846064,120424240.74978119,123430199.84732941,176491688.7326457,113092.88690000009
17.409756249999997,-70214.70760666666,-42938.26216458333,-4033.0666666666666,-2060.0,-1973.0666666666668,-2466.3333333333335,5791.566666666666,4942.833333333333,718.0,24.43852305578935,22.24821654467935,3.693763439498798,50864.93954989954,31118.176462470394,4931.388918739073,29530730.416373227,24944552.001846064,120424240.74978119,123430199.84732941,176491688.7326457,113092.88690000009
29.45080941666666,5.890161883333333,7.362702354166665,0.2,0.0,0.2,0.25,5720.583333333333,5720.583333333333,0.05000000000001137,24.43852305578935,24.43852305578935,24.43852305578935,49130.21172165611,49130.21172165611,49136.32135242006,29530730.416373227,24944552.001846064,120424240.74978119,123430199.84732941,176491688.7326457,113092.88690000009
39.42376958333333,191988.50136822223,239985.62671027775,4869.866666666667,0.0,4869.866666666667,6087.333333333333,7812.633333333333,6656.166666666667,61.0,34.3729940831512,29.16858794901584,42.99534155663844,109696.70633785006,74640.81375448141,309886.4481720948,29530730.416373227,24944552.001846064,120424240.74978119,123430199.84732941,176491688.7326457,113092.88690000009
41.85320808333333,375554.4165594944,361671.00988478464,8973.133333333333,2060.0,6913.133333333333,8641.416666666666,6281.866666666666,6613.583333333333,0.0,28.48607008034386,29.16858794901584,43.98722242431084,63752.022590406064,73398.7180509858,419264.40798501816,29530730.416373227,24944552.001846064,120424240.74978119,123430199.84732941,176491688.7326457,113092.88690000009
40.264319166666674,268834.1219240556,336042.6524050695,6676.733333333334,0.0,6676.733333333334,8345.916666666666,8117.599999999999,6460.416666666667,12.0,37.44907271349244,29.16858794901584,43.77868185516679,120753.1901863861,68931.06266346156,399537.8720873828,29530730.416373227,24944552.001846064,120424240.74978119,123430199.84732941,176491688.7326457,113092.88690000009
41.848369166666664,322617.4475796667,295512.25887041667,7709.200000000001,2060.0,5649.200000000001,7061.5,5720.299999999999,6368.0,0.0,24.43852305578935,29.16858794901584,43.36472879148679,49123.28747345696,66235.39899384,339585.25818665366,29530730.416373227,24944552.001846064,120424240.74978119,123430199.84732941,176491688.7326457,113092.88690000009
41.28970283333334,195938.90847215557,175247.26205894444,4745.466666666667,1350.0,3395.4666666666667,4244.333333333333,5808.616666666666,6309.75,0.0,24.43852305578935,28.68819456566009,41.26249739275534,51281.61636800076,64546.79302966666,217042.90527770206,29530730.416373227,24944552.001846064,120424240.74978119,123430199.84732941,176491688.7326457,113092.88690000009
42.56950091666667,152117.8545756167,80530.85335910418,3573.4,2060.0,1513.4,1891.75,4632.516666666666,6314.166666666667,0.0,19.7561877311931,28.77929192631651,37.86539448553231,24462.969825511635,64673.62034386563,124060.94908649047,29530730.416373227,24944552.001846064,120424240.74978119,123430199.84732941,176491688.7326457,113092.88690000009
46.3747075,48489.394162000004,60611.7427025,1045.6000000000001,0.0,1045.6000000000001,1307.0,6868.733333333333,6607.333333333333,0.0,29.16858794901584,29.16858794901584,35.28351264902588,80841.08326617719,73216.41437630444,113246.02723482854,29530730.416373227,24944552.001846064,120424240.74978119,123430199.84732941,176491688.7326457,113092.88690000009
45.26884458333333,19507.854092444446,24384.817615555552,430.93333333333334,0.0,430.93333333333334,538.6666666666666,6692.650000000001,6584.916666666667,0.0,29.16858794901584,29.16858794901584,29.16858794901584,75704.981071488,72562.55186311403,88274.6979049839,29530730.416373227,24944552.001846064,120424240.74978119,123430199.84732941,176491688.7326457,113092.88690000009
40.60762416666666,78185.91957049999,-6832.232766041666,1925.4,2060.0,-134.6,-168.25,4096.1833333333325,6189.833333333333,0.0,10.4674747796879,28.09348960775121,25.19891727382505,15641.433090322918,61141.78429310635,56580.42443814512,29530730.416373227,24944552.001846064,120424240.74978119,123430199.84732941,176491688.7326457,113092.88690000009
39.09690075,-16777.78334185,-20972.2291773125,-429.1333333333333,0.0,-429.1333333333333,-536.4166666666666,5981.716666666667,6089.0,0.0,25.05746204390756,27.44928459155257,24.23153772437706,55581.31808517578,58334.48696957578,45058.19316384628,29530730.416373227,24944552.001846064,120424240.74978119,123430199.84732941,176491688.7326457,113092.88690000009
39.59436316666667,74714.5632955,-8562.281034791667,1887.0,2060.0,-173.0,-216.25,4140.916666666667,6244.166666666667,0.0,13.02871506115528,28.48607008034386,25.49019607843137,16119.197405180426,62678.097748377135,56740.841365958506,29530730.416373227,24944552.001846064,120424240.74978119,123430199.84732941,176491688.7326457,113092.88690000009
42.5626385,104823.26609779999,21430.28848475,2462.8,2060.0,402.8,503.5,4746.116666666667,6705.416666666667,0.0,21.18868464704622,29.16858794901584,29.16858794901584,26791.979264692447,76077.36671097044,90763.75074329991,29530730.416373227,24944552.001846064,120424240.74978119,123430199.84732941,176491688.7326457,113092.88690000009
44.54501241666666,158149.64241663885,82983.64604788194,3550.3333333333335,2060.0,1490.3333333333335,1862.9166666666667,5448.166666666666,7135.583333333333,0.0,23.77147679948855,29.16858794901584,38.55907774909387,42535.20905225165,88624.72096037207,154419.25257859894,29530730.416373227,24944552.001846064,120424240.74978119,123430199.84732941,176491688.7326457,113092.88690000009
39.251206333333336,-7860.708255022223,-9825.885318777779,-200.26666666666668,0.0,-200.26666666666668,-250.33333333333334,6798.016666666666,6848.083333333333,0.0,29.16858794901584,29.16858794901584,29.16858794901584,78778.37795504929,80238.75192503001,72936.88207512638,29530730.416373227,24944552.001846064,120424240.74978119,123430199.84732941,176491688.7326457,113092.88690000009
21.27991675,-89418.58329137368,-85341.33279947918,-4202.017533333334,-993.6842,-3208.3333333333335,-4010.4166666666665,4157.416666666667,4157.416666666667,191.60086666666712,13.02871506115528,13.02871506115528,0.02453594536925209,16334.17120368949,16334.17120368949,3.6067839692800683,29530730.416373227,24944552.001846064,120424240.74978119,123430199.84732941,176491688.7326457,113092.88690000009
20.27300358333333,-131636.6668673,-112342.84935704166,-6493.2,-2060.0,-4433.2,-5541.5,3866.866666666667,3611.166666666667,696.0,10.4674747796879,8.194301963536885,0.0,13241.0666654275,10712.09503176577,0.0,29530730.416373227,24944552.001846064,120424240.74978119,123430199.84732941,176491688.7326457,113092.88690000009
17.309034083333334,-130675.12977992778,-118773.1494603264,-7549.533333333334,-2060.0,-5489.533333333334,-6861.916666666667,3452.833333333333,3452.833333333333,687.6166666666668,8.194301963536885,8.194301963536885,0.0,9414.663887539093,9414.663887539093,0.0,29530730.416373227,24944552.001846064,120424240.74978119,123430199.84732941,176491688.7326457,113092.88690000009
15.882997499999995,-128744.40113549995,-120031.78285687495,-8105.8,-2060.0,-6045.8,-7557.25,3367.666666666667,3367.666666666667,548.5500000000002,8.194301963536885,8.194301963536885,0.0,8716.78250364454,8716.78250364454,0.0,29530730.416373227,24944552.001846064,120424240.74978119,123430199.84732941,176491688.7326457,113092.88690000009
15.945318083333332,-121230.12734517222,-110478.46511688193,-7602.866666666667,-2060.0,-5542.866666666667,-6928.583333333333,3338.166666666667,3338.166666666667,674.2833333333338,7.289967955911917,7.289967955911917,0.0,8491.630052526658,8491.630052526658,0.0,29530730.416373227,24944552.001846064,120424240.74978119,123430199.84732941,176491688.7326457,113092.88690000009
15.423184083333334,-106398.37771728334,-93283.27313202084,-6898.6,-2060.0,-4838.6,-6048.25,3412.7666666666673,3323.416666666667,761.0,8.194301963536885,7.289967955911917,0.0,9086.345522200056,8384.103025176957,0.0,29530730.416373227,24944552.001846064,120424240.74978119,123430199.84732941,176491688.7326457,113092.88690000009
10.87416325,-56409.35938726667,-42510.72886533334,-5187.466666666667,-2060.0,-3127.466666666667,-3909.3333333333335,3633.4666666666667,3460.333333333333,1105.0,9.712272222084453,8.194301963536885,0.0,10914.51097990514,9476.12115226562,0.0,29530730.416373227,24944552.001846064,120424240.74978119,123430199.84732941,176491688.7326457,113092.88690000009
13.515396583333333,-50561.09861825,-28399.227070729165,-3741.0,-2060.0,-1681.0,-2101.25,4314.333333333333,3778.583333333333,1104.0,16.33959688536776,9.712272222084453,3.026194054803325,18541.732239033743,12323.923550533294,2216.130264726156,29530730.416373227,24944552.001846064,120424240.74978119,123430199.84732941,176491688.7326457,113092.88690000009
13.818608833333334,-38389.01657958889,-12403.35297865278,-2778.0666666666666,-2060.0,-718.0666666666667,-897.5833333333334,5646.15,4474.666666666667,709.0,24.23153772437706,18.44164886398207,8.194301963536885,47325.45737692383,21429.804513210314,10432.805906508554,29530730.416373227,24944552.001846064,120424240.74978119,123430199.84732941,176491688.7326457,113092.88690000009
30.23627858333333,8246.441045627778,10308.051307034722,272.73333333333335,0.0,272.73333333333335,340.9166666666667,5462.75,5462.75,68.18333333333334,23.77147679948855,23.77147679948855,24.43852305578935,42881.87642224421,42881.87642224421,51160.64567887462,29530730.416373227,24944552.001846064,120424240.74978119,123430199.84732941,176491688.7326457,113092.88690000009
41.33907741666667,233932.3272239278,292415.4090299097,5658.866666666667,0.0,5658.866666666667,7073.583333333333,8133.633333333333,6743.916666666667,25.0,37.44907271349244,29.16858794901584,43.45268274932441,121353.62365222577,77200.35734700755,356438.9726545318,29530730.416373227,24944552.001846064,120424240.74978119,123430199.84732941,176491688.7326457,113092.88690000009
39.382155000000004,259958.97967800003,324948.7245975,6600.933333333333,0.0,6600.933333333333,8251.166666666666,8600.9,6951.666666666667,1.0,38.30957204005018,29.16858794901584,43.98722242431084,139134.6216085907,83260.13149341558,416969.7412152166,29530730.416373227,24944552.001846064,120424240.74978119,123430199.84732941,176491688.7326457,113092.88690000009
38.87756833333333,257550.93101888892,321938.6637736111,6624.666666666668,0.0,6624.666666666668,8280.833333333334,8609.416666666666,6953.25,0.0,38.30957204005018,29.16858794901584,43.98722242431084,139460.89146379844,83306.31509100152,418344.3419159764,29530730.416373227,24944552.001846064,120424240.74978119,123430199.84732941,176491688.7326457,113092.88690000009
40.966858,229103.05667920003,286378.820849,5592.400000000001,0.0,5592.400000000001,6990.5,8685.183333333332,7287.083333333333,0.0,38.30957204005018,30.04078906103602,43.47064287626648,142363.48003869958,93082.42241298972,376436.41307626036,29530730.416373227,24944552.001846064,120424240.74978119,123430199.84732941,176491688.7326457,113092.88690000009
42.380404666666664,203804.54068168887,145626.13383544443,4808.933333333333,2060.0,2748.9333333333334,3436.1666666666665,6208.066666666666,7580.833333333333,0.0,28.09348960775121,30.89586360193405,41.83491847826088,61654.02225362099,102087.40260786154,236268.12199345342,29530730.416373227,24944552.001846064,120424240.74978119,123430199.84732941,176491688.7326457,113092.88690000009
43.19666,155867.94816666667,83603.53570833334,3608.3333333333335,2060.0,1548.3333333333335,1935.4166666666667,5955.583333333333,7628.5,0.0,25.05746204390756,31.41026645768025,39.62459924669454,54926.48307709498,103576.06633048646,176584.23573554514,29530730.416373227,24944552.001846064,120424240.74978119,123430199.84732941,176491688.7326457,113092.88690000009
46.292384250000005,66682.63643265,83353.2955408125,1440.4666666666667,0.0,1440.4666666666667,1800.5833333333333,7390.866666666667,7030.75,0.0,30.72230215827338,29.16858794901584,38.55907774909387,96229.12632192147,85566.88065705025,147973.4600815421,29530730.416373227,24944552.001846064,120424240.74978119,123430199.84732941,176491688.7326457,113092.88690000009
43.780153500000004,120982.07618190002,38493.699964875006,2763.4,2060.0,703.4000000000001,879.25,5226.766666666666,7110.916666666667,0.0,22.24821654467935,29.16858794901584,37.44907271349244,37435.18674672302,87905.22912429635,115980.9300202634,29530730.416373227,24944552.001846064,120424240.74978119,123430199.84732941,176491688.7326457,113092.88690000009
42.322455749999996,81750.05552669999,-6792.754147874999,1931.6,2060.0,-128.4,-160.5,4961.9,7054.0,0.0,22.24821654467935,29.16858794901584,29.16858794901584,31542.375791255614,86245.05032686486,81563.49196104782,29530730.416373227,24944552.001846064,120424240.74978119,123430199.84732941,176491688.7326457,113092.88690000009
41.828683,73490.20745213333,-15846.099409833332,1756.9333333333334,2060.0,-303.06666666666666,-378.8333333333333,4913.483333333334,7049.25,0.0,22.24821654467935,29.16858794901584,29.16858794901584,30465.19130688407,86106.49953410705,75056.46613275488,29530730.416373227,24944552.001846064,120424240.74978119,123430199.84732941,176491688.7326457,113092.88690000009
41.16956891666667,47353.23816795,-10282.099836937501,1150.2,1350.0,-199.8,-249.75,5643.716666666667,7043.666666666667,0.0,24.23153772437706,29.16858794901584,29.16858794901584,47266.493968461196,85943.64158472505,78658.78674445834,29530730.416373227,24944552.001846064,120424240.74978119,123430199.84732941,176491688.7326457,113092.88690000009
45.02658416666666,8597.075803555554,10746.344754444443,190.93333333333334,0.0,190.93333333333334,238.66666666666666,7100.150000000001,7052.416666666667,0.0,29.16858794901584,29.16858794901584,30.04078906103602,87591.18066071197,86198.86672927893,93202.58556923388,29530730.416373227,24944552.001846064,120424240.74978119,123430199.84732941,176491688.7326457,113092.88690000009
42.38527783333333,40260.36257128889,50325.453214111105,949.8666666666667,0.0,949.8666666666667,1187.3333333333333,7227.383333333333,6989.916666666667,0.0,29.27736178467508,29.16858794901584,37.44907271349244,91302.64418880512,84375.82998246544,122987.02737374594,29530730.416373227,24944552.001846064,120424240.74978119,123430199.84732941,176491688.7326457,113092.88690000009
29.756998749999998,39463.73174224999,-27294.607103437498,1326.1999999999998,2060.0,-733.8000000000001,-917.25,3198.383333333333,5441.833333333333,0.0,4.180349717762359,23.77147679948855,18.81569696620917,7737.70600377706,42384.6563658549,22361.436008961544,29530730.416373227,24944552.001846064,120424240.74978119,123430199.84732941,176491688.7326457,113092.88690000009
12.612517250000002,-69291.48810253335,-54137.12820941667,-5493.866666666667,-2060.0,-3433.866666666667,-4292.333333333333,3647.5333333333338,3017.0,571.0,9.712272222084453,4.180349717762359,0.0,11051.130275829133,6979.4602374702645,0.0,29530730.416373227,24944552.001846064,120424240.74978119,123430199.84732941,176491688.7326457,113092.88690000009
12.086886416666667,-78359.28463925,-66825.37327614584,-6483.0,-2060.0,-4423.0,-5528.75,2574.0,2574.0,954.25,3.693763439498798,3.693763439498798,0.0,5291.530854090208,5291.530854090208,0.0,29530730.416373227,24944552.001846064,120424240.74978119,123430199.84732941,176491688.7326457,113092.88690000009
13.443524083333331,-102681.63694849999,-93734.97167104165,-7638.0,-2060.0,-5578.0,-6972.5,2330.5,2330.5,665.5,3.693763439498798,3.693763439498798,0.0,4392.09945657225,4392.09945657225,0.0,29530730.416373227,24944552.001846064,120424240.74978119,123430199.84732941,176491688.7326457,113092.88690000009
15.769874,-84399.31432306668,-128428.53969983333,-5351.933333333334,1163.2,-6515.133333333334,-8143.916666666667,0.0,2296.916666666667,-495.0666666666657,0.0,3.487363192876509,0.0,0.0,4268.29480802092,0.0,29530730.416373227,24944552.001846064,120424240.74978119,123430199.84732941,176491688.7326457,113092.88690000009
13.302207749999999,-108893.64626919999,-101863.87288025,-8186.133333333334,-2060.0,-6126.133333333334,-7657.666666666667,2254.583333333333,2254.583333333333,528.4666666666672,3.487363192876509,3.487363192876509,0.0,4120.663099522479,4120.663099522479,0.0,29530730.416373227,24944552.001846064,120424240.74978119,123430199.84732941,176491688.7326457,113092.88690000009
11.584158,-84653.165278,-75987.2497475,-7307.666666666667,-2060.0,-5247.666666666667,-6559.583333333333,2230.5,2230.5,748.0833333333339,3.487363192876509,3.487363192876509,0.0,4036.6757692940373,4036.6757692940373,0.0,29530730.416373227,24944552.001846064,120424240.74978119,123430199.84732941,176491688.7326457,113092.88690000009
5.954587333333333,-30090.514657777774,-22280.080938888885,-5053.333333333334,-2060.0,-2993.3333333333335,-3741.6666666666665,2357.416666666667,2357.416666666667,1311.6666666666674,3.693763439498798,3.693763439498798,0.0,4491.523255818761,4491.523255818761,0.0,29530730.416373227,24944552.001846064,120424240.74978119,123430199.84732941,176491688.7326457,113092.88690000009
9.756096,-35105.0350336,-18759.346591999998,-3598.2666666666664,-2060.0,-1538.2666666666667,-1922.8333333333333,3267.1000000000004,2773.666666666667,1182.0,4.440056619651124,3.732936195932348,1.37689781415482,8036.626541777438,6032.858573676928,331.13931320867346,29530730.416373227,24944552.001846064,120424240.74978119,123430199.84732941,176491688.7326457,113092.88690000009
8.944204000000001,-23412.348390400002,-6234.110188000001,-2617.6,-2060.0,-557.6,-697.0,4639.85,3628.25,909.0,19.94300481511045,9.712272222084453,3.732936195932348,24608.156783728857,10863.8452931466,6621.1071025526,29530730.416373227,24944552.001846064,120424240.74978119,123430199.84732941,176491688.7326457,113092.88690000009
33.696742666666665,26905.72579457778,33632.157243222224,798.4666666666667,0.0,798.4666666666667,998.0833333333334,5165.2,5136.583333333333,171.0,22.24821654467935,22.24821654467935,27.82825381936943,36065.43821478893,35428.768418002015,59601.506424480016,29530730.416373227,24944552.001846064,120424240.74978119,123430199.84732941,176491688.7326457,113092.88690000009
38.63910991666666,300733.3443627389,276420.9724180069,7783.133333333334,2060.0,5723.133333333334,7153.916666666667,5294.783333333333,5924.0,0.0,22.2482325455118,25.05746204390756,43.33198681704972,38948.43730555722,54135.0849008749,324350.2148051459,29530730.416373227,24944552.001846064,120424240.74978119,123430199.84732941,176491688.7326457,113092.88690000009
36.40945058333333,314992.72077665,299986.56571872917,8651.400000000001,2060.0,6591.400000000001,8239.25,5429.3499999999985,5841.5,0.0,23.77147679948855,24.43852305578935,43.47064287626648,42087.90909714126,52085.23646781865,367879.94153678196,29530730.416373227,24944552.001846064,120424240.74978119,123430199.84732941,176491688.7326457,113092.88690000009
32.99198024999999,200995.94154439995,251244.9269304999,6092.266666666666,0.0,6092.266666666666,7615.333333333333,7234.733333333334,5711.666666666667,0.0,29.41242534075246,24.27070555046161,43.33198681704972,91518.51210823127,48913.06090228189,335143.49052149267,29530730.416373227,24944552.001846064,120424240.74978119,123430199.84732941,176491688.7326457,113092.88690000009
37.83006925,256626.5797689167,223370.79639239583,6783.666666666667,2060.0,4723.666666666667,5904.583333333333,5435.249999999999,6314.333333333333,0.0,23.77147679948855,28.77929192631651,42.91634031705147,42228.160810258254,64678.41689252,287370.81807592895,29530730.416373227,24944552.001846064,120424240.74978119,123430199.84732941,176491688.7326457,113092.88690000009
38.55446441666667,180735.61829245003,126641.77699264584,4687.8,2060.0,2627.8,3284.75,5275.2,6678.25,0.0,22.2482325455118,29.16858794901584,41.0323943989871,38512.74275154096,75284.95340502216,192709.8440724038,29530730.416373227,24944552.001846064,120424240.74978119,123430199.84732941,176491688.7326457,113092.88690000009
38.37717308333334,147880.04028111114,86028.82966180556,3853.333333333333,2060.0,1793.3333333333333,2241.6666666666665,5015.25,6626.916666666667,0.0,22.24821654467935,29.16858794901584,38.55907774909387,32729.318143914265,73787.63255697269,149409.78572769585,29530730.416373227,24944552.001846064,120424240.74978119,123430199.84732941,176491688.7326457,113092.88690000009
37.24658983333334,113125.34264180002,45496.70948141667,3037.2,2060.0,977.2,1221.5,4980.3,6796.0,0.0,22.24821654467935,29.16858794901584,37.44907271349244,31951.742975677724,78719.55463601877,117004.53800776551,29530730.416373227,24944552.001846064,120424240.74978119,123430199.84732941,176491688.7326457,113092.88690000009
34.11483716666667,17466.796629333334,21833.495786666666,512.0,0.0,512.0,640.0,6153.583333333333,6025.583333333333,0.0,27.82825381936943,25.49019607843137,29.16858794901584,60127.92422589643,56681.36424177548,74915.48462433463,29530730.416373227,24944552.001846064,120424240.74978119,123430199.84732941,176491688.7326457,113092.88690000009
36.168518999999996,78039.607829,4415.573361249999,2157.6666666666665,2060.0,97.66666666666667,122.08333333333333,4001.833333333334,6037.416666666667,0.0,10.4674747796879,25.72624757939061,27.82825381936943,14653.82684485938,56984.98499550334,60292.574727661035,29530730.416373227,24944552.001846064,120424240.74978119,123430199.84732941,176491688.7326457,113092.88690000009
31.407355416666665,-33106.60641118784,-10497.908548020832,-1054.1036000000001,-786.7036,-267.40000000000003,-334.25,6550.8536,5831.0,0.0,29.16858794901584,24.43852305578935,24.23153772437706,71568.98030723417,51828.63197573286,43705.265640901904,29530730.416373227,24944552.001846064,120424240.74978119,123430199.84732941,176491688.7326457,113092.88690000009
32.79041133333333,52.46465813333333,65.58082266666666,1.6,0.0,1.6,2.0,5167.4,5167.0,0.0,22.24821654467935,22.24821654467935,22.24821654467935,36114.38429118722,36105.48500456936,36149.98143765872,29530730.416373227,24944552.001846064,120424240.74978119,123430199.84732941,176491688.7326457,113092.88690000009
34.87674325,21481.748725783335,26852.185907229163,615.9333333333334,0.0,615.9333333333334,769.9166666666666,5382.400000000001,5228.416666666667,0.0,23.77147679948855,22.24821654467935,25.05746204390756,40971.83826140532,37471.89630402175,55997.68957947205,29530730.416373227,24944552.001846064,120424240.74978119,123430199.84732941,176491688.7326457,113092.88690000009
36.665042916666664,113554.0822491111,47530.11730097222,3097.0666666666666,2060.0,1037.0666666666666,1296.3333333333333,3687.6833333333334,5488.416666666667,0.0,9.712272222084453,24.23153772437706,29.16858794901584,11441.07800554582,43503.33615986544,78391.40802159235,29530730.416373227,24944552.001846064,120424240.74978119,123430199.84732941,176491688.7326457,113092.88690000009
25.92299516666667,-11122.69312617778,-13903.366407722226,-429.0666666666667,0.0,-429.0666666666667,-536.3333333333334,4705.400000000001,4812.666666666667,0.0,20.49618801990894,21.83564343694653,16.2201944516726,25941.124808156907,28239.70468388296,17925.098184434948,29530730.416373227,24944552.001846064,120424240.74978119,123430199.84732941,176491688.7326457,113092.88690000009
4.427202,-26018.075860400004,-21122.5496755,-5876.866666666667,-2060.0,-3816.866666666667,-4771.083333333333,2918.5,2918.5,1105.7833333333338,3.732936195932348,3.732936195932348,0.0,6573.512166054462,6573.512166054462,0.0,29530730.416373227,24944552.001846064,120424240.74978119,123430199.84732941,176491688.7326457,113092.88690000009
4.363421333333333,-32231.429810311114,-29053.477329555557,-7386.733333333334,-2060.0,-5326.733333333334,-6658.416666666667,2188.0,2188.0,728.3166666666666,3.487363192876509,3.487363192876509,0.0,3888.4628335967855,3888.4628335967855,0.0,29530730.416373227,24944552.001846064,120424240.74978119,123430199.84732941,176491688.7326457,113092.88690000009
4.578741333333333,-39716.918073600005,-37855.88865866666,-8674.2,-2060.0,-6614.200000000001,-8267.75,2094.916666666667,2094.916666666667,406.4500000000007,3.487363192876509,3.487363192876509,0.0,3563.847443059865,3563.847443059865,0.0,29530730.416373227,24944552.001846064,120424240.74978119,123430199.84732941,176491688.7326457,113092.88690000009
1.10417875,-9566.899137666667,-9115.363640833333,-8664.266666666666,-2060.0,-6604.266666666667,-8255.333333333334,2144.416666666667,2144.416666666667,408.9333333333325,3.487363192876509,3.487363192876509,0.0,3736.471921107252,3736.471921107252,0.0,29530730.416373227,24944552.001846064,120424240.74978119,123430199.84732941,176491688.7326457,113092.88690000009
0.8336972500000001,-6350.4386927000005,-5791.2779471250005,-7617.200000000001,-2060.0,-5557.200000000001,-6946.5,2046.166666666667,2046.166666666667,670.7000000000007,3.283317504717155,3.283317504717155,0.0,3398.517935188923,3398.517935188923,0.0,29530730.416373227,24944552.001846064,120424240.74978119,123430199.84732941,176491688.7326457,113092.88690000009
-0.81084625,5388.39766975,4647.5679934375,-6645.400000000001,-2060.0,-4585.400000000001,-5731.75,2014.0,2014.0,913.6500000000005,3.283317504717155,3.283317504717155,0.0,3292.9045554538534,3292.9045554538534,0.0,29530730.416373227,24944552.001846064,120424240.74978119,123430199.84732941,176491688.7326457,113092.88690000009
-3.848778333333333,16805.81888511111,11096.669398055554,-4366.533333333333,-2060.0,-2306.5333333333333,-2883.1666666666665,2149.0,2149.0,1483.3666666666663,3.487363192876509,3.487363192876509,0.0,3752.4556690746017,3752.4556690746017,0.0,29530730.416373227,24944552.001846064,120424240.74978119,123430199.84732941,176491688.7326457,113092.88690000009
0.5074054166666667,-616.057829888889,-770.0722873611112,-1214.1333333333334,0.0,-1214.1333333333334,-1517.6666666666667,2270.7166666666667,2574.25,0.0,3.487363192876509,3.693763439498798,2.060058126766485,4176.925892367554,5292.454294950083,663.9897260535811,29530730.416373227,24944552.001846064,120424240.74978119,123430199.84732941,176491688.7326457,113092.88690000009
5.696637583333334,-1605.3124709833335,-2006.6405887291667,-281.8,0.0,-281.8,-352.25,3597.3,3667.75,0.0,8.194301963536885,9.712272222084453,7.289967955911917,10598.467377871391,11247.480045918937,8326.390778859319,29530730.416373227,24944552.001846064,120424240.74978119,123430199.84732941,176491688.7326457,113092.88690000009
31.65720141666667,-42416.428938144454,28496.757475236114,-1339.8666666666668,-2060.0,720.1333333333333,900.1666666666666,7372.700000000001,5259.666666666667,127.0,30.72230215827338,22.2482325455118,27.82825381936943,95671.00449937952,38167.15353933402,60301.85081226751,29530730.416373227,24944552.001846064,120424240.74978119,123430199.84732941,176491688.7326457,113092.88690000009
49.26859833333333,379670.3879031112,347721.34417055553,7706.133333333334,2060.0,5646.133333333334,7057.666666666667,6270.366666666666,6918.833333333333,0.0,28.48607008034386,29.16858794901584,43.47064287626648,63424.43278448211,82302.42952242288,363348.12701693113,29530730.416373227,24944552.001846064,120424240.74978119,123430199.84732941,176491688.7326457,113092.88690000009
40.93825041666667,366099.85660947225,352208.82593892363,8942.733333333334,2060.0,6882.733333333334,8603.416666666666,6690.4333333333325,7029.75,0.0,29.16858794901584,29.16858794901584,44.11331782668337,75640.32403486765,85537.71206910122,435916.97137717024,29530730.416373227,24944552.001846064,120424240.74978119,123430199.84732941,176491688.7326457,113092.88690000009
39.999965083333336,325082.3828965889,303353.0685311528,8127.066666666667,2060.0,6067.066666666667,7583.833333333333,6440.849999999999,6984.083333333333,0.0,29.16858794901584,29.16858794901584,43.77868185516679,68360.33062592578,84205.67988609616,389100.3046884135,29530730.416373227,24944552.001846064,120424240.74978119,123430199.84732941,176491688.7326457,113092.88690000009
38.0989375,252943.92592083337,218075.14333854167,6639.133333333334,2060.0,4579.133333333334,5723.916666666667,6466.033333333333,7381.25,0.0,29.16858794901584,30.72230215827338,43.33198681704972,69094.8928991085,95933.68018283274,325531.01144591055,29530730.416373227,24944552.001846064,120424240.74978119,123430199.84732941,176491688.7326457,113092.88690000009
39.58704133333333,185040.38773635557,129363.8532371111,4674.266666666666,2060.0,2614.266666666667,3267.8333333333335,6319.5666666666675,7726.0,0.0,28.82941176470588,33.66908174697999,41.76470396106707,64829.052328988604,106747.81292637282,235300.06045237987,29530730.416373227,24944552.001846064,120424240.74978119,123430199.84732941,176491688.7326457,113092.88690000009
37.26368625,48326.03257475,39297.6624578125,1296.8666666666666,453.2,843.6666666666666,1054.5833333333333,7533.299999999999,7775.583333333333,0.0,30.89586360193405,34.3729940831512,38.55907774909387,100618.8192246496,108423.1869070693,147928.47449083478,29530730.416373227,24944552.001846064,120424240.74978119,123430199.84732941,176491688.7326457,113092.88690000009
36.161011916666666,15059.856096227779,18824.820120284723,416.4666666666667,0.0,416.4666666666667,520.5833333333334,8294.699999999999,8190.583333333333,0.0,37.86539448553231,37.44907271349244,38.30957204005018,127422.76502689756,123486.34834325916,143358.89041887355,29530730.416373227,24944552.001846064,120424240.74978119,123430199.84732941,176491688.7326457,113092.88690000009
35.66299908333333,-7798.309132888889,-9747.88641611111,-218.66666666666666,0.0,-218.66666666666666,-273.3333333333333,8062.916666666666,8117.583333333333,0.0,37.44907271349244,37.44907271349244,34.84042802052038,118705.35006016995,120752.56603517421,110784.51756047145,29530730.416373227,24944552.001846064,120424240.74978119,123430199.84732941,176491688.7326457,113092.88690000009
36.49503991666667,-34115.56331410001,-42644.45414262501,-934.8000000000001,0.0,-934.8000000000001,-1168.5,8083.8,8317.5,0.0,37.44907271349244,37.86539448553231,29.16858794901584,119487.41152867007,128286.09602116773,89016.06618202137,29530730.416373227,24944552.001846064,120424240.74978119,123430199.84732941,176491688.7326457,113092.88690000009
36.120980499999995,-29053.308648833332,-36316.63581104166,-804.3333333333334,0.0,-804.3333333333334,-1005.4166666666666,7995.750000000001,8196.833333333334,0.0,37.44907271349244,37.44907271349244,29.16858794901584,116190.02067624709,123720.40504771852,90253.30045419214,29530730.416373227,24944552.001846064,120424240.74978119,123430199.84732941,176491688.7326457,113092.88690000009
37.010929999999995,5872.400893333333,7340.501116666666,158.66666666666669,0.0,158.66666666666669,198.33333333333334,8653.0,8613.333333333334,0.0,38.30957204005018,38.30957204005018,38.46888733201707,141130.55031187733,139610.93728762201,147215.78392982675,29530730.416373227,24944552.001846064,120424240.74978119,123430199.84732941,176491688.7326457,113092.88690000009
41.34961175,135045.07533471668,62331.093912145836,3265.9333333333334,2060.0,1205.9333333333334,1507.4166666666667,7360.0666666666675,9118.583333333334,0.0,30.24595469255664,39.02082857194272,41.26249739275534,95284.38644503831,159066.2166738271,220010.3665485311,29530730.416373227,24944552.001846064,120424240.74978119,123430199.84732941,176491688.7326457,113092.88690000009
44.96556266666666,211868.7381728,149049.59884933333,4711.8,2060.0,2651.8,3314.75,7941.533333333334,9338.583333333334,0.0,35.80690392628222,39.25801034742973,42.91634031705147,114218.94568544482,167690.07023512316,306014.3915819948,29530730.416373227,24944552.001846064,120424240.74978119,123430199.84732941,176491688.7326457,113092.88690000009
36.91946225,-6763.645484200001,-8454.55685525,-183.20000000000002,0.0,-183.20000000000002,-229.0,8628.2,8674.0,0.0,38.30957204005018,38.30957204005018,38.30957204005018,140180.47292528412,141935.05132471837,133162.1593275469,29530730.416373227,24944552.001846064,120424240.74978119,123430199.84732941,176491688.7326457,113092.88690000009
24.141810166666662,-141828.3063671333,-115120.22177974998,-5874.8,-2060.0,-3814.8,-4768.5,6227.383333333333,6149.083333333333,1028.0,28.48607008034386,27.82825381936943,2.783764648076243,62200.00653886202,60002.69708370927,1365.3122249431442,29530730.416373227,24944552.001846064,120424240.74978119,123430199.84732941,176491688.7326457,113092.88690000009
18.981702916666666,-155119.7416818611,-145021.7920919097,-8172.066666666667,-2060.0,-6112.066666666667,-7640.083333333333,5391.75,5391.75,531.9833333333336,23.77147679948855,23.77147679948855,0.0,41194.101569480525,41194.101569480525,0.0,29530730.416373227,24944552.001846064,120424240.74978119,123430199.84732941,176491688.7326457,113092.88690000009
17.951521500000002,-158423.37400560002,-151804.04964450002,-8825.066666666668,-2060.0,-6765.0666666666675,-8456.333333333334,5147.833333333333,5147.833333333333,368.7333333333336,22.24821654467935,22.24821654467935,0.0,35679.06085412966,35679.06085412966,0.0,29530730.416373227,24944552.001846064,120424240.74978119,123430199.84732941,176491688.7326457,113092.88690000009
19.768622999999998,-168826.6762364,-160129.1410705,-8540.133333333335,-2060.0,-6480.133333333334,-8100.166666666667,5437.916666666667,5437.916666666667,439.96666666666806,23.77147679948855,23.77147679948855,0.0,42291.551415056914,42291.551415056914,0.0,29530730.416373227,24944552.001846064,120424240.74978119,123430199.84732941,176491688.7326457,113092.88690000009
21.743715333333338,-156960.63308622228,-140210.72437444446,-7218.666666666667,-2060.0,-5158.666666666667,-6448.333333333333,5923.916666666667,5923.916666666667,770.3333333333339,25.05746204390756,25.05746204390756,0.0,54132.996779037916,54132.996779037916,0.0,29530730.416373227,24944552.001846064,120424240.74978119,123430199.84732941,176491688.7326457,113092.88690000009
23.384528750000005,-123077.45171700003,-93631.65311500002,-5263.200000000001,-2060.0,-3203.2000000000003,-4004.0,6281.75,6281.75,1259.2000000000007,28.48607008034386,28.48607008034386,3.487363192876509,63748.699215563385,63748.699215563385,4201.453680157452,29530730.416373227,24944552.001846064,120424240.74978119,123430199.84732941,176491688.7326457,113092.88690000009
30.05692775,-99881.17470843333,-47454.879429291665,-3323.0666666666666,-2060.0,-1263.0666666666666,-1578.8333333333333,7301.166666666667,7301.166666666667,1744.2333333333333,30.04078906103602,30.04078906103602,24.43852305578935,93505.49685893266,93505.49685893266,49172.979137003764,29530730.416373227,24944552.001846064,120424240.74978119,123430199.84732941,176491688.7326457,113092.88690000009
37.52853341666666,-42930.79832672479,-7049.109526763888,-1143.9508666666668,-993.6842,-150.26666666666668,-187.83333333333334,8403.083333333334,8403.083333333334,956.1175333333335,38.30957204005018,38.30957204005018,37.86539448553231,131556.34976620149,131556.34976620149,124414.35943502205,29530730.416373227,24944552.001846064,120424240.74978119,123430199.84732941,176491688.7326457,113092.88690000009
34.600391249999994,-72819.98342474998,-1928.9718121874996,-2104.6,-2060.0,-44.6,-55.75,9950.35,9730.5,1829.0,41.0323943989871,40.49080452762706,40.22090622276431,192190.78428325662,183253.53939034563,180998.83553623332,29530730.416373227,24944552.001846064,120424240.74978119,123430199.84732941,176491688.7326457,113092.88690000009
56.012001,216762.7097366,126722.48459575,3869.9333333333334,2060.0,1809.9333333333334,2262.4166666666665,10494.483333333334,12102.0,0.0,41.26249739275534,42.91634031705147,43.47064287626648,214583.6604330939,282353.18262052705,380211.11389934947,29530730.416373227,24944552.001846064,120424240.74978119,123430199.84732941,176491688.7326457,113092.88690000009
53.86048075,474866.31458045007,454892.1552943125,8816.6,2060.0,6756.6,8445.75,13153.48333333333,13524.33333333333,0.0,43.33198681704972,43.42660816292739,55.67675215872611,327624.6686089541,343701.0297036868,738053.9628646007,29530730.416373227,24944552.001846064,120424240.74978119,123430199.84732941,176491688.7326457,113092.88690000009
49.35266575000001,430444.08013835,410971.98586668755,8721.8,2060.0,6661.8,8327.25,13463.533333333331,13858.08333333333,0.0,43.36472879148679,43.45268274932441,58.15119467293382,341061.10445652384,358202.42736277514,750295.2460182689,29530730.416373227,24944552.001846064,120424240.74978119,123430199.84732941,176491688.7326457,113092.88690000009
46.630677833333344,345054.5811192445,311244.23097822233,7399.733333333334,2060.0,5339.733333333334,6674.666666666667,12620.183333333334,13345.25,0.0,42.91634031705147,43.33198681704972,48.93877572472462,304591.71490048454,335934.2992809038,638345.8412101808,29530730.416373227,24944552.001846064,120424240.74978119,123430199.84732941,176491688.7326457,113092.88690000009
45.598669666666666,247704.1332745778,192213.59220155553,5432.266666666666,2060.0,3372.2666666666664,4215.333333333333,12194.649999999998,13411.58333333333,0.0,42.91634031705147,43.33198681704972,45.56621597912896,286329.38155090174,338808.6544064347,525094.6513775312,29530730.416373227,24944552.001846064,120424240.74978119,123430199.84732941,176491688.7326457,113092.88690000009
45.32154991666667,190329.3595933722,121208.70845629861,4199.533333333333,2060.0,2139.5333333333333,2674.4166666666665,11896.716666666664,13421.83333333333,0.0,42.67947262786322,43.33198681704972,44.38564628710655,273573.7817716549,339252.80727130943,456452.5354815255,29530730.416373227,24944552.001846064,120424240.74978119,123430199.84732941,176491688.7326457,113092.88690000009
41.479767333333335,35061.46466795556,43826.83083494444,845.2666666666667,0.0,845.2666666666667,1056.5833333333333,13420.983333333337,13209.66666666667,0.0,43.33198681704972,43.33198681704972,43.47064287626648,339215.9750825153,330059.20406829234,375943.7457903295,29530730.416373227,24944552.001846064,120424240.74978119,123430199.84732941,176491688.7326457,113092.88690000009
44.39233183333334,99826.51633801113,10472.890951680556,2248.7333333333336,2060.0,188.73333333333335,235.91666666666666,11044.600000000002,13057.41666666667,0.0,41.83491847826088,43.33198681704972,43.33198681704972,237422.76574345352,323461.9090753965,333684.64696531877,29530730.416373227,24944552.001846064,120424240.74978119,123430199.84732941,176491688.7326457,113092.88690000009
42.624388833333335,-7513.258938355556,-9391.573672944445,-176.26666666666668,0.0,-176.26666666666668,-220.33333333333334,12510.766666666663,12554.83333333333,0.0,42.91634031705147,42.91634031705147,42.91634031705147,299895.9519974603,301787.13206076506,292331.2317442414,29530730.416373227,24944552.001846064,120424240.74978119,123430199.84732941,176491688.7326457,113092.88690000009
41.21399775,-28404.6872493,-35505.859061625,-689.2,0.0,-689.2,-861.5,11857.95,12030.25,0.0,42.61638123618729,42.83240645223916,42.23998044110799,271921.3954538073,279278.58933558245,242629.8257246941,29530730.416373227,24944552.001846064,120424240.74978119,123430199.84732941,176491688.7326457,113092.88690000009
40.95093241666667,-41458.72397863334,-51823.40497329167,-1012.4000000000001,0.0,-1012.4000000000001,-1265.5,11561.48333333333,11814.58333333333,0.0,42.51125666287282,42.5734071986989,41.26249739275534,259308.12109941978,270073.9963290691,216836.5927907382,29530730.416373227,24944552.001846064,120424240.74978119,123430199.84732941,176491688.7326457,113092.88690000009
39.957005583333334,-14264.650993250001,-17830.8137415625,-357.0,0.0,-357.0,-446.25,11434.66666666667,11523.91666666667,0.0,42.51125666287282,42.51125666287282,41.83491847826088,253916.98523362342,257711.1148907848,238806.10704780137,29530730.416373227,24944552.001846064,120424240.74978119,123430199.84732941,176491688.7326457,113092.88690000009
42.64880058333333,52711.07426762777,-6081.008149840278,1235.9333333333334,1350.0,-114.06666666666668,-142.58333333333334,10450.816666666664,11829.33333333333,0.0,41.26249739275534,42.5734071986989,42.51125666287282,212781.86471361012,270701.95408524986,264633.364517389,29530730.416373227,24944552.001846064,120424240.74978119,123430199.84732941,176491688.7326457,113092.88690000009
43.490255749999996,36929.025832516665,46161.28229064583,849.1333333333334,0.0,849.1333333333334,1061.4166666666667,12540.366666666663,12328.08333333333,0.0,42.91634031705147,42.91634031705147,43.33198681704972,301166.275670845,292055.85189387365,337851.7396975581,29530730.416373227,24944552.001846064,120424240.74978119,123430199.84732941,176491688.7326457,113092.88690000009
42.02573508333334,-24573.848161061112,-30717.31020132639,-584.7333333333333,0.0,-584.7333333333333,-730.9166666666666,11226.399999999998,11372.58333333333,0.0,42.40901266764902,42.51125666287282,41.26249739275534,245068.06016253756,251277.74471580313,220656.8123410175,29530730.416373227,24944552.001846064,120424240.74978119,123430199.84732941,176491688.7326457,113092.88690000009
24.283997749999997,-152458.17574086666,-128041.42546983332,-6278.133333333334,-2060.0,-4218.133333333334,-5272.666666666667,9046.966666666667,8348.5,307.0,38.55907774909387,38.2073287836733,4.180349717762359,156288.08254683838,129467.61677192741,7225.404145865282,29530730.416373227,24944552.001846064,120424240.74978119,123430199.84732941,176491688.7326457,113092.88690000009
19.79450208333333,-157269.95831902776,-145616.60503420138,-7945.133333333334,-2060.0,-5885.133333333334,-7356.416666666667,7442.416666666667,7442.416666666667,588.7166666666672,30.80517968863669,30.80517968863669,0.02453594536925209,97815.14151155762,97815.14151155762,2.1100913017556797,29530730.416373227,24944552.001846064,120424240.74978119,123430199.84732941,176491688.7326457,113092.88690000009
16.347821,-88189.9551666,-110237.44395824999,-5394.6,0.0,-5394.6,-6743.25,5811.766666666667,7160.416666666667,0.0,24.43852305578935,29.16858794901584,0.04855599279663841,51358.59771562653,89349.07422777264,14.803390895647642,29530730.416373227,24944552.001846064,120424240.74978119,123430199.84732941,176491688.7326457,113092.88690000009
20.33721733333333,-96360.44735431112,-120450.55919288889,-4738.133333333334,0.0,-4738.133333333334,-5922.666666666667,6293.216666666667,7477.75,0.0,28.48607008034386,30.84323712507074,2.783764648076243,64075.339485818,98904.23246169336,1851.0791560324487,29530730.416373227,24944552.001846064,120424240.74978119,123430199.84732941,176491688.7326457,113092.88690000009
21.635838333333336,-72493.03991966668,-90616.29989958335,-3350.6000000000004,0.0,-3350.6000000000004,-4188.25,7061.933333333333,7899.583333333333,0.0,29.16858794901584,35.28351264902588,9.712272222084453,86476.45445792706,112725.5954232554,11670.773243598114,29530730.416373227,24944552.001846064,120424240.74978119,123430199.84732941,176491688.7326457,113092.88690000009
21.73986225,-50553.875676150004,-63192.344595187504,-2325.4,0.0,-2325.4,-2906.75,8211.316666666666,8792.666666666666,0.0,37.86539448553231,38.46888733201707,25.05746204390756,124265.42221671226,146484.87507051838,53180.813221369404,29530730.416373227,24944552.001846064,120424240.74978119,123430199.84732941,176491688.7326457,113092.88690000009
27.937770416666666,-108838.10347122222,-64107.87051611111,-3895.7333333333336,-2060.0,-1835.7333333333333,-2294.6666666666665,10890.233333333337,10131.16666666667,842.0,41.74288961189344,41.0323943989871,34.3729940831512,230973.66177467734,199610.12506383358,110517.07512996807,29530730.416373227,24944552.001846064,120424240.74978119,123430199.84732941,176491688.7326457,113092.88690000009
27.90884675,-28457.72073608333,-35572.15092010416,-1019.6666666666666,0.0,-1019.6666666666666,-1274.5833333333333,11067.750000000004,11322.66666666667,0.0,41.83491847826088,42.51125666287282,41.0323943989871,238391.24410622532,249155.72448738164,196201.01696251772,29530730.416373227,24944552.001846064,120424240.74978119,123430199.84732941,176491688.7326457,113092.88690000009
27.60509766666667,-4805.127333844445,-6006.409167305556,-174.0666666666667,0.0,-174.0666666666667,-217.58333333333334,11644.400000000003,11687.91666666667,0.0,42.51125666287282,42.51125666287282,42.51125666287282,262833.0127977166,264682.9609834959,255433.22005459917,29530730.416373227,24944552.001846064,120424240.74978119,123430199.84732941,176491688.7326457,113092.88690000009
44.674774250000006,-19662.857306566657,90458.97206054168,-440.1333333333332,-2060.0,1619.8666666666668,2024.8333333333333,16239.299999999996,13962.33333333333,188.0,44.38564628710655,43.45268274932441,44.36177173256092,462801.9021828961,362732.3695393922,451611.730748364,29530730.416373227,24944552.001846064,120424240.74978119,123430199.84732941,176491688.7326457,113092.88690000009
54.49647491666667,458264.4906725778,432502.19043030555,8409.066666666666,2060.0,6349.066666666667,7936.333333333333,15256.266666666666,15729.0,0.0,43.98722242431084,44.36177173256092,712.9090909090909,419320.1251334223,440159.0000127413,1286352.509672172,29530730.416373227,24944552.001846064,120424240.74978119,123430199.84732941,176491688.7326457,113092.88690000009
53.63840858333334,459083.987276939,435736.0819940903,8558.866666666667,2060.0,6498.866666666667,8123.583333333333,15580.383333333335,16015.66666666667,0.0,44.11000115332754,44.36177173256092,712.9090909090909,433588.54569487454,452876.0412427422,1624212.0096721752,29530730.416373227,24944552.001846064,120424240.74978119,123430199.84732941,176491688.7326457,113092.88690000009
50.72310733333334,304233.8162448445,380292.2703060556,5997.933333333334,0.0,5997.933333333334,7497.416666666667,16922.816666666662,15423.33333333333,0.0,45.02164502164506,43.98722242431084,218.4670658682635,493217.06113652035,426668.92375977704,819165.9498291615,29530730.416373227,24944552.001846064,120424240.74978119,123430199.84732941,176491688.7326457,113092.88690000009
50.74313008333334,248969.47631620558,311211.845395257,4906.466666666666,0.0,4906.466666666666,6133.083333333333,16380.616666666667,15154.0,0.0,44.38564628710655,43.98722242431084,52.19115291178377,469074.3337640359,414821.6985201628,701715.478066061,29530730.416373227,24944552.001846064,120424240.74978119,123430199.84732941,176491688.7326457,113092.88690000009
53.28662350000001,145976.92885746673,182471.16107183337,2739.466666666667,0.0,2739.466666666667,3424.3333333333335,15537.283333333336,14852.41666666667,0.0,44.11000115332754,43.98722242431084,46.02576578782861,431687.40464516624,401555.8853573645,554899.9354855408,29530730.416373227,24944552.001846064,120424240.74978119,123430199.84732941,176491688.7326457,113092.88690000009
54.22576966666667,191561.5689757778,99820.60432805556,3532.666666666667,2060.0,1472.6666666666667,1840.8333333333333,12777.333333333336,14469.16666666667,0.0,43.07030005596452,43.77868185516679,44.38564628710655,311342.0366081755,384777.1598552159,465939.9673753949,29530730.416373227,24944552.001846064,120424240.74978119,123430199.84732941,176491688.7326457,113092.88690000009
52.727336666666666,85840.10409333333,24478.6660475,1628.0,1256.6,371.40000000000003,464.25,12489.5,13653.25,0.0,42.91634031705147,43.45268274932441,43.47064287626648,298983.2644933845,349301.8695129553,369477.48766248475,29530730.416373227,24944552.001846064,120424240.74978119,123430199.84732941,176491688.7326457,113092.88690000009
48.536210833333335,-13175.963367555554,-16469.954209444444,-271.46666666666664,0.0,-271.46666666666664,-339.3333333333333,12458.633333333333,12526.5,0.0,42.91634031705147,42.91634031705147,42.91634031705147,297658.5801222648,300571.16908511537,286008.2242708626,29530730.416373227,24944552.001846064,120424240.74978119,123430199.84732941,176491688.7326457,113092.88690000009
47.03345916666668,-30879.033724888897,-38598.79215611112,-656.5333333333333,0.0,-656.5333333333333,-820.6666666666666,11399.449999999997,11563.58333333333,0.0,42.51125666287282,42.51125666287282,41.3576613936529,252419.88047814564,259397.39473841182,224837.44084237114,29530730.416373227,24944552.001846064,120424240.74978119,123430199.84732941,176491688.7326457,113092.88690000009
46.30587291666668,-46293.52468388891,-57866.90585486113,-999.7333333333335,0.0,-999.7333333333335,-1249.6666666666667,11149.233333333337,11399.16666666667,0.0,42.07464540166023,42.51125666287282,41.0323943989871,241808.1315563936,252407.83562209143,200362.38562781503,29530730.416373227,24944552.001846064,120424240.74978119,123430199.84732941,176491688.7326457,113092.88690000009
45.59083441666667,-44438.906000405565,-55548.632500506945,-974.7333333333335,0.0,-974.7333333333335,-1218.4166666666667,11139.566666666668,11383.25,0.0,42.07464540166023,42.51125666287282,41.0323943989871,241401.40998417742,251731.19812020723,200991.5490085994,29530730.416373227,24944552.001846064,120424240.74978119,123430199.84732941,176491688.7326457,113092.88690000009
48.15173666666667,-4019.064953777778,-5023.831192222223,-83.46666666666667,0.0,-83.46666666666667,-104.33333333333333,11538.216666666664,11559.08333333333,0.0,42.51125666287282,42.51125666287282,42.51125666287282,258319.02586106362,259206.0940834289,254770.7529716025,29530730.416373227,24944552.001846064,120424240.74978119,123430199.84732941,176491688.7326457,113092.88690000009
50.4519245,36459.92410533333,45574.90513166667,722.6666666666667,0.0,722.6666666666667,903.3333333333334,12186.083333333336,12006.41666666667,1.0,42.91634031705147,42.83240645223916,43.29422751292967,285961.73156885256,278257.7503151375,317065.1239789717,29530730.416373227,24944552.001846064,120424240.74978119,123430199.84732941,176491688.7326457,113092.88690000009
46.31920658333334,-31098.715300050007,-38873.39412506251,-671.4000000000001,0.0,-671.4000000000001,-839.25,11485.9,11653.75,0.0,42.51125666287282,42.51125666287282,41.68592068621894,256094.97861665112,263230.49304751435,227815.06241294293,29530730.416373227,24944552.001846064,120424240.74978119,123430199.84732941,176491688.7326457,113092.88690000009
35.600433833333334,-224273.23970097778,-188670.4325053889,-6299.733333333334,-2060.0,-4239.733333333334,-5299.666666666667,10327.983333333334,9497.916666666666,170.0,41.26249739275534,39.62459924669454,13.02871506115528,207713.45461720016,173969.0121852633,16866.177068686648,29530730.416373227,24944552.001846064,120424240.74978119,123430199.84732941,176491688.7326457,113092.88690000009
30.75506816666667,-181026.3815668778,-226282.97695859725,-5886.066666666667,0.0,-5886.066666666667,-7357.583333333333,7270.4,8741.916666666666,0.0,30.04078906103602,38.30957204005018,2.783764648076243,92581.24191548809,144536.9097591051,1375.7513423734301,29530730.416373227,24944552.001846064,120424240.74978119,123430199.84732941,176491688.7326457,113092.88690000009
36.64628833333334,-308229.48808577785,-290922.66764888895,-8410.933333333334,-2060.0,-6350.933333333334,-7938.666666666667,9215.433333333334,8958.166666666666,215.0,39.25801034742973,38.55907774909387,2.060058126766485,162855.44626083723,152864.0364427188,587.5959038526555,29530730.416373227,24944552.001846064,120424240.74978119,123430199.84732941,176491688.7326457,113092.88690000009
34.496580083333335,-197955.17515020003,-247443.96893775,-5738.400000000001,0.0,-5738.400000000001,-7173.0,7828.566666666667,9263.166666666666,0.0,34.3729940831512,39.25801034742973,3.487363192876509,110244.38271024161,164729.36195475448,3547.282467893698,29530730.416373227,24944552.001846064,120424240.74978119,123430199.84732941,176491688.7326457,113092.88690000009
37.644399,-237368.01270780002,-199775.68845975,-6305.533333333334,-2060.0,-4245.533333333334,-5306.916666666667,10760.533333333336,10055.91666666667,294.0,41.3576613936529,41.0323943989871,21.18868464704622,225566.02497725622,196522.4373853098,26853.07330542482,29530730.416373227,24944552.001846064,120424240.74978119,123430199.84732941,176491688.7326457,113092.88690000009
44.4847025,-101401.39652533333,-126751.74565666667,-2279.4666666666667,0.0,-2279.4666666666667,-2849.3333333333335,10865.716666666664,11435.58333333333,0.0,41.74288961189344,42.51125666287282,38.30957204005018,229950.26526435878,253955.95388556411,138573.38637820384,29530730.416373227,24944552.001846064,120424240.74978119,123430199.84732941,176491688.7326457,113092.88690000009
54.77018625,74381.56427325,-48056.2742521875,1358.0666666666666,2060.0,-701.9333333333334,-877.4166666666666,10728.516666666666,12964.0,0.0,41.3576613936529,43.33198681704972,42.91634031705147,224241.89051830262,319413.9793069036,281691.55570730584,29530730.416373227,24944552.001846064,120424240.74978119,123430199.84732941,176491688.7326457,113092.88690000009
60.23741050000001,135742.9966480667,14567.413772583337,2253.4666666666667,2060.0,193.4666666666667,241.83333333333334,12323.199999999997,14334.83333333333,0.0,42.91634031705147,43.47064287626648,43.77868185516679,291846.2770986587,378925.1073809265,389483.36815464613,29530730.416373227,24944552.001846064,120424240.74978119,123430199.84732941,176491688.7326457,113092.88690000009
49.02415825,108734.76592919583,46605.63310966666,2217.9833333333336,1457.45,760.5333333333333,950.6666666666666,13244.350000000002,14511.66666666667,0.0,43.33198681704972,43.77868185516679,43.98722242431084,331562.1018110636,386637.7538340605,428384.4254343254,29530730.416373227,24944552.001846064,120424240.74978119,123430199.84732941,176491688.7326457,113092.88690000009
43.91985316666666,117860.38996785555,147325.48745981941,2683.5333333333333,0.0,2683.5333333333333,3354.4166666666665,15019.883333333333,14413.0,64.0,43.98722242431084,43.47064287626648,45.72649071740676,408922.27887268894,382323.0626324215,531508.2616976821,29530730.416373227,24944552.001846064,120424240.74978119,123430199.84732941,176491688.7326457,113092.88690000009
41.737625,87532.14715,216889.5683125,2097.2,-2060.0,4157.2,5196.5,17937.46666666667,14840.16666666667,2.0,45.9961646035486,43.77868185516679,48.93877572472462,539293.8585845033,401019.0508234828,639165.5657035701,29530730.416373227,24944552.001846064,120424240.74978119,123430199.84732941,176491688.7326457,113092.88690000009
41.87016825,69074.6122343,194158.94853662502,1649.7333333333336,-2060.0,3709.7333333333336,4637.166666666667,17590.433333333334,14603.0,0.0,45.56621597912896,43.77868185516679,48.42243506719445,523432.2439312262,390636.2067768323,600545.3944838303,29530730.416373227,24944552.001846064,120424240.74978119,123430199.84732941,176491688.7326457,113092.88690000009
41.84266108333333,81994.14501757568,154465.6702775486,1959.5824666666667,-993.6842,2953.266666666667,3691.5833333333335,16088.667533333337,14356.66666666667,0.0,44.38564628710655,43.47064287626648,45.9961646035486,456115.9827980754,379874.2164170586,544389.467019833,29530730.416373227,24944552.001846064,120424240.74978119,123430199.84732941,176491688.7326457,113092.88690000009
43.78991083333333,102281.55439711109,127851.94299638887,2335.733333333333,0.0,2335.733333333333,2919.6666666666665,14916.016666666663,14332.08333333333,0.0,43.98722242431084,43.47064287626648,45.203185925748,404353.47270355036,378805.5631130168,508073.6810831987,29530730.416373227,24944552.001846064,120424240.74978119,123430199.84732941,176491688.7326457,113092.88690000009
44.00068116666666,33549.052700211105,41936.315875263885,762.4666666666667,0.0,762.4666666666667,953.0833333333334,14342.449999999997,14152.83333333333,1.0,43.47064287626648,43.47064287626648,43.98722242431084,379256.2087775007,371013.450377446,412706.64624192705,29530730.416373227,24944552.001846064,120424240.74978119,123430199.84732941,176491688.7326457,113092.88690000009
41.60515866666667,-83265.79087822222,3051.044968888889,-2001.3333333333333,-2060.0,58.666666666666664,73.33333333333333,15135.999999999996,13061.33333333333,0.0,43.98722242431084,43.33198681704972,43.33198681704972,414029.928516525,323631.62602376303,326809.30505701335,29530730.416373227,24944552.001846064,120424240.74978119,123430199.84732941,176491688.7326457,113092.88690000009
41.71844658333334,-84496.54170988334,1804.322814729167,-2025.4,-2060.0,34.6,43.25,13973.9,11905.25,0.0,43.47064287626648,42.67947262786322,42.67947262786322,363235.10334545287,273937.9799380795,275783.8671292346,29530730.416373227,24944552.001846064,120424240.74978119,123430199.84732941,176491688.7326457,113092.88690000009
39.57817583333333,-103130.17204144444,-26998.91228097222,-2605.7333333333336,-2060.0,-545.7333333333333,-682.1666666666666,13403.816666666668,11480.25,0.0,43.33198681704972,42.51125666287282,41.68592068621894,338472.10930882243,255854.7900165059,227130.7185483442,29530730.416373227,24944552.001846064,120424240.74978119,123430199.84732941,176491688.7326457,113092.88690000009
41.00096083333333,-127551.25575511111,-53861.59554805556,-3110.9333333333334,-2060.0,-1050.9333333333334,-1313.6666666666667,12945.933333333336,11148.66666666667,0.0,43.29422751292967,42.07464540166023,40.58304836836191,318631.65344448114,241784.28925733262,187489.23782034975,29530730.416373227,24944552.001846064,120424240.74978119,123430199.84732941,176491688.7326457,113092.88690000009
41.215797916666666,-131222.85740708333,-57897.8921234375,-3183.8,-2060.0,-1123.8,-1404.75,12745.21666666667,10966.16666666667,0.0,42.99534155663844,41.76470396106707,39.62459924669454,309960.25684176723,234144.5703094571,176485.17423742855,29530730.416373227,24944552.001846064,120424240.74978119,123430199.84732941,176491688.7326457,113092.88690000009
43.20195183333333,-123793.75291335557,-43497.16517086111,-2865.4666666666667,-2060.0,-805.4666666666667,-1006.8333333333334,12972.550000000003,11113.91666666667,0.0,43.33198681704972,41.83491847826088,41.0323943989871,319784.4677941895,240322.62284263832,198621.92823205795,29530730.416373227,24944552.001846064,120424240.74978119,123430199.84732941,176491688.7326457,113092.88690000009
47.611132749999996,-13020.057769366664,-16275.072211708331,-273.46666666666664,0.0,-273.46666666666664,-341.8333333333333,11326.633333333333,11395.0,0.0,42.51125666287282,42.51125666287282,41.83491847826088,249324.35247214424,252230.705385996,237781.15154508382,29530730.416373227,24944552.001846064,120424240.74978119,123430199.84732941,176491688.7326457,113092.88690000009
54.84526741666667,30790.13312771667,38487.66640964584,561.4,0.0,561.4,701.75,12250.51666666667,12110.16666666667,0.0,42.91634031705147,42.91634031705147,43.07030005596452,288726.97442994796,282703.6660664498,312831.5511517776,29530730.416373227,24944552.001846064,120424240.74978119,123430199.84732941,176491688.7326457,113092.88690000009
61.23101541666666,223636.07864013885,121875.23360225694,3652.3333333333335,2060.0,1592.3333333333335,1990.4166666666667,10632.750000000004,12294.66666666667,0.0,41.26249739275534,42.91634031705147,43.47064287626648,220288.88840593235,290621.7308549458,376762.4428978325,29530730.416373227,24944552.001846064,120424240.74978119,123430199.84732941,176491688.7326457,113092.88690000009
66.37646033333333,66832.24536095555,83540.30670119444,1006.8666666666667,0.0,1006.8666666666667,1258.5833333333333,12767.966666666667,12518.25,2.0,43.07030005596452,42.91634031705147,43.45268274932441,310938.61146431783,300217.1092774997,354671.8968893927,29530730.416373227,24944552.001846064,120424240.74978119,123430199.84732941,176491688.7326457,113092.88690000009
61.2015635,70577.6430282,-69371.97222725,1153.1999999999998,2060.0,-906.8000000000001,-1133.5,10022.71666666667,12309.41666666667,0.0,41.0323943989871,42.91634031705147,42.27751684161908,195160.16189126347,291254.74687462224,242932.71137029107,29530730.416373227,24944552.001846064,120424240.74978119,123430199.84732941,176491688.7326457,113092.88690000009
61.59850266666666,34154.31644524443,-115923.24881011111,554.4666666666665,2060.0,-1505.5333333333335,-1881.9166666666667,9398.116666666667,11834.5,0.0,39.28120655037132,42.61638123618729,41.0323943989871,170027.31434407408,270922.0413138187,192282.42329741438,29530730.416373227,24944552.001846064,120424240.74978119,123430199.84732941,176491688.7326457,113092.88690000009
59.62550100000001,7373.686956999998,-144318.55637875,123.66666666666674,2060.0,-1936.3333333333333,-2420.4166666666665,9439.749999999996,11983.83333333333,0.0,39.62459924669454,42.67947262786322,39.62459924669454,171664.18132908043,277291.87516208563,176564.42343592172,29530730.416373227,24944552.001846064,120424240.74978119,123430199.84732941,176491688.7326457,113092.88690000009
62.7911775,1406.5223759999935,-159929.12909250002,22.399999999999864,2060.0,-2037.6000000000001,-2547.0,9509.35,12078.75,0.0,39.62459924669454,42.83240645223916,39.62459924669454,174422.05343665055,281355.96104851604,175309.6444597765,29530730.416373227,24944552.001846064,120424240.74978119,123430199.84732941,176491688.7326457,113092.88690000009
54.93260425,-126095.96196906666,-157619.95246133333,-2295.4666666666667,0.0,-2295.4666666666667,-2869.3333333333335,11374.050000000003,11947.91666666667,0.0,42.51125666287282,42.67947262786322,38.55907774909387,251340.09455890892,275758.97077020176,157507.19205500564,29530730.416373227,24944552.001846064,120424240.74978119,123430199.84732941,176491688.7326457,113092.88690000009
64.27184016666668,-42406.56014196668,-53008.20017745834,-659.8000000000001,0.0,-659.8000000000001,-824.75,12341.716666666669,12506.66666666667,0.0,42.91634031705147,42.91634031705147,42.51125666287282,292640.944666863,299719.99500216066,264427.8934435187,29530730.416373227,24944552.001846064,120424240.74978119,123430199.84732941,176491688.7326457,113092.88690000009
59.33641691666668,119424.42844761114,-3510.7380009027784,2012.6666666666667,2060.0,-47.333333333333336,-59.166666666666664,10971.333333333336,13043.16666666667,0.0,41.76470396106707,43.33198681704972,43.33198681704972,234360.35461325594,322844.42826325353,320280.6190432448,29530730.416373227,24944552.001846064,120424240.74978119,123430199.84732941,176491688.7326457,113092.88690000009
64.12267358333334,81179.3047565,101474.130945625,1266.0,0.0,1266.0,1582.5,14107.16666666667,13790.66666666667,0.0,43.47064287626648,43.45268274932441,43.98722242431084,369028.2910194301,355272.99233409174,424462.23143482435,29530730.416373227,24944552.001846064,120424240.74978119,123430199.84732941,176491688.7326457,113092.88690000009
51.43275241666666,111986.24626188888,139982.80782736107,2177.3333333333335,0.0,2177.3333333333335,2721.6666666666665,13707.666666666664,13163.33333333333,0.0,43.45268274932441,43.33198681704972,44.36177173256092,351666.4196658976,328051.4886791021,447079.43640302063,29530730.416373227,24944552.001846064,120424240.74978119,123430199.84732941,176491688.7326457,113092.88690000009
47.741270583333325,37460.983651055576,169760.00131590274,784.666666666667,-2060.0,2844.666666666667,3555.8333333333335,15669.166666666666,12898.0,0.0,44.21791634476287,43.29422751292967,44.50859520231314,437508.56184252107,316556.4168056946,472327.51261627185,29530730.416373227,24944552.001846064,120424240.74978119,123430199.84732941,176491688.7326457,113092.88690000009
53.349382999999996,205584.51485965,180347.5892315,3853.55,1149.15,2704.4,3380.5,12608.28333333333,13081.33333333333,0.0,42.91634031705147,43.33198681704972,44.50859520231314,304081.0104507114,324498.265760104,472683.5813778902,29530730.416373227,24944552.001846064,120424240.74978119,123430199.84732941,176491688.7326457,113092.88690000009
58.58882941666666,246213.6967406,156900.88517783332,4202.4,2060.0,2142.4,2678.0,12037.6,13562.0,0.0,42.83240645223916,43.45268274932441,44.38564628710655,279593.4075230064,345336.8122120795,462832.97213529726,29530730.416373227,24944552.001846064,120424240.74978119,123430199.84732941,176491688.7326457,113092.88690000009
55.19115416666668,215252.8600705556,126948.8531090278,3900.133333333333,2060.0,1840.1333333333332,2300.1666666666665,11764.783333333333,13364.75,0.0,42.5734071986989,43.33198681704972,44.21791634476287,267953.84065057395,336779.2730238363,437320.63569805585,29530730.416373227,24944552.001846064,120424240.74978119,123430199.84732941,176491688.7326457,113092.88690000009
49.49760908333334,33513.18119002223,41891.47648752778,677.0666666666667,0.0,677.0666666666667,846.3333333333334,13273.099999999997,13103.83333333333,0.0,43.33198681704972,43.33198681704972,43.45268274932441,332807.8964320536,325473.2354634876,362203.69523260876,29530730.416373227,24944552.001846064,120424240.74978119,123430199.84732941,176491688.7326457,113092.88690000009
42.4835405,-5672.968774766666,-7091.210968458332,-133.53333333333333,0.0,-133.53333333333333,-166.91666666666666,12082.283333333336,12115.66666666667,0.0,42.83240645223916,42.91634031705147,42.67947262786322,281507.30221798073,282939.70593819354,275794.5369973917,29530730.416373227,24944552.001846064,120424240.74978119,123430199.84732941,176491688.7326457,113092.88690000009
40.72524108333334,-81341.88152377777,3190.143884861111,-1997.3333333333333,-2060.0,62.666666666666664,78.33333333333333,13839.916666666666,11764.25,0.0,43.45268274932441,42.5734071986989,42.61638123618729,357413.0369594958,267931.13483340136,271266.52372881124,29530730.416373227,24944552.001846064,120424240.74978119,123430199.84732941,176491688.7326457,113092.88690000009
41.35638133333333,-88331.71634382222,-3921.963496444444,-2135.866666666667,-2060.0,-75.86666666666666,-94.83333333333333,13859.116666666663,11821.08333333333,3.0,43.45268274932441,42.5734071986989,42.5734071986989,358247.3284682827,270350.7234758606,266313.3453598506,29530730.416373227,24944552.001846064,120424240.74978119,123430199.84732941,176491688.7326457,113092.88690000009
40.336472,-95000.4588544,-14884.158168,-2355.2,-2060.0,-295.2,-369.0,13201.7,11217.5,2.0,43.33198681704972,42.27751684161908,41.68592068621894,329713.9925733164,244690.7514456216,229232.38371627437,29530730.416373227,24944552.001846064,120424240.74978119,123430199.84732941,176491688.7326457,113092.88690000009
39.651497166666665,-103263.07235457777,-26976.235239055557,-2604.266666666667,-2060.0,-544.2666666666668,-680.3333333333334,12804.600000000002,10880.66666666667,0.0,43.07030005596452,41.74288961189344,41.0323943989871,312516.42012303474,230574.32146405685,202448.1990097635,29530730.416373227,24944552.001846064,120424240.74978119,123430199.84732941,176491688.7326457,113092.88690000009
42.10558366666667,-67713.4080677604,-8915.857341416668,-1608.1812,-1438.7812,-169.4,-211.75,12370.931199999999,10974.5,0.0,42.91634031705147,41.76470396106707,41.68592068621894,293894.72552160005,234492.60950913254,225657.8160174311,29530730.416373227,24944552.001846064,120424240.74978119,123430199.84732941,176491688.7326457,113092.88690000009
45.25394883333334,12387.514260644446,15484.392825805558,273.73333333333335,0.0,273.73333333333335,342.1666666666667,11338.266666666663,11270.83333333333,1.0,42.51125666287282,42.49671376146203,42.51125666287282,249818.90009132217,246952.87538757562,261498.1593385021,29530730.416373227,24944552.001846064,120424240.74978119,123430199.84732941,176491688.7326457,113092.88690000009
47.15918024999999,144586.90270115,59298.73923268749,3065.9333333333334,2060.0,1005.9333333333334,1257.4166666666667,9695.733333333334,11504.25,0.0,40.49080452762706,42.51125666287282,43.00348079772785,181845.80908626848,256875.06017641485,310667.53807830677,29530730.416373227,24944552.001846064,120424240.74978119,123430199.84732941,176491688.7326457,113092.88690000009
55.107597,145586.9235944,40081.592218,2641.866666666667,2060.0,581.8666666666667,727.3333333333334,9531.633333333337,11446.16666666667,0.0,39.62459924669454,42.51125666287282,42.91634031705147,175305.0215898645,254405.86468524643,285421.7009531964,29530730.416373227,24944552.001846064,120424240.74978119,123430199.84732941,176491688.7326457,113092.88690000009
45.743169916666666,-33054.01458178333,-41317.518227229164,-722.6,0.0,-722.6,-903.25,9201.6,9382.25,0.0,39.25801034742973,39.25801034742973,38.30957204005018,162312.37711769776,169404.33668696092,134464.6847769086,29530730.416373227,24944552.001846064,120424240.74978119,123430199.84732941,176491688.7326457,113092.88690000009
43.770777916666674,-91127.8415706389,-113909.80196329863,-2081.9333333333334,0.0,-2081.9333333333334,-2602.4166666666665,7634.433333333334,8154.916666666667,0.0,31.41026645768025,37.44907271349244,24.23153772437706,103762.43391146873,122150.66474981129,45056.17386903592,29530730.416373227,24944552.001846064,120424240.74978119,123430199.84732941,176491688.7326457,113092.88690000009
39.86380975,-226636.38877801667,-180646.17586627082,-5685.266666666666,-2060.0,-3625.2666666666664,-4531.583333333333,9013.6,7917.916666666667,58.0,38.55907774909387,35.80690392628222,8.194301963536885,155001.49465261027,113373.30597105245,8869.742806963897,29530730.416373227,24944552.001846064,120424240.74978119,123430199.84732941,176491688.7326457,113092.88690000009
38.96331824999999,-249206.78597244996,-211177.93797181247,-6395.933333333333,-2060.0,-4335.933333333333,-5419.916666666667,8218.933333333334,7315.916666666667,73.0,37.86539448553231,30.24595469255664,3.283317504717155,124553.83030471047,93949.02754536193,2905.4730898972293,29530730.416373227,24944552.001846064,120424240.74978119,123430199.84732941,176491688.7326457,113092.88690000009
40.69669008333334,-248130.43255075556,-205369.06372386112,-6097.066666666667,-2060.0,-4037.0666666666666,-5046.333333333333,8299.566666666666,7346.833333333333,98.0,37.86539448553231,30.24595469255664,3.693763439498798,127607.04328006049,94884.13164460678,4281.286553387286,29530730.416373227,24944552.001846064,120424240.74978119,123430199.84732941,176491688.7326457,113092.88690000009
41.84563,-241044.77734333335,-193553.47442916667,-5760.333333333334,-2060.0,-3700.333333333334,-4625.416666666667,8572.666666666668,7582.75,145.0,38.30957204005018,30.89586360193405,4.180349717762359,138053.01469132668,102146.61967976525,6730.032704310443,29530730.416373227,24944552.001846064,120424240.74978119,123430199.84732941,176491688.7326457,113092.88690000009
45.25517125,-110326.07348466666,-137907.59185583334,-2437.866666666667,0.0,-2437.866666666667,-3047.3333333333335,7610.616666666667,8220.083333333334,0.0,31.41026645768025,37.86539448553231,22.24821654467935,103014.34606533495,124597.37550836882,36233.412249701265,29530730.416373227,24944552.001846064,120424240.74978119,123430199.84732941,176491688.7326457,113092.88690000009
41.39759141666667,-137122.6219691389,-64804.47956350695,-3312.3333333333335,-2060.0,-1252.3333333333335,-1565.4166666666667,9794.0,8368.083333333334,321.0,40.58304836836191,38.2073287836733,29.16858794901584,185825.33283724677,130215.84362727437,78914.01188901222,29530730.416373227,24944552.001846064,120424240.74978119,123430199.84732941,176491688.7326457,113092.88690000009
37.673099,-112353.73891766666,-43433.943722083335,-2982.3333333333335,-2060.0,-922.3333333333335,-1152.9166666666667,10957.0,9226.583333333334,99.0,41.76470396106707,39.25801034742973,37.44907271349244,233761.7271898139,163293.17307621104,119107.92759184002,29530730.416373227,24944552.001846064,120424240.74978119,123430199.84732941,176491688.7326457,113092.88690000009
45.92321999999999,44374.076711999995,55467.59588999999,966.2666666666667,0.0,966.2666666666667,1207.8333333333333,10724.899999999998,10503.33333333333,20.0,41.3576613936529,41.26249739275534,42.51125666287282,224092.31364292884,214948.83353501966,265671.3477009075,29530730.416373227,24944552.001846064,120424240.74978119,123430199.84732941,176491688.7326457,113092.88690000009
48.421392749999995,220204.35376275,275255.44220343744,4547.666666666667,0.0,4547.666666666667,5684.583333333333,13020.083333333336,11894.16666666667,11.0,43.33198681704972,42.67947262786322,45.56621597912896,321844.18156755995,273464.9491164541,522899.8786412035,29530730.416373227,24944552.001846064,120424240.74978119,123430199.84732941,176491688.7326457,113092.88690000009
46.562429083333335,229776.27504043333,287220.34380054165,4934.8,0.0,4934.8,6168.5,13298.03333333333,12064.33333333333,0.0,43.33198681704972,42.83240645223916,45.9961646035486,333888.3073033586,280738.4605221628,552879.5924029043,29530730.416373227,24944552.001846064,120424240.74978119,123430199.84732941,176491688.7326457,113092.88690000009
46.493628083333334,211487.11585026112,264358.8948128264,4548.733333333334,0.0,4548.733333333334,5685.916666666667,12861.766666666663,11724.58333333333,0.0,43.26748188019867,42.5734071986989,45.28793539672226,314987.78770984896,266242.3896811862,515249.7207486996,29530730.416373227,24944552.001846064,120424240.74978119,123430199.84732941,176491688.7326457,113092.88690000009
59.128780750000004,326895.43533573335,256362.6837384167,5528.533333333334,2060.0,3468.5333333333338,4335.666666666667,10855.800000000003,12048.66666666667,0.0,41.68592068621894,42.83240645223916,44.38564628710655,229536.69093728389,280067.4194877446,469239.30041606975,29530730.416373227,24944552.001846064,120424240.74978119,123430199.84732941,176491688.7326457,113092.88690000009
66.07111391666666,259417.2169414722,154138.40284142358,3926.333333333333,2060.0,1866.3333333333333,2332.9166666666665,10589.333333333334,12182.75,0.0,41.26249739275534,42.91634031705147,43.77868185516679,218497.40831079677,285818.67710112897,386812.868561481,29530730.416373227,24944552.001846064,120424240.74978119,123430199.84732941,176491688.7326457,113092.88690000009
62.25767416666667,181331.70177783334,66351.116243125,2912.6,2060.0,852.6,1065.75,10278.23333333333,12125.08333333333,0.0,41.26249739275534,42.91634031705147,43.33198681704972,205660.64537191042,283343.8348095122,329243.11831657094,29530730.416373227,24944552.001846064,120424240.74978119,123430199.84732941,176491688.7326457,113092.88690000009
59.475737666666674,151571.93491891114,36314.89415697223,2548.4666666666667,2060.0,488.4666666666667,610.5833333333334,9622.366666666667,11560.25,0.0,39.62459924669454,42.51125666287282,42.91634031705147,178900.29356151447,259255.69054953574,285307.2573790174,29530730.416373227,24944552.001846064,120424240.74978119,123430199.84732941,176491688.7326457,113092.88690000009
50.958890833333335,119896.07835266666,18650.954045000002,2352.8,2060.0,292.8,366.0,8481.78333333333,10468.58333333333,0.0,38.30957204005018,41.26249739275534,41.68592068621894,134571.31308575324,213514.9617506214,228652.25465339102,29530730.416373227,24944552.001846064,120424240.74978119,123430199.84732941,176491688.7326457,113092.88690000009
55.900348,114767.14113386668,-484.46968266666664,2053.0666666666666,2060.0,-6.933333333333334,-8.666666666666666,6953.266666666666,9015.0,0.0,29.16858794901584,38.55907774909387,38.55907774909387,83306.80123413399,155055.477361459,154721.29868763353,29530730.416373227,24944552.001846064,120424240.74978119,123430199.84732941,176491688.7326457,113092.88690000009
51.07863016666666,88100.42131146666,-21401.946039833332,1724.8,2060.0,-335.20000000000005,-419.0,6313.45,8457.25,0.0,28.72530694520799,38.30957204005018,37.44907271349244,64653.03027488949,133631.45158503752,117781.60626657048,29530730.416373227,24944552.001846064,120424240.74978119,123430199.84732941,176491688.7326457,113092.88690000009
47.20671741666666,-12094.361002149999,-15117.951252687499,-256.2,0.0,-256.2,-320.25,7961.95,8026.0,0.0,35.80690392628222,37.44907271349244,33.08806913643835,114950.00330727307,117322.8551258302,106069.98673104796,29530730.416373227,24944552.001846064,120424240.74978119,123430199.84732941,176491688.7326457,113092.88690000009
50.41538683333332,58317.15846301109,-12179.51720248611,1156.7333333333333,1350.0,-193.26666666666668,-241.58333333333334,6724.766666666666,8123.083333333333,0.0,29.16858794901584,37.44907271349244,35.28351264902588,76641.77888778388,120958.53593509842,112087.5519028522,29530730.416373227,24944552.001846064,120424240.74978119,123430199.84732941,176491688.7326457,113092.88690000009
46.155761500000004,11274.314009066667,14092.892511333333,244.26666666666665,0.0,244.26666666666665,305.3333333333333,8113.983333333334,8053.916666666667,1.0,37.44907271349244,37.44907271349244,38.2073287836733,120617.74937340566,118368.30840574855,129878.3455563519,29530730.416373227,24944552.001846064,120424240.74978119,123430199.84732941,176491688.7326457,113092.88690000009
33.855557749999996,-28463.495919016666,-35579.369898770834,-840.7333333333335,0.0,-840.7333333333335,-1050.9166666666667,5927.9,6138.083333333333,0.0,25.05746204390756,27.82825381936943,22.24821654467935,54232.80900284613,59696.5862916962,34329.33571708578,29530730.416373227,24944552.001846064,120424240.74978119,123430199.84732941,176491688.7326457,113092.88690000009
20.10606566666667,-68741.29810995558,-85926.62263744447,-3418.933333333334,0.0,-3418.933333333334,-4273.666666666667,2123.35,2978.083333333333,0.0,3.487363192876509,4.180349717762359,0.0,3663.004803177319,6816.7749609540115,0.0,29530730.416373227,24944552.001846064,120424240.74978119,123430199.84732941,176491688.7326457,113092.88690000009
21.113556083333332,-145849.63028285553,-127944.6309389861,-6907.866666666667,-2060.0,-4847.866666666667,-6059.833333333333,2660.9500000000007,2403.916666666667,591.0,3.693763439498798,3.693763439498798,0.0,5612.703585154631,4663.283255755455,0.0,29530730.416373227,24944552.001846064,120424240.74978119,123430199.84732941,176491688.7326457,113092.88690000009
21.363136416666666,-169972.23437647225,-157455.2166976736,-7956.333333333334,-2060.0,-5896.333333333334,-7370.416666666667,2297.25,2120.333333333333,409.0,3.487363192876509,3.487363192876509,0.0,4269.457262418544,3652.4845908788075,0.0,29530730.416373227,24944552.001846064,120424240.74978119,123430199.84732941,176491688.7326457,113092.88690000009
21.120015666666667,-164548.85806108892,-151302.03223469446,-7791.133333333334,-2060.0,-5731.133333333334,-7163.916666666667,2063.55,1859.333333333333,423.0,3.283317504717155,3.283317504717155,0.0,3455.5929378125893,2785.0847813909327,0.0,29530730.416373227,24944552.001846064,120424240.74978119,123430199.84732941,176491688.7326457,113092.88690000009
21.484224333333334,-151522.50509651113,-134081.25371230557,-7052.733333333334,-2060.0,-4992.733333333334,-6240.916666666667,2395.6499999999996,2016.833333333333,433.0,3.693763439498798,3.283317504717155,0.0,4632.748144655596,3302.2072883838846,0.0,29530730.416373227,24944552.001846064,120424240.74978119,123430199.84732941,176491688.7326457,113092.88690000009
20.82818358333333,-71269.87858545,-89087.34823181249,-3421.8,0.0,-3421.8,-4277.25,1172.2166666666672,2027.666666666667,0.0,2.060058126766485,3.283317504717155,0.0,902.2011141120133,3337.776561351656,0.0,29530730.416373227,24944552.001846064,120424240.74978119,123430199.84732941,176491688.7326457,113092.88690000009
27.23814575,-113179.94322040002,-71336.70371925,-4155.200000000001,-2060.0,-2095.2000000000003,-2619.0,3371.8666666666677,2212.666666666667,377.0,8.194301963536885,3.487363192876509,0.0,8751.1985718914,3974.4844590210737,0.0,29530730.416373227,24944552.001846064,120424240.74978119,123430199.84732941,176491688.7326457,113092.88690000009
28.05822733333333,-96546.4897055111,-48433.176748555554,-3440.9333333333334,-2060.0,-1380.9333333333334,-1726.1666666666667,3765.6833333333334,2573.916666666667,523.0,9.712272222084453,3.693763439498798,1.37689781415482,12198.635238868408,5291.22304047025,326.8938782816959,29530730.416373227,24944552.001846064,120424240.74978119,123430199.84732941,176491688.7326457,113092.88690000009
24.536092750000005,-18299.017972950005,-22873.772466187504,-745.8000000000001,0.0,-745.8000000000001,-932.25,3346.466666666667,3532.916666666667,0.0,7.289967955911917,8.194301963536885,3.693763439498798,8552.136786560728,10070.890903119009,5390.031212476843,29530730.416373227,24944552.001846064,120424240.74978119,123430199.84732941,176491688.7326457,113092.88690000009
61.67536691666667,116628.11883941667,145785.14854927085,1891.0,0.0,1891.0,2363.75,5980.5,5605.75,98.0,25.05746204390756,24.23153772437706,36.43982000727706,55550.83150635568,46346.503252859,115223.19355428098,29530730.416373227,24944552.001846064,120424240.74978119,123430199.84732941,176491688.7326457,113092.88690000009
52.080402916666664,445311.7491255278,422532.648896493,8550.466666666667,2060.0,6490.466666666667,8113.083333333333,6814.533333333333,7251.916666666667,0.0,29.16858794901584,29.91898624650232,43.98722242431084,79260.14579934052,92026.48535916932,424103.00245169236,29530730.416373227,24944552.001846064,120424240.74978119,123430199.84732941,176491688.7326457,113092.88690000009
49.01311016666666,301629.94750634435,377037.43438293046,6154.066666666667,0.0,6154.066666666667,7692.583333333333,8961.266666666666,7427.75,5.0,38.55907774909387,30.80517968863669,43.98722242431084,152983.569583741,97363.33220945761,413340.7953652109,29530730.416373227,24944552.001846064,120424240.74978119,123430199.84732941,176491688.7326457,113092.88690000009
49.837499,267364.8921352667,334206.11516908335,5364.733333333334,0.0,5364.733333333334,6705.916666666667,8597.016666666666,7255.833333333333,0.0,38.30957204005018,29.91898624650232,43.45268274932441,138985.85277050184,92143.66805530143,362707.0221411219,29530730.416373227,24944552.001846064,120424240.74978119,123430199.84732941,176491688.7326457,113092.88690000009
52.082430249999994,328167.9208432333,276097.64316029166,6300.933333333333,2060.0,4240.933333333333,5301.166666666667,6555.316666666667,7555.083333333333,0.0,29.16858794901584,30.89586360193405,43.26748188019867,71699.16165982315,101291.83412011174,314749.09543481003,29530730.416373227,24944552.001846064,120424240.74978119,123430199.84732941,176491688.7326457,113092.88690000009
55.98030791666667,275206.6577593889,199859.02931381945,4916.133333333333,2060.0,2856.133333333333,3570.1666666666665,6096.116666666667,7442.083333333333,0.0,27.44928459155257,30.80517968863669,41.83491847826088,58529.83437825233,97804.87311832806,236069.4061306817,29530730.416373227,24944552.001846064,120424240.74978119,123430199.84732941,176491688.7326457,113092.88690000009
58.08890500000001,97279.55290666671,121599.44113333337,1674.666666666667,0.0,1674.666666666667,2093.3333333333335,7489.5,7070.833333333333,0.0,30.84323712507074,29.16858794901584,39.1445502867625,99266.64049791294,86736.05489067329,160846.26055219918,29530730.416373227,24944552.001846064,120424240.74978119,123430199.84732941,176491688.7326457,113092.88690000009
54.31167091666668,42250.859195105564,52813.57399388195,777.9333333333334,0.0,777.9333333333334,972.4166666666666,6993.066666666667,6803.583333333333,5.0,29.16858794901584,29.16858794901584,34.3729940831512,84467.71103450483,78940.74976129881,108437.5089879373,29530730.416373227,24944552.001846064,120424240.74978119,123430199.84732941,176491688.7326457,113092.88690000009
52.36719908333333,4870.14951475,6087.6868934375,93.0,0.0,93.0,116.25,6554.083333333333,6531.833333333333,1.0,29.16858794901584,29.16858794901584,29.16858794901584,71663.18706801935,71014.18598615375,74405.03433522684,29530730.416373227,24944552.001846064,120424240.74978119,123430199.84732941,176491688.7326457,113092.88690000009
42.02606325,80844.13700525,-7161.941612187499,1923.6666666666667,2060.0,-136.33333333333334,-170.41666666666666,4462.0,6556.083333333333,0.0,18.44164886398207,29.16858794901584,29.16858794901584,21196.210294266537,71721.52424391739,66750.7107142726,29530730.416373227,24944552.001846064,120424240.74978119,123430199.84732941,176491688.7326457,113092.88690000009
40.591947166666664,-14326.251220022225,-17907.814025027776,-352.9333333333334,0.0,-352.9333333333334,-441.1666666666667,6274.849999999999,6363.083333333333,0.0,28.48607008034386,29.16858794901584,25.05746204390756,63552.14533200899,66091.98676975734,54082.88185495008,29530730.416373227,24944552.001846064,120424240.74978119,123430199.84732941,176491688.7326457,113092.88690000009
39.18311425,-12191.172946983335,-15238.966183729168,-311.1333333333334,0.0,-311.1333333333334,-388.9166666666667,6010.716666666667,6088.5,0.0,25.05746204390756,27.44928459155257,24.23153772437706,56307.9844844491,58320.762327280005,48620.22920932971,29530730.416373227,24944552.001846064,120424240.74978119,123430199.84732941,176491688.7326457,113092.88690000009
39.34539683333333,-2943.0356831333334,-3678.7946039166663,-74.8,0.0,-74.8,-93.5,5811.05,5829.75,0.0,24.43852305578935,24.43852305578935,24.43852305578935,51341.083440769864,51798.083821913126,49513.08191619682,29530730.416373227,24944552.001846064,120424240.74978119,123430199.84732941,176491688.7326457,113092.88690000009
43.01976316666667,91371.1089817889,3437.996073069445,2123.9333333333334,2060.0,63.93333333333334,79.91666666666667,4026.9000000000005,6070.916666666667,0.0,10.4674747796879,26.35831003535668,27.82825381936943,14916.211546003557,57850.03984374724,60051.39652789319,29530730.416373227,24944552.001846064,120424240.74978119,123430199.84732941,176491688.7326457,113092.88690000009
38.34999800000001,-50036.520723866684,-62545.65090483335,-1304.7333333333336,0.0,-1304.7333333333336,-1630.9166666666667,5218.4,5544.583333333333,0.0,22.24821654467935,24.23153772437706,10.4674747796879,37249.04333496587,44864.340862051264,13730.944485116885,29530730.416373227,24944552.001846064,120424240.74978119,123430199.84732941,176491688.7326457,113092.88690000009
33.06868433333334,-185129.51779277783,-146260.0350826389,-5598.333333333334,-2060.0,-3538.333333333334,-4422.916666666667,5131.75,4011.333333333333,55.0,22.24821654467935,10.4674747796879,0.0,35321.23537136941,14753.267855266406,0.0,29530730.416373227,24944552.001846064,120424240.74978119,123430199.84732941,176491688.7326457,113092.88690000009
34.568404833333325,-255349.89282286662,-230173.72358274995,-7386.8,-2060.0,-5326.8,-6658.5,4227.633333333333,3636.333333333333,137.0,13.02871506115528,9.712272222084453,0.0,17249.004146233605,10942.35282694178,0.0,29530730.416373227,24944552.001846064,120424240.74978119,123430199.84732941,176491688.7326457,113092.88690000009
36.00856100000001,-284734.0952514001,-263195.5744892501,-7907.400000000001,-2060.0,-5847.400000000001,-7309.25,4044.6500000000005,3612.5,166.0,10.4674747796879,8.194301963536885,0.0,15102.009223343017,10723.020767717151,0.0,29530730.416373227,24944552.001846064,120424240.74978119,123430199.84732941,176491688.7326457,113092.88690000009
34.672052666666666,-263424.38734026666,-239999.94855866666,-7597.6,-2060.0,-5537.6,-6922.0,4126.516666666667,3572.916666666667,122.0,10.4674747796879,8.194301963536885,0.0,15958.946491973467,10398.662981660485,0.0,29530730.416373227,24944552.001846064,120424240.74978119,123430199.84732941,176491688.7326457,113092.88690000009
33.166671666666666,-206137.49774266666,-172267.69263666667,-6215.2,-2060.0,-4155.2,-5194.0,4569.033333333333,3662.833333333333,115.0,19.63908329735679,9.712272222084453,0.0,23212.109244420266,11199.728040827018,0.0,29530730.416373227,24944552.001846064,120424240.74978119,123430199.84732941,176491688.7326457,113092.88690000009
36.519475750000005,-196092.54235548337,-151078.0278881042,-5369.533333333334,-2060.0,-3309.5333333333338,-4136.916666666667,5095.95,3965.333333333333,102.0,22.24821654467935,10.4674747796879,0.0,34524.74921906988,14271.764015400762,0.0,29530730.416373227,24944552.001846064,120424240.74978119,123430199.84732941,176491688.7326457,113092.88690000009
34.239747,-137276.27632220002,-83427.99687775,-4009.266666666667,-2060.0,-1949.2666666666669,-2436.5833333333335,5513.516666666666,4071.833333333333,131.0,24.23153772437706,10.4674747796879,3.026194054803325,44111.547756747284,15386.550079437524,2088.7779315865155,29530730.416373227,24944552.001846064,120424240.74978119,123430199.84732941,176491688.7326457,113092.88690000009
36.75080308333333,-23363.710546844442,-29204.63818355555,-635.7333333333333,0.0,-635.7333333333333,-794.6666666666666,4194.4,4353.333333333333,0.0,13.02871506115528,17.81411122248976,8.194301963536885,16816.016515701205,19199.847773845897,10281.89417868008,29530730.416373227,24944552.001846064,120424240.74978119,123430199.84732941,176491688.7326457,113092.88690000009
34.62957516666666,-86657.04889706666,-19150.155067166663,-2502.4,-2060.0,-442.40000000000003,-553.0,7253.8166666666675,5354.416666666667,50.0,29.91898624650232,23.46737774244482,21.83564343694653,92083.33143303769,40311.089803201554,27994.05369521731,29530730.416373227,24944552.001846064,120424240.74978119,123430199.84732941,176491688.7326457,113092.88690000009
41.43677466666666,152266.33464177774,83633.22353555553,3674.666666666667,2060.0,1614.6666666666667,2018.3333333333333,4961.416666666666,6617.75,0.0,22.24821654467935,29.16858794901584,38.30957204005018,31531.622486592347,73520.25383410671,140482.48005153317,29530730.416373227,24944552.001846064,120424240.74978119,123430199.84732941,176491688.7326457,113092.88690000009
40.93916633333334,227157.7875948889,237563.15903794448,5548.666666666666,906.4,4642.266666666666,5802.833333333333,7617.833333333334,7372.666666666667,9.0,31.41026645768025,30.72230215827338,43.33198681704972,103241.02348827122,95669.9804226409,328578.6945187097,29530730.416373227,24944552.001846064,120424240.74978119,123430199.84732941,176491688.7326457,113092.88690000009
43.380792750000005,298289.22300185,261155.9874210625,6876.066666666667,2060.0,4816.066666666667,6020.083333333333,6909.683333333333,7765.666666666667,0.0,29.16858794901584,34.14368798073796,43.45268274932441,82035.5369426894,108084.28656126276,355059.3499772408,29530730.416373227,24944552.001846064,120424240.74978119,123430199.84732941,176491688.7326457,113092.88690000009
43.46465733333333,260593.8018639111,213820.75969655553,5995.533333333334,2060.0,3935.5333333333338,4919.416666666667,6860.05,7936.166666666667,0.0,29.16858794901584,35.80690392628222,43.26748188019867,80587.80269415324,114026.78196770711,314720.2504468899,29530730.416373227,24944552.001846064,120424240.74978119,123430199.84732941,176491688.7326457,113092.88690000009
43.078363499999995,217844.41232859995,161378.72939824997,5056.933333333333,2060.0,2996.9333333333334,3746.1666666666665,6630.233333333334,7941.0,0.0,29.16858794901584,35.80690392628222,42.51125666287282,73884.37504033692,114199.84867001745,264651.07754099864,29530730.416373227,24944552.001846064,120424240.74978119,123430199.84732941,176491688.7326457,113092.88690000009
41.91400216666667,149292.08718404447,78686.5534008889,3561.866666666667,2060.0,1501.8666666666668,1877.3333333333333,5686.383333333333,7370.916666666667,0.0,24.23153772437706,30.72230215827338,39.25801034742973,48300.37291136794,95616.21639386393,164143.76330040532,29530730.416373227,24944552.001846064,120424240.74978119,123430199.84732941,176491688.7326457,113092.88690000009
38.87975641666667,25925.02157863334,32406.27697329167,666.8000000000001,0.0,666.8000000000001,833.5,7108.95,6943.25,1.0,29.16858794901584,29.16858794901584,34.3729940831512,87847.86423466328,83014.62921151136,108463.28873349966,29530730.416373227,24944552.001846064,120424240.74978119,123430199.84732941,176491688.7326457,113092.88690000009
40.278943,12556.289164533333,15695.361455666667,311.73333333333335,0.0,311.73333333333335,389.6666666666667,7295.183333333333,7220.25,3.0,30.04078906103602,29.16858794901584,31.41026645768025,93325.75280438412,91094.32807338875,102992.35887881459,29530730.416373227,24944552.001846064,120424240.74978119,123430199.84732941,176491688.7326457,113092.88690000009
40.46083725,641.9786177,802.4732721249999,15.866666666666667,0.0,15.866666666666667,19.833333333333332,7164.299999999999,7160.333333333333,0.0,29.16858794901584,29.16858794901584,29.16858794901584,89462.34557764129,89346.64351211021,89925.15383976568,29530730.416373227,24944552.001846064,120424240.74978119,123430199.84732941,176491688.7326457,113092.88690000009
38.708714500000006,-23429.094596366675,-29286.36824545834,-605.2666666666668,0.0,-605.2666666666668,-756.5833333333334,7211.85,7363.166666666667,0.0,29.16858794901584,30.35566358774915,29.16858794901584,90849.31193461703,95378.36291342431,73194.53793534271,29530730.416373227,24944552.001846064,120424240.74978119,123430199.84732941,176491688.7326457,113092.88690000009
35.4098875,-99345.98037000002,-33002.01515000001,-2805.6,-2060.0,-745.6,-932.0,9347.933333333332,7474.333333333333,0.0,39.25801034742973,30.84323712507074,29.16858794901584,168057.1326318716,98798.85140151603,71320.45615961842,29530730.416373227,24944552.001846064,120424240.74978119,123430199.84732941,176491688.7326457,113092.88690000009
34.387926666666665,-79802.91515111111,-11204.732772222222,-2320.6666666666665,-2060.0,-260.6666666666667,-325.8333333333333,9654.583333333334,7659.75,0.0,40.22090622276431,32.53920724401487,30.24595469255664,180187.7139274076,104570.47429534733,94493.45472982794,29530730.416373227,24944552.001846064,120424240.74978119,123430199.84732941,176491688.7326457,113092.88690000009
42.12625666666667,116571.77744800001,37239.61089333334,2767.2,2060.0,707.2,884.0,6584.55,8467.75,0.0,29.16858794901584,38.30957204005018,39.25801034742973,72551.85671419938,134033.70209145802,168206.9673713643,29530730.416373227,24944552.001846064,120424240.74978119,123430199.84732941,176491688.7326457,113092.88690000009
44.28530825000001,196293.15264118338,131331.7720577292,4432.466666666667,2060.0,2372.4666666666667,2965.5833333333335,7675.450000000001,9142.333333333334,0.0,32.53920724401487,39.02082857194272,42.91634031705147,105081.33984907839,159992.96135241073,282607.10430073633,29530730.416373227,24944552.001846064,120424240.74978119,123430199.84732941,176491688.7326457,113092.88690000009
51.4310235,195688.18694770001,112175.34817212501,3804.866666666667,2060.0,1744.8666666666668,2181.0833333333335,7743.716666666667,9367.5,0.0,33.66908174697999,39.25801034742973,42.51125666287282,107344.31682465684,168825.28103433634,258759.7258884689,29530730.416373227,24944552.001846064,120424240.74978119,123430199.84732941,176491688.7326457,113092.88690000009
41.00518241666667,-3463.5710747944468,-63950.99907732639,-84.4666666666667,1163.2,-1247.6666666666667,-1559.5833333333333,5829.133333333333,7304.25,0.0,24.43852305578935,30.04078906103602,24.43852305578935,51783.01339936205,93598.12262520417,49718.77281858306,29530730.416373227,24944552.001846064,120424240.74978119,123430199.84732941,176491688.7326457,113092.88690000009
32.996092083333345,-205449.06748713896,-171846.39724434033,-6226.466666666666,-2060.0,-4166.466666666666,-5208.083333333333,7523.883333333333,6840.5,335.0,30.89586360193405,29.16858794901584,3.026194054803325,100327.8831757314,80017.55679974999,2080.203715097908,29530730.416373227,24944552.001846064,120424240.74978119,123430199.84732941,176491688.7326457,113092.88690000009
25.88076266666666,-184086.4140796444,-163465.05373288883,-7112.866666666667,-2060.0,-5052.866666666667,-6316.083333333333,6605.533333333334,6279.75,471.0,29.16858794901584,28.48607008034386,0.0,73163.91091799624,63691.7270754027,0.0,29530730.416373227,24944552.001846064,120424240.74978119,123430199.84732941,176491688.7326457,113092.88690000009
15.791228333333331,-120937.6485651111,-110509.64774805555,-7658.533333333334,-2060.0,-5598.533333333334,-6998.166666666667,6459.75,6459.75,660.3666666666668,29.16858794901584,29.16858794901584,0.0,68911.6169381622,68911.6169381622,0.0,29530730.416373227,24944552.001846064,120424240.74978119,123430199.84732941,176491688.7326457,113092.88690000009
18.186083583333332,-133512.52642425554,-120061.49280323609,-7341.466666666667,-2060.0,-5281.466666666667,-6601.833333333333,6851.383333333334,6685.75,574.0,29.16858794901584,29.16858794901584,0.02453594536925209,80335.0082652618,75503.71781463978,2.0589747489030787,29530730.416373227,24944552.001846064,120424240.74978119,123430199.84732941,176491688.7326457,113092.88690000009
30.026687916666663,-194757.10138588888,-166127.65534694443,-6486.133333333334,-2060.0,-4426.133333333334,-5532.666666666667,7595.383333333334,7025.916666666667,384.0,30.93173588742462,29.16858794901584,2.783764648076243,102537.05161671186,85425.89914863001,1678.9497086264018,29530730.416373227,24944552.001846064,120424240.74978119,123430199.84732941,176491688.7326457,113092.88690000009
22.514971000000003,-108235.4695892667,-77318.28666158335,-4807.266666666666,-2060.0,-2747.266666666667,-3434.0833333333335,7668.9333333333325,6804.75,509.0,32.53920724401487,29.16858794901584,8.194301963536885,104869.2926818715,78974.77978057267,8741.365409535147,29530730.416373227,24944552.001846064,120424240.74978119,123430199.84732941,176491688.7326457,113092.88690000009
24.927741833333332,-85748.10820775555,-42996.200038861105,-3439.866666666667,-2060.0,-1379.8666666666668,-1724.8333333333333,8637.95,7677.916666666667,755.0,38.30957204005018,32.53920724401487,25.05746204390756,140553.9912526746,105161.60322694694,54863.83942198523,29530730.416373227,24944552.001846064,120424240.74978119,123430199.84732941,176491688.7326457,113092.88690000009
23.94231716666667,-71759.91301193334,-28048.42456075,-2997.2,-2060.0,-937.2,-1171.5,9980.033333333333,8799.333333333334,645.0,41.0323943989871,38.46888733201707,31.41026645768025,193408.76252366652,146741.33431939853,103555.12615284802,29530730.416373227,24944552.001846064,120424240.74978119,123430199.84732941,176491688.7326457,113092.88690000009
42.865610249999996,176360.55139789998,110071.742853625,4114.266666666666,2060.0,2054.266666666667,2567.8333333333335,10012.399999999998,11558.83333333333,0.0,41.0323943989871,42.51125666287282,43.47064287626648,194736.84435571366,259195.46626926318,369875.9685555171,29530730.416373227,24944552.001846064,120424240.74978119,123430199.84732941,176491688.7326457,113092.88690000009
49.18416933333333,429302.38255368883,409978.7421587778,8728.466666666667,2060.0,6668.466666666667,8335.583333333334,13044.366666666667,13437.25,0.0,43.33198681704972,43.36472879148679,54.13962137712807,322896.4266474339,339921.3348347877,727286.203826795,29530730.416373227,24944552.001846064,120424240.74978119,123430199.84732941,176491688.7326457,113092.88690000009
48.42923366666667,404154.86941064446,380488.3100716389,8345.266666666666,2060.0,6285.266666666666,7856.583333333333,13020.566666666666,13509.25,0.0,43.33198681704972,43.42660816292739,52.19115291178377,321865.125361188,343046.0116972295,705825.531357864,29530730.416373227,24944552.001846064,120424240.74978119,123430199.84732941,176491688.7326457,113092.88690000009
42.704878916666665,257810.0657678986,260919.69270101388,6037.016666666666,1149.15,4887.866666666667,6109.833333333333,13374.983333333337,13302.16666666667,0.0,43.33198681704972,43.33198681704972,48.42243506719445,337222.70368893095,334067.4128488694,608865.9829095433,29530730.416373227,24944552.001846064,120424240.74978119,123430199.84732941,176491688.7326457,113092.88690000009
45.89000525,286078.2927285,239431.102391875,6234.0,2060.0,4174.0,5217.5,11983.58333333333,13000.08333333333,0.0,42.67947262786322,43.33198681704972,45.9961646035486,277281.2052939286,320977.5418312187,552178.1508927002,29530730.416373227,24944552.001846064,120424240.74978119,123430199.84732941,176491688.7326457,113092.88690000009
46.12526225,195712.56274423335,125868.15313654167,4243.0666666666675,2060.0,2183.066666666667,2728.8333333333335,11338.099999999997,12852.33333333333,0.0,42.51125666287282,43.26748188019867,44.11000115332754,249811.81488187838,314579.6311307791,433623.0985291112,29530730.416373227,24944552.001846064,120424240.74978119,123430199.84732941,176491688.7326457,113092.88690000009
41.82288791666667,20259.00690683334,25323.75863354167,484.40000000000003,0.0,484.40000000000003,605.5,12730.6,12609.5,0.0,42.99534155663844,42.91634031705147,43.33198681704972,309331.8082660142,304133.2253314307,330290.3079979831,29530730.416373227,24944552.001846064,120424240.74978119,123430199.84732941,176491688.7326457,113092.88690000009
38.96221166666667,8724.937932555556,10906.172415694446,223.93333333333337,0.0,223.93333333333337,279.9166666666667,12587.400000000003,12531.41666666667,0.0,42.91634031705147,42.91634031705147,43.07030005596452,303184.774210424,300782.1744250077,312806.42681007826,29530730.416373227,24944552.001846064,120424240.74978119,123430199.84732941,176491688.7326457,113092.88690000009
42.70743533333333,88495.50033537777,647.7294358888888,2072.133333333333,2060.0,12.133333333333333,15.166666666666666,9699.533333333333,11756.5,0.0,40.49080452762706,42.5734071986989,42.5734071986989,181999.6741434734,267601.19092761143,268246.88760345837,29530730.416373227,24944552.001846064,120424240.74978119,123430199.84732941,176491688.7326457,113092.88690000009
37.8632185,-97235.26932256667,-24046.299015708337,-2568.0666666666666,-2060.0,-508.0666666666667,-635.0833333333334,12846.233333333334,10913.25,0.0,43.26748188019867,41.76470396106707,41.26249739275534,314315.69949131005,231934.5213915172,205657.89453875102,29530730.416373227,24944552.001846064,120424240.74978119,123430199.84732941,176491688.7326457,113092.88690000009
40.35229883333333,-17717.349341088888,-22146.68667636111,-439.0666666666667,0.0,-439.0666666666667,-548.8333333333334,10748.816666666664,10858.58333333333,0.0,41.3576613936529,41.68592068621894,41.26249739275534,225081.45104459368,229652.7167498603,206961.10174807208,29530730.416373227,24944552.001846064,120424240.74978119,123430199.84732941,176491688.7326457,113092.88690000009
40.368957333333334,-11069.1681008,-13836.460126,-274.2,0.0,-274.2,-342.75,10749.36666666667,10817.91666666667,0.0,41.3576613936529,41.68592068621894,41.26249739275534,225104.19775836045,227957.48930862098,213786.60652512396,29530730.416373227,24944552.001846064,120424240.74978119,123430199.84732941,176491688.7326457,113092.88690000009
43.9214355,102571.19237100001,15116.29405125,2335.3333333333335,2060.0,275.33333333333337,344.1666666666667,9478.500000000004,11469.66666666667,0.0,39.62459924669454,42.51125666287282,42.5734071986989,173199.63454989015,255404.87921682396,270042.0662736703,29530730.416373227,24944552.001846064,120424240.74978119,123430199.84732941,176491688.7326457,113092.88690000009
50.73190575,207845.23573070002,129171.887357125,4096.933333333333,2060.0,2036.9333333333334,2546.1666666666665,10280.150000000003,11830.91666666667,0.0,41.26249739275534,42.5734071986989,43.47064287626648,205739.7318252468,270769.3619799814,380761.742042449,29530730.416373227,24944552.001846064,120424240.74978119,123430199.84732941,176491688.7326457,113092.88690000009
41.362902166666665,-20099.61292618889,-25124.516157736107,-485.93333333333334,0.0,-485.93333333333334,-607.4166666666666,11098.599999999997,11220.08333333333,0.0,41.83491847826088,42.40901266764902,41.26249739275534,239681.85134127937,244800.17656585353,219460.1999166276,29530730.416373227,24944552.001846064,120424240.74978119,123430199.84732941,176491688.7326457,113092.88690000009
30.561445250000002,-178672.3960799167,-144644.77358114586,-5846.333333333334,-2060.0,-3786.333333333334,-4732.916666666667,8512.583333333334,7977.166666666667,578.0,38.30957204005018,36.43982000727706,4.440056619651124,135751.24790458698,115502.56550767011,7935.171248018409,29530730.416373227,24944552.001846064,120424240.74978119,123430199.84732941,176491688.7326457,113092.88690000009
24.52859933333333,-181238.54999408885,-163387.04420927775,-7388.866666666667,-2060.0,-5328.866666666667,-6661.083333333333,7358.833333333333,7358.833333333333,727.7833333333338,30.24595469255664,30.24595469255664,1.37689781415482,95247.08310091746,95247.08310091746,120.35920615847256,29530730.416373227,24944552.001846064,120424240.74978119,123430199.84732941,176491688.7326457,113092.88690000009
26.3710365,-213529.7986787,-199006.829360875,-8097.133333333334,-2060.0,-6037.133333333334,-7546.416666666667,7355.083333333333,7355.083333333333,550.7166666666672,30.24595469255664,30.24595469255664,0.0,95133.66077082037,95133.66077082037,0.0,29530730.416373227,24944552.001846064,120424240.74978119,123430199.84732941,176491688.7326457,113092.88690000009
24.364085833333338,-184780.47550477783,-168238.07336013892,-7584.133333333334,-2060.0,-5524.133333333334,-6905.166666666667,7677.833333333333,7677.833333333333,678.9666666666672,32.53920724401487,32.53920724401487,1.37689781415482,105158.89162634326,105158.89162634326,223.51180073557032,29530730.416373227,24944552.001846064,120424240.74978119,123430199.84732941,176491688.7326457,113092.88690000009
21.742813333333334,-140258.54025066667,-119335.43098,-6450.8,-2060.0,-4390.8,-5488.5,8197.083333333334,8197.083333333334,962.3000000000002,37.44907271349244,37.44907271349244,3.732936195932348,123729.7673158969,123729.7673158969,5789.906642924999,29530730.416373227,24944552.001846064,120424240.74978119,123430199.84732941,176491688.7326457,113092.88690000009
26.318399333333332,-135599.41160515556,-101729.38622311111,-5152.266666666666,-2060.0,-3092.266666666667,-3865.3333333333335,8886.016666666666,8357.083333333334,758.0,38.55907774909387,38.2073287836733,18.44164886398207,150081.99898312168,129795.56301065396,21744.849347970005,29530730.416373227,24944552.001846064,120424240.74978119,123430199.84732941,176491688.7326457,113092.88690000009
27.87411158333333,-46456.85263888889,-58071.06579861111,-1666.666666666667,0.0,-1666.666666666667,-2083.3333333333335,8682.166666666668,9098.833333333334,0.0,38.30957204005018,39.02082857194272,29.16858794901584,142247.91282971218,158295.55530953122,85122.05969082775,29530730.416373227,24944552.001846064,120424240.74978119,123430199.84732941,176491688.7326457,113092.88690000009
32.73561683333333,-81450.57943024444,-17519.01094197222,-2488.133333333333,-2060.0,-428.1333333333333,-535.1666666666666,11719.716666666667,10641.75,875.0,42.5734071986989,41.26249739275534,41.0323943989871,266035.199099486,220660.250882467,198601.4120348584,29530730.416373227,24944552.001846064,120424240.74978119,123430199.84732941,176491688.7326457,113092.88690000009
29.629180166666668,-7077.423502477778,-8846.779378097222,-238.86666666666667,0.0,-238.86666666666667,-298.5833333333333,11393.616666666663,11453.33333333333,0.0,42.51125666287282,42.51125666287282,42.07464540166023,252171.8981476122,254710.5286913301,242040.24335019244,29530730.416373227,24944552.001846064,120424240.74978119,123430199.84732941,176491688.7326457,113092.88690000009
47.508179750000004,101908.21277573337,127385.26596966668,2145.066666666667,0.0,2145.066666666667,2681.3333333333335,13985.183333333336,13577.91666666667,129.0,43.47064287626648,43.45268274932441,44.38564628710655,363725.59709924017,346028.434079173,463687.39582632424,29530730.416373227,24944552.001846064,120424240.74978119,123430199.84732941,176491688.7326457,113092.88690000009
55.46222083333334,468533.74915583344,442851.9677989584,8447.8,2060.0,6387.8,7984.75,14855.783333333331,15318.83333333333,0.0,43.98722242431084,43.98722242431084,712.9090909090909,401703.97567285947,422072.2590164365,1028457.6460358056,29530730.416373227,24944552.001846064,120424240.74978119,123430199.84732941,176491688.7326457,113092.88690000009
52.264198666666665,428670.957464,401258.38526333333,8202.0,2060.0,6142.0,7677.5,15391.58333333333,15916.08333333333,0.0,43.98722242431084,44.36177173256092,712.9090909090909,425272.3294478052,448458.3481410411,1235201.2823994418,29530730.416373227,24944552.001846064,120424240.74978119,123430199.84732941,176491688.7326457,113092.88690000009
54.273737666666655,419452.7724322444,384561.0910486388,7728.466666666667,2060.0,5668.466666666667,7085.583333333333,14415.533333333336,15058.41666666667,0.0,43.47064287626648,43.98722242431084,58.15119467293382,382433.1882610415,410617.25317677256,747891.6633051214,29530730.416373227,24944552.001846064,120424240.74978119,123430199.84732941,176491688.7326457,113092.88690000009
52.284816250000006,351312.137347,304506.76984,6719.2,2060.0,4659.2,5824.0,13691.883333333331,14587.08333333333,0.0,43.45268274932441,43.77868185516679,49.19028955635475,350980.59148983745,389939.3960906374,657579.1973465276,29530730.416373227,24944552.001846064,120424240.74978119,123430199.84732941,176491688.7326457,113092.88690000009
54.63100441666666,267517.10242753336,193721.5416615,4896.8,2060.0,2836.8,3546.0,12804.366666666669,14155.16666666667,0.0,43.07030005596452,43.47064287626648,45.68058049727711,312506.37038635503,371114.8818774909,528481.5873299603,29530730.416373227,24944552.001846064,120424240.74978119,123430199.84732941,176491688.7326457,113092.88690000009
50.626658333333324,156497.12623999998,65257.76259166666,3091.2,2060.0,1031.2,1289.0,11997.05,13799.25,0.0,42.83240645223916,43.45268274932441,43.98722242431084,277856.55344136804,355645.96119435667,411929.53864576435,29530730.416373227,24944552.001846064,120424240.74978119,123430199.84732941,176491688.7326457,113092.88690000009
49.85587883333333,18722.544364544443,23403.180455680555,375.53333333333336,0.0,375.53333333333336,469.4166666666667,13068.050000000003,12974.16666666667,0.0,43.33198681704972,43.33198681704972,43.36472879148679,323922.6725352178,319854.5211728771,340195.9781171339,29530730.416373227,24944552.001846064,120424240.74978119,123430199.84732941,176491688.7326457,113092.88690000009
44.082806833333336,-92562.13893484445,-2189.446072722222,-2099.733333333333,-2060.0,-39.733333333333334,-49.666666666666664,14093.566666666666,12043.5,0.0,43.47064287626648,42.83240645223916,42.78248720359844,368437.0902763127,279846.1187210746,277718.8690498775,29530730.416373227,24944552.001846064,120424240.74978119,123430199.84732941,176491688.7326457,113092.88690000009
45.70197058333333,-13329.741420138887,-16662.176775173608,-291.6666666666667,0.0,-291.6666666666667,-364.5833333333333,10793.500000000004,10866.41666666667,0.0,41.68592068621894,41.74288961189344,41.26249739275534,226939.6580785325,229979.4852870874,214886.93978893076,29530730.416373227,24944552.001846064,120424240.74978119,123430199.84732941,176491688.7326457,113092.88690000009
44.10557083333333,-120452.31394583333,-36993.54753645833,-2731.0,-2060.0,-671.0,-838.75,12588.41666666667,10696.16666666667,0.0,42.91634031705147,41.26249739275534,40.58304836836191,303228.40582307964,222905.6184489229,188398.97448794052,29530730.416373227,24944552.001846064,120424240.74978119,123430199.84732941,176491688.7326457,113092.88690000009
44.08944333333333,-100568.02024333332,-12179.708720833332,-2281.0,-2060.0,-221.0,-276.25,12859.08333333333,10854.33333333333,0.0,43.26748188019867,41.68592068621894,41.26249739275534,314871.68663347047,229475.55158694385,218033.2052151281,29530730.416373227,24944552.001846064,120424240.74978119,123430199.84732941,176491688.7326457,113092.88690000009
50.28940299999999,16333.998094399998,20417.497617999998,324.8,0.0,324.8,406.0,11328.533333333331,11247.33333333333,0.0,42.51125666287282,42.40901266764902,42.51125666287282,249405.1238598036,245955.82216104696,263212.7800239047,29530730.416373227,24944552.001846064,120424240.74978119,123430199.84732941,176491688.7326457,113092.88690000009
61.763065250000004,236951.94106278336,137150.0333097292,3836.466666666667,2060.0,1776.466666666667,2220.5833333333335,9947.533333333336,11563.41666666667,0.0,41.0323943989871,42.51125666287282,43.45268274932441,192075.20970569958,259390.30952896827,354983.3077824296,29530730.416373227,24944552.001846064,120424240.74978119,123430199.84732941,176491688.7326457,113092.88690000009
49.95860916666667,2461.2941449444447,3076.617681180556,49.26666666666667,0.0,49.26666666666667,61.583333333333336,11780.5,11780.5,12.316666666666663,42.5734071986989,42.5734071986989,42.61638123618729,268622.95270038024,268622.95270038024,271245.2155381931,29530730.416373227,24944552.001846064,120424240.74978119,123430199.84732941,176491688.7326457,113092.88690000009
45.025682249999996,-110708.32354631482,-104020.58241806249,-2458.7817,-610.5817,-1848.2,-2310.25,10111.16666666667,10111.16666666667,148.5317,41.0323943989871,41.0323943989871,34.3729940831512,198789.47717585386,198789.47717585386,109293.96942384259,29530730.416373227,24944552.001846064,120424240.74978119,123430199.84732941,176491688.7326457,113092.88690000009
48.744164000000005,-178042.93342640004,-222553.66678300002,-3652.6000000000004,0.0,-3652.6000000000004,-4565.75,8727.183333333334,9640.333333333334,0.0,38.30957204005018,40.22090622276431,22.24821654467935,143972.48206438177,179614.56601373322,34049.37899223192,29530730.416373227,24944552.001846064,120424240.74978119,123430199.84732941,176491688.7326457,113092.88690000009
52.92247891666667,-99988.20349988893,-261260.63758527781,-1889.333333333334,2060.0,-3949.333333333334,-4936.666666666667,6693.833333333333,9741.166666666666,0.0,29.16858794901584,40.49080452762706,21.83564343694653,75739.49723389432,183685.44130530697,28061.3802624812,29530730.416373227,24944552.001846064,120424240.74978119,123430199.84732941,176491688.7326457,113092.88690000009
50.23094358333335,-119275.04990341117,-278438.49210634734,-2374.5333333333338,2060.0,-4434.533333333334,-5543.166666666667,6324.700000000001,9493.333333333334,0.0,28.84921488755491,39.62459924669454,10.4674747796879,64977.13440374587,173787.399438716,14113.007314575501,29530730.416373227,24944552.001846064,120424240.74978119,123430199.84732941,176491688.7326457,113092.88690000009
49.876022,-226211.03524693332,-282763.7940586666,-4535.466666666666,0.0,-4535.466666666666,-5669.333333333333,8386.466666666667,9520.333333333334,0.0,38.30957204005018,39.62459924669454,10.4674747796879,130919.7723774693,174857.26361837675,13074.982732256458,29530730.416373227,24944552.001846064,120424240.74978119,123430199.84732941,176491688.7326457,113092.88690000009
48.78900291666667,-187284.7191961111,-234105.89899513888,-3838.6666666666665,0.0,-3838.6666666666665,-4798.333333333333,8604.5,9564.166666666666,0.0,38.30957204005018,39.62459924669454,21.83564343694653,139272.53606793488,176594.1418853568,27217.068716252616,29530730.416373227,24944552.001846064,120424240.74978119,123430199.84732941,176491688.7326457,113092.88690000009
40.80481941666667,-226406.90069402225,-177936.21586961113,-5548.533333333334,-2060.0,-3488.5333333333338,-4360.666666666667,10786.783333333333,9692.916666666666,94.0,41.68592068621894,40.49080452762706,22.89605040279659,226659.66764458988,181731.75998684895,39795.22140398688,29530730.416373227,24944552.001846064,120424240.74978119,123430199.84732941,176491688.7326457,113092.88690000009
38.09773466666667,-137984.91526471113,-74379.47731422223,-3621.866666666667,-2060.0,-1561.8666666666668,-1952.3333333333333,11066.116666666667,9572.583333333334,176.0,41.83491847826088,39.62459924669454,31.41026645768025,238322.91373937734,176927.64892901655,103316.93163221063,29530730.416373227,24944552.001846064,120424240.74978119,123430199.84732941,176491688.7326457,113092.88690000009
39.26944166666667,-120698.55590666669,-49754.382591666676,-3073.6,-2060.0,-1013.6,-1267.0,12371.43333333333,10826.83333333333,262.0,42.91634031705147,41.68592068621894,39.62459924669454,293916.27524661785,228329.18876807284,176422.43528862103,29530730.416373227,24944552.001846064,120424240.74978119,123430199.84732941,176491688.7326457,113092.88690000009
52.255268833333325,242060.33997435553,168018.1077221111,4632.266666666666,2060.0,2572.266666666667,3215.3333333333335,11650.983333333337,13067.91666666667,0.0,42.51125666287282,43.33198681704972,44.38564628710655,263112.8785707472,323916.8949369755,464752.6513372148,29530730.416373227,24944552.001846064,120424240.74978119,123430199.84732941,176491688.7326457,113092.88690000009
52.260712250000005,452894.8164059834,431547.18646372925,8666.066666666668,2060.0,6606.0666666666675,8257.583333333334,13312.183333333336,13720.66666666667,0.0,43.33198681704972,43.45268274932441,55.67675215872611,334501.45491682016,352231.30454163905,738508.6563405641,29530730.416373227,24944552.001846064,120424240.74978119,123430199.84732941,176491688.7326457,113092.88690000009
52.030546750000006,413223.1335853835,382550.25910047925,7941.933333333334,2060.0,5881.933333333334,7352.416666666667,13312.316666666662,13901.83333333333,0.0,43.33198681704972,43.45268274932441,52.03736302414699,334507.23251506215,360103.4822330581,700003.5849877626,29530730.416373227,24944552.001846064,120424240.74978119,123430199.84732941,176491688.7326457,113092.88690000009
49.6835785,237702.80073683336,297128.5009210417,4784.333333333334,0.0,4784.333333333334,5980.416666666667,15223.000000000004,14026.91666666667,0.0,43.98722242431084,43.47064287626648,48.93877572472462,417856.81686744036,365539.7719286097,637730.0282823114,29530730.416373227,24944552.001846064,120424240.74978119,123430199.84732941,176491688.7326457,113092.88690000009
50.10420358333334,176841.11640725558,221051.39550906944,3529.4666666666667,0.0,3529.4666666666667,4411.833333333333,15070.199999999997,14187.83333333333,0.0,43.98722242431084,43.47064287626648,47.25513114439278,411135.5692810054,372534.9228781153,569821.6303502787,29530730.416373227,24944552.001846064,120424240.74978119,123430199.84732941,176491688.7326457,113092.88690000009
49.632430166666666,75325.48484961111,94156.85606201389,1517.6666666666667,0.0,1517.6666666666667,1897.0833333333333,14511.999999999996,14132.58333333333,0.0,43.77868185516679,43.47064287626648,44.38564628710655,386652.34672801197,370133.1698592016,453497.1911995757,29530730.416373227,24944552.001846064,120424240.74978119,123430199.84732941,176491688.7326457,113092.88690000009
47.00142716666667,9155.878012066669,11444.847515083335,194.8,0.0,194.8,243.5,13419.11666666667,13375.41666666667,5.0,43.33198681704972,43.33198681704972,43.45268274932441,339135.0887071234,337241.4808832183,347809.9940718953,29530730.416373227,24944552.001846064,120424240.74978119,123430199.84732941,176491688.7326457,113092.88690000009
44.10824383333334,3019.9444277888892,3774.9305347361114,68.46666666666667,0.0,68.46666666666667,85.58333333333333,12025.75,12025.75,17.11666666666666,42.83240645223916,42.83240645223916,42.91634031705147,279085.84350654733,279085.84350654733,282753.7351301529,29530730.416373227,24944552.001846064,120424240.74978119,123430199.84732941,176491688.7326457,113092.88690000009
41.84863716666667,-11792.945953566668,-14741.182441958334,-281.8,0.0,-281.8,-352.25,11275.63333333333,11346.08333333333,0.0,42.49671376146203,42.51125666287282,41.76470396106707,247156.8596136306,250151.196414237,235300.06045237972,29530730.416373227,24944552.001846064,120424240.74978119,123430199.84732941,176491688.7326457,113092.88690000009
40.45051891666666,-11388.169425672222,-14235.211782090277,-281.53333333333336,0.0,-281.53333333333336,-351.9166666666667,9837.45,9907.833333333334,0.0,40.58304836836191,40.91430452303997,39.62459924669454,187588.66628885214,190450.61265511572,176267.23894157165,29530730.416373227,24944552.001846064,120424240.74978119,123430199.84732941,176491688.7326457,113092.88690000009
38.86899491666667,-15376.574389033336,-19220.71798629167,-395.6,0.0,-395.6,-494.5,9447.433333333334,9546.333333333334,0.0,39.62459924669454,39.62459924669454,38.55907774909387,171968.63033329273,175887.5031987908,156475.7367252173,29530730.416373227,24944552.001846064,120424240.74978119,123430199.84732941,176491688.7326457,113092.88690000009
38.446646083333334,-17040.13280693432,-10604.866544652778,-443.21506666666664,-222.5484,-220.66666666666666,-275.8333333333333,9337.381733333334,9210.0,40.0,39.25801034742973,39.25801034742973,38.55907774909387,167642.8978098897,162642.14440461615,151938.61857674055,29530730.416373227,24944552.001846064,120424240.74978119,123430199.84732941,176491688.7326457,113092.88690000009
38.739095416666665,-79595.92804944444,258.2606361111111,-2054.6666666666665,-2060.0,5.333333333333334,6.666666666666667,11848.166666666668,9825.833333333334,39.0,42.61638123618729,40.58304836836191,40.58304836836191,271504.4651907133,187117.22654363967,187387.7801994287,29530730.416373227,24944552.001846064,120424240.74978119,123430199.84732941,176491688.7326457,113092.88690000009
46.818517750000005,40476.16921213334,50595.21151516667,864.5333333333334,0.0,864.5333333333334,1080.6666666666667,11148.800000000003,10967.66666666667,35.0,42.07464540166023,41.76470396106707,42.83240645223916,241789.89921005283,234207.2173653987,280053.1420189272,29530730.416373227,24944552.001846064,120424240.74978119,123430199.84732941,176491688.7326457,113092.88690000009
36.480190416666666,60309.05079683334,-18550.176826875,1653.2,2060.0,-406.8,-508.5,7493.883333333334,9655.583333333334,0.0,30.84323712507074,40.22090622276431,39.02082857194272,99401.8366873112,180227.93483363037,160178.31028812745,29530730.416373227,24944552.001846064,120424240.74978119,123430199.84732941,176491688.7326457,113092.88690000009
31.25642758333333,-100642.08044966194,-86978.82385752082,-3219.8843,-993.6843,-2226.2000000000003,-2782.75,5378.800966666668,5285.666666666667,344.0,23.77147679948855,22.2482325455118,3.693763439498798,40886.28392402141,38745.607585517326,5028.965836265836,29530730.416373227,24944552.001846064,120424240.74978119,123430199.84732941,176491688.7326457,113092.88690000009
18.957298249999997,-130004.09611896666,-113690.07715495833,-6857.733333333334,-2060.0,-4797.733333333334,-5997.166666666667,4272.983333333334,4213.416666666667,801.0,16.2201944516726,13.02871506115528,0.0,17870.76053302184,17063.779247114184,0.0,29530730.416373227,24944552.001846064,120424240.74978119,123430199.84732941,176491688.7326457,113092.88690000009
16.361781583333332,-124514.24863460555,-113511.2232161736,-7610.066666666667,-2060.0,-5550.066666666667,-6937.583333333333,4083.0,4083.0,672.4833333333336,10.4674747796879,10.4674747796879,0.0,15503.436881144042,15503.436881144042,0.0,29530730.416373227,24944552.001846064,120424240.74978119,123430199.84732941,176491688.7326457,113092.88690000009
17.549025333333333,-139374.35919733334,-129029.20876333333,-7942.0,-2060.0,-5882.0,-7352.5,3877.5,3877.5,589.5,10.4674747796879,10.4674747796879,0.0,13352.370813918178,13352.370813918178,0.0,29530730.416373227,24944552.001846064,120424240.74978119,123430199.84732941,176491688.7326457,113092.88690000009
17.66578158333333,-132707.70669154444,-120395.24578734722,-7512.133333333334,-2060.0,-5452.133333333334,-6815.166666666667,4212.133333333334,3779.166666666667,264.0,13.02871506115528,9.712272222084453,0.0,17047.05906278571,12329.589042662848,0.0,29530730.416373227,24944552.001846064,120424240.74978119,123430199.84732941,176491688.7326457,113092.88690000009
20.48120308333333,-132798.75537879442,-113259.3462839097,-6483.933333333333,-2060.0,-4423.933333333333,-5529.916666666667,4329.599999999999,3626.583333333333,251.0,16.95182522142036,9.712272222084453,0.0,18792.60697765346,10847.658172776457,0.0,29530730.416373227,24944552.001846064,120424240.74978119,123430199.84732941,176491688.7326457,113092.88690000009
28.2635915,-155602.3766441,-121724.222692625,-5505.4,-2060.0,-3445.4,-4306.75,4752.066666666667,3766.416666666667,213.0,21.18868464704622,9.712272222084453,0.0,26918.05193834237,12205.757571831273,0.0,29530730.416373227,24944552.001846064,120424240.74978119,123430199.84732941,176491688.7326457,113092.88690000009
23.13364466666667,-95942.93564755557,-60359.53454277778,-4147.333333333334,-2060.0,-2087.3333333333335,-2609.1666666666665,5060.0,4072.833333333333,551.0,22.24821654467935,10.4674747796879,2.783764648076243,33724.92583428867,15397.017554217211,1596.5966711208125,29530730.416373227,24944552.001846064,120424240.74978119,123430199.84732941,176491688.7326457,113092.88690000009
18.228735333333336,-57729.18955164446,-25222.493456222226,-3166.9333333333334,-2060.0,-1106.9333333333334,-1383.6666666666667,6149.849999999999,4865.583333333333,499.0,27.82825381936943,22.13163787326545,8.194301963536885,60024.03207830411,29403.793772479807,9652.98150297862,29530730.416373227,24944552.001846064,120424240.74978119,123430199.84732941,176491688.7326457,113092.88690000009
43.411656083333334,189462.93769969445,125043.65771003472,4364.333333333334,2060.0,2304.3333333333335,2880.4166666666665,5258.333333333332,6742.25,0.0,22.2482325455118,29.16858794901584,39.62459924669454,38137.4892292733,77151.74303375918,178912.18094128845,29530730.416373227,24944552.001846064,120424240.74978119,123430199.84732941,176491688.7326457,113092.88690000009
42.176435,251829.86986033333,314787.3373254166,5970.866666666667,0.0,5970.866666666667,7463.583333333333,8639.633333333333,7317.916666666667,171.0,38.30957204005018,30.24595469255664,43.77868185516679,140618.47903227533,94009.51945474703,398450.70148797956,29530730.416373227,24944552.001846064,120424240.74978119,123430199.84732941,176491688.7326457,113092.88690000009
39.54844716666667,316276.8416812667,293508.8006474167,7997.200000000001,2060.0,5937.200000000001,7421.5,6544.383333333332,7120.083333333333,0.0,29.16858794901584,29.16858794901584,43.77868185516679,71380.25176491388,88172.60784716232,387947.4660662274,29530730.416373227,24944552.001846064,120424240.74978119,123430199.84732941,176491688.7326457,113092.88690000009
37.938340583333336,280306.1647886056,252691.47898367362,7388.466666666667,2060.0,5328.466666666667,6660.583333333333,6427.033333333333,7154.916666666667,0.0,29.16858794901584,29.16858794901584,43.45268274932441,67957.31796909688,89188.64699405305,356352.0672890332,29530730.416373227,24944552.001846064,120424240.74978119,123430199.84732941,176491688.7326457,113092.88690000009
38.96504083333333,234408.49031455556,192675.6327473611,6015.866666666667,2060.0,3955.866666666667,4944.833333333333,5873.549999999999,6944.583333333333,0.0,25.05746204390756,29.16858794901584,42.61638123618729,52870.935940759744,83053.52066211004,273262.39091670595,29530730.416373227,24944552.001846064,120424240.74978119,123430199.84732941,176491688.7326457,113092.88690000009
39.18227583333334,167122.8550360556,108009.20852423614,4265.266666666666,2060.0,2205.266666666667,2756.5833333333335,5388.5666666666675,6897.25,0.0,23.77147679948855,29.16858794901584,40.22090622276431,41118.42903500217,81672.87416585663,180157.54824774052,29530730.416373227,24944552.001846064,120424240.74978119,123430199.84732941,176491688.7326457,113092.88690000009
39.80833808333333,130000.76273413887,59994.482853090274,3265.666666666667,2060.0,1205.6666666666667,1507.0833333333333,4691.166666666666,6449.75,0.0,20.40462700661001,29.16858794901584,35.80690392628222,25650.616545517492,68619.93105867204,114766.79131551692,29530730.416373227,24944552.001846064,120424240.74978119,123430199.84732941,176491688.7326457,113092.88690000009
36.343833666666676,81332.65390151113,8080.445685222225,2237.866666666667,2060.0,177.86666666666667,222.33333333333334,4265.466666666666,6281.0,0.0,16.2201944516726,28.48607008034386,29.16858794901584,17748.838738060087,63727.33466300312,70182.8812296068,29530730.416373227,24944552.001846064,120424240.74978119,123430199.84732941,176491688.7326457,113092.88690000009
33.198643,-3538.9753438,-4423.71917975,-106.60000000000001,0.0,-106.60000000000001,-133.25,5989.85,6016.5,0.0,25.05746204390756,25.05746204390756,25.05746204390756,55785.118776466225,56452.90013993635,53113.993322585666,29530730.416373227,24944552.001846064,120424240.74978119,123430199.84732941,176491688.7326457,113092.88690000009
34.72704733333334,-30300.506366577785,-37875.63295822223,-872.5333333333334,0.0,-872.5333333333334,-1090.6666666666667,5930.366666666667,6148.5,0.0,25.05746204390756,27.82825381936943,22.24821654467935,54294.617409221115,59986.463935647975,33676.72136510852,29530730.416373227,24944552.001846064,120424240.74978119,123430199.84732941,176491688.7326457,113092.88690000009
33.615843000000005,-69743.416967836,-44770.70023550001,-2074.7186666666666,-1009.252,-1065.4666666666667,-1331.8333333333333,6829.718666666667,6086.833333333333,0.0,29.16858794901584,26.93919403515001,21.67543318976655,79703.080530209,58275.44697668919,26981.130235538218,29530730.416373227,24944552.001846064,120424240.74978119,123430199.84732941,176491688.7326457,113092.88690000009
31.651892583333336,-81870.78535605001,-20834.858292979166,-2586.6,-2060.0,-526.6,-658.25,8006.6833333333325,6078.333333333333,0.0,37.44907271349244,26.93919403515001,23.77147679948855,116599.46387124788,58046.46382739041,41867.62674546603,29530730.416373227,24944552.001846064,120424240.74978119,123430199.84732941,176491688.7326457,113092.88690000009
35.01160416666667,1696.8957486111115,2121.1196857638893,48.46666666666667,0.0,48.46666666666667,60.583333333333336,6465.616666666667,6453.5,0.0,29.16858794901584,29.16858794901584,29.16858794901584,69082.73932079643,68729.31326348086,70496.44355005873,29530730.416373227,24944552.001846064,120424240.74978119,123430199.84732941,176491688.7326457,113092.88690000009
38.685898,157185.96169373335,96866.26476716666,4063.133333333333,2060.0,2003.1333333333332,2503.9166666666665,5661.616666666667,7220.833333333333,0.0,24.23153772437706,29.17761940239063,40.49080452762706,47700.238493727535,91111.34699665545,183020.71726431177,29530730.416373227,24944552.001846064,120424240.74978119,123430199.84732941,176491688.7326457,113092.88690000009
37.048186,99516.36735413334,28996.380242666666,2686.133333333333,2060.0,626.1333333333333,782.6666666666666,5435.116666666667,7338.583333333333,0.0,23.77147679948855,30.24595469255664,37.44907271349244,42224.991280018345,94634.60251839319,120889.87930179037,29530730.416373227,24944552.001846064,120424240.74978119,123430199.84732941,176491688.7326457,113092.88690000009
21.737258333333333,-86140.78844992945,-80676.02286597222,-3962.8175333333334,-993.6842,-2969.133333333333,-3711.4166666666665,4984.5,4984.5,251.40086666666684,22.24821654467935,22.24821654467935,2.060058126766485,32045.185485165373,32045.185485165373,1109.9923104985255,29530730.416373227,24944552.001846064,120424240.74978119,123430199.84732941,176491688.7326457,113092.88690000009
14.37692725,-101519.31715951666,-89878.55878064582,-7061.266666666666,-2060.0,-5001.266666666666,-6251.583333333333,4530.583333333333,4530.583333333333,809.6833333333334,18.81569696620917,18.81569696620917,0.0,22474.3301907588,22474.3301907588,0.0,29530730.416373227,24944552.001846064,120424240.74978119,123430199.84732941,176491688.7326457,113092.88690000009
18.191801666666667,-143558.78367233335,-132604.59029875,-7891.400000000001,-2060.0,-5831.400000000001,-7289.25,4143.333333333333,4143.333333333333,602.1500000000005,13.02871506115528,13.02871506115528,0.0,16150.683466578212,16150.683466578212,0.0,29530730.416373227,24944552.001846064,120424240.74978119,123430199.84732941,176491688.7326457,113092.88690000009
21.502657499999998,-180721.2352245,-170532.200968125,-8404.6,-2060.0,-6344.6,-7930.75,4027.833333333333,4027.833333333333,473.85000000000036,10.4674747796879,10.4674747796879,0.0,14925.981189131257,14925.981189131257,0.0,29530730.416373227,24944552.001846064,120424240.74978119,123430199.84732941,176491688.7326457,113092.88690000009
16.49473175,-130018.0735462,-120048.65767649999,-7882.400000000001,-2060.0,-5822.400000000001,-7278.0,4040.1500000000005,3768.75,333.0,10.4674747796879,9.712272222084453,0.0,15054.905586834422,12228.419540349467,0.0,29530730.416373227,24944552.001846064,120424240.74978119,123430199.84732941,176491688.7326457,113092.88690000009
12.661513833333332,-56038.172024488886,-70047.7150306111,-4425.866666666667,0.0,-4425.866666666667,-5532.333333333333,2737.4500000000007,3843.916666666667,0.0,3.732936195932348,10.4674747796879,0.0,5897.664067780913,13000.838119233664,0.0,29530730.416373227,24944552.001846064,120424240.74978119,123430199.84732941,176491688.7326457,113092.88690000009
20.776876333333334,-93056.85884682223,-62820.61700019445,-4478.866666666667,-2060.0,-2418.866666666667,-3023.5833333333335,4806.533333333333,4101.25,750.0,21.83564343694653,10.4674747796879,2.060058126766485,28105.779404136338,15694.468295873347,707.422618226241,29530730.416373227,24944552.001846064,120424240.74978119,123430199.84732941,176491688.7326457,113092.88690000009
20.788608749999998,-57055.02966799999,-17788.11955375,-2744.5333333333333,-2060.0,-684.5333333333333,-855.6666666666666,5915.283333333334,4572.416666666667,546.0,25.05746204390756,19.63908329735679,9.712272222084453,53916.66735672552,23278.55480957634,11723.38138480108,29530730.416373227,24944552.001846064,120424240.74978119,123430199.84732941,176491688.7326457,113092.88690000009
14.09453525,-9890.605202766666,-12363.256503458333,-701.7333333333333,0.0,-701.7333333333333,-877.1666666666666,4983.233333333334,5158.666666666667,0.0,22.24821654467935,22.24821654467935,16.2201944516726,32017.004410875452,35920.08320003037,18008.902522435244,29530730.416373227,24944552.001846064,120424240.74978119,123430199.84732941,176491688.7326457,113092.88690000009
30.016027750000003,-19998.67875556666,52292.923011791674,-666.2666666666664,-2060.0,1393.7333333333336,1742.1666666666667,8754.933333333334,6545.5,199.0,38.30957204005018,29.16858794901584,37.86539448553231,145035.57268849315,71412.82335479031,127156.44508568266,29530730.416373227,24944552.001846064,120424240.74978119,123430199.84732941,176491688.7326457,113092.88690000009
36.80412775,183902.8655412,229878.5819265,4996.8,0.0,4996.8,6246.0,8772.866666666667,7534.666666666667,11.0,38.46888733201707,30.89586360193405,43.45268274932441,145723.19110134445,100661.04357157227,354838.4655065984,29530730.416373227,24944552.001846064,120424240.74978119,123430199.84732941,176491688.7326457,113092.88690000009
36.60986966666667,188184.49271857776,235230.61589822223,5140.266666666666,0.0,5140.266666666666,6425.333333333333,8776.566666666666,7491.5,0.0,38.46888733201707,30.84323712507074,43.45268274932441,145865.5259844729,99328.32697216308,360755.272474298,29530730.416373227,24944552.001846064,120424240.74978119,123430199.84732941,176491688.7326457,113092.88690000009
39.612103833333336,280683.44534223335,248853.13930695836,7085.8,2060.0,5025.8,6282.25,6984.033333333333,7787.583333333333,0.0,29.16858794901584,34.3729940831512,43.47064287626648,84204.22145669871,108835.66283606712,367405.38701871596,29530730.416373227,24944552.001846064,120424240.74978119,123430199.84732941,176491688.7326457,113092.88690000009
40.31030991666667,272503.06974465563,236829.78914540278,6760.133333333334,2060.0,4700.133333333334,5875.166666666667,6955.283333333333,7840.25,0.0,29.16858794901584,34.3729940831512,43.45268274932441,83365.6245531645,110645.97385777977,352003.17795720504,29530730.416373227,24944552.001846064,120424240.74978119,123430199.84732941,176491688.7326457,113092.88690000009
39.67897324999999,221265.82643129997,174408.92692037497,5576.4,2060.0,3516.4,4395.5,6605.016666666667,7785.916666666667,0.0,29.16858794901584,34.3729940831512,42.91634031705147,73148.84048088925,108778.37451259523,285761.4553140396,29530730.416373227,24944552.001846064,120424240.74978119,123430199.84732941,176491688.7326457,113092.88690000009
38.65251041666667,139962.67284427086,100023.03383072918,3621.05,1550.85,2070.2000000000003,2587.75,6833.283333333333,7866.583333333333,0.0,29.16858794901584,34.84042802052038,41.26249739275534,79807.05682338457,111562.62045292972,212926.97116277472,29530730.416373227,24944552.001846064,120424240.74978119,123430199.84732941,176491688.7326457,113092.88690000009
38.59963708333333,36368.57805991666,45460.72257489583,942.2,-0.0,942.2,1177.75,8800.633333333333,8565.083333333334,0.0,38.46888733201707,38.30957204005018,40.49080452762706,146791.34387293013,137762.50043668962,183752.92597951973,29530730.416373227,24944552.001846064,120424240.74978119,123430199.84732941,176491688.7326457,113092.88690000009
38.14906391666666,94996.25569435555,20511.480032527776,2490.133333333333,2060.0,430.1333333333333,537.6666666666666,6696.033333333333,8648.5,0.0,29.16858794901584,38.30957204005018,39.1445502867625,75803.66812738215,140958.1572376971,161707.44065850796,29530730.416373227,24944552.001846064,120424240.74978119,123430199.84732941,176491688.7326457,113092.88690000009
38.72858275,80550.28830896667,961.7598049583333,2079.866666666667,2060.0,19.866666666666667,24.833333333333332,6620.133333333333,8675.166666666666,0.0,29.16858794901584,38.30957204005018,38.30957204005018,73589.77230205186,141979.74582543175,142931.1001977597,29530730.416373227,24944552.001846064,120424240.74978119,123430199.84732941,176491688.7326457,113092.88690000009
37.10409691666667,-4264.497538955556,-5330.621923694444,-114.93333333333334,-0.0,-114.93333333333334,-143.66666666666666,8490.266666666666,8519.0,0.0,38.30957204005018,38.30957204005018,38.30957204005018,134896.30595522647,135997.0676585106,130493.25914209009,29530730.416373227,24944552.001846064,120424240.74978119,123430199.84732941,176491688.7326457,113092.88690000009
37.05185566666667,-8917.146597111112,-11146.43324638889,-240.66666666666666,-0.0,-240.66666666666666,-300.8333333333333,8411.75,8471.916666666666,0.0,38.30957204005018,38.30957204005018,37.44907271349244,131888.36605721523,134193.32530829156,122756.09142534605,29530730.416373227,24944552.001846064,120424240.74978119,123430199.84732941,176491688.7326457,113092.88690000009
35.580618416666674,17334.877292600006,21668.596615750004,487.20000000000005,0.0,487.20000000000005,609.0,8325.55,8203.75,0.0,37.86539448553231,37.44907271349244,38.46888733201707,128590.91244677624,123979.42780065349,147257.45855776974,29530730.416373227,24944552.001846064,120424240.74978119,123430199.84732941,176491688.7326457,113092.88690000009
36.95057525000001,42466.06444898334,53082.58056122917,1149.2666666666667,-0.0,1149.2666666666667,1436.5833333333333,8339.066666666666,8051.75,0.0,38.2073287836733,37.44907271349244,39.62459924669454,129107.19430373472,118287.16874820263,173589.2764424825,29530730.416373227,24944552.001846064,120424240.74978119,123430199.84732941,176491688.7326457,113092.88690000009
39.98638025,95426.16358728334,16317.775340354166,2386.4666666666667,2060.0,326.4666666666667,408.0833333333333,6448.616666666667,8427.0,0.0,29.16858794901584,38.30957204005018,38.55907774909387,68586.87332566317,132472.587030826,148118.0566231012,29530730.416373227,24944552.001846064,120424240.74978119,123430199.84732941,176491688.7326457,113092.88690000009
25.942981083333326,-120863.16027103331,-84275.77404920831,-4658.8,-2060.0,-2598.8,-3248.5,7388.216666666667,6067.916666666667,90.0,30.72230215827338,26.03250564985699,3.732936195932348,96147.71222120206,57771.77399453182,6203.640404640833,29530730.416373227,24944552.001846064,120424240.74978119,123430199.84732941,176491688.7326457,113092.88690000009
25.341306083333333,-155158.05946662778,-128693.7111687014,-6122.733333333334,-2060.0,-4062.7333333333336,-5078.416666666667,5350.15,4506.833333333333,201.0,23.46737774244482,18.81569696620917,0.0,40210.962324833774,22027.457387811333,0.0,29530730.416373227,24944552.001846064,120424240.74978119,123430199.84732941,176491688.7326457,113092.88690000009
24.316945333333333,-178692.26221715557,-160749.1935381111,-7348.466666666667,-2060.0,-5288.466666666667,-6610.583333333333,4799.800000000001,4267.916666666667,206.0,21.83564343694653,16.2201944516726,0.0,27958.7527383276,17788.5782144667,0.0,29530730.416373227,24944552.001846064,120424240.74978119,123430199.84732941,176491688.7326457,113092.88690000009
28.003950416666665,-211401.82169541664,-192142.10479635416,-7549.0,-2060.0,-5489.0,-6861.25,4949.75,4454.0,192.0,22.24821654467935,18.44164886398207,0.0,31272.059960237766,21048.67710335468,0.0,29530730.416373227,24944552.001846064,120424240.74978119,123430199.84732941,176491688.7326457,113092.88690000009
21.305278833333336,-155220.31911621115,-139164.3058994306,-7285.533333333334,-2060.0,-5225.533333333334,-6531.916666666667,4747.45,4173.833333333333,180.0,21.18868464704622,13.02871506115528,0.0,26820.23084422184,16548.059275943448,0.0,29530730.416373227,24944552.001846064,120424240.74978119,123430199.84732941,176491688.7326457,113092.88690000009
26.473046833333328,-181564.50927152217,-158787.5409935694,-6858.466666666666,-2060.0,-4798.466666666666,-5998.083333333333,4715.383333333333,4068.0,213.0,20.49618801990894,10.4674747796879,0.0,26145.745085222316,15346.424759448724,0.0,29530730.416373227,24944552.001846064,120424240.74978119,123430199.84732941,176491688.7326457,113092.88690000009
20.572234333333334,-103405.65013535556,-76283.55926086112,-5026.466666666667,-2060.0,-2966.466666666667,-3708.0833333333335,4933.716666666667,3851.333333333333,236.0,22.24821654467935,10.4674747796879,0.02453594536925209,30915.346888304754,13078.471890516343,3.5147741741453506,29530730.416373227,24944552.001846064,120424240.74978119,123430199.84732941,176491688.7326457,113092.88690000009
28.443977916666668,-69365.88237492171,-51376.93511197917,-2438.6843,-993.6843,-1445.0,-1806.25,5033.517633333333,4679.083333333333,278.0,22.24821654467935,20.40462700661001,3.732936195932348,33135.740406073055,25404.060635854297,6403.041413106884,29530730.416373227,24944552.001846064,120424240.74978119,123430199.84732941,176491688.7326457,113092.88690000009
27.75794683333333,-69091.38019795556,-14887.512151611112,-2489.0666666666666,-2060.0,-429.0666666666667,-536.3333333333334,7023.233333333334,5262.5,192.0,29.16858794901584,22.2482325455118,21.18868464704622,85347.63010430016,38230.19019821296,26369.26500598388,29530730.416373227,24944552.001846064,120424240.74978119,123430199.84732941,176491688.7326457,113092.88690000009
37.36089675,70649.45575425,88311.81969281251,1891.0,0.0,1891.0,2363.75,7036.75,6575.0,11.0,29.16858794901584,29.16858794901584,38.55907774909387,85741.89218474434,72273.29669928628,152115.34768309057,29530730.416373227,24944552.001846064,120424240.74978119,123430199.84732941,176491688.7326457,113092.88690000009
40.6304535,280583.07708340004,246105.42859175,6905.733333333334,2060.0,4845.733333333334,6057.166666666667,6545.766666666666,7394.333333333333,0.0,29.16858794901584,30.72230215827338,43.36472879148679,71420.60164491004,96335.6303027368,340539.2822200664,29530730.416373227,24944552.001846064,120424240.74978119,123430199.84732941,176491688.7326457,113092.88690000009
37.28300708333334,187777.10794211115,234721.38492763892,5036.533333333334,0.0,5036.533333333334,6295.666666666667,8595.3,7336.166666666667,0.0,38.30957204005018,30.24595469255664,43.45268274932441,138920.0880051664,94561.50812788619,348371.25789074064,29530730.416373227,24944552.001846064,120424240.74978119,123430199.84732941,176491688.7326457,113092.88690000009
36.93734483333333,192852.33986448887,241065.42483061107,5221.066666666667,0.0,5221.066666666667,6526.333333333333,8445.849999999999,7140.583333333333,0.0,38.30957204005018,29.16858794901584,43.45268274932441,133194.72246378087,88770.56390011715,349895.7228438627,29530730.416373227,24944552.001846064,120424240.74978119,123430199.84732941,176491688.7326457,113092.88690000009
41.1171955,259698.9479243667,218746.90649295834,6316.066666666667,2060.0,4256.066666666667,5320.083333333333,6502.849999999999,7498.833333333333,0.0,29.16858794901584,30.84323712507074,43.26748188019867,70168.78307876477,99554.51071108026,313133.7761112826,29530730.416373227,24944552.001846064,120424240.74978119,123430199.84732941,176491688.7326457,113092.88690000009
39.634367499999996,120464.69657949999,150580.87072437498,3039.4,0.0,3039.4,3799.25,8317.933333333332,7558.083333333333,0.0,37.86539448553231,30.89586360193405,42.51125666287282,128302.5043587781,101384.52171091754,250629.4480516944,29530730.416373227,24944552.001846064,120424240.74978119,123430199.84732941,176491688.7326457,113092.88690000009
40.564466083333336,153831.27257895557,123836.55420806946,3792.266666666667,1350.0,2442.266666666667,3052.8333333333335,6840.983333333334,7580.416666666667,0.0,29.16858794901584,30.89586360193405,41.26249739275534,80031.65495059201,102074.52933136075,220309.5196546286,29530730.416373227,24944552.001846064,120424240.74978119,123430199.84732941,176491688.7326457,113092.88690000009
40.54149641666667,64398.81567466111,80498.51959332639,1588.4666666666667,0.0,1588.4666666666667,1985.5833333333333,7952.7,7555.583333333333,0.0,35.80690392628222,30.89586360193405,39.62459924669454,114618.78944595496,101307.28205191271,175682.77610268284,29530730.416373227,24944552.001846064,120424240.74978119,123430199.84732941,176491688.7326457,113092.88690000009
41.16649091666667,118586.93816727778,42229.958598680554,2880.6666666666665,2060.0,820.6666666666666,1025.8333333333333,5673.666666666667,7528.5,0.0,24.23153772437706,30.89586360193405,38.30957204005018,47992.22852330629,100470.51907936034,137350.67253725906,29530730.416373227,24944552.001846064,120424240.74978119,123430199.84732941,176491688.7326457,113092.88690000009
42.52889425,106931.81644258334,24152.867859479164,2514.3333333333335,2060.0,454.3333333333333,567.9166666666666,5445.333333333333,7391.75,0.0,23.77147679948855,30.72230215827338,35.80690392628222,42467.85653465311,96256.26435549461,114868.24420997474,29530730.416373227,24944552.001846064,120424240.74978119,123430199.84732941,176491688.7326457,113092.88690000009
42.16466725000001,90221.14400373335,4202.411835916668,2139.7333333333336,2060.0,79.73333333333335,99.66666666666667,5274.933333333333,7315.0,0.0,22.2482325455118,30.24595469255664,30.72230215827338,38506.80988952883,93921.30208689373,96960.31711328839,29530730.416373227,24944552.001846064,120424240.74978119,123430199.84732941,176491688.7326457,113092.88690000009
38.88503716666667,-3847.0263436888895,-4808.782929611112,-98.93333333333334,0.0,-98.93333333333334,-123.66666666666667,7210.016666666666,7234.75,0.0,29.16858794901584,29.41242534075246,29.16858794901584,90795.83619004382,91519.00231532028,87910.09055562118,29530730.416373227,24944552.001846064,120424240.74978119,123430199.84732941,176491688.7326457,113092.88690000009
40.849935583333334,-1563.1908683222225,-1953.988585402778,-38.26666666666667,0.0,-38.26666666666667,-47.833333333333336,7324.35,7333.916666666667,0.0,30.24595469255664,30.24595469255664,30.04078906103602,94204.10176326915,94493.45472982794,93052.38162392871,29530730.416373227,24944552.001846064,120424240.74978119,123430199.84732941,176491688.7326457,113092.88690000009
43.16810225,118260.45505061666,36667.70551952083,2739.5333333333333,2060.0,679.5333333333333,849.4166666666666,5340.883333333333,7231.0,0.0,23.13939496565862,29.36704108131785,37.44907271349244,39994.97934662895,91408.7102587184,119360.70883265609,29530730.416373227,24944552.001846064,120424240.74978119,123430199.84732941,176491688.7326457,113092.88690000009
44.1391085,-15051.4359985,-18814.294998125,-341.0,0.0,-341.0,-426.25,6765.333333333333,6850.583333333333,0.0,29.16858794901584,29.16858794901584,29.16858794901584,77825.05127224895,80311.67339490255,67878.56278163455,29530730.416373227,24944552.001846064,120424240.74978119,123430199.84732941,176491688.7326457,113092.88690000009
17.68450825,-36211.97805991667,-70978.24757039583,-2047.6666666666667,1163.2,-3210.866666666667,-4013.5833333333335,2201.833333333333,4167.75,0.0,3.487363192876509,13.02871506115528,0.02453594536925209,3936.704691098243,16468.801259321423,3.782624911093027,29530730.416373227,24944552.001846064,120424240.74978119,123430199.84732941,176491688.7326457,113092.88690000009
14.01064025,-98161.34771955002,-86624.28600568749,-7006.200000000001,-2060.0,-4946.200000000001,-6182.75,3465.7833333333338,3320.333333333333,678.0,8.194301963536885,7.289967955911917,0.0,9520.780097966901,8361.625623979558,0.0,29530730.416373227,24944552.001846064,120424240.74978119,123430199.84732941,176491688.7326457,113092.88690000009
10.746710916666666,-84580.19715113888,-78052.46582850695,-7870.333333333334,-2060.0,-5810.333333333334,-7262.916666666667,3084.0,3084.0,607.416666666667,4.180349717762359,4.180349717762359,0.0,7259.543668560343,7259.543668560343,0.0,29530730.416373227,24944552.001846064,120424240.74978119,123430199.84732941,176491688.7326457,113092.88690000009
10.6616725,-91086.93283650001,-86404.859358125,-8543.400000000001,-2060.0,-6483.400000000001,-8104.25,3094.166666666667,3094.166666666667,439.15000000000146,4.180349717762359,4.180349717762359,0.0,7302.043890690928,7302.043890690928,0.0,29530730.416373227,24944552.001846064,120424240.74978119,123430199.84732941,176491688.7326457,113092.88690000009
9.106568833333332,-68254.34051042222,-61868.510892194434,-7495.066666666667,-2060.0,-5435.066666666667,-6793.833333333333,3131.333333333333,3131.333333333333,701.2333333333336,4.180349717762359,4.180349717762359,0.0,7457.413555201093,7457.413555201093,0.0,29530730.416373227,24944552.001846064,120424240.74978119,123430199.84732941,176491688.7326457,113092.88690000009
8.826715833333335,-58873.017712888904,-50862.47887027778,-6669.866666666667,-2060.0,-4609.866666666667,-5762.333333333333,3153.916666666667,3153.916666666667,907.5333333333338,4.180349717762359,4.180349717762359,0.0,7551.819786327229,7551.819786327229,0.0,29530730.416373227,24944552.001846064,120424240.74978119,123430199.84732941,176491688.7326457,113092.88690000009
9.055388833333334,-47281.20356177778,-35783.87820638889,-5221.333333333334,-2060.0,-3161.3333333333335,-3951.6666666666665,3586.0833333333344,3281.416666666667,965.0,8.194301963536885,4.440056619651124,0.0,10506.554624180393,8100.19335238211,0.0,29530730.416373227,24944552.001846064,120424240.74978119,123430199.84732941,176491688.7326457,113092.88690000009
8.866798083333332,-12679.521259166666,-15849.401573958332,-1430.0,0.0,-1430.0,-1787.5,3007.166666666667,3364.666666666667,0.0,4.180349717762359,8.194301963536885,3.026194054803325,6938.353465245602,8692.199597753928,1913.0064935700245,29530730.416373227,24944552.001846064,120424240.74978119,123430199.84732941,176491688.7326457,113092.88690000009
15.196368916666666,-41725.17668012222,-13025.82088973611,-2745.7333333333336,-2060.0,-685.7333333333333,-857.1666666666666,5221.5666666666675,4268.0,935.0,22.24821654467935,16.2201944516726,8.194301963536885,37319.49602069071,17789.929897337664,9070.503205070547,29530730.416373227,24944552.001846064,120424240.74978119,123430199.84732941,176491688.7326457,113092.88690000009
37.75606783333334,36301.200686155564,45376.50085769445,961.4666666666667,0.0,961.4666666666667,1201.8333333333333,5685.783333333334,5649.416666666667,204.0,24.23153772437706,24.23153772437706,29.16858794901584,48285.83398873332,47404.61373349014,80331.11912020191,29530730.416373227,24944552.001846064,120424240.74978119,123430199.84732941,176491688.7326457,113092.88690000009
43.08600066666667,316506.8884972889,284687.1589049445,7345.933333333334,2060.0,5285.933333333334,6607.416666666667,5880.566666666666,6619.083333333333,0.0,25.05746204390756,29.16858794901584,43.33198681704972,53046.75579943449,73559.14528470539,330788.6258463792,29530730.416373227,24944552.001846064,120424240.74978119,123430199.84732941,176491688.7326457,113092.88690000009
41.85948858333334,325186.8323759112,298695.3573678056,7768.533333333334,2060.0,5708.533333333334,7135.666666666667,6025.216666666666,6658.083333333333,0.0,25.30788209323464,29.16858794901584,43.45268274932441,56672.06949217587,74696.720214717,355406.9714392354,29530730.416373227,24944552.001846064,120424240.74978119,123430199.84732941,176491688.7326457,113092.88690000009
40.05759,222287.578428,277859.473035,5549.200000000001,0.0,5549.200000000001,6936.5,7993.133333333332,6605.833333333333,0.0,37.44907271349244,29.16858794901584,43.42660816292739,116092.02893598005,73172.66149438093,344482.7086506196,29530730.416373227,24944552.001846064,120424240.74978119,123430199.84732941,176491688.7326457,113092.88690000009
42.301325416666664,289927.6442291111,253483.6423384722,6853.866666666667,2060.0,4793.866666666667,5992.333333333333,6151.216666666666,7012.75,0.0,27.82825381936943,29.16858794901584,43.33198681704972,60062.06402519058,85041.84607396796,321194.201765304,29530730.416373227,24944552.001846064,120424240.74978119,123430199.84732941,176491688.7326457,113092.88690000009
43.59040875,224975.91161324998,168974.5869853125,5161.133333333333,2060.0,3101.133333333333,3876.4166666666665,5624.866666666667,6909.583333333333,0.0,24.23153772437706,29.16858794901584,41.68592068621894,46809.72948235668,82032.6200838945,226627.0136733857,29530730.416373227,24944552.001846064,120424240.74978119,123430199.84732941,176491688.7326457,113092.88690000009
41.106611333333326,164283.9424140444,99505.4038342222,3996.5333333333333,2060.0,1936.5333333333333,2420.6666666666665,5716.466666666666,7292.333333333333,0.0,24.3685074939332,30.04078906103602,40.49080452762706,49029.8258505036,93240.13655556015,182544.95031111216,29530730.416373227,24944552.001846064,120424240.74978119,123430199.84732941,176491688.7326457,113092.88690000009
41.1355525,116811.25724916668,40090.02387395834,2839.666666666667,2060.0,779.6666666666667,974.5833333333334,6075.666666666666,7940.75,0.0,26.35831003535668,35.80690392628222,38.55907774909387,57975.24181641516,114190.89694403589,151212.42261246598,29530730.416373227,24944552.001846064,120424240.74978119,123430199.84732941,176491688.7326457,113092.88690000009
37.56467191666667,-33373.841919316124,-4776.974112069445,-888.4369333333334,-786.7036,-101.73333333333335,-127.16666666666667,9104.186933333332,8342.916666666666,0.0,39.02082857194272,38.2073287836733,37.86539448553231,158504.4572173739,129254.29251955188,124433.29213226482,29530730.416373227,24944552.001846064,120424240.74978119,123430199.84732941,176491688.7326457,113092.88690000009
39.286904416666665,-23307.61082692778,-29134.513533659723,-593.2666666666668,0.0,-593.2666666666668,-741.5833333333334,8548.849999999999,8697.166666666666,0.0,38.30957204005018,38.30957204005018,35.80690392628222,137140.60838390604,142822.55641031286,114722.03268560907,29530730.416373227,24944552.001846064,120424240.74978119,123430199.84732941,176491688.7326457,113092.88690000009
35.931942416666665,-97512.10533035,-29365.379940020834,-2713.8,-2060.0,-653.8000000000001,-817.25,10974.883333333335,9078.333333333334,0.0,41.76470396106707,38.55907774909387,37.86539448553231,234508.6193123177,157497.5522855683,126149.85668227564,29530730.416373227,24944552.001846064,120424240.74978119,123430199.84732941,176491688.7326457,113092.88690000009
38.45609716666667,-8780.808853055558,-10976.011066319446,-228.33333333333337,0.0,-228.33333333333337,-285.4166666666667,9133.0,9190.083333333334,0.0,39.02082857194272,39.1445502867625,38.55907774909387,159628.76695240592,161860.7568137978,150801.12578314234,29530730.416373227,24944552.001846064,120424240.74978119,123430199.84732941,176491688.7326457,113092.88690000009
41.60283558333333,114479.90943584444,35972.585167722216,2751.7333333333336,2060.0,691.7333333333333,864.6666666666666,7593.016666666666,9480.083333333334,0.0,30.93173588742462,39.62459924669454,41.26249739275534,102463.84650844493,173262.3734986973,208405.28915681868,29530730.416373227,24944552.001846064,120424240.74978119,123430199.84732941,176491688.7326457,113092.88690000009
41.15777083333334,85342.00974861112,106677.51218576389,2073.5333333333333,0.0,2073.5333333333333,2591.9166666666665,10404.8,9886.416666666666,0.0,41.26249739275534,40.58304836836191,42.91634031705147,210883.1021252536,189575.88289062286,298504.0320265107,29530730.416373227,24944552.001846064,120424240.74978119,123430199.84732941,176491688.7326457,113092.88690000009
41.8598545,95998.59965333332,12209.124229166666,2293.3333333333335,2060.0,233.33333333333337,291.6666666666667,7570.999999999999,9572.666666666666,0.0,30.89586360193405,39.62459924669454,40.58304836836191,101783.59328244251,176930.9509789537,188679.67390582152,29530730.416373227,24944552.001846064,120424240.74978119,123430199.84732941,176491688.7326457,113092.88690000009
37.651020249999995,-91399.10669088332,-114248.88336360414,-2427.5333333333333,0.0,-2427.5333333333333,-3034.4166666666665,5948.616666666667,6555.5,0.0,25.05746204390756,29.16858794901584,8.194301963536885,54751.91609152243,71704.50923428047,9973.924996550488,29530730.416373227,24944552.001846064,120424240.74978119,123430199.84732941,176491688.7326457,113092.88690000009
32.32616541666666,-199372.70274613888,-165976.00248475693,-6167.533333333334,-2060.0,-4107.533333333334,-5134.416666666667,5762.283333333334,5480.166666666667,751.0,24.43852305578935,24.23153772437706,0.04855599279663841,50149.29813308254,43303.42597363932,11.335683743421036,29530730.416373227,24944552.001846064,120424240.74978119,123430199.84732941,176491688.7326457,113092.88690000009
30.107413833333336,-210063.44063701114,-185052.71017543058,-6977.133333333334,-2060.0,-4917.133333333334,-6146.416666666667,5174.5,5174.5,830.7166666666672,22.24821654467935,22.24821654467935,0.0,36272.34662865445,36272.34662865445,0.0,29530730.416373227,24944552.001846064,120424240.74978119,123430199.84732941,176491688.7326457,113092.88690000009
30.594630750000004,-210690.9444809,-184582.50641987502,-6886.533333333334,-2060.0,-4826.533333333334,-6033.166666666667,4767.783333333334,4718.416666666667,804.0,21.83564343694653,20.49618801990894,0.0,27259.648220954678,26207.91685554938,0.0,29530730.416373227,24944552.001846064,120424240.74978119,123430199.84732941,176491688.7326457,113092.88690000009
32.490151583333336,-219460.14389488893,-190663.03954152777,-6754.666666666667,-2060.0,-4694.666666666667,-5868.333333333333,5170.916666666667,4545.583333333333,261.0,22.24821654467935,18.81569696620917,0.0,36192.62385270269,22756.565645251936,0.0,29530730.416373227,24944552.001846064,120424240.74978119,123430199.84732941,176491688.7326457,113092.88690000009
24.095061083333334,-153448.59334050555,-129765.9593860486,-6368.466666666666,-2060.0,-4308.466666666666,-5385.583333333333,5445.633333333333,4500.75,38.0,23.77147679948855,18.81569696620917,0.0,42474.98797769296,21912.995231266897,0.0,29530730.416373227,24944552.001846064,120424240.74978119,123430199.84732941,176491688.7326457,113092.88690000009
25.938885749999997,-128447.63297494999,-93766.91041243749,-4951.933333333333,-2060.0,-2891.9333333333334,-3614.9166666666665,5827.266666666666,4500.25,10.0,24.43852305578935,18.81569696620917,1.37689781415482,51737.39482299124,21903.587382783793,378.64228779701443,29530730.416373227,24944552.001846064,120424240.74978119,123430199.84732941,176491688.7326457,113092.88690000009
28.753814750000004,-117137.29052855002,-72380.5401794375,-4073.8,-2060.0,-2013.8000000000002,-2517.25,6376.216666666667,4980.666666666667,161.0,29.16858794901584,22.24821654467935,3.693763439498798,66475.06755815442,31959.900655077443,4883.062180405634,29530730.416373227,24944552.001846064,120424240.74978119,123430199.84732941,176491688.7326457,113092.88690000009
25.952138583333333,-81015.65608687777,-34442.81325651389,-3121.7333333333336,-2060.0,-1061.7333333333333,-1327.1666666666667,7771.983333333334,6138.416666666667,161.0,34.14368798073796,27.82825381936943,21.83564343694653,108299.96085700775,59705.86237630268,28208.77085568061,29530730.416373227,24944552.001846064,120424240.74978119,123430199.84732941,176491688.7326457,113092.88690000009
38.217604666666666,47570.726448755566,59463.40806094445,1244.7333333333336,0.0,1244.7333333333336,1555.9166666666667,8518.266666666666,8225.083333333334,18.0,38.30957204005018,37.86539448553231,40.49080452762706,135968.97397234789,124786.70248079648,185298.32501899078,29530730.416373227,24944552.001846064,120424240.74978119,123430199.84732941,176491688.7326457,113092.88690000009
39.91507308333333,299740.91081685555,271894.8253314861,7509.466666666667,2060.0,5449.466666666667,6811.833333333333,8697.95,9395.583333333334,0.0,38.30957204005018,39.28120655037132,44.38564628710655,142852.5655750776,169927.8019541465,461386.7398271091,29530730.416373227,24944552.001846064,120424240.74978119,123430199.84732941,176491688.7326457,113092.88690000009
39.39324741666667,210651.45123588337,263314.3140448542,5347.400000000001,0.0,5347.400000000001,6684.25,10579.516666666666,9242.666666666666,0.0,41.26249739275534,39.25801034742973,44.36177173256092,218092.34812805784,163924.57274263215,448938.93400147726,29530730.416373227,24944552.001846064,120424240.74978119,123430199.84732941,176491688.7326457,113092.88690000009
35.76983066666667,101550.54926266668,219045.50054500002,2839.0,-2060.0,4899.0,6123.75,12196.083333333334,8911.333333333334,0.0,42.91634031705147,38.55907774909387,43.98722242431084,286390.894972023,151058.1863014696,409590.8846535385,29530730.416373227,24944552.001846064,120424240.74978119,123430199.84732941,176491688.7326457,113092.88690000009
38.069570250000005,159465.81586320003,199332.26982900003,4188.8,0.0,4188.8,5236.0,10018.783333333333,8971.583333333334,0.0,41.0323943989871,38.55907774909387,43.47064287626648,194998.76780662726,153381.3707358525,373393.46807492175,29530730.416373227,24944552.001846064,120424240.74978119,123430199.84732941,176491688.7326457,113092.88690000009
39.18419083333333,107077.98522040278,121487.31832951387,2732.6833333333334,252.35,2480.3333333333335,3100.4166666666665,9485.9,9118.166666666666,0.0,39.62459924669454,39.02082857194272,42.91634031705147,173492.85658431554,159049.9579952554,287356.5126291566,29530730.416373227,24944552.001846064,120424240.74978119,123430199.84732941,176491688.7326457,113092.88690000009
39.29274325,81692.23273296669,102115.29091620834,2079.066666666667,0.0,2079.066666666667,2598.8333333333335,9576.016666666666,9056.25,0.0,39.62459924669454,38.55907774909387,42.51125666287282,177063.69338643015,156646.0393186091,263287.1747230649,29530730.416373227,24944552.001846064,120424240.74978119,123430199.84732941,176491688.7326457,113092.88690000009
39.488625166666665,34744.72499664444,43430.90624580555,879.8666666666667,0.0,879.8666666666667,1099.8333333333333,8764.883333333333,8544.916666666666,0.0,38.30957204005018,38.30957204005018,40.22090622276431,145416.7529302916,136989.9240672152,179792.2083495504,29530730.416373227,24944552.001846064,120424240.74978119,123430199.84732941,176491688.7326457,113092.88690000009
40.73812725,108941.89989195,31276.6971961875,2674.2,2060.0,614.2,767.75,5914.55,7821.0,0.0,25.05746204390756,34.3729940831512,38.30957204005018,53898.29188455998,109984.2937216791,138669.1603083041,29530730.416373227,24944552.001846064,120424240.74978119,123430199.84732941,176491688.7326457,113092.88690000009
39.90648591666667,81433.17516155001,-967.7322834791667,2040.6,2060.0,-19.400000000000002,-24.25,5720.5666666666675,7785.416666666667,0.0,24.43852305578935,34.3729940831512,33.66908174697999,49129.804412938545,108761.18801555365,107931.84230114163,29530730.416373227,24944552.001846064,120424240.74978119,123430199.84732941,176491688.7326457,113092.88690000009
40.03263233333334,73187.65843180001,-11599.455218583334,1828.2,2060.0,-231.8,-289.75,5691.133333333333,7809.083333333333,0.0,24.23153772437706,34.3729940831512,30.89586360193405,48415.472715558724,109574.68220885488,100187.3069963426,29530730.416373227,24944552.001846064,120424240.74978119,123430199.84732941,176491688.7326457,113092.88690000009
41.559793333333324,83629.38679822221,-2479.734335555555,2012.2666666666667,2060.0,-47.733333333333334,-59.666666666666664,5826.483333333334,7898.416666666667,0.0,24.43852305578935,35.28351264902588,34.3729940831512,51718.25131326422,112684.4313251649,110594.41436665504,29530730.416373227,24944552.001846064,120424240.74978119,123430199.84732941,176491688.7326457,113092.88690000009
43.92766983333333,111848.63292963333,26697.041341208333,2546.2,2060.0,486.20000000000005,607.75,6276.966666666666,8215.416666666666,0.0,28.48607008034386,37.86539448553231,38.55907774909387,63612.44084701239,124420.67033410295,147658.5609465911,29530730.416373227,24944552.001846064,120424240.74978119,123430199.84732941,176491688.7326457,113092.88690000009
52.14333408333332,223402.9005466333,144984.5404187083,4284.4,2060.0,2224.4,2780.5,7030.35,8534.25,0.0,29.16858794901584,38.30957204005018,42.49671376146203,85555.21322187065,136581.28863212137,248819.18940026662,29530730.416373227,24944552.001846064,120424240.74978119,123430199.84732941,176491688.7326457,113092.88690000009
47.136292166666664,106857.97434183334,12196.515598124999,2267.0,2060.0,207.0,258.75,6652.0,8660.25,0.0,29.16858794901584,38.30957204005018,38.55907774909387,74519.2779713605,141408.29470916768,151353.80589754597,29530730.416373227,24944552.001846064,120424240.74978119,123430199.84732941,176491688.7326457,113092.88690000009
20.080561083333333,-81024.07734634877,-76337.92633838195,-4034.950866666667,-993.6842,-3041.266666666667,-3801.5833333333335,5957.666666666667,5957.666666666667,233.36753333333354,25.05746204390756,25.05746204390756,3.487363192876509,54978.6861230198,54978.6861230198,3777.157825024144,29530730.416373227,24944552.001846064,120424240.74978119,123430199.84732941,176491688.7326457,113092.88690000009
11.547847166666665,-82112.12206329999,-72904.44612495833,-7110.6,-2060.0,-5050.6,-6313.25,4898.85,4870.5,769.0,22.13163787326545,22.13163787326545,0.0,30140.03959239712,29512.607658690034,0.0,29530730.416373227,24944552.001846064,120424240.74978119,123430199.84732941,176491688.7326457,113092.88690000009
8.616134,-61485.30663293334,-54670.08824116667,-7136.066666666667,-2060.0,-5076.066666666667,-6345.083333333333,4504.400000000001,4396.416666666667,683.0,18.81569696620917,18.44164886398207,0.0,21981.67252519357,19986.745489603716,0.0,29530730.416373227,24944552.001846064,120424240.74978119,123430199.84732941,176491688.7326457,113092.88690000009
10.475817999999999,-78088.8425356,-70635.8218195,-7454.200000000001,-2060.0,-5394.200000000001,-6742.75,4393.616666666668,4207.166666666667,525.0,18.44164886398207,13.02871506115528,0.0,19935.10887278458,16982.349777981966,0.0,29530730.416373227,24944552.001846064,120424240.74978119,123430199.84732941,176491688.7326457,113092.88690000009
8.848335083333334,-65862.87713729445,-59544.13358203473,-7443.533333333334,-2060.0,-5383.533333333334,-6729.416666666667,4305.95,4132.833333333333,541.0,16.2201944516726,10.4674747796879,0.0,18405.486276778636,16025.066040998485,0.0,29530730.416373227,24944552.001846064,120424240.74978119,123430199.84732941,176491688.7326457,113092.88690000009
8.664169583333335,-59109.852954027796,-51577.0795154514,-6822.333333333334,-2060.0,-4762.333333333334,-5952.916666666667,4015.083333333333,4015.083333333333,869.416666666667,10.4674747796879,10.4674747796879,0.0,14792.520885690235,14792.520885690235,0.0,29530730.416373227,24944552.001846064,120424240.74978119,123430199.84732941,176491688.7326457,113092.88690000009
8.189735,-45677.427989,-36008.217361250005,-5577.4,-2060.0,-3517.4,-4396.75,4468.916666666667,4468.916666666667,1180.6499999999996,18.44164886398207,18.44164886398207,0.02453594536925209,21323.765032242416,21323.765032242416,1.7706773908143667,29530730.416373227,24944552.001846064,120424240.74978119,123430199.84732941,176491688.7326457,113092.88690000009
-0.6148125,2618.2815,1689.7096875,-4258.666666666667,-2060.0,-2198.666666666667,-2748.3333333333335,4434.916666666667,4434.916666666667,1510.3333333333335,18.44164886398207,18.44164886398207,3.026194054803325,20696.748970867025,20696.748970867025,2244.122559733088,29530730.416373227,24944552.001846064,120424240.74978119,123430199.84732941,176491688.7326457,113092.88690000009
-0.4634594166666665,1446.8276069499996,615.1265107708331,-3121.8,-2060.0,-1061.8,-1327.25,5030.833333333333,5030.833333333333,1794.5500000000002,22.24821654467935,22.24821654467935,9.712272222084453,33076.01951840218,33076.01951840218,11595.50313387696,29530730.416373227,24944552.001846064,120424240.74978119,123430199.84732941,176491688.7326457,113092.88690000009
44.02891116666667,164597.6815054667,92372.65562766667,3738.4,2060.0,1678.4,2098.0,4877.9333333333325,6518.333333333333,0.0,22.13163787326545,29.16858794901584,38.30957204005018,29677.119500214623,70620.41004884204,139725.8660037421,29530730.416373227,24944552.001846064,120424240.74978119,123430199.84732941,176491688.7326457,113092.88690000009
44.11438866666666,332619.5495874222,302179.8861676111,7539.933333333334,2060.0,5479.933333333334,6849.916666666667,6675.4,7365.416666666667,0.0,29.16858794901584,30.71227158495549,43.47064287626648,75201.82292936745,95447.2786718238,373730.36555721285,29530730.416373227,24944552.001846064,120424240.74978119,123430199.84732941,176491688.7326457,113092.88690000009
39.92641825,278636.4913621875,290943.80978774995,6978.75,1149.15,5829.6,7287.0,7866.166666666667,7577.916666666667,20.0,34.84042802052038,30.89586360193405,43.98722242431084,111548.10360792119,101997.28967235592,402105.7256376683,29530730.416373227,24944552.001846064,120424240.74978119,123430199.84732941,176491688.7326457,113092.88690000009
38.50640308333333,209313.10588038334,261641.38235047917,5435.8,0.0,5435.8,6794.75,8774.116666666667,7421.166666666667,6.0,38.46888733201707,30.80517968863669,43.47064287626648,145771.27721050946,97160.5314431741,373755.723432224,29530730.416373227,24944552.001846064,120424240.74978119,123430199.84732941,176491688.7326457,113092.88690000009
43.53465941666667,312822.64870440005,278926.56288258336,7185.6,2060.0,5125.6,6407.0,6365.316666666667,7143.916666666667,0.0,29.16858794901584,29.16858794901584,43.42660816292739,66157.12994951014,88867.79252661388,344855.4537040182,29530730.416373227,24944552.001846064,120424240.74978119,123430199.84732941,176491688.7326457,113092.88690000009
57.35463224999999,342296.2689101499,280182.15809393744,5968.066666666667,2060.0,3908.0666666666666,4885.083333333333,6146.516666666666,7229.5,0.0,27.82825381936943,29.32245429842812,42.91634031705147,59931.27123223955,91364.65969709643,282893.2132361832,29530730.416373227,24944552.001846064,120424240.74978119,123430199.84732941,176491688.7326457,113092.88690000009
52.60460441666668,208363.33112078893,124997.30752806948,3960.9333333333334,2060.0,1900.9333333333334,2376.1666666666665,5769.65,7354.416666666667,0.0,24.43852305578935,30.24595469255664,40.49080452762706,50329.32858626018,95113.49680102535,183256.9136240563,29530730.416373227,24944552.001846064,120424240.74978119,123430199.84732941,176491688.7326457,113092.88690000009
