date,price
6/1/2023 12:00:00 AM,25.648816
6/1/2023 12:05:00 AM,26.124570
6/1/2023 12:10:00 AM,25.862450
6/1/2023 12:15:00 AM,25.915773
6/1/2023 12:20:00 AM,26.847433
6/1/2023 12:25:00 AM,27.544126
6/1/2023 12:30:00 AM,28.829346
6/1/2023 12:35:00 AM,28.829346
6/1/2023 12:40:00 AM,27.879286
6/1/2023 12:45:00 AM,27.531066
6/1/2023 12:50:00 AM,25.654743
6/1/2023 12:55:00 AM,25.799996
6/1/2023 1:00:00 AM,24.850293
6/1/2023 1:05:00 AM,25.906936
6/1/2023 1:10:00 AM,25.724920
6/1/2023 1:15:00 AM,25.420966
6/1/2023 1:20:00 AM,25.062483
6/1/2023 1:25:00 AM,24.753536
6/1/2023 1:30:00 AM,25.068376
6/1/2023 1:35:00 AM,25.068376
6/1/2023 1:40:00 AM,23.306046
6/1/2023 1:45:00 AM,22.469816
6/1/2023 1:50:00 AM,22.839770
6/1/2023 1:55:00 AM,22.115123
6/1/2023 2:00:00 AM,25.700256
6/1/2023 2:05:00 AM,24.571800
6/1/2023 2:10:00 AM,24.341730
6/1/2023 2:15:00 AM,25.017406
6/1/2023 2:20:00 AM,24.663960
6/1/2023 2:25:00 AM,24.327903
6/1/2023 2:30:00 AM,24.047216
6/1/2023 2:35:00 AM,23.851473
6/1/2023 2:40:00 AM,23.851473
6/1/2023 2:45:00 AM,23.438363
6/1/2023 2:50:00 AM,23.581456
6/1/2023 2:55:00 AM,23.771416
6/1/2023 3:00:00 AM,23.768426
6/1/2023 3:05:00 AM,24.193186
6/1/2023 3:10:00 AM,24.988996
6/1/2023 3:15:00 AM,25.713896
6/1/2023 3:20:00 AM,25.969420
6/1/2023 3:25:00 AM,26.028783
6/1/2023 3:30:00 AM,26.103073
6/1/2023 3:35:00 AM,26.103073
6/1/2023 3:40:00 AM,26.509790
6/1/2023 3:45:00 AM,26.647603
6/1/2023 3:50:00 AM,26.674996
6/1/2023 3:55:00 AM,27.379533
6/1/2023 4:00:00 AM,24.473623
6/1/2023 4:05:00 AM,24.794786
6/1/2023 4:10:00 AM,24.473623
6/1/2023 4:15:00 AM,24.864656
6/1/2023 4:20:00 AM,26.316873
6/1/2023 4:25:00 AM,26.738916
6/1/2023 4:30:00 AM,28.218943
6/1/2023 4:35:00 AM,29.064313
6/1/2023 4:40:00 AM,29.246923
6/1/2023 4:45:00 AM,29.493873
6/1/2023 4:50:00 AM,29.578413
6/1/2023 4:55:00 AM,31.515430
6/1/2023 5:00:00 AM,29.865030
6/1/2023 5:05:00 AM,29.488110
6/1/2023 5:10:00 AM,32.680856
6/1/2023 5:15:00 AM,32.528933
6/1/2023 5:20:00 AM,31.533873
6/1/2023 5:25:00 AM,32.042210
6/1/2023 5:30:00 AM,31.267750
6/1/2023 5:35:00 AM,31.353600
6/1/2023 5:40:00 AM,31.343973
6/1/2023 5:45:00 AM,32.118150
6/1/2023 5:50:00 AM,33.770566
6/1/2023 5:55:00 AM,32.531100
6/1/2023 6:00:00 AM,28.683523
6/1/2023 6:05:00 AM,30.790310
6/1/2023 6:10:00 AM,29.877253
6/1/2023 6:15:00 AM,28.375390
6/1/2023 6:20:00 AM,27.426553
6/1/2023 6:25:00 AM,26.827760
6/1/2023 6:30:00 AM,26.056073
6/1/2023 6:35:00 AM,25.459630
6/1/2023 6:40:00 AM,24.140680
6/1/2023 6:45:00 AM,23.687976
6/1/2023 6:50:00 AM,23.058110
6/1/2023 6:55:00 AM,20.981603
6/1/2023 7:00:00 AM,21.704190
6/1/2023 7:05:00 AM,21.908610
6/1/2023 7:10:00 AM,21.706500
6/1/2023 7:15:00 AM,18.531413
6/1/2023 7:20:00 AM,16.715986
6/1/2023 7:25:00 AM,12.829046
6/1/2023 7:30:00 AM,12.632203
6/1/2023 7:35:00 AM,12.632203
6/1/2023 7:40:00 AM,11.527426
6/1/2023 7:45:00 AM,8.777953
6/1/2023 7:50:00 AM,8.347800
6/1/2023 7:55:00 AM,7.687886
6/1/2023 8:00:00 AM,10.233193
6/1/2023 8:05:00 AM,10.250880
6/1/2023 8:10:00 AM,9.678126
6/1/2023 8:15:00 AM,9.693640
6/1/2023 8:20:00 AM,9.704976
6/1/2023 8:25:00 AM,10.795336
6/1/2023 8:30:00 AM,12.034216
6/1/2023 8:35:00 AM,11.362860
6/1/2023 8:40:00 AM,12.986946
6/1/2023 8:45:00 AM,11.780460
6/1/2023 8:50:00 AM,9.916360
6/1/2023 8:55:00 AM,10.750516
6/1/2023 9:00:00 AM,13.705630
6/1/2023 9:05:00 AM,12.880926
6/1/2023 9:10:00 AM,12.801826
6/1/2023 9:15:00 AM,12.910713
6/1/2023 9:20:00 AM,13.084196
6/1/2023 9:25:00 AM,12.550460
6/1/2023 9:30:00 AM,12.540746
6/1/2023 9:35:00 AM,12.595540
6/1/2023 9:40:00 AM,12.706580
6/1/2023 9:45:00 AM,12.902803
6/1/2023 9:50:00 AM,13.683466
6/1/2023 9:55:00 AM,13.401593
6/1/2023 10:00:00 AM,14.304686
6/1/2023 10:05:00 AM,13.018453
6/1/2023 10:10:00 AM,12.906800
6/1/2023 10:15:00 AM,12.574703
6/1/2023 10:20:00 AM,11.518640
6/1/2023 10:25:00 AM,12.337790
6/1/2023 10:30:00 AM,11.603263
6/1/2023 10:35:00 AM,13.103713
6/1/2023 10:40:00 AM,13.236290
6/1/2023 10:45:00 AM,13.227030
6/1/2023 10:50:00 AM,11.953883
6/1/2023 10:55:00 AM,13.243163
6/1/2023 11:00:00 AM,14.871403
6/1/2023 11:05:00 AM,12.708740
6/1/2023 11:10:00 AM,14.696536
6/1/2023 11:15:00 AM,13.243626
6/1/2023 11:20:00 AM,11.070006
6/1/2023 11:25:00 AM,11.914340
6/1/2023 11:30:00 AM,12.287503
6/1/2023 11:35:00 AM,12.525256
6/1/2023 11:40:00 AM,11.793406
6/1/2023 11:45:00 AM,12.887906
6/1/2023 11:50:00 AM,11.478326
6/1/2023 11:55:00 AM,12.653166
6/1/2023 12:00:00 PM,13.393563
6/1/2023 12:05:00 PM,12.687563
6/1/2023 12:10:00 PM,13.237116
6/1/2023 12:15:00 PM,9.451110
6/1/2023 12:20:00 PM,11.156903
6/1/2023 12:25:00 PM,10.442166
6/1/2023 12:30:00 PM,10.568506
6/1/2023 12:35:00 PM,10.117036
6/1/2023 12:40:00 PM,10.122066
6/1/2023 12:45:00 PM,9.376506
6/1/2023 12:50:00 PM,9.304423
6/1/2023 12:55:00 PM,9.526936
6/1/2023 1:00:00 PM,7.529103
6/1/2023 1:05:00 PM,7.026233
6/1/2023 1:10:00 PM,7.333686
6/1/2023 1:15:00 PM,7.697810
6/1/2023 1:20:00 PM,8.122590
6/1/2023 1:25:00 PM,8.935763
6/1/2023 1:30:00 PM,9.292700
6/1/2023 1:35:00 PM,9.187596
6/1/2023 1:40:00 PM,10.703630
6/1/2023 1:45:00 PM,10.600536
6/1/2023 1:50:00 PM,11.372730
6/1/2023 1:55:00 PM,13.791126
6/1/2023 2:00:00 PM,10.699060
6/1/2023 2:05:00 PM,11.282383
6/1/2023 2:10:00 PM,12.096820
6/1/2023 2:15:00 PM,11.895763
6/1/2023 2:20:00 PM,13.390183
6/1/2023 2:25:00 PM,13.824416
6/1/2023 2:30:00 PM,13.824416
6/1/2023 2:35:00 PM,13.824416
6/1/2023 2:40:00 PM,13.824416
6/1/2023 2:45:00 PM,13.824416
6/1/2023 2:50:00 PM,17.230116
6/1/2023 2:55:00 PM,19.249340
6/1/2023 3:00:00 PM,14.881946
6/1/2023 3:05:00 PM,14.310313
6/1/2023 3:10:00 PM,12.528216
6/1/2023 3:15:00 PM,11.581453
6/1/2023 3:20:00 PM,13.533006
6/1/2023 3:25:00 PM,13.255723
6/1/2023 3:30:00 PM,12.955300
6/1/2023 3:35:00 PM,13.448526
6/1/2023 3:40:00 PM,15.653346
6/1/2023 3:45:00 PM,13.081770
6/1/2023 3:50:00 PM,12.276930
6/1/2023 3:55:00 PM,13.711953
6/1/2023 4:00:00 PM,9.028146
6/1/2023 4:05:00 PM,7.295590
6/1/2023 4:10:00 PM,8.217746
6/1/2023 4:15:00 PM,7.693136
6/1/2023 4:20:00 PM,6.412190
6/1/2023 4:25:00 PM,4.625443
6/1/2023 4:30:00 PM,4.753800
6/1/2023 4:35:00 PM,9.923166
6/1/2023 4:40:00 PM,9.898803
6/1/2023 4:45:00 PM,11.151886
6/1/2023 4:50:00 PM,10.131493
6/1/2023 4:55:00 PM,5.734433
6/1/2023 5:00:00 PM,0.043140
6/1/2023 5:05:00 PM,0.010883
6/1/2023 5:10:00 PM,0.010106
6/1/2023 5:15:00 PM,0.009176
6/1/2023 5:20:00 PM,0.010163
6/1/2023 5:25:00 PM,0.048296
6/1/2023 5:30:00 PM,-0.530136
6/1/2023 5:35:00 PM,7.372556
6/1/2023 5:40:00 PM,10.769150
6/1/2023 5:45:00 PM,11.137330
6/1/2023 5:50:00 PM,11.852723
6/1/2023 5:55:00 PM,12.697303
6/1/2023 6:00:00 PM,12.985983
6/1/2023 6:05:00 PM,13.789516
6/1/2023 6:10:00 PM,14.288600
6/1/2023 6:15:00 PM,15.277213
6/1/2023 6:20:00 PM,19.483980
6/1/2023 6:25:00 PM,20.369620
6/1/2023 6:30:00 PM,22.689433
6/1/2023 6:35:00 PM,24.828813
6/1/2023 6:40:00 PM,25.655790
6/1/2023 6:45:00 PM,28.412650
6/1/2023 6:50:00 PM,32.850963
6/1/2023 6:55:00 PM,36.496193
6/1/2023 7:00:00 PM,24.519743
6/1/2023 7:05:00 PM,24.793523
6/1/2023 7:10:00 PM,25.781896
6/1/2023 7:15:00 PM,26.733903
6/1/2023 7:20:00 PM,29.897223
6/1/2023 7:25:00 PM,31.004193
6/1/2023 7:30:00 PM,33.108413
6/1/2023 7:35:00 PM,32.629680
6/1/2023 7:40:00 PM,33.108413
6/1/2023 7:45:00 PM,33.395500
6/1/2023 7:50:00 PM,34.186880
6/1/2023 7:55:00 PM,33.474660
6/1/2023 8:00:00 PM,35.274283
6/1/2023 8:05:00 PM,33.895526
6/1/2023 8:10:00 PM,33.611163
6/1/2023 8:15:00 PM,33.864566
6/1/2023 8:20:00 PM,33.501830
6/1/2023 8:25:00 PM,33.629820
6/1/2023 8:30:00 PM,32.629300
6/1/2023 8:35:00 PM,33.627766
6/1/2023 8:40:00 PM,33.569020
6/1/2023 8:45:00 PM,33.307956
6/1/2023 8:50:00 PM,33.481740
6/1/2023 8:55:00 PM,32.496983
6/1/2023 9:00:00 PM,32.107476
6/1/2023 9:05:00 PM,33.125093
6/1/2023 9:10:00 PM,32.472900
6/1/2023 9:15:00 PM,31.308443
6/1/2023 9:20:00 PM,31.166916
6/1/2023 9:25:00 PM,30.435563
6/1/2023 9:30:00 PM,30.475723
6/1/2023 9:35:00 PM,29.948713
6/1/2023 9:40:00 PM,29.507810
6/1/2023 9:45:00 PM,28.781480
6/1/2023 9:50:00 PM,28.058270
6/1/2023 9:55:00 PM,27.992806
6/1/2023 10:00:00 PM,32.757543
6/1/2023 10:05:00 PM,31.848860
6/1/2023 10:10:00 PM,30.547133
6/1/2023 10:15:00 PM,29.595113
6/1/2023 10:20:00 PM,28.218076
6/1/2023 10:25:00 PM,27.874940
6/1/2023 10:30:00 PM,27.430916
6/1/2023 10:35:00 PM,27.119583
6/1/2023 10:40:00 PM,25.941963
6/1/2023 10:45:00 PM,25.825210
6/1/2023 10:50:00 PM,25.716526
6/1/2023 10:55:00 PM,25.740793
6/1/2023 11:00:00 PM,26.006980
6/1/2023 11:05:00 PM,25.828800
6/1/2023 11:10:00 PM,25.339833
6/1/2023 11:15:00 PM,24.868046
6/1/2023 11:20:00 PM,24.678710
6/1/2023 11:25:00 PM,24.406636
6/1/2023 11:30:00 PM,24.097456
6/1/2023 11:35:00 PM,23.409760
6/1/2023 11:40:00 PM,23.282503
6/1/2023 11:45:00 PM,23.105966
6/1/2023 11:50:00 PM,22.777446
6/1/2023 11:55:00 PM,21.944743
6/2/2023 12:00:00 AM,28.023096
6/2/2023 12:05:00 AM,27.267330
6/2/2023 12:10:00 AM,27.267330
6/2/2023 12:15:00 AM,26.692776
6/2/2023 12:20:00 AM,26.086083
6/2/2023 12:25:00 AM,26.002136
6/2/2023 12:30:00 AM,26.829266
6/2/2023 12:35:00 AM,26.656356
6/2/2023 12:40:00 AM,26.045750
6/2/2023 12:45:00 AM,25.206953
6/2/2023 12:50:00 AM,24.220556
6/2/2023 12:55:00 AM,23.850463
6/2/2023 1:00:00 AM,23.204020
6/2/2023 1:05:00 AM,23.015456
6/2/2023 1:10:00 AM,22.675400
6/2/2023 1:15:00 AM,21.907080
6/2/2023 1:20:00 AM,21.595090
6/2/2023 1:25:00 AM,20.891926
6/2/2023 1:30:00 AM,21.130326
6/2/2023 1:35:00 AM,21.130326
6/2/2023 1:40:00 AM,20.903196
6/2/2023 1:45:00 AM,19.758583
6/2/2023 1:50:00 AM,19.758583
6/2/2023 1:55:00 AM,20.888836
6/2/2023 2:00:00 AM,21.646660
6/2/2023 2:05:00 AM,21.646660
6/2/2023 2:10:00 AM,21.639016
6/2/2023 2:15:00 AM,21.313623
6/2/2023 2:20:00 AM,21.098596
6/2/2023 2:25:00 AM,19.991380
6/2/2023 2:30:00 AM,19.078103
6/2/2023 2:35:00 AM,18.220040
6/2/2023 2:40:00 AM,19.433960
6/2/2023 2:45:00 AM,19.070303
6/2/2023 2:50:00 AM,21.044930
6/2/2023 2:55:00 AM,21.212393
6/2/2023 3:00:00 AM,21.530780
6/2/2023 3:05:00 AM,21.073520
6/2/2023 3:10:00 AM,21.580026
6/2/2023 3:15:00 AM,21.775906
6/2/2023 3:20:00 AM,23.136543
6/2/2023 3:25:00 AM,23.136543
6/2/2023 3:30:00 AM,22.649566
6/2/2023 3:35:00 AM,22.630806
6/2/2023 3:40:00 AM,22.749540
6/2/2023 3:45:00 AM,21.963863
6/2/2023 3:50:00 AM,21.963863
6/2/2023 3:55:00 AM,22.748980
6/2/2023 4:00:00 AM,22.979283
6/2/2023 4:05:00 AM,23.226356
6/2/2023 4:10:00 AM,23.823620
6/2/2023 4:15:00 AM,32.831610
6/2/2023 4:20:00 AM,32.831610
6/2/2023 4:25:00 AM,32.831610
6/2/2023 4:30:00 AM,32.831610
6/2/2023 4:35:00 AM,26.211226
6/2/2023 4:40:00 AM,27.308213
6/2/2023 4:45:00 AM,28.045813
6/2/2023 4:50:00 AM,32.418293
6/2/2023 4:55:00 AM,32.853163
6/2/2023 5:00:00 AM,29.959100
6/2/2023 5:05:00 AM,30.494873
6/2/2023 5:10:00 AM,31.506576
6/2/2023 5:15:00 AM,32.356196
6/2/2023 5:20:00 AM,32.622140
6/2/2023 5:25:00 AM,32.669620
6/2/2023 5:30:00 AM,34.597246
6/2/2023 5:35:00 AM,35.585740
6/2/2023 5:40:00 AM,35.829236
6/2/2023 5:45:00 AM,36.415913
6/2/2023 5:50:00 AM,34.881690
6/2/2023 5:55:00 AM,36.218723
6/2/2023 6:00:00 AM,36.216536
6/2/2023 6:05:00 AM,33.105350
6/2/2023 6:10:00 AM,33.014883
6/2/2023 6:15:00 AM,32.126973
6/2/2023 6:20:00 AM,28.448226
6/2/2023 6:25:00 AM,25.894796
6/2/2023 6:30:00 AM,24.039466
6/2/2023 6:35:00 AM,22.561433
6/2/2023 6:40:00 AM,21.644253
6/2/2023 6:45:00 AM,20.177100
6/2/2023 6:50:00 AM,19.671516
6/2/2023 6:55:00 AM,20.031680
6/2/2023 7:00:00 AM,20.175736
6/2/2023 7:05:00 AM,22.258320
6/2/2023 7:10:00 AM,21.688930
6/2/2023 7:15:00 AM,21.688930
6/2/2023 7:20:00 AM,16.179333
6/2/2023 7:25:00 AM,16.177023
6/2/2023 7:30:00 AM,14.431436
6/2/2023 7:35:00 AM,11.686830
6/2/2023 7:40:00 AM,10.865076
6/2/2023 7:45:00 AM,10.864690
6/2/2023 7:50:00 AM,10.581573
6/2/2023 7:55:00 AM,10.648783
6/2/2023 8:00:00 AM,14.450800
6/2/2023 8:05:00 AM,15.964696
6/2/2023 8:10:00 AM,13.936223
6/2/2023 8:15:00 AM,12.855633
6/2/2023 8:20:00 AM,12.341726
6/2/2023 8:25:00 AM,12.313563
6/2/2023 8:30:00 AM,10.946896
6/2/2023 8:35:00 AM,9.648943
6/2/2023 8:40:00 AM,9.927830
6/2/2023 8:45:00 AM,9.979860
6/2/2023 8:50:00 AM,10.453723
6/2/2023 8:55:00 AM,12.086436
6/2/2023 9:00:00 AM,13.175603
6/2/2023 9:05:00 AM,13.298666
6/2/2023 9:10:00 AM,11.642483
6/2/2023 9:15:00 AM,11.645360
6/2/2023 9:20:00 AM,10.945290
6/2/2023 9:25:00 AM,10.938630
6/2/2023 9:30:00 AM,11.537410
6/2/2023 9:35:00 AM,11.000566
6/2/2023 9:40:00 AM,10.919683
6/2/2023 9:45:00 AM,11.541500
6/2/2023 9:50:00 AM,11.567676
6/2/2023 9:55:00 AM,11.583373
6/2/2023 10:00:00 AM,16.065473
6/2/2023 10:05:00 AM,16.016606
6/2/2023 10:10:00 AM,15.366343
6/2/2023 10:15:00 AM,15.145683
6/2/2023 10:20:00 AM,16.136050
6/2/2023 10:25:00 AM,15.449333
6/2/2023 10:30:00 AM,15.608243
6/2/2023 10:35:00 AM,15.194280
6/2/2023 10:40:00 AM,15.497146
6/2/2023 10:45:00 AM,15.768153
6/2/2023 10:50:00 AM,16.714043
6/2/2023 10:55:00 AM,15.848220
6/2/2023 11:00:00 AM,15.921936
6/2/2023 11:05:00 AM,15.272086
6/2/2023 11:10:00 AM,15.260770
6/2/2023 11:15:00 AM,17.551053
6/2/2023 11:20:00 AM,16.725060
6/2/2023 11:25:00 AM,16.740843
6/2/2023 11:30:00 AM,16.111513
6/2/2023 11:35:00 AM,15.617166
6/2/2023 11:40:00 AM,15.252440
6/2/2023 11:45:00 AM,15.470556
6/2/2023 11:50:00 AM,14.361383
6/2/2023 11:55:00 AM,14.146620
6/2/2023 12:00:00 PM,15.382253
6/2/2023 12:05:00 PM,15.031540
6/2/2023 12:10:00 PM,15.031540
6/2/2023 12:15:00 PM,13.278783
6/2/2023 12:20:00 PM,13.278783
6/2/2023 12:25:00 PM,13.809636
6/2/2023 12:30:00 PM,12.909950
6/2/2023 12:35:00 PM,13.255546
6/2/2023 12:40:00 PM,12.686450
6/2/2023 12:45:00 PM,11.068463
6/2/2023 12:50:00 PM,11.444066
6/2/2023 12:55:00 PM,11.722040
6/2/2023 1:00:00 PM,10.495340
6/2/2023 1:05:00 PM,9.143836
6/2/2023 1:10:00 PM,10.588093
6/2/2023 1:15:00 PM,10.540236
6/2/2023 1:20:00 PM,9.283750
6/2/2023 1:25:00 PM,8.180930
6/2/2023 1:30:00 PM,11.259243
6/2/2023 1:35:00 PM,10.941773
6/2/2023 1:40:00 PM,11.361973
6/2/2023 1:45:00 PM,12.510743
6/2/2023 1:50:00 PM,12.017026
6/2/2023 1:55:00 PM,11.599570
6/2/2023 2:00:00 PM,11.610366
6/2/2023 2:05:00 PM,11.690440
6/2/2023 2:10:00 PM,12.088936
6/2/2023 2:15:00 PM,11.754700
6/2/2023 2:20:00 PM,11.203706
6/2/2023 2:25:00 PM,11.039873
6/2/2023 2:30:00 PM,10.711483
6/2/2023 2:35:00 PM,11.491516
6/2/2023 2:40:00 PM,11.647876
6/2/2023 2:45:00 PM,13.159686
6/2/2023 2:50:00 PM,12.962983
6/2/2023 2:55:00 PM,13.256413
6/2/2023 3:00:00 PM,11.199170
6/2/2023 3:05:00 PM,10.884770
6/2/2023 3:10:00 PM,10.764943
6/2/2023 3:15:00 PM,11.885950
6/2/2023 3:20:00 PM,12.104716
6/2/2023 3:25:00 PM,12.189793
6/2/2023 3:30:00 PM,11.750200
6/2/2023 3:35:00 PM,10.862943
6/2/2023 3:40:00 PM,11.752186
6/2/2023 3:45:00 PM,11.247353
6/2/2023 3:50:00 PM,11.814950
6/2/2023 3:55:00 PM,12.657770
6/2/2023 4:00:00 PM,11.073293
6/2/2023 4:05:00 PM,10.771740
6/2/2023 4:10:00 PM,9.270056
6/2/2023 4:15:00 PM,5.509136
6/2/2023 4:20:00 PM,10.188040
6/2/2023 4:25:00 PM,12.813993
6/2/2023 4:30:00 PM,13.154173
6/2/2023 4:35:00 PM,13.001986
6/2/2023 4:40:00 PM,11.849460
6/2/2023 4:45:00 PM,12.627810
6/2/2023 4:50:00 PM,12.866963
6/2/2023 4:55:00 PM,13.982143
6/2/2023 5:00:00 PM,14.316033
6/2/2023 5:05:00 PM,12.557683
6/2/2023 5:10:00 PM,12.045330
6/2/2023 5:15:00 PM,8.980556
6/2/2023 5:20:00 PM,9.823060
6/2/2023 5:25:00 PM,11.648246
6/2/2023 5:30:00 PM,13.354086
6/2/2023 5:35:00 PM,15.387956
6/2/2023 5:40:00 PM,16.661443
6/2/2023 5:45:00 PM,19.976120
6/2/2023 5:50:00 PM,20.577200
6/2/2023 5:55:00 PM,19.976120
6/2/2023 6:00:00 PM,15.038800
6/2/2023 6:05:00 PM,15.096400
6/2/2023 6:10:00 PM,15.607600
6/2/2023 6:15:00 PM,15.548800
6/2/2023 6:20:00 PM,18.495200
6/2/2023 6:25:00 PM,19.097600
6/2/2023 6:30:00 PM,20.304510
6/2/2023 6:35:00 PM,23.760156
6/2/2023 6:40:00 PM,26.715736
6/2/2023 6:45:00 PM,32.573990
6/2/2023 6:50:00 PM,39.993280
6/2/2023 6:55:00 PM,42.400900
6/2/2023 7:00:00 PM,28.302640
6/2/2023 7:05:00 PM,27.000000
6/2/2023 7:10:00 PM,29.586860
6/2/2023 7:15:00 PM,32.000000
6/2/2023 7:20:00 PM,35.000000
6/2/2023 7:25:00 PM,36.701200
6/2/2023 7:30:00 PM,40.450000
6/2/2023 7:35:00 PM,41.277260
6/2/2023 7:40:00 PM,41.540000
6/2/2023 7:45:00 PM,34.036533
6/2/2023 7:50:00 PM,33.305723
6/2/2023 7:55:00 PM,34.226096
6/2/2023 8:00:00 PM,36.910000
6/2/2023 8:05:00 PM,36.910000
6/2/2023 8:10:00 PM,37.000000
6/2/2023 8:15:00 PM,36.908800
6/2/2023 8:20:00 PM,35.752400
6/2/2023 8:25:00 PM,35.000000
6/2/2023 8:30:00 PM,31.748896
6/2/2023 8:35:00 PM,31.484783
6/2/2023 8:40:00 PM,32.399063
6/2/2023 8:45:00 PM,32.382340
6/2/2023 8:50:00 PM,32.382340
6/2/2023 8:55:00 PM,32.382340
6/2/2023 9:00:00 PM,35.770423
6/2/2023 9:05:00 PM,35.770423
6/2/2023 9:10:00 PM,35.671806
6/2/2023 9:15:00 PM,34.794936
6/2/2023 9:20:00 PM,35.291673
6/2/2023 9:25:00 PM,34.794936
6/2/2023 9:30:00 PM,33.824306
6/2/2023 9:35:00 PM,32.849836
6/2/2023 9:40:00 PM,33.183006
6/2/2023 9:45:00 PM,33.247780
6/2/2023 9:50:00 PM,33.116126
6/2/2023 9:55:00 PM,33.647900
6/2/2023 10:00:00 PM,38.694550
6/2/2023 10:05:00 PM,39.297053
6/2/2023 10:10:00 PM,38.673970
6/2/2023 10:15:00 PM,37.037040
6/2/2023 10:20:00 PM,37.037040
6/2/2023 10:25:00 PM,36.382216
6/2/2023 10:30:00 PM,36.150516
6/2/2023 10:35:00 PM,35.435356
6/2/2023 10:40:00 PM,34.272396
6/2/2023 10:45:00 PM,33.721966
6/2/2023 10:50:00 PM,34.075893
6/2/2023 10:55:00 PM,33.612100
6/2/2023 11:00:00 PM,36.099123
6/2/2023 11:05:00 PM,36.147510
6/2/2023 11:10:00 PM,35.753273
6/2/2023 11:15:00 PM,35.878700
6/2/2023 11:20:00 PM,36.100350
6/2/2023 11:25:00 PM,35.781483
6/2/2023 11:30:00 PM,34.362023
6/2/2023 11:35:00 PM,33.952770
6/2/2023 11:40:00 PM,33.710333
6/2/2023 11:45:00 PM,33.173370
6/2/2023 11:50:00 PM,33.177513
6/2/2023 11:55:00 PM,34.590643
6/3/2023 12:00:00 AM,30.809596
6/3/2023 12:05:00 AM,30.860006
6/3/2023 12:10:00 AM,30.828336
6/3/2023 12:15:00 AM,30.867283
6/3/2023 12:20:00 AM,30.874060
6/3/2023 12:25:00 AM,30.344260
6/3/2023 12:30:00 AM,29.486166
6/3/2023 12:35:00 AM,29.047293
6/3/2023 12:40:00 AM,29.202210
6/3/2023 12:45:00 AM,29.053586
6/3/2023 12:50:00 AM,28.781786
6/3/2023 12:55:00 AM,28.373230
6/3/2023 1:00:00 AM,26.981793
6/3/2023 1:05:00 AM,26.852393
6/3/2023 1:10:00 AM,26.852393
6/3/2023 1:15:00 AM,25.884416
6/3/2023 1:20:00 AM,25.822473
6/3/2023 1:25:00 AM,24.948243
6/3/2023 1:30:00 AM,24.657543
6/3/2023 1:35:00 AM,24.207223
6/3/2023 1:40:00 AM,23.658953
6/3/2023 1:45:00 AM,23.382510
6/3/2023 1:50:00 AM,23.382510
6/3/2023 1:55:00 AM,23.382510
6/3/2023 2:00:00 AM,23.863473
6/3/2023 2:05:00 AM,24.468350
6/3/2023 2:10:00 AM,24.870700
6/3/2023 2:15:00 AM,24.094276
6/3/2023 2:20:00 AM,24.094276
6/3/2023 2:25:00 AM,24.094276
6/3/2023 2:30:00 AM,23.680900
6/3/2023 2:35:00 AM,23.431263
6/3/2023 2:40:00 AM,23.431263
6/3/2023 2:45:00 AM,23.341070
6/3/2023 2:50:00 AM,23.341070
6/3/2023 2:55:00 AM,23.645343
6/3/2023 3:00:00 AM,24.437700
6/3/2023 3:05:00 AM,24.899566
6/3/2023 3:10:00 AM,24.592683
6/3/2023 3:15:00 AM,24.664966
6/3/2023 3:20:00 AM,24.982013
6/3/2023 3:25:00 AM,24.982013
6/3/2023 3:30:00 AM,26.817463
6/3/2023 3:35:00 AM,26.792490
6/3/2023 3:40:00 AM,26.792490
6/3/2023 3:45:00 AM,26.781583
6/3/2023 3:50:00 AM,26.781583
6/3/2023 3:55:00 AM,27.563540
6/3/2023 4:00:00 AM,24.248826
6/3/2023 4:05:00 AM,24.460703
6/3/2023 4:10:00 AM,24.310390
6/3/2023 4:15:00 AM,24.611206
6/3/2023 4:20:00 AM,24.856120
6/3/2023 4:25:00 AM,25.701320
6/3/2023 4:30:00 AM,24.872953
6/3/2023 4:35:00 AM,25.240263
6/3/2023 4:40:00 AM,25.787866
6/3/2023 4:45:00 AM,24.851253
6/3/2023 4:50:00 AM,25.450116
6/3/2023 4:55:00 AM,25.121250
6/3/2023 5:00:00 AM,25.584116
6/3/2023 5:05:00 AM,26.847920
6/3/2023 5:10:00 AM,27.412800
6/3/2023 5:15:00 AM,30.268616
6/3/2023 5:20:00 AM,31.222496
6/3/2023 5:25:00 AM,31.235603
6/3/2023 5:30:00 AM,31.244906
6/3/2023 5:35:00 AM,31.414266
6/3/2023 5:40:00 AM,31.881333
6/3/2023 5:45:00 AM,31.695600
6/3/2023 5:50:00 AM,31.366936
6/3/2023 5:55:00 AM,31.373353
6/3/2023 6:00:00 AM,31.748643
6/3/2023 6:05:00 AM,31.722626
6/3/2023 6:10:00 AM,31.214723
6/3/2023 6:15:00 AM,29.369180
6/3/2023 6:20:00 AM,27.309396
6/3/2023 6:25:00 AM,26.181430
6/3/2023 6:30:00 AM,24.155596
6/3/2023 6:35:00 AM,24.705443
6/3/2023 6:40:00 AM,24.155596
6/3/2023 6:45:00 AM,21.916420
6/3/2023 6:50:00 AM,19.410293
6/3/2023 6:55:00 AM,15.416796
6/3/2023 7:00:00 AM,18.654236
6/3/2023 7:05:00 AM,16.869900
6/3/2023 7:10:00 AM,20.483286
6/3/2023 7:15:00 AM,18.056506
6/3/2023 7:20:00 AM,13.842280
6/3/2023 7:25:00 AM,11.448360
6/3/2023 7:30:00 AM,10.026773
6/3/2023 7:35:00 AM,9.046403
6/3/2023 7:40:00 AM,8.443626
6/3/2023 7:45:00 AM,8.219483
6/3/2023 7:50:00 AM,7.350636
6/3/2023 7:55:00 AM,5.728296
6/3/2023 8:00:00 AM,9.492963
6/3/2023 8:05:00 AM,8.433840
6/3/2023 8:10:00 AM,8.338376
6/3/2023 8:15:00 AM,9.171913
6/3/2023 8:20:00 AM,9.488890
6/3/2023 8:25:00 AM,9.608183
6/3/2023 8:30:00 AM,9.882773
6/3/2023 8:35:00 AM,9.123796
6/3/2023 8:40:00 AM,8.893683
6/3/2023 8:45:00 AM,8.822083
6/3/2023 8:50:00 AM,8.804576
6/3/2023 8:55:00 AM,8.814906
6/3/2023 9:00:00 AM,8.865056
6/3/2023 9:05:00 AM,8.597543
6/3/2023 9:10:00 AM,9.653470
6/3/2023 9:15:00 AM,10.849553
6/3/2023 9:20:00 AM,10.312103
6/3/2023 9:25:00 AM,11.145616
6/3/2023 9:30:00 AM,10.890973
6/3/2023 9:35:00 AM,10.738253
6/3/2023 9:40:00 AM,10.939916
6/3/2023 9:45:00 AM,11.259733
6/3/2023 9:50:00 AM,11.395153
6/3/2023 9:55:00 AM,11.826103
6/3/2023 10:00:00 AM,12.461906
6/3/2023 10:05:00 AM,12.622136
6/3/2023 10:10:00 AM,13.191966
6/3/2023 10:15:00 AM,13.829750
6/3/2023 10:20:00 AM,12.796563
6/3/2023 10:25:00 AM,13.318480
6/3/2023 10:30:00 AM,13.829030
6/3/2023 10:35:00 AM,13.540810
6/3/2023 10:40:00 AM,13.892196
6/3/2023 10:45:00 AM,15.197220
6/3/2023 10:50:00 AM,14.225050
6/3/2023 10:55:00 AM,14.271013
6/3/2023 11:00:00 AM,13.698013
6/3/2023 11:05:00 AM,13.284756
6/3/2023 11:10:00 AM,14.664766
6/3/2023 11:15:00 AM,12.885286
6/3/2023 11:20:00 AM,13.532903
6/3/2023 11:25:00 AM,14.387236
6/3/2023 11:30:00 AM,14.364026
6/3/2023 11:35:00 AM,13.345283
6/3/2023 11:40:00 AM,14.919340
6/3/2023 11:45:00 AM,16.031973
6/3/2023 11:50:00 AM,15.703893
6/3/2023 11:55:00 AM,19.235516
6/3/2023 12:00:00 PM,16.268090
6/3/2023 12:05:00 PM,18.708730
6/3/2023 12:10:00 PM,20.269220
6/3/2023 12:15:00 PM,18.727493
6/3/2023 12:20:00 PM,18.274130
6/3/2023 12:25:00 PM,20.153443
6/3/2023 12:30:00 PM,20.887496
6/3/2023 12:35:00 PM,21.392500
6/3/2023 12:40:00 PM,21.735126
6/3/2023 12:45:00 PM,20.324590
6/3/2023 12:50:00 PM,19.578930
6/3/2023 12:55:00 PM,18.882263
6/3/2023 1:00:00 PM,16.839590
6/3/2023 1:05:00 PM,15.590146
6/3/2023 1:10:00 PM,16.173423
6/3/2023 1:15:00 PM,16.851093
6/3/2023 1:20:00 PM,15.950356
6/3/2023 1:25:00 PM,16.902140
6/3/2023 1:30:00 PM,17.196286
6/3/2023 1:35:00 PM,17.994193
6/3/2023 1:40:00 PM,20.245966
6/3/2023 1:45:00 PM,22.218020
6/3/2023 1:50:00 PM,22.345336
6/3/2023 1:55:00 PM,23.244293
6/3/2023 2:00:00 PM,18.187743
6/3/2023 2:05:00 PM,16.681776
6/3/2023 2:10:00 PM,17.140363
6/3/2023 2:15:00 PM,18.364290
6/3/2023 2:20:00 PM,21.488010
6/3/2023 2:25:00 PM,21.485003
6/3/2023 2:30:00 PM,20.313570
6/3/2023 2:35:00 PM,20.088733
6/3/2023 2:40:00 PM,21.697116
6/3/2023 2:45:00 PM,24.801176
6/3/2023 2:50:00 PM,24.844533
6/3/2023 2:55:00 PM,24.488843
6/3/2023 3:00:00 PM,20.801753
6/3/2023 3:05:00 PM,18.585883
6/3/2023 3:10:00 PM,18.635243
6/3/2023 3:15:00 PM,20.856110
6/3/2023 3:20:00 PM,21.172660
6/3/2023 3:25:00 PM,23.945870
6/3/2023 3:30:00 PM,23.545986
6/3/2023 3:35:00 PM,24.074146
6/3/2023 3:40:00 PM,25.167666
6/3/2023 3:45:00 PM,25.342256
6/3/2023 3:50:00 PM,25.291560
6/3/2023 3:55:00 PM,23.686756
6/3/2023 4:00:00 PM,18.640973
6/3/2023 4:05:00 PM,17.510626
6/3/2023 4:10:00 PM,17.049730
6/3/2023 4:15:00 PM,18.144696
6/3/2023 4:20:00 PM,19.347693
6/3/2023 4:25:00 PM,20.979580
6/3/2023 4:30:00 PM,19.364973
6/3/2023 4:35:00 PM,19.807590
6/3/2023 4:40:00 PM,21.712043
6/3/2023 4:45:00 PM,22.699473
6/3/2023 4:50:00 PM,23.460546
6/3/2023 4:55:00 PM,22.463116
6/3/2023 5:00:00 PM,20.885673
6/3/2023 5:05:00 PM,21.117863
6/3/2023 5:10:00 PM,21.611880
6/3/2023 5:15:00 PM,21.382450
6/3/2023 5:20:00 PM,22.009610
6/3/2023 5:25:00 PM,22.161240
6/3/2023 5:30:00 PM,24.563923
6/3/2023 5:35:00 PM,24.563923
6/3/2023 5:40:00 PM,27.051926
6/3/2023 5:45:00 PM,36.753093
6/3/2023 5:50:00 PM,38.145066
6/3/2023 5:55:00 PM,39.419453
6/3/2023 6:00:00 PM,24.022886
6/3/2023 6:05:00 PM,21.482623
6/3/2023 6:10:00 PM,22.019020
6/3/2023 6:15:00 PM,22.883596
6/3/2023 6:20:00 PM,23.842196
6/3/2023 6:25:00 PM,25.937413
6/3/2023 6:30:00 PM,27.929456
6/3/2023 6:35:00 PM,32.366933
6/3/2023 6:40:00 PM,36.210186
6/3/2023 6:45:00 PM,37.672956
6/3/2023 6:50:00 PM,42.253600
6/3/2023 6:55:00 PM,44.000000
6/3/2023 7:00:00 PM,42.640000
6/3/2023 7:05:00 PM,44.000000
6/3/2023 7:10:00 PM,43.000000
6/3/2023 7:15:00 PM,44.000000
6/3/2023 7:20:00 PM,49.998800
6/3/2023 7:25:00 PM,49.998800
6/3/2023 7:30:00 PM,54.430000
6/3/2023 7:35:00 PM,54.430000
6/3/2023 7:40:00 PM,50.588800
6/3/2023 7:45:00 PM,60.296400
6/3/2023 7:50:00 PM,58.530000
6/3/2023 7:55:00 PM,52.801200
6/3/2023 8:00:00 PM,47.051200
6/3/2023 8:05:00 PM,47.156400
6/3/2023 8:10:00 PM,48.000000
6/3/2023 8:15:00 PM,47.056000
6/3/2023 8:20:00 PM,48.247160
6/3/2023 8:25:00 PM,49.215410
6/3/2023 8:30:00 PM,44.739936
6/3/2023 8:35:00 PM,42.442366
6/3/2023 8:40:00 PM,39.080360
6/3/2023 8:45:00 PM,38.929090
6/3/2023 8:50:00 PM,38.925040
6/3/2023 8:55:00 PM,37.782746
6/3/2023 9:00:00 PM,38.880113
6/3/2023 9:05:00 PM,38.863973
6/3/2023 9:10:00 PM,38.888016
6/3/2023 9:15:00 PM,38.883113
6/3/2023 9:20:00 PM,38.878173
6/3/2023 9:25:00 PM,38.878173
6/3/2023 9:30:00 PM,40.165066
6/3/2023 9:35:00 PM,40.165066
6/3/2023 9:40:00 PM,38.065623
6/3/2023 9:45:00 PM,37.947750
6/3/2023 9:50:00 PM,37.947750
6/3/2023 9:55:00 PM,37.947750
6/3/2023 10:00:00 PM,36.703796
6/3/2023 10:05:00 PM,37.522543
6/3/2023 10:10:00 PM,35.976276
6/3/2023 10:15:00 PM,35.952433
6/3/2023 10:20:00 PM,32.893516
6/3/2023 10:25:00 PM,31.797870
6/3/2023 10:30:00 PM,30.917946
6/3/2023 10:35:00 PM,30.879276
6/3/2023 10:40:00 PM,29.643773
6/3/2023 10:45:00 PM,29.234326
6/3/2023 10:50:00 PM,29.619146
6/3/2023 10:55:00 PM,29.470723
6/3/2023 11:00:00 PM,31.778566
6/3/2023 11:05:00 PM,31.391110
6/3/2023 11:10:00 PM,28.364230
6/3/2023 11:15:00 PM,27.414720
6/3/2023 11:20:00 PM,27.414720
6/3/2023 11:25:00 PM,27.307003
6/3/2023 11:30:00 PM,26.625823
6/3/2023 11:35:00 PM,26.342570
6/3/2023 11:40:00 PM,26.342570
6/3/2023 11:45:00 PM,26.232543
6/3/2023 11:50:00 PM,25.260970
6/3/2023 11:55:00 PM,25.530103
6/4/2023 12:00:00 AM,31.451376
6/4/2023 12:05:00 AM,30.659473
6/4/2023 12:10:00 AM,29.989143
6/4/2023 12:15:00 AM,28.281603
6/4/2023 12:20:00 AM,29.059976
6/4/2023 12:25:00 AM,30.054356
6/4/2023 12:30:00 AM,29.402133
6/4/2023 12:35:00 AM,27.975186
6/4/2023 12:40:00 AM,27.005946
6/4/2023 12:45:00 AM,27.159493
6/4/2023 12:50:00 AM,26.976013
6/4/2023 12:55:00 AM,26.865720
6/4/2023 1:00:00 AM,27.472070
6/4/2023 1:05:00 AM,27.731906
6/4/2023 1:10:00 AM,26.825793
6/4/2023 1:15:00 AM,26.710876
6/4/2023 1:20:00 AM,25.929230
6/4/2023 1:25:00 AM,25.635643
6/4/2023 1:30:00 AM,25.567373
6/4/2023 1:35:00 AM,24.685333
6/4/2023 1:40:00 AM,23.720450
6/4/2023 1:45:00 AM,23.527626
6/4/2023 1:50:00 AM,23.527626
6/4/2023 1:55:00 AM,23.527626
6/4/2023 2:00:00 AM,23.575013
6/4/2023 2:05:00 AM,24.407936
6/4/2023 2:10:00 AM,23.959760
6/4/2023 2:15:00 AM,24.018156
6/4/2023 2:20:00 AM,24.331040
6/4/2023 2:25:00 AM,24.641010
6/4/2023 2:30:00 AM,24.646713
6/4/2023 2:35:00 AM,24.699170
6/4/2023 2:40:00 AM,24.491693
6/4/2023 2:45:00 AM,23.753550
6/4/2023 2:50:00 AM,23.693830
6/4/2023 2:55:00 AM,23.693830
6/4/2023 3:00:00 AM,26.850100
6/4/2023 3:05:00 AM,26.667243
6/4/2023 3:10:00 AM,26.206206
6/4/2023 3:15:00 AM,26.795990
6/4/2023 3:20:00 AM,26.891793
6/4/2023 3:25:00 AM,26.795990
6/4/2023 3:30:00 AM,26.659066
6/4/2023 3:35:00 AM,26.789090
6/4/2023 3:40:00 AM,25.883350
6/4/2023 3:45:00 AM,25.886013
6/4/2023 3:50:00 AM,25.808080
6/4/2023 3:55:00 AM,24.805046
6/4/2023 4:00:00 AM,23.182760
6/4/2023 4:05:00 AM,23.182760
6/4/2023 4:10:00 AM,22.831026
6/4/2023 4:15:00 AM,23.439816
6/4/2023 4:20:00 AM,23.439816
6/4/2023 4:25:00 AM,23.642053
6/4/2023 4:30:00 AM,23.487123
6/4/2023 4:35:00 AM,23.700446
6/4/2023 4:40:00 AM,23.992876
6/4/2023 4:45:00 AM,23.707816
6/4/2023 4:50:00 AM,23.465433
6/4/2023 4:55:00 AM,23.707816
6/4/2023 5:00:00 AM,25.850626
6/4/2023 5:05:00 AM,26.990426
6/4/2023 5:10:00 AM,26.703260
6/4/2023 5:15:00 AM,26.759280
6/4/2023 5:20:00 AM,26.687356
6/4/2023 5:25:00 AM,25.825116
6/4/2023 5:30:00 AM,25.554363
6/4/2023 5:35:00 AM,24.682986
6/4/2023 5:40:00 AM,23.887196
6/4/2023 5:45:00 AM,23.711990
6/4/2023 5:50:00 AM,23.493233
6/4/2023 5:55:00 AM,23.315663
6/4/2023 6:00:00 AM,31.249943
6/4/2023 6:05:00 AM,30.884976
6/4/2023 6:10:00 AM,29.864750
6/4/2023 6:15:00 AM,28.376956
6/4/2023 6:20:00 AM,26.993786
6/4/2023 6:25:00 AM,24.652580
6/4/2023 6:30:00 AM,21.868070
6/4/2023 6:35:00 AM,19.866156
6/4/2023 6:40:00 AM,15.012426
6/4/2023 6:45:00 AM,11.976750
6/4/2023 6:50:00 AM,10.216070
6/4/2023 6:55:00 AM,9.650133
6/4/2023 7:00:00 AM,13.604613
6/4/2023 7:05:00 AM,15.184570
6/4/2023 7:10:00 AM,13.604613
6/4/2023 7:15:00 AM,11.236356
6/4/2023 7:20:00 AM,10.782066
6/4/2023 7:25:00 AM,10.873816
6/4/2023 7:30:00 AM,9.834396
6/4/2023 7:35:00 AM,9.434096
6/4/2023 7:40:00 AM,8.770346
6/4/2023 7:45:00 AM,6.448096
6/4/2023 7:50:00 AM,5.625916
6/4/2023 7:55:00 AM,5.668096
6/4/2023 8:00:00 AM,5.668096
6/4/2023 8:05:00 AM,12.810046
6/4/2023 8:10:00 AM,11.992173
6/4/2023 8:15:00 AM,10.582703
6/4/2023 8:20:00 AM,9.816583
6/4/2023 8:25:00 AM,9.455050
6/4/2023 8:30:00 AM,10.528600
6/4/2023 8:35:00 AM,9.970800
6/4/2023 8:40:00 AM,8.620580
6/4/2023 8:45:00 AM,8.172276
6/4/2023 8:50:00 AM,8.267730
6/4/2023 8:55:00 AM,7.672020
6/4/2023 9:00:00 AM,12.247863
6/4/2023 9:05:00 AM,11.836010
6/4/2023 9:10:00 AM,12.022053
6/4/2023 9:15:00 AM,12.243106
6/4/2023 9:20:00 AM,12.295433
6/4/2023 9:25:00 AM,12.293673
6/4/2023 9:30:00 AM,12.569843
6/4/2023 9:35:00 AM,13.117703
6/4/2023 9:40:00 AM,14.082770
6/4/2023 9:45:00 AM,16.411653
6/4/2023 9:50:00 AM,14.623093
6/4/2023 9:55:00 AM,16.450586
6/4/2023 10:00:00 AM,18.753540
6/4/2023 10:05:00 AM,18.555943
6/4/2023 10:10:00 AM,18.750346
6/4/2023 10:15:00 AM,18.707226
6/4/2023 10:20:00 AM,18.719326
6/4/2023 10:25:00 AM,18.847370
6/4/2023 10:30:00 AM,18.930250
6/4/2023 10:35:00 AM,18.822483
6/4/2023 10:40:00 AM,19.003230
6/4/2023 10:45:00 AM,19.029243
6/4/2023 10:50:00 AM,18.843060
6/4/2023 10:55:00 AM,18.800306
6/4/2023 11:00:00 AM,18.553363
6/4/2023 11:05:00 AM,16.570626
6/4/2023 11:10:00 AM,16.438990
6/4/2023 11:15:00 AM,14.327303
6/4/2023 11:20:00 AM,12.807363
6/4/2023 11:25:00 AM,15.105593
6/4/2023 11:30:00 AM,15.857493
6/4/2023 11:35:00 AM,15.035136
6/4/2023 11:40:00 AM,14.264270
6/4/2023 11:45:00 AM,14.407653
6/4/2023 11:50:00 AM,15.307086
6/4/2023 11:55:00 AM,15.123093
6/4/2023 12:00:00 PM,12.972916
6/4/2023 12:05:00 PM,13.034410
6/4/2023 12:10:00 PM,13.113300
6/4/2023 12:15:00 PM,12.885973
6/4/2023 12:20:00 PM,12.392900
6/4/2023 12:25:00 PM,12.556180
6/4/2023 12:30:00 PM,12.358486
6/4/2023 12:35:00 PM,12.240863
6/4/2023 12:40:00 PM,12.587153
6/4/2023 12:45:00 PM,12.807490
6/4/2023 12:50:00 PM,12.851320
6/4/2023 12:55:00 PM,12.894190
6/4/2023 1:00:00 PM,12.992366
6/4/2023 1:05:00 PM,12.710680
6/4/2023 1:10:00 PM,13.788743
6/4/2023 1:15:00 PM,13.742046
6/4/2023 1:20:00 PM,13.653146
6/4/2023 1:25:00 PM,13.885016
6/4/2023 1:30:00 PM,14.022813
6/4/2023 1:35:00 PM,13.901563
6/4/2023 1:40:00 PM,14.583430
6/4/2023 1:45:00 PM,14.378273
6/4/2023 1:50:00 PM,14.276036
6/4/2023 1:55:00 PM,15.139610
6/4/2023 2:00:00 PM,14.801860
6/4/2023 2:05:00 PM,14.273523
6/4/2023 2:10:00 PM,14.592720
6/4/2023 2:15:00 PM,14.141656
6/4/2023 2:20:00 PM,14.197463
6/4/2023 2:25:00 PM,13.917426
6/4/2023 2:30:00 PM,13.931210
6/4/2023 2:35:00 PM,14.591016
6/4/2023 2:40:00 PM,15.186583
6/4/2023 2:45:00 PM,16.375366
6/4/2023 2:50:00 PM,17.018146
6/4/2023 2:55:00 PM,16.245863
6/4/2023 3:00:00 PM,15.585353
6/4/2023 3:05:00 PM,13.713000
6/4/2023 3:10:00 PM,15.044176
6/4/2023 3:15:00 PM,14.965680
6/4/2023 3:20:00 PM,14.305586
6/4/2023 3:25:00 PM,17.760083
6/4/2023 3:30:00 PM,16.983580
6/4/2023 3:35:00 PM,17.119840
6/4/2023 3:40:00 PM,18.921143
6/4/2023 3:45:00 PM,20.227296
6/4/2023 3:50:00 PM,19.742663
6/4/2023 3:55:00 PM,19.997980
6/4/2023 4:00:00 PM,16.566493
6/4/2023 4:05:00 PM,17.056850
6/4/2023 4:10:00 PM,17.896663
6/4/2023 4:15:00 PM,19.361106
6/4/2023 4:20:00 PM,18.279996
6/4/2023 4:25:00 PM,19.171413
6/4/2023 4:30:00 PM,18.617136
6/4/2023 4:35:00 PM,20.037343
6/4/2023 4:40:00 PM,21.252826
6/4/2023 4:45:00 PM,21.837043
6/4/2023 4:50:00 PM,23.751563
6/4/2023 4:55:00 PM,25.101963
6/4/2023 5:00:00 PM,25.019840
6/4/2023 5:05:00 PM,22.331203
6/4/2023 5:10:00 PM,28.412596
6/4/2023 5:15:00 PM,30.701040
6/4/2023 5:20:00 PM,32.281050
6/4/2023 5:25:00 PM,32.946803
6/4/2023 5:30:00 PM,34.203883
6/4/2023 5:35:00 PM,40.137683
6/4/2023 5:40:00 PM,42.486273
6/4/2023 5:45:00 PM,46.729300
6/4/2023 5:50:00 PM,49.661140
6/4/2023 5:55:00 PM,49.782083
6/4/2023 6:00:00 PM,30.109390
6/4/2023 6:05:00 PM,30.115733
6/4/2023 6:10:00 PM,33.255956
6/4/2023 6:15:00 PM,35.130673
6/4/2023 6:20:00 PM,40.221316
6/4/2023 6:25:00 PM,42.281906
6/4/2023 6:30:00 PM,43.260690
6/4/2023 6:35:00 PM,49.145773
6/4/2023 6:40:00 PM,57.067293
6/4/2023 6:45:00 PM,65.298006
6/4/2023 6:50:00 PM,81.158686
6/4/2023 6:55:00 PM,130.288690
6/4/2023 7:00:00 PM,82.512370
6/4/2023 7:05:00 PM,83.082046
6/4/2023 7:10:00 PM,79.838393
6/4/2023 7:15:00 PM,88.238660
6/4/2023 7:20:00 PM,112.776546
6/4/2023 7:25:00 PM,108.287360
6/4/2023 7:30:00 PM,111.989466
6/4/2023 7:35:00 PM,113.058830
6/4/2023 7:40:00 PM,106.690866
6/4/2023 7:45:00 PM,99.559743
6/4/2023 7:50:00 PM,100.384353
6/4/2023 7:55:00 PM,99.962160
6/4/2023 8:00:00 PM,112.128073
6/4/2023 8:05:00 PM,104.527513
6/4/2023 8:10:00 PM,86.681533
6/4/2023 8:15:00 PM,87.539006
6/4/2023 8:20:00 PM,87.967370
6/4/2023 8:25:00 PM,85.925533
6/4/2023 8:30:00 PM,80.757720
6/4/2023 8:35:00 PM,87.540610
6/4/2023 8:40:00 PM,70.840300
6/4/2023 8:45:00 PM,59.338653
6/4/2023 8:50:00 PM,55.967963
6/4/2023 8:55:00 PM,50.999923
6/4/2023 9:00:00 PM,60.297060
6/4/2023 9:05:00 PM,58.743433
6/4/2023 9:10:00 PM,48.417590
6/4/2023 9:15:00 PM,46.185126
6/4/2023 9:20:00 PM,45.508760
6/4/2023 9:25:00 PM,46.289163
6/4/2023 9:30:00 PM,43.897000
6/4/2023 9:35:00 PM,43.824256
6/4/2023 9:40:00 PM,41.625790
6/4/2023 9:45:00 PM,41.325520
6/4/2023 9:50:00 PM,41.325520
6/4/2023 9:55:00 PM,41.325520
6/4/2023 10:00:00 PM,45.341550
6/4/2023 10:05:00 PM,45.560550
6/4/2023 10:10:00 PM,45.456236
6/4/2023 10:15:00 PM,44.901513
6/4/2023 10:20:00 PM,40.492136
6/4/2023 10:25:00 PM,39.762410
6/4/2023 10:30:00 PM,38.883763
6/4/2023 10:35:00 PM,38.474976
6/4/2023 10:40:00 PM,36.342390
6/4/2023 10:45:00 PM,33.606336
6/4/2023 10:50:00 PM,33.505976
6/4/2023 10:55:00 PM,32.735986
6/4/2023 11:00:00 PM,43.478443
6/4/2023 11:05:00 PM,43.706496
6/4/2023 11:10:00 PM,40.454556
6/4/2023 11:15:00 PM,32.310840
6/4/2023 11:20:00 PM,30.920263
6/4/2023 11:25:00 PM,30.001420
6/4/2023 11:30:00 PM,29.336280
6/4/2023 11:35:00 PM,29.828420
6/4/2023 11:40:00 PM,29.600356
6/4/2023 11:45:00 PM,28.869796
6/4/2023 11:50:00 PM,28.502616
6/4/2023 11:55:00 PM,29.271933
6/5/2023 12:00:00 AM,37.792366
6/5/2023 12:05:00 AM,37.792366
6/5/2023 12:10:00 AM,37.792366
6/5/2023 12:15:00 AM,37.295660
6/5/2023 12:20:00 AM,37.295660
6/5/2023 12:25:00 AM,37.285780
6/5/2023 12:30:00 AM,34.688896
6/5/2023 12:35:00 AM,36.552030
6/5/2023 12:40:00 AM,31.662150
6/5/2023 12:45:00 AM,30.073283
6/5/2023 12:50:00 AM,30.030803
6/5/2023 12:55:00 AM,32.878633
6/5/2023 1:00:00 AM,36.545520
6/5/2023 1:05:00 AM,32.658153
6/5/2023 1:10:00 AM,32.658153
6/5/2023 1:15:00 AM,27.261693
6/5/2023 1:20:00 AM,33.299203
6/5/2023 1:25:00 AM,29.586133
6/5/2023 1:30:00 AM,29.292160
6/5/2023 1:35:00 AM,29.801063
6/5/2023 1:40:00 AM,29.776780
6/5/2023 1:45:00 AM,32.732960
6/5/2023 1:50:00 AM,32.732960
6/5/2023 1:55:00 AM,36.032473
6/5/2023 2:00:00 AM,34.536240
6/5/2023 2:05:00 AM,36.139586
6/5/2023 2:10:00 AM,32.862663
6/5/2023 2:15:00 AM,32.119973
6/5/2023 2:20:00 AM,33.211680
6/5/2023 2:25:00 AM,32.725150
6/5/2023 2:30:00 AM,31.886500
6/5/2023 2:35:00 AM,31.528790
6/5/2023 2:40:00 AM,30.707400
6/5/2023 2:45:00 AM,29.113680
6/5/2023 2:50:00 AM,27.946006
6/5/2023 2:55:00 AM,27.824046
6/5/2023 3:00:00 AM,29.452276
6/5/2023 3:05:00 AM,28.208780
6/5/2023 3:10:00 AM,27.744656
6/5/2023 3:15:00 AM,27.642393
6/5/2023 3:20:00 AM,27.642393
6/5/2023 3:25:00 AM,27.642393
6/5/2023 3:30:00 AM,27.642536
6/5/2023 3:35:00 AM,27.642536
6/5/2023 3:40:00 AM,27.642536
6/5/2023 3:45:00 AM,27.148130
6/5/2023 3:50:00 AM,27.656290
6/5/2023 3:55:00 AM,29.568470
6/5/2023 4:00:00 AM,27.669486
6/5/2023 4:05:00 AM,29.303396
6/5/2023 4:10:00 AM,29.805490
6/5/2023 4:15:00 AM,29.883336
6/5/2023 4:20:00 AM,31.519783
6/5/2023 4:25:00 AM,32.125646
6/5/2023 4:30:00 AM,32.222233
6/5/2023 4:35:00 AM,33.968020
6/5/2023 4:40:00 AM,39.003013
6/5/2023 4:45:00 AM,41.635753
6/5/2023 4:50:00 AM,41.462546
6/5/2023 4:55:00 AM,43.182970
6/5/2023 5:00:00 AM,37.708006
6/5/2023 5:05:00 AM,40.248120
6/5/2023 5:10:00 AM,37.640560
6/5/2023 5:15:00 AM,41.391350
6/5/2023 5:20:00 AM,41.391350
6/5/2023 5:25:00 AM,44.268416
6/5/2023 5:30:00 AM,48.301826
6/5/2023 5:35:00 AM,48.301826
6/5/2023 5:40:00 AM,46.613090
6/5/2023 5:45:00 AM,44.294916
6/5/2023 5:50:00 AM,42.554666
6/5/2023 5:55:00 AM,44.463823
6/5/2023 6:00:00 AM,56.469560
6/5/2023 6:05:00 AM,57.056573
6/5/2023 6:10:00 AM,48.616136
6/5/2023 6:15:00 AM,42.736156
6/5/2023 6:20:00 AM,43.205603
6/5/2023 6:25:00 AM,41.016013
6/5/2023 6:30:00 AM,39.960660
6/5/2023 6:35:00 AM,35.033860
6/5/2023 6:40:00 AM,34.846516
6/5/2023 6:45:00 AM,32.690556
6/5/2023 6:50:00 AM,27.977446
6/5/2023 6:55:00 AM,32.595856
6/5/2023 7:00:00 AM,42.515350
6/5/2023 7:05:00 AM,35.295733
6/5/2023 7:10:00 AM,29.134563
6/5/2023 7:15:00 AM,26.855626
6/5/2023 7:20:00 AM,26.739516
6/5/2023 7:25:00 AM,29.766483
6/5/2023 7:30:00 AM,25.005223
6/5/2023 7:35:00 AM,26.848356
6/5/2023 7:40:00 AM,23.307680
6/5/2023 7:45:00 AM,21.365300
6/5/2023 7:50:00 AM,19.562893
6/5/2023 7:55:00 AM,20.224516
6/5/2023 8:00:00 AM,25.316423
6/5/2023 8:05:00 AM,26.402316
6/5/2023 8:10:00 AM,25.563556
6/5/2023 8:15:00 AM,27.144716
6/5/2023 8:20:00 AM,27.871930
6/5/2023 8:25:00 AM,27.939136
6/5/2023 8:30:00 AM,33.816100
6/5/2023 8:35:00 AM,29.128730
6/5/2023 8:40:00 AM,28.472820
6/5/2023 8:45:00 AM,26.211870
6/5/2023 8:50:00 AM,25.860153
6/5/2023 8:55:00 AM,24.138716
6/5/2023 9:00:00 AM,25.756600
6/5/2023 9:05:00 AM,24.577923
6/5/2023 9:10:00 AM,27.952423
6/5/2023 9:15:00 AM,27.597843
6/5/2023 9:20:00 AM,34.742916
6/5/2023 9:25:00 AM,34.153113
6/5/2023 9:30:00 AM,30.712073
6/5/2023 9:35:00 AM,30.442823
6/5/2023 9:40:00 AM,29.445283
6/5/2023 9:45:00 AM,27.860766
6/5/2023 9:50:00 AM,24.061306
6/5/2023 9:55:00 AM,24.393500
6/5/2023 10:00:00 AM,29.571756
6/5/2023 10:05:00 AM,27.473973
6/5/2023 10:10:00 AM,21.097056
6/5/2023 10:15:00 AM,23.952430
6/5/2023 10:20:00 AM,24.902020
6/5/2023 10:25:00 AM,26.951213
6/5/2023 10:30:00 AM,26.281153
6/5/2023 10:35:00 AM,28.326503
6/5/2023 10:40:00 AM,30.689383
6/5/2023 10:45:00 AM,39.578423
6/5/2023 10:50:00 AM,35.740843
6/5/2023 10:55:00 AM,35.533616
6/5/2023 11:00:00 AM,33.964406
6/5/2023 11:05:00 AM,35.244876
6/5/2023 11:10:00 AM,35.779630
6/5/2023 11:15:00 AM,35.227986
6/5/2023 11:20:00 AM,35.469613
6/5/2023 11:25:00 AM,33.410936
6/5/2023 11:30:00 AM,33.173713
6/5/2023 11:35:00 AM,32.348880
6/5/2023 11:40:00 AM,30.169460
6/5/2023 11:45:00 AM,32.955086
6/5/2023 11:50:00 AM,31.991473
6/5/2023 11:55:00 AM,31.444280
6/5/2023 12:00:00 PM,28.712630
6/5/2023 12:05:00 PM,31.011893
6/5/2023 12:10:00 PM,31.072976
6/5/2023 12:15:00 PM,33.346670
6/5/2023 12:20:00 PM,32.405560
6/5/2023 12:25:00 PM,32.624536
6/5/2023 12:30:00 PM,36.521936
6/5/2023 12:35:00 PM,41.616486
6/5/2023 12:40:00 PM,36.162943
6/5/2023 12:45:00 PM,41.841040
6/5/2023 12:50:00 PM,39.588643
6/5/2023 12:55:00 PM,45.828993
6/5/2023 1:00:00 PM,33.471393
6/5/2023 1:05:00 PM,41.326536
6/5/2023 1:10:00 PM,40.951776
6/5/2023 1:15:00 PM,52.191483
6/5/2023 1:20:00 PM,52.095036
6/5/2023 1:25:00 PM,52.738753
6/5/2023 1:30:00 PM,52.753683
6/5/2023 1:35:00 PM,53.471550
6/5/2023 1:40:00 PM,44.279610
6/5/2023 1:45:00 PM,45.594320
6/5/2023 1:50:00 PM,45.007396
6/5/2023 1:55:00 PM,42.674783
6/5/2023 2:00:00 PM,43.823813
6/5/2023 2:05:00 PM,38.390413
6/5/2023 2:10:00 PM,41.790596
6/5/2023 2:15:00 PM,36.412816
6/5/2023 2:20:00 PM,37.160940
6/5/2023 2:25:00 PM,36.728323
6/5/2023 2:30:00 PM,40.545340
6/5/2023 2:35:00 PM,44.325606
6/5/2023 2:40:00 PM,44.620576
6/5/2023 2:45:00 PM,47.891253
6/5/2023 2:50:00 PM,39.960943
6/5/2023 2:55:00 PM,35.625856
6/5/2023 3:00:00 PM,30.955856
6/5/2023 3:05:00 PM,33.964663
6/5/2023 3:10:00 PM,37.341836
6/5/2023 3:15:00 PM,31.095476
6/5/2023 3:20:00 PM,31.739370
6/5/2023 3:25:00 PM,32.194210
6/5/2023 3:30:00 PM,34.057880
6/5/2023 3:35:00 PM,37.299873
6/5/2023 3:40:00 PM,36.892580
6/5/2023 3:45:00 PM,36.154906
6/5/2023 3:50:00 PM,31.310683
6/5/2023 3:55:00 PM,30.695543
6/5/2023 4:00:00 PM,37.555893
6/5/2023 4:05:00 PM,31.588346
6/5/2023 4:10:00 PM,38.425243
6/5/2023 4:15:00 PM,43.191070
6/5/2023 4:20:00 PM,46.243466
6/5/2023 4:25:00 PM,49.666853
6/5/2023 4:30:00 PM,46.085123
6/5/2023 4:35:00 PM,46.302630
6/5/2023 4:40:00 PM,46.790383
6/5/2023 4:45:00 PM,50.295380
6/5/2023 4:50:00 PM,49.691556
6/5/2023 4:55:00 PM,49.024620
6/5/2023 5:00:00 PM,46.367526
6/5/2023 5:05:00 PM,42.187203
6/5/2023 5:10:00 PM,51.113250
6/5/2023 5:15:00 PM,48.749336
6/5/2023 5:20:00 PM,54.799963
6/5/2023 5:25:00 PM,52.626723
6/5/2023 5:30:00 PM,54.135370
6/5/2023 5:35:00 PM,54.778290
6/5/2023 5:40:00 PM,59.836186
6/5/2023 5:45:00 PM,66.363240
6/5/2023 5:50:00 PM,70.025973
6/5/2023 5:55:00 PM,72.239540
6/5/2023 6:00:00 PM,40.610980
6/5/2023 6:05:00 PM,38.847866
6/5/2023 6:10:00 PM,41.162413
6/5/2023 6:15:00 PM,39.774330
6/5/2023 6:20:00 PM,44.171393
6/5/2023 6:25:00 PM,44.583873
6/5/2023 6:30:00 PM,48.674886
6/5/2023 6:35:00 PM,49.899353
6/5/2023 6:40:00 PM,58.865003
6/5/2023 6:45:00 PM,69.072423
6/5/2023 6:50:00 PM,69.072423
6/5/2023 6:55:00 PM,71.484140
6/5/2023 7:00:00 PM,64.510796
6/5/2023 7:05:00 PM,64.940053
6/5/2023 7:10:00 PM,64.940236
6/5/2023 7:15:00 PM,64.936703
6/5/2023 7:20:00 PM,65.946820
6/5/2023 7:25:00 PM,64.934756
6/5/2023 7:30:00 PM,63.926833
6/5/2023 7:35:00 PM,64.940780
6/5/2023 7:40:00 PM,63.926830
6/5/2023 7:45:00 PM,63.827273
6/5/2023 7:50:00 PM,63.830230
6/5/2023 7:55:00 PM,64.908523
6/5/2023 8:00:00 PM,63.850970
6/5/2023 8:05:00 PM,63.858403
6/5/2023 8:10:00 PM,63.839016
6/5/2023 8:15:00 PM,63.677976
6/5/2023 8:20:00 PM,62.367026
6/5/2023 8:25:00 PM,57.586956
6/5/2023 8:30:00 PM,53.019853
6/5/2023 8:35:00 PM,52.950620
6/5/2023 8:40:00 PM,53.215406
6/5/2023 8:45:00 PM,47.903536
6/5/2023 8:50:00 PM,45.528093
6/5/2023 8:55:00 PM,45.278686
6/5/2023 9:00:00 PM,45.896523
6/5/2023 9:05:00 PM,45.906706
6/5/2023 9:10:00 PM,45.895210
6/5/2023 9:15:00 PM,45.649493
6/5/2023 9:20:00 PM,45.380926
6/5/2023 9:25:00 PM,49.097336
6/5/2023 9:30:00 PM,50.345953
6/5/2023 9:35:00 PM,51.844823
6/5/2023 9:40:00 PM,52.743810
6/5/2023 9:45:00 PM,53.707206
6/5/2023 9:50:00 PM,53.793113
6/5/2023 9:55:00 PM,53.791820
6/5/2023 10:00:00 PM,65.931926
6/5/2023 10:05:00 PM,69.261240
6/5/2023 10:10:00 PM,61.866973
6/5/2023 10:15:00 PM,56.584616
6/5/2023 10:20:00 PM,47.848103
6/5/2023 10:25:00 PM,43.762960
6/5/2023 10:30:00 PM,41.749386
6/5/2023 10:35:00 PM,39.729006
6/5/2023 10:40:00 PM,33.142663
6/5/2023 10:45:00 PM,32.425206
6/5/2023 10:50:00 PM,31.374153
6/5/2023 10:55:00 PM,31.046733
6/5/2023 11:00:00 PM,32.631376
6/5/2023 11:05:00 PM,33.006426
6/5/2023 11:10:00 PM,33.202306
6/5/2023 11:15:00 PM,31.630770
6/5/2023 11:20:00 PM,32.737520
6/5/2023 11:25:00 PM,31.870046
6/5/2023 11:30:00 PM,29.772440
6/5/2023 11:35:00 PM,29.836190
6/5/2023 11:40:00 PM,29.644830
6/5/2023 11:45:00 PM,30.257290
6/5/2023 11:50:00 PM,29.365490
6/5/2023 11:55:00 PM,30.917513
6/6/2023 12:00:00 AM,33.608046
6/6/2023 12:05:00 AM,36.354443
6/6/2023 12:10:00 AM,36.186916
6/6/2023 12:15:00 AM,37.577426
6/6/2023 12:20:00 AM,38.332566
6/6/2023 12:25:00 AM,40.188666
6/6/2023 12:30:00 AM,42.423020
6/6/2023 12:35:00 AM,42.982103
6/6/2023 12:40:00 AM,41.079113
6/6/2023 12:45:00 AM,37.595833
6/6/2023 12:50:00 AM,35.876373
6/6/2023 12:55:00 AM,35.640866
6/6/2023 1:00:00 AM,36.179950
6/6/2023 1:05:00 AM,35.782576
6/6/2023 1:10:00 AM,33.514533
6/6/2023 1:15:00 AM,33.293753
6/6/2023 1:20:00 AM,33.862803
6/6/2023 1:25:00 AM,33.541920
6/6/2023 1:30:00 AM,33.640016
6/6/2023 1:35:00 AM,33.493600
6/6/2023 1:40:00 AM,33.468810
6/6/2023 1:45:00 AM,31.420053
6/6/2023 1:50:00 AM,31.778906
6/6/2023 1:55:00 AM,28.293793
6/6/2023 2:00:00 AM,30.346180
6/6/2023 2:05:00 AM,30.865046
6/6/2023 2:10:00 AM,30.378716
6/6/2023 2:15:00 AM,30.241260
6/6/2023 2:20:00 AM,30.530560
6/6/2023 2:25:00 AM,30.350370
6/6/2023 2:30:00 AM,30.096043
6/6/2023 2:35:00 AM,29.769686
6/6/2023 2:40:00 AM,31.337790
6/6/2023 2:45:00 AM,32.899403
6/6/2023 2:50:00 AM,32.029656
6/6/2023 2:55:00 AM,30.845863
6/6/2023 3:00:00 AM,33.401616
6/6/2023 3:05:00 AM,32.568040
6/6/2023 3:10:00 AM,31.259866
6/6/2023 3:15:00 AM,32.288336
6/6/2023 3:20:00 AM,34.352803
6/6/2023 3:25:00 AM,33.385013
6/6/2023 3:30:00 AM,33.606316
6/6/2023 3:35:00 AM,33.817133
6/6/2023 3:40:00 AM,35.034556
6/6/2023 3:45:00 AM,36.003703
6/6/2023 3:50:00 AM,33.476313
6/6/2023 3:55:00 AM,34.938366
6/6/2023 4:00:00 AM,34.251516
6/6/2023 4:05:00 AM,32.665300
6/6/2023 4:10:00 AM,33.739596
6/6/2023 4:15:00 AM,33.929650
6/6/2023 4:20:00 AM,34.490290
6/6/2023 4:25:00 AM,34.448373
6/6/2023 4:30:00 AM,35.544416
6/6/2023 4:35:00 AM,35.446803
6/6/2023 4:40:00 AM,35.081516
6/6/2023 4:45:00 AM,35.016533
6/6/2023 4:50:00 AM,34.535900
6/6/2023 4:55:00 AM,34.805180
6/6/2023 5:00:00 AM,39.265150
6/6/2023 5:05:00 AM,37.155826
6/6/2023 5:10:00 AM,33.383390
6/6/2023 5:15:00 AM,34.240930
6/6/2023 5:20:00 AM,38.810330
6/6/2023 5:25:00 AM,38.772640
6/6/2023 5:30:00 AM,39.342663
6/6/2023 5:35:00 AM,38.795926
6/6/2023 5:40:00 AM,38.052803
6/6/2023 5:45:00 AM,35.801226
6/6/2023 5:50:00 AM,32.578380
6/6/2023 5:55:00 AM,36.706296
6/6/2023 6:00:00 AM,39.690840
6/6/2023 6:05:00 AM,36.706556
6/6/2023 6:10:00 AM,36.294966
6/6/2023 6:15:00 AM,35.497663
6/6/2023 6:20:00 AM,34.104303
6/6/2023 6:25:00 AM,34.163113
6/6/2023 6:30:00 AM,31.561203
6/6/2023 6:35:00 AM,27.547736
6/6/2023 6:40:00 AM,26.122536
6/6/2023 6:45:00 AM,24.685363
6/6/2023 6:50:00 AM,24.516746
6/6/2023 6:55:00 AM,23.733800
6/6/2023 7:00:00 AM,29.536343
6/6/2023 7:05:00 AM,28.328880
6/6/2023 7:10:00 AM,26.818723
6/6/2023 7:15:00 AM,24.519656
6/6/2023 7:20:00 AM,24.707950
6/6/2023 7:25:00 AM,25.659643
6/6/2023 7:30:00 AM,28.546166
6/6/2023 7:35:00 AM,26.815176
6/6/2023 7:40:00 AM,28.301920
6/6/2023 7:45:00 AM,29.811730
6/6/2023 7:50:00 AM,27.935573
6/6/2023 7:55:00 AM,29.787160
6/6/2023 8:00:00 AM,40.496110
6/6/2023 8:05:00 AM,43.112403
6/6/2023 8:10:00 AM,46.449653
6/6/2023 8:15:00 AM,43.446956
6/6/2023 8:20:00 AM,38.276713
6/6/2023 8:25:00 AM,43.477153
6/6/2023 8:30:00 AM,37.331570
6/6/2023 8:35:00 AM,37.981563
6/6/2023 8:40:00 AM,35.701433
6/6/2023 8:45:00 AM,36.794313
6/6/2023 8:50:00 AM,35.473633
6/6/2023 8:55:00 AM,33.966610
6/6/2023 9:00:00 AM,43.316840
6/6/2023 9:05:00 AM,41.484646
6/6/2023 9:10:00 AM,37.304423
6/6/2023 9:15:00 AM,38.394730
6/6/2023 9:20:00 AM,38.333920
6/6/2023 9:25:00 AM,37.941693
6/6/2023 9:30:00 AM,36.220003
6/6/2023 9:35:00 AM,36.214890
6/6/2023 9:40:00 AM,35.811446
6/6/2023 9:45:00 AM,35.074630
6/6/2023 9:50:00 AM,30.580960
6/6/2023 9:55:00 AM,27.624390
6/6/2023 10:00:00 AM,35.375226
6/6/2023 10:05:00 AM,29.644226
6/6/2023 10:10:00 AM,29.538270
6/6/2023 10:15:00 AM,29.583673
6/6/2023 10:20:00 AM,29.995593
6/6/2023 10:25:00 AM,27.304720
6/6/2023 10:30:00 AM,27.512943
6/6/2023 10:35:00 AM,26.299813
6/6/2023 10:40:00 AM,26.308646
6/6/2023 10:45:00 AM,28.670406
6/6/2023 10:50:00 AM,26.783600
6/6/2023 10:55:00 AM,27.630270
6/6/2023 11:00:00 AM,36.863720
6/6/2023 11:05:00 AM,34.346343
6/6/2023 11:10:00 AM,35.286550
6/6/2023 11:15:00 AM,32.863380
6/6/2023 11:20:00 AM,30.817653
6/6/2023 11:25:00 AM,33.621640
6/6/2023 11:30:00 AM,29.432506
6/6/2023 11:35:00 AM,29.884550
6/6/2023 11:40:00 AM,28.292380
6/6/2023 11:45:00 AM,28.384933
6/6/2023 11:50:00 AM,21.760240
6/6/2023 11:55:00 AM,21.644363
6/6/2023 12:00:00 PM,28.579893
6/6/2023 12:05:00 PM,27.442320
6/6/2023 12:10:00 PM,26.403520
6/6/2023 12:15:00 PM,25.602066
6/6/2023 12:20:00 PM,23.743986
6/6/2023 12:25:00 PM,25.685046
6/6/2023 12:30:00 PM,26.808216
6/6/2023 12:35:00 PM,26.790600
6/6/2023 12:40:00 PM,27.380226
6/6/2023 12:45:00 PM,27.219220
6/6/2023 12:50:00 PM,22.870290
6/6/2023 12:55:00 PM,27.245623
6/6/2023 1:00:00 PM,33.096553
6/6/2023 1:05:00 PM,31.892890
6/6/2023 1:10:00 PM,30.769073
6/6/2023 1:15:00 PM,32.764776
6/6/2023 1:20:00 PM,32.782443
6/6/2023 1:25:00 PM,32.929743
6/6/2023 1:30:00 PM,29.225406
6/6/2023 1:35:00 PM,29.397500
6/6/2023 1:40:00 PM,29.230966
6/6/2023 1:45:00 PM,28.619636
6/6/2023 1:50:00 PM,23.994626
6/6/2023 1:55:00 PM,23.728413
6/6/2023 2:00:00 PM,24.254016
6/6/2023 2:05:00 PM,24.221153
6/6/2023 2:10:00 PM,24.027480
6/6/2023 2:15:00 PM,23.871706
6/6/2023 2:20:00 PM,26.146670
6/6/2023 2:25:00 PM,26.055470
6/6/2023 2:30:00 PM,28.922590
6/6/2023 2:35:00 PM,32.349426
6/6/2023 2:40:00 PM,29.961816
6/6/2023 2:45:00 PM,30.244793
6/6/2023 2:50:00 PM,26.207953
6/6/2023 2:55:00 PM,27.082340
6/6/2023 3:00:00 PM,22.367593
6/6/2023 3:05:00 PM,23.019650
6/6/2023 3:10:00 PM,25.755733
6/6/2023 3:15:00 PM,26.111643
6/6/2023 3:20:00 PM,30.237883
6/6/2023 3:25:00 PM,32.385890
6/6/2023 3:30:00 PM,32.059120
6/6/2023 3:35:00 PM,31.906603
6/6/2023 3:40:00 PM,33.861086
6/6/2023 3:45:00 PM,35.438290
6/6/2023 3:50:00 PM,30.452873
6/6/2023 3:55:00 PM,31.314516
6/6/2023 4:00:00 PM,34.206680
6/6/2023 4:05:00 PM,32.016186
6/6/2023 4:10:00 PM,31.947016
6/6/2023 4:15:00 PM,34.510426
6/6/2023 4:20:00 PM,30.749753
6/6/2023 4:25:00 PM,29.692530
6/6/2023 4:30:00 PM,28.771900
6/6/2023 4:35:00 PM,29.886653
6/6/2023 4:40:00 PM,30.984363
6/6/2023 4:45:00 PM,30.258183
6/6/2023 4:50:00 PM,29.025410
6/6/2023 4:55:00 PM,30.077043
6/6/2023 5:00:00 PM,38.433340
6/6/2023 5:05:00 PM,33.852530
6/6/2023 5:10:00 PM,38.953170
6/6/2023 5:15:00 PM,43.505760
6/6/2023 5:20:00 PM,45.599900
6/6/2023 5:25:00 PM,45.982083
6/6/2023 5:30:00 PM,50.800000
6/6/2023 5:35:00 PM,52.770000
6/6/2023 5:40:00 PM,52.310000
6/6/2023 5:45:00 PM,52.987523
6/6/2023 5:50:00 PM,49.686986
6/6/2023 5:55:00 PM,50.189360
6/6/2023 6:00:00 PM,32.793523
6/6/2023 6:05:00 PM,32.218643
6/6/2023 6:10:00 PM,33.692420
6/6/2023 6:15:00 PM,33.587676
6/6/2023 6:20:00 PM,35.751826
6/6/2023 6:25:00 PM,37.105130
6/6/2023 6:30:00 PM,34.228983
6/6/2023 6:35:00 PM,37.080390
6/6/2023 6:40:00 PM,42.734580
6/6/2023 6:45:00 PM,45.591533
6/6/2023 6:50:00 PM,43.662913
6/6/2023 6:55:00 PM,39.593473
6/6/2023 7:00:00 PM,38.175676
6/6/2023 7:05:00 PM,37.669870
6/6/2023 7:10:00 PM,36.004173
6/6/2023 7:15:00 PM,35.375840
6/6/2023 7:20:00 PM,36.345113
6/6/2023 7:25:00 PM,39.885063
6/6/2023 7:30:00 PM,42.045650
6/6/2023 7:35:00 PM,42.239623
6/6/2023 7:40:00 PM,40.318136
6/6/2023 7:45:00 PM,43.125970
6/6/2023 7:50:00 PM,39.939136
6/6/2023 7:55:00 PM,43.393713
6/6/2023 8:00:00 PM,46.476896
6/6/2023 8:05:00 PM,47.464283
6/6/2023 8:10:00 PM,47.280623
6/6/2023 8:15:00 PM,47.299043
6/6/2023 8:20:00 PM,46.534133
6/6/2023 8:25:00 PM,44.681340
6/6/2023 8:30:00 PM,41.631766
6/6/2023 8:35:00 PM,42.169893
6/6/2023 8:40:00 PM,42.375653
6/6/2023 8:45:00 PM,46.917980
6/6/2023 8:50:00 PM,46.683216
6/6/2023 8:55:00 PM,46.914210
6/6/2023 9:00:00 PM,48.270976
6/6/2023 9:05:00 PM,48.035366
6/6/2023 9:10:00 PM,45.172870
6/6/2023 9:15:00 PM,42.550223
6/6/2023 9:20:00 PM,42.353446
6/6/2023 9:25:00 PM,42.680613
6/6/2023 9:30:00 PM,35.443773
6/6/2023 9:35:00 PM,40.398463
6/6/2023 9:40:00 PM,39.285060
6/6/2023 9:45:00 PM,41.817280
6/6/2023 9:50:00 PM,42.422920
6/6/2023 9:55:00 PM,42.321126
6/6/2023 10:00:00 PM,49.562440
6/6/2023 10:05:00 PM,51.767323
6/6/2023 10:10:00 PM,47.714166
6/6/2023 10:15:00 PM,48.561393
6/6/2023 10:20:00 PM,43.384716
6/6/2023 10:25:00 PM,40.552070
6/6/2023 10:30:00 PM,37.329873
6/6/2023 10:35:00 PM,36.275736
6/6/2023 10:40:00 PM,35.129323
6/6/2023 10:45:00 PM,34.829410
6/6/2023 10:50:00 PM,34.310770
6/6/2023 10:55:00 PM,36.089600
6/6/2023 11:00:00 PM,37.828790
6/6/2023 11:05:00 PM,42.148013
6/6/2023 11:10:00 PM,41.498500
6/6/2023 11:15:00 PM,40.880936
6/6/2023 11:20:00 PM,41.645846
6/6/2023 11:25:00 PM,41.577753
6/6/2023 11:30:00 PM,40.558650
6/6/2023 11:35:00 PM,41.398023
6/6/2023 11:40:00 PM,38.720260
6/6/2023 11:45:00 PM,35.706043
6/6/2023 11:50:00 PM,35.428463
6/6/2023 11:55:00 PM,40.687956
6/7/2023 12:00:00 AM,56.658800
6/7/2023 12:05:00 AM,57.785973
6/7/2023 12:10:00 AM,53.537593
6/7/2023 12:15:00 AM,53.216460
6/7/2023 12:20:00 AM,48.404390
6/7/2023 12:25:00 AM,48.039703
6/7/2023 12:30:00 AM,44.249280
6/7/2023 12:35:00 AM,42.413046
6/7/2023 12:40:00 AM,39.865996
6/7/2023 12:45:00 AM,37.383283
6/7/2023 12:50:00 AM,34.265730
6/7/2023 12:55:00 AM,36.834980
6/7/2023 1:00:00 AM,35.519716
6/7/2023 1:05:00 AM,38.093096
6/7/2023 1:10:00 AM,42.244786
6/7/2023 1:15:00 AM,37.678266
6/7/2023 1:20:00 AM,37.678266
6/7/2023 1:25:00 AM,34.245406
6/7/2023 1:30:00 AM,33.601663
6/7/2023 1:35:00 AM,33.129406
6/7/2023 1:40:00 AM,33.129406
6/7/2023 1:45:00 AM,34.100386
6/7/2023 1:50:00 AM,33.930866
6/7/2023 1:55:00 AM,34.023560
6/7/2023 2:00:00 AM,35.763413
6/7/2023 2:05:00 AM,35.757596
6/7/2023 2:10:00 AM,35.747620
6/7/2023 2:15:00 AM,33.810446
6/7/2023 2:20:00 AM,34.301510
6/7/2023 2:25:00 AM,33.040340
6/7/2023 2:30:00 AM,32.373936
6/7/2023 2:35:00 AM,31.682533
6/7/2023 2:40:00 AM,31.634933
6/7/2023 2:45:00 AM,31.326850
6/7/2023 2:50:00 AM,31.157853
6/7/2023 2:55:00 AM,30.866016
6/7/2023 3:00:00 AM,32.627123
6/7/2023 3:05:00 AM,32.046446
6/7/2023 3:10:00 AM,31.633160
6/7/2023 3:15:00 AM,31.320100
6/7/2023 3:20:00 AM,32.370600
6/7/2023 3:25:00 AM,31.608970
6/7/2023 3:30:00 AM,31.546040
6/7/2023 3:35:00 AM,32.649473
6/7/2023 3:40:00 AM,32.766700
6/7/2023 3:45:00 AM,32.585783
6/7/2023 3:50:00 AM,33.032250
6/7/2023 3:55:00 AM,32.679386
6/7/2023 4:00:00 AM,32.922180
6/7/2023 4:05:00 AM,32.900350
6/7/2023 4:10:00 AM,32.681443
6/7/2023 4:15:00 AM,31.585293
6/7/2023 4:20:00 AM,32.853286
6/7/2023 4:25:00 AM,33.345773
6/7/2023 4:30:00 AM,35.204473
6/7/2023 4:35:00 AM,36.236236
6/7/2023 4:40:00 AM,39.213576
6/7/2023 4:45:00 AM,41.107360
6/7/2023 4:50:00 AM,40.553496
6/7/2023 4:55:00 AM,41.229133
6/7/2023 5:00:00 AM,42.618590
6/7/2023 5:05:00 AM,40.428320
6/7/2023 5:10:00 AM,41.352456
6/7/2023 5:15:00 AM,46.781780
6/7/2023 5:20:00 AM,47.809216
6/7/2023 5:25:00 AM,49.485876
6/7/2023 5:30:00 AM,51.092186
6/7/2023 5:35:00 AM,51.092186
6/7/2023 5:40:00 AM,51.189623
6/7/2023 5:45:00 AM,51.041016
6/7/2023 5:50:00 AM,47.925266
6/7/2023 5:55:00 AM,45.875293
6/7/2023 6:00:00 AM,48.954196
6/7/2023 6:05:00 AM,45.148606
6/7/2023 6:10:00 AM,45.587596
6/7/2023 6:15:00 AM,45.141873
6/7/2023 6:20:00 AM,43.064360
6/7/2023 6:25:00 AM,42.265343
6/7/2023 6:30:00 AM,40.232566
6/7/2023 6:35:00 AM,40.894710
6/7/2023 6:40:00 AM,40.294893
6/7/2023 6:45:00 AM,40.638253
6/7/2023 6:50:00 AM,31.665383
6/7/2023 6:55:00 AM,30.640100
6/7/2023 7:00:00 AM,35.944393
6/7/2023 7:05:00 AM,40.208196
6/7/2023 7:10:00 AM,39.581563
6/7/2023 7:15:00 AM,40.941860
6/7/2023 7:20:00 AM,41.521186
6/7/2023 7:25:00 AM,44.177443
6/7/2023 7:30:00 AM,43.616256
6/7/2023 7:35:00 AM,42.063660
6/7/2023 7:40:00 AM,44.020153
6/7/2023 7:45:00 AM,45.979930
6/7/2023 7:50:00 AM,44.497286
6/7/2023 7:55:00 AM,42.769016
6/7/2023 8:00:00 AM,44.735543
6/7/2023 8:05:00 AM,45.507986
6/7/2023 8:10:00 AM,44.046110
6/7/2023 8:15:00 AM,43.576783
6/7/2023 8:20:00 AM,40.952773
6/7/2023 8:25:00 AM,42.213086
6/7/2023 8:30:00 AM,39.778103
6/7/2023 8:35:00 AM,35.059313
6/7/2023 8:40:00 AM,35.246936
6/7/2023 8:45:00 AM,35.731403
6/7/2023 8:50:00 AM,33.666476
6/7/2023 8:55:00 AM,32.188130
6/7/2023 9:00:00 AM,31.963896
6/7/2023 9:05:00 AM,31.090613
6/7/2023 9:10:00 AM,30.407640
6/7/2023 9:15:00 AM,31.082570
6/7/2023 9:20:00 AM,31.075273
6/7/2023 9:25:00 AM,31.753303
6/7/2023 9:30:00 AM,33.314150
6/7/2023 9:35:00 AM,33.515420
6/7/2023 9:40:00 AM,31.887133
6/7/2023 9:45:00 AM,35.366030
6/7/2023 9:50:00 AM,36.421166
6/7/2023 9:55:00 AM,36.488946
6/7/2023 10:00:00 AM,43.131790
6/7/2023 10:05:00 AM,42.656073
6/7/2023 10:10:00 AM,45.112546
6/7/2023 10:15:00 AM,47.422516
6/7/2023 10:20:00 AM,47.121106
6/7/2023 10:25:00 AM,36.388003
6/7/2023 10:30:00 AM,38.884303
6/7/2023 10:35:00 AM,38.025633
6/7/2023 10:40:00 AM,37.453620
6/7/2023 10:45:00 AM,36.870730
6/7/2023 10:50:00 AM,32.249823
6/7/2023 10:55:00 AM,35.265156
6/7/2023 11:00:00 AM,31.461680
6/7/2023 11:05:00 AM,30.680903
6/7/2023 11:10:00 AM,32.263866
6/7/2023 11:15:00 AM,39.737113
6/7/2023 11:20:00 AM,37.484700
6/7/2023 11:25:00 AM,37.998506
6/7/2023 11:30:00 AM,31.468486
6/7/2023 11:35:00 AM,32.498436
6/7/2023 11:40:00 AM,34.819530
6/7/2023 11:45:00 AM,33.503463
6/7/2023 11:50:00 AM,37.040156
6/7/2023 11:55:00 AM,43.498320
6/7/2023 12:00:00 PM,39.980710
6/7/2023 12:05:00 PM,41.376776
6/7/2023 12:10:00 PM,40.936313
6/7/2023 12:15:00 PM,39.146016
6/7/2023 12:20:00 PM,34.896116
6/7/2023 12:25:00 PM,33.240220
6/7/2023 12:30:00 PM,33.752523
6/7/2023 12:35:00 PM,33.661206
6/7/2023 12:40:00 PM,37.205363
6/7/2023 12:45:00 PM,35.586316
6/7/2023 12:50:00 PM,33.775516
6/7/2023 12:55:00 PM,34.468166
6/7/2023 1:00:00 PM,31.239846
6/7/2023 1:05:00 PM,30.188406
6/7/2023 1:10:00 PM,31.276026
6/7/2023 1:15:00 PM,31.039850
6/7/2023 1:20:00 PM,28.969140
6/7/2023 1:25:00 PM,31.901246
6/7/2023 1:30:00 PM,28.454140
6/7/2023 1:35:00 PM,25.158556
6/7/2023 1:40:00 PM,26.566436
6/7/2023 1:45:00 PM,24.014403
6/7/2023 1:50:00 PM,21.816463
6/7/2023 1:55:00 PM,23.931186
6/7/2023 2:00:00 PM,21.807986
6/7/2023 2:05:00 PM,21.759556
6/7/2023 2:10:00 PM,23.125373
6/7/2023 2:15:00 PM,26.373423
6/7/2023 2:20:00 PM,24.393556
6/7/2023 2:25:00 PM,24.722560
6/7/2023 2:30:00 PM,25.696943
6/7/2023 2:35:00 PM,27.507180
6/7/2023 2:40:00 PM,32.775520
6/7/2023 2:45:00 PM,32.777060
6/7/2023 2:50:00 PM,33.076800
6/7/2023 2:55:00 PM,33.192043
6/7/2023 3:00:00 PM,34.658180
6/7/2023 3:05:00 PM,34.340473
6/7/2023 3:10:00 PM,30.232650
6/7/2023 3:15:00 PM,29.311903
6/7/2023 3:20:00 PM,29.069640
6/7/2023 3:25:00 PM,26.532276
6/7/2023 3:30:00 PM,25.735113
6/7/2023 3:35:00 PM,23.565036
6/7/2023 3:40:00 PM,29.000473
6/7/2023 3:45:00 PM,25.130526
6/7/2023 3:50:00 PM,25.779263
6/7/2023 3:55:00 PM,26.670736
6/7/2023 4:00:00 PM,24.187600
6/7/2023 4:05:00 PM,18.927600
6/7/2023 4:10:00 PM,15.371200
6/7/2023 4:15:00 PM,15.511200
6/7/2023 4:20:00 PM,14.270000
6/7/2023 4:25:00 PM,15.290000
6/7/2023 4:30:00 PM,15.321200
6/7/2023 4:35:00 PM,16.100000
6/7/2023 4:40:00 PM,21.010000
6/7/2023 4:45:00 PM,21.747600
6/7/2023 4:50:00 PM,24.071000
6/7/2023 4:55:00 PM,24.788450
6/7/2023 5:00:00 PM,18.748600
6/7/2023 5:05:00 PM,16.000000
6/7/2023 5:10:00 PM,15.318800
6/7/2023 5:15:00 PM,14.456800
6/7/2023 5:20:00 PM,16.378800
6/7/2023 5:25:00 PM,22.371410
6/7/2023 5:30:00 PM,24.400000
6/7/2023 5:35:00 PM,25.177480
6/7/2023 5:40:00 PM,28.276600
6/7/2023 5:45:00 PM,29.279536
6/7/2023 5:50:00 PM,29.856193
6/7/2023 5:55:00 PM,30.639816
6/7/2023 6:00:00 PM,23.500210
6/7/2023 6:05:00 PM,27.368226
6/7/2023 6:10:00 PM,28.609976
6/7/2023 6:15:00 PM,30.989220
6/7/2023 6:20:00 PM,32.534780
6/7/2023 6:25:00 PM,33.142023
6/7/2023 6:30:00 PM,33.743956
6/7/2023 6:35:00 PM,38.078953
6/7/2023 6:40:00 PM,44.400663
6/7/2023 6:45:00 PM,45.127860
6/7/2023 6:50:00 PM,45.925103
6/7/2023 6:55:00 PM,48.381043
6/7/2023 7:00:00 PM,34.292653
6/7/2023 7:05:00 PM,35.540896
6/7/2023 7:10:00 PM,37.943976
6/7/2023 7:15:00 PM,35.169983
6/7/2023 7:20:00 PM,37.818790
6/7/2023 7:25:00 PM,43.760396
6/7/2023 7:30:00 PM,44.613766
6/7/2023 7:35:00 PM,46.785950
6/7/2023 7:40:00 PM,44.653623
6/7/2023 7:45:00 PM,45.819906
6/7/2023 7:50:00 PM,48.143230
6/7/2023 7:55:00 PM,49.480580
6/7/2023 8:00:00 PM,49.536446
6/7/2023 8:05:00 PM,49.536446
6/7/2023 8:10:00 PM,49.508016
6/7/2023 8:15:00 PM,49.422343
6/7/2023 8:20:00 PM,49.671200
6/7/2023 8:25:00 PM,49.671200
6/7/2023 8:30:00 PM,49.501776
6/7/2023 8:35:00 PM,49.733583
6/7/2023 8:40:00 PM,49.501776
6/7/2023 8:45:00 PM,49.172213
6/7/2023 8:50:00 PM,49.172213
6/7/2023 8:55:00 PM,49.456690
6/7/2023 9:00:00 PM,54.237390
6/7/2023 9:05:00 PM,55.638576
6/7/2023 9:10:00 PM,53.775306
6/7/2023 9:15:00 PM,51.299873
6/7/2023 9:20:00 PM,51.196093
6/7/2023 9:25:00 PM,50.892546
6/7/2023 9:30:00 PM,49.532650
6/7/2023 9:35:00 PM,49.769206
6/7/2023 9:40:00 PM,48.911580
6/7/2023 9:45:00 PM,48.150596
6/7/2023 9:50:00 PM,48.150596
6/7/2023 9:55:00 PM,48.106716
6/7/2023 10:00:00 PM,49.707866
6/7/2023 10:05:00 PM,51.037613
6/7/2023 10:10:00 PM,50.969880
6/7/2023 10:15:00 PM,52.499720
6/7/2023 10:20:00 PM,52.348220
6/7/2023 10:25:00 PM,51.046876
6/7/2023 10:30:00 PM,49.483473
6/7/2023 10:35:00 PM,47.386106
6/7/2023 10:40:00 PM,42.645426
6/7/2023 10:45:00 PM,39.892110
6/7/2023 10:50:00 PM,39.404970
6/7/2023 10:55:00 PM,37.435736
6/7/2023 11:00:00 PM,39.390966
6/7/2023 11:05:00 PM,35.992620
6/7/2023 11:10:00 PM,34.116966
6/7/2023 11:15:00 PM,32.309770
6/7/2023 11:20:00 PM,33.459326
6/7/2023 11:25:00 PM,33.558430
6/7/2023 11:30:00 PM,30.541853
6/7/2023 11:35:00 PM,31.856656
6/7/2023 11:40:00 PM,31.436083
6/7/2023 11:45:00 PM,29.240826
6/7/2023 11:50:00 PM,28.804496
6/7/2023 11:55:00 PM,27.923370
6/8/2023 12:00:00 AM,33.947816
6/8/2023 12:05:00 AM,33.556576
6/8/2023 12:10:00 AM,33.503803
6/8/2023 12:15:00 AM,34.040603
6/8/2023 12:20:00 AM,35.709153
6/8/2023 12:25:00 AM,34.426256
6/8/2023 12:30:00 AM,37.057653
6/8/2023 12:35:00 AM,37.489570
6/8/2023 12:40:00 AM,37.086073
6/8/2023 12:45:00 AM,35.589583
6/8/2023 12:50:00 AM,34.029753
6/8/2023 12:55:00 AM,33.750423
6/8/2023 1:00:00 AM,34.261073
6/8/2023 1:05:00 AM,33.742516
6/8/2023 1:10:00 AM,33.742406
6/8/2023 1:15:00 AM,33.599263
6/8/2023 1:20:00 AM,33.600380
6/8/2023 1:25:00 AM,33.600380
6/8/2023 1:30:00 AM,33.153916
6/8/2023 1:35:00 AM,33.156946
6/8/2023 1:40:00 AM,33.476856
6/8/2023 1:45:00 AM,34.005256
6/8/2023 1:50:00 AM,33.803890
6/8/2023 1:55:00 AM,32.972870
6/8/2023 2:00:00 AM,34.268016
6/8/2023 2:05:00 AM,33.862130
6/8/2023 2:10:00 AM,34.144756
6/8/2023 2:15:00 AM,34.726570
6/8/2023 2:20:00 AM,34.231130
6/8/2023 2:25:00 AM,34.231686
6/8/2023 2:30:00 AM,33.259880
6/8/2023 2:35:00 AM,33.263033
6/8/2023 2:40:00 AM,33.259880
6/8/2023 2:45:00 AM,33.316460
6/8/2023 2:50:00 AM,33.300900
6/8/2023 2:55:00 AM,33.317413
6/8/2023 3:00:00 AM,32.566400
6/8/2023 3:05:00 AM,32.727810
6/8/2023 3:10:00 AM,32.727810
6/8/2023 3:15:00 AM,32.749130
6/8/2023 3:20:00 AM,33.083076
6/8/2023 3:25:00 AM,32.760736
6/8/2023 3:30:00 AM,32.841920
6/8/2023 3:35:00 AM,33.289746
6/8/2023 3:40:00 AM,33.289746
6/8/2023 3:45:00 AM,33.329556
6/8/2023 3:50:00 AM,33.330410
6/8/2023 3:55:00 AM,33.804423
6/8/2023 4:00:00 AM,32.839036
6/8/2023 4:05:00 AM,33.290293
6/8/2023 4:10:00 AM,33.301900
6/8/2023 4:15:00 AM,34.176880
6/8/2023 4:20:00 AM,34.176880
6/8/2023 4:25:00 AM,33.981913
6/8/2023 4:30:00 AM,34.153480
6/8/2023 4:35:00 AM,34.844650
6/8/2023 4:40:00 AM,34.964360
6/8/2023 4:45:00 AM,34.972886
6/8/2023 4:50:00 AM,34.972886
6/8/2023 4:55:00 AM,35.059620
6/8/2023 5:00:00 AM,40.414646
6/8/2023 5:05:00 AM,37.785220
6/8/2023 5:10:00 AM,39.583673
6/8/2023 5:15:00 AM,39.334146
6/8/2023 5:20:00 AM,39.727810
6/8/2023 5:25:00 AM,40.661596
6/8/2023 5:30:00 AM,40.384056
6/8/2023 5:35:00 AM,40.619070
6/8/2023 5:40:00 AM,40.871933
6/8/2023 5:45:00 AM,40.405376
6/8/2023 5:50:00 AM,40.716366
6/8/2023 5:55:00 AM,41.980663
6/8/2023 6:00:00 AM,42.213600
6/8/2023 6:05:00 AM,42.031200
6/8/2023 6:10:00 AM,41.927560
6/8/2023 6:15:00 AM,42.211200
6/8/2023 6:20:00 AM,39.499130
6/8/2023 6:25:00 AM,36.518800
6/8/2023 6:30:00 AM,34.630000
6/8/2023 6:35:00 AM,34.345110
6/8/2023 6:40:00 AM,33.500000
6/8/2023 6:45:00 AM,33.500000
6/8/2023 6:50:00 AM,33.230250
6/8/2023 6:55:00 AM,33.500000
6/8/2023 7:00:00 AM,41.196780
6/8/2023 7:05:00 AM,43.985600
6/8/2023 7:10:00 AM,44.310466
6/8/2023 7:15:00 AM,40.922996
6/8/2023 7:20:00 AM,41.811883
6/8/2023 7:25:00 AM,37.050860
6/8/2023 7:30:00 AM,34.471076
6/8/2023 7:35:00 AM,28.449063
6/8/2023 7:40:00 AM,28.570103
6/8/2023 7:45:00 AM,28.663826
6/8/2023 7:50:00 AM,28.318900
6/8/2023 7:55:00 AM,26.813530
6/8/2023 8:00:00 AM,37.755793
6/8/2023 8:05:00 AM,43.380806
6/8/2023 8:10:00 AM,43.318340
6/8/2023 8:15:00 AM,46.541926
6/8/2023 8:20:00 AM,51.664706
6/8/2023 8:25:00 AM,51.959753
6/8/2023 8:30:00 AM,46.415486
6/8/2023 8:35:00 AM,59.212293
6/8/2023 8:40:00 AM,58.809473
6/8/2023 8:45:00 AM,76.682933
6/8/2023 8:50:00 AM,76.836243
6/8/2023 8:55:00 AM,43.517930
6/8/2023 9:00:00 AM,47.167883
6/8/2023 9:05:00 AM,45.748340
6/8/2023 9:10:00 AM,40.536533
6/8/2023 9:15:00 AM,34.751476
6/8/2023 9:20:00 AM,36.137696
6/8/2023 9:25:00 AM,29.527096
6/8/2023 9:30:00 AM,27.635076
6/8/2023 9:35:00 AM,26.453236
6/8/2023 9:40:00 AM,23.180826
6/8/2023 9:45:00 AM,20.359173
6/8/2023 9:50:00 AM,18.188976
6/8/2023 9:55:00 AM,17.564893
6/8/2023 10:00:00 AM,27.289543
6/8/2023 10:05:00 AM,27.640170
6/8/2023 10:10:00 AM,26.497146
6/8/2023 10:15:00 AM,23.678066
6/8/2023 10:20:00 AM,22.996403
6/8/2023 10:25:00 AM,22.764286
6/8/2023 10:30:00 AM,23.491880
6/8/2023 10:35:00 AM,20.526870
6/8/2023 10:40:00 AM,19.193433
6/8/2023 10:45:00 AM,14.875826
6/8/2023 10:50:00 AM,19.978586
6/8/2023 10:55:00 AM,19.331013
6/8/2023 11:00:00 AM,14.539856
6/8/2023 11:05:00 AM,7.288343
6/8/2023 11:10:00 AM,14.975333
6/8/2023 11:15:00 AM,17.758096
6/8/2023 11:20:00 AM,20.458750
6/8/2023 11:25:00 AM,18.419270
6/8/2023 11:30:00 AM,19.140383
6/8/2023 11:35:00 AM,21.061440
6/8/2023 11:40:00 AM,23.396303
6/8/2023 11:45:00 AM,22.808996
6/8/2023 11:50:00 AM,19.024216
6/8/2023 11:55:00 AM,17.153480
6/8/2023 12:00:00 PM,18.540043
6/8/2023 12:05:00 PM,18.098743
6/8/2023 12:10:00 PM,18.087116
6/8/2023 12:15:00 PM,20.692386
6/8/2023 12:20:00 PM,22.479226
6/8/2023 12:25:00 PM,22.679483
6/8/2023 12:30:00 PM,19.237973
6/8/2023 12:35:00 PM,19.287020
6/8/2023 12:40:00 PM,21.622626
6/8/2023 12:45:00 PM,19.123736
6/8/2023 12:50:00 PM,18.020126
6/8/2023 12:55:00 PM,16.649003
6/8/2023 1:00:00 PM,16.509960
6/8/2023 1:05:00 PM,15.665416
6/8/2023 1:10:00 PM,17.482433
6/8/2023 1:15:00 PM,19.478956
6/8/2023 1:20:00 PM,20.723560
6/8/2023 1:25:00 PM,19.736756
6/8/2023 1:30:00 PM,16.533343
6/8/2023 1:35:00 PM,17.465520
6/8/2023 1:40:00 PM,18.897083
6/8/2023 1:45:00 PM,19.825270
6/8/2023 1:50:00 PM,20.327160
6/8/2023 1:55:00 PM,22.239720
6/8/2023 2:00:00 PM,19.305373
6/8/2023 2:05:00 PM,18.081453
6/8/2023 2:10:00 PM,18.274243
6/8/2023 2:15:00 PM,17.924500
6/8/2023 2:20:00 PM,17.479156
6/8/2023 2:25:00 PM,16.958396
6/8/2023 2:30:00 PM,19.127506
6/8/2023 2:35:00 PM,19.207196
6/8/2023 2:40:00 PM,19.991476
6/8/2023 2:45:00 PM,20.606446
6/8/2023 2:50:00 PM,19.517626
6/8/2023 2:55:00 PM,22.656700
6/8/2023 3:00:00 PM,23.536700
6/8/2023 3:05:00 PM,22.469670
6/8/2023 3:10:00 PM,23.687480
6/8/2023 3:15:00 PM,26.374040
6/8/2023 3:20:00 PM,26.246460
6/8/2023 3:25:00 PM,24.283983
6/8/2023 3:30:00 PM,24.106786
6/8/2023 3:35:00 PM,22.387346
6/8/2023 3:40:00 PM,26.808263
6/8/2023 3:45:00 PM,26.948000
6/8/2023 3:50:00 PM,25.928196
6/8/2023 3:55:00 PM,25.899210
6/8/2023 4:00:00 PM,21.997310
6/8/2023 4:05:00 PM,21.906833
6/8/2023 4:10:00 PM,22.384406
6/8/2023 4:15:00 PM,18.495900
6/8/2023 4:20:00 PM,18.303066
6/8/2023 4:25:00 PM,20.835030
6/8/2023 4:30:00 PM,20.767636
6/8/2023 4:35:00 PM,18.205696
6/8/2023 4:40:00 PM,25.361163
6/8/2023 4:45:00 PM,25.182290
6/8/2023 4:50:00 PM,25.770400
6/8/2023 4:55:00 PM,24.481460
6/8/2023 5:00:00 PM,28.310920
6/8/2023 5:05:00 PM,27.510310
6/8/2023 5:10:00 PM,19.251716
6/8/2023 5:15:00 PM,23.365786
6/8/2023 5:20:00 PM,26.815820
6/8/2023 5:25:00 PM,28.280063
6/8/2023 5:30:00 PM,28.570573
6/8/2023 5:35:00 PM,29.599370
6/8/2023 5:40:00 PM,39.383576
6/8/2023 5:45:00 PM,81.029186
6/8/2023 5:50:00 PM,104.369940
6/8/2023 5:55:00 PM,43.663780
6/8/2023 6:00:00 PM,33.457430
6/8/2023 6:05:00 PM,28.268626
6/8/2023 6:10:00 PM,30.947133
6/8/2023 6:15:00 PM,31.743563
6/8/2023 6:20:00 PM,33.972683
6/8/2023 6:25:00 PM,35.706543
6/8/2023 6:30:00 PM,35.955023
6/8/2023 6:35:00 PM,43.679923
6/8/2023 6:40:00 PM,47.162023
6/8/2023 6:45:00 PM,48.318153
6/8/2023 6:50:00 PM,49.611933
6/8/2023 6:55:00 PM,49.921066
6/8/2023 7:00:00 PM,44.544770
6/8/2023 7:05:00 PM,45.132676
6/8/2023 7:10:00 PM,46.706936
6/8/2023 7:15:00 PM,50.078596
6/8/2023 7:20:00 PM,53.538890
6/8/2023 7:25:00 PM,65.563180
6/8/2023 7:30:00 PM,70.492996
6/8/2023 7:35:00 PM,71.455940
6/8/2023 7:40:00 PM,81.831633
6/8/2023 7:45:00 PM,82.207643
6/8/2023 7:50:00 PM,92.169490
6/8/2023 7:55:00 PM,92.169490
6/8/2023 8:00:00 PM,81.463536
6/8/2023 8:05:00 PM,75.328013
6/8/2023 8:10:00 PM,65.513646
6/8/2023 8:15:00 PM,58.673836
6/8/2023 8:20:00 PM,58.167556
6/8/2023 8:25:00 PM,51.183466
6/8/2023 8:30:00 PM,49.925620
6/8/2023 8:35:00 PM,49.925620
6/8/2023 8:40:00 PM,49.966533
6/8/2023 8:45:00 PM,49.973056
6/8/2023 8:50:00 PM,61.520150
6/8/2023 8:55:00 PM,55.959983
6/8/2023 9:00:00 PM,100.552136
6/8/2023 9:05:00 PM,102.477230
6/8/2023 9:10:00 PM,85.561173
6/8/2023 9:15:00 PM,92.862676
6/8/2023 9:20:00 PM,92.488016
6/8/2023 9:25:00 PM,80.010210
6/8/2023 9:30:00 PM,72.250480
6/8/2023 9:35:00 PM,71.391263
6/8/2023 9:40:00 PM,72.025663
6/8/2023 9:45:00 PM,65.785956
6/8/2023 9:50:00 PM,63.510833
6/8/2023 9:55:00 PM,60.921026
6/8/2023 10:00:00 PM,69.573946
6/8/2023 10:05:00 PM,72.373226
6/8/2023 10:10:00 PM,55.268160
6/8/2023 10:15:00 PM,54.892600
6/8/2023 10:20:00 PM,57.524003
6/8/2023 10:25:00 PM,54.892600
6/8/2023 10:30:00 PM,53.973930
6/8/2023 10:35:00 PM,53.796923
6/8/2023 10:40:00 PM,41.409030
6/8/2023 10:45:00 PM,38.348456
6/8/2023 10:50:00 PM,38.012556
6/8/2023 10:55:00 PM,39.015250
6/8/2023 11:00:00 PM,52.256940
6/8/2023 11:05:00 PM,53.713193
6/8/2023 11:10:00 PM,46.886940
6/8/2023 11:15:00 PM,41.997736
6/8/2023 11:20:00 PM,43.040023
6/8/2023 11:25:00 PM,40.311566
6/8/2023 11:30:00 PM,40.350836
6/8/2023 11:35:00 PM,40.928276
6/8/2023 11:40:00 PM,40.929440
6/8/2023 11:45:00 PM,39.433803
6/8/2023 11:50:00 PM,38.889063
6/8/2023 11:55:00 PM,39.318300
6/9/2023 12:00:00 AM,35.476553
6/9/2023 12:05:00 AM,36.424930
6/9/2023 12:10:00 AM,35.814083
6/9/2023 12:15:00 AM,39.590000
6/9/2023 12:20:00 AM,38.933860
6/9/2023 12:25:00 AM,36.500000
6/9/2023 12:30:00 AM,36.500000
6/9/2023 12:35:00 AM,36.546140
6/9/2023 12:40:00 AM,36.500000
6/9/2023 12:45:00 AM,36.500000
6/9/2023 12:50:00 AM,32.739750
6/9/2023 12:55:00 AM,35.042310
6/9/2023 1:00:00 AM,35.443243
6/9/2023 1:05:00 AM,35.443243
6/9/2023 1:10:00 AM,34.370373
6/9/2023 1:15:00 AM,33.067230
6/9/2023 1:20:00 AM,30.485483
6/9/2023 1:25:00 AM,30.485483
6/9/2023 1:30:00 AM,30.330040
6/9/2023 1:35:00 AM,30.128163
6/9/2023 1:40:00 AM,30.330040
6/9/2023 1:45:00 AM,30.220173
6/9/2023 1:50:00 AM,29.059573
6/9/2023 1:55:00 AM,28.552923
6/9/2023 2:00:00 AM,30.417016
6/9/2023 2:05:00 AM,30.239883
6/9/2023 2:10:00 AM,30.239883
6/9/2023 2:15:00 AM,30.468826
6/9/2023 2:20:00 AM,30.330800
6/9/2023 2:25:00 AM,30.111710
6/9/2023 2:30:00 AM,29.944073
6/9/2023 2:35:00 AM,29.944073
6/9/2023 2:40:00 AM,29.944073
6/9/2023 2:45:00 AM,29.933466
6/9/2023 2:50:00 AM,30.036673
6/9/2023 2:55:00 AM,29.695570
6/9/2023 3:00:00 AM,30.198520
6/9/2023 3:05:00 AM,30.452850
6/9/2023 3:10:00 AM,30.198520
6/9/2023 3:15:00 AM,30.090630
6/9/2023 3:20:00 AM,29.911263
6/9/2023 3:25:00 AM,29.339670
6/9/2023 3:30:00 AM,29.013413
6/9/2023 3:35:00 AM,28.581100
6/9/2023 3:40:00 AM,28.453973
6/9/2023 3:45:00 AM,27.632370
6/9/2023 3:50:00 AM,27.975343
6/9/2023 3:55:00 AM,27.518740
6/9/2023 4:00:00 AM,28.508543
6/9/2023 4:05:00 AM,28.866960
6/9/2023 4:10:00 AM,28.561093
6/9/2023 4:15:00 AM,28.860166
6/9/2023 4:20:00 AM,28.809080
6/9/2023 4:25:00 AM,28.773156
6/9/2023 4:30:00 AM,29.750990
6/9/2023 4:35:00 AM,29.705290
6/9/2023 4:40:00 AM,30.184623
6/9/2023 4:45:00 AM,29.991883
6/9/2023 4:50:00 AM,30.098856
6/9/2023 4:55:00 AM,30.353796
6/9/2023 5:00:00 AM,30.419083
6/9/2023 5:05:00 AM,30.419083
6/9/2023 5:10:00 AM,30.241340
6/9/2023 5:15:00 AM,30.285700
6/9/2023 5:20:00 AM,30.728250
6/9/2023 5:25:00 AM,32.592403
6/9/2023 5:30:00 AM,32.556613
6/9/2023 5:35:00 AM,35.278343
6/9/2023 5:40:00 AM,35.116596
6/9/2023 5:45:00 AM,35.221650
6/9/2023 5:50:00 AM,35.221650
6/9/2023 5:55:00 AM,35.296580
6/9/2023 6:00:00 AM,41.453080
6/9/2023 6:05:00 AM,41.453080
6/9/2023 6:10:00 AM,39.634413
6/9/2023 6:15:00 AM,40.621733
6/9/2023 6:20:00 AM,37.269696
6/9/2023 6:25:00 AM,34.321586
6/9/2023 6:30:00 AM,36.127153
6/9/2023 6:35:00 AM,30.391133
6/9/2023 6:40:00 AM,30.391133
6/9/2023 6:45:00 AM,28.863546
6/9/2023 6:50:00 AM,28.862973
6/9/2023 6:55:00 AM,28.420440
6/9/2023 7:00:00 AM,26.867480
6/9/2023 7:05:00 AM,36.205230
6/9/2023 7:10:00 AM,34.435850
6/9/2023 7:15:00 AM,24.464726
6/9/2023 7:20:00 AM,25.828610
6/9/2023 7:25:00 AM,22.890373
6/9/2023 7:30:00 AM,23.173673
6/9/2023 7:35:00 AM,22.806936
6/9/2023 7:40:00 AM,23.086853
6/9/2023 7:45:00 AM,20.159046
6/9/2023 7:50:00 AM,17.867796
6/9/2023 7:55:00 AM,17.393826
6/9/2023 8:00:00 AM,26.525873
6/9/2023 8:05:00 AM,26.577053
6/9/2023 8:10:00 AM,26.257846
6/9/2023 8:15:00 AM,25.758056
6/9/2023 8:20:00 AM,23.988446
6/9/2023 8:25:00 AM,22.180913
6/9/2023 8:30:00 AM,20.389973
6/9/2023 8:35:00 AM,18.244270
6/9/2023 8:40:00 AM,18.047396
6/9/2023 8:45:00 AM,17.706266
6/9/2023 8:50:00 AM,16.196433
6/9/2023 8:55:00 AM,15.431826
6/9/2023 9:00:00 AM,21.533550
6/9/2023 9:05:00 AM,23.188893
6/9/2023 9:10:00 AM,24.846603
6/9/2023 9:15:00 AM,23.229246
6/9/2023 9:20:00 AM,23.506026
6/9/2023 9:25:00 AM,20.312426
6/9/2023 9:30:00 AM,17.222140
6/9/2023 9:35:00 AM,17.126326
6/9/2023 9:40:00 AM,17.001693
6/9/2023 9:45:00 AM,16.935816
6/9/2023 9:50:00 AM,17.037226
6/9/2023 9:55:00 AM,17.960796
6/9/2023 10:00:00 AM,20.031010
6/9/2023 10:05:00 AM,21.381620
6/9/2023 10:10:00 AM,21.530833
6/9/2023 10:15:00 AM,24.128636
6/9/2023 10:20:00 AM,22.551650
6/9/2023 10:25:00 AM,24.296183
6/9/2023 10:30:00 AM,22.130036
6/9/2023 10:35:00 AM,15.323356
6/9/2023 10:40:00 AM,16.461076
6/9/2023 10:45:00 AM,16.615153
6/9/2023 10:50:00 AM,17.915670
6/9/2023 10:55:00 AM,18.723870
6/9/2023 11:00:00 AM,21.306773
6/9/2023 11:05:00 AM,21.386876
6/9/2023 11:10:00 AM,21.738590
6/9/2023 11:15:00 AM,21.064896
6/9/2023 11:20:00 AM,20.781610
6/9/2023 11:25:00 AM,23.473416
6/9/2023 11:30:00 AM,23.906990
6/9/2023 11:35:00 AM,23.906990
6/9/2023 11:40:00 AM,24.746913
6/9/2023 11:45:00 AM,24.132440
6/9/2023 11:50:00 AM,20.969986
6/9/2023 11:55:00 AM,21.199153
6/9/2023 12:00:00 PM,25.208890
6/9/2023 12:05:00 PM,24.426153
6/9/2023 12:10:00 PM,21.751670
6/9/2023 12:15:00 PM,18.991120
6/9/2023 12:20:00 PM,19.048023
6/9/2023 12:25:00 PM,1.732733
6/9/2023 12:30:00 PM,25.345733
6/9/2023 12:35:00 PM,25.920480
6/9/2023 12:40:00 PM,26.443760
6/9/2023 12:45:00 PM,24.124510
6/9/2023 12:50:00 PM,21.835933
6/9/2023 12:55:00 PM,20.708746
6/9/2023 1:00:00 PM,21.113706
6/9/2023 1:05:00 PM,22.160703
6/9/2023 1:10:00 PM,22.556683
6/9/2023 1:15:00 PM,18.785936
6/9/2023 1:20:00 PM,19.776683
6/9/2023 1:25:00 PM,21.035000
6/9/2023 1:30:00 PM,22.824770
6/9/2023 1:35:00 PM,23.048980
6/9/2023 1:40:00 PM,23.066886
6/9/2023 1:45:00 PM,20.447300
6/9/2023 1:50:00 PM,17.649140
6/9/2023 1:55:00 PM,18.359166
6/9/2023 2:00:00 PM,17.182093
6/9/2023 2:05:00 PM,16.926086
6/9/2023 2:10:00 PM,17.115416
6/9/2023 2:15:00 PM,16.611006
6/9/2023 2:20:00 PM,17.406646
6/9/2023 2:25:00 PM,18.923946
6/9/2023 2:30:00 PM,20.664810
6/9/2023 2:35:00 PM,20.592336
6/9/2023 2:40:00 PM,21.381270
6/9/2023 2:45:00 PM,19.729803
6/9/2023 2:50:00 PM,20.666123
6/9/2023 2:55:00 PM,20.318320
6/9/2023 3:00:00 PM,17.654343
6/9/2023 3:05:00 PM,18.361443
6/9/2023 3:10:00 PM,17.055743
6/9/2023 3:15:00 PM,17.852163
6/9/2023 3:20:00 PM,18.105850
6/9/2023 3:25:00 PM,17.403743
6/9/2023 3:30:00 PM,16.107546
6/9/2023 3:35:00 PM,16.085723
6/9/2023 3:40:00 PM,16.248810
6/9/2023 3:45:00 PM,17.326106
6/9/2023 3:50:00 PM,17.087950
6/9/2023 3:55:00 PM,17.590056
6/9/2023 4:00:00 PM,10.566203
6/9/2023 4:05:00 PM,9.554720
6/9/2023 4:10:00 PM,9.100156
6/9/2023 4:15:00 PM,11.259366
6/9/2023 4:20:00 PM,12.497760
6/9/2023 4:25:00 PM,12.975340
6/9/2023 4:30:00 PM,12.999670
6/9/2023 4:35:00 PM,13.128876
6/9/2023 4:40:00 PM,13.204536
6/9/2023 4:45:00 PM,12.932956
6/9/2023 4:50:00 PM,13.687586
6/9/2023 4:55:00 PM,13.712790
6/9/2023 5:00:00 PM,14.219676
6/9/2023 5:05:00 PM,11.924156
6/9/2023 5:10:00 PM,14.690430
6/9/2023 5:15:00 PM,14.535513
6/9/2023 5:20:00 PM,14.220600
6/9/2023 5:25:00 PM,13.998253
6/9/2023 5:30:00 PM,15.880703
6/9/2023 5:35:00 PM,22.318573
6/9/2023 5:40:00 PM,24.780166
6/9/2023 5:45:00 PM,26.795210
6/9/2023 5:50:00 PM,31.533133
6/9/2023 5:55:00 PM,33.168056
6/9/2023 6:00:00 PM,20.617553
6/9/2023 6:05:00 PM,22.820856
6/9/2023 6:10:00 PM,23.843270
6/9/2023 6:15:00 PM,23.825750
6/9/2023 6:20:00 PM,24.592153
6/9/2023 6:25:00 PM,28.095810
6/9/2023 6:30:00 PM,30.435856
6/9/2023 6:35:00 PM,31.505586
6/9/2023 6:40:00 PM,34.215263
6/9/2023 6:45:00 PM,37.232833
6/9/2023 6:50:00 PM,44.050466
6/9/2023 6:55:00 PM,44.627790
6/9/2023 7:00:00 PM,32.927126
6/9/2023 7:05:00 PM,37.261356
6/9/2023 7:10:00 PM,38.093446
6/9/2023 7:15:00 PM,45.006980
6/9/2023 7:20:00 PM,46.187880
6/9/2023 7:25:00 PM,45.006980
6/9/2023 7:30:00 PM,44.497756
6/9/2023 7:35:00 PM,45.671200
6/9/2023 7:40:00 PM,46.661326
6/9/2023 7:45:00 PM,47.396856
6/9/2023 7:50:00 PM,48.117773
6/9/2023 7:55:00 PM,45.078656
6/9/2023 8:00:00 PM,45.696023
6/9/2023 8:05:00 PM,45.790680
6/9/2023 8:10:00 PM,45.640216
6/9/2023 8:15:00 PM,45.675653
6/9/2023 8:20:00 PM,45.675653
6/9/2023 8:25:00 PM,45.749543
6/9/2023 8:30:00 PM,45.823786
6/9/2023 8:35:00 PM,45.964470
6/9/2023 8:40:00 PM,45.964470
6/9/2023 8:45:00 PM,46.135423
6/9/2023 8:50:00 PM,46.266576
6/9/2023 8:55:00 PM,46.266576
6/9/2023 9:00:00 PM,46.141243
6/9/2023 9:05:00 PM,46.034466
6/9/2023 9:10:00 PM,43.061663
6/9/2023 9:15:00 PM,40.169273
6/9/2023 9:20:00 PM,41.894703
6/9/2023 9:25:00 PM,41.894703
6/9/2023 9:30:00 PM,40.774673
6/9/2023 9:35:00 PM,40.774673
6/9/2023 9:40:00 PM,39.558980
6/9/2023 9:45:00 PM,38.114246
6/9/2023 9:50:00 PM,37.741496
6/9/2023 9:55:00 PM,36.950373
6/9/2023 10:00:00 PM,39.138806
6/9/2023 10:05:00 PM,35.134100
6/9/2023 10:10:00 PM,32.805990
6/9/2023 10:15:00 PM,32.701090
6/9/2023 10:20:00 PM,32.883780
6/9/2023 10:25:00 PM,32.701090
6/9/2023 10:30:00 PM,32.762923
6/9/2023 10:35:00 PM,32.261536
6/9/2023 10:40:00 PM,30.969120
6/9/2023 10:45:00 PM,30.805510
6/9/2023 10:50:00 PM,28.150983
6/9/2023 10:55:00 PM,27.912430
6/9/2023 11:00:00 PM,34.582820
6/9/2023 11:05:00 PM,34.775090
6/9/2023 11:10:00 PM,34.857106
6/9/2023 11:15:00 PM,34.574393
6/9/2023 11:20:00 PM,33.025063
6/9/2023 11:25:00 PM,29.203333
6/9/2023 11:30:00 PM,28.768206
6/9/2023 11:35:00 PM,28.768206
6/9/2023 11:40:00 PM,28.253163
6/9/2023 11:45:00 PM,27.349506
6/9/2023 11:50:00 PM,27.241056
6/9/2023 11:55:00 PM,27.098630
6/10/2023 12:00:00 AM,33.747296
6/10/2023 12:05:00 AM,35.120060
6/10/2023 12:10:00 AM,33.342793
6/10/2023 12:15:00 AM,33.240446
6/10/2023 12:20:00 AM,32.379853
6/10/2023 12:25:00 AM,33.306773
6/10/2023 12:30:00 AM,34.699893
6/10/2023 12:35:00 AM,35.129670
6/10/2023 12:40:00 AM,33.582590
6/10/2023 12:45:00 AM,33.364116
6/10/2023 12:50:00 AM,29.376560
6/10/2023 12:55:00 AM,29.965143
6/10/2023 1:00:00 AM,28.152646
6/10/2023 1:05:00 AM,27.774870
6/10/2023 1:10:00 AM,28.427520
6/10/2023 1:15:00 AM,28.312176
6/10/2023 1:20:00 AM,28.175840
6/10/2023 1:25:00 AM,28.312176
6/10/2023 1:30:00 AM,26.970783
6/10/2023 1:35:00 AM,26.761010
6/10/2023 1:40:00 AM,26.410000
6/10/2023 1:45:00 AM,25.984963
6/10/2023 1:50:00 AM,24.162590
6/10/2023 1:55:00 AM,24.805983
6/10/2023 2:00:00 AM,26.091880
6/10/2023 2:05:00 AM,26.422853
6/10/2023 2:10:00 AM,26.223660
6/10/2023 2:15:00 AM,26.299446
6/10/2023 2:20:00 AM,25.973293
6/10/2023 2:25:00 AM,26.157550
6/10/2023 2:30:00 AM,26.013970
6/10/2023 2:35:00 AM,26.013970
6/10/2023 2:40:00 AM,25.262156
6/10/2023 2:45:00 AM,24.843153
6/10/2023 2:50:00 AM,24.833450
6/10/2023 2:55:00 AM,24.833450
6/10/2023 3:00:00 AM,27.432763
6/10/2023 3:05:00 AM,27.432763
6/10/2023 3:10:00 AM,27.432763
6/10/2023 3:15:00 AM,27.415180
6/10/2023 3:20:00 AM,27.568080
6/10/2023 3:25:00 AM,28.218376
6/10/2023 3:30:00 AM,27.911166
6/10/2023 3:35:00 AM,27.763176
6/10/2023 3:40:00 AM,27.789320
6/10/2023 3:45:00 AM,27.732810
6/10/2023 3:50:00 AM,27.752256
6/10/2023 3:55:00 AM,27.285586
6/10/2023 4:00:00 AM,26.076166
6/10/2023 4:05:00 AM,24.969480
6/10/2023 4:10:00 AM,24.423610
6/10/2023 4:15:00 AM,24.086470
6/10/2023 4:20:00 AM,24.173383
6/10/2023 4:25:00 AM,24.162713
6/10/2023 4:30:00 AM,26.042306
6/10/2023 4:35:00 AM,26.050050
6/10/2023 4:40:00 AM,26.090720
6/10/2023 4:45:00 AM,26.143143
6/10/2023 4:50:00 AM,26.150916
6/10/2023 4:55:00 AM,26.150916
6/10/2023 5:00:00 AM,25.827496
6/10/2023 5:05:00 AM,26.395840
6/10/2023 5:10:00 AM,26.395840
6/10/2023 5:15:00 AM,26.386143
6/10/2023 5:20:00 AM,26.881123
6/10/2023 5:25:00 AM,26.666770
6/10/2023 5:30:00 AM,27.087503
6/10/2023 5:35:00 AM,26.847190
6/10/2023 5:40:00 AM,26.305330
6/10/2023 5:45:00 AM,25.294513
6/10/2023 5:50:00 AM,25.425783
6/10/2023 5:55:00 AM,27.780146
6/10/2023 6:00:00 AM,31.984700
6/10/2023 6:05:00 AM,33.638370
6/10/2023 6:10:00 AM,30.776570
6/10/2023 6:15:00 AM,27.936623
6/10/2023 6:20:00 AM,27.930800
6/10/2023 6:25:00 AM,26.929960
6/10/2023 6:30:00 AM,25.131593
6/10/2023 6:35:00 AM,24.017113
6/10/2023 6:40:00 AM,22.457233
6/10/2023 6:45:00 AM,23.347500
6/10/2023 6:50:00 AM,22.132370
6/10/2023 6:55:00 AM,20.592053
6/10/2023 7:00:00 AM,26.313363
6/10/2023 7:05:00 AM,26.840763
6/10/2023 7:10:00 AM,26.133903
6/10/2023 7:15:00 AM,25.213866
6/10/2023 7:20:00 AM,25.431900
6/10/2023 7:25:00 AM,24.146880
6/10/2023 7:30:00 AM,24.452756
6/10/2023 7:35:00 AM,22.317573
6/10/2023 7:40:00 AM,23.522726
6/10/2023 7:45:00 AM,23.494390
6/10/2023 7:50:00 AM,18.445796
6/10/2023 7:55:00 AM,19.018673
6/10/2023 8:00:00 AM,28.281900
6/10/2023 8:05:00 AM,28.413376
6/10/2023 8:10:00 AM,29.576876
6/10/2023 8:15:00 AM,30.633430
6/10/2023 8:20:00 AM,29.393576
6/10/2023 8:25:00 AM,29.403826
6/10/2023 8:30:00 AM,27.799590
6/10/2023 8:35:00 AM,27.770000
6/10/2023 8:40:00 AM,27.000000
6/10/2023 8:45:00 AM,22.153200
6/10/2023 8:50:00 AM,23.360000
6/10/2023 8:55:00 AM,23.114910
6/10/2023 9:00:00 AM,23.699913
6/10/2023 9:05:00 AM,23.604550
6/10/2023 9:10:00 AM,22.848870
6/10/2023 9:15:00 AM,19.003936
6/10/2023 9:20:00 AM,19.429806
6/10/2023 9:25:00 AM,19.259920
6/10/2023 9:30:00 AM,19.463306
6/10/2023 9:35:00 AM,19.090893
6/10/2023 9:40:00 AM,18.239526
6/10/2023 9:45:00 AM,17.351793
6/10/2023 9:50:00 AM,17.124276
6/10/2023 9:55:00 AM,17.280656
6/10/2023 10:00:00 AM,18.893016
6/10/2023 10:05:00 AM,18.676393
6/10/2023 10:10:00 AM,17.350006
6/10/2023 10:15:00 AM,12.804810
6/10/2023 10:20:00 AM,9.652900
6/10/2023 10:25:00 AM,8.972920
6/10/2023 10:30:00 AM,8.064203
6/10/2023 10:35:00 AM,8.741290
6/10/2023 10:40:00 AM,9.756736
6/10/2023 10:45:00 AM,8.982153
6/10/2023 10:50:00 AM,9.560360
6/10/2023 10:55:00 AM,8.907920
6/10/2023 11:00:00 AM,9.888796
6/10/2023 11:05:00 AM,9.892980
6/10/2023 11:10:00 AM,10.221983
6/10/2023 11:15:00 AM,10.348613
6/10/2023 11:20:00 AM,9.915143
6/10/2023 11:25:00 AM,10.047480
6/10/2023 11:30:00 AM,11.523226
6/10/2023 11:35:00 AM,13.763160
6/10/2023 11:40:00 AM,12.835596
6/10/2023 11:45:00 AM,13.353086
6/10/2023 11:50:00 AM,10.253463
6/10/2023 11:55:00 AM,11.128416
6/10/2023 12:00:00 PM,12.228620
6/10/2023 12:05:00 PM,16.579103
6/10/2023 12:10:00 PM,15.263846
6/10/2023 12:15:00 PM,17.074813
6/10/2023 12:20:00 PM,15.103983
6/10/2023 12:25:00 PM,20.346853
6/10/2023 12:30:00 PM,11.312666
6/10/2023 12:35:00 PM,12.105743
6/10/2023 12:40:00 PM,12.566936
6/10/2023 12:45:00 PM,14.179906
6/10/2023 12:50:00 PM,13.868873
6/10/2023 12:55:00 PM,15.716010
6/10/2023 1:00:00 PM,11.058260
6/10/2023 1:05:00 PM,13.481630
6/10/2023 1:10:00 PM,13.767790
6/10/2023 1:15:00 PM,14.649193
6/10/2023 1:20:00 PM,15.884256
6/10/2023 1:25:00 PM,21.646153
6/10/2023 1:30:00 PM,19.638513
6/10/2023 1:35:00 PM,20.463556
6/10/2023 1:40:00 PM,21.465853
6/10/2023 1:45:00 PM,21.332833
6/10/2023 1:50:00 PM,21.167340
6/10/2023 1:55:00 PM,21.213680
6/10/2023 2:00:00 PM,22.868466
6/10/2023 2:05:00 PM,18.095680
6/10/2023 2:10:00 PM,14.952493
6/10/2023 2:15:00 PM,11.404210
6/10/2023 2:20:00 PM,11.066230
6/10/2023 2:25:00 PM,13.828220
6/10/2023 2:30:00 PM,13.318626
6/10/2023 2:35:00 PM,14.256656
6/10/2023 2:40:00 PM,17.479423
6/10/2023 2:45:00 PM,17.586996
6/10/2023 2:50:00 PM,21.190240
6/10/2023 2:55:00 PM,19.309486
6/10/2023 3:00:00 PM,19.141693
6/10/2023 3:05:00 PM,18.058290
6/10/2023 3:10:00 PM,17.141403
6/10/2023 3:15:00 PM,14.461080
6/10/2023 3:20:00 PM,14.233986
6/10/2023 3:25:00 PM,15.399523
6/10/2023 3:30:00 PM,11.642036
6/10/2023 3:35:00 PM,13.378893
6/10/2023 3:40:00 PM,16.567786
6/10/2023 3:45:00 PM,17.592030
6/10/2023 3:50:00 PM,18.052626
6/10/2023 3:55:00 PM,19.171550
6/10/2023 4:00:00 PM,17.696573
6/10/2023 4:05:00 PM,18.155803
6/10/2023 4:10:00 PM,20.009030
6/10/2023 4:15:00 PM,23.457600
6/10/2023 4:20:00 PM,22.298080
6/10/2023 4:25:00 PM,25.286743
6/10/2023 4:30:00 PM,26.673583
6/10/2023 4:35:00 PM,26.263273
6/10/2023 4:40:00 PM,26.469900
6/10/2023 4:45:00 PM,27.151143
6/10/2023 4:50:00 PM,28.654740
6/10/2023 4:55:00 PM,30.890393
6/10/2023 5:00:00 PM,24.997600
6/10/2023 5:05:00 PM,23.487600
6/10/2023 5:10:00 PM,27.050000
6/10/2023 5:15:00 PM,29.888066
6/10/2023 5:20:00 PM,29.888066
6/10/2023 5:25:00 PM,34.881570
6/10/2023 5:30:00 PM,40.750923
6/10/2023 5:35:00 PM,41.535723
6/10/2023 5:40:00 PM,44.126080
6/10/2023 5:45:00 PM,45.450000
6/10/2023 5:50:00 PM,46.100000
6/10/2023 5:55:00 PM,46.310000
6/10/2023 6:00:00 PM,28.695440
6/10/2023 6:05:00 PM,22.930370
6/10/2023 6:10:00 PM,23.875460
6/10/2023 6:15:00 PM,24.020396
6/10/2023 6:20:00 PM,24.634740
6/10/2023 6:25:00 PM,30.060936
6/10/2023 6:30:00 PM,30.094663
6/10/2023 6:35:00 PM,31.705896
6/10/2023 6:40:00 PM,30.421640
6/10/2023 6:45:00 PM,31.373470
6/10/2023 6:50:00 PM,35.339026
6/10/2023 6:55:00 PM,36.875953
6/10/2023 7:00:00 PM,34.811970
6/10/2023 7:05:00 PM,35.659186
6/10/2023 7:10:00 PM,36.596766
6/10/2023 7:15:00 PM,37.000000
6/10/2023 7:20:00 PM,37.200000
6/10/2023 7:25:00 PM,37.200000
6/10/2023 7:30:00 PM,37.096016
6/10/2023 7:35:00 PM,39.786213
6/10/2023 7:40:00 PM,39.819616
6/10/2023 7:45:00 PM,38.830000
6/10/2023 7:50:00 PM,38.930000
6/10/2023 7:55:00 PM,40.000000
6/10/2023 8:00:00 PM,40.940000
6/10/2023 8:05:00 PM,40.940000
6/10/2023 8:10:00 PM,39.998800
6/10/2023 8:15:00 PM,39.326103
6/10/2023 8:20:00 PM,39.791213
6/10/2023 8:25:00 PM,41.050543
6/10/2023 8:30:00 PM,41.187200
6/10/2023 8:35:00 PM,41.340000
6/10/2023 8:40:00 PM,41.340000
6/10/2023 8:45:00 PM,41.090000
6/10/2023 8:50:00 PM,41.090000
6/10/2023 8:55:00 PM,40.940000
6/10/2023 9:00:00 PM,41.180000
6/10/2023 9:05:00 PM,44.000000
6/10/2023 9:10:00 PM,41.540000
6/10/2023 9:15:00 PM,40.590000
6/10/2023 9:20:00 PM,39.150000
6/10/2023 9:25:00 PM,38.560000
6/10/2023 9:30:00 PM,35.994000
6/10/2023 9:35:00 PM,34.440000
6/10/2023 9:40:00 PM,33.995200
6/10/2023 9:45:00 PM,32.100000
6/10/2023 9:50:00 PM,30.940000
6/10/2023 9:55:00 PM,30.940000
6/10/2023 10:00:00 PM,32.068236
6/10/2023 10:05:00 PM,34.144506
6/10/2023 10:10:00 PM,32.820406
6/10/2023 10:15:00 PM,30.497603
6/10/2023 10:20:00 PM,29.981393
6/10/2023 10:25:00 PM,28.095576
6/10/2023 10:30:00 PM,28.261373
6/10/2023 10:35:00 PM,28.543840
6/10/2023 10:40:00 PM,26.858146
6/10/2023 10:45:00 PM,27.561406
6/10/2023 10:50:00 PM,27.458293
6/10/2023 10:55:00 PM,27.580000
6/10/2023 11:00:00 PM,30.001200
6/10/2023 11:05:00 PM,30.000000
6/10/2023 11:10:00 PM,28.842876
6/10/2023 11:15:00 PM,28.652950
6/10/2023 11:20:00 PM,28.652950
6/10/2023 11:25:00 PM,27.676526
6/10/2023 11:30:00 PM,27.713220
6/10/2023 11:35:00 PM,27.175386
6/10/2023 11:40:00 PM,27.792343
6/10/2023 11:45:00 PM,26.728936
6/10/2023 11:50:00 PM,26.281520
6/10/2023 11:55:00 PM,26.054553
6/11/2023 12:00:00 AM,27.970633
6/11/2023 12:05:00 AM,30.012746
6/11/2023 12:10:00 AM,28.762223
6/11/2023 12:15:00 AM,28.575243
6/11/2023 12:20:00 AM,29.815090
6/11/2023 12:25:00 AM,29.775676
6/11/2023 12:30:00 AM,29.499823
6/11/2023 12:35:00 AM,29.141610
6/11/2023 12:40:00 AM,27.779240
6/11/2023 12:45:00 AM,27.642873
6/11/2023 12:50:00 AM,27.092426
6/11/2023 12:55:00 AM,27.144850
6/11/2023 1:00:00 AM,29.834416
6/11/2023 1:05:00 AM,28.442626
6/11/2023 1:10:00 AM,28.275763
6/11/2023 1:15:00 AM,27.215153
6/11/2023 1:20:00 AM,26.614673
6/11/2023 1:25:00 AM,26.302836
6/11/2023 1:30:00 AM,26.453516
6/11/2023 1:35:00 AM,25.274900
6/11/2023 1:40:00 AM,24.889743
6/11/2023 1:45:00 AM,24.597736
6/11/2023 1:50:00 AM,24.817910
6/11/2023 1:55:00 AM,24.671750
6/11/2023 2:00:00 AM,25.709010
6/11/2023 2:05:00 AM,25.370230
6/11/2023 2:10:00 AM,25.205546
6/11/2023 2:15:00 AM,24.887350
6/11/2023 2:20:00 AM,24.927420
6/11/2023 2:25:00 AM,24.927420
6/11/2023 2:30:00 AM,24.903566
6/11/2023 2:35:00 AM,24.520603
6/11/2023 2:40:00 AM,24.039170
6/11/2023 2:45:00 AM,23.741460
6/11/2023 2:50:00 AM,23.546610
6/11/2023 2:55:00 AM,23.873853
6/11/2023 3:00:00 AM,23.922893
6/11/2023 3:05:00 AM,24.048706
6/11/2023 3:10:00 AM,24.391700
6/11/2023 3:15:00 AM,24.005683
6/11/2023 3:20:00 AM,24.009456
6/11/2023 3:25:00 AM,23.992530
6/11/2023 3:30:00 AM,23.931250
6/11/2023 3:35:00 AM,24.183213
6/11/2023 3:40:00 AM,23.894923
6/11/2023 3:45:00 AM,23.535296
6/11/2023 3:50:00 AM,23.878606
6/11/2023 3:55:00 AM,23.479843
6/11/2023 4:00:00 AM,24.691630
6/11/2023 4:05:00 AM,24.282730
6/11/2023 4:10:00 AM,23.042063
6/11/2023 4:15:00 AM,22.971273
6/11/2023 4:20:00 AM,22.982836
6/11/2023 4:25:00 AM,23.046796
6/11/2023 4:30:00 AM,25.770133
6/11/2023 4:35:00 AM,25.011560
6/11/2023 4:40:00 AM,23.941583
6/11/2023 4:45:00 AM,23.687493
6/11/2023 4:50:00 AM,23.687493
6/11/2023 4:55:00 AM,24.285276
6/11/2023 5:00:00 AM,23.089733
6/11/2023 5:05:00 AM,23.158943
6/11/2023 5:10:00 AM,22.666880
6/11/2023 5:15:00 AM,23.090523
6/11/2023 5:20:00 AM,23.132940
6/11/2023 5:25:00 AM,23.116160
6/11/2023 5:30:00 AM,23.064476
6/11/2023 5:35:00 AM,22.840146
6/11/2023 5:40:00 AM,22.236443
6/11/2023 5:45:00 AM,21.454366
6/11/2023 5:50:00 AM,19.983600
6/11/2023 5:55:00 AM,19.897630
6/11/2023 6:00:00 AM,22.297746
6/11/2023 6:05:00 AM,22.077523
6/11/2023 6:10:00 AM,19.274360
6/11/2023 6:15:00 AM,18.144616
6/11/2023 6:20:00 AM,17.423610
6/11/2023 6:25:00 AM,18.388933
6/11/2023 6:30:00 AM,16.330653
6/11/2023 6:35:00 AM,15.275776
6/11/2023 6:40:00 AM,12.576550
6/11/2023 6:45:00 AM,10.930243
6/11/2023 6:50:00 AM,10.251096
6/11/2023 6:55:00 AM,9.975136
6/11/2023 7:00:00 AM,10.560036
6/11/2023 7:05:00 AM,10.998610
6/11/2023 7:10:00 AM,10.659073
6/11/2023 7:15:00 AM,9.880480
6/11/2023 7:20:00 AM,9.780533
6/11/2023 7:25:00 AM,0.010153
6/11/2023 7:30:00 AM,0.009516
6/11/2023 7:35:00 AM,0.004466
6/11/2023 7:40:00 AM,0.004090
6/11/2023 7:45:00 AM,0.004080
6/11/2023 7:50:00 AM,-1.549413
6/11/2023 7:55:00 AM,-5.384440
6/11/2023 8:00:00 AM,0.009596
6/11/2023 8:05:00 AM,0.010276
6/11/2023 8:10:00 AM,0.009856
6/11/2023 8:15:00 AM,0.018866
6/11/2023 8:20:00 AM,0.018866
6/11/2023 8:25:00 AM,0.018866
6/11/2023 8:30:00 AM,-0.814873
6/11/2023 8:35:00 AM,0.485050
6/11/2023 8:40:00 AM,-1.205896
6/11/2023 8:45:00 AM,-5.157946
6/11/2023 8:50:00 AM,-7.274423
6/11/2023 8:55:00 AM,-7.699903
6/11/2023 9:00:00 AM,-7.699903
6/11/2023 9:05:00 AM,-7.699903
6/11/2023 9:10:00 AM,-5.669366
6/11/2023 9:15:00 AM,-8.002003
6/11/2023 9:20:00 AM,-8.506723
6/11/2023 9:25:00 AM,-8.327670
6/11/2023 9:30:00 AM,-6.693103
6/11/2023 9:35:00 AM,-5.805163
6/11/2023 9:40:00 AM,-9.247446
6/11/2023 9:45:00 AM,-9.781473
6/11/2023 9:50:00 AM,-10.216026
6/11/2023 9:55:00 AM,-10.610776
6/11/2023 10:00:00 AM,-7.976846
6/11/2023 10:05:00 AM,-5.451790
6/11/2023 10:10:00 AM,-8.929733
6/11/2023 10:15:00 AM,-8.979810
6/11/2023 10:20:00 AM,-8.827750
6/11/2023 10:25:00 AM,-6.686403
6/11/2023 10:30:00 AM,-7.691233
6/11/2023 10:35:00 AM,-6.445083
6/11/2023 10:40:00 AM,-7.881383
6/11/2023 10:45:00 AM,-7.856186
6/11/2023 10:50:00 AM,-8.145993
6/11/2023 10:55:00 AM,-5.760926
6/11/2023 11:00:00 AM,-1.583486
6/11/2023 11:05:00 AM,-1.650803
6/11/2023 11:10:00 AM,-3.780996
6/11/2023 11:15:00 AM,-9.045146
6/11/2023 11:20:00 AM,-11.359853
6/11/2023 11:25:00 AM,-11.317050
6/11/2023 11:30:00 AM,-9.242216
6/11/2023 11:35:00 AM,-5.904626
6/11/2023 11:40:00 AM,-5.243976
6/11/2023 11:45:00 AM,-1.203040
6/11/2023 11:50:00 AM,-6.830353
6/11/2023 11:55:00 AM,-11.821866
6/11/2023 12:00:00 PM,-15.415316
6/11/2023 12:05:00 PM,-15.530880
6/11/2023 12:10:00 PM,-15.017190
6/11/2023 12:15:00 PM,-9.624490
6/11/2023 12:20:00 PM,-10.481753
6/11/2023 12:25:00 PM,-14.554706
6/11/2023 12:30:00 PM,-12.510270
6/11/2023 12:35:00 PM,-11.439936
6/11/2023 12:40:00 PM,-10.431590
6/11/2023 12:45:00 PM,-10.448320
6/11/2023 12:50:00 PM,-10.562500
6/11/2023 12:55:00 PM,-10.679773
6/11/2023 1:00:00 PM,-14.211026
6/11/2023 1:05:00 PM,-15.427160
6/11/2023 1:10:00 PM,-15.073193
6/11/2023 1:15:00 PM,-15.586703
6/11/2023 1:20:00 PM,-15.440756
6/11/2023 1:25:00 PM,-15.441050
6/11/2023 1:30:00 PM,-10.630253
6/11/2023 1:35:00 PM,-10.553706
6/11/2023 1:40:00 PM,-8.673786
6/11/2023 1:45:00 PM,-1.380166
6/11/2023 1:50:00 PM,-0.844823
6/11/2023 1:55:00 PM,-0.575260
6/11/2023 2:00:00 PM,-0.503633
6/11/2023 2:05:00 PM,-0.572503
6/11/2023 2:10:00 PM,-0.429373
6/11/2023 2:15:00 PM,-0.396916
6/11/2023 2:20:00 PM,-0.416080
6/11/2023 2:25:00 PM,-0.490640
6/11/2023 2:30:00 PM,-11.411263
6/11/2023 2:35:00 PM,-12.939093
6/11/2023 2:40:00 PM,-13.336826
6/11/2023 2:45:00 PM,-12.301353
6/11/2023 2:50:00 PM,-4.995156
6/11/2023 2:55:00 PM,-0.429066
6/11/2023 3:00:00 PM,-0.560560
6/11/2023 3:05:00 PM,-1.187626
6/11/2023 3:10:00 PM,7.247423
6/11/2023 3:15:00 PM,13.611986
6/11/2023 3:20:00 PM,12.935363
6/11/2023 3:25:00 PM,18.224153
6/11/2023 3:30:00 PM,19.389220
6/11/2023 3:35:00 PM,18.249966
6/11/2023 3:40:00 PM,17.164326
6/11/2023 3:45:00 PM,16.601860
6/11/2023 3:50:00 PM,16.258070
6/11/2023 3:55:00 PM,16.337833
6/11/2023 4:00:00 PM,16.888363
6/11/2023 4:05:00 PM,17.092080
6/11/2023 4:10:00 PM,15.222340
6/11/2023 4:15:00 PM,14.874400
6/11/2023 4:20:00 PM,13.858690
6/11/2023 4:25:00 PM,14.922586
6/11/2023 4:30:00 PM,15.646930
6/11/2023 4:35:00 PM,14.948630
6/11/2023 4:40:00 PM,14.600803
6/11/2023 4:45:00 PM,15.769836
6/11/2023 4:50:00 PM,14.602083
6/11/2023 4:55:00 PM,12.564933
6/11/2023 5:00:00 PM,12.564933
6/11/2023 5:05:00 PM,12.564933
6/11/2023 5:10:00 PM,8.744556
6/11/2023 5:15:00 PM,11.407380
6/11/2023 5:20:00 PM,11.930496
6/11/2023 5:25:00 PM,14.304986
6/11/2023 5:30:00 PM,16.192013
6/11/2023 5:35:00 PM,16.353370
6/11/2023 5:40:00 PM,16.427110
6/11/2023 5:45:00 PM,16.239340
6/11/2023 5:50:00 PM,17.034463
6/11/2023 5:55:00 PM,17.551133
6/11/2023 6:00:00 PM,16.449810
6/11/2023 6:05:00 PM,16.866500
6/11/2023 6:10:00 PM,17.057413
6/11/2023 6:15:00 PM,16.414780
6/11/2023 6:20:00 PM,18.199550
6/11/2023 6:25:00 PM,19.334223
6/11/2023 6:30:00 PM,20.748956
6/11/2023 6:35:00 PM,24.629130
6/11/2023 6:40:00 PM,25.113810
6/11/2023 6:45:00 PM,25.190563
6/11/2023 6:50:00 PM,27.301800
6/11/2023 6:55:00 PM,30.038296
6/11/2023 7:00:00 PM,23.142686
6/11/2023 7:05:00 PM,25.402926
6/11/2023 7:10:00 PM,29.567436
6/11/2023 7:15:00 PM,30.004140
6/11/2023 7:20:00 PM,30.100746
6/11/2023 7:25:00 PM,30.621930
6/11/2023 7:30:00 PM,30.297173
6/11/2023 7:35:00 PM,31.890213
6/11/2023 7:40:00 PM,34.738860
6/11/2023 7:45:00 PM,35.363626
6/11/2023 7:50:00 PM,35.363626
6/11/2023 7:55:00 PM,35.737793
6/11/2023 8:00:00 PM,34.040943
6/11/2023 8:05:00 PM,33.405740
6/11/2023 8:10:00 PM,33.397023
6/11/2023 8:15:00 PM,33.527473
6/11/2023 8:20:00 PM,34.729046
6/11/2023 8:25:00 PM,34.569693
6/11/2023 8:30:00 PM,34.380623
6/11/2023 8:35:00 PM,33.425606
6/11/2023 8:40:00 PM,33.415406
6/11/2023 8:45:00 PM,33.376940
6/11/2023 8:50:00 PM,33.437306
6/11/2023 8:55:00 PM,34.330570
6/11/2023 9:00:00 PM,37.582933
6/11/2023 9:05:00 PM,36.711286
6/11/2023 9:10:00 PM,35.745200
6/11/2023 9:15:00 PM,35.769256
6/11/2023 9:20:00 PM,35.652386
6/11/2023 9:25:00 PM,35.528463
6/11/2023 9:30:00 PM,33.823993
6/11/2023 9:35:00 PM,32.147986
6/11/2023 9:40:00 PM,31.704973
6/11/2023 9:45:00 PM,30.414710
6/11/2023 9:50:00 PM,30.362060
6/11/2023 9:55:00 PM,30.133260
6/11/2023 10:00:00 PM,35.419600
6/11/2023 10:05:00 PM,37.023770
6/11/2023 10:10:00 PM,35.960773
6/11/2023 10:15:00 PM,35.846000
6/11/2023 10:20:00 PM,35.257173
6/11/2023 10:25:00 PM,32.082706
6/11/2023 10:30:00 PM,30.838530
6/11/2023 10:35:00 PM,29.814750
6/11/2023 10:40:00 PM,29.723926
6/11/2023 10:45:00 PM,29.553253
6/11/2023 10:50:00 PM,28.584900
6/11/2023 10:55:00 PM,28.269066
6/11/2023 11:00:00 PM,29.529036
6/11/2023 11:05:00 PM,29.529036
6/11/2023 11:10:00 PM,29.146036
6/11/2023 11:15:00 PM,27.669970
6/11/2023 11:20:00 PM,27.669970
6/11/2023 11:25:00 PM,27.337333
6/11/2023 11:30:00 PM,27.023823
6/11/2023 11:35:00 PM,27.562743
6/11/2023 11:40:00 PM,26.936320
6/11/2023 11:45:00 PM,25.067960
6/11/2023 11:50:00 PM,24.659520
6/11/2023 11:55:00 PM,22.791666
6/12/2023 12:00:00 AM,32.260993
6/12/2023 12:05:00 AM,31.386976
6/12/2023 12:10:00 AM,29.235210
6/12/2023 12:15:00 AM,28.800106
6/12/2023 12:20:00 AM,28.892883
6/12/2023 12:25:00 AM,27.704256
6/12/2023 12:30:00 AM,29.345460
6/12/2023 12:35:00 AM,28.090000
6/12/2023 12:40:00 AM,28.090000
6/12/2023 12:45:00 AM,26.863750
6/12/2023 12:50:00 AM,26.161930
6/12/2023 12:55:00 AM,26.161930
6/12/2023 1:00:00 AM,28.754693
6/12/2023 1:05:00 AM,27.715350
6/12/2023 1:10:00 AM,27.432956
6/12/2023 1:15:00 AM,27.353213
6/12/2023 1:20:00 AM,27.402300
6/12/2023 1:25:00 AM,26.724473
6/12/2023 1:30:00 AM,26.745063
6/12/2023 1:35:00 AM,25.917170
6/12/2023 1:40:00 AM,24.856586
6/12/2023 1:45:00 AM,24.785340
6/12/2023 1:50:00 AM,24.785340
6/12/2023 1:55:00 AM,24.989113
6/12/2023 2:00:00 AM,25.080910
6/12/2023 2:05:00 AM,25.033540
6/12/2023 2:10:00 AM,25.080910
6/12/2023 2:15:00 AM,24.954893
6/12/2023 2:20:00 AM,24.812763
6/12/2023 2:25:00 AM,24.858193
6/12/2023 2:30:00 AM,24.769486
6/12/2023 2:35:00 AM,24.844846
6/12/2023 2:40:00 AM,24.989510
6/12/2023 2:45:00 AM,25.494476
6/12/2023 2:50:00 AM,25.495183
6/12/2023 2:55:00 AM,25.021283
6/12/2023 3:00:00 AM,25.789950
6/12/2023 3:05:00 AM,25.439006
6/12/2023 3:10:00 AM,25.185963
6/12/2023 3:15:00 AM,24.870393
6/12/2023 3:20:00 AM,25.139946
6/12/2023 3:25:00 AM,25.151173
6/12/2023 3:30:00 AM,25.433060
6/12/2023 3:35:00 AM,25.433060
6/12/2023 3:40:00 AM,25.627113
6/12/2023 3:45:00 AM,25.678543
6/12/2023 3:50:00 AM,25.678543
6/12/2023 3:55:00 AM,26.767936
6/12/2023 4:00:00 AM,24.856043
6/12/2023 4:05:00 AM,25.078550
6/12/2023 4:10:00 AM,25.114550
6/12/2023 4:15:00 AM,25.205106
6/12/2023 4:20:00 AM,25.234710
6/12/2023 4:25:00 AM,25.234710
6/12/2023 4:30:00 AM,25.812923
6/12/2023 4:35:00 AM,25.812923
6/12/2023 4:40:00 AM,26.006456
6/12/2023 4:45:00 AM,26.993983
6/12/2023 4:50:00 AM,29.196113
6/12/2023 4:55:00 AM,29.947743
6/12/2023 5:00:00 AM,26.946490
6/12/2023 5:05:00 AM,26.946490
6/12/2023 5:10:00 AM,27.509073
6/12/2023 5:15:00 AM,27.673430
6/12/2023 5:20:00 AM,29.186680
6/12/2023 5:25:00 AM,30.241650
6/12/2023 5:30:00 AM,30.659803
6/12/2023 5:35:00 AM,30.659803
6/12/2023 5:40:00 AM,30.659803
6/12/2023 5:45:00 AM,30.353250
6/12/2023 5:50:00 AM,30.816020
6/12/2023 5:55:00 AM,35.275476
6/12/2023 6:00:00 AM,36.695656
6/12/2023 6:05:00 AM,34.335623
6/12/2023 6:10:00 AM,34.420236
6/12/2023 6:15:00 AM,33.734886
6/12/2023 6:20:00 AM,34.367170
6/12/2023 6:25:00 AM,34.075763
6/12/2023 6:30:00 AM,33.489276
6/12/2023 6:35:00 AM,29.746413
6/12/2023 6:40:00 AM,27.671273
6/12/2023 6:45:00 AM,25.256786
6/12/2023 6:50:00 AM,25.227926
6/12/2023 6:55:00 AM,24.822276
6/12/2023 7:00:00 AM,26.375880
6/12/2023 7:05:00 AM,26.592863
6/12/2023 7:10:00 AM,26.565676
6/12/2023 7:15:00 AM,25.492120
6/12/2023 7:20:00 AM,24.552143
6/12/2023 7:25:00 AM,25.094236
6/12/2023 7:30:00 AM,21.447276
6/12/2023 7:35:00 AM,20.854130
6/12/2023 7:40:00 AM,20.451566
6/12/2023 7:45:00 AM,19.755266
6/12/2023 7:50:00 AM,19.357260
6/12/2023 7:55:00 AM,17.844460
6/12/2023 8:00:00 AM,22.240506
6/12/2023 8:05:00 AM,21.892453
6/12/2023 8:10:00 AM,22.067310
6/12/2023 8:15:00 AM,18.419246
6/12/2023 8:20:00 AM,20.778870
6/12/2023 8:25:00 AM,19.705086
6/12/2023 8:30:00 AM,16.787126
6/12/2023 8:35:00 AM,16.887326
6/12/2023 8:40:00 AM,17.584533
6/12/2023 8:45:00 AM,17.228576
6/12/2023 8:50:00 AM,17.482106
6/12/2023 8:55:00 AM,17.766576
6/12/2023 9:00:00 AM,22.501930
6/12/2023 9:05:00 AM,20.185850
6/12/2023 9:10:00 AM,20.814000
6/12/2023 9:15:00 AM,20.059796
6/12/2023 9:20:00 AM,5.841946
6/12/2023 9:25:00 AM,8.410466
6/12/2023 9:30:00 AM,7.433576
6/12/2023 9:35:00 AM,5.997866
6/12/2023 9:40:00 AM,3.565070
6/12/2023 9:45:00 AM,1.002823
6/12/2023 9:50:00 AM,2.021060
6/12/2023 9:55:00 AM,3.086420
6/12/2023 10:00:00 AM,4.208443
6/12/2023 10:05:00 AM,3.132076
6/12/2023 10:10:00 AM,8.363973
6/12/2023 10:15:00 AM,10.541393
6/12/2023 10:20:00 AM,10.420256
6/12/2023 10:25:00 AM,9.505576
6/12/2023 10:30:00 AM,5.660723
6/12/2023 10:35:00 AM,5.350676
6/12/2023 10:40:00 AM,2.303073
6/12/2023 10:45:00 AM,2.616713
6/12/2023 10:50:00 AM,2.469266
6/12/2023 10:55:00 AM,2.189623
6/12/2023 11:00:00 AM,3.144050
6/12/2023 11:05:00 AM,3.190196
6/12/2023 11:10:00 AM,1.652836
6/12/2023 11:15:00 AM,3.868613
6/12/2023 11:20:00 AM,3.218370
6/12/2023 11:25:00 AM,1.890866
6/12/2023 11:30:00 AM,2.354856
6/12/2023 11:35:00 AM,2.483840
6/12/2023 11:40:00 AM,1.342003
6/12/2023 11:45:00 AM,6.158133
6/12/2023 11:50:00 AM,6.308113
6/12/2023 11:55:00 AM,7.620023
6/12/2023 12:00:00 PM,8.563723
6/12/2023 12:05:00 PM,10.959430
6/12/2023 12:10:00 PM,11.359406
6/12/2023 12:15:00 PM,12.268326
6/12/2023 12:20:00 PM,14.271356
6/12/2023 12:25:00 PM,15.743443
6/12/2023 12:30:00 PM,13.658133
6/12/2023 12:35:00 PM,15.371756
6/12/2023 12:40:00 PM,11.682063
6/12/2023 12:45:00 PM,10.172910
6/12/2023 12:50:00 PM,14.273106
6/12/2023 12:55:00 PM,14.842506
6/12/2023 1:00:00 PM,12.526786
6/12/2023 1:05:00 PM,12.782280
6/12/2023 1:10:00 PM,12.938703
6/12/2023 1:15:00 PM,13.362530
6/12/2023 1:20:00 PM,12.919603
6/12/2023 1:25:00 PM,12.657306
6/12/2023 1:30:00 PM,10.030763
6/12/2023 1:35:00 PM,12.808966
6/12/2023 1:40:00 PM,12.062610
6/12/2023 1:45:00 PM,15.228310
6/12/2023 1:50:00 PM,14.109353
6/12/2023 1:55:00 PM,14.453136
6/12/2023 2:00:00 PM,9.582830
6/12/2023 2:05:00 PM,10.844763
6/12/2023 2:10:00 PM,11.836033
6/12/2023 2:15:00 PM,11.605316
6/12/2023 2:20:00 PM,12.133223
6/12/2023 2:25:00 PM,9.710596
6/12/2023 2:30:00 PM,10.640043
6/12/2023 2:35:00 PM,5.987486
6/12/2023 2:40:00 PM,10.428560
6/12/2023 2:45:00 PM,10.570433
6/12/2023 2:50:00 PM,9.350000
6/12/2023 2:55:00 PM,5.752430
6/12/2023 3:00:00 PM,1.582103
6/12/2023 3:05:00 PM,3.783340
6/12/2023 3:10:00 PM,2.902336
6/12/2023 3:15:00 PM,2.371840
6/12/2023 3:20:00 PM,-0.419256
6/12/2023 3:25:00 PM,-0.696813
6/12/2023 3:30:00 PM,-1.406430
6/12/2023 3:35:00 PM,-0.877720
6/12/2023 3:40:00 PM,3.109010
6/12/2023 3:45:00 PM,6.688310
6/12/2023 3:50:00 PM,5.142500
6/12/2023 3:55:00 PM,2.673913
6/12/2023 4:00:00 PM,-1.894256
6/12/2023 4:05:00 PM,-4.213523
6/12/2023 4:10:00 PM,-4.756966
6/12/2023 4:15:00 PM,-5.300300
6/12/2023 4:20:00 PM,-5.200293
6/12/2023 4:25:00 PM,-4.201070
6/12/2023 4:30:00 PM,-0.653816
6/12/2023 4:35:00 PM,-0.716023
6/12/2023 4:40:00 PM,-0.088443
6/12/2023 4:45:00 PM,-0.049766
6/12/2023 4:50:00 PM,1.707263
6/12/2023 4:55:00 PM,3.951516
6/12/2023 5:00:00 PM,-3.812013
6/12/2023 5:05:00 PM,-3.574463
6/12/2023 5:10:00 PM,-2.110496
6/12/2023 5:15:00 PM,-4.124186
6/12/2023 5:20:00 PM,-1.080686
6/12/2023 5:25:00 PM,4.642466
6/12/2023 5:30:00 PM,6.576880
6/12/2023 5:35:00 PM,8.252853
6/12/2023 5:40:00 PM,8.916023
6/12/2023 5:45:00 PM,9.868573
6/12/2023 5:50:00 PM,18.760263
6/12/2023 5:55:00 PM,19.987713
6/12/2023 6:00:00 PM,16.446030
6/12/2023 6:05:00 PM,16.446030
6/12/2023 6:10:00 PM,25.434673
6/12/2023 6:15:00 PM,24.257850
6/12/2023 6:20:00 PM,26.766423
6/12/2023 6:25:00 PM,28.186473
6/12/2023 6:30:00 PM,27.103856
6/12/2023 6:35:00 PM,26.589940
6/12/2023 6:40:00 PM,28.422496
6/12/2023 6:45:00 PM,30.020626
6/12/2023 6:50:00 PM,31.686803
6/12/2023 6:55:00 PM,37.684946
6/12/2023 7:00:00 PM,33.134043
6/12/2023 7:05:00 PM,35.166710
6/12/2023 7:10:00 PM,37.992013
6/12/2023 7:15:00 PM,36.527590
6/12/2023 7:20:00 PM,39.502000
6/12/2023 7:25:00 PM,40.414580
6/12/2023 7:30:00 PM,44.485620
6/12/2023 7:35:00 PM,45.721590
6/12/2023 7:40:00 PM,46.250043
6/12/2023 7:45:00 PM,49.065583
6/12/2023 7:50:00 PM,51.629510
6/12/2023 7:55:00 PM,56.948060
6/12/2023 8:00:00 PM,46.386960
6/12/2023 8:05:00 PM,46.386960
6/12/2023 8:10:00 PM,46.138366
6/12/2023 8:15:00 PM,46.214483
6/12/2023 8:20:00 PM,45.870440
6/12/2023 8:25:00 PM,44.060546
6/12/2023 8:30:00 PM,44.276220
6/12/2023 8:35:00 PM,42.164740
6/12/2023 8:40:00 PM,41.273693
6/12/2023 8:45:00 PM,39.674890
6/12/2023 8:50:00 PM,39.702640
6/12/2023 8:55:00 PM,39.674890
6/12/2023 9:00:00 PM,39.074580
6/12/2023 9:05:00 PM,37.036770
6/12/2023 9:10:00 PM,36.293723
6/12/2023 9:15:00 PM,36.278990
6/12/2023 9:20:00 PM,36.931473
6/12/2023 9:25:00 PM,36.629103
6/12/2023 9:30:00 PM,36.857410
6/12/2023 9:35:00 PM,35.455090
6/12/2023 9:40:00 PM,34.837570
6/12/2023 9:45:00 PM,30.761660
6/12/2023 9:50:00 PM,30.138906
6/12/2023 9:55:00 PM,29.338550
6/12/2023 10:00:00 PM,35.808416
6/12/2023 10:05:00 PM,35.129216
6/12/2023 10:10:00 PM,31.361870
6/12/2023 10:15:00 PM,30.610926
6/12/2023 10:20:00 PM,30.424933
6/12/2023 10:25:00 PM,30.318693
6/12/2023 10:30:00 PM,30.468970
6/12/2023 10:35:00 PM,31.060506
6/12/2023 10:40:00 PM,30.021430
6/12/2023 10:45:00 PM,30.383396
6/12/2023 10:50:00 PM,29.791886
6/12/2023 10:55:00 PM,29.255546
6/12/2023 11:00:00 PM,31.319643
6/12/2023 11:05:00 PM,31.356180
6/12/2023 11:10:00 PM,30.517270
6/12/2023 11:15:00 PM,30.042506
6/12/2023 11:20:00 PM,29.871643
6/12/2023 11:25:00 PM,28.782250
6/12/2023 11:30:00 PM,26.536490
6/12/2023 11:35:00 PM,26.358143
6/12/2023 11:40:00 PM,25.502853
6/12/2023 11:45:00 PM,25.176726
6/12/2023 11:50:00 PM,25.179840
6/12/2023 11:55:00 PM,25.253220
6/13/2023 12:00:00 AM,29.870140
6/13/2023 12:05:00 AM,30.405010
6/13/2023 12:10:00 AM,33.714140
6/13/2023 12:15:00 AM,31.540540
6/13/2023 12:20:00 AM,31.392286
6/13/2023 12:25:00 AM,30.342243
6/13/2023 12:30:00 AM,30.110613
6/13/2023 12:35:00 AM,30.025786
6/13/2023 12:40:00 AM,29.525180
6/13/2023 12:45:00 AM,29.823076
6/13/2023 12:50:00 AM,29.330546
6/13/2023 12:55:00 AM,29.823076
6/13/2023 1:00:00 AM,28.947786
6/13/2023 1:05:00 AM,29.722983
6/13/2023 1:10:00 AM,30.909376
6/13/2023 1:15:00 AM,30.349273
6/13/2023 1:20:00 AM,29.574056
6/13/2023 1:25:00 AM,29.565653
6/13/2023 1:30:00 AM,28.907436
6/13/2023 1:35:00 AM,26.961146
6/13/2023 1:40:00 AM,26.836796
6/13/2023 1:45:00 AM,25.662530
6/13/2023 1:50:00 AM,25.518413
6/13/2023 1:55:00 AM,25.187866
6/13/2023 2:00:00 AM,26.947663
6/13/2023 2:05:00 AM,27.118296
6/13/2023 2:10:00 AM,26.946500
6/13/2023 2:15:00 AM,26.823470
6/13/2023 2:20:00 AM,26.347896
6/13/2023 2:25:00 AM,25.576953
6/13/2023 2:30:00 AM,25.653576
6/13/2023 2:35:00 AM,25.710730
6/13/2023 2:40:00 AM,25.449043
6/13/2023 2:45:00 AM,25.204850
6/13/2023 2:50:00 AM,25.204850
6/13/2023 2:55:00 AM,25.130350
6/13/2023 3:00:00 AM,25.620446
6/13/2023 3:05:00 AM,25.576940
6/13/2023 3:10:00 AM,25.579240
6/13/2023 3:15:00 AM,25.531260
6/13/2023 3:20:00 AM,25.232393
6/13/2023 3:25:00 AM,25.381850
6/13/2023 3:30:00 AM,26.478460
6/13/2023 3:35:00 AM,26.884446
6/13/2023 3:40:00 AM,26.481670
6/13/2023 3:45:00 AM,26.689303
6/13/2023 3:50:00 AM,25.467950
6/13/2023 3:55:00 AM,25.443573
6/13/2023 4:00:00 AM,25.856303
6/13/2023 4:05:00 AM,26.892460
6/13/2023 4:10:00 AM,26.513650
6/13/2023 4:15:00 AM,26.523356
6/13/2023 4:20:00 AM,27.578780
6/13/2023 4:25:00 AM,28.973476
6/13/2023 4:30:00 AM,29.444473
6/13/2023 4:35:00 AM,29.519400
6/13/2023 4:40:00 AM,30.491503
6/13/2023 4:45:00 AM,30.211280
6/13/2023 4:50:00 AM,30.138693
6/13/2023 4:55:00 AM,31.579446
6/13/2023 5:00:00 AM,30.380953
6/13/2023 5:05:00 AM,31.131613
6/13/2023 5:10:00 AM,32.195070
6/13/2023 5:15:00 AM,32.810513
6/13/2023 5:20:00 AM,34.351796
6/13/2023 5:25:00 AM,35.472873
6/13/2023 5:30:00 AM,35.494676
6/13/2023 5:35:00 AM,35.905813
6/13/2023 5:40:00 AM,35.905813
6/13/2023 5:45:00 AM,36.013180
6/13/2023 5:50:00 AM,35.962946
6/13/2023 5:55:00 AM,36.013180
6/13/2023 6:00:00 AM,36.064090
6/13/2023 6:05:00 AM,32.108133
6/13/2023 6:10:00 AM,30.876193
6/13/2023 6:15:00 AM,31.449596
6/13/2023 6:20:00 AM,31.193023
6/13/2023 6:25:00 AM,29.886713
6/13/2023 6:30:00 AM,29.673876
6/13/2023 6:35:00 AM,26.412260
6/13/2023 6:40:00 AM,24.785693
6/13/2023 6:45:00 AM,24.304120
6/13/2023 6:50:00 AM,24.355956
6/13/2023 6:55:00 AM,22.615490
6/13/2023 7:00:00 AM,24.545690
6/13/2023 7:05:00 AM,25.865706
6/13/2023 7:10:00 AM,24.525223
6/13/2023 7:15:00 AM,18.543603
6/13/2023 7:20:00 AM,18.158720
6/13/2023 7:25:00 AM,14.789790
6/13/2023 7:30:00 AM,16.551800
6/13/2023 7:35:00 AM,14.992603
6/13/2023 7:40:00 AM,13.169076
6/13/2023 7:45:00 AM,11.844936
6/13/2023 7:50:00 AM,10.812236
6/13/2023 7:55:00 AM,10.051286
6/13/2023 8:00:00 AM,16.862303
6/13/2023 8:05:00 AM,16.862303
6/13/2023 8:10:00 AM,15.691606
6/13/2023 8:15:00 AM,15.450673
6/13/2023 8:20:00 AM,14.942150
6/13/2023 8:25:00 AM,13.289386
6/13/2023 8:30:00 AM,14.035446
6/13/2023 8:35:00 AM,14.341933
6/13/2023 8:40:00 AM,12.697013
6/13/2023 8:45:00 AM,11.922110
6/13/2023 8:50:00 AM,11.463110
6/13/2023 8:55:00 AM,11.773633
6/13/2023 9:00:00 AM,11.552520
6/13/2023 9:05:00 AM,10.822780
6/13/2023 9:10:00 AM,10.318466
6/13/2023 9:15:00 AM,9.733660
6/13/2023 9:20:00 AM,7.368026
6/13/2023 9:25:00 AM,6.296770
6/13/2023 9:30:00 AM,4.443443
6/13/2023 9:35:00 AM,3.512356
6/13/2023 9:40:00 AM,4.410890
6/13/2023 9:45:00 AM,8.772030
6/13/2023 9:50:00 AM,4.410890
6/13/2023 9:55:00 AM,3.804740
6/13/2023 10:00:00 AM,10.149293
6/13/2023 10:05:00 AM,9.149580
6/13/2023 10:10:00 AM,10.138870
6/13/2023 10:15:00 AM,10.223763
6/13/2023 10:20:00 AM,10.223763
6/13/2023 10:25:00 AM,9.126023
6/13/2023 10:30:00 AM,9.168640
6/13/2023 10:35:00 AM,6.435083
6/13/2023 10:40:00 AM,6.429850
6/13/2023 10:45:00 AM,6.429850
6/13/2023 10:50:00 AM,6.201266
6/13/2023 10:55:00 AM,6.429850
6/13/2023 11:00:00 AM,6.560140
6/13/2023 11:05:00 AM,5.161100
6/13/2023 11:10:00 AM,5.345883
6/13/2023 11:15:00 AM,6.217390
6/13/2023 11:20:00 AM,6.390576
6/13/2023 11:25:00 AM,6.217390
6/13/2023 11:30:00 AM,6.201266
6/13/2023 11:35:00 AM,6.449080
6/13/2023 11:40:00 AM,6.449080
6/13/2023 11:45:00 AM,7.281840
6/13/2023 11:50:00 AM,6.449080
6/13/2023 11:55:00 AM,6.201266
6/13/2023 12:00:00 PM,5.362563
6/13/2023 12:05:00 PM,5.370626
6/13/2023 12:10:00 PM,0.010423
6/13/2023 12:15:00 PM,0.009773
6/13/2023 12:20:00 PM,0.010856
6/13/2023 12:25:00 PM,0.010513
6/13/2023 12:30:00 PM,6.435083
6/13/2023 12:35:00 PM,-0.436950
6/13/2023 12:40:00 PM,-1.386230
6/13/2023 12:45:00 PM,-1.344130
6/13/2023 12:50:00 PM,-1.253800
6/13/2023 12:55:00 PM,-1.384883
6/13/2023 1:00:00 PM,5.302870
6/13/2023 1:05:00 PM,6.359986
6/13/2023 1:10:00 PM,4.188500
6/13/2023 1:15:00 PM,1.831460
6/13/2023 1:20:00 PM,2.747506
6/13/2023 1:25:00 PM,1.992120
6/13/2023 1:30:00 PM,-0.760160
6/13/2023 1:35:00 PM,-0.685156
6/13/2023 1:40:00 PM,-0.701710
6/13/2023 1:45:00 PM,-0.318840
6/13/2023 1:50:00 PM,-0.003920
6/13/2023 1:55:00 PM,-1.960563
6/13/2023 2:00:00 PM,-5.182770
6/13/2023 2:05:00 PM,-2.305656
6/13/2023 2:10:00 PM,-3.062683
6/13/2023 2:15:00 PM,-3.094766
6/13/2023 2:20:00 PM,-3.110563
6/13/2023 2:25:00 PM,-9.888860
6/13/2023 2:30:00 PM,-3.101773
6/13/2023 2:35:00 PM,-3.101773
6/13/2023 2:40:00 PM,-0.002276
6/13/2023 2:45:00 PM,0.000000
6/13/2023 2:50:00 PM,0.000000
6/13/2023 2:55:00 PM,0.000000
6/13/2023 3:00:00 PM,-0.003420
6/13/2023 3:05:00 PM,-0.001140
6/13/2023 3:10:00 PM,-0.001140
6/13/2023 3:15:00 PM,-0.002276
6/13/2023 3:20:00 PM,-0.001626
6/13/2023 3:25:00 PM,-0.002276
6/13/2023 3:30:00 PM,-0.001140
6/13/2023 3:35:00 PM,0.000000
6/13/2023 3:40:00 PM,0.000000
6/13/2023 3:45:00 PM,-0.001140
6/13/2023 3:50:00 PM,0.000000
6/13/2023 3:55:00 PM,2.032050
6/13/2023 4:00:00 PM,-0.001140
6/13/2023 4:05:00 PM,-0.001140
6/13/2023 4:10:00 PM,-0.116740
6/13/2023 4:15:00 PM,-0.001140
6/13/2023 4:20:00 PM,0.000000
6/13/2023 4:25:00 PM,0.000000
6/13/2023 4:30:00 PM,0.010146
6/13/2023 4:35:00 PM,0.010283
6/13/2023 4:40:00 PM,0.010283
6/13/2023 4:45:00 PM,0.000000
6/13/2023 4:50:00 PM,0.000000
6/13/2023 4:55:00 PM,0.008750
6/13/2023 5:00:00 PM,-0.002276
6/13/2023 5:05:00 PM,-0.004553
6/13/2023 5:10:00 PM,-0.002276
6/13/2023 5:15:00 PM,-0.001136
6/13/2023 5:20:00 PM,0.000000
6/13/2023 5:25:00 PM,0.000000
6/13/2023 5:30:00 PM,11.800410
6/13/2023 5:35:00 PM,13.341520
6/13/2023 5:40:00 PM,13.936140
6/13/2023 5:45:00 PM,15.302763
6/13/2023 5:50:00 PM,14.596433
6/13/2023 5:55:00 PM,16.478413
6/13/2023 6:00:00 PM,15.801833
6/13/2023 6:05:00 PM,16.512193
6/13/2023 6:10:00 PM,18.355466
6/13/2023 6:15:00 PM,17.309633
6/13/2023 6:20:00 PM,19.546666
6/13/2023 6:25:00 PM,20.317336
6/13/2023 6:30:00 PM,23.744400
6/13/2023 6:35:00 PM,27.369793
6/13/2023 6:40:00 PM,30.650550
6/13/2023 6:45:00 PM,32.245696
6/13/2023 6:50:00 PM,35.856176
6/13/2023 6:55:00 PM,38.275153
6/13/2023 7:00:00 PM,31.525326
6/13/2023 7:05:00 PM,34.717400
6/13/2023 7:10:00 PM,35.689530
6/13/2023 7:15:00 PM,36.979200
6/13/2023 7:20:00 PM,38.150783
6/13/2023 7:25:00 PM,40.679773
6/13/2023 7:30:00 PM,41.270503
6/13/2023 7:35:00 PM,41.314516
6/13/2023 7:40:00 PM,41.314516
6/13/2023 7:45:00 PM,41.262400
6/13/2023 7:50:00 PM,42.550303
6/13/2023 7:55:00 PM,42.750566
6/13/2023 8:00:00 PM,41.959880
6/13/2023 8:05:00 PM,42.272843
6/13/2023 8:10:00 PM,41.212206
6/13/2023 8:15:00 PM,42.395293
6/13/2023 8:20:00 PM,42.411436
6/13/2023 8:25:00 PM,42.422753
6/13/2023 8:30:00 PM,42.133936
6/13/2023 8:35:00 PM,42.451756
6/13/2023 8:40:00 PM,42.429886
6/13/2023 8:45:00 PM,42.455453
6/13/2023 8:50:00 PM,42.247976
6/13/2023 8:55:00 PM,42.096583
6/13/2023 9:00:00 PM,42.406406
6/13/2023 9:05:00 PM,42.470550
6/13/2023 9:10:00 PM,41.941883
6/13/2023 9:15:00 PM,39.600630
6/13/2023 9:20:00 PM,40.150680
6/13/2023 9:25:00 PM,36.827280
6/13/2023 9:30:00 PM,35.600126
6/13/2023 9:35:00 PM,35.344443
6/13/2023 9:40:00 PM,33.773930
6/13/2023 9:45:00 PM,33.372490
6/13/2023 9:50:00 PM,33.526096
6/13/2023 9:55:00 PM,32.809893
6/13/2023 10:00:00 PM,35.317360
6/13/2023 10:05:00 PM,34.762323
6/13/2023 10:10:00 PM,31.586480
6/13/2023 10:15:00 PM,31.674686
6/13/2023 10:20:00 PM,30.270506
6/13/2023 10:25:00 PM,29.942783
6/13/2023 10:30:00 PM,30.290540
6/13/2023 10:35:00 PM,30.107916
6/13/2023 10:40:00 PM,28.211530
6/13/2023 10:45:00 PM,27.880380
6/13/2023 10:50:00 PM,27.868856
6/13/2023 10:55:00 PM,27.725640
6/13/2023 11:00:00 PM,32.421070
6/13/2023 11:05:00 PM,33.402453
6/13/2023 11:10:00 PM,32.562750
6/13/2023 11:15:00 PM,32.366760
6/13/2023 11:20:00 PM,30.814076
6/13/2023 11:25:00 PM,31.393213
6/13/2023 11:30:00 PM,31.202000
6/13/2023 11:35:00 PM,30.701583
6/13/2023 11:40:00 PM,28.979170
6/13/2023 11:45:00 PM,30.701326
6/13/2023 11:50:00 PM,30.701326
6/13/2023 11:55:00 PM,30.701326
6/14/2023 12:00:00 AM,30.701326
6/14/2023 12:05:00 AM,24.913683
6/14/2023 12:10:00 AM,31.912766
6/14/2023 12:15:00 AM,31.912766
6/14/2023 12:20:00 AM,31.912766
6/14/2023 12:25:00 AM,40.141710
6/14/2023 12:30:00 AM,37.995626
6/14/2023 12:35:00 AM,38.177546
6/14/2023 12:40:00 AM,28.740000
6/14/2023 12:45:00 AM,26.855110
6/14/2023 12:50:00 AM,27.572580
6/14/2023 12:55:00 AM,27.551443
6/14/2023 1:00:00 AM,28.179183
6/14/2023 1:05:00 AM,28.442620
6/14/2023 1:10:00 AM,28.359613
6/14/2023 1:15:00 AM,28.084056
6/14/2023 1:20:00 AM,27.617646
6/14/2023 1:25:00 AM,27.314443
6/14/2023 1:30:00 AM,25.703253
6/14/2023 1:35:00 AM,25.261640
6/14/2023 1:40:00 AM,25.072690
6/14/2023 1:45:00 AM,23.101943
6/14/2023 1:50:00 AM,17.605910
6/14/2023 1:55:00 AM,17.105260
6/14/2023 2:00:00 AM,23.085020
6/14/2023 2:05:00 AM,17.721346
6/14/2023 2:10:00 AM,16.600183
6/14/2023 2:15:00 AM,16.910783
6/14/2023 2:20:00 AM,16.702376
6/14/2023 2:25:00 AM,16.607690
6/14/2023 2:30:00 AM,16.559553
6/14/2023 2:35:00 AM,16.625263
6/14/2023 2:40:00 AM,16.280913
6/14/2023 2:45:00 AM,16.045080
6/14/2023 2:50:00 AM,15.936646
6/14/2023 2:55:00 AM,15.460196
6/14/2023 3:00:00 AM,15.492920
6/14/2023 3:05:00 AM,15.344976
6/14/2023 3:10:00 AM,15.485040
6/14/2023 3:15:00 AM,15.346030
6/14/2023 3:20:00 AM,16.404523
6/14/2023 3:25:00 AM,16.245963
6/14/2023 3:30:00 AM,16.409596
6/14/2023 3:35:00 AM,16.200000
6/14/2023 3:40:00 AM,15.542420
6/14/2023 3:45:00 AM,14.686453
6/14/2023 3:50:00 AM,13.011723
6/14/2023 3:55:00 AM,14.019236
6/14/2023 4:00:00 AM,12.955296
6/14/2023 4:05:00 AM,12.999850
6/14/2023 4:10:00 AM,14.270220
6/14/2023 4:15:00 AM,14.559656
6/14/2023 4:20:00 AM,15.517236
6/14/2023 4:25:00 AM,15.938293
6/14/2023 4:30:00 AM,16.226376
6/14/2023 4:35:00 AM,16.337220
6/14/2023 4:40:00 AM,16.554986
6/14/2023 4:45:00 AM,16.442540
6/14/2023 4:50:00 AM,16.223020
6/14/2023 4:55:00 AM,16.442540
6/14/2023 5:00:00 AM,16.365113
6/14/2023 5:05:00 AM,16.735216
6/14/2023 5:10:00 AM,16.731836
6/14/2023 5:15:00 AM,18.390463
6/14/2023 5:20:00 AM,18.694176
6/14/2023 5:25:00 AM,18.845220
6/14/2023 5:30:00 AM,17.664573
6/14/2023 5:35:00 AM,18.070433
6/14/2023 5:40:00 AM,18.309176
6/14/2023 5:45:00 AM,17.880023
6/14/2023 5:50:00 AM,17.209040
6/14/2023 5:55:00 AM,23.987593
6/14/2023 6:00:00 AM,17.344406
6/14/2023 6:05:00 AM,23.036346
6/14/2023 6:10:00 AM,22.085220
6/14/2023 6:15:00 AM,20.601086
6/14/2023 6:20:00 AM,15.291686
6/14/2023 6:25:00 AM,12.772563
6/14/2023 6:30:00 AM,12.586766
6/14/2023 6:35:00 AM,12.093843
6/14/2023 6:40:00 AM,11.541676
6/14/2023 6:45:00 AM,9.575966
6/14/2023 6:50:00 AM,7.585713
6/14/2023 6:55:00 AM,7.095343
6/14/2023 7:00:00 AM,8.008883
6/14/2023 7:05:00 AM,8.330710
6/14/2023 7:10:00 AM,9.080686
6/14/2023 7:15:00 AM,5.861453
6/14/2023 7:20:00 AM,2.006356
6/14/2023 7:25:00 AM,1.978203
6/14/2023 7:30:00 AM,1.011210
6/14/2023 7:35:00 AM,0.008960
6/14/2023 7:40:00 AM,-0.001150
6/14/2023 7:45:00 AM,-0.014123
6/14/2023 7:50:00 AM,-1.789736
6/14/2023 7:55:00 AM,-1.887006
6/14/2023 8:00:00 AM,0.000000
6/14/2023 8:05:00 AM,0.000000
6/14/2023 8:10:00 AM,0.000000
6/14/2023 8:15:00 AM,-0.001143
6/14/2023 8:20:00 AM,-0.001143
6/14/2023 8:25:00 AM,-0.049426
6/14/2023 8:30:00 AM,-0.054013
6/14/2023 8:35:00 AM,-1.959890
6/14/2023 8:40:00 AM,-3.301490
6/14/2023 8:45:00 AM,-5.252670
6/14/2023 8:50:00 AM,-10.086616
6/14/2023 8:55:00 AM,-5.900223
6/14/2023 9:00:00 AM,-5.389856
6/14/2023 9:05:00 AM,-2.933256
6/14/2023 9:10:00 AM,-3.088613
6/14/2023 9:15:00 AM,-3.318753
6/14/2023 9:20:00 AM,-5.373460
6/14/2023 9:25:00 AM,-4.327760
6/14/2023 9:30:00 AM,-4.639056
6/14/2023 9:35:00 AM,-5.417490
6/14/2023 9:40:00 AM,-7.801713
6/14/2023 9:45:00 AM,-5.365566
6/14/2023 9:50:00 AM,-6.103993
6/14/2023 9:55:00 AM,-3.912123
6/14/2023 10:00:00 AM,-0.001516
6/14/2023 10:05:00 AM,-0.001896
6/14/2023 10:10:00 AM,-0.003413
6/14/2023 10:15:00 AM,-0.252293
6/14/2023 10:20:00 AM,-1.006440
6/14/2023 10:25:00 AM,-0.503446
6/14/2023 10:30:00 AM,-0.940353
6/14/2023 10:35:00 AM,-0.012830
6/14/2023 10:40:00 AM,-0.002273
6/14/2023 10:45:00 AM,0.000000
6/14/2023 10:50:00 AM,0.000000
6/14/2023 10:55:00 AM,0.000000
6/14/2023 11:00:00 AM,0.000000
6/14/2023 11:05:00 AM,-0.001133
6/14/2023 11:10:00 AM,-0.001133
6/14/2023 11:15:00 AM,0.000000
6/14/2023 11:20:00 AM,0.000000
6/14/2023 11:25:00 AM,-0.001136
6/14/2023 11:30:00 AM,-0.001136
6/14/2023 11:35:00 AM,-0.001136
6/14/2023 11:40:00 AM,0.000000
6/14/2023 11:45:00 AM,-0.002266
6/14/2023 11:50:00 AM,-0.002266
6/14/2023 11:55:00 AM,-0.002273
6/14/2023 12:00:00 PM,-0.001136
6/14/2023 12:05:00 PM,-0.002266
6/14/2023 12:10:00 PM,-0.001516
6/14/2023 12:15:00 PM,-0.002270
6/14/2023 12:20:00 PM,-0.001136
6/14/2023 12:25:00 PM,-0.001510
6/14/2023 12:30:00 PM,-0.001133
6/14/2023 12:35:00 PM,-0.003373
6/14/2023 12:40:00 PM,-0.002266
6/14/2023 12:45:00 PM,-0.001433
6/14/2023 12:50:00 PM,-0.004536
6/14/2023 12:55:00 PM,-0.001136
6/14/2023 1:00:00 PM,-0.002270
6/14/2023 1:05:00 PM,-0.001136
6/14/2023 1:10:00 PM,-0.001136
6/14/2023 1:15:00 PM,-0.001136
6/14/2023 1:20:00 PM,-0.002273
6/14/2023 1:25:00 PM,-0.001136
6/14/2023 1:30:00 PM,0.000000
6/14/2023 1:35:00 PM,-0.001136
6/14/2023 1:40:00 PM,0.000000
6/14/2023 1:45:00 PM,0.000000
6/14/2023 1:50:00 PM,-0.001136
6/14/2023 1:55:00 PM,-0.001136
6/14/2023 2:00:00 PM,-1.840000
6/14/2023 2:05:00 PM,-1.006000
6/14/2023 2:10:00 PM,-1.002400
6/14/2023 2:15:00 PM,-1.002400
6/14/2023 2:20:00 PM,-3.081540
6/14/2023 2:25:00 PM,-2.288273
6/14/2023 2:30:00 PM,-3.081283
6/14/2023 2:35:00 PM,-2.796923
6/14/2023 2:40:00 PM,-1.795730
6/14/2023 2:45:00 PM,-0.502400
6/14/2023 2:50:00 PM,-0.013600
6/14/2023 2:55:00 PM,-0.006000
6/14/2023 3:00:00 PM,-0.498043
6/14/2023 3:05:00 PM,-0.995050
6/14/2023 3:10:00 PM,-1.779643
6/14/2023 3:15:00 PM,-0.251416
6/14/2023 3:20:00 PM,-0.003423
6/14/2023 3:25:00 PM,0.000000
6/14/2023 3:30:00 PM,0.026103
6/14/2023 3:35:00 PM,0.010050
6/14/2023 3:40:00 PM,0.029030
6/14/2023 3:45:00 PM,0.035640
6/14/2023 3:50:00 PM,0.490940
6/14/2023 3:55:00 PM,0.354593
6/14/2023 4:00:00 PM,0.493486
6/14/2023 4:05:00 PM,3.463536
6/14/2023 4:10:00 PM,1.979653
6/14/2023 4:15:00 PM,0.494426
6/14/2023 4:20:00 PM,0.045220
6/14/2023 4:25:00 PM,0.035720
6/14/2023 4:30:00 PM,1.984686
6/14/2023 4:35:00 PM,5.073503
6/14/2023 4:40:00 PM,10.037970
6/14/2023 4:45:00 PM,7.830566
6/14/2023 4:50:00 PM,7.429153
6/14/2023 4:55:00 PM,3.409810
6/14/2023 5:00:00 PM,0.018376
6/14/2023 5:05:00 PM,0.020830
6/14/2023 5:10:00 PM,0.044910
6/14/2023 5:15:00 PM,0.039676
6/14/2023 5:20:00 PM,3.621463
6/14/2023 5:25:00 PM,3.621463
6/14/2023 5:30:00 PM,6.523510
6/14/2023 5:35:00 PM,7.722370
6/14/2023 5:40:00 PM,7.223656
6/14/2023 5:45:00 PM,12.177136
6/14/2023 5:50:00 PM,17.084743
6/14/2023 5:55:00 PM,16.471856
6/14/2023 6:00:00 PM,10.693026
6/14/2023 6:05:00 PM,5.794336
6/14/2023 6:10:00 PM,6.339040
6/14/2023 6:15:00 PM,16.991780
6/14/2023 6:20:00 PM,19.214390
6/14/2023 6:25:00 PM,18.338923
6/14/2023 6:30:00 PM,22.402073
6/14/2023 6:35:00 PM,24.880496
6/14/2023 6:40:00 PM,27.507600
6/14/2023 6:45:00 PM,26.289980
6/14/2023 6:50:00 PM,27.250310
6/14/2023 6:55:00 PM,28.972383
6/14/2023 7:00:00 PM,22.912260
6/14/2023 7:05:00 PM,24.670656
6/14/2023 7:10:00 PM,27.148076
6/14/2023 7:15:00 PM,29.571113
6/14/2023 7:20:00 PM,30.039700
6/14/2023 7:25:00 PM,30.499433
6/14/2023 7:30:00 PM,30.601480
6/14/2023 7:35:00 PM,31.687046
6/14/2023 7:40:00 PM,33.627826
6/14/2023 7:45:00 PM,34.031953
6/14/2023 7:50:00 PM,33.844360
6/14/2023 7:55:00 PM,33.218663
6/14/2023 8:00:00 PM,35.589260
6/14/2023 8:05:00 PM,32.581990
6/14/2023 8:10:00 PM,32.749820
6/14/2023 8:15:00 PM,34.480360
6/14/2023 8:20:00 PM,34.289806
6/14/2023 8:25:00 PM,33.963673
6/14/2023 8:30:00 PM,33.933133
6/14/2023 8:35:00 PM,34.048503
6/14/2023 8:40:00 PM,31.117766
6/14/2023 8:45:00 PM,31.561526
6/14/2023 8:50:00 PM,31.370686
6/14/2023 8:55:00 PM,31.365013
6/14/2023 9:00:00 PM,30.919166
6/14/2023 9:05:00 PM,31.286040
6/14/2023 9:10:00 PM,30.919166
6/14/2023 9:15:00 PM,29.781036
6/14/2023 9:20:00 PM,27.915706
6/14/2023 9:25:00 PM,27.463660
6/14/2023 9:30:00 PM,27.575653
6/14/2023 9:35:00 PM,26.989690
6/14/2023 9:40:00 PM,25.421266
6/14/2023 9:45:00 PM,25.453203
6/14/2023 9:50:00 PM,23.181956
6/14/2023 9:55:00 PM,22.863763
6/14/2023 10:00:00 PM,27.205456
6/14/2023 10:05:00 PM,27.117563
6/14/2023 10:10:00 PM,25.616853
6/14/2023 10:15:00 PM,25.620646
6/14/2023 10:20:00 PM,24.850283
6/14/2023 10:25:00 PM,22.501526
6/14/2023 10:30:00 PM,21.910333
6/14/2023 10:35:00 PM,19.059410
6/14/2023 10:40:00 PM,18.007693
6/14/2023 10:45:00 PM,16.767093
6/14/2023 10:50:00 PM,17.325610
6/14/2023 10:55:00 PM,17.240973
6/14/2023 11:00:00 PM,24.379276
6/14/2023 11:05:00 PM,25.620643
6/14/2023 11:10:00 PM,25.156910
6/14/2023 11:15:00 PM,23.798960
6/14/2023 11:20:00 PM,18.137860
6/14/2023 11:25:00 PM,18.137860
6/14/2023 11:30:00 PM,17.439276
6/14/2023 11:35:00 PM,17.439276
6/14/2023 11:40:00 PM,16.797280
6/14/2023 11:45:00 PM,16.153410
6/14/2023 11:50:00 PM,16.011640
6/14/2023 11:55:00 PM,16.450650
6/15/2023 12:00:00 AM,24.953476
6/15/2023 12:05:00 AM,25.256426
6/15/2023 12:10:00 AM,25.285023
6/15/2023 12:15:00 AM,25.040940
6/15/2023 12:20:00 AM,25.078920
6/15/2023 12:25:00 AM,24.991583
6/15/2023 12:30:00 AM,25.033230
6/15/2023 12:35:00 AM,25.011900
6/15/2023 12:40:00 AM,24.645713
6/15/2023 12:45:00 AM,24.468030
6/15/2023 12:50:00 AM,23.425806
6/15/2023 12:55:00 AM,23.330820
6/15/2023 1:00:00 AM,25.138073
6/15/2023 1:05:00 AM,24.517936
6/15/2023 1:10:00 AM,22.637633
6/15/2023 1:15:00 AM,21.978556
6/15/2023 1:20:00 AM,17.679126
6/15/2023 1:25:00 AM,16.874796
6/15/2023 1:30:00 AM,16.820313
6/15/2023 1:35:00 AM,16.495623
6/15/2023 1:40:00 AM,16.752926
6/15/2023 1:45:00 AM,16.362206
6/15/2023 1:50:00 AM,16.225650
6/15/2023 1:55:00 AM,16.339350
6/15/2023 2:00:00 AM,16.699050
6/15/2023 2:05:00 AM,16.623046
6/15/2023 2:10:00 AM,16.345920
6/15/2023 2:15:00 AM,16.362096
6/15/2023 2:20:00 AM,16.374613
6/15/2023 2:25:00 AM,16.374613
6/15/2023 2:30:00 AM,16.212116
6/15/2023 2:35:00 AM,16.073786
6/15/2023 2:40:00 AM,16.059226
6/15/2023 2:45:00 AM,16.035820
6/15/2023 2:50:00 AM,16.018113
6/15/2023 2:55:00 AM,16.035820
6/15/2023 3:00:00 AM,15.782260
6/15/2023 3:05:00 AM,16.019773
6/15/2023 3:10:00 AM,16.019773
6/15/2023 3:15:00 AM,15.992463
6/15/2023 3:20:00 AM,15.975486
6/15/2023 3:25:00 AM,15.916016
6/15/2023 3:30:00 AM,15.910240
6/15/2023 3:35:00 AM,15.997493
6/15/2023 3:40:00 AM,15.984153
6/15/2023 3:45:00 AM,16.054840
6/15/2023 3:50:00 AM,15.730620
6/15/2023 3:55:00 AM,15.963646
6/15/2023 4:00:00 AM,15.998666
6/15/2023 4:05:00 AM,16.080930
6/15/2023 4:10:00 AM,16.117350
6/15/2023 4:15:00 AM,16.292850
6/15/2023 4:20:00 AM,16.382203
6/15/2023 4:25:00 AM,16.469456
6/15/2023 4:30:00 AM,16.541410
6/15/2023 4:35:00 AM,17.097050
6/15/2023 4:40:00 AM,17.803076
6/15/2023 4:45:00 AM,18.507296
6/15/2023 4:50:00 AM,19.236476
6/15/2023 4:55:00 AM,23.921343
6/15/2023 5:00:00 AM,22.294120
6/15/2023 5:05:00 AM,23.987600
6/15/2023 5:10:00 AM,24.036376
6/15/2023 5:15:00 AM,24.499513
6/15/2023 5:20:00 AM,24.963550
6/15/2023 5:25:00 AM,24.967666
6/15/2023 5:30:00 AM,24.695480
6/15/2023 5:35:00 AM,25.014056
6/15/2023 5:40:00 AM,25.412763
6/15/2023 5:45:00 AM,25.066280
6/15/2023 5:50:00 AM,25.151526
6/15/2023 5:55:00 AM,25.066280
6/15/2023 6:00:00 AM,25.972103
6/15/2023 6:05:00 AM,27.232010
6/15/2023 6:10:00 AM,25.964430
6/15/2023 6:15:00 AM,25.539150
6/15/2023 6:20:00 AM,24.710180
6/15/2023 6:25:00 AM,23.610783
6/15/2023 6:30:00 AM,21.356356
6/15/2023 6:35:00 AM,18.893656
6/15/2023 6:40:00 AM,19.989686
6/15/2023 6:45:00 AM,18.864536
6/15/2023 6:50:00 AM,18.884950
6/15/2023 6:55:00 AM,18.931010
6/15/2023 7:00:00 AM,21.620026
6/15/2023 7:05:00 AM,21.620026
6/15/2023 7:10:00 AM,20.454236
6/15/2023 7:15:00 AM,18.157766
6/15/2023 7:20:00 AM,16.510590
6/15/2023 7:25:00 AM,16.122086
6/15/2023 7:30:00 AM,14.035540
6/15/2023 7:35:00 AM,11.019000
6/15/2023 7:40:00 AM,10.247303
6/15/2023 7:45:00 AM,11.121690
6/15/2023 7:50:00 AM,10.937946
6/15/2023 7:55:00 AM,11.704230
6/15/2023 8:00:00 AM,14.973286
6/15/2023 8:05:00 AM,14.973286
6/15/2023 8:10:00 AM,14.973286
6/15/2023 8:15:00 AM,13.667703
6/15/2023 8:20:00 AM,13.628103
6/15/2023 8:25:00 AM,13.630783
6/15/2023 8:30:00 AM,12.665850
6/15/2023 8:35:00 AM,12.637706
6/15/2023 8:40:00 AM,12.696660
6/15/2023 8:45:00 AM,12.938786
6/15/2023 8:50:00 AM,12.453950
6/15/2023 8:55:00 AM,13.010483
6/15/2023 9:00:00 AM,14.123046
6/15/2023 9:05:00 AM,13.537333
6/15/2023 9:10:00 AM,13.569736
6/15/2023 9:15:00 AM,12.597273
6/15/2023 9:20:00 AM,12.780423
6/15/2023 9:25:00 AM,12.618093
6/15/2023 9:30:00 AM,12.687553
6/15/2023 9:35:00 AM,12.100216
6/15/2023 9:40:00 AM,11.845710
6/15/2023 9:45:00 AM,11.936646
6/15/2023 9:50:00 AM,11.488883
6/15/2023 9:55:00 AM,10.082740
6/15/2023 10:00:00 AM,14.486570
6/15/2023 10:05:00 AM,12.337156
6/15/2023 10:10:00 AM,12.162066
6/15/2023 10:15:00 AM,12.149873
6/15/2023 10:20:00 AM,12.181643
6/15/2023 10:25:00 AM,12.733300
6/15/2023 10:30:00 AM,12.828763
6/15/2023 10:35:00 AM,12.898636
6/15/2023 10:40:00 AM,13.318390
6/15/2023 10:45:00 AM,13.950766
6/15/2023 10:50:00 AM,14.173426
6/15/2023 10:55:00 AM,14.344623
6/15/2023 11:00:00 AM,12.813306
6/15/2023 11:05:00 AM,12.325370
6/15/2023 11:10:00 AM,12.290340
6/15/2023 11:15:00 AM,11.817386
6/15/2023 11:20:00 AM,11.992740
6/15/2023 11:25:00 AM,12.647856
6/15/2023 11:30:00 AM,13.211100
6/15/2023 11:35:00 AM,13.042603
6/15/2023 11:40:00 AM,12.985900
6/15/2023 11:45:00 AM,11.218863
6/15/2023 11:50:00 AM,12.432756
6/15/2023 11:55:00 AM,11.179976
6/15/2023 12:00:00 PM,12.290843
6/15/2023 12:05:00 PM,14.144070
6/15/2023 12:10:00 PM,13.861933
6/15/2023 12:15:00 PM,14.611993
6/15/2023 12:20:00 PM,15.751543
6/15/2023 12:25:00 PM,16.022176
6/15/2023 12:30:00 PM,15.322390
6/15/2023 12:35:00 PM,15.713303
6/15/2023 12:40:00 PM,16.007856
6/15/2023 12:45:00 PM,17.875870
6/15/2023 12:50:00 PM,17.475990
6/15/2023 12:55:00 PM,20.077116
6/15/2023 1:00:00 PM,21.756980
6/15/2023 1:05:00 PM,20.334496
6/15/2023 1:10:00 PM,18.713013
6/15/2023 1:15:00 PM,19.540623
6/15/2023 1:20:00 PM,19.891023
6/15/2023 1:25:00 PM,19.253783
6/15/2023 1:30:00 PM,18.327370
6/15/2023 1:35:00 PM,18.431113
6/15/2023 1:40:00 PM,18.312760
6/15/2023 1:45:00 PM,17.890790
6/15/2023 1:50:00 PM,16.999720
6/15/2023 1:55:00 PM,16.582916
6/15/2023 2:00:00 PM,13.888523
6/15/2023 2:05:00 PM,13.179370
6/15/2023 2:10:00 PM,13.179370
6/15/2023 2:15:00 PM,15.908193
6/15/2023 2:20:00 PM,14.331813
6/15/2023 2:25:00 PM,16.210886
6/15/2023 2:30:00 PM,16.842760
6/15/2023 2:35:00 PM,16.504470
6/15/2023 2:40:00 PM,16.460106
6/15/2023 2:45:00 PM,17.325096
6/15/2023 2:50:00 PM,16.001200
6/15/2023 2:55:00 PM,16.569930
6/15/2023 3:00:00 PM,9.489200
6/15/2023 3:05:00 PM,9.980616
6/15/2023 3:10:00 PM,14.061943
6/15/2023 3:15:00 PM,9.127756
6/15/2023 3:20:00 PM,13.682916
6/15/2023 3:25:00 PM,16.611593
6/15/2023 3:30:00 PM,16.809353
6/15/2023 3:35:00 PM,16.739790
6/15/2023 3:40:00 PM,18.224670
6/15/2023 3:45:00 PM,19.153543
6/15/2023 3:50:00 PM,18.790166
6/15/2023 3:55:00 PM,18.983923
6/15/2023 4:00:00 PM,16.077873
6/15/2023 4:05:00 PM,15.407396
6/15/2023 4:10:00 PM,12.962566
6/15/2023 4:15:00 PM,12.878623
6/15/2023 4:20:00 PM,12.715900
6/15/2023 4:25:00 PM,13.079323
6/15/2023 4:30:00 PM,12.924810
6/15/2023 4:35:00 PM,13.071873
6/15/2023 4:40:00 PM,15.366416
6/15/2023 4:45:00 PM,16.457786
6/15/2023 4:50:00 PM,17.862820
6/15/2023 4:55:00 PM,18.579520
6/15/2023 5:00:00 PM,14.997293
6/15/2023 5:05:00 PM,12.687783
6/15/2023 5:10:00 PM,11.782926
6/15/2023 5:15:00 PM,11.797596
6/15/2023 5:20:00 PM,13.042036
6/15/2023 5:25:00 PM,14.771853
6/15/2023 5:30:00 PM,16.404086
6/15/2023 5:35:00 PM,17.370556
6/15/2023 5:40:00 PM,20.343343
6/15/2023 5:45:00 PM,20.200686
6/15/2023 5:50:00 PM,21.402946
6/15/2023 5:55:00 PM,21.143440
6/15/2023 6:00:00 PM,15.518420
6/15/2023 6:05:00 PM,15.297283
6/15/2023 6:10:00 PM,15.680700
6/15/2023 6:15:00 PM,16.590930
6/15/2023 6:20:00 PM,18.858993
6/15/2023 6:25:00 PM,21.571146
6/15/2023 6:30:00 PM,23.431446
6/15/2023 6:35:00 PM,24.623896
6/15/2023 6:40:00 PM,28.358006
6/15/2023 6:45:00 PM,29.398010
6/15/2023 6:50:00 PM,32.654333
6/15/2023 6:55:00 PM,35.281990
6/15/2023 7:00:00 PM,21.412503
6/15/2023 7:05:00 PM,24.964320
6/15/2023 7:10:00 PM,26.672826
6/15/2023 7:15:00 PM,27.945303
6/15/2023 7:20:00 PM,33.569883
6/15/2023 7:25:00 PM,34.664246
6/15/2023 7:30:00 PM,37.504260
6/15/2023 7:35:00 PM,38.491216
6/15/2023 7:40:00 PM,38.142023
6/15/2023 7:45:00 PM,38.430606
6/15/2023 7:50:00 PM,39.476253
6/15/2023 7:55:00 PM,39.476253
6/15/2023 8:00:00 PM,39.467736
6/15/2023 8:05:00 PM,39.459816
6/15/2023 8:10:00 PM,38.438726
6/15/2023 8:15:00 PM,38.060820
6/15/2023 8:20:00 PM,38.391910
6/15/2023 8:25:00 PM,39.336870
6/15/2023 8:30:00 PM,38.783620
6/15/2023 8:35:00 PM,39.526370
6/15/2023 8:40:00 PM,37.609423
6/15/2023 8:45:00 PM,35.992863
6/15/2023 8:50:00 PM,36.282500
6/15/2023 8:55:00 PM,34.093543
6/15/2023 9:00:00 PM,38.682213
6/15/2023 9:05:00 PM,37.603053
6/15/2023 9:10:00 PM,34.817103
6/15/2023 9:15:00 PM,33.778493
6/15/2023 9:20:00 PM,33.624983
6/15/2023 9:25:00 PM,32.785003
6/15/2023 9:30:00 PM,31.645396
6/15/2023 9:35:00 PM,31.581433
6/15/2023 9:40:00 PM,30.497193
6/15/2023 9:45:00 PM,30.635676
6/15/2023 9:50:00 PM,29.860163
6/15/2023 9:55:00 PM,30.597166
6/15/2023 10:00:00 PM,32.326853
6/15/2023 10:05:00 PM,34.172686
6/15/2023 10:10:00 PM,34.858070
6/15/2023 10:15:00 PM,34.281303
6/15/2023 10:20:00 PM,34.184940
6/15/2023 10:25:00 PM,31.951543
6/15/2023 10:30:00 PM,31.968430
6/15/2023 10:35:00 PM,32.208226
6/15/2023 10:40:00 PM,31.768066
6/15/2023 10:45:00 PM,31.562623
6/15/2023 10:50:00 PM,30.891640
6/15/2023 10:55:00 PM,30.891640
6/15/2023 11:00:00 PM,34.481483
6/15/2023 11:05:00 PM,34.811020
6/15/2023 11:10:00 PM,34.630496
6/15/2023 11:15:00 PM,34.424720
6/15/2023 11:20:00 PM,34.553006
6/15/2023 11:25:00 PM,34.424720
6/15/2023 11:30:00 PM,33.414006
6/15/2023 11:35:00 PM,31.732443
6/15/2023 11:40:00 PM,31.413260
6/15/2023 11:45:00 PM,30.770000
6/15/2023 11:50:00 PM,30.193000
6/15/2023 11:55:00 PM,29.456470
6/16/2023 12:00:00 AM,32.840086
6/16/2023 12:05:00 AM,32.840086
6/16/2023 12:10:00 AM,32.223740
6/16/2023 12:15:00 AM,29.720260
6/16/2023 12:20:00 AM,32.850110
6/16/2023 12:25:00 AM,32.293413
6/16/2023 12:30:00 AM,32.427966
6/16/2023 12:35:00 AM,28.659073
6/16/2023 12:40:00 AM,28.543016
6/16/2023 12:45:00 AM,28.371240
6/16/2023 12:50:00 AM,27.751180
6/16/2023 12:55:00 AM,28.006486
6/16/2023 1:00:00 AM,26.931516
6/16/2023 1:05:00 AM,26.218610
6/16/2023 1:10:00 AM,26.218610
6/16/2023 1:15:00 AM,26.657566
6/16/2023 1:20:00 AM,28.491843
6/16/2023 1:25:00 AM,28.017176
6/16/2023 1:30:00 AM,27.324550
6/16/2023 1:35:00 AM,27.767186
6/16/2023 1:40:00 AM,27.767186
6/16/2023 1:45:00 AM,27.797326
6/16/2023 1:50:00 AM,27.797326
6/16/2023 1:55:00 AM,27.797326
6/16/2023 2:00:00 AM,27.719566
6/16/2023 2:05:00 AM,28.016483
6/16/2023 2:10:00 AM,28.016483
6/16/2023 2:15:00 AM,27.751510
6/16/2023 2:20:00 AM,28.585370
6/16/2023 2:25:00 AM,28.394320
6/16/2023 2:30:00 AM,28.485783
6/16/2023 2:35:00 AM,28.511993
6/16/2023 2:40:00 AM,28.511993
6/16/2023 2:45:00 AM,28.535666
6/16/2023 2:50:00 AM,28.047270
6/16/2023 2:55:00 AM,28.047270
6/16/2023 3:00:00 AM,28.661030
6/16/2023 3:05:00 AM,28.661030
6/16/2023 3:10:00 AM,28.465923
6/16/2023 3:15:00 AM,28.500013
6/16/2023 3:20:00 AM,29.216836
6/16/2023 3:25:00 AM,28.617953
6/16/2023 3:30:00 AM,28.760010
6/16/2023 3:35:00 AM,28.653630
6/16/2023 3:40:00 AM,29.259100
6/16/2023 3:45:00 AM,29.193036
6/16/2023 3:50:00 AM,28.677560
6/16/2023 3:55:00 AM,29.283546
6/16/2023 4:00:00 AM,29.390170
6/16/2023 4:05:00 AM,29.390170
6/16/2023 4:10:00 AM,31.337183
6/16/2023 4:15:00 AM,32.361000
6/16/2023 4:20:00 AM,34.116386
6/16/2023 4:25:00 AM,33.677966
6/16/2023 4:30:00 AM,34.170920
6/16/2023 4:35:00 AM,33.687656
6/16/2023 4:40:00 AM,33.721440
6/16/2023 4:45:00 AM,33.702503
6/16/2023 4:50:00 AM,33.586183
6/16/2023 4:55:00 AM,33.586183
6/16/2023 5:00:00 AM,32.464573
6/16/2023 5:05:00 AM,32.705096
6/16/2023 5:10:00 AM,32.464573
6/16/2023 5:15:00 AM,32.394590
6/16/2023 5:20:00 AM,33.568103
6/16/2023 5:25:00 AM,33.408053
6/16/2023 5:30:00 AM,33.612863
6/16/2023 5:35:00 AM,33.612863
6/16/2023 5:40:00 AM,32.968906
6/16/2023 5:45:00 AM,32.691520
6/16/2023 5:50:00 AM,32.691520
6/16/2023 5:55:00 AM,32.691520
6/16/2023 6:00:00 AM,33.618486
6/16/2023 6:05:00 AM,33.618486
6/16/2023 6:10:00 AM,33.610320
6/16/2023 6:15:00 AM,32.931603
6/16/2023 6:20:00 AM,32.625743
6/16/2023 6:25:00 AM,32.457890
6/16/2023 6:30:00 AM,29.770550
6/16/2023 6:35:00 AM,28.236670
6/16/2023 6:40:00 AM,28.144420
6/16/2023 6:45:00 AM,27.461120
6/16/2023 6:50:00 AM,27.375850
6/16/2023 6:55:00 AM,27.375850
6/16/2023 7:00:00 AM,31.999633
6/16/2023 7:05:00 AM,30.103363
6/16/2023 7:10:00 AM,29.506573
6/16/2023 7:15:00 AM,27.735033
6/16/2023 7:20:00 AM,26.703423
6/16/2023 7:25:00 AM,26.924440
6/16/2023 7:30:00 AM,26.437323
6/16/2023 7:35:00 AM,26.650026
6/16/2023 7:40:00 AM,26.183980
6/16/2023 7:45:00 AM,22.007006
6/16/2023 7:50:00 AM,21.067886
6/16/2023 7:55:00 AM,21.858860
6/16/2023 8:00:00 AM,29.030270
6/16/2023 8:05:00 AM,29.330986
6/16/2023 8:10:00 AM,28.041986
6/16/2023 8:15:00 AM,29.071450
6/16/2023 8:20:00 AM,28.726996
6/16/2023 8:25:00 AM,28.078000
6/16/2023 8:30:00 AM,27.169813
6/16/2023 8:35:00 AM,25.148993
6/16/2023 8:40:00 AM,24.804146
6/16/2023 8:45:00 AM,23.032263
6/16/2023 8:50:00 AM,21.081596
6/16/2023 8:55:00 AM,20.970336
6/16/2023 9:00:00 AM,29.027466
6/16/2023 9:05:00 AM,27.490363
6/16/2023 9:10:00 AM,27.367250
6/16/2023 9:15:00 AM,26.833590
6/16/2023 9:20:00 AM,26.458063
6/16/2023 9:25:00 AM,26.458063
6/16/2023 9:30:00 AM,27.094860
6/16/2023 9:35:00 AM,26.684130
6/16/2023 9:40:00 AM,25.624133
6/16/2023 9:45:00 AM,24.502790
6/16/2023 9:50:00 AM,23.930716
6/16/2023 9:55:00 AM,23.481003
6/16/2023 10:00:00 AM,25.914856
6/16/2023 10:05:00 AM,25.319976
6/16/2023 10:10:00 AM,24.724866
6/16/2023 10:15:00 AM,24.406073
6/16/2023 10:20:00 AM,23.806053
6/16/2023 10:25:00 AM,23.207236
6/16/2023 10:30:00 AM,23.809183
6/16/2023 10:35:00 AM,23.904443
6/16/2023 10:40:00 AM,23.762396
6/16/2023 10:45:00 AM,20.958570
6/16/2023 10:50:00 AM,19.149020
6/16/2023 10:55:00 AM,19.330126
6/16/2023 11:00:00 AM,19.684623
6/16/2023 11:05:00 AM,19.874963
6/16/2023 11:10:00 AM,18.144686
6/16/2023 11:15:00 AM,16.705486
6/16/2023 11:20:00 AM,16.508556
6/16/2023 11:25:00 AM,16.397970
6/16/2023 11:30:00 AM,16.310326
6/16/2023 11:35:00 AM,16.521833
6/16/2023 11:40:00 AM,15.964573
6/16/2023 11:45:00 AM,15.806490
6/16/2023 11:50:00 AM,15.342030
6/16/2023 11:55:00 AM,14.384716
6/16/2023 12:00:00 PM,13.836613
6/16/2023 12:05:00 PM,14.513556
6/16/2023 12:10:00 PM,16.093480
6/16/2023 12:15:00 PM,14.198176
6/16/2023 12:20:00 PM,13.771983
6/16/2023 12:25:00 PM,14.322466
6/16/2023 12:30:00 PM,14.674130
6/16/2023 12:35:00 PM,14.567633
6/16/2023 12:40:00 PM,14.724153
6/16/2023 12:45:00 PM,15.298843
6/16/2023 12:50:00 PM,15.113810
6/16/2023 12:55:00 PM,15.863726
6/16/2023 1:00:00 PM,12.460473
6/16/2023 1:05:00 PM,12.906470
6/16/2023 1:10:00 PM,12.720296
6/16/2023 1:15:00 PM,12.544120
6/16/2023 1:20:00 PM,12.714036
6/16/2023 1:25:00 PM,12.864603
6/16/2023 1:30:00 PM,15.129710
6/16/2023 1:35:00 PM,14.208016
6/16/2023 1:40:00 PM,15.524663
6/16/2023 1:45:00 PM,14.472806
6/16/2023 1:50:00 PM,14.311500
6/16/2023 1:55:00 PM,14.429210
6/16/2023 2:00:00 PM,14.521776
6/16/2023 2:05:00 PM,14.174470
6/16/2023 2:10:00 PM,15.464420
6/16/2023 2:15:00 PM,15.641260
6/16/2023 2:20:00 PM,14.202640
6/16/2023 2:25:00 PM,14.746273
6/16/2023 2:30:00 PM,16.494106
6/16/2023 2:35:00 PM,10.434050
6/16/2023 2:40:00 PM,16.595540
6/16/2023 2:45:00 PM,18.405680
6/16/2023 2:50:00 PM,18.141400
6/16/2023 2:55:00 PM,18.138300
6/16/2023 3:00:00 PM,15.731623
6/16/2023 3:05:00 PM,15.842920
6/16/2023 3:10:00 PM,16.609683
6/16/2023 3:15:00 PM,17.661490
6/16/2023 3:20:00 PM,17.567070
6/16/2023 3:25:00 PM,17.821106
6/16/2023 3:30:00 PM,17.840030
6/16/2023 3:35:00 PM,17.390583
6/16/2023 3:40:00 PM,17.822300
6/16/2023 3:45:00 PM,18.302456
6/16/2023 3:50:00 PM,18.201063
6/16/2023 3:55:00 PM,18.168566
6/16/2023 4:00:00 PM,14.223253
6/16/2023 4:05:00 PM,14.474126
6/16/2023 4:10:00 PM,15.417730
6/16/2023 4:15:00 PM,16.401210
6/16/2023 4:20:00 PM,17.353250
6/16/2023 4:25:00 PM,17.848820
6/16/2023 4:30:00 PM,20.956070
6/16/2023 4:35:00 PM,20.995033
6/16/2023 4:40:00 PM,20.959673
6/16/2023 4:45:00 PM,25.309820
6/16/2023 4:50:00 PM,24.434263
6/16/2023 4:55:00 PM,24.090216
6/16/2023 5:00:00 PM,19.266926
6/16/2023 5:05:00 PM,18.613060
6/16/2023 5:10:00 PM,19.574106
6/16/2023 5:15:00 PM,19.615493
6/16/2023 5:20:00 PM,21.086256
6/16/2023 5:25:00 PM,22.381916
6/16/2023 5:30:00 PM,23.555196
6/16/2023 5:35:00 PM,24.800276
6/16/2023 5:40:00 PM,27.343523
6/16/2023 5:45:00 PM,29.086696
6/16/2023 5:50:00 PM,30.073646
6/16/2023 5:55:00 PM,35.087060
6/16/2023 6:00:00 PM,22.296210
6/16/2023 6:05:00 PM,22.035810
6/16/2023 6:10:00 PM,21.463563
6/16/2023 6:15:00 PM,21.587813
6/16/2023 6:20:00 PM,22.628113
6/16/2023 6:25:00 PM,23.898406
6/16/2023 6:30:00 PM,25.449546
6/16/2023 6:35:00 PM,26.464866
6/16/2023 6:40:00 PM,29.561643
6/16/2023 6:45:00 PM,31.464100
6/16/2023 6:50:00 PM,32.979430
6/16/2023 6:55:00 PM,33.802353
6/16/2023 7:00:00 PM,27.267636
6/16/2023 7:05:00 PM,30.116870
6/16/2023 7:10:00 PM,33.090536
6/16/2023 7:15:00 PM,32.651600
6/16/2023 7:20:00 PM,37.267106
6/16/2023 7:25:00 PM,37.737313
6/16/2023 7:30:00 PM,39.125336
6/16/2023 7:35:00 PM,39.179403
6/16/2023 7:40:00 PM,39.920690
6/16/2023 7:45:00 PM,41.215483
6/16/2023 7:50:00 PM,40.090996
6/16/2023 7:55:00 PM,41.393633
6/16/2023 8:00:00 PM,42.254923
6/16/2023 8:05:00 PM,42.255993
6/16/2023 8:10:00 PM,41.110666
6/16/2023 8:15:00 PM,41.272413
6/16/2023 8:20:00 PM,39.308613
6/16/2023 8:25:00 PM,39.276493
6/16/2023 8:30:00 PM,39.058226
6/16/2023 8:35:00 PM,39.073913
6/16/2023 8:40:00 PM,39.032106
6/16/2023 8:45:00 PM,38.959506
6/16/2023 8:50:00 PM,39.016096
6/16/2023 8:55:00 PM,39.016096
6/16/2023 9:00:00 PM,41.355093
6/16/2023 9:05:00 PM,41.546653
6/16/2023 9:10:00 PM,39.388676
6/16/2023 9:15:00 PM,39.024266
6/16/2023 9:20:00 PM,38.991446
6/16/2023 9:25:00 PM,37.173093
6/16/2023 9:30:00 PM,36.713130
6/16/2023 9:35:00 PM,36.817580
6/16/2023 9:40:00 PM,35.689870
6/16/2023 9:45:00 PM,33.431610
6/16/2023 9:50:00 PM,33.482066
6/16/2023 9:55:00 PM,33.298616
6/16/2023 10:00:00 PM,36.776400
6/16/2023 10:05:00 PM,35.770753
6/16/2023 10:10:00 PM,34.704810
6/16/2023 10:15:00 PM,33.523326
6/16/2023 10:20:00 PM,32.999873
6/16/2023 10:25:00 PM,31.871206
6/16/2023 10:30:00 PM,31.054696
6/16/2023 10:35:00 PM,30.577636
6/16/2023 10:40:00 PM,30.494140
6/16/2023 10:45:00 PM,30.370166
6/16/2023 10:50:00 PM,29.931143
6/16/2023 10:55:00 PM,29.488953
6/16/2023 11:00:00 PM,32.325936
6/16/2023 11:05:00 PM,31.309710
6/16/2023 11:10:00 PM,29.768766
6/16/2023 11:15:00 PM,30.336656
6/16/2023 11:20:00 PM,30.640176
6/16/2023 11:25:00 PM,30.640176
6/16/2023 11:30:00 PM,30.483826
6/16/2023 11:35:00 PM,30.483826
6/16/2023 11:40:00 PM,30.295620
6/16/2023 11:45:00 PM,30.372146
6/16/2023 11:50:00 PM,30.035176
6/16/2023 11:55:00 PM,30.167706
6/17/2023 12:00:00 AM,30.167706
6/17/2023 12:05:00 AM,31.526573
6/17/2023 12:10:00 AM,30.619743
6/17/2023 12:15:00 AM,30.636776
6/17/2023 12:20:00 AM,30.367856
6/17/2023 12:25:00 AM,29.591816
6/17/2023 12:30:00 AM,29.570313
6/17/2023 12:35:00 AM,29.605656
6/17/2023 12:40:00 AM,28.648740
6/17/2023 12:45:00 AM,29.333786
6/17/2023 12:50:00 AM,28.804546
6/17/2023 12:55:00 AM,29.222333
6/17/2023 1:00:00 AM,29.916843
6/17/2023 1:05:00 AM,29.510126
6/17/2023 1:10:00 AM,29.218916
6/17/2023 1:15:00 AM,29.341676
6/17/2023 1:20:00 AM,27.924310
6/17/2023 1:25:00 AM,27.360586
6/17/2023 1:30:00 AM,27.259803
6/17/2023 1:35:00 AM,26.223280
6/17/2023 1:40:00 AM,25.319870
6/17/2023 1:45:00 AM,25.014656
6/17/2023 1:50:00 AM,24.390406
6/17/2023 1:55:00 AM,23.134380
6/17/2023 2:00:00 AM,24.627886
6/17/2023 2:05:00 AM,24.121190
6/17/2023 2:10:00 AM,24.627886
6/17/2023 2:15:00 AM,24.630620
6/17/2023 2:20:00 AM,24.630620
6/17/2023 2:25:00 AM,24.379140
6/17/2023 2:30:00 AM,24.126236
6/17/2023 2:35:00 AM,24.138123
6/17/2023 2:40:00 AM,24.103536
6/17/2023 2:45:00 AM,24.012940
6/17/2023 2:50:00 AM,24.012940
6/17/2023 2:55:00 AM,24.012940
6/17/2023 3:00:00 AM,24.500800
6/17/2023 3:05:00 AM,24.500800
6/17/2023 3:10:00 AM,24.020676
6/17/2023 3:15:00 AM,24.518270
6/17/2023 3:20:00 AM,24.518270
6/17/2023 3:25:00 AM,24.518270
6/17/2023 3:30:00 AM,25.290173
6/17/2023 3:35:00 AM,25.290173
6/17/2023 3:40:00 AM,26.037426
6/17/2023 3:45:00 AM,25.861600
6/17/2023 3:50:00 AM,24.373253
6/17/2023 3:55:00 AM,23.687036
6/17/2023 4:00:00 AM,25.858923
6/17/2023 4:05:00 AM,25.978400
6/17/2023 4:10:00 AM,25.985513
6/17/2023 4:15:00 AM,25.496146
6/17/2023 4:20:00 AM,26.374700
6/17/2023 4:25:00 AM,26.578133
6/17/2023 4:30:00 AM,29.087943
6/17/2023 4:35:00 AM,29.659533
6/17/2023 4:40:00 AM,29.850966
6/17/2023 4:45:00 AM,29.834340
6/17/2023 4:50:00 AM,29.538140
6/17/2023 4:55:00 AM,28.487433
6/17/2023 5:00:00 AM,29.867086
6/17/2023 5:05:00 AM,29.867086
6/17/2023 5:10:00 AM,29.256733
6/17/2023 5:15:00 AM,29.570833
6/17/2023 5:20:00 AM,30.263646
6/17/2023 5:25:00 AM,30.364503
6/17/2023 5:30:00 AM,30.355310
6/17/2023 5:35:00 AM,30.259590
6/17/2023 5:40:00 AM,30.132683
6/17/2023 5:45:00 AM,28.401873
6/17/2023 5:50:00 AM,28.382566
6/17/2023 5:55:00 AM,31.279580
6/17/2023 6:00:00 AM,34.006530
6/17/2023 6:05:00 AM,33.905616
6/17/2023 6:10:00 AM,31.598283
6/17/2023 6:15:00 AM,31.419226
6/17/2023 6:20:00 AM,29.420396
6/17/2023 6:25:00 AM,26.995660
6/17/2023 6:30:00 AM,24.372130
6/17/2023 6:35:00 AM,17.849633
6/17/2023 6:40:00 AM,17.638980
6/17/2023 6:45:00 AM,15.828853
6/17/2023 6:50:00 AM,13.400383
6/17/2023 6:55:00 AM,13.314436
6/17/2023 7:00:00 AM,13.528663
6/17/2023 7:05:00 AM,15.561653
6/17/2023 7:10:00 AM,15.732673
6/17/2023 7:15:00 AM,14.927093
6/17/2023 7:20:00 AM,13.330083
6/17/2023 7:25:00 AM,10.954463
6/17/2023 7:30:00 AM,4.719470
6/17/2023 7:35:00 AM,0.950140
6/17/2023 7:40:00 AM,0.008900
6/17/2023 7:45:00 AM,0.000000
6/17/2023 7:50:00 AM,-0.001156
6/17/2023 7:55:00 AM,-0.863786
6/17/2023 8:00:00 AM,1.014806
6/17/2023 8:05:00 AM,2.295733
6/17/2023 8:10:00 AM,0.019600
6/17/2023 8:15:00 AM,-1.306006
6/17/2023 8:20:00 AM,-0.416666
6/17/2023 8:25:00 AM,-0.416666
6/17/2023 8:30:00 AM,-1.743370
6/17/2023 8:35:00 AM,-2.583443
6/17/2023 8:40:00 AM,-4.216283
6/17/2023 8:45:00 AM,-4.095600
6/17/2023 8:50:00 AM,-6.157306
6/17/2023 8:55:00 AM,-6.681573
6/17/2023 9:00:00 AM,-1.527910
6/17/2023 9:05:00 AM,-0.541556
6/17/2023 9:10:00 AM,-3.894006
6/17/2023 9:15:00 AM,-3.900653
6/17/2023 9:20:00 AM,-6.425616
6/17/2023 9:25:00 AM,-7.106266
6/17/2023 9:30:00 AM,-6.440380
6/17/2023 9:35:00 AM,-8.669473
6/17/2023 9:40:00 AM,-10.903523
6/17/2023 9:45:00 AM,-10.748526
6/17/2023 9:50:00 AM,-12.453766
6/17/2023 9:55:00 AM,-12.393236
6/17/2023 10:00:00 AM,-12.628756
6/17/2023 10:05:00 AM,-12.434293
6/17/2023 10:10:00 AM,-12.119556
6/17/2023 10:15:00 AM,-11.334800
6/17/2023 10:20:00 AM,-9.675203
6/17/2023 10:25:00 AM,-10.054753
6/17/2023 10:30:00 AM,-10.901630
6/17/2023 10:35:00 AM,-11.078480
6/17/2023 10:40:00 AM,-10.775720
6/17/2023 10:45:00 AM,-10.791956
6/17/2023 10:50:00 AM,-12.328780
6/17/2023 10:55:00 AM,-12.052776
6/17/2023 11:00:00 AM,-9.650886
6/17/2023 11:05:00 AM,-8.838240
6/17/2023 11:10:00 AM,-7.729903
6/17/2023 11:15:00 AM,-9.655530
6/17/2023 11:20:00 AM,-7.430846
6/17/2023 11:25:00 AM,-6.047130
6/17/2023 11:30:00 AM,-5.053886
6/17/2023 11:35:00 AM,-5.848500
6/17/2023 11:40:00 AM,-5.848500
6/17/2023 11:45:00 AM,-6.251223
6/17/2023 11:50:00 AM,-7.771343
6/17/2023 11:55:00 AM,-6.686683
6/17/2023 12:00:00 PM,-5.268516
6/17/2023 12:05:00 PM,-5.310250
6/17/2023 12:10:00 PM,-5.310250
6/17/2023 12:15:00 PM,-2.649563
6/17/2023 12:20:00 PM,-5.309976
6/17/2023 12:25:00 PM,-5.309976
6/17/2023 12:30:00 PM,-3.604460
6/17/2023 12:35:00 PM,-1.860956
6/17/2023 12:40:00 PM,-1.640340
6/17/2023 12:45:00 PM,-1.317330
6/17/2023 12:50:00 PM,-1.814450
6/17/2023 12:55:00 PM,-1.773523
6/17/2023 1:00:00 PM,-1.324290
6/17/2023 1:05:00 PM,-1.319076
6/17/2023 1:10:00 PM,-0.888496
6/17/2023 1:15:00 PM,-2.319416
6/17/2023 1:20:00 PM,-1.394683
6/17/2023 1:25:00 PM,-1.609633
6/17/2023 1:30:00 PM,0.000000
6/17/2023 1:35:00 PM,0.000000
6/17/2023 1:40:00 PM,0.000000
6/17/2023 1:45:00 PM,0.011266
6/17/2023 1:50:00 PM,0.011253
6/17/2023 1:55:00 PM,0.015370
6/17/2023 2:00:00 PM,-1.950290
6/17/2023 2:05:00 PM,-1.634650
6/17/2023 2:10:00 PM,-1.534080
6/17/2023 2:15:00 PM,0.000000
6/17/2023 2:20:00 PM,-0.394923
6/17/2023 2:25:00 PM,0.001603
6/17/2023 2:30:00 PM,0.010380
6/17/2023 2:35:00 PM,0.010083
6/17/2023 2:40:00 PM,0.008656
6/17/2023 2:45:00 PM,0.000000
6/17/2023 2:50:00 PM,0.000000
6/17/2023 2:55:00 PM,0.006686
6/17/2023 3:00:00 PM,0.005083
6/17/2023 3:05:00 PM,-0.835283
6/17/2023 3:10:00 PM,-0.831183
6/17/2023 3:15:00 PM,-0.831603
6/17/2023 3:20:00 PM,-0.832936
6/17/2023 3:25:00 PM,0.229743
6/17/2023 3:30:00 PM,4.498833
6/17/2023 3:35:00 PM,4.377366
6/17/2023 3:40:00 PM,7.076906
6/17/2023 3:45:00 PM,12.610576
6/17/2023 3:50:00 PM,12.776106
6/17/2023 3:55:00 PM,13.333873
6/17/2023 4:00:00 PM,4.586703
6/17/2023 4:05:00 PM,8.358330
6/17/2023 4:10:00 PM,10.405963
6/17/2023 4:15:00 PM,10.529600
6/17/2023 4:20:00 PM,11.236963
6/17/2023 4:25:00 PM,11.401756
6/17/2023 4:30:00 PM,12.795283
6/17/2023 4:35:00 PM,13.318896
6/17/2023 4:40:00 PM,13.772883
6/17/2023 4:45:00 PM,15.008126
6/17/2023 4:50:00 PM,15.531956
6/17/2023 4:55:00 PM,15.372406
6/17/2023 5:00:00 PM,12.151913
6/17/2023 5:05:00 PM,12.498706
6/17/2023 5:10:00 PM,11.855276
6/17/2023 5:15:00 PM,12.676653
6/17/2023 5:20:00 PM,12.735906
6/17/2023 5:25:00 PM,14.804096
6/17/2023 5:30:00 PM,15.404853
6/17/2023 5:35:00 PM,15.575796
6/17/2023 5:40:00 PM,16.415470
6/17/2023 5:45:00 PM,24.554530
6/17/2023 5:50:00 PM,25.063646
6/17/2023 5:55:00 PM,23.557663
6/17/2023 6:00:00 PM,14.971293
6/17/2023 6:05:00 PM,13.647503
6/17/2023 6:10:00 PM,14.984276
6/17/2023 6:15:00 PM,14.421613
6/17/2023 6:20:00 PM,16.976540
6/17/2023 6:25:00 PM,20.096253
6/17/2023 6:30:00 PM,22.098200
6/17/2023 6:35:00 PM,28.029906
6/17/2023 6:40:00 PM,34.627120
6/17/2023 6:45:00 PM,39.153753
6/17/2023 6:50:00 PM,40.616736
6/17/2023 6:55:00 PM,40.984696
6/17/2023 7:00:00 PM,31.995326
6/17/2023 7:05:00 PM,34.822076
6/17/2023 7:10:00 PM,35.901473
6/17/2023 7:15:00 PM,35.901473
6/17/2023 7:20:00 PM,38.792536
6/17/2023 7:25:00 PM,39.625653
6/17/2023 7:30:00 PM,78.356576
6/17/2023 7:35:00 PM,79.443410
6/17/2023 7:40:00 PM,50.327943
6/17/2023 7:45:00 PM,49.984570
6/17/2023 7:50:00 PM,69.769710
6/17/2023 7:55:00 PM,69.769710
6/17/2023 8:00:00 PM,69.217620
6/17/2023 8:05:00 PM,69.217620
6/17/2023 8:10:00 PM,69.217620
6/17/2023 8:15:00 PM,75.610636
6/17/2023 8:20:00 PM,75.610636
6/17/2023 8:25:00 PM,75.610636
6/17/2023 8:30:00 PM,73.918893
6/17/2023 8:35:00 PM,73.918893
6/17/2023 8:40:00 PM,73.918893
6/17/2023 8:45:00 PM,62.915523
6/17/2023 8:50:00 PM,62.915523
6/17/2023 8:55:00 PM,62.915523
6/17/2023 9:00:00 PM,35.140663
6/17/2023 9:05:00 PM,33.806446
6/17/2023 9:10:00 PM,32.808960
6/17/2023 9:15:00 PM,34.078410
6/17/2023 9:20:00 PM,35.380330
6/17/2023 9:25:00 PM,35.101583
6/17/2023 9:30:00 PM,32.835920
6/17/2023 9:35:00 PM,30.514376
6/17/2023 9:40:00 PM,31.461190
6/17/2023 9:45:00 PM,30.624030
6/17/2023 9:50:00 PM,29.654286
6/17/2023 9:55:00 PM,29.654286
6/17/2023 10:00:00 PM,32.961740
6/17/2023 10:05:00 PM,33.812043
6/17/2023 10:10:00 PM,33.358230
6/17/2023 10:15:00 PM,33.211000
6/17/2023 10:20:00 PM,34.594893
6/17/2023 10:25:00 PM,33.523686
6/17/2023 10:30:00 PM,31.834610
6/17/2023 10:35:00 PM,32.282740
6/17/2023 10:40:00 PM,31.844636
6/17/2023 10:45:00 PM,33.732453
6/17/2023 10:50:00 PM,33.380286
6/17/2023 10:55:00 PM,32.039163
6/17/2023 11:00:00 PM,35.294806
6/17/2023 11:05:00 PM,34.653540
6/17/2023 11:10:00 PM,34.837453
6/17/2023 11:15:00 PM,35.989890
6/17/2023 11:20:00 PM,39.032233
6/17/2023 11:25:00 PM,36.224450
6/17/2023 11:30:00 PM,34.746286
6/17/2023 11:35:00 PM,34.536710
6/17/2023 11:40:00 PM,33.333866
6/17/2023 11:45:00 PM,31.053640
6/17/2023 11:50:00 PM,31.053640
6/17/2023 11:55:00 PM,30.404140
6/18/2023 12:00:00 AM,31.577640
6/18/2023 12:05:00 AM,32.388516
6/18/2023 12:10:00 AM,32.337966
6/18/2023 12:15:00 AM,31.733283
6/18/2023 12:20:00 AM,31.701373
6/18/2023 12:25:00 AM,31.163280
6/18/2023 12:30:00 AM,31.262813
6/18/2023 12:35:00 AM,31.262813
6/18/2023 12:40:00 AM,31.147850
6/18/2023 12:45:00 AM,30.460623
6/18/2023 12:50:00 AM,30.460623
6/18/2023 12:55:00 AM,30.460623
6/18/2023 1:00:00 AM,31.400796
6/18/2023 1:05:00 AM,31.505080
6/18/2023 1:10:00 AM,31.108026
6/18/2023 1:15:00 AM,31.004703
6/18/2023 1:20:00 AM,31.158290
6/18/2023 1:25:00 AM,30.572153
6/18/2023 1:30:00 AM,29.822853
6/18/2023 1:35:00 AM,29.526946
6/18/2023 1:40:00 AM,28.603560
6/18/2023 1:45:00 AM,27.964906
6/18/2023 1:50:00 AM,27.763446
6/18/2023 1:55:00 AM,26.228713
6/18/2023 2:00:00 AM,28.123163
6/18/2023 2:05:00 AM,27.449570
6/18/2023 2:10:00 AM,26.295553
6/18/2023 2:15:00 AM,25.921283
6/18/2023 2:20:00 AM,27.118613
6/18/2023 2:25:00 AM,26.533670
6/18/2023 2:30:00 AM,25.939763
6/18/2023 2:35:00 AM,25.845016
6/18/2023 2:40:00 AM,25.866396
6/18/2023 2:45:00 AM,25.815896
6/18/2023 2:50:00 AM,25.613920
6/18/2023 2:55:00 AM,25.595446
6/18/2023 3:00:00 AM,26.873686
6/18/2023 3:05:00 AM,26.917410
6/18/2023 3:10:00 AM,26.534390
6/18/2023 3:15:00 AM,26.868023
6/18/2023 3:20:00 AM,27.913000
6/18/2023 3:25:00 AM,27.754716
6/18/2023 3:30:00 AM,27.745896
6/18/2023 3:35:00 AM,25.883693
6/18/2023 3:40:00 AM,24.609006
6/18/2023 3:45:00 AM,23.674466
6/18/2023 3:50:00 AM,23.909800
6/18/2023 3:55:00 AM,23.896276
6/18/2023 4:00:00 AM,24.618400
6/18/2023 4:05:00 AM,24.618400
6/18/2023 4:10:00 AM,24.612356
6/18/2023 4:15:00 AM,24.196596
6/18/2023 4:20:00 AM,23.692856
6/18/2023 4:25:00 AM,24.574316
6/18/2023 4:30:00 AM,24.573526
6/18/2023 4:35:00 AM,24.506263
6/18/2023 4:40:00 AM,23.676910
6/18/2023 4:45:00 AM,23.668836
6/18/2023 4:50:00 AM,24.555256
6/18/2023 4:55:00 AM,24.941713
6/18/2023 5:00:00 AM,26.884203
6/18/2023 5:05:00 AM,26.544696
6/18/2023 5:10:00 AM,25.984900
6/18/2023 5:15:00 AM,25.495236
6/18/2023 5:20:00 AM,24.634710
6/18/2023 5:25:00 AM,24.556736
6/18/2023 5:30:00 AM,23.044826
6/18/2023 5:35:00 AM,24.318680
6/18/2023 5:40:00 AM,22.971383
6/18/2023 5:45:00 AM,22.975250
6/18/2023 5:50:00 AM,18.731390
6/18/2023 5:55:00 AM,22.994436
6/18/2023 6:00:00 AM,25.158943
6/18/2023 6:05:00 AM,25.158943
6/18/2023 6:10:00 AM,26.654430
6/18/2023 6:15:00 AM,26.363156
6/18/2023 6:20:00 AM,21.834163
6/18/2023 6:25:00 AM,13.083420
6/18/2023 6:30:00 AM,7.625410
6/18/2023 6:35:00 AM,2.018853
6/18/2023 6:40:00 AM,0.010486
6/18/2023 6:45:00 AM,0.010530
6/18/2023 6:50:00 AM,0.007793
6/18/2023 6:55:00 AM,0.000000
6/18/2023 7:00:00 AM,0.000000
6/18/2023 7:05:00 AM,0.000000
6/18/2023 7:10:00 AM,-0.001156
6/18/2023 7:15:00 AM,0.000000
6/18/2023 7:20:00 AM,-0.002316
6/18/2023 7:25:00 AM,-1.920586
6/18/2023 7:30:00 AM,-5.161626
6/18/2023 7:35:00 AM,-11.298373
6/18/2023 7:40:00 AM,-12.610800
6/18/2023 7:45:00 AM,-13.988910
6/18/2023 7:50:00 AM,-14.923773
6/18/2023 7:55:00 AM,-15.126333
6/18/2023 8:00:00 AM,-14.318653
6/18/2023 8:05:00 AM,-14.499386
6/18/2023 8:10:00 AM,-14.926290
6/18/2023 8:15:00 AM,-15.478123
6/18/2023 8:20:00 AM,-14.772096
6/18/2023 8:25:00 AM,-14.316920
6/18/2023 8:30:00 AM,-14.446740
6/18/2023 8:35:00 AM,-14.609203
6/18/2023 8:40:00 AM,-14.110346
6/18/2023 8:45:00 AM,-15.193943
6/18/2023 8:50:00 AM,-15.439010
6/18/2023 8:55:00 AM,-16.473553
6/18/2023 9:00:00 AM,-14.392436
6/18/2023 9:05:00 AM,-14.856246
6/18/2023 9:10:00 AM,-14.878116
6/18/2023 9:15:00 AM,-15.515463
6/18/2023 9:20:00 AM,-15.604276
6/18/2023 9:25:00 AM,-15.604276
6/18/2023 9:30:00 AM,-15.831213
6/18/2023 9:35:00 AM,-17.089656
6/18/2023 9:40:00 AM,-17.195530
6/18/2023 9:45:00 AM,-17.270540
6/18/2023 9:50:00 AM,-17.688993
6/18/2023 9:55:00 AM,-15.917473
6/18/2023 10:00:00 AM,-15.180773
6/18/2023 10:05:00 AM,-15.007126
6/18/2023 10:10:00 AM,-15.201076
6/18/2023 10:15:00 AM,-16.069950
6/18/2023 10:20:00 AM,-16.162403
6/18/2023 10:25:00 AM,-15.996296
6/18/2023 10:30:00 AM,-17.217943
6/18/2023 10:35:00 AM,-15.931673
6/18/2023 10:40:00 AM,-17.013213
6/18/2023 10:45:00 AM,-17.155073
6/18/2023 10:50:00 AM,-17.161553
6/18/2023 10:55:00 AM,-18.077446
6/18/2023 11:00:00 AM,-15.863153
6/18/2023 11:05:00 AM,-17.540293
6/18/2023 11:10:00 AM,-17.653570
6/18/2023 11:15:00 AM,-19.476920
6/18/2023 11:20:00 AM,-19.434993
6/18/2023 11:25:00 AM,-19.420113
6/18/2023 11:30:00 AM,-19.747453
6/18/2023 11:35:00 AM,-19.992053
6/18/2023 11:40:00 AM,-19.987720
6/18/2023 11:45:00 AM,-20.070500
6/18/2023 11:50:00 AM,-21.002103
6/18/2023 11:55:00 AM,-24.121983
6/18/2023 12:00:00 PM,-23.707536
6/18/2023 12:05:00 PM,-23.718230
6/18/2023 12:10:00 PM,-21.957706
6/18/2023 12:15:00 PM,-23.801403
6/18/2023 12:20:00 PM,-22.910943
6/18/2023 12:25:00 PM,-23.598556
6/18/2023 12:30:00 PM,-23.887283
6/18/2023 12:35:00 PM,-23.654593
6/18/2023 12:40:00 PM,-23.703150
6/18/2023 12:45:00 PM,-23.839536
6/18/2023 12:50:00 PM,-23.825970
6/18/2023 12:55:00 PM,-23.853053
6/18/2023 1:00:00 PM,-23.768120
6/18/2023 1:05:00 PM,-23.860373
6/18/2023 1:10:00 PM,-22.181536
6/18/2023 1:15:00 PM,-23.768963
6/18/2023 1:20:00 PM,-23.426550
6/18/2023 1:25:00 PM,-23.018883
6/18/2023 1:30:00 PM,-23.078943
6/18/2023 1:35:00 PM,-22.997576
6/18/2023 1:40:00 PM,-22.083950
6/18/2023 1:45:00 PM,-21.438873
6/18/2023 1:50:00 PM,-20.370670
6/18/2023 1:55:00 PM,-20.270066
6/18/2023 2:00:00 PM,-20.448136
6/18/2023 2:05:00 PM,-20.364863
6/18/2023 2:10:00 PM,-19.760030
6/18/2023 2:15:00 PM,-19.885053
6/18/2023 2:20:00 PM,-21.204043
6/18/2023 2:25:00 PM,-20.890693
6/18/2023 2:30:00 PM,-22.084243
6/18/2023 2:35:00 PM,-22.001970
6/18/2023 2:40:00 PM,-22.072596
6/18/2023 2:45:00 PM,-22.114263
6/18/2023 2:50:00 PM,-22.107390
6/18/2023 2:55:00 PM,-21.207043
6/18/2023 3:00:00 PM,-23.225746
6/18/2023 3:05:00 PM,-22.869630
6/18/2023 3:10:00 PM,-22.998030
6/18/2023 3:15:00 PM,-19.817556
6/18/2023 3:20:00 PM,-19.713960
6/18/2023 3:25:00 PM,-19.252573
6/18/2023 3:30:00 PM,-19.792120
6/18/2023 3:35:00 PM,-19.458300
6/18/2023 3:40:00 PM,-19.289326
6/18/2023 3:45:00 PM,-19.027216
6/18/2023 3:50:00 PM,-19.211700
6/18/2023 3:55:00 PM,-19.041203
6/18/2023 4:00:00 PM,-19.278276
6/18/2023 4:05:00 PM,-19.433180
6/18/2023 4:10:00 PM,-19.531893
6/18/2023 4:15:00 PM,-19.136936
6/18/2023 4:20:00 PM,-18.049356
6/18/2023 4:25:00 PM,-16.508570
6/18/2023 4:30:00 PM,-16.142226
6/18/2023 4:35:00 PM,-14.957243
6/18/2023 4:40:00 PM,-15.355743
6/18/2023 4:45:00 PM,-15.156303
6/18/2023 4:50:00 PM,-15.081673
6/18/2023 4:55:00 PM,-14.539773
6/18/2023 5:00:00 PM,-15.478826
6/18/2023 5:05:00 PM,-15.185416
6/18/2023 5:10:00 PM,-14.225556
6/18/2023 5:15:00 PM,-13.164583
6/18/2023 5:20:00 PM,-13.089273
6/18/2023 5:25:00 PM,-12.980070
6/18/2023 5:30:00 PM,-11.798466
6/18/2023 5:35:00 PM,-10.341383
6/18/2023 5:40:00 PM,-6.605530
6/18/2023 5:45:00 PM,-5.791850
6/18/2023 5:50:00 PM,-3.066716
6/18/2023 5:55:00 PM,-0.002300
6/18/2023 6:00:00 PM,-4.106020
6/18/2023 6:05:00 PM,-5.820570
6/18/2023 6:10:00 PM,-3.022280
6/18/2023 6:15:00 PM,-0.002296
6/18/2023 6:20:00 PM,0.000000
6/18/2023 6:25:00 PM,1.720750
6/18/2023 6:30:00 PM,10.056873
6/18/2023 6:35:00 PM,12.514626
6/18/2023 6:40:00 PM,16.448116
6/18/2023 6:45:00 PM,22.942193
6/18/2023 6:50:00 PM,27.065990
6/18/2023 6:55:00 PM,31.222233
6/18/2023 7:00:00 PM,19.391976
6/18/2023 7:05:00 PM,19.391976
6/18/2023 7:10:00 PM,21.070006
6/18/2023 7:15:00 PM,29.164723
6/18/2023 7:20:00 PM,30.297703
6/18/2023 7:25:00 PM,30.384843
6/18/2023 7:30:00 PM,30.933426
6/18/2023 7:35:00 PM,31.882806
6/18/2023 7:40:00 PM,32.465606
6/18/2023 7:45:00 PM,32.337380
6/18/2023 7:50:00 PM,31.963796
6/18/2023 7:55:00 PM,32.981083
6/18/2023 8:00:00 PM,33.326076
6/18/2023 8:05:00 PM,32.950186
6/18/2023 8:10:00 PM,32.953993
6/18/2023 8:15:00 PM,33.186686
6/18/2023 8:20:00 PM,33.200500
6/18/2023 8:25:00 PM,32.668746
6/18/2023 8:30:00 PM,32.560733
6/18/2023 8:35:00 PM,32.617556
6/18/2023 8:40:00 PM,31.053403
6/18/2023 8:45:00 PM,32.714306
6/18/2023 8:50:00 PM,32.721730
6/18/2023 8:55:00 PM,31.153466
6/18/2023 9:00:00 PM,33.600653
6/18/2023 9:05:00 PM,32.805703
6/18/2023 9:10:00 PM,32.801023
6/18/2023 9:15:00 PM,33.748156
6/18/2023 9:20:00 PM,33.748156
6/18/2023 9:25:00 PM,33.694270
6/18/2023 9:30:00 PM,33.205610
6/18/2023 9:35:00 PM,31.290123
6/18/2023 9:40:00 PM,30.273333
6/18/2023 9:45:00 PM,29.284150
6/18/2023 9:50:00 PM,28.657023
6/18/2023 9:55:00 PM,28.361973
6/18/2023 10:00:00 PM,34.160173
6/18/2023 10:05:00 PM,32.965026
6/18/2023 10:10:00 PM,31.861090
6/18/2023 10:15:00 PM,31.727713
6/18/2023 10:20:00 PM,29.590416
6/18/2023 10:25:00 PM,27.414796
6/18/2023 10:30:00 PM,26.597166
6/18/2023 10:35:00 PM,25.308593
6/18/2023 10:40:00 PM,24.521806
6/18/2023 10:45:00 PM,24.287416
6/18/2023 10:50:00 PM,23.508943
6/18/2023 10:55:00 PM,23.508943
6/18/2023 11:00:00 PM,26.444040
6/18/2023 11:05:00 PM,24.894420
6/18/2023 11:10:00 PM,24.727840
6/18/2023 11:15:00 PM,24.755803
6/18/2023 11:20:00 PM,26.030326
6/18/2023 11:25:00 PM,24.378036
6/18/2023 11:30:00 PM,23.908673
6/18/2023 11:35:00 PM,22.408776
6/18/2023 11:40:00 PM,19.995690
6/18/2023 11:45:00 PM,17.459866
6/18/2023 11:50:00 PM,17.190380
6/18/2023 11:55:00 PM,18.888126
6/19/2023 12:00:00 AM,24.275800
6/19/2023 12:05:00 AM,25.392476
6/19/2023 12:10:00 AM,24.266833
6/19/2023 12:15:00 AM,23.932496
6/19/2023 12:20:00 AM,22.523903
6/19/2023 12:25:00 AM,21.042590
6/19/2023 12:30:00 AM,22.611650
6/19/2023 12:35:00 AM,22.385856
6/19/2023 12:40:00 AM,19.777503
6/19/2023 12:45:00 AM,19.674896
6/19/2023 12:50:00 AM,19.245976
6/19/2023 12:55:00 AM,16.777626
6/19/2023 1:00:00 AM,17.509103
6/19/2023 1:05:00 AM,17.125933
6/19/2023 1:10:00 AM,18.765480
6/19/2023 1:15:00 AM,17.341580
6/19/2023 1:20:00 AM,18.071036
6/19/2023 1:25:00 AM,16.043873
6/19/2023 1:30:00 AM,15.874803
6/19/2023 1:35:00 AM,15.902166
6/19/2023 1:40:00 AM,15.629206
6/19/2023 1:45:00 AM,15.285910
6/19/2023 1:50:00 AM,15.308446
6/19/2023 1:55:00 AM,14.938926
6/19/2023 2:00:00 AM,15.963350
6/19/2023 2:05:00 AM,15.963350
6/19/2023 2:10:00 AM,16.159476
6/19/2023 2:15:00 AM,15.757760
6/19/2023 2:20:00 AM,15.377620
6/19/2023 2:25:00 AM,14.972670
6/19/2023 2:30:00 AM,14.382543
6/19/2023 2:35:00 AM,14.245060
6/19/2023 2:40:00 AM,14.439866
6/19/2023 2:45:00 AM,13.685100
6/19/2023 2:50:00 AM,13.650116
6/19/2023 2:55:00 AM,13.968653
6/19/2023 3:00:00 AM,14.498403
6/19/2023 3:05:00 AM,14.562236
6/19/2023 3:10:00 AM,14.878920
6/19/2023 3:15:00 AM,15.051833
6/19/2023 3:20:00 AM,15.118760
6/19/2023 3:25:00 AM,15.275996
6/19/2023 3:30:00 AM,15.757033
6/19/2023 3:35:00 AM,15.986646
6/19/2023 3:40:00 AM,15.970996
6/19/2023 3:45:00 AM,16.017620
6/19/2023 3:50:00 AM,15.980173
6/19/2023 3:55:00 AM,16.018780
6/19/2023 4:00:00 AM,16.814746
6/19/2023 4:05:00 AM,15.955220
6/19/2023 4:10:00 AM,16.701366
6/19/2023 4:15:00 AM,16.813750
6/19/2023 4:20:00 AM,18.017396
6/19/2023 4:25:00 AM,18.017396
6/19/2023 4:30:00 AM,18.148770
6/19/2023 4:35:00 AM,18.148770
6/19/2023 4:40:00 AM,18.279933
6/19/2023 4:45:00 AM,18.389556
6/19/2023 4:50:00 AM,18.754306
6/19/2023 4:55:00 AM,18.996683
6/19/2023 5:00:00 AM,18.902370
6/19/2023 5:05:00 AM,20.989443
6/19/2023 5:10:00 AM,21.935326
6/19/2023 5:15:00 AM,21.397740
6/19/2023 5:20:00 AM,21.397740
6/19/2023 5:25:00 AM,22.230326
6/19/2023 5:30:00 AM,22.101510
6/19/2023 5:35:00 AM,22.216106
6/19/2023 5:40:00 AM,21.820016
6/19/2023 5:45:00 AM,21.231026
6/19/2023 5:50:00 AM,19.861596
6/19/2023 5:55:00 AM,17.426746
6/19/2023 6:00:00 AM,17.884266
6/19/2023 6:05:00 AM,15.983383
6/19/2023 6:10:00 AM,14.988766
6/19/2023 6:15:00 AM,14.471656
6/19/2023 6:20:00 AM,12.882730
6/19/2023 6:25:00 AM,11.653850
6/19/2023 6:30:00 AM,0.980430
6/19/2023 6:35:00 AM,0.010366
6/19/2023 6:40:00 AM,0.010473
6/19/2023 6:45:00 AM,0.007113
6/19/2023 6:50:00 AM,0.007113
6/19/2023 6:55:00 AM,-0.001156
6/19/2023 7:00:00 AM,0.018636
6/19/2023 7:05:00 AM,1.273520
6/19/2023 7:10:00 AM,1.345810
6/19/2023 7:15:00 AM,0.010536
6/19/2023 7:20:00 AM,0.000000
6/19/2023 7:25:00 AM,-0.002296
6/19/2023 7:30:00 AM,-0.065580
6/19/2023 7:35:00 AM,-11.183526
6/19/2023 7:40:00 AM,-12.636760
6/19/2023 7:45:00 AM,-15.354393
6/19/2023 7:50:00 AM,-15.511933
6/19/2023 7:55:00 AM,-15.153513
6/19/2023 8:00:00 AM,-4.374800
6/19/2023 8:05:00 AM,-3.000000
6/19/2023 8:10:00 AM,-4.660000
6/19/2023 8:15:00 AM,-8.870000
6/19/2023 8:20:00 AM,-11.500000
6/19/2023 8:25:00 AM,-12.000000
6/19/2023 8:30:00 AM,-13.750000
6/19/2023 8:35:00 AM,-14.000000
6/19/2023 8:40:00 AM,-12.289456
6/19/2023 8:45:00 AM,-15.245510
6/19/2023 8:50:00 AM,-14.286426
6/19/2023 8:55:00 AM,-14.286426
6/19/2023 9:00:00 AM,-15.000000
6/19/2023 9:05:00 AM,-14.525596
6/19/2023 9:10:00 AM,-14.606496
6/19/2023 9:15:00 AM,-14.656040
6/19/2023 9:20:00 AM,-13.972943
6/19/2023 9:25:00 AM,-14.605980
6/19/2023 9:30:00 AM,-14.562380
6/19/2023 9:35:00 AM,-14.595656
6/19/2023 9:40:00 AM,-14.415243
6/19/2023 9:45:00 AM,-14.772073
6/19/2023 9:50:00 AM,-13.005966
6/19/2023 9:55:00 AM,-12.914016
6/19/2023 10:00:00 AM,-9.903920
6/19/2023 10:05:00 AM,-9.115560
6/19/2023 10:10:00 AM,-8.195756
6/19/2023 10:15:00 AM,-9.189303
6/19/2023 10:20:00 AM,-9.174110
6/19/2023 10:25:00 AM,-8.970810
6/19/2023 10:30:00 AM,-12.664326
6/19/2023 10:35:00 AM,-13.765180
6/19/2023 10:40:00 AM,-13.802950
6/19/2023 10:45:00 AM,-12.917793
6/19/2023 10:50:00 AM,-15.576303
6/19/2023 10:55:00 AM,-15.120086
6/19/2023 11:00:00 AM,-14.487413
6/19/2023 11:05:00 AM,-13.896463
6/19/2023 11:10:00 AM,-15.081353
6/19/2023 11:15:00 AM,-16.899773
6/19/2023 11:20:00 AM,-16.927210
6/19/2023 11:25:00 AM,-16.809823
6/19/2023 11:30:00 AM,-17.497816
6/19/2023 11:35:00 AM,-17.655723
6/19/2023 11:40:00 AM,-17.664723
6/19/2023 11:45:00 AM,-18.144780
6/19/2023 11:50:00 AM,-19.621043
6/19/2023 11:55:00 AM,-19.457910
6/19/2023 12:00:00 PM,-20.045136
6/19/2023 12:05:00 PM,-19.825140
6/19/2023 12:10:00 PM,-20.230673
6/19/2023 12:15:00 PM,-20.305723
6/19/2023 12:20:00 PM,-20.189383
6/19/2023 12:25:00 PM,-20.136136
6/19/2023 12:30:00 PM,-20.406050
6/19/2023 12:35:00 PM,-20.385043
6/19/2023 12:40:00 PM,-20.363690
6/19/2023 12:45:00 PM,-20.319940
6/19/2023 12:50:00 PM,-20.261066
6/19/2023 12:55:00 PM,-19.654583
6/19/2023 1:00:00 PM,-19.994433
6/19/2023 1:05:00 PM,-18.594930
6/19/2023 1:10:00 PM,-17.938663
6/19/2023 1:15:00 PM,-17.913640
6/19/2023 1:20:00 PM,-17.956143
6/19/2023 1:25:00 PM,-17.946463
6/19/2023 1:30:00 PM,-17.975400
6/19/2023 1:35:00 PM,-18.374663
6/19/2023 1:40:00 PM,-16.943953
6/19/2023 1:45:00 PM,-16.685146
6/19/2023 1:50:00 PM,-16.009983
6/19/2023 1:55:00 PM,-16.572066
6/19/2023 2:00:00 PM,-16.827260
6/19/2023 2:05:00 PM,-15.099253
6/19/2023 2:10:00 PM,-14.971846
6/19/2023 2:15:00 PM,-13.838836
6/19/2023 2:20:00 PM,-13.580210
6/19/2023 2:25:00 PM,-13.000196
6/19/2023 2:30:00 PM,-13.841456
6/19/2023 2:35:00 PM,-13.847790
6/19/2023 2:40:00 PM,-13.809673
6/19/2023 2:45:00 PM,-13.154550
6/19/2023 2:50:00 PM,-13.256123
6/19/2023 2:55:00 PM,-13.774323
6/19/2023 3:00:00 PM,-17.048766
6/19/2023 3:05:00 PM,-11.891110
6/19/2023 3:10:00 PM,-12.869653
6/19/2023 3:15:00 PM,-10.777896
6/19/2023 3:20:00 PM,-8.909393
6/19/2023 3:25:00 PM,-5.057586
6/19/2023 3:30:00 PM,-2.981113
6/19/2023 3:35:00 PM,-2.768406
6/19/2023 3:40:00 PM,-1.481200
6/19/2023 3:45:00 PM,-0.961170
6/19/2023 3:50:00 PM,-0.395283
6/19/2023 3:55:00 PM,-0.386720
6/19/2023 4:00:00 PM,-0.408243
6/19/2023 4:05:00 PM,-1.270936
6/19/2023 4:10:00 PM,-0.405093
6/19/2023 4:15:00 PM,-0.838090
6/19/2023 4:20:00 PM,-0.551096
6/19/2023 4:25:00 PM,-0.000850
6/19/2023 4:30:00 PM,-0.550000
6/19/2023 4:35:00 PM,-0.840000
6/19/2023 4:40:00 PM,0.602830
6/19/2023 4:45:00 PM,13.344840
6/19/2023 4:50:00 PM,13.933656
6/19/2023 4:55:00 PM,13.577346
6/19/2023 5:00:00 PM,11.664646
6/19/2023 5:05:00 PM,9.933216
6/19/2023 5:10:00 PM,10.566920
6/19/2023 5:15:00 PM,0.588556
6/19/2023 5:20:00 PM,7.994353
6/19/2023 5:25:00 PM,10.716443
6/19/2023 5:30:00 PM,11.546800
6/19/2023 5:35:00 PM,9.671773
6/19/2023 5:40:00 PM,12.748553
6/19/2023 5:45:00 PM,14.602463
6/19/2023 5:50:00 PM,15.539586
6/19/2023 5:55:00 PM,15.821183
6/19/2023 6:00:00 PM,9.825176
6/19/2023 6:05:00 PM,5.331120
6/19/2023 6:10:00 PM,6.069060
6/19/2023 6:15:00 PM,11.806010
6/19/2023 6:20:00 PM,13.501060
6/19/2023 6:25:00 PM,11.428973
6/19/2023 6:30:00 PM,15.133700
6/19/2023 6:35:00 PM,17.124546
6/19/2023 6:40:00 PM,24.545450
6/19/2023 6:45:00 PM,25.699660
6/19/2023 6:50:00 PM,32.449703
6/19/2023 6:55:00 PM,38.390550
6/19/2023 7:00:00 PM,10.098273
6/19/2023 7:05:00 PM,9.442050
6/19/2023 7:10:00 PM,12.430210
6/19/2023 7:15:00 PM,13.130166
6/19/2023 7:20:00 PM,15.054630
6/19/2023 7:25:00 PM,16.403910
6/19/2023 7:30:00 PM,25.258143
6/19/2023 7:35:00 PM,29.350140
6/19/2023 7:40:00 PM,29.848416
6/19/2023 7:45:00 PM,30.797176
6/19/2023 7:50:00 PM,32.672890
6/19/2023 7:55:00 PM,32.561526
6/19/2023 8:00:00 PM,21.982763
6/19/2023 8:05:00 PM,21.697543
6/19/2023 8:10:00 PM,29.221453
6/19/2023 8:15:00 PM,25.126560
6/19/2023 8:20:00 PM,29.778363
6/19/2023 8:25:00 PM,23.406236
6/19/2023 8:30:00 PM,25.422706
6/19/2023 8:35:00 PM,25.422970
6/19/2023 8:40:00 PM,26.074693
6/19/2023 8:45:00 PM,31.987726
6/19/2023 8:50:00 PM,28.976533
6/19/2023 8:55:00 PM,30.021230
6/19/2023 9:00:00 PM,32.514420
6/19/2023 9:05:00 PM,32.468873
6/19/2023 9:10:00 PM,32.571090
6/19/2023 9:15:00 PM,33.581830
6/19/2023 9:20:00 PM,33.581830
6/19/2023 9:25:00 PM,33.581830
6/19/2023 9:30:00 PM,32.329990
6/19/2023 9:35:00 PM,31.997073
6/19/2023 9:40:00 PM,31.806523
6/19/2023 9:45:00 PM,31.271163
6/19/2023 9:50:00 PM,29.863933
6/19/2023 9:55:00 PM,29.063680
6/19/2023 10:00:00 PM,37.654436
6/19/2023 10:05:00 PM,37.623123
6/19/2023 10:10:00 PM,34.063356
6/19/2023 10:15:00 PM,33.789760
6/19/2023 10:20:00 PM,33.794180
6/19/2023 10:25:00 PM,30.656540
6/19/2023 10:30:00 PM,28.423626
6/19/2023 10:35:00 PM,31.910283
6/19/2023 10:40:00 PM,31.910283
6/19/2023 10:45:00 PM,31.910283
6/19/2023 10:50:00 PM,31.910283
6/19/2023 10:55:00 PM,24.820716
6/19/2023 11:00:00 PM,27.972186
6/19/2023 11:05:00 PM,27.254413
6/19/2023 11:10:00 PM,26.287756
6/19/2023 11:15:00 PM,25.517693
6/19/2023 11:20:00 PM,24.952790
6/19/2023 11:25:00 PM,21.634253
6/19/2023 11:30:00 PM,21.538753
6/19/2023 11:35:00 PM,19.355896
6/19/2023 11:40:00 PM,18.388100
6/19/2023 11:45:00 PM,18.471980
6/19/2023 11:50:00 PM,18.990666
6/19/2023 11:55:00 PM,18.353080
6/20/2023 12:00:00 AM,18.632653
6/20/2023 12:05:00 AM,24.093776
6/20/2023 12:10:00 AM,24.093776
6/20/2023 12:15:00 AM,23.439480
6/20/2023 12:20:00 AM,19.404113
6/20/2023 12:25:00 AM,18.946373
6/20/2023 12:30:00 AM,17.928460
6/20/2023 12:35:00 AM,17.405650
6/20/2023 12:40:00 AM,16.921713
6/20/2023 12:45:00 AM,16.918966
6/20/2023 12:50:00 AM,16.903103
6/20/2023 12:55:00 AM,16.903103
6/20/2023 1:00:00 AM,18.238880
6/20/2023 1:05:00 AM,19.785880
6/20/2023 1:10:00 AM,19.179913
6/20/2023 1:15:00 AM,21.826583
6/20/2023 1:20:00 AM,22.620880
6/20/2023 1:25:00 AM,21.903020
6/20/2023 1:30:00 AM,19.070403
6/20/2023 1:35:00 AM,18.131860
6/20/2023 1:40:00 AM,18.138480
6/20/2023 1:45:00 AM,18.117240
6/20/2023 1:50:00 AM,18.117240
6/20/2023 1:55:00 AM,18.117240
6/20/2023 2:00:00 AM,18.755616
6/20/2023 2:05:00 AM,18.265176
6/20/2023 2:10:00 AM,17.159403
6/20/2023 2:15:00 AM,16.245116
6/20/2023 2:20:00 AM,16.329156
6/20/2023 2:25:00 AM,23.363310
6/20/2023 2:30:00 AM,14.225593
6/20/2023 2:35:00 AM,14.321150
6/20/2023 2:40:00 AM,13.764593
6/20/2023 2:45:00 AM,13.562820
6/20/2023 2:50:00 AM,13.261586
6/20/2023 2:55:00 AM,12.861000
6/20/2023 3:00:00 AM,13.819080
6/20/2023 3:05:00 AM,13.678286
6/20/2023 3:10:00 AM,13.428770
6/20/2023 3:15:00 AM,13.369486
6/20/2023 3:20:00 AM,13.091906
6/20/2023 3:25:00 AM,13.013923
6/20/2023 3:30:00 AM,12.893270
6/20/2023 3:35:00 AM,12.893270
6/20/2023 3:40:00 AM,13.021550
6/20/2023 3:45:00 AM,12.664393
6/20/2023 3:50:00 AM,12.664393
6/20/2023 3:55:00 AM,12.238503
6/20/2023 4:00:00 AM,14.063696
6/20/2023 4:05:00 AM,13.650470
6/20/2023 4:10:00 AM,13.590023
6/20/2023 4:15:00 AM,13.657806
6/20/2023 4:20:00 AM,14.471610
6/20/2023 4:25:00 AM,14.582610
6/20/2023 4:30:00 AM,17.429200
6/20/2023 4:35:00 AM,18.875690
6/20/2023 4:40:00 AM,20.998440
6/20/2023 4:45:00 AM,20.195673
6/20/2023 4:50:00 AM,20.299580
6/20/2023 4:55:00 AM,21.013456
6/20/2023 5:00:00 AM,25.968770
6/20/2023 5:05:00 AM,26.392686
6/20/2023 5:10:00 AM,26.556763
6/20/2023 5:15:00 AM,27.119316
6/20/2023 5:20:00 AM,27.269043
6/20/2023 5:25:00 AM,27.266993
6/20/2023 5:30:00 AM,27.363813
6/20/2023 5:35:00 AM,27.363813
6/20/2023 5:40:00 AM,27.396643
6/20/2023 5:45:00 AM,29.694736
6/20/2023 5:50:00 AM,30.028466
6/20/2023 5:55:00 AM,29.668503
6/20/2023 6:00:00 AM,30.745956
6/20/2023 6:05:00 AM,29.244666
6/20/2023 6:10:00 AM,29.302363
6/20/2023 6:15:00 AM,29.153256
6/20/2023 6:20:00 AM,28.964253
6/20/2023 6:25:00 AM,27.240020
6/20/2023 6:30:00 AM,21.045713
6/20/2023 6:35:00 AM,16.694140
6/20/2023 6:40:00 AM,15.714110
6/20/2023 6:45:00 AM,14.331290
6/20/2023 6:50:00 AM,11.241173
6/20/2023 6:55:00 AM,9.906580
6/20/2023 7:00:00 AM,18.227056
6/20/2023 7:05:00 AM,18.102730
6/20/2023 7:10:00 AM,17.904913
6/20/2023 7:15:00 AM,15.718473
6/20/2023 7:20:00 AM,13.132603
6/20/2023 7:25:00 AM,8.206713
6/20/2023 7:30:00 AM,6.858616
6/20/2023 7:35:00 AM,7.025726
6/20/2023 7:40:00 AM,6.668986
6/20/2023 7:45:00 AM,-0.969510
6/20/2023 7:50:00 AM,-4.664453
6/20/2023 7:55:00 AM,-5.235773
6/20/2023 8:00:00 AM,-5.294756
6/20/2023 8:05:00 AM,-6.518176
6/20/2023 8:10:00 AM,-4.931546
6/20/2023 8:15:00 AM,-7.021243
6/20/2023 8:20:00 AM,-6.509753
6/20/2023 8:25:00 AM,-6.517023
6/20/2023 8:30:00 AM,-6.611363
6/20/2023 8:35:00 AM,-6.973876
6/20/2023 8:40:00 AM,-8.025176
6/20/2023 8:45:00 AM,-9.330343
6/20/2023 8:50:00 AM,-9.914060
6/20/2023 8:55:00 AM,-10.843493
6/20/2023 9:00:00 AM,-9.291540
6/20/2023 9:05:00 AM,-9.316373
6/20/2023 9:10:00 AM,-9.755956
6/20/2023 9:15:00 AM,-9.282206
6/20/2023 9:20:00 AM,-9.847466
6/20/2023 9:25:00 AM,-9.838316
6/20/2023 9:30:00 AM,-9.838696
6/20/2023 9:35:00 AM,-10.648806
6/20/2023 9:40:00 AM,-11.361063
6/20/2023 9:45:00 AM,-11.510646
6/20/2023 9:50:00 AM,-11.441560
6/20/2023 9:55:00 AM,-11.887203
6/20/2023 10:00:00 AM,-11.510590
6/20/2023 10:05:00 AM,-11.506740
6/20/2023 10:10:00 AM,-11.124716
6/20/2023 10:15:00 AM,-11.816593
6/20/2023 10:20:00 AM,-11.848100
6/20/2023 10:25:00 AM,-11.871683
6/20/2023 10:30:00 AM,-12.389956
6/20/2023 10:35:00 AM,-12.124993
6/20/2023 10:40:00 AM,-13.069716
6/20/2023 10:45:00 AM,-13.247013
6/20/2023 10:50:00 AM,-12.887040
6/20/2023 10:55:00 AM,-11.426243
6/20/2023 11:00:00 AM,-11.144003
6/20/2023 11:05:00 AM,-10.054173
6/20/2023 11:10:00 AM,-10.903560
6/20/2023 11:15:00 AM,-8.883376
6/20/2023 11:20:00 AM,-12.518473
6/20/2023 11:25:00 AM,-12.763826
6/20/2023 11:30:00 AM,-8.998510
6/20/2023 11:35:00 AM,-9.994436
6/20/2023 11:40:00 AM,-10.190056
6/20/2023 11:45:00 AM,-11.336356
6/20/2023 11:50:00 AM,-10.595556
6/20/2023 11:55:00 AM,-11.009850
6/20/2023 12:00:00 PM,-11.111796
6/20/2023 12:05:00 PM,-11.117576
6/20/2023 12:10:00 PM,-10.877243
6/20/2023 12:15:00 PM,-9.601080
6/20/2023 12:20:00 PM,-10.567563
6/20/2023 12:25:00 PM,-10.394273
6/20/2023 12:30:00 PM,-9.521956
6/20/2023 12:35:00 PM,-9.530693
6/20/2023 12:40:00 PM,-8.793866
6/20/2023 12:45:00 PM,-6.236230
6/20/2023 12:50:00 PM,-6.507263
6/20/2023 12:55:00 PM,-8.330083
6/20/2023 1:00:00 PM,-12.099970
6/20/2023 1:05:00 PM,-11.644706
6/20/2023 1:10:00 PM,-11.519783
6/20/2023 1:15:00 PM,-11.054303
6/20/2023 1:20:00 PM,-10.930823
6/20/2023 1:25:00 PM,-9.727976
6/20/2023 1:30:00 PM,-7.954343
6/20/2023 1:35:00 PM,-8.182686
6/20/2023 1:40:00 PM,-7.218216
6/20/2023 1:45:00 PM,-7.708480
6/20/2023 1:50:00 PM,-8.719230
6/20/2023 1:55:00 PM,-10.479376
6/20/2023 2:00:00 PM,-9.238043
6/20/2023 2:05:00 PM,-10.949203
6/20/2023 2:10:00 PM,-10.595003
6/20/2023 2:15:00 PM,-9.847646
6/20/2023 2:20:00 PM,-8.057076
6/20/2023 2:25:00 PM,-8.503013
6/20/2023 2:30:00 PM,-4.874630
6/20/2023 2:35:00 PM,-5.693396
6/20/2023 2:40:00 PM,-4.730573
6/20/2023 2:45:00 PM,-6.651253
6/20/2023 2:50:00 PM,-5.288383
6/20/2023 2:55:00 PM,-5.289600
6/20/2023 3:00:00 PM,-5.746856
6/20/2023 3:05:00 PM,-5.532076
6/20/2023 3:10:00 PM,-3.447583
6/20/2023 3:15:00 PM,-3.715720
6/20/2023 3:20:00 PM,-1.054980
6/20/2023 3:25:00 PM,0.603426
6/20/2023 3:30:00 PM,-2.852683
6/20/2023 3:35:00 PM,-3.288810
6/20/2023 3:40:00 PM,-2.442283
6/20/2023 3:45:00 PM,-0.094363
6/20/2023 3:50:00 PM,-1.005143
6/20/2023 3:55:00 PM,-0.399020
6/20/2023 4:00:00 PM,-3.109723
6/20/2023 4:05:00 PM,-2.800126
6/20/2023 4:10:00 PM,-2.898650
6/20/2023 4:15:00 PM,-2.574120
6/20/2023 4:20:00 PM,-2.897910
6/20/2023 4:25:00 PM,-2.807133
6/20/2023 4:30:00 PM,1.632500
6/20/2023 4:35:00 PM,0.371940
6/20/2023 4:40:00 PM,1.419263
6/20/2023 4:45:00 PM,4.927820
6/20/2023 4:50:00 PM,5.206470
6/20/2023 4:55:00 PM,7.366170
6/20/2023 5:00:00 PM,5.252336
6/20/2023 5:05:00 PM,4.680923
6/20/2023 5:10:00 PM,4.550173
6/20/2023 5:15:00 PM,8.897940
6/20/2023 5:20:00 PM,8.790470
6/20/2023 5:25:00 PM,9.217376
6/20/2023 5:30:00 PM,11.008706
6/20/2023 5:35:00 PM,10.948693
6/20/2023 5:40:00 PM,10.737863
6/20/2023 5:45:00 PM,12.881863
6/20/2023 5:50:00 PM,14.813440
6/20/2023 5:55:00 PM,14.488233
6/20/2023 6:00:00 PM,12.348773
6/20/2023 6:05:00 PM,11.679260
6/20/2023 6:10:00 PM,9.432530
6/20/2023 6:15:00 PM,15.392086
6/20/2023 6:20:00 PM,16.278800
6/20/2023 6:25:00 PM,19.540000
6/20/2023 6:30:00 PM,19.840040
6/20/2023 6:35:00 PM,22.566250
6/20/2023 6:40:00 PM,28.240963
6/20/2023 6:45:00 PM,36.998800
6/20/2023 6:50:00 PM,39.953390
6/20/2023 6:55:00 PM,40.140000
6/20/2023 7:00:00 PM,31.016296
6/20/2023 7:05:00 PM,35.616243
6/20/2023 7:10:00 PM,37.020590
6/20/2023 7:15:00 PM,43.096110
6/20/2023 7:20:00 PM,50.396110
6/20/2023 7:25:00 PM,60.381183
6/20/2023 7:30:00 PM,66.558546
6/20/2023 7:35:00 PM,83.199086
6/20/2023 7:40:00 PM,72.886343
6/20/2023 7:45:00 PM,63.118486
6/20/2023 7:50:00 PM,59.939960
6/20/2023 7:55:00 PM,67.989726
6/20/2023 8:00:00 PM,59.109233
6/20/2023 8:05:00 PM,54.925690
6/20/2023 8:10:00 PM,48.947986
6/20/2023 8:15:00 PM,55.572400
6/20/2023 8:20:00 PM,55.571200
6/20/2023 8:25:00 PM,55.572400
6/20/2023 8:30:00 PM,56.000000
6/20/2023 8:35:00 PM,58.425770
6/20/2023 8:40:00 PM,55.572400
6/20/2023 8:45:00 PM,51.032123
6/20/2023 8:50:00 PM,55.841876
6/20/2023 8:55:00 PM,55.125856
6/20/2023 9:00:00 PM,60.104026
6/20/2023 9:05:00 PM,60.107466
6/20/2023 9:10:00 PM,55.416673
6/20/2023 9:15:00 PM,52.267020
6/20/2023 9:20:00 PM,54.735533
6/20/2023 9:25:00 PM,51.492543
6/20/2023 9:30:00 PM,52.416150
6/20/2023 9:35:00 PM,50.718930
6/20/2023 9:40:00 PM,39.439053
6/20/2023 9:45:00 PM,36.689070
6/20/2023 9:50:00 PM,37.939290
6/20/2023 9:55:00 PM,38.201950
6/20/2023 10:00:00 PM,38.209926
6/20/2023 10:05:00 PM,51.070253
6/20/2023 10:10:00 PM,47.648660
6/20/2023 10:15:00 PM,41.736573
6/20/2023 10:20:00 PM,44.932426
6/20/2023 10:25:00 PM,42.622710
6/20/2023 10:30:00 PM,42.160516
6/20/2023 10:35:00 PM,36.732713
6/20/2023 10:40:00 PM,36.695210
6/20/2023 10:45:00 PM,36.284693
6/20/2023 10:50:00 PM,35.015633
6/20/2023 10:55:00 PM,34.767503
6/20/2023 11:00:00 PM,37.185073
6/20/2023 11:05:00 PM,36.062296
6/20/2023 11:10:00 PM,34.100420
6/20/2023 11:15:00 PM,33.867120
6/20/2023 11:20:00 PM,34.578860
6/20/2023 11:25:00 PM,34.107230
6/20/2023 11:30:00 PM,33.322346
6/20/2023 11:35:00 PM,33.190090
6/20/2023 11:40:00 PM,30.820353
6/20/2023 11:45:00 PM,30.628406
6/20/2023 11:50:00 PM,30.628406
6/20/2023 11:55:00 PM,29.410576
6/21/2023 12:00:00 AM,36.017333
6/21/2023 12:05:00 AM,36.017333
6/21/2023 12:10:00 AM,36.084063
6/21/2023 12:15:00 AM,35.885460
6/21/2023 12:20:00 AM,35.596883
6/21/2023 12:25:00 AM,32.828783
6/21/2023 12:30:00 AM,34.111970
6/21/2023 12:35:00 AM,35.331003
6/21/2023 12:40:00 AM,33.447786
6/21/2023 12:45:00 AM,33.360186
6/21/2023 12:50:00 AM,33.438493
6/21/2023 12:55:00 AM,32.453953
6/21/2023 1:00:00 AM,35.805403
6/21/2023 1:05:00 AM,34.931683
6/21/2023 1:10:00 AM,32.491746
6/21/2023 1:15:00 AM,32.516870
6/21/2023 1:20:00 AM,32.394740
6/21/2023 1:25:00 AM,32.020270
6/21/2023 1:30:00 AM,31.360560
6/21/2023 1:35:00 AM,30.745193
6/21/2023 1:40:00 AM,30.745193
6/21/2023 1:45:00 AM,30.745193
6/21/2023 1:50:00 AM,29.859290
6/21/2023 1:55:00 AM,29.905823
6/21/2023 2:00:00 AM,31.796910
6/21/2023 2:05:00 AM,32.000000
6/21/2023 2:10:00 AM,31.397600
6/21/2023 2:15:00 AM,30.872000
6/21/2023 2:20:00 AM,30.846400
6/21/2023 2:25:00 AM,31.397600
6/21/2023 2:30:00 AM,31.250000
6/21/2023 2:35:00 AM,31.282800
6/21/2023 2:40:00 AM,31.287600
6/21/2023 2:45:00 AM,31.337050
6/21/2023 2:50:00 AM,30.917200
6/21/2023 2:55:00 AM,30.821300
6/21/2023 3:00:00 AM,30.864000
6/21/2023 3:05:00 AM,31.348800
6/21/2023 3:10:00 AM,31.348800
6/21/2023 3:15:00 AM,31.338970
6/21/2023 3:20:00 AM,31.488300
6/21/2023 3:25:00 AM,31.351200
6/21/2023 3:30:00 AM,31.647590
6/21/2023 3:35:00 AM,31.647590
6/21/2023 3:40:00 AM,31.647590
6/21/2023 3:45:00 AM,31.351200
6/21/2023 3:50:00 AM,31.348800
6/21/2023 3:55:00 AM,32.224990
6/21/2023 4:00:00 AM,35.660000
6/21/2023 4:05:00 AM,35.660000
6/21/2023 4:10:00 AM,35.660000
6/21/2023 4:15:00 AM,35.640000
6/21/2023 4:20:00 AM,38.238400
6/21/2023 4:25:00 AM,40.960000
6/21/2023 4:30:00 AM,41.652680
6/21/2023 4:35:00 AM,42.026250
6/21/2023 4:40:00 AM,42.347140
6/21/2023 4:45:00 AM,50.423240
6/21/2023 4:50:00 AM,54.435230
6/21/2023 4:55:00 AM,49.564130
6/21/2023 5:00:00 AM,54.417940
6/21/2023 5:05:00 AM,56.223426
6/21/2023 5:10:00 AM,51.675546
6/21/2023 5:15:00 AM,65.608693
6/21/2023 5:20:00 AM,71.949766
6/21/2023 5:25:00 AM,68.987880
6/21/2023 5:30:00 AM,75.319553
6/21/2023 5:35:00 AM,83.917830
6/21/2023 5:40:00 AM,69.852223
6/21/2023 5:45:00 AM,62.403613
6/21/2023 5:50:00 AM,63.805336
6/21/2023 5:55:00 AM,66.783806
6/21/2023 6:00:00 AM,62.858850
6/21/2023 6:05:00 AM,52.021960
6/21/2023 6:10:00 AM,36.000000
6/21/2023 6:15:00 AM,35.501200
6/21/2023 6:20:00 AM,36.332840
6/21/2023 6:25:00 AM,35.640000
6/21/2023 6:30:00 AM,36.332840
6/21/2023 6:35:00 AM,32.990000
6/21/2023 6:40:00 AM,30.520000
6/21/2023 6:45:00 AM,23.020326
6/21/2023 6:50:00 AM,22.047453
6/21/2023 6:55:00 AM,20.479160
6/21/2023 7:00:00 AM,18.472226
6/21/2023 7:05:00 AM,27.735016
6/21/2023 7:10:00 AM,19.689780
6/21/2023 7:15:00 AM,14.088096
6/21/2023 7:20:00 AM,15.409786
6/21/2023 7:25:00 AM,13.488630
6/21/2023 7:30:00 AM,6.909173
6/21/2023 7:35:00 AM,6.685516
6/21/2023 7:40:00 AM,6.041956
6/21/2023 7:45:00 AM,7.438106
6/21/2023 7:50:00 AM,5.846520
6/21/2023 7:55:00 AM,6.167593
6/21/2023 8:00:00 AM,7.406853
6/21/2023 8:05:00 AM,6.995776
6/21/2023 8:10:00 AM,7.211046
6/21/2023 8:15:00 AM,7.439486
6/21/2023 8:20:00 AM,7.091923
6/21/2023 8:25:00 AM,6.930836
6/21/2023 8:30:00 AM,7.404833
6/21/2023 8:35:00 AM,7.304623
6/21/2023 8:40:00 AM,6.641173
6/21/2023 8:45:00 AM,6.486220
6/21/2023 8:50:00 AM,5.430770
6/21/2023 8:55:00 AM,5.324573
6/21/2023 9:00:00 AM,7.911596
6/21/2023 9:05:00 AM,7.832933
6/21/2023 9:10:00 AM,9.683223
6/21/2023 9:15:00 AM,10.674260
6/21/2023 9:20:00 AM,9.554213
6/21/2023 9:25:00 AM,9.667923
6/21/2023 9:30:00 AM,10.165110
6/21/2023 9:35:00 AM,9.283826
6/21/2023 9:40:00 AM,8.633033
6/21/2023 9:45:00 AM,8.723426
6/21/2023 9:50:00 AM,7.813943
6/21/2023 9:55:00 AM,7.814773
6/21/2023 10:00:00 AM,10.047696
6/21/2023 10:05:00 AM,10.315396
6/21/2023 10:10:00 AM,8.837203
6/21/2023 10:15:00 AM,8.719313
6/21/2023 10:20:00 AM,8.735280
6/21/2023 10:25:00 AM,10.039650
6/21/2023 10:30:00 AM,7.904013
6/21/2023 10:35:00 AM,7.245270
6/21/2023 10:40:00 AM,6.536223
6/21/2023 10:45:00 AM,6.453733
6/21/2023 10:50:00 AM,7.233100
6/21/2023 10:55:00 AM,6.050893
6/21/2023 11:00:00 AM,6.753190
6/21/2023 11:05:00 AM,6.470706
6/21/2023 11:10:00 AM,6.470706
6/21/2023 11:15:00 AM,5.607956
6/21/2023 11:20:00 AM,4.714733
6/21/2023 11:25:00 AM,7.061526
6/21/2023 11:30:00 AM,7.213733
6/21/2023 11:35:00 AM,7.089003
6/21/2023 11:40:00 AM,7.099466
6/21/2023 11:45:00 AM,6.261336
6/21/2023 11:50:00 AM,8.649200
6/21/2023 11:55:00 AM,9.209100
6/21/2023 12:00:00 PM,9.157346
6/21/2023 12:05:00 PM,9.219356
6/21/2023 12:10:00 PM,8.208633
6/21/2023 12:15:00 PM,8.134883
6/21/2023 12:20:00 PM,8.040606
6/21/2023 12:25:00 PM,8.012323
6/21/2023 12:30:00 PM,7.808236
6/21/2023 12:35:00 PM,7.680170
6/21/2023 12:40:00 PM,7.928560
6/21/2023 12:45:00 PM,7.219766
6/21/2023 12:50:00 PM,6.955176
6/21/2023 12:55:00 PM,6.449246
6/21/2023 1:00:00 PM,3.779583
6/21/2023 1:05:00 PM,3.117386
6/21/2023 1:10:00 PM,3.536803
6/21/2023 1:15:00 PM,2.384380
6/21/2023 1:20:00 PM,3.893236
6/21/2023 1:25:00 PM,3.269990
6/21/2023 1:30:00 PM,5.078930
6/21/2023 1:35:00 PM,6.489850
6/21/2023 1:40:00 PM,6.504726
6/21/2023 1:45:00 PM,6.012933
6/21/2023 1:50:00 PM,3.894643
6/21/2023 1:55:00 PM,3.836173
6/21/2023 2:00:00 PM,4.804770
6/21/2023 2:05:00 PM,5.354633
6/21/2023 2:10:00 PM,6.395363
6/21/2023 2:15:00 PM,4.226446
6/21/2023 2:20:00 PM,4.118450
6/21/2023 2:25:00 PM,4.458930
6/21/2023 2:30:00 PM,4.824580
6/21/2023 2:35:00 PM,4.709636
6/21/2023 2:40:00 PM,8.412360
6/21/2023 2:45:00 PM,8.502613
6/21/2023 2:50:00 PM,9.312970
6/21/2023 2:55:00 PM,8.236553
6/21/2023 3:00:00 PM,4.862210
6/21/2023 3:05:00 PM,5.323930
6/21/2023 3:10:00 PM,6.919493
6/21/2023 3:15:00 PM,6.683543
6/21/2023 3:20:00 PM,6.844493
6/21/2023 3:25:00 PM,9.665420
6/21/2023 3:30:00 PM,6.761506
6/21/2023 3:35:00 PM,6.536630
6/21/2023 3:40:00 PM,8.127300
6/21/2023 3:45:00 PM,11.305103
6/21/2023 3:50:00 PM,14.856183
6/21/2023 3:55:00 PM,17.215680
6/21/2023 4:00:00 PM,17.074253
6/21/2023 4:05:00 PM,16.938666
6/21/2023 4:10:00 PM,15.918186
6/21/2023 4:15:00 PM,12.476726
6/21/2023 4:20:00 PM,12.917473
6/21/2023 4:25:00 PM,13.703806
6/21/2023 4:30:00 PM,17.713130
6/21/2023 4:35:00 PM,17.209716
6/21/2023 4:40:00 PM,18.078846
6/21/2023 4:45:00 PM,18.203110
6/21/2023 4:50:00 PM,18.667553
6/21/2023 4:55:00 PM,19.833213
6/21/2023 5:00:00 PM,19.093776
6/21/2023 5:05:00 PM,17.922806
6/21/2023 5:10:00 PM,17.113643
6/21/2023 5:15:00 PM,17.761533
6/21/2023 5:20:00 PM,18.067073
6/21/2023 5:25:00 PM,18.130140
6/21/2023 5:30:00 PM,19.654886
6/21/2023 5:35:00 PM,19.685573
6/21/2023 5:40:00 PM,21.594310
6/21/2023 5:45:00 PM,21.753746
6/21/2023 5:50:00 PM,22.822920
6/21/2023 5:55:00 PM,25.148226
6/21/2023 6:00:00 PM,19.867550
6/21/2023 6:05:00 PM,18.871316
6/21/2023 6:10:00 PM,22.246430
6/21/2023 6:15:00 PM,24.547600
6/21/2023 6:20:00 PM,27.388763
6/21/2023 6:25:00 PM,28.372973
6/21/2023 6:30:00 PM,32.151193
6/21/2023 6:35:00 PM,33.515640
6/21/2023 6:40:00 PM,40.280233
6/21/2023 6:45:00 PM,47.360076
6/21/2023 6:50:00 PM,54.814256
6/21/2023 6:55:00 PM,63.610583
6/21/2023 7:00:00 PM,51.408836
6/21/2023 7:05:00 PM,54.745940
6/21/2023 7:10:00 PM,60.545550
6/21/2023 7:15:00 PM,55.097496
6/21/2023 7:20:00 PM,99.260200
6/21/2023 7:25:00 PM,114.722806
6/21/2023 7:30:00 PM,102.162300
6/21/2023 7:35:00 PM,119.862376
6/21/2023 7:40:00 PM,119.862376
6/21/2023 7:45:00 PM,119.862376
6/21/2023 7:50:00 PM,107.276146
6/21/2023 7:55:00 PM,72.290756
6/21/2023 8:00:00 PM,61.331480
6/21/2023 8:05:00 PM,61.377616
6/21/2023 8:10:00 PM,60.670800
6/21/2023 8:15:00 PM,58.887210
6/21/2023 8:20:00 PM,60.485830
6/21/2023 8:25:00 PM,60.226386
6/21/2023 8:30:00 PM,55.452150
6/21/2023 8:35:00 PM,55.505116
6/21/2023 8:40:00 PM,55.320123
6/21/2023 8:45:00 PM,52.828800
6/21/2023 8:50:00 PM,50.768823
6/21/2023 8:55:00 PM,47.449696
6/21/2023 9:00:00 PM,53.080793
6/21/2023 9:05:00 PM,52.035886
6/21/2023 9:10:00 PM,50.224976
6/21/2023 9:15:00 PM,51.243086
6/21/2023 9:20:00 PM,50.283900
6/21/2023 9:25:00 PM,49.985676
6/21/2023 9:30:00 PM,53.931310
6/21/2023 9:35:00 PM,54.293243
6/21/2023 9:40:00 PM,51.491760
6/21/2023 9:45:00 PM,47.182430
6/21/2023 9:50:00 PM,46.892736
6/21/2023 9:55:00 PM,46.319670
6/21/2023 10:00:00 PM,52.842866
6/21/2023 10:05:00 PM,52.561733
6/21/2023 10:10:00 PM,47.056093
6/21/2023 10:15:00 PM,45.564896
6/21/2023 10:20:00 PM,46.315996
6/21/2023 10:25:00 PM,45.594070
6/21/2023 10:30:00 PM,43.740573
6/21/2023 10:35:00 PM,41.886283
6/21/2023 10:40:00 PM,42.765476
6/21/2023 10:45:00 PM,38.097520
6/21/2023 10:50:00 PM,38.338970
6/21/2023 10:55:00 PM,37.372146
6/21/2023 11:00:00 PM,42.834533
6/21/2023 11:05:00 PM,42.834533
6/21/2023 11:10:00 PM,42.834533
6/21/2023 11:15:00 PM,42.638270
6/21/2023 11:20:00 PM,41.828600
6/21/2023 11:25:00 PM,39.451650
6/21/2023 11:30:00 PM,38.736743
6/21/2023 11:35:00 PM,38.099960
6/21/2023 11:40:00 PM,36.538776
6/21/2023 11:45:00 PM,35.964950
6/21/2023 11:50:00 PM,36.039960
6/21/2023 11:55:00 PM,38.378606
6/22/2023 12:00:00 AM,37.641516
6/22/2023 12:05:00 AM,37.850566
6/22/2023 12:10:00 AM,37.850566
6/22/2023 12:15:00 AM,37.041796
6/22/2023 12:20:00 AM,37.041796
6/22/2023 12:25:00 AM,35.119260
6/22/2023 12:30:00 AM,36.766443
6/22/2023 12:35:00 AM,35.048630
6/22/2023 12:40:00 AM,33.642000
6/22/2023 12:45:00 AM,31.574140
6/22/2023 12:50:00 AM,29.812266
6/22/2023 12:55:00 AM,29.527860
6/22/2023 1:00:00 AM,32.409623
6/22/2023 1:05:00 AM,31.130053
6/22/2023 1:10:00 AM,29.929833
6/22/2023 1:15:00 AM,31.393610
6/22/2023 1:20:00 AM,31.704850
6/22/2023 1:25:00 AM,31.796326
6/22/2023 1:30:00 AM,35.305783
6/22/2023 1:35:00 AM,36.311090
6/22/2023 1:40:00 AM,33.263260
6/22/2023 1:45:00 AM,34.729576
6/22/2023 1:50:00 AM,34.729576
6/22/2023 1:55:00 AM,34.104183
6/22/2023 2:00:00 AM,34.993600
6/22/2023 2:05:00 AM,35.038800
6/22/2023 2:10:00 AM,34.324190
6/22/2023 2:15:00 AM,35.130000
6/22/2023 2:20:00 AM,38.861200
6/22/2023 2:25:00 AM,37.723600
6/22/2023 2:30:00 AM,38.140000
6/22/2023 2:35:00 AM,37.146400
6/22/2023 2:40:00 AM,35.996400
6/22/2023 2:45:00 AM,35.340000
6/22/2023 2:50:00 AM,34.558800
6/22/2023 2:55:00 AM,30.682040
6/22/2023 3:00:00 AM,34.556400
6/22/2023 3:05:00 AM,35.340000
6/22/2023 3:10:00 AM,35.340000
6/22/2023 3:15:00 AM,35.340000
6/22/2023 3:20:00 AM,38.861200
6/22/2023 3:25:00 AM,38.030000
6/22/2023 3:30:00 AM,37.750000
6/22/2023 3:35:00 AM,37.148800
6/22/2023 3:40:00 AM,38.050000
6/22/2023 3:45:00 AM,36.494320
6/22/2023 3:50:00 AM,38.506730
6/22/2023 3:55:00 AM,37.954890
6/22/2023 4:00:00 AM,37.688540
6/22/2023 4:05:00 AM,36.320020
6/22/2023 4:10:00 AM,37.721200
6/22/2023 4:15:00 AM,39.110000
6/22/2023 4:20:00 AM,39.140000
6/22/2023 4:25:00 AM,39.315460
6/22/2023 4:30:00 AM,40.533410
6/22/2023 4:35:00 AM,40.582040
6/22/2023 4:40:00 AM,39.140000
6/22/2023 4:45:00 AM,40.257393
6/22/2023 4:50:00 AM,40.320653
6/22/2023 4:55:00 AM,40.320653
6/22/2023 5:00:00 AM,39.140000
6/22/2023 5:05:00 AM,39.140000
6/22/2023 5:10:00 AM,39.140000
6/22/2023 5:15:00 AM,39.140000
6/22/2023 5:20:00 AM,41.178790
6/22/2023 5:25:00 AM,42.583600
6/22/2023 5:30:00 AM,41.670770
6/22/2023 5:35:00 AM,41.670770
6/22/2023 5:40:00 AM,41.410000
6/22/2023 5:45:00 AM,41.552000
6/22/2023 5:50:00 AM,41.668580
6/22/2023 5:55:00 AM,42.000000
6/22/2023 6:00:00 AM,43.460000
6/22/2023 6:05:00 AM,41.619800
6/22/2023 6:10:00 AM,41.178790
6/22/2023 6:15:00 AM,39.140000
6/22/2023 6:20:00 AM,39.470000
6/22/2023 6:25:00 AM,39.140000
6/22/2023 6:30:00 AM,39.140000
6/22/2023 6:35:00 AM,32.201200
6/22/2023 6:40:00 AM,32.042400
6/22/2023 6:45:00 AM,28.648390
6/22/2023 6:50:00 AM,26.068150
6/22/2023 6:55:00 AM,26.016330
6/22/2023 7:00:00 AM,25.000000
6/22/2023 7:05:00 AM,23.295023
6/22/2023 7:10:00 AM,21.499916
6/22/2023 7:15:00 AM,21.250000
6/22/2023 7:20:00 AM,19.971746
6/22/2023 7:25:00 AM,18.630620
6/22/2023 7:30:00 AM,15.613156
6/22/2023 7:35:00 AM,12.211833
6/22/2023 7:40:00 AM,12.158680
6/22/2023 7:45:00 AM,12.036333
6/22/2023 7:50:00 AM,11.682306
6/22/2023 7:55:00 AM,11.729316
6/22/2023 8:00:00 AM,16.507060
6/22/2023 8:05:00 AM,17.258056
6/22/2023 8:10:00 AM,17.288230
6/22/2023 8:15:00 AM,17.126376
6/22/2023 8:20:00 AM,17.254360
6/22/2023 8:25:00 AM,12.718076
6/22/2023 8:30:00 AM,14.039843
6/22/2023 8:35:00 AM,10.942626
6/22/2023 8:40:00 AM,11.145486
6/22/2023 8:45:00 AM,9.205210
6/22/2023 8:50:00 AM,8.362923
6/22/2023 8:55:00 AM,9.232923
6/22/2023 9:00:00 AM,8.879596
6/22/2023 9:05:00 AM,10.408773
6/22/2023 9:10:00 AM,10.403623
6/22/2023 9:15:00 AM,12.628013
6/22/2023 9:20:00 AM,11.923590
6/22/2023 9:25:00 AM,11.167216
6/22/2023 9:30:00 AM,11.299820
6/22/2023 9:35:00 AM,6.898026
6/22/2023 9:40:00 AM,8.086946
6/22/2023 9:45:00 AM,2.648030
6/22/2023 9:50:00 AM,2.593340
6/22/2023 9:55:00 AM,2.676576
6/22/2023 10:00:00 AM,8.889006
6/22/2023 10:05:00 AM,8.383623
6/22/2023 10:10:00 AM,6.583506
6/22/2023 10:15:00 AM,8.370890
6/22/2023 10:20:00 AM,6.409156
6/22/2023 10:25:00 AM,5.530453
6/22/2023 10:30:00 AM,2.133100
6/22/2023 10:35:00 AM,2.754010
6/22/2023 10:40:00 AM,4.541776
6/22/2023 10:45:00 AM,2.933603
6/22/2023 10:50:00 AM,1.921666
6/22/2023 10:55:00 AM,1.867813
6/22/2023 11:00:00 AM,0.786936
6/22/2023 11:05:00 AM,1.944720
6/22/2023 11:10:00 AM,1.520120
6/22/2023 11:15:00 AM,2.059180
6/22/2023 11:20:00 AM,0.858533
6/22/2023 11:25:00 AM,1.309460
6/22/2023 11:30:00 AM,4.135353
6/22/2023 11:35:00 AM,4.747216
6/22/2023 11:40:00 AM,5.977583
6/22/2023 11:45:00 AM,13.037406
6/22/2023 11:50:00 AM,11.535763
6/22/2023 11:55:00 AM,11.496646
6/22/2023 12:00:00 PM,14.529133
6/22/2023 12:05:00 PM,12.751506
6/22/2023 12:10:00 PM,12.863550
6/22/2023 12:15:00 PM,12.889900
6/22/2023 12:20:00 PM,13.083223
6/22/2023 12:25:00 PM,13.578386
6/22/2023 12:30:00 PM,14.687336
6/22/2023 12:35:00 PM,14.806216
6/22/2023 12:40:00 PM,14.676693
6/22/2023 12:45:00 PM,15.824656
6/22/2023 12:50:00 PM,12.857850
6/22/2023 12:55:00 PM,10.337750
6/22/2023 1:00:00 PM,9.885946
6/22/2023 1:05:00 PM,10.235273
6/22/2023 1:10:00 PM,9.756516
6/22/2023 1:15:00 PM,9.431103
6/22/2023 1:20:00 PM,10.882416
6/22/2023 1:25:00 PM,9.936170
6/22/2023 1:30:00 PM,9.384986
6/22/2023 1:35:00 PM,9.743373
6/22/2023 1:40:00 PM,8.686393
6/22/2023 1:45:00 PM,11.313186
6/22/2023 1:50:00 PM,12.155320
6/22/2023 1:55:00 PM,14.329950
6/22/2023 2:00:00 PM,12.391220
6/22/2023 2:05:00 PM,11.404956
6/22/2023 2:10:00 PM,10.595546
6/22/2023 2:15:00 PM,13.163723
6/22/2023 2:20:00 PM,13.902116
6/22/2023 2:25:00 PM,15.882333
6/22/2023 2:30:00 PM,13.940516
6/22/2023 2:35:00 PM,13.878993
6/22/2023 2:40:00 PM,14.371363
6/22/2023 2:45:00 PM,14.739946
6/22/2023 2:50:00 PM,15.762986
6/22/2023 2:55:00 PM,19.017186
6/22/2023 3:00:00 PM,16.431016
6/22/2023 3:05:00 PM,16.712003
6/22/2023 3:10:00 PM,17.396113
6/22/2023 3:15:00 PM,17.157700
6/22/2023 3:20:00 PM,20.719760
6/22/2023 3:25:00 PM,21.434593
6/22/2023 3:30:00 PM,21.533866
6/22/2023 3:35:00 PM,21.291570
6/22/2023 3:40:00 PM,22.824200
6/22/2023 3:45:00 PM,23.408543
6/22/2023 3:50:00 PM,23.442166
6/22/2023 3:55:00 PM,23.251106
6/22/2023 4:00:00 PM,23.137343
6/22/2023 4:05:00 PM,21.950173
6/22/2023 4:10:00 PM,25.839490
6/22/2023 4:15:00 PM,20.541933
6/22/2023 4:20:00 PM,20.985066
6/22/2023 4:25:00 PM,21.680233
6/22/2023 4:30:00 PM,26.645916
6/22/2023 4:35:00 PM,26.596986
6/22/2023 4:40:00 PM,27.392143
6/22/2023 4:45:00 PM,27.529803
6/22/2023 4:50:00 PM,28.444243
6/22/2023 4:55:00 PM,27.784986
6/22/2023 5:00:00 PM,22.984556
6/22/2023 5:05:00 PM,22.732610
6/22/2023 5:10:00 PM,23.105843
6/22/2023 5:15:00 PM,23.063573
6/22/2023 5:20:00 PM,23.292003
6/22/2023 5:25:00 PM,27.805440
6/22/2023 5:30:00 PM,27.687580
6/22/2023 5:35:00 PM,21.919953
6/22/2023 5:40:00 PM,24.878970
6/22/2023 5:45:00 PM,27.700770
6/22/2023 5:50:00 PM,31.600626
6/22/2023 5:55:00 PM,33.836263
6/22/2023 6:00:00 PM,19.854130
6/22/2023 6:05:00 PM,19.854130
6/22/2023 6:10:00 PM,22.498586
6/22/2023 6:15:00 PM,22.513476
6/22/2023 6:20:00 PM,26.000446
6/22/2023 6:25:00 PM,28.780236
6/22/2023 6:30:00 PM,30.982553
6/22/2023 6:35:00 PM,35.637793
6/22/2023 6:40:00 PM,42.621146
6/22/2023 6:45:00 PM,45.933690
6/22/2023 6:50:00 PM,47.209306
6/22/2023 6:55:00 PM,49.980296
6/22/2023 7:00:00 PM,42.578423
6/22/2023 7:05:00 PM,42.532413
6/22/2023 7:10:00 PM,42.532413
6/22/2023 7:15:00 PM,42.949333
6/22/2023 7:20:00 PM,44.513076
6/22/2023 7:25:00 PM,49.138760
6/22/2023 7:30:00 PM,51.953006
6/22/2023 7:35:00 PM,64.249550
6/22/2023 7:40:00 PM,57.152283
6/22/2023 7:45:00 PM,58.466810
6/22/2023 7:50:00 PM,65.137390
6/22/2023 7:55:00 PM,66.926603
6/22/2023 8:00:00 PM,76.415763
6/22/2023 8:05:00 PM,78.374680
6/22/2023 8:10:00 PM,73.917343
6/22/2023 8:15:00 PM,71.569386
6/22/2023 8:20:00 PM,71.373506
6/22/2023 8:25:00 PM,66.966970
6/22/2023 8:30:00 PM,56.712420
6/22/2023 8:35:00 PM,56.905850
6/22/2023 8:40:00 PM,51.163140
6/22/2023 8:45:00 PM,50.414180
6/22/2023 8:50:00 PM,50.481776
6/22/2023 8:55:00 PM,52.310000
6/22/2023 9:00:00 PM,51.582400
6/22/2023 9:05:00 PM,51.581200
6/22/2023 9:10:00 PM,48.381200
6/22/2023 9:15:00 PM,44.370000
6/22/2023 9:20:00 PM,43.510000
6/22/2023 9:25:00 PM,43.280000
6/22/2023 9:30:00 PM,43.260000
6/22/2023 9:35:00 PM,42.757640
6/22/2023 9:40:00 PM,40.240000
6/22/2023 9:45:00 PM,37.068106
6/22/2023 9:50:00 PM,36.870090
6/22/2023 9:55:00 PM,34.852736
6/22/2023 10:00:00 PM,39.700000
6/22/2023 10:05:00 PM,34.771200
6/22/2023 10:10:00 PM,31.617430
6/22/2023 10:15:00 PM,31.100050
6/22/2023 10:20:00 PM,30.468670
6/22/2023 10:25:00 PM,30.638720
6/22/2023 10:30:00 PM,31.001200
6/22/2023 10:35:00 PM,30.933740
6/22/2023 10:40:00 PM,30.960680
6/22/2023 10:45:00 PM,30.363360
6/22/2023 10:50:00 PM,30.214040
6/22/2023 10:55:00 PM,29.783550
6/22/2023 11:00:00 PM,34.810400
6/22/2023 11:05:00 PM,34.770000
6/22/2023 11:10:00 PM,34.324190
6/22/2023 11:15:00 PM,31.840026
6/22/2023 11:20:00 PM,32.254926
6/22/2023 11:25:00 PM,29.898533
6/22/2023 11:30:00 PM,29.615413
6/22/2023 11:35:00 PM,29.422366
6/22/2023 11:40:00 PM,29.145460
6/22/2023 11:45:00 PM,28.119786
6/22/2023 11:50:00 PM,27.346246
6/22/2023 11:55:00 PM,28.310170
6/23/2023 12:00:00 AM,34.790000
6/23/2023 12:05:00 AM,34.800000
6/23/2023 12:10:00 AM,32.998800
6/23/2023 12:15:00 AM,31.721330
6/23/2023 12:20:00 AM,31.557990
6/23/2023 12:25:00 AM,31.748800
6/23/2023 12:30:00 AM,31.582400
6/23/2023 12:35:00 AM,31.557990
6/23/2023 12:40:00 AM,31.138200
6/23/2023 12:45:00 AM,31.219510
6/23/2023 12:50:00 AM,31.138200
6/23/2023 12:55:00 AM,31.008800
6/23/2023 1:00:00 AM,31.219510
6/23/2023 1:05:00 AM,31.265030
6/23/2023 1:10:00 AM,31.219510
6/23/2023 1:15:00 AM,30.761570
6/23/2023 1:20:00 AM,29.998800
6/23/2023 1:25:00 AM,29.997600
6/23/2023 1:30:00 AM,29.997600
6/23/2023 1:35:00 AM,29.643920
6/23/2023 1:40:00 AM,29.634030
6/23/2023 1:45:00 AM,27.550000
6/23/2023 1:50:00 AM,27.550000
6/23/2023 1:55:00 AM,26.747330
6/23/2023 2:00:00 AM,29.783550
6/23/2023 2:05:00 AM,29.783550
6/23/2023 2:10:00 AM,29.740000
6/23/2023 2:15:00 AM,29.643920
6/23/2023 2:20:00 AM,29.643920
6/23/2023 2:25:00 AM,29.915790
6/23/2023 2:30:00 AM,29.643920
6/23/2023 2:35:00 AM,29.740000
6/23/2023 2:40:00 AM,29.643920
6/23/2023 2:45:00 AM,29.643920
6/23/2023 2:50:00 AM,29.643920
6/23/2023 2:55:00 AM,29.643920
6/23/2023 3:00:00 AM,27.550000
6/23/2023 3:05:00 AM,28.660000
6/23/2023 3:10:00 AM,28.060000
6/23/2023 3:15:00 AM,27.570000
6/23/2023 3:20:00 AM,25.670000
6/23/2023 3:25:00 AM,26.747330
6/23/2023 3:30:00 AM,26.747330
6/23/2023 3:35:00 AM,26.747330
6/23/2023 3:40:00 AM,26.747330
6/23/2023 3:45:00 AM,26.407910
6/23/2023 3:50:00 AM,26.704930
6/23/2023 3:55:00 AM,26.688800
6/23/2023 4:00:00 AM,28.648390
6/23/2023 4:05:00 AM,27.616390
6/23/2023 4:10:00 AM,29.783550
6/23/2023 4:15:00 AM,24.821200
6/23/2023 4:20:00 AM,27.406480
6/23/2023 4:25:00 AM,29.000000
6/23/2023 4:30:00 AM,36.000000
6/23/2023 4:35:00 AM,35.923200
6/23/2023 4:40:00 AM,35.000000
6/23/2023 4:45:00 AM,33.225620
6/23/2023 4:50:00 AM,31.497600
6/23/2023 4:55:00 AM,35.724230
6/23/2023 5:00:00 AM,33.160000
6/23/2023 5:05:00 AM,34.778800
6/23/2023 5:10:00 AM,36.050000
6/23/2023 5:15:00 AM,37.100000
6/23/2023 5:20:00 AM,37.130000
6/23/2023 5:25:00 AM,37.130000
6/23/2023 5:30:00 AM,37.220000
6/23/2023 5:35:00 AM,37.220000
6/23/2023 5:40:00 AM,38.200000
6/23/2023 5:45:00 AM,37.220000
6/23/2023 5:50:00 AM,37.425390
6/23/2023 5:55:00 AM,37.280000
6/23/2023 6:00:00 AM,45.576400
6/23/2023 6:05:00 AM,45.620000
6/23/2023 6:10:00 AM,45.581200
6/23/2023 6:15:00 AM,37.220000
6/23/2023 6:20:00 AM,37.130000
6/23/2023 6:25:00 AM,34.458950
6/23/2023 6:30:00 AM,29.181200
6/23/2023 6:35:00 AM,25.097060
6/23/2023 6:40:00 AM,24.610000
6/23/2023 6:45:00 AM,19.997600
6/23/2023 6:50:00 AM,19.662600
6/23/2023 6:55:00 AM,18.981200
6/23/2023 7:00:00 AM,26.300000
6/23/2023 7:05:00 AM,27.487020
6/23/2023 7:10:00 AM,30.540000
6/23/2023 7:15:00 AM,22.408800
6/23/2023 7:20:00 AM,18.477600
6/23/2023 7:25:00 AM,17.252870
6/23/2023 7:30:00 AM,19.824853
6/23/2023 7:35:00 AM,16.063443
6/23/2023 7:40:00 AM,13.793426
6/23/2023 7:45:00 AM,10.952993
6/23/2023 7:50:00 AM,7.427656
6/23/2023 7:55:00 AM,3.819193
6/23/2023 8:00:00 AM,6.437433
6/23/2023 8:05:00 AM,5.414080
6/23/2023 8:10:00 AM,5.737370
6/23/2023 8:15:00 AM,4.870223
6/23/2023 8:20:00 AM,2.262183
6/23/2023 8:25:00 AM,1.552316
6/23/2023 8:30:00 AM,2.849950
6/23/2023 8:35:00 AM,1.102563
6/23/2023 8:40:00 AM,1.133393
6/23/2023 8:45:00 AM,1.459846
6/23/2023 8:50:00 AM,0.729056
6/23/2023 8:55:00 AM,-0.116630
6/23/2023 9:00:00 AM,1.499010
6/23/2023 9:05:00 AM,2.552506
6/23/2023 9:10:00 AM,3.109150
6/23/2023 9:15:00 AM,3.081990
6/23/2023 9:20:00 AM,3.625550
6/23/2023 9:25:00 AM,3.660400
6/23/2023 9:30:00 AM,4.532300
6/23/2023 9:35:00 AM,3.027903
6/23/2023 9:40:00 AM,3.045336
6/23/2023 9:45:00 AM,3.715496
6/23/2023 9:50:00 AM,3.096596
6/23/2023 9:55:00 AM,2.576300
6/23/2023 10:00:00 AM,5.278016
6/23/2023 10:05:00 AM,4.791103
6/23/2023 10:10:00 AM,4.275873
6/23/2023 10:15:00 AM,3.933980
6/23/2023 10:20:00 AM,3.561120
6/23/2023 10:25:00 AM,3.515593
6/23/2023 10:30:00 AM,3.591570
6/23/2023 10:35:00 AM,3.109976
6/23/2023 10:40:00 AM,3.272543
6/23/2023 10:45:00 AM,1.450386
6/23/2023 10:50:00 AM,1.846510
6/23/2023 10:55:00 AM,1.097960
6/23/2023 11:00:00 AM,1.582553
6/23/2023 11:05:00 AM,1.709490
6/23/2023 11:10:00 AM,-0.841373
6/23/2023 11:15:00 AM,-2.046800
6/23/2023 11:20:00 AM,-1.181826
6/23/2023 11:25:00 AM,2.210613
6/23/2023 11:30:00 AM,2.347973
6/23/2023 11:35:00 AM,1.953386
6/23/2023 11:40:00 AM,1.942853
6/23/2023 11:45:00 AM,1.935226
6/23/2023 11:50:00 AM,1.923570
6/23/2023 11:55:00 AM,8.710946
6/23/2023 12:00:00 PM,5.830040
6/23/2023 12:05:00 PM,8.586556
6/23/2023 12:10:00 PM,8.373840
6/23/2023 12:15:00 PM,9.888133
6/23/2023 12:20:00 PM,10.294373
6/23/2023 12:25:00 PM,8.854886
6/23/2023 12:30:00 PM,9.932673
6/23/2023 12:35:00 PM,9.357910
6/23/2023 12:40:00 PM,9.426843
6/23/2023 12:45:00 PM,9.330053
6/23/2023 12:50:00 PM,9.379540
6/23/2023 12:55:00 PM,9.999870
6/23/2023 1:00:00 PM,13.196613
6/23/2023 1:05:00 PM,12.984616
6/23/2023 1:10:00 PM,7.101733
6/23/2023 1:15:00 PM,6.704850
6/23/2023 1:20:00 PM,6.152933
6/23/2023 1:25:00 PM,7.794033
6/23/2023 1:30:00 PM,13.173630
6/23/2023 1:35:00 PM,10.477713
6/23/2023 1:40:00 PM,14.024736
6/23/2023 1:45:00 PM,12.835663
6/23/2023 1:50:00 PM,12.835663
6/23/2023 1:55:00 PM,12.699080
6/23/2023 2:00:00 PM,13.188800
6/23/2023 2:05:00 PM,5.000000
6/23/2023 2:10:00 PM,5.000000
6/23/2023 2:15:00 PM,6.000000
6/23/2023 2:20:00 PM,8.707590
6/23/2023 2:25:00 PM,11.878800
6/23/2023 2:30:00 PM,11.279363
6/23/2023 2:35:00 PM,12.296340
6/23/2023 2:40:00 PM,9.116963
6/23/2023 2:45:00 PM,5.186473
6/23/2023 2:50:00 PM,5.119123
6/23/2023 2:55:00 PM,5.125723
6/23/2023 3:00:00 PM,7.872783
6/23/2023 3:05:00 PM,7.875073
6/23/2023 3:10:00 PM,10.214556
6/23/2023 3:15:00 PM,12.513973
6/23/2023 3:20:00 PM,13.949996
6/23/2023 3:25:00 PM,14.875433
6/23/2023 3:30:00 PM,16.225646
6/23/2023 3:35:00 PM,17.178813
6/23/2023 3:40:00 PM,19.076720
6/23/2023 3:45:00 PM,19.918996
6/23/2023 3:50:00 PM,22.144420
6/23/2023 3:55:00 PM,19.899490
6/23/2023 4:00:00 PM,14.887940
6/23/2023 4:05:00 PM,15.117863
6/23/2023 4:10:00 PM,15.919320
6/23/2023 4:15:00 PM,15.352266
6/23/2023 4:20:00 PM,14.162513
6/23/2023 4:25:00 PM,11.968313
6/23/2023 4:30:00 PM,11.131670
6/23/2023 4:35:00 PM,16.161510
6/23/2023 4:40:00 PM,15.236693
6/23/2023 4:45:00 PM,16.161510
6/23/2023 4:50:00 PM,15.815106
6/23/2023 4:55:00 PM,15.212976
6/23/2023 5:00:00 PM,13.357343
6/23/2023 5:05:00 PM,12.211296
6/23/2023 5:10:00 PM,13.888673
6/23/2023 5:15:00 PM,13.420850
6/23/2023 5:20:00 PM,14.389426
6/23/2023 5:25:00 PM,15.398413
6/23/2023 5:30:00 PM,14.640643
6/23/2023 5:35:00 PM,14.782770
6/23/2023 5:40:00 PM,14.865230
6/23/2023 5:45:00 PM,16.359296
6/23/2023 5:50:00 PM,16.783870
6/23/2023 5:55:00 PM,17.306680
6/23/2023 6:00:00 PM,16.578710
6/23/2023 6:05:00 PM,16.964143
6/23/2023 6:10:00 PM,17.364053
6/23/2023 6:15:00 PM,20.332906
6/23/2023 6:20:00 PM,23.397593
6/23/2023 6:25:00 PM,25.519833
6/23/2023 6:30:00 PM,29.997600
6/23/2023 6:35:00 PM,31.110460
6/23/2023 6:40:00 PM,37.280000
6/23/2023 6:45:00 PM,40.657910
6/23/2023 6:50:00 PM,44.700000
6/23/2023 6:55:00 PM,49.000000
6/23/2023 7:00:00 PM,31.412003
6/23/2023 7:05:00 PM,34.447696
6/23/2023 7:10:00 PM,40.771176
6/23/2023 7:15:00 PM,40.672856
6/23/2023 7:20:00 PM,40.716376
6/23/2023 7:25:00 PM,40.952863
6/23/2023 7:30:00 PM,43.001200
6/23/2023 7:35:00 PM,47.000000
6/23/2023 7:40:00 PM,50.860000
6/23/2023 7:45:00 PM,47.000000
6/23/2023 7:50:00 PM,42.210000
6/23/2023 7:55:00 PM,42.310000
6/23/2023 8:00:00 PM,40.034480
6/23/2023 8:05:00 PM,39.955696
6/23/2023 8:10:00 PM,38.537010
6/23/2023 8:15:00 PM,40.068100
6/23/2023 8:20:00 PM,40.281223
6/23/2023 8:25:00 PM,40.396573
6/23/2023 8:30:00 PM,40.413460
6/23/2023 8:35:00 PM,40.447843
6/23/2023 8:40:00 PM,40.447843
6/23/2023 8:45:00 PM,40.557396
6/23/2023 8:50:00 PM,40.557396
6/23/2023 8:55:00 PM,40.557396
6/23/2023 9:00:00 PM,36.794700
6/23/2023 9:05:00 PM,35.890820
6/23/2023 9:10:00 PM,34.685283
6/23/2023 9:15:00 PM,34.109973
6/23/2023 9:20:00 PM,34.763576
6/23/2023 9:25:00 PM,34.763576
6/23/2023 9:30:00 PM,33.930820
6/23/2023 9:35:00 PM,33.512326
6/23/2023 9:40:00 PM,33.295420
6/23/2023 9:45:00 PM,33.142483
6/23/2023 9:50:00 PM,33.927156
6/23/2023 9:55:00 PM,31.810466
6/23/2023 10:00:00 PM,35.596956
6/23/2023 10:05:00 PM,36.590823
6/23/2023 10:10:00 PM,35.490640
6/23/2023 10:15:00 PM,34.955363
6/23/2023 10:20:00 PM,34.095850
6/23/2023 10:25:00 PM,32.523413
6/23/2023 10:30:00 PM,30.643736
6/23/2023 10:35:00 PM,30.652553
6/23/2023 10:40:00 PM,30.466260
6/23/2023 10:45:00 PM,30.512753
6/23/2023 10:50:00 PM,30.336623
6/23/2023 10:55:00 PM,30.055840
6/23/2023 11:00:00 PM,32.327630
6/23/2023 11:05:00 PM,32.345973
6/23/2023 11:10:00 PM,31.138200
6/23/2023 11:15:00 PM,30.126050
6/23/2023 11:20:00 PM,29.947916
6/23/2023 11:25:00 PM,29.947916
6/23/2023 11:30:00 PM,29.640993
6/23/2023 11:35:00 PM,29.380116
6/23/2023 11:40:00 PM,29.037010
6/23/2023 11:45:00 PM,28.214993
6/23/2023 11:50:00 PM,28.001476
6/23/2023 11:55:00 PM,28.084573
6/24/2023 12:00:00 AM,32.150846
6/24/2023 12:05:00 AM,34.917506
6/24/2023 12:10:00 AM,34.114190
6/24/2023 12:15:00 AM,33.344713
6/24/2023 12:20:00 AM,33.850313
6/24/2023 12:25:00 AM,33.409506
6/24/2023 12:30:00 AM,32.093110
6/24/2023 12:35:00 AM,32.028213
6/24/2023 12:40:00 AM,31.206016
6/24/2023 12:45:00 AM,30.388576
6/24/2023 12:50:00 AM,29.409516
6/24/2023 12:55:00 AM,29.136576
6/24/2023 1:00:00 AM,29.554550
6/24/2023 1:05:00 AM,29.614403
6/24/2023 1:10:00 AM,29.331930
6/24/2023 1:15:00 AM,29.208560
6/24/2023 1:20:00 AM,29.046183
6/24/2023 1:25:00 AM,29.167290
6/24/2023 1:30:00 AM,28.554746
6/24/2023 1:35:00 AM,28.060660
6/24/2023 1:40:00 AM,27.875116
6/24/2023 1:45:00 AM,26.936290
6/24/2023 1:50:00 AM,26.935130
6/24/2023 1:55:00 AM,26.472406
6/24/2023 2:00:00 AM,27.334430
6/24/2023 2:05:00 AM,27.882823
6/24/2023 2:10:00 AM,28.056520
6/24/2023 2:15:00 AM,28.264576
6/24/2023 2:20:00 AM,28.536446
6/24/2023 2:25:00 AM,28.352526
6/24/2023 2:30:00 AM,28.296063
6/24/2023 2:35:00 AM,27.892310
6/24/2023 2:40:00 AM,27.893086
6/24/2023 2:45:00 AM,27.043520
6/24/2023 2:50:00 AM,27.589443
6/24/2023 2:55:00 AM,27.976323
6/24/2023 3:00:00 AM,29.080813
6/24/2023 3:05:00 AM,29.054880
6/24/2023 3:10:00 AM,29.054880
6/24/2023 3:15:00 AM,28.529190
6/24/2023 3:20:00 AM,28.687323
6/24/2023 3:25:00 AM,28.617893
6/24/2023 3:30:00 AM,29.076653
6/24/2023 3:35:00 AM,29.076653
6/24/2023 3:40:00 AM,29.076653
6/24/2023 3:45:00 AM,28.708903
6/24/2023 3:50:00 AM,28.955606
6/24/2023 3:55:00 AM,29.089003
6/24/2023 4:00:00 AM,29.247166
6/24/2023 4:05:00 AM,29.008783
6/24/2023 4:10:00 AM,29.123600
6/24/2023 4:15:00 AM,29.080510
6/24/2023 4:20:00 AM,29.744250
6/24/2023 4:25:00 AM,29.704126
6/24/2023 4:30:00 AM,29.403926
6/24/2023 4:35:00 AM,29.405460
6/24/2023 4:40:00 AM,29.189570
6/24/2023 4:45:00 AM,29.175853
6/24/2023 4:50:00 AM,29.136153
6/24/2023 4:55:00 AM,29.447873
6/24/2023 5:00:00 AM,29.651823
6/24/2023 5:05:00 AM,29.408003
6/24/2023 5:10:00 AM,29.483963
6/24/2023 5:15:00 AM,29.919986
6/24/2023 5:20:00 AM,30.875366
6/24/2023 5:25:00 AM,30.875366
6/24/2023 5:30:00 AM,29.926393
6/24/2023 5:35:00 AM,29.927403
6/24/2023 5:40:00 AM,30.050510
6/24/2023 5:45:00 AM,29.451986
6/24/2023 5:50:00 AM,29.564623
6/24/2023 5:55:00 AM,29.547996
6/24/2023 6:00:00 AM,32.451213
6/24/2023 6:05:00 AM,31.376783
6/24/2023 6:10:00 AM,29.924656
6/24/2023 6:15:00 AM,29.500066
6/24/2023 6:20:00 AM,29.481993
6/24/2023 6:25:00 AM,28.906556
6/24/2023 6:30:00 AM,27.484933
6/24/2023 6:35:00 AM,24.824296
6/24/2023 6:40:00 AM,23.799306
6/24/2023 6:45:00 AM,19.715900
6/24/2023 6:50:00 AM,10.051420
6/24/2023 6:55:00 AM,5.477430
6/24/2023 7:00:00 AM,13.228813
6/24/2023 7:05:00 AM,13.451416
6/24/2023 7:10:00 AM,13.742813
6/24/2023 7:15:00 AM,12.724103
6/24/2023 7:20:00 AM,11.891693
6/24/2023 7:25:00 AM,7.924303
6/24/2023 7:30:00 AM,6.835276
6/24/2023 7:35:00 AM,4.663856
6/24/2023 7:40:00 AM,2.934103
6/24/2023 7:45:00 AM,-1.456360
6/24/2023 7:50:00 AM,-1.975273
6/24/2023 7:55:00 AM,1.008016
6/24/2023 8:00:00 AM,3.916126
6/24/2023 8:05:00 AM,4.870490
6/24/2023 8:10:00 AM,5.215633
6/24/2023 8:15:00 AM,4.878683
6/24/2023 8:20:00 AM,3.453993
6/24/2023 8:25:00 AM,5.013943
6/24/2023 8:30:00 AM,2.332000
6/24/2023 8:35:00 AM,2.131346
6/24/2023 8:40:00 AM,1.781566
6/24/2023 8:45:00 AM,1.100150
6/24/2023 8:50:00 AM,1.514436
6/24/2023 8:55:00 AM,0.827943
6/24/2023 9:00:00 AM,4.617546
6/24/2023 9:05:00 AM,4.683070
6/24/2023 9:10:00 AM,10.162983
6/24/2023 9:15:00 AM,4.859360
6/24/2023 9:20:00 AM,5.369383
6/24/2023 9:25:00 AM,7.410733
6/24/2023 9:30:00 AM,9.352126
6/24/2023 9:35:00 AM,8.907710
6/24/2023 9:40:00 AM,9.012186
6/24/2023 9:45:00 AM,8.003063
6/24/2023 9:50:00 AM,6.435600
6/24/2023 9:55:00 AM,7.156903
6/24/2023 10:00:00 AM,13.494976
6/24/2023 10:05:00 AM,12.876286
6/24/2023 10:10:00 AM,5.268276
6/24/2023 10:15:00 AM,2.167423
6/24/2023 10:20:00 AM,2.364350
6/24/2023 10:25:00 AM,10.037473
6/24/2023 10:30:00 AM,9.572693
6/24/2023 10:35:00 AM,10.968366
6/24/2023 10:40:00 AM,10.119250
6/24/2023 10:45:00 AM,7.715180
6/24/2023 10:50:00 AM,5.301700
6/24/2023 10:55:00 AM,9.603826
6/24/2023 11:00:00 AM,7.595083
6/24/2023 11:05:00 AM,10.089776
6/24/2023 11:10:00 AM,7.733073
6/24/2023 11:15:00 AM,9.597523
6/24/2023 11:20:00 AM,9.818726
6/24/2023 11:25:00 AM,9.750413
6/24/2023 11:30:00 AM,5.560523
6/24/2023 11:35:00 AM,4.522146
6/24/2023 11:40:00 AM,3.086350
6/24/2023 11:45:00 AM,4.696473
6/24/2023 11:50:00 AM,3.056256
6/24/2023 11:55:00 AM,2.990723
6/24/2023 12:00:00 PM,5.401506
6/24/2023 12:05:00 PM,2.480416
6/24/2023 12:10:00 PM,-0.849270
6/24/2023 12:15:00 PM,-0.449860
6/24/2023 12:20:00 PM,3.041980
6/24/2023 12:25:00 PM,3.014723
6/24/2023 12:30:00 PM,2.992280
6/24/2023 12:35:00 PM,6.662766
6/24/2023 12:40:00 PM,4.128196
6/24/2023 12:45:00 PM,5.360133
6/24/2023 12:50:00 PM,5.512926
6/24/2023 12:55:00 PM,3.196686
6/24/2023 1:00:00 PM,4.179553
6/24/2023 1:05:00 PM,4.387346
6/24/2023 1:10:00 PM,2.720156
6/24/2023 1:15:00 PM,1.327333
6/24/2023 1:20:00 PM,-3.206860
6/24/2023 1:25:00 PM,0.062270
6/24/2023 1:30:00 PM,-2.118960
6/24/2023 1:35:00 PM,-0.915803
6/24/2023 1:40:00 PM,0.214703
6/24/2023 1:45:00 PM,-0.895533
6/24/2023 1:50:00 PM,-1.525943
6/24/2023 1:55:00 PM,-2.355860
6/24/2023 2:00:00 PM,-3.712240
6/24/2023 2:05:00 PM,-3.980316
6/24/2023 2:10:00 PM,-4.461220
6/24/2023 2:15:00 PM,-5.113440
6/24/2023 2:20:00 PM,-3.590863
6/24/2023 2:25:00 PM,-3.130110
6/24/2023 2:30:00 PM,-2.146710
6/24/2023 2:35:00 PM,-1.608840
6/24/2023 2:40:00 PM,-0.261023
6/24/2023 2:45:00 PM,2.696446
6/24/2023 2:50:00 PM,4.088123
6/24/2023 2:55:00 PM,1.814576
6/24/2023 3:00:00 PM,-2.217366
6/24/2023 3:05:00 PM,-2.841906
6/24/2023 3:10:00 PM,-0.564536
6/24/2023 3:15:00 PM,-1.997123
6/24/2023 3:20:00 PM,-0.433590
6/24/2023 3:25:00 PM,2.827503
6/24/2023 3:30:00 PM,3.828250
6/24/2023 3:35:00 PM,9.744040
6/24/2023 3:40:00 PM,13.273530
6/24/2023 3:45:00 PM,13.374326
6/24/2023 3:50:00 PM,13.548826
6/24/2023 3:55:00 PM,14.863743
6/24/2023 4:00:00 PM,9.780440
6/24/2023 4:05:00 PM,10.656860
6/24/2023 4:10:00 PM,12.272153
6/24/2023 4:15:00 PM,9.584913
6/24/2023 4:20:00 PM,9.907286
6/24/2023 4:25:00 PM,9.888700
6/24/2023 4:30:00 PM,11.942196
6/24/2023 4:35:00 PM,13.513800
6/24/2023 4:40:00 PM,13.751846
6/24/2023 4:45:00 PM,14.351416
6/24/2023 4:50:00 PM,14.127886
6/24/2023 4:55:00 PM,14.212590
6/24/2023 5:00:00 PM,13.419570
6/24/2023 5:05:00 PM,9.855036
6/24/2023 5:10:00 PM,13.010540
6/24/2023 5:15:00 PM,14.823046
6/24/2023 5:20:00 PM,14.788316
6/24/2023 5:25:00 PM,16.194053
6/24/2023 5:30:00 PM,19.327570
6/24/2023 5:35:00 PM,19.824890
6/24/2023 5:40:00 PM,21.355660
6/24/2023 5:45:00 PM,22.930443
6/24/2023 5:50:00 PM,25.533410
6/24/2023 5:55:00 PM,29.128083
6/24/2023 6:00:00 PM,19.087753
6/24/2023 6:05:00 PM,18.168450
6/24/2023 6:10:00 PM,19.851893
6/24/2023 6:15:00 PM,21.223670
6/24/2023 6:20:00 PM,23.095113
6/24/2023 6:25:00 PM,25.392506
6/24/2023 6:30:00 PM,31.116153
6/24/2023 6:35:00 PM,37.252766
6/24/2023 6:40:00 PM,41.538706
6/24/2023 6:45:00 PM,44.596660
6/24/2023 6:50:00 PM,54.674683
6/24/2023 6:55:00 PM,60.640226
6/24/2023 7:00:00 PM,42.407656
6/24/2023 7:05:00 PM,42.394273
6/24/2023 7:10:00 PM,45.714243
6/24/2023 7:15:00 PM,51.596160
6/24/2023 7:20:00 PM,60.002400
6/24/2023 7:25:00 PM,61.003600
6/24/2023 7:30:00 PM,61.580000
6/24/2023 7:35:00 PM,64.506076
6/24/2023 7:40:00 PM,61.521133
6/24/2023 7:45:00 PM,70.775903
6/24/2023 7:50:00 PM,72.067883
6/24/2023 7:55:00 PM,61.517656
6/24/2023 8:00:00 PM,53.399243
6/24/2023 8:05:00 PM,53.935446
6/24/2023 8:10:00 PM,50.376450
6/24/2023 8:15:00 PM,50.969156
6/24/2023 8:20:00 PM,51.704893
6/24/2023 8:25:00 PM,50.511913
6/24/2023 8:30:00 PM,50.704520
6/24/2023 8:35:00 PM,51.073373
6/24/2023 8:40:00 PM,48.705956
6/24/2023 8:45:00 PM,45.824276
6/24/2023 8:50:00 PM,44.902803
6/24/2023 8:55:00 PM,44.266566
6/24/2023 9:00:00 PM,45.281803
6/24/2023 9:05:00 PM,44.755596
6/24/2023 9:10:00 PM,44.349010
6/24/2023 9:15:00 PM,44.154843
6/24/2023 9:20:00 PM,44.351070
6/24/2023 9:25:00 PM,44.351070
6/24/2023 9:30:00 PM,44.116533
6/24/2023 9:35:00 PM,43.902423
6/24/2023 9:40:00 PM,43.847850
6/24/2023 9:45:00 PM,39.659983
6/24/2023 9:50:00 PM,40.431200
6/24/2023 9:55:00 PM,42.791150
6/24/2023 10:00:00 PM,45.404463
6/24/2023 10:05:00 PM,45.772256
6/24/2023 10:10:00 PM,44.626503
6/24/2023 10:15:00 PM,46.666306
6/24/2023 10:20:00 PM,45.130366
6/24/2023 10:25:00 PM,44.707480
6/24/2023 10:30:00 PM,43.617030
6/24/2023 10:35:00 PM,43.554130
6/24/2023 10:40:00 PM,43.315263
6/24/2023 10:45:00 PM,42.629873
6/24/2023 10:50:00 PM,42.700346
6/24/2023 10:55:00 PM,42.661076
6/24/2023 11:00:00 PM,43.935576
6/24/2023 11:05:00 PM,44.538316
6/24/2023 11:10:00 PM,43.915110
6/24/2023 11:15:00 PM,43.733123
6/24/2023 11:20:00 PM,43.733123
6/24/2023 11:25:00 PM,43.470073
6/24/2023 11:30:00 PM,40.879963
6/24/2023 11:35:00 PM,39.865590
6/24/2023 11:40:00 PM,38.988346
6/24/2023 11:45:00 PM,37.716256
6/24/2023 11:50:00 PM,37.507960
6/24/2023 11:55:00 PM,40.011660
6/25/2023 12:00:00 AM,40.745153
6/25/2023 12:05:00 AM,42.484090
6/25/2023 12:10:00 AM,42.421583
6/25/2023 12:15:00 AM,37.148326
6/25/2023 12:20:00 AM,35.676260
6/25/2023 12:25:00 AM,34.279233
6/25/2023 12:30:00 AM,34.535650
6/25/2023 12:35:00 AM,34.143333
6/25/2023 12:40:00 AM,32.957410
6/25/2023 12:45:00 AM,32.115593
6/25/2023 12:50:00 AM,31.215800
6/25/2023 12:55:00 AM,30.572500
6/25/2023 1:00:00 AM,30.380666
6/25/2023 1:05:00 AM,29.702096
6/25/2023 1:10:00 AM,29.240750
6/25/2023 1:15:00 AM,29.201616
6/25/2023 1:20:00 AM,29.085716
6/25/2023 1:25:00 AM,28.418360
6/25/2023 1:30:00 AM,27.708890
6/25/2023 1:35:00 AM,26.302763
6/25/2023 1:40:00 AM,26.179330
6/25/2023 1:45:00 AM,26.062453
6/25/2023 1:50:00 AM,25.099266
6/25/2023 1:55:00 AM,24.969770
6/25/2023 2:00:00 AM,25.037113
6/25/2023 2:05:00 AM,24.746830
6/25/2023 2:10:00 AM,25.083853
6/25/2023 2:15:00 AM,26.067356
6/25/2023 2:20:00 AM,26.067356
6/25/2023 2:25:00 AM,26.083880
6/25/2023 2:30:00 AM,25.936556
6/25/2023 2:35:00 AM,25.146390
6/25/2023 2:40:00 AM,24.959700
6/25/2023 2:45:00 AM,24.950930
6/25/2023 2:50:00 AM,24.694796
6/25/2023 2:55:00 AM,24.605553
6/25/2023 3:00:00 AM,23.119993
6/25/2023 3:05:00 AM,22.806236
6/25/2023 3:10:00 AM,22.839843
6/25/2023 3:15:00 AM,22.675623
6/25/2023 3:20:00 AM,22.863506
6/25/2023 3:25:00 AM,22.762880
6/25/2023 3:30:00 AM,22.749136
6/25/2023 3:35:00 AM,22.785463
6/25/2023 3:40:00 AM,22.807723
6/25/2023 3:45:00 AM,22.944926
6/25/2023 3:50:00 AM,22.944926
6/25/2023 3:55:00 AM,22.473593
6/25/2023 4:00:00 AM,24.592366
6/25/2023 4:05:00 AM,23.046983
6/25/2023 4:10:00 AM,22.953626
6/25/2023 4:15:00 AM,23.553540
6/25/2023 4:20:00 AM,23.658280
6/25/2023 4:25:00 AM,24.555716
6/25/2023 4:30:00 AM,24.834060
6/25/2023 4:35:00 AM,24.834060
6/25/2023 4:40:00 AM,24.834060
6/25/2023 4:45:00 AM,24.944910
6/25/2023 4:50:00 AM,24.523426
6/25/2023 4:55:00 AM,25.136753
6/25/2023 5:00:00 AM,24.188553
6/25/2023 5:05:00 AM,24.653910
6/25/2023 5:10:00 AM,24.444166
6/25/2023 5:15:00 AM,24.274863
6/25/2023 5:20:00 AM,24.529273
6/25/2023 5:25:00 AM,25.024613
6/25/2023 5:30:00 AM,26.304973
6/25/2023 5:35:00 AM,25.803960
6/25/2023 5:40:00 AM,25.584103
6/25/2023 5:45:00 AM,24.939730
6/25/2023 5:50:00 AM,23.605323
6/25/2023 5:55:00 AM,22.919533
6/25/2023 6:00:00 AM,29.561980
6/25/2023 6:05:00 AM,28.708186
6/25/2023 6:10:00 AM,28.335086
6/25/2023 6:15:00 AM,26.539060
6/25/2023 6:20:00 AM,25.095796
6/25/2023 6:25:00 AM,22.571933
6/25/2023 6:30:00 AM,17.132960
6/25/2023 6:35:00 AM,14.985560
6/25/2023 6:40:00 AM,14.864933
6/25/2023 6:45:00 AM,11.258636
6/25/2023 6:50:00 AM,8.094833
6/25/2023 6:55:00 AM,6.383350
6/25/2023 7:00:00 AM,13.116240
6/25/2023 7:05:00 AM,14.823736
6/25/2023 7:10:00 AM,13.856286
6/25/2023 7:15:00 AM,14.515630
6/25/2023 7:20:00 AM,9.979023
6/25/2023 7:25:00 AM,7.490166
6/25/2023 7:30:00 AM,4.507463
6/25/2023 7:35:00 AM,0.049556
6/25/2023 7:40:00 AM,-5.563486
6/25/2023 7:45:00 AM,-8.231780
6/25/2023 7:50:00 AM,-9.035540
6/25/2023 7:55:00 AM,-7.087596
6/25/2023 8:00:00 AM,-5.120373
6/25/2023 8:05:00 AM,-5.656500
6/25/2023 8:10:00 AM,-6.262693
6/25/2023 8:15:00 AM,-5.282616
6/25/2023 8:20:00 AM,-4.677906
6/25/2023 8:25:00 AM,-4.746253
6/25/2023 8:30:00 AM,-7.734973
6/25/2023 8:35:00 AM,-7.381440
6/25/2023 8:40:00 AM,-6.936360
6/25/2023 8:45:00 AM,-6.858863
6/25/2023 8:50:00 AM,-6.656166
6/25/2023 8:55:00 AM,-7.793753
6/25/2023 9:00:00 AM,-6.031963
6/25/2023 9:05:00 AM,-5.530730
6/25/2023 9:10:00 AM,-6.956696
6/25/2023 9:15:00 AM,-8.135076
6/25/2023 9:20:00 AM,-8.331323
6/25/2023 9:25:00 AM,-9.011150
6/25/2023 9:30:00 AM,-5.524093
6/25/2023 9:35:00 AM,-6.256356
6/25/2023 9:40:00 AM,-6.072203
6/25/2023 9:45:00 AM,-6.330866
6/25/2023 9:50:00 AM,-6.349263
6/25/2023 9:55:00 AM,-2.894176
6/25/2023 10:00:00 AM,-3.556643
6/25/2023 10:05:00 AM,-5.842050
6/25/2023 10:10:00 AM,-5.246563
6/25/2023 10:15:00 AM,-5.997660
6/25/2023 10:20:00 AM,-5.657350
6/25/2023 10:25:00 AM,-4.081213
6/25/2023 10:30:00 AM,-5.246060
6/25/2023 10:35:00 AM,-6.197960
6/25/2023 10:40:00 AM,-4.953116
6/25/2023 10:45:00 AM,-14.022670
6/25/2023 10:50:00 AM,-13.609480
6/25/2023 10:55:00 AM,-8.454823
6/25/2023 11:00:00 AM,-7.849103
6/25/2023 11:05:00 AM,-9.434563
6/25/2023 11:10:00 AM,-8.048466
6/25/2023 11:15:00 AM,-8.922380
6/25/2023 11:20:00 AM,-8.491493
6/25/2023 11:25:00 AM,-2.448576
6/25/2023 11:30:00 AM,-6.076326
6/25/2023 11:35:00 AM,-3.866440
6/25/2023 11:40:00 AM,-4.096903
6/25/2023 11:45:00 AM,-2.310520
6/25/2023 11:50:00 AM,-0.368116
6/25/2023 11:55:00 AM,1.561286
6/25/2023 12:00:00 PM,-11.096840
6/25/2023 12:05:00 PM,-12.304096
6/25/2023 12:10:00 PM,-10.652530
6/25/2023 12:15:00 PM,-12.042946
6/25/2023 12:20:00 PM,-12.333740
6/25/2023 12:25:00 PM,-11.899136
6/25/2023 12:30:00 PM,-11.139423
6/25/2023 12:35:00 PM,-10.794730
6/25/2023 12:40:00 PM,-9.785840
6/25/2023 12:45:00 PM,-8.398480
6/25/2023 12:50:00 PM,-7.857040
6/25/2023 12:55:00 PM,-8.676883
6/25/2023 1:00:00 PM,-6.873513
6/25/2023 1:05:00 PM,-10.475906
6/25/2023 1:10:00 PM,-10.738363
6/25/2023 1:15:00 PM,-12.035010
6/25/2023 1:20:00 PM,-10.308366
6/25/2023 1:25:00 PM,-7.666333
6/25/2023 1:30:00 PM,-9.765293
6/25/2023 1:35:00 PM,-8.738953
6/25/2023 1:40:00 PM,-7.234953
6/25/2023 1:45:00 PM,-7.135576
6/25/2023 1:50:00 PM,-6.307603
6/25/2023 1:55:00 PM,-6.228756
6/25/2023 2:00:00 PM,-6.417336
6/25/2023 2:05:00 PM,-5.921593
6/25/2023 2:10:00 PM,-9.091733
6/25/2023 2:15:00 PM,-9.749043
6/25/2023 2:20:00 PM,-7.024790
6/25/2023 2:25:00 PM,-4.302110
6/25/2023 2:30:00 PM,-4.673596
6/25/2023 2:35:00 PM,-5.906120
6/25/2023 2:40:00 PM,-2.763090
6/25/2023 2:45:00 PM,1.389640
6/25/2023 2:50:00 PM,1.162696
6/25/2023 2:55:00 PM,1.131176
6/25/2023 3:00:00 PM,-2.292560
6/25/2023 3:05:00 PM,-0.549916
6/25/2023 3:10:00 PM,0.412246
6/25/2023 3:15:00 PM,1.297156
6/25/2023 3:20:00 PM,3.726756
6/25/2023 3:25:00 PM,5.204813
6/25/2023 3:30:00 PM,5.174716
6/25/2023 3:35:00 PM,9.625903
6/25/2023 3:40:00 PM,8.799530
6/25/2023 3:45:00 PM,10.370706
6/25/2023 3:50:00 PM,9.474783
6/25/2023 3:55:00 PM,10.081826
6/25/2023 4:00:00 PM,5.391336
6/25/2023 4:05:00 PM,4.867020
6/25/2023 4:10:00 PM,4.098870
6/25/2023 4:15:00 PM,4.791490
6/25/2023 4:20:00 PM,8.201143
6/25/2023 4:25:00 PM,9.952033
6/25/2023 4:30:00 PM,10.571056
6/25/2023 4:35:00 PM,13.094733
6/25/2023 4:40:00 PM,14.025043
6/25/2023 4:45:00 PM,15.091976
6/25/2023 4:50:00 PM,17.128936
6/25/2023 4:55:00 PM,15.429763
6/25/2023 5:00:00 PM,12.379840
6/25/2023 5:05:00 PM,13.211223
6/25/2023 5:10:00 PM,13.557086
6/25/2023 5:15:00 PM,13.478740
6/25/2023 5:20:00 PM,14.238260
6/25/2023 5:25:00 PM,16.213606
6/25/2023 5:30:00 PM,16.326600
6/25/2023 5:35:00 PM,20.855100
6/25/2023 5:40:00 PM,23.720260
6/25/2023 5:45:00 PM,24.171403
6/25/2023 5:50:00 PM,23.194563
6/25/2023 5:55:00 PM,23.162230
6/25/2023 6:00:00 PM,19.807380
6/25/2023 6:05:00 PM,19.958513
6/25/2023 6:10:00 PM,21.615273
6/25/2023 6:15:00 PM,21.752776
6/25/2023 6:20:00 PM,22.890913
6/25/2023 6:25:00 PM,22.221446
6/25/2023 6:30:00 PM,25.510883
6/25/2023 6:35:00 PM,29.647426
6/25/2023 6:40:00 PM,31.523453
6/25/2023 6:45:00 PM,35.346096
6/25/2023 6:50:00 PM,39.965756
6/25/2023 6:55:00 PM,42.829593
6/25/2023 7:00:00 PM,37.269126
6/25/2023 7:05:00 PM,38.204240
6/25/2023 7:10:00 PM,39.295546
6/25/2023 7:15:00 PM,39.388543
6/25/2023 7:20:00 PM,39.845190
6/25/2023 7:25:00 PM,39.845190
6/25/2023 7:30:00 PM,44.611003
6/25/2023 7:35:00 PM,45.864723
6/25/2023 7:40:00 PM,45.699686
6/25/2023 7:45:00 PM,45.655040
6/25/2023 7:50:00 PM,45.655040
6/25/2023 7:55:00 PM,41.994986
6/25/2023 8:00:00 PM,40.122386
6/25/2023 8:05:00 PM,40.122386
6/25/2023 8:10:00 PM,40.122386
6/25/2023 8:15:00 PM,40.142050
6/25/2023 8:20:00 PM,40.267113
6/25/2023 8:25:00 PM,40.513660
6/25/2023 8:30:00 PM,40.542740
6/25/2023 8:35:00 PM,40.326773
6/25/2023 8:40:00 PM,40.078736
6/25/2023 8:45:00 PM,39.905930
6/25/2023 8:50:00 PM,39.966136
6/25/2023 8:55:00 PM,39.905930
6/25/2023 9:00:00 PM,39.905930
6/25/2023 9:05:00 PM,39.905930
6/25/2023 9:10:00 PM,39.815426
6/25/2023 9:15:00 PM,40.127896
6/25/2023 9:20:00 PM,39.614530
6/25/2023 9:25:00 PM,39.423553
6/25/2023 9:30:00 PM,38.832766
6/25/2023 9:35:00 PM,38.819293
6/25/2023 9:40:00 PM,38.278440
6/25/2023 9:45:00 PM,35.851923
6/25/2023 9:50:00 PM,35.851923
6/25/2023 9:55:00 PM,34.849473
6/25/2023 10:00:00 PM,38.907123
6/25/2023 10:05:00 PM,38.828286
6/25/2023 10:10:00 PM,37.797656
6/25/2023 10:15:00 PM,36.173350
6/25/2023 10:20:00 PM,35.545120
6/25/2023 10:25:00 PM,34.035970
6/25/2023 10:30:00 PM,32.935983
6/25/2023 10:35:00 PM,33.586756
6/25/2023 10:40:00 PM,32.092403
6/25/2023 10:45:00 PM,30.655096
6/25/2023 10:50:00 PM,30.913353
6/25/2023 10:55:00 PM,32.154670
6/25/2023 11:00:00 PM,36.364966
6/25/2023 11:05:00 PM,36.847293
6/25/2023 11:10:00 PM,36.847293
6/25/2023 11:15:00 PM,36.810686
6/25/2023 11:20:00 PM,37.604893
6/25/2023 11:25:00 PM,35.554443
6/25/2023 11:30:00 PM,34.149240
6/25/2023 11:35:00 PM,33.412576
6/25/2023 11:40:00 PM,31.635246
6/25/2023 11:45:00 PM,30.189430
6/25/2023 11:50:00 PM,29.890996
6/25/2023 11:55:00 PM,29.146633
6/26/2023 12:00:00 AM,35.855403
6/26/2023 12:05:00 AM,35.828386
6/26/2023 12:10:00 AM,35.826170
6/26/2023 12:15:00 AM,35.103360
6/26/2023 12:20:00 AM,34.978873
6/26/2023 12:25:00 AM,32.242406
6/26/2023 12:30:00 AM,31.992203
6/26/2023 12:35:00 AM,31.143880
6/26/2023 12:40:00 AM,29.745783
6/26/2023 12:45:00 AM,29.521326
6/26/2023 12:50:00 AM,29.324043
6/26/2023 12:55:00 AM,29.316376
6/26/2023 1:00:00 AM,29.703676
6/26/2023 1:05:00 AM,29.243930
6/26/2023 1:10:00 AM,29.137433
6/26/2023 1:15:00 AM,29.052080
6/26/2023 1:20:00 AM,29.052080
6/26/2023 1:25:00 AM,28.992980
6/26/2023 1:30:00 AM,29.024420
6/26/2023 1:35:00 AM,28.299536
6/26/2023 1:40:00 AM,28.225573
6/26/2023 1:45:00 AM,27.868016
6/26/2023 1:50:00 AM,27.022386
6/26/2023 1:55:00 AM,26.454920
6/26/2023 2:00:00 AM,27.971596
6/26/2023 2:05:00 AM,28.018733
6/26/2023 2:10:00 AM,27.963340
6/26/2023 2:15:00 AM,26.010246
6/26/2023 2:20:00 AM,26.343110
6/26/2023 2:25:00 AM,26.370313
6/26/2023 2:30:00 AM,26.241013
6/26/2023 2:35:00 AM,26.291003
6/26/2023 2:40:00 AM,26.242913
6/26/2023 2:45:00 AM,26.259750
6/26/2023 2:50:00 AM,26.029810
6/26/2023 2:55:00 AM,26.259750
6/26/2023 3:00:00 AM,26.518000
6/26/2023 3:05:00 AM,26.225216
6/26/2023 3:10:00 AM,26.211220
6/26/2023 3:15:00 AM,26.203453
6/26/2023 3:20:00 AM,26.289506
6/26/2023 3:25:00 AM,26.457030
6/26/2023 3:30:00 AM,27.161730
6/26/2023 3:35:00 AM,27.161730
6/26/2023 3:40:00 AM,27.172360
6/26/2023 3:45:00 AM,27.183536
6/26/2023 3:50:00 AM,27.182756
6/26/2023 3:55:00 AM,27.160240
6/26/2023 4:00:00 AM,26.442206
6/26/2023 4:05:00 AM,25.789686
6/26/2023 4:10:00 AM,26.296636
6/26/2023 4:15:00 AM,26.023700
6/26/2023 4:20:00 AM,27.140366
6/26/2023 4:25:00 AM,27.140366
6/26/2023 4:30:00 AM,27.169656
6/26/2023 4:35:00 AM,27.120090
6/26/2023 4:40:00 AM,27.973130
6/26/2023 4:45:00 AM,28.853120
6/26/2023 4:50:00 AM,28.985886
6/26/2023 4:55:00 AM,29.907823
6/26/2023 5:00:00 AM,28.002650
6/26/2023 5:05:00 AM,28.302843
6/26/2023 5:10:00 AM,28.302843
6/26/2023 5:15:00 AM,28.349510
6/26/2023 5:20:00 AM,29.248656
6/26/2023 5:25:00 AM,29.256950
6/26/2023 5:30:00 AM,29.314166
6/26/2023 5:35:00 AM,29.693036
6/26/2023 5:40:00 AM,29.238510
6/26/2023 5:45:00 AM,29.189816
6/26/2023 5:50:00 AM,28.907853
6/26/2023 5:55:00 AM,28.161303
6/26/2023 6:00:00 AM,31.260853
6/26/2023 6:05:00 AM,29.656696
6/26/2023 6:10:00 AM,29.563050
6/26/2023 6:15:00 AM,29.065016
6/26/2023 6:20:00 AM,28.747480
6/26/2023 6:25:00 AM,28.539296
6/26/2023 6:30:00 AM,27.960436
6/26/2023 6:35:00 AM,26.311023
6/26/2023 6:40:00 AM,24.123333
6/26/2023 6:45:00 AM,19.943936
6/26/2023 6:50:00 AM,17.146596
6/26/2023 6:55:00 AM,16.594400
6/26/2023 7:00:00 AM,24.276053
6/26/2023 7:05:00 AM,23.772870
6/26/2023 7:10:00 AM,23.346896
6/26/2023 7:15:00 AM,23.534476
6/26/2023 7:20:00 AM,17.941880
6/26/2023 7:25:00 AM,17.465523
6/26/2023 7:30:00 AM,20.808783
6/26/2023 7:35:00 AM,20.583240
6/26/2023 7:40:00 AM,19.860213
6/26/2023 7:45:00 AM,19.194786
6/26/2023 7:50:00 AM,18.579070
6/26/2023 7:55:00 AM,17.665050
6/26/2023 8:00:00 AM,20.839936
6/26/2023 8:05:00 AM,20.559756
6/26/2023 8:10:00 AM,20.213000
6/26/2023 8:15:00 AM,19.211630
6/26/2023 8:20:00 AM,19.452386
6/26/2023 8:25:00 AM,19.278236
6/26/2023 8:30:00 AM,19.025966
6/26/2023 8:35:00 AM,19.181163
6/26/2023 8:40:00 AM,19.406493
6/26/2023 8:45:00 AM,18.960610
6/26/2023 8:50:00 AM,19.272116
6/26/2023 8:55:00 AM,18.164563
6/26/2023 9:00:00 AM,21.171420
6/26/2023 9:05:00 AM,21.079223
6/26/2023 9:10:00 AM,21.203106
6/26/2023 9:15:00 AM,20.718506
6/26/2023 9:20:00 AM,20.840853
6/26/2023 9:25:00 AM,20.867873
6/26/2023 9:30:00 AM,20.177113
6/26/2023 9:35:00 AM,19.766050
6/26/2023 9:40:00 AM,20.032430
6/26/2023 9:45:00 AM,19.472236
6/26/2023 9:50:00 AM,19.773806
6/26/2023 9:55:00 AM,19.619730
6/26/2023 10:00:00 AM,19.230570
6/26/2023 10:05:00 AM,18.348806
6/26/2023 10:10:00 AM,17.300463
6/26/2023 10:15:00 AM,17.255236
6/26/2023 10:20:00 AM,16.864270
6/26/2023 10:25:00 AM,18.074366
6/26/2023 10:30:00 AM,18.546873
6/26/2023 10:35:00 AM,18.513116
6/26/2023 10:40:00 AM,18.788086
6/26/2023 10:45:00 AM,18.505923
6/26/2023 10:50:00 AM,18.252373
6/26/2023 10:55:00 AM,18.292366
6/26/2023 11:00:00 AM,19.926653
6/26/2023 11:05:00 AM,18.453423
6/26/2023 11:10:00 AM,19.263820
6/26/2023 11:15:00 AM,16.101183
6/26/2023 11:20:00 AM,15.156183
6/26/2023 11:25:00 AM,15.684223
6/26/2023 11:30:00 AM,17.451133
6/26/2023 11:35:00 AM,16.150953
6/26/2023 11:40:00 AM,16.389473
6/26/2023 11:45:00 AM,16.284043
6/26/2023 11:50:00 AM,15.727023
6/26/2023 11:55:00 AM,16.039713
6/26/2023 12:00:00 PM,16.985550
6/26/2023 12:05:00 PM,17.520236
6/26/2023 12:10:00 PM,18.368956
6/26/2023 12:15:00 PM,19.695516
6/26/2023 12:20:00 PM,20.416813
6/26/2023 12:25:00 PM,19.702523
6/26/2023 12:30:00 PM,20.809536
6/26/2023 12:35:00 PM,17.763306
6/26/2023 12:40:00 PM,18.655103
6/26/2023 12:45:00 PM,18.840360
6/26/2023 12:50:00 PM,21.513720
6/26/2023 12:55:00 PM,22.593330
6/26/2023 1:00:00 PM,17.890800
6/26/2023 1:05:00 PM,17.255466
6/26/2023 1:10:00 PM,17.732080
6/26/2023 1:15:00 PM,19.424346
6/26/2023 1:20:00 PM,19.132876
6/26/2023 1:25:00 PM,21.377490
6/26/2023 1:30:00 PM,21.271690
6/26/2023 1:35:00 PM,21.212056
6/26/2023 1:40:00 PM,22.616236
6/26/2023 1:45:00 PM,23.571820
6/26/2023 1:50:00 PM,24.074506
6/26/2023 1:55:00 PM,25.581390
6/26/2023 2:00:00 PM,21.592913
6/26/2023 2:05:00 PM,22.516496
6/26/2023 2:10:00 PM,24.109353
6/26/2023 2:15:00 PM,23.441896
6/26/2023 2:20:00 PM,21.636500
6/26/2023 2:25:00 PM,22.504306
6/26/2023 2:30:00 PM,22.504306
6/26/2023 2:35:00 PM,22.504306
6/26/2023 2:40:00 PM,22.504306
6/26/2023 2:45:00 PM,24.047623
6/26/2023 2:50:00 PM,24.045130
6/26/2023 2:55:00 PM,22.126580
6/26/2023 3:00:00 PM,18.972833
6/26/2023 3:05:00 PM,18.478160
6/26/2023 3:10:00 PM,17.336776
6/26/2023 3:15:00 PM,17.336776
6/26/2023 3:20:00 PM,17.336776
6/26/2023 3:25:00 PM,22.675103
6/26/2023 3:30:00 PM,24.143753
6/26/2023 3:35:00 PM,22.247293
6/26/2023 3:40:00 PM,23.445160
6/26/2023 3:45:00 PM,23.778200
6/26/2023 3:50:00 PM,24.926763
6/26/2023 3:55:00 PM,24.356936
6/26/2023 4:00:00 PM,21.577330
6/26/2023 4:05:00 PM,19.074070
6/26/2023 4:10:00 PM,20.688116
6/26/2023 4:15:00 PM,17.185663
6/26/2023 4:20:00 PM,18.772153
6/26/2023 4:25:00 PM,18.295556
6/26/2023 4:30:00 PM,21.493156
6/26/2023 4:35:00 PM,20.863000
6/26/2023 4:40:00 PM,24.444906
6/26/2023 4:45:00 PM,26.714500
6/26/2023 4:50:00 PM,27.087210
6/26/2023 4:55:00 PM,27.087210
6/26/2023 5:00:00 PM,24.700053
6/26/2023 5:05:00 PM,23.743470
6/26/2023 5:10:00 PM,25.039630
6/26/2023 5:15:00 PM,27.573330
6/26/2023 5:20:00 PM,27.573330
6/26/2023 5:25:00 PM,27.622243
6/26/2023 5:30:00 PM,27.582683
6/26/2023 5:35:00 PM,27.904336
6/26/2023 5:40:00 PM,27.821573
6/26/2023 5:45:00 PM,28.057806
6/26/2023 5:50:00 PM,29.730916
6/26/2023 5:55:00 PM,32.906546
6/26/2023 6:00:00 PM,25.451586
6/26/2023 6:05:00 PM,23.932086
6/26/2023 6:10:00 PM,23.932086
6/26/2023 6:15:00 PM,24.144220
6/26/2023 6:20:00 PM,27.384170
6/26/2023 6:25:00 PM,29.335323
6/26/2023 6:30:00 PM,30.427233
6/26/2023 6:35:00 PM,35.341700
6/26/2023 6:40:00 PM,40.128353
6/26/2023 6:45:00 PM,42.553073
6/26/2023 6:50:00 PM,50.367580
6/26/2023 6:55:00 PM,60.513580
6/26/2023 7:00:00 PM,36.347756
6/26/2023 7:05:00 PM,38.233656
6/26/2023 7:10:00 PM,40.714360
6/26/2023 7:15:00 PM,47.198593
6/26/2023 7:20:00 PM,85.076993
6/26/2023 7:25:00 PM,88.539613
6/26/2023 7:30:00 PM,142.061633
6/26/2023 7:35:00 PM,314.240033
6/26/2023 7:40:00 PM,86.671803
6/26/2023 7:45:00 PM,87.586056
6/26/2023 7:50:00 PM,87.908323
6/26/2023 7:55:00 PM,87.943410
6/26/2023 8:00:00 PM,53.200720
6/26/2023 8:05:00 PM,55.151936
6/26/2023 8:10:00 PM,54.229510
6/26/2023 8:15:00 PM,56.034066
6/26/2023 8:20:00 PM,60.091856
6/26/2023 8:25:00 PM,49.632636
6/26/2023 8:30:00 PM,57.332640
6/26/2023 8:35:00 PM,46.610596
6/26/2023 8:40:00 PM,44.493970
6/26/2023 8:45:00 PM,44.120356
6/26/2023 8:50:00 PM,41.141583
6/26/2023 8:55:00 PM,40.995590
6/26/2023 9:00:00 PM,46.566840
6/26/2023 9:05:00 PM,43.961620
6/26/2023 9:10:00 PM,41.489813
6/26/2023 9:15:00 PM,49.081613
6/26/2023 9:20:00 PM,50.315336
6/26/2023 9:25:00 PM,45.355933
6/26/2023 9:30:00 PM,44.146076
6/26/2023 9:35:00 PM,41.054053
6/26/2023 9:40:00 PM,39.946903
6/26/2023 9:45:00 PM,38.480126
6/26/2023 9:50:00 PM,37.794690
6/26/2023 9:55:00 PM,39.234473
6/26/2023 10:00:00 PM,75.416176
6/26/2023 10:05:00 PM,52.993520
6/26/2023 10:10:00 PM,47.244360
6/26/2023 10:15:00 PM,45.624473
6/26/2023 10:20:00 PM,50.436860
6/26/2023 10:25:00 PM,53.914660
6/26/2023 10:30:00 PM,52.564966
6/26/2023 10:35:00 PM,49.524646
6/26/2023 10:40:00 PM,46.329350
6/26/2023 10:45:00 PM,44.625250
6/26/2023 10:50:00 PM,45.204886
6/26/2023 10:55:00 PM,50.841146
6/26/2023 11:00:00 PM,133.188550
6/26/2023 11:05:00 PM,171.589336
6/26/2023 11:10:00 PM,70.925750
6/26/2023 11:15:00 PM,54.588146
6/26/2023 11:20:00 PM,48.833453
6/26/2023 11:25:00 PM,45.116230
6/26/2023 11:30:00 PM,38.393830
6/26/2023 11:35:00 PM,32.071023
6/26/2023 11:40:00 PM,31.996676
6/26/2023 11:45:00 PM,32.143603
6/26/2023 11:50:00 PM,32.143603
6/26/2023 11:55:00 PM,31.777513
6/27/2023 12:00:00 AM,45.388573
6/27/2023 12:05:00 AM,46.162876
6/27/2023 12:10:00 AM,41.711876
6/27/2023 12:15:00 AM,39.510083
6/27/2023 12:20:00 AM,44.981480
6/27/2023 12:25:00 AM,40.661496
6/27/2023 12:30:00 AM,39.998800
6/27/2023 12:35:00 AM,36.040000
6/27/2023 12:40:00 AM,34.425900
6/27/2023 12:45:00 AM,34.425900
6/27/2023 12:50:00 AM,34.425900
6/27/2023 12:55:00 AM,35.784060
6/27/2023 1:00:00 AM,36.040000
6/27/2023 1:05:00 AM,34.859320
6/27/2023 1:10:00 AM,34.962670
6/27/2023 1:15:00 AM,33.126076
6/27/2023 1:20:00 AM,33.430966
6/27/2023 1:25:00 AM,32.038290
6/27/2023 1:30:00 AM,32.067450
6/27/2023 1:35:00 AM,28.756733
6/27/2023 1:40:00 AM,28.316103
6/27/2023 1:45:00 AM,28.319600
6/27/2023 1:50:00 AM,28.173413
6/27/2023 1:55:00 AM,28.663670
6/27/2023 2:00:00 AM,28.877800
6/27/2023 2:05:00 AM,28.748100
6/27/2023 2:10:00 AM,28.748100
6/27/2023 2:15:00 AM,29.087766
6/27/2023 2:20:00 AM,31.744186
6/27/2023 2:25:00 AM,29.822886
6/27/2023 2:30:00 AM,29.570266
6/27/2023 2:35:00 AM,31.329860
6/27/2023 2:40:00 AM,31.769743
6/27/2023 2:45:00 AM,31.460060
6/27/2023 2:50:00 AM,31.683790
6/27/2023 2:55:00 AM,31.693980
6/27/2023 3:00:00 AM,32.700300
6/27/2023 3:05:00 AM,32.700300
6/27/2023 3:10:00 AM,32.700300
6/27/2023 3:15:00 AM,31.855433
6/27/2023 3:20:00 AM,29.790263
6/27/2023 3:25:00 AM,28.968300
6/27/2023 3:30:00 AM,29.016223
6/27/2023 3:35:00 AM,29.016223
6/27/2023 3:40:00 AM,29.791196
6/27/2023 3:45:00 AM,29.398770
6/27/2023 3:50:00 AM,29.440513
6/27/2023 3:55:00 AM,29.367933
6/27/2023 4:00:00 AM,29.184346
6/27/2023 4:05:00 AM,28.925263
6/27/2023 4:10:00 AM,29.172550
6/27/2023 4:15:00 AM,29.109403
6/27/2023 4:20:00 AM,29.856086
6/27/2023 4:25:00 AM,29.861343
6/27/2023 4:30:00 AM,29.900816
6/27/2023 4:35:00 AM,29.900493
6/27/2023 4:40:00 AM,29.869706
6/27/2023 4:45:00 AM,29.932220
6/27/2023 4:50:00 AM,29.930013
6/27/2023 4:55:00 AM,32.732630
6/27/2023 5:00:00 AM,31.099833
6/27/2023 5:05:00 AM,33.037003
6/27/2023 5:10:00 AM,33.037003
6/27/2023 5:15:00 AM,33.174820
6/27/2023 5:20:00 AM,37.620923
6/27/2023 5:25:00 AM,37.283133
6/27/2023 5:30:00 AM,38.073220
6/27/2023 5:35:00 AM,38.042783
6/27/2023 5:40:00 AM,38.660686
6/27/2023 5:45:00 AM,37.279003
6/27/2023 5:50:00 AM,36.678480
6/27/2023 5:55:00 AM,38.182260
6/27/2023 6:00:00 AM,40.772703
6/27/2023 6:05:00 AM,39.681443
6/27/2023 6:10:00 AM,36.739453
6/27/2023 6:15:00 AM,34.298920
6/27/2023 6:20:00 AM,33.864460
6/27/2023 6:25:00 AM,30.000000
6/27/2023 6:30:00 AM,27.628020
6/27/2023 6:35:00 AM,25.037556
6/27/2023 6:40:00 AM,24.788510
6/27/2023 6:45:00 AM,18.508850
6/27/2023 6:50:00 AM,17.722603
6/27/2023 6:55:00 AM,18.444873
6/27/2023 7:00:00 AM,18.850026
6/27/2023 7:05:00 AM,19.540423
6/27/2023 7:10:00 AM,20.659576
6/27/2023 7:15:00 AM,20.078740
6/27/2023 7:20:00 AM,17.823260
6/27/2023 7:25:00 AM,17.696296
6/27/2023 7:30:00 AM,18.982380
6/27/2023 7:35:00 AM,18.730093
6/27/2023 7:40:00 AM,18.134950
6/27/2023 7:45:00 AM,15.281650
6/27/2023 7:50:00 AM,15.004996
6/27/2023 7:55:00 AM,13.557956
6/27/2023 8:00:00 AM,18.667320
6/27/2023 8:05:00 AM,18.657650
6/27/2023 8:10:00 AM,17.072140
6/27/2023 8:15:00 AM,15.057280
6/27/2023 8:20:00 AM,14.841160
6/27/2023 8:25:00 AM,14.292550
6/27/2023 8:30:00 AM,15.280936
6/27/2023 8:35:00 AM,12.435553
6/27/2023 8:40:00 AM,11.404200
6/27/2023 8:45:00 AM,10.969373
6/27/2023 8:50:00 AM,8.748716
6/27/2023 8:55:00 AM,12.699076
6/27/2023 9:00:00 AM,19.113230
6/27/2023 9:05:00 AM,19.887600
6/27/2023 9:10:00 AM,19.060000
6/27/2023 9:15:00 AM,19.032800
6/27/2023 9:20:00 AM,17.726400
6/27/2023 9:25:00 AM,15.787600
6/27/2023 9:30:00 AM,16.008000
6/27/2023 9:35:00 AM,16.095200
6/27/2023 9:40:00 AM,16.067600
6/27/2023 9:45:00 AM,15.847600
6/27/2023 9:50:00 AM,14.566400
6/27/2023 9:55:00 AM,13.410070
6/27/2023 10:00:00 AM,15.329693
6/27/2023 10:05:00 AM,15.891100
6/27/2023 10:10:00 AM,15.134513
6/27/2023 10:15:00 AM,16.885200
6/27/2023 10:20:00 AM,17.538240
6/27/2023 10:25:00 AM,17.998800
6/27/2023 10:30:00 AM,17.996400
6/27/2023 10:35:00 AM,17.998800
6/27/2023 10:40:00 AM,19.085260
6/27/2023 10:45:00 AM,19.081610
6/27/2023 10:50:00 AM,17.451240
6/27/2023 10:55:00 AM,19.037600
6/27/2023 11:00:00 AM,19.998800
6/27/2023 11:05:00 AM,21.250820
6/27/2023 11:10:00 AM,21.154000
6/27/2023 11:15:00 AM,22.000000
6/27/2023 11:20:00 AM,21.979410
6/27/2023 11:25:00 AM,22.040000
6/27/2023 11:30:00 AM,22.080000
6/27/2023 11:35:00 AM,22.080000
6/27/2023 11:40:00 AM,22.080000
6/27/2023 11:45:00 AM,22.100000
6/27/2023 11:50:00 AM,21.997430
6/27/2023 11:55:00 AM,22.100000
6/27/2023 12:00:00 PM,20.904210
6/27/2023 12:05:00 PM,21.265140
6/27/2023 12:10:00 PM,22.080000
6/27/2023 12:15:00 PM,21.792756
6/27/2023 12:20:00 PM,20.992043
6/27/2023 12:25:00 PM,21.574220
6/27/2023 12:30:00 PM,21.463620
6/27/2023 12:35:00 PM,20.663490
6/27/2023 12:40:00 PM,21.271540
6/27/2023 12:45:00 PM,24.388800
6/27/2023 12:50:00 PM,25.060940
6/27/2023 12:55:00 PM,27.620740
6/27/2023 1:00:00 PM,22.295270
6/27/2023 1:05:00 PM,20.992043
6/27/2023 1:10:00 PM,21.568393
6/27/2023 1:15:00 PM,24.994000
6/27/2023 1:20:00 PM,24.996400
6/27/2023 1:25:00 PM,23.672613
6/27/2023 1:30:00 PM,24.334296
6/27/2023 1:35:00 PM,27.262670
6/27/2023 1:40:00 PM,27.622800
6/27/2023 1:45:00 PM,28.024150
6/27/2023 1:50:00 PM,27.262670
6/27/2023 1:55:00 PM,29.203660
6/27/2023 2:00:00 PM,17.984983
6/27/2023 2:05:00 PM,19.662343
6/27/2023 2:10:00 PM,19.950993
6/27/2023 2:15:00 PM,19.629153
6/27/2023 2:20:00 PM,19.914366
6/27/2023 2:25:00 PM,23.421510
6/27/2023 2:30:00 PM,24.888543
6/27/2023 2:35:00 PM,26.790540
6/27/2023 2:40:00 PM,27.072736
6/27/2023 2:45:00 PM,28.233366
6/27/2023 2:50:00 PM,28.151856
6/27/2023 2:55:00 PM,28.095996
6/27/2023 3:00:00 PM,25.955270
6/27/2023 3:05:00 PM,25.098800
6/27/2023 3:10:00 PM,24.078020
6/27/2023 3:15:00 PM,25.319006
6/27/2023 3:20:00 PM,23.804956
6/27/2023 3:25:00 PM,26.133000
6/27/2023 3:30:00 PM,26.337360
6/27/2023 3:35:00 PM,27.196773
6/27/2023 3:40:00 PM,27.103156
6/27/2023 3:45:00 PM,28.494746
6/27/2023 3:50:00 PM,28.937220
6/27/2023 3:55:00 PM,29.534990
6/27/2023 4:00:00 PM,26.037600
6/27/2023 4:05:00 PM,26.070000
6/27/2023 4:10:00 PM,26.753080
6/27/2023 4:15:00 PM,29.417600
6/27/2023 4:20:00 PM,27.478800
6/27/2023 4:25:00 PM,28.120000
6/27/2023 4:30:00 PM,31.078800
6/27/2023 4:35:00 PM,30.347600
6/27/2023 4:40:00 PM,31.938800
6/27/2023 4:45:00 PM,34.256400
6/27/2023 4:50:00 PM,34.758750
6/27/2023 4:55:00 PM,37.811360
6/27/2023 5:00:00 PM,29.648800
6/27/2023 5:05:00 PM,29.155200
6/27/2023 5:10:00 PM,30.958800
6/27/2023 5:15:00 PM,28.227600
6/27/2023 5:20:00 PM,29.310750
6/27/2023 5:25:00 PM,28.936216
6/27/2023 5:30:00 PM,32.188800
6/27/2023 5:35:00 PM,34.696030
6/27/2023 5:40:00 PM,38.296400
6/27/2023 5:45:00 PM,39.996400
6/27/2023 5:50:00 PM,39.996400
6/27/2023 5:55:00 PM,42.198800
6/27/2023 6:00:00 PM,24.994000
6/27/2023 6:05:00 PM,25.340000
6/27/2023 6:10:00 PM,27.720000
6/27/2023 6:15:00 PM,29.995200
6/27/2023 6:20:00 PM,34.670000
6/27/2023 6:25:00 PM,34.057600
6/27/2023 6:30:00 PM,34.057600
6/27/2023 6:35:00 PM,37.577810
6/27/2023 6:40:00 PM,39.825603
6/27/2023 6:45:00 PM,43.745730
6/27/2023 6:50:00 PM,44.092623
6/27/2023 6:55:00 PM,44.523313
6/27/2023 7:00:00 PM,35.072180
6/27/2023 7:05:00 PM,36.390843
6/27/2023 7:10:00 PM,38.934446
6/27/2023 7:15:00 PM,37.821233
6/27/2023 7:20:00 PM,40.982920
6/27/2023 7:25:00 PM,44.059360
6/27/2023 7:30:00 PM,46.029213
6/27/2023 7:35:00 PM,55.736860
6/27/2023 7:40:00 PM,63.491213
6/27/2023 7:45:00 PM,57.770833
6/27/2023 7:50:00 PM,71.315960
6/27/2023 7:55:00 PM,85.225666
6/27/2023 8:00:00 PM,85.096790
6/27/2023 8:05:00 PM,104.663460
6/27/2023 8:10:00 PM,84.695163
6/27/2023 8:15:00 PM,109.324806
6/27/2023 8:20:00 PM,335.458823
6/27/2023 8:25:00 PM,82.492126
6/27/2023 8:30:00 PM,119.205430
6/27/2023 8:35:00 PM,290.455736
6/27/2023 8:40:00 PM,187.044893
6/27/2023 8:45:00 PM,73.937843
6/27/2023 8:50:00 PM,76.033100
6/27/2023 8:55:00 PM,66.157223
6/27/2023 9:00:00 PM,65.021506
6/27/2023 9:05:00 PM,55.711850
6/27/2023 9:10:00 PM,49.556406
6/27/2023 9:15:00 PM,48.631523
6/27/2023 9:20:00 PM,45.619130
6/27/2023 9:25:00 PM,45.241430
6/27/2023 9:30:00 PM,45.122883
6/27/2023 9:35:00 PM,43.183686
6/27/2023 9:40:00 PM,40.470930
6/27/2023 9:45:00 PM,38.289260
6/27/2023 9:50:00 PM,38.159810
6/27/2023 9:55:00 PM,36.702030
6/27/2023 10:00:00 PM,40.991143
6/27/2023 10:05:00 PM,40.362720
6/27/2023 10:10:00 PM,40.360676
6/27/2023 10:15:00 PM,40.960000
6/27/2023 10:20:00 PM,40.001200
6/27/2023 10:25:00 PM,35.849640
6/27/2023 10:30:00 PM,35.315243
6/27/2023 10:35:00 PM,34.978580
6/27/2023 10:40:00 PM,34.757353
6/27/2023 10:45:00 PM,34.544713
6/27/2023 10:50:00 PM,34.907000
6/27/2023 10:55:00 PM,36.962656
6/27/2023 11:00:00 PM,40.746180
6/27/2023 11:05:00 PM,45.617600
6/27/2023 11:10:00 PM,42.560000
6/27/2023 11:15:00 PM,42.470000
6/27/2023 11:20:00 PM,40.650000
6/27/2023 11:25:00 PM,38.180000
6/27/2023 11:30:00 PM,36.095233
6/27/2023 11:35:00 PM,34.859640
6/27/2023 11:40:00 PM,35.056256
6/27/2023 11:45:00 PM,35.559416
6/27/2023 11:50:00 PM,35.387826
6/27/2023 11:55:00 PM,37.106000
6/28/2023 12:00:00 AM,39.890000
6/28/2023 12:05:00 AM,39.880000
6/28/2023 12:10:00 AM,39.890000
6/28/2023 12:15:00 AM,39.890000
6/28/2023 12:20:00 AM,39.880000
6/28/2023 12:25:00 AM,39.570000
6/28/2023 12:30:00 AM,37.813116
6/28/2023 12:35:00 AM,35.915510
6/28/2023 12:40:00 AM,34.748833
6/28/2023 12:45:00 AM,34.193376
6/28/2023 12:50:00 AM,33.701453
6/28/2023 12:55:00 AM,34.656116
6/28/2023 1:00:00 AM,36.303350
6/28/2023 1:05:00 AM,35.755263
6/28/2023 1:10:00 AM,36.023576
6/28/2023 1:15:00 AM,35.644396
6/28/2023 1:20:00 AM,36.012626
6/28/2023 1:25:00 AM,35.115053
6/28/2023 1:30:00 AM,34.794070
6/28/2023 1:35:00 AM,34.684830
6/28/2023 1:40:00 AM,34.439816
6/28/2023 1:45:00 AM,33.399660
6/28/2023 1:50:00 AM,33.035653
6/28/2023 1:55:00 AM,33.464636
6/28/2023 2:00:00 AM,32.950346
6/28/2023 2:05:00 AM,32.950346
6/28/2023 2:10:00 AM,32.504470
6/28/2023 2:15:00 AM,32.597666
6/28/2023 2:20:00 AM,33.525666
6/28/2023 2:25:00 AM,34.232456
6/28/2023 2:30:00 AM,32.652000
6/28/2023 2:35:00 AM,31.866080
6/28/2023 2:40:00 AM,31.611066
6/28/2023 2:45:00 AM,30.262910
6/28/2023 2:50:00 AM,30.262910
6/28/2023 2:55:00 AM,30.260890
6/28/2023 3:00:00 AM,30.342243
6/28/2023 3:05:00 AM,30.342243
6/28/2023 3:10:00 AM,30.468270
6/28/2023 3:15:00 AM,30.335076
6/28/2023 3:20:00 AM,30.446563
6/28/2023 3:25:00 AM,30.335076
6/28/2023 3:30:00 AM,30.236160
6/28/2023 3:35:00 AM,30.236160
6/28/2023 3:40:00 AM,30.236160
6/28/2023 3:45:00 AM,30.283793
6/28/2023 3:50:00 AM,30.283793
6/28/2023 3:55:00 AM,30.280083
6/28/2023 4:00:00 AM,29.913893
6/28/2023 4:05:00 AM,29.467423
6/28/2023 4:10:00 AM,29.467423
6/28/2023 4:15:00 AM,30.052876
6/28/2023 4:20:00 AM,31.497743
6/28/2023 4:25:00 AM,30.319903
6/28/2023 4:30:00 AM,30.482156
6/28/2023 4:35:00 AM,32.193483
6/28/2023 4:40:00 AM,32.370970
6/28/2023 4:45:00 AM,33.399016
6/28/2023 4:50:00 AM,33.694620
6/28/2023 4:55:00 AM,34.336466
6/28/2023 5:00:00 AM,30.000000
6/28/2023 5:05:00 AM,31.157600
6/28/2023 5:10:00 AM,32.723850
6/28/2023 5:15:00 AM,34.324190
6/28/2023 5:20:00 AM,35.261140
6/28/2023 5:25:00 AM,35.120000
6/28/2023 5:30:00 AM,34.998800
6/28/2023 5:35:00 AM,34.880000
6/28/2023 5:40:00 AM,35.047600
6/28/2023 5:45:00 AM,35.260093
6/28/2023 5:50:00 AM,34.439556
6/28/2023 5:55:00 AM,35.260093
6/28/2023 6:00:00 AM,41.314746
6/28/2023 6:05:00 AM,40.518633
6/28/2023 6:10:00 AM,39.567976
6/28/2023 6:15:00 AM,35.963283
6/28/2023 6:20:00 AM,37.966576
6/28/2023 6:25:00 AM,35.846150
6/28/2023 6:30:00 AM,31.561810
6/28/2023 6:35:00 AM,28.983626
6/28/2023 6:40:00 AM,28.947963
6/28/2023 6:45:00 AM,25.351303
6/28/2023 6:50:00 AM,24.872036
6/28/2023 6:55:00 AM,26.738976
6/28/2023 7:00:00 AM,28.296526
6/28/2023 7:05:00 AM,27.590996
6/28/2023 7:10:00 AM,27.680600
6/28/2023 7:15:00 AM,25.801890
6/28/2023 7:20:00 AM,26.696316
6/28/2023 7:25:00 AM,26.675213
6/28/2023 7:30:00 AM,25.569193
6/28/2023 7:35:00 AM,26.438626
6/28/2023 7:40:00 AM,24.359303
6/28/2023 7:45:00 AM,21.151706
6/28/2023 7:50:00 AM,18.523010
6/28/2023 7:55:00 AM,18.321233
6/28/2023 8:00:00 AM,27.539370
6/28/2023 8:05:00 AM,29.635526
6/28/2023 8:10:00 AM,29.253996
6/28/2023 8:15:00 AM,24.777136
6/28/2023 8:20:00 AM,25.250316
6/28/2023 8:25:00 AM,24.518623
6/28/2023 8:30:00 AM,24.188680
6/28/2023 8:35:00 AM,24.048393
6/28/2023 8:40:00 AM,23.939706
6/28/2023 8:45:00 AM,23.450206
6/28/2023 8:50:00 AM,22.857806
6/28/2023 8:55:00 AM,22.126276
6/28/2023 9:00:00 AM,25.803846
6/28/2023 9:05:00 AM,25.937766
6/28/2023 9:10:00 AM,25.736880
6/28/2023 9:15:00 AM,26.115746
6/28/2023 9:20:00 AM,24.670556
6/28/2023 9:25:00 AM,24.624360
6/28/2023 9:30:00 AM,25.764786
6/28/2023 9:35:00 AM,25.561290
6/28/2023 9:40:00 AM,24.987876
6/28/2023 9:45:00 AM,24.807096
6/28/2023 9:50:00 AM,25.466210
6/28/2023 9:55:00 AM,23.918683
6/28/2023 10:00:00 AM,23.828456
6/28/2023 10:05:00 AM,23.731396
6/28/2023 10:10:00 AM,23.453723
6/28/2023 10:15:00 AM,22.990853
6/28/2023 10:20:00 AM,22.297503
6/28/2023 10:25:00 AM,22.380983
6/28/2023 10:30:00 AM,24.326040
6/28/2023 10:35:00 AM,24.668186
6/28/2023 10:40:00 AM,25.343406
6/28/2023 10:45:00 AM,25.166073
6/28/2023 10:50:00 AM,25.291346
6/28/2023 10:55:00 AM,25.408746
6/28/2023 11:00:00 AM,25.646266
6/28/2023 11:05:00 AM,25.261373
6/28/2023 11:10:00 AM,25.265123
6/28/2023 11:15:00 AM,25.403870
6/28/2023 11:20:00 AM,24.687370
6/28/2023 11:25:00 AM,24.801223
6/28/2023 11:30:00 AM,25.774230
6/28/2023 11:35:00 AM,25.833530
6/28/2023 11:40:00 AM,25.833530
6/28/2023 11:45:00 AM,25.966023
6/28/2023 11:50:00 AM,26.018663
6/28/2023 11:55:00 AM,26.028590
6/28/2023 12:00:00 PM,25.674486
6/28/2023 12:05:00 PM,25.717216
6/28/2023 12:10:00 PM,25.836743
6/28/2023 12:15:00 PM,24.351070
6/28/2023 12:20:00 PM,24.282490
6/28/2023 12:25:00 PM,23.918496
6/28/2023 12:30:00 PM,25.457906
6/28/2023 12:35:00 PM,22.926826
6/28/2023 12:40:00 PM,23.243460
6/28/2023 12:45:00 PM,25.896186
6/28/2023 12:50:00 PM,26.262346
6/28/2023 12:55:00 PM,26.754790
6/28/2023 1:00:00 PM,23.817483
6/28/2023 1:05:00 PM,23.294440
6/28/2023 1:10:00 PM,23.609916
6/28/2023 1:15:00 PM,22.987443
6/28/2023 1:20:00 PM,23.857130
6/28/2023 1:25:00 PM,23.145310
6/28/2023 1:30:00 PM,26.930336
6/28/2023 1:35:00 PM,25.343856
6/28/2023 1:40:00 PM,24.961576
6/28/2023 1:45:00 PM,24.077000
6/28/2023 1:50:00 PM,23.267370
6/28/2023 1:55:00 PM,22.546030
6/28/2023 2:00:00 PM,19.321283
6/28/2023 2:05:00 PM,20.956656
6/28/2023 2:10:00 PM,20.568936
6/28/2023 2:15:00 PM,21.235630
6/28/2023 2:20:00 PM,20.790546
6/28/2023 2:25:00 PM,20.858106
6/28/2023 2:30:00 PM,21.641310
6/28/2023 2:35:00 PM,21.987283
6/28/2023 2:40:00 PM,22.129283
6/28/2023 2:45:00 PM,21.887596
6/28/2023 2:50:00 PM,22.195143
6/28/2023 2:55:00 PM,24.507443
6/28/2023 3:00:00 PM,21.278286
6/28/2023 3:05:00 PM,22.243706
6/28/2023 3:10:00 PM,21.228213
6/28/2023 3:15:00 PM,21.583173
6/28/2023 3:20:00 PM,22.456263
6/28/2023 3:25:00 PM,22.712756
6/28/2023 3:30:00 PM,22.825213
6/28/2023 3:35:00 PM,21.096040
6/28/2023 3:40:00 PM,20.222920
6/28/2023 3:45:00 PM,19.972546
6/28/2023 3:50:00 PM,20.860076
6/28/2023 3:55:00 PM,20.702706
6/28/2023 4:00:00 PM,20.821476
6/28/2023 4:05:00 PM,20.884970
6/28/2023 4:10:00 PM,19.259806
6/28/2023 4:15:00 PM,20.356656
6/28/2023 4:20:00 PM,21.281960
6/28/2023 4:25:00 PM,21.004800
6/28/2023 4:30:00 PM,24.432836
6/28/2023 4:35:00 PM,24.952626
6/28/2023 4:40:00 PM,26.197683
6/28/2023 4:45:00 PM,26.868830
6/28/2023 4:50:00 PM,27.359463
6/28/2023 4:55:00 PM,27.969760
6/28/2023 5:00:00 PM,20.783010
6/28/2023 5:05:00 PM,20.796750
6/28/2023 5:10:00 PM,20.154590
6/28/2023 5:15:00 PM,20.451256
6/28/2023 5:20:00 PM,24.847563
6/28/2023 5:25:00 PM,26.197410
6/28/2023 5:30:00 PM,25.984836
6/28/2023 5:35:00 PM,28.404946
6/28/2023 5:40:00 PM,28.295743
6/28/2023 5:45:00 PM,28.675426
6/28/2023 5:50:00 PM,29.748793
6/28/2023 5:55:00 PM,30.544980
6/28/2023 6:00:00 PM,25.524673
6/28/2023 6:05:00 PM,26.624240
6/28/2023 6:10:00 PM,26.624240
6/28/2023 6:15:00 PM,30.011550
6/28/2023 6:20:00 PM,30.927930
6/28/2023 6:25:00 PM,34.860250
6/28/2023 6:30:00 PM,39.838800
6/28/2023 6:35:00 PM,44.510000
6/28/2023 6:40:00 PM,44.660000
6/28/2023 6:45:00 PM,46.350000
6/28/2023 6:50:00 PM,50.810000
6/28/2023 6:55:00 PM,62.510000
6/28/2023 7:00:00 PM,37.424476
6/28/2023 7:05:00 PM,41.254843
6/28/2023 7:10:00 PM,43.781520
6/28/2023 7:15:00 PM,44.036586
6/28/2023 7:20:00 PM,49.806100
6/28/2023 7:25:00 PM,49.806100
6/28/2023 7:30:00 PM,69.539850
6/28/2023 7:35:00 PM,75.037950
6/28/2023 7:40:00 PM,69.429113
6/28/2023 7:45:00 PM,64.316186
6/28/2023 7:50:00 PM,64.838073
6/28/2023 7:55:00 PM,67.556370
6/28/2023 8:00:00 PM,72.383716
6/28/2023 8:05:00 PM,75.881170
6/28/2023 8:10:00 PM,64.162603
6/28/2023 8:15:00 PM,64.403580
6/28/2023 8:20:00 PM,67.340240
6/28/2023 8:25:00 PM,63.032963
6/28/2023 8:30:00 PM,64.051403
6/28/2023 8:35:00 PM,63.655273
6/28/2023 8:40:00 PM,56.608656
6/28/2023 8:45:00 PM,50.335540
6/28/2023 8:50:00 PM,49.830516
6/28/2023 8:55:00 PM,49.775213
6/28/2023 9:00:00 PM,58.271806
6/28/2023 9:05:00 PM,59.762453
6/28/2023 9:10:00 PM,49.710233
6/28/2023 9:15:00 PM,44.117833
6/28/2023 9:20:00 PM,44.117833
6/28/2023 9:25:00 PM,43.852350
6/28/2023 9:30:00 PM,42.253236
6/28/2023 9:35:00 PM,40.892383
6/28/2023 9:40:00 PM,36.609780
6/28/2023 9:45:00 PM,36.075443
6/28/2023 9:50:00 PM,36.817706
6/28/2023 9:55:00 PM,36.419350
6/28/2023 10:00:00 PM,41.544326
6/28/2023 10:05:00 PM,43.707076
6/28/2023 10:10:00 PM,43.293693
6/28/2023 10:15:00 PM,43.406273
6/28/2023 10:20:00 PM,42.539843
6/28/2023 10:25:00 PM,40.094940
6/28/2023 10:30:00 PM,39.705090
6/28/2023 10:35:00 PM,39.148106
6/28/2023 10:40:00 PM,36.290776
6/28/2023 10:45:00 PM,34.076560
6/28/2023 10:50:00 PM,34.998536
6/28/2023 10:55:00 PM,34.107466
6/28/2023 11:00:00 PM,43.735580
6/28/2023 11:05:00 PM,39.951066
6/28/2023 11:10:00 PM,43.224946
6/28/2023 11:15:00 PM,40.303356
6/28/2023 11:20:00 PM,37.290750
6/28/2023 11:25:00 PM,34.988050
6/28/2023 11:30:00 PM,33.490896
6/28/2023 11:35:00 PM,33.403770
6/28/2023 11:40:00 PM,32.096946
6/28/2023 11:45:00 PM,30.684490
6/28/2023 11:50:00 PM,29.512026
6/28/2023 11:55:00 PM,28.776400
6/29/2023 12:00:00 AM,42.164693
6/29/2023 12:05:00 AM,39.861616
6/29/2023 12:10:00 AM,39.416833
6/29/2023 12:15:00 AM,36.655630
6/29/2023 12:20:00 AM,36.320813
6/29/2023 12:25:00 AM,35.574716
6/29/2023 12:30:00 AM,34.605996
6/29/2023 12:35:00 AM,33.623906
6/29/2023 12:40:00 AM,31.876846
6/29/2023 12:45:00 AM,31.990390
6/29/2023 12:50:00 AM,31.336610
6/29/2023 12:55:00 AM,31.660673
6/29/2023 1:00:00 AM,37.666943
6/29/2023 1:05:00 AM,36.469350
6/29/2023 1:10:00 AM,34.720350
6/29/2023 1:15:00 AM,34.126350
6/29/2023 1:20:00 AM,33.703776
6/29/2023 1:25:00 AM,32.685696
6/29/2023 1:30:00 AM,31.892910
6/29/2023 1:35:00 AM,31.806383
6/29/2023 1:40:00 AM,31.196606
6/29/2023 1:45:00 AM,30.990730
6/29/2023 1:50:00 AM,30.973096
6/29/2023 1:55:00 AM,30.973096
6/29/2023 2:00:00 AM,36.090463
6/29/2023 2:05:00 AM,34.901940
6/29/2023 2:10:00 AM,34.843170
6/29/2023 2:15:00 AM,34.477203
6/29/2023 2:20:00 AM,34.225503
6/29/2023 2:25:00 AM,34.225503
6/29/2023 2:30:00 AM,32.655516
6/29/2023 2:35:00 AM,32.153253
6/29/2023 2:40:00 AM,32.153253
6/29/2023 2:45:00 AM,32.593213
6/29/2023 2:50:00 AM,32.593213
6/29/2023 2:55:00 AM,33.990740
6/29/2023 3:00:00 AM,30.936076
6/29/2023 3:05:00 AM,31.921916
6/29/2023 3:10:00 AM,32.110560
6/29/2023 3:15:00 AM,32.035586
6/29/2023 3:20:00 AM,32.035586
6/29/2023 3:25:00 AM,32.035586
6/29/2023 3:30:00 AM,32.029160
6/29/2023 3:35:00 AM,32.344643
6/29/2023 3:40:00 AM,32.029160
6/29/2023 3:45:00 AM,32.116563
6/29/2023 3:50:00 AM,32.116563
6/29/2023 3:55:00 AM,32.116563
6/29/2023 4:00:00 AM,31.550193
6/29/2023 4:05:00 AM,31.458406
6/29/2023 4:10:00 AM,31.678446
6/29/2023 4:15:00 AM,31.900710
6/29/2023 4:20:00 AM,31.793226
6/29/2023 4:25:00 AM,31.793226
6/29/2023 4:30:00 AM,32.077853
6/29/2023 4:35:00 AM,32.077853
6/29/2023 4:40:00 AM,32.077853
6/29/2023 4:45:00 AM,33.128886
6/29/2023 4:50:00 AM,33.583450
6/29/2023 4:55:00 AM,33.469363
6/29/2023 5:00:00 AM,30.270000
6/29/2023 5:05:00 AM,30.000000
6/29/2023 5:10:00 AM,30.220000
6/29/2023 5:15:00 AM,30.731200
6/29/2023 5:20:00 AM,31.610000
6/29/2023 5:25:00 AM,31.986060
6/29/2023 5:30:00 AM,31.986060
6/29/2023 5:35:00 AM,32.598800
6/29/2023 5:40:00 AM,34.547600
6/29/2023 5:45:00 AM,35.047600
6/29/2023 5:50:00 AM,35.008000
6/29/2023 5:55:00 AM,33.640000
6/29/2023 6:00:00 AM,36.318730
6/29/2023 6:05:00 AM,36.398016
6/29/2023 6:10:00 AM,35.800020
6/29/2023 6:15:00 AM,35.019666
6/29/2023 6:20:00 AM,34.509230
6/29/2023 6:25:00 AM,32.968333
6/29/2023 6:30:00 AM,29.574143
6/29/2023 6:35:00 AM,28.645856
6/29/2023 6:40:00 AM,27.792266
6/29/2023 6:45:00 AM,26.296596
6/29/2023 6:50:00 AM,25.712530
6/29/2023 6:55:00 AM,25.096153
6/29/2023 7:00:00 AM,31.569160
6/29/2023 7:05:00 AM,31.791663
6/29/2023 7:10:00 AM,31.424996
6/29/2023 7:15:00 AM,28.510913
6/29/2023 7:20:00 AM,25.393890
6/29/2023 7:25:00 AM,23.282576
6/29/2023 7:30:00 AM,22.853483
6/29/2023 7:35:00 AM,20.244280
6/29/2023 7:40:00 AM,19.676066
6/29/2023 7:45:00 AM,18.986856
6/29/2023 7:50:00 AM,17.236013
6/29/2023 7:55:00 AM,15.398280
6/29/2023 8:00:00 AM,29.642916
6/29/2023 8:05:00 AM,27.225360
6/29/2023 8:10:00 AM,27.966980
6/29/2023 8:15:00 AM,23.122540
6/29/2023 8:20:00 AM,21.872043
6/29/2023 8:25:00 AM,21.804480
6/29/2023 8:30:00 AM,20.554413
6/29/2023 8:35:00 AM,20.436326
6/29/2023 8:40:00 AM,20.468316
6/29/2023 8:45:00 AM,20.628250
6/29/2023 8:50:00 AM,20.728383
6/29/2023 8:55:00 AM,19.497026
6/29/2023 9:00:00 AM,23.467916
6/29/2023 9:05:00 AM,23.214403
6/29/2023 9:10:00 AM,23.094526
6/29/2023 9:15:00 AM,21.601756
6/29/2023 9:20:00 AM,21.875513
6/29/2023 9:25:00 AM,22.146073
6/29/2023 9:30:00 AM,22.557213
6/29/2023 9:35:00 AM,22.112286
6/29/2023 9:40:00 AM,21.637693
6/29/2023 9:45:00 AM,21.716956
6/29/2023 9:50:00 AM,21.328913
6/29/2023 9:55:00 AM,21.182713
6/29/2023 10:00:00 AM,21.189286
6/29/2023 10:05:00 AM,20.994693
6/29/2023 10:10:00 AM,21.510496
6/29/2023 10:15:00 AM,21.000760
6/29/2023 10:20:00 AM,20.516410
6/29/2023 10:25:00 AM,20.337966
6/29/2023 10:30:00 AM,20.778336
6/29/2023 10:35:00 AM,20.585586
6/29/2023 10:40:00 AM,20.569020
6/29/2023 10:45:00 AM,20.338420
6/29/2023 10:50:00 AM,20.351240
6/29/2023 10:55:00 AM,20.644260
6/29/2023 11:00:00 AM,21.248856
6/29/2023 11:05:00 AM,21.088623
6/29/2023 11:10:00 AM,20.078943
6/29/2023 11:15:00 AM,20.317246
6/29/2023 11:20:00 AM,19.532073
6/29/2023 11:25:00 AM,20.553403
6/29/2023 11:30:00 AM,20.391713
6/29/2023 11:35:00 AM,21.029023
6/29/2023 11:40:00 AM,20.847030
6/29/2023 11:45:00 AM,21.383560
6/29/2023 11:50:00 AM,21.345350
6/29/2023 11:55:00 AM,21.763040
6/29/2023 12:00:00 PM,21.529340
6/29/2023 12:05:00 PM,21.770650
6/29/2023 12:10:00 PM,22.140023
6/29/2023 12:15:00 PM,22.346276
6/29/2023 12:20:00 PM,22.209390
6/29/2023 12:25:00 PM,22.151826
6/29/2023 12:30:00 PM,22.449053
6/29/2023 12:35:00 PM,22.655360
6/29/2023 12:40:00 PM,23.014330
6/29/2023 12:45:00 PM,23.218383
6/29/2023 12:50:00 PM,23.014236
6/29/2023 12:55:00 PM,23.729940
6/29/2023 1:00:00 PM,26.130146
6/29/2023 1:05:00 PM,26.512580
6/29/2023 1:10:00 PM,26.940100
6/29/2023 1:15:00 PM,26.646513
6/29/2023 1:20:00 PM,25.939990
6/29/2023 1:25:00 PM,25.533406
6/29/2023 1:30:00 PM,27.021380
6/29/2023 1:35:00 PM,27.249246
6/29/2023 1:40:00 PM,28.166710
6/29/2023 1:45:00 PM,29.494063
6/29/2023 1:50:00 PM,29.834746
6/29/2023 1:55:00 PM,30.380370
6/29/2023 2:00:00 PM,30.376626
6/29/2023 2:05:00 PM,29.156670
6/29/2023 2:10:00 PM,29.412030
6/29/2023 2:15:00 PM,28.361830
6/29/2023 2:20:00 PM,28.084983
6/29/2023 2:25:00 PM,26.835140
6/29/2023 2:30:00 PM,29.117370
6/29/2023 2:35:00 PM,28.916563
6/29/2023 2:40:00 PM,26.616293
6/29/2023 2:45:00 PM,26.919430
6/29/2023 2:50:00 PM,27.414116
6/29/2023 2:55:00 PM,28.774390
6/29/2023 3:00:00 PM,26.556036
6/29/2023 3:05:00 PM,27.409463
6/29/2023 3:10:00 PM,27.879716
6/29/2023 3:15:00 PM,28.535403
6/29/2023 3:20:00 PM,30.337313
6/29/2023 3:25:00 PM,30.979913
6/29/2023 3:30:00 PM,32.242770
6/29/2023 3:35:00 PM,30.237776
6/29/2023 3:40:00 PM,30.998870
6/29/2023 3:45:00 PM,28.784473
6/29/2023 3:50:00 PM,29.622836
6/29/2023 3:55:00 PM,30.671163
6/29/2023 4:00:00 PM,27.746586
6/29/2023 4:05:00 PM,26.569436
6/29/2023 4:10:00 PM,26.259446
6/29/2023 4:15:00 PM,27.214450
6/29/2023 4:20:00 PM,30.998946
6/29/2023 4:25:00 PM,27.136150
6/29/2023 4:30:00 PM,30.780183
6/29/2023 4:35:00 PM,34.817653
6/29/2023 4:40:00 PM,35.093526
6/29/2023 4:45:00 PM,35.910070
6/29/2023 4:50:00 PM,36.239446
6/29/2023 4:55:00 PM,35.275636
6/29/2023 5:00:00 PM,34.717990
6/29/2023 5:05:00 PM,34.082236
6/29/2023 5:10:00 PM,32.179773
6/29/2023 5:15:00 PM,34.066490
6/29/2023 5:20:00 PM,30.145336
6/29/2023 5:25:00 PM,32.084700
6/29/2023 5:30:00 PM,33.093606
6/29/2023 5:35:00 PM,34.441916
6/29/2023 5:40:00 PM,38.275723
6/29/2023 5:45:00 PM,41.261640
6/29/2023 5:50:00 PM,42.788293
6/29/2023 5:55:00 PM,47.387213
6/29/2023 6:00:00 PM,32.600073
6/29/2023 6:05:00 PM,32.688936
6/29/2023 6:10:00 PM,35.452396
6/29/2023 6:15:00 PM,37.415980
6/29/2023 6:20:00 PM,49.230000
6/29/2023 6:25:00 PM,50.564753
6/29/2023 6:30:00 PM,52.206306
6/29/2023 6:35:00 PM,56.421330
6/29/2023 6:40:00 PM,65.711906
6/29/2023 6:45:00 PM,63.705200
6/29/2023 6:50:00 PM,68.975253
6/29/2023 6:55:00 PM,71.398906
6/29/2023 7:00:00 PM,51.420610
6/29/2023 7:05:00 PM,51.373086
6/29/2023 7:10:00 PM,51.341113
6/29/2023 7:15:00 PM,51.902210
6/29/2023 7:20:00 PM,59.791816
6/29/2023 7:25:00 PM,63.668820
6/29/2023 7:30:00 PM,70.321190
6/29/2023 7:35:00 PM,72.028450
6/29/2023 7:40:00 PM,71.912516
6/29/2023 7:45:00 PM,67.089160
6/29/2023 7:50:00 PM,67.498163
6/29/2023 7:55:00 PM,72.191240
6/29/2023 8:00:00 PM,62.610536
6/29/2023 8:05:00 PM,62.929183
6/29/2023 8:10:00 PM,57.521730
6/29/2023 8:15:00 PM,57.115600
6/29/2023 8:20:00 PM,55.668183
6/29/2023 8:25:00 PM,52.291133
6/29/2023 8:30:00 PM,52.570953
6/29/2023 8:35:00 PM,52.570953
6/29/2023 8:40:00 PM,52.406376
6/29/2023 8:45:00 PM,49.117343
6/29/2023 8:50:00 PM,47.817770
6/29/2023 8:55:00 PM,47.804933
6/29/2023 9:00:00 PM,47.240463
6/29/2023 9:05:00 PM,46.998913
6/29/2023 9:10:00 PM,47.240463
6/29/2023 9:15:00 PM,47.243740
6/29/2023 9:20:00 PM,47.243740
6/29/2023 9:25:00 PM,45.226593
6/29/2023 9:30:00 PM,44.674796
6/29/2023 9:35:00 PM,44.546433
6/29/2023 9:40:00 PM,42.897320
6/29/2023 9:45:00 PM,39.823200
6/29/2023 9:50:00 PM,39.239350
6/29/2023 9:55:00 PM,39.052720
6/29/2023 10:00:00 PM,52.665686
6/29/2023 10:05:00 PM,52.859110
6/29/2023 10:10:00 PM,51.753090
6/29/2023 10:15:00 PM,48.087760
6/29/2023 10:20:00 PM,45.995873
6/29/2023 10:25:00 PM,42.112110
6/29/2023 10:30:00 PM,44.134190
6/29/2023 10:35:00 PM,44.134190
6/29/2023 10:40:00 PM,44.134190
6/29/2023 10:45:00 PM,44.134190
6/29/2023 10:50:00 PM,44.134190
6/29/2023 10:55:00 PM,38.021723
6/29/2023 11:00:00 PM,38.880233
6/29/2023 11:05:00 PM,37.093203
6/29/2023 11:10:00 PM,35.795790
6/29/2023 11:15:00 PM,35.731736
6/29/2023 11:20:00 PM,32.693806
6/29/2023 11:25:00 PM,34.672450
6/29/2023 11:30:00 PM,33.737363
6/29/2023 11:35:00 PM,33.818546
6/29/2023 11:40:00 PM,32.127470
6/29/2023 11:45:00 PM,31.754700
6/29/2023 11:50:00 PM,31.339856
6/29/2023 11:55:00 PM,31.754700
6/30/2023 12:00:00 AM,42.658000
6/30/2023 12:05:00 AM,41.892043
6/30/2023 12:10:00 AM,39.796540
6/30/2023 12:15:00 AM,39.293186
6/30/2023 12:20:00 AM,39.782163
6/30/2023 12:25:00 AM,39.679810
6/30/2023 12:30:00 AM,39.550096
6/30/2023 12:35:00 AM,39.564110
6/30/2023 12:40:00 AM,39.122386
6/30/2023 12:45:00 AM,38.602766
6/30/2023 12:50:00 AM,36.546340
6/30/2023 12:55:00 AM,37.063696
6/30/2023 1:00:00 AM,43.194096
6/30/2023 1:05:00 AM,39.826926
6/30/2023 1:10:00 AM,39.078953
6/30/2023 1:15:00 AM,35.215926
6/30/2023 1:20:00 AM,34.881346
6/30/2023 1:25:00 AM,34.659473
6/30/2023 1:30:00 AM,34.198543
6/30/2023 1:35:00 AM,33.612616
6/30/2023 1:40:00 AM,32.535563
6/30/2023 1:45:00 AM,32.594026
6/30/2023 1:50:00 AM,32.537193
6/30/2023 1:55:00 AM,32.537293
6/30/2023 2:00:00 AM,32.872873
6/30/2023 2:05:00 AM,31.946986
6/30/2023 2:10:00 AM,31.974563
6/30/2023 2:15:00 AM,31.586026
6/30/2023 2:20:00 AM,33.924343
6/30/2023 2:25:00 AM,32.672363
6/30/2023 2:30:00 AM,32.542370
6/30/2023 2:35:00 AM,32.600983
6/30/2023 2:40:00 AM,32.538783
6/30/2023 2:45:00 AM,32.307246
6/30/2023 2:50:00 AM,31.452986
6/30/2023 2:55:00 AM,31.216666
6/30/2023 3:00:00 AM,34.793753
6/30/2023 3:05:00 AM,35.093893
6/30/2023 3:10:00 AM,35.093893
6/30/2023 3:15:00 AM,35.191000
6/30/2023 3:20:00 AM,35.196683
6/30/2023 3:25:00 AM,35.136846
6/30/2023 3:30:00 AM,35.077396
6/30/2023 3:35:00 AM,35.162093
6/30/2023 3:40:00 AM,35.205803
6/30/2023 3:45:00 AM,35.089900
6/30/2023 3:50:00 AM,35.116586
6/30/2023 3:55:00 AM,34.824923
6/30/2023 4:00:00 AM,33.054920
6/30/2023 4:05:00 AM,33.466040
6/30/2023 4:10:00 AM,34.022726
6/30/2023 4:15:00 AM,34.659256
6/30/2023 4:20:00 AM,34.757686
6/30/2023 4:25:00 AM,34.843010
6/30/2023 4:30:00 AM,35.289090
6/30/2023 4:35:00 AM,36.365573
6/30/2023 4:40:00 AM,36.514743
6/30/2023 4:45:00 AM,36.551586
6/30/2023 4:50:00 AM,36.805613
6/30/2023 4:55:00 AM,37.648990
6/30/2023 5:00:00 AM,35.085076
6/30/2023 5:05:00 AM,35.900990
6/30/2023 5:10:00 AM,35.085076
6/30/2023 5:15:00 AM,39.180903
6/30/2023 5:20:00 AM,39.198780
6/30/2023 5:25:00 AM,40.004136
6/30/2023 5:30:00 AM,40.000000
6/30/2023 5:35:00 AM,39.028346
6/30/2023 5:40:00 AM,39.370000
6/30/2023 5:45:00 AM,39.523766
6/30/2023 5:50:00 AM,39.728823
6/30/2023 5:55:00 AM,39.153776
6/30/2023 6:00:00 AM,40.922330
6/30/2023 6:05:00 AM,40.595063
6/30/2023 6:10:00 AM,40.083020
6/30/2023 6:15:00 AM,38.607866
6/30/2023 6:20:00 AM,37.095600
6/30/2023 6:25:00 AM,38.039540
6/30/2023 6:30:00 AM,35.105816
6/30/2023 6:35:00 AM,33.658860
6/30/2023 6:40:00 AM,32.447666
6/30/2023 6:45:00 AM,30.348193
6/30/2023 6:50:00 AM,29.695500
6/30/2023 6:55:00 AM,29.234220
6/30/2023 7:00:00 AM,34.430000
6/30/2023 7:05:00 AM,34.430000
6/30/2023 7:10:00 AM,33.023990
6/30/2023 7:15:00 AM,32.175210
6/30/2023 7:20:00 AM,29.548800
6/30/2023 7:25:00 AM,27.498800
6/30/2023 7:30:00 AM,20.242740
6/30/2023 7:35:00 AM,19.872120
6/30/2023 7:40:00 AM,19.150740
6/30/2023 7:45:00 AM,19.021526
6/30/2023 7:50:00 AM,18.162416
6/30/2023 7:55:00 AM,16.653103
6/30/2023 8:00:00 AM,24.831310
6/30/2023 8:05:00 AM,27.668126
6/30/2023 8:10:00 AM,27.299780
6/30/2023 8:15:00 AM,26.658513
6/30/2023 8:20:00 AM,25.101270
6/30/2023 8:25:00 AM,25.424653
6/30/2023 8:30:00 AM,26.255693
6/30/2023 8:35:00 AM,24.896096
6/30/2023 8:40:00 AM,23.417653
6/30/2023 8:45:00 AM,22.408216
6/30/2023 8:50:00 AM,21.032900
6/30/2023 8:55:00 AM,19.552243
6/30/2023 9:00:00 AM,25.130306
6/30/2023 9:05:00 AM,24.928386
6/30/2023 9:10:00 AM,24.928386
6/30/2023 9:15:00 AM,25.647053
6/30/2023 9:20:00 AM,23.919586
6/30/2023 9:25:00 AM,23.715766
6/30/2023 9:30:00 AM,28.699476
6/30/2023 9:35:00 AM,26.212703
6/30/2023 9:40:00 AM,24.923826
6/30/2023 9:45:00 AM,24.485740
6/30/2023 9:50:00 AM,24.657170
6/30/2023 9:55:00 AM,24.662743
6/30/2023 10:00:00 AM,24.381820
6/30/2023 10:05:00 AM,23.444473
6/30/2023 10:10:00 AM,25.934286
6/30/2023 10:15:00 AM,26.850103
6/30/2023 10:20:00 AM,22.530130
6/30/2023 10:25:00 AM,23.252820
6/30/2023 10:30:00 AM,24.060563
6/30/2023 10:35:00 AM,23.990480
6/30/2023 10:40:00 AM,24.247830
6/30/2023 10:45:00 AM,27.080826
6/30/2023 10:50:00 AM,27.029123
6/30/2023 10:55:00 AM,28.936413
6/30/2023 11:00:00 AM,31.811033
6/30/2023 11:05:00 AM,30.563440
6/30/2023 11:10:00 AM,31.060153
6/30/2023 11:15:00 AM,29.888990
6/30/2023 11:20:00 AM,29.302986
6/30/2023 11:25:00 AM,27.961303
6/30/2023 11:30:00 AM,26.573806
6/30/2023 11:35:00 AM,28.084973
6/30/2023 11:40:00 AM,29.456963
6/30/2023 11:45:00 AM,30.514586
6/30/2023 11:50:00 AM,29.820953
6/30/2023 11:55:00 AM,32.350026
6/30/2023 12:00:00 PM,29.034886
6/30/2023 12:05:00 PM,29.710156
6/30/2023 12:10:00 PM,29.984036
6/30/2023 12:15:00 PM,32.876826
6/30/2023 12:20:00 PM,31.716180
6/30/2023 12:25:00 PM,36.571003
6/30/2023 12:30:00 PM,34.874953
6/30/2023 12:35:00 PM,36.806480
6/30/2023 12:40:00 PM,34.182230
6/30/2023 12:45:00 PM,34.500203
6/30/2023 12:50:00 PM,33.084580
6/30/2023 12:55:00 PM,35.979890
6/30/2023 1:00:00 PM,30.525230
6/30/2023 1:05:00 PM,30.106266
6/30/2023 1:10:00 PM,28.432443
6/30/2023 1:15:00 PM,29.692026
6/30/2023 1:20:00 PM,30.295060
6/30/2023 1:25:00 PM,33.811760
6/30/2023 1:30:00 PM,36.345436
6/30/2023 1:35:00 PM,37.529180
6/30/2023 1:40:00 PM,36.333920
6/30/2023 1:45:00 PM,37.648140
6/30/2023 1:50:00 PM,40.821740
6/30/2023 1:55:00 PM,40.887176
6/30/2023 2:00:00 PM,33.572910
6/30/2023 2:05:00 PM,33.981600
6/30/2023 2:10:00 PM,34.965176
6/30/2023 2:15:00 PM,35.941023
6/30/2023 2:20:00 PM,36.057893
6/30/2023 2:25:00 PM,37.058016
6/30/2023 2:30:00 PM,43.491523
6/30/2023 2:35:00 PM,44.935383
6/30/2023 2:40:00 PM,48.216603
6/30/2023 2:45:00 PM,55.986086
6/30/2023 2:50:00 PM,57.274933
6/30/2023 2:55:00 PM,56.914740
6/30/2023 3:00:00 PM,38.869833
6/30/2023 3:05:00 PM,36.838690
6/30/2023 3:10:00 PM,38.759963
6/30/2023 3:15:00 PM,39.005913
6/30/2023 3:20:00 PM,39.005913
6/30/2023 3:25:00 PM,43.987963
6/30/2023 3:30:00 PM,47.185386
6/30/2023 3:35:00 PM,50.775910
6/30/2023 3:40:00 PM,52.618513
6/30/2023 3:45:00 PM,54.431573
6/30/2023 3:50:00 PM,47.393450
6/30/2023 3:55:00 PM,48.740770
6/30/2023 4:00:00 PM,44.570666
6/30/2023 4:05:00 PM,41.048096
6/30/2023 4:10:00 PM,40.151186
6/30/2023 4:15:00 PM,39.528730
6/30/2023 4:20:00 PM,40.989710
6/30/2023 4:25:00 PM,41.586750
6/30/2023 4:30:00 PM,43.716200
6/30/2023 4:35:00 PM,43.368760
6/30/2023 4:40:00 PM,43.660680
6/30/2023 4:45:00 PM,45.576530
6/30/2023 4:50:00 PM,46.686436
6/30/2023 4:55:00 PM,46.640400
6/30/2023 5:00:00 PM,38.135343
6/30/2023 5:05:00 PM,34.833883
6/30/2023 5:10:00 PM,36.016946
6/30/2023 5:15:00 PM,39.002643
6/30/2023 5:20:00 PM,40.628876
6/30/2023 5:25:00 PM,48.175803
6/30/2023 5:30:00 PM,49.013656
6/30/2023 5:35:00 PM,50.160593
6/30/2023 5:40:00 PM,51.831600
6/30/2023 5:45:00 PM,61.942496
6/30/2023 5:50:00 PM,64.830883
6/30/2023 5:55:00 PM,67.399750
6/30/2023 6:00:00 PM,39.260376
6/30/2023 6:05:00 PM,46.319146
6/30/2023 6:10:00 PM,45.289563
6/30/2023 6:15:00 PM,48.846340
6/30/2023 6:20:00 PM,49.713326
6/30/2023 6:25:00 PM,54.465010
6/30/2023 6:30:00 PM,54.241110
6/30/2023 6:35:00 PM,59.993290
6/30/2023 6:40:00 PM,60.782630
6/30/2023 6:45:00 PM,79.956510
6/30/2023 6:50:00 PM,85.978793
6/30/2023 6:55:00 PM,108.151093
6/30/2023 7:00:00 PM,61.746016
6/30/2023 7:05:00 PM,70.887680
6/30/2023 7:10:00 PM,74.421693
6/30/2023 7:15:00 PM,71.842893
6/30/2023 7:20:00 PM,79.073196
6/30/2023 7:25:00 PM,80.932573
6/30/2023 7:30:00 PM,82.192133
6/30/2023 7:35:00 PM,91.764500
6/30/2023 7:40:00 PM,91.764500
6/30/2023 7:45:00 PM,95.017293
6/30/2023 7:50:00 PM,100.480730
6/30/2023 7:55:00 PM,91.480753
6/30/2023 8:00:00 PM,72.012466
6/30/2023 8:05:00 PM,71.588680
6/30/2023 8:10:00 PM,65.339080
6/30/2023 8:15:00 PM,61.528643
6/30/2023 8:20:00 PM,61.363716
6/30/2023 8:25:00 PM,60.886706
6/30/2023 8:30:00 PM,60.864750
6/30/2023 8:35:00 PM,60.825660
6/30/2023 8:40:00 PM,55.860530
6/30/2023 8:45:00 PM,58.001256
6/30/2023 8:50:00 PM,56.514203
6/30/2023 8:55:00 PM,56.514203
6/30/2023 9:00:00 PM,61.167536
6/30/2023 9:05:00 PM,61.806443
6/30/2023 9:10:00 PM,61.154266
6/30/2023 9:15:00 PM,58.618953
6/30/2023 9:20:00 PM,57.583323
6/30/2023 9:25:00 PM,55.087400
6/30/2023 9:30:00 PM,51.980706
6/30/2023 9:35:00 PM,49.783686
6/30/2023 9:40:00 PM,49.594036
6/30/2023 9:45:00 PM,47.497693
6/30/2023 9:50:00 PM,47.344273
6/30/2023 9:55:00 PM,45.609630
6/30/2023 10:00:00 PM,60.103696
6/30/2023 10:05:00 PM,61.166700
6/30/2023 10:10:00 PM,55.842270
6/30/2023 10:15:00 PM,52.422640
6/30/2023 10:20:00 PM,50.591493
6/30/2023 10:25:00 PM,49.865493
6/30/2023 10:30:00 PM,49.965380
6/30/2023 10:35:00 PM,48.651323
6/30/2023 10:40:00 PM,46.137630
6/30/2023 10:45:00 PM,44.686636
6/30/2023 10:50:00 PM,44.745460
6/30/2023 10:55:00 PM,43.840913
6/30/2023 11:00:00 PM,49.070136
6/30/2023 11:05:00 PM,49.070136
6/30/2023 11:10:00 PM,45.210893
6/30/2023 11:15:00 PM,42.141740
6/30/2023 11:20:00 PM,41.041333
6/30/2023 11:25:00 PM,40.037163
6/30/2023 11:30:00 PM,38.795666
6/30/2023 11:35:00 PM,38.175453
6/30/2023 11:40:00 PM,37.820750
6/30/2023 11:45:00 PM,37.132273
6/30/2023 11:50:00 PM,37.056606
6/30/2023 11:55:00 PM,37.223650
7/1/2023 12:00:00 AM,42.777296
7/1/2023 12:05:00 AM,41.325176
7/1/2023 12:10:00 AM,39.990580
7/1/2023 12:15:00 AM,38.355933
7/1/2023 12:20:00 AM,37.910253
7/1/2023 12:25:00 AM,38.191676
7/1/2023 12:30:00 AM,37.898916
7/1/2023 12:35:00 AM,36.694140
7/1/2023 12:40:00 AM,36.475526
7/1/2023 12:45:00 AM,36.145000
7/1/2023 12:50:00 AM,35.771923
7/1/2023 12:55:00 AM,35.287320
7/1/2023 1:00:00 AM,36.912400
7/1/2023 1:05:00 AM,38.211300
7/1/2023 1:10:00 AM,38.961200
7/1/2023 1:15:00 AM,38.230583
7/1/2023 1:20:00 AM,38.230583
7/1/2023 1:25:00 AM,37.769703
7/1/2023 1:30:00 AM,36.460846
7/1/2023 1:35:00 AM,35.333203
7/1/2023 1:40:00 AM,34.799483
7/1/2023 1:45:00 AM,34.005213
7/1/2023 1:50:00 AM,33.966006
7/1/2023 1:55:00 AM,32.950313
7/1/2023 2:00:00 AM,37.398230
7/1/2023 2:05:00 AM,36.500806
7/1/2023 2:10:00 AM,35.774696
7/1/2023 2:15:00 AM,35.375593
7/1/2023 2:20:00 AM,35.386413
7/1/2023 2:25:00 AM,35.505736
7/1/2023 2:30:00 AM,35.992356
7/1/2023 2:35:00 AM,35.798313
7/1/2023 2:40:00 AM,35.709866
7/1/2023 2:45:00 AM,34.627073
7/1/2023 2:50:00 AM,34.577986
7/1/2023 2:55:00 AM,34.690043
7/1/2023 3:00:00 AM,36.301700
7/1/2023 3:05:00 AM,35.905736
7/1/2023 3:10:00 AM,36.101143
7/1/2023 3:15:00 AM,34.721330
7/1/2023 3:20:00 AM,34.931216
7/1/2023 3:25:00 AM,34.935876
7/1/2023 3:30:00 AM,34.012463
7/1/2023 3:35:00 AM,34.738993
7/1/2023 3:40:00 AM,35.562826
7/1/2023 3:45:00 AM,35.175366
7/1/2023 3:50:00 AM,35.243780
7/1/2023 3:55:00 AM,35.057863
7/1/2023 4:00:00 AM,35.770963
7/1/2023 4:05:00 AM,35.443236
7/1/2023 4:10:00 AM,35.477783
7/1/2023 4:15:00 AM,35.408833
7/1/2023 4:20:00 AM,35.511630
7/1/2023 4:25:00 AM,35.434183
7/1/2023 4:30:00 AM,35.223610
7/1/2023 4:35:00 AM,35.402153
7/1/2023 4:40:00 AM,35.448576
7/1/2023 4:45:00 AM,35.509350
7/1/2023 4:50:00 AM,35.449163
7/1/2023 4:55:00 AM,35.492793
7/1/2023 5:00:00 AM,34.678640
7/1/2023 5:05:00 AM,34.290573
7/1/2023 5:10:00 AM,35.079150
7/1/2023 5:15:00 AM,35.105256
7/1/2023 5:20:00 AM,35.275670
7/1/2023 5:25:00 AM,35.275670
7/1/2023 5:30:00 AM,34.967253
7/1/2023 5:35:00 AM,34.674333
7/1/2023 5:40:00 AM,35.479533
7/1/2023 5:45:00 AM,35.489280
7/1/2023 5:50:00 AM,33.949943
7/1/2023 5:55:00 AM,32.451780
7/1/2023 6:00:00 AM,38.075166
7/1/2023 6:05:00 AM,37.161506
7/1/2023 6:10:00 AM,36.404800
7/1/2023 6:15:00 AM,33.303243
7/1/2023 6:20:00 AM,31.841370
7/1/2023 6:25:00 AM,31.046523
7/1/2023 6:30:00 AM,29.558216
7/1/2023 6:35:00 AM,28.252720
7/1/2023 6:40:00 AM,24.117986
7/1/2023 6:45:00 AM,18.197533
7/1/2023 6:50:00 AM,16.409673
7/1/2023 6:55:00 AM,15.543680
7/1/2023 7:00:00 AM,17.091300
7/1/2023 7:05:00 AM,17.581800
7/1/2023 7:10:00 AM,17.091300
7/1/2023 7:15:00 AM,16.091123
7/1/2023 7:20:00 AM,14.995823
7/1/2023 7:25:00 AM,14.861483
7/1/2023 7:30:00 AM,14.844813
7/1/2023 7:35:00 AM,6.014836
7/1/2023 7:40:00 AM,6.257373
7/1/2023 7:45:00 AM,6.239473
7/1/2023 7:50:00 AM,1.295016
7/1/2023 7:55:00 AM,5.019753
7/1/2023 8:00:00 AM,14.842516
7/1/2023 8:05:00 AM,14.843683
7/1/2023 8:10:00 AM,14.844850
7/1/2023 8:15:00 AM,14.880440
7/1/2023 8:20:00 AM,14.875786
7/1/2023 8:25:00 AM,14.372333
7/1/2023 8:30:00 AM,13.163986
7/1/2023 8:35:00 AM,13.692023
7/1/2023 8:40:00 AM,14.473133
7/1/2023 8:45:00 AM,14.484600
7/1/2023 8:50:00 AM,13.852876
7/1/2023 8:55:00 AM,13.702130
7/1/2023 9:00:00 AM,14.337143
7/1/2023 9:05:00 AM,14.609176
7/1/2023 9:10:00 AM,14.962370
7/1/2023 9:15:00 AM,14.949223
7/1/2023 9:20:00 AM,15.045860
7/1/2023 9:25:00 AM,15.410273
7/1/2023 9:30:00 AM,15.777600
7/1/2023 9:35:00 AM,16.427600
7/1/2023 9:40:00 AM,17.658800
7/1/2023 9:45:00 AM,17.519200
7/1/2023 9:50:00 AM,16.936400
7/1/2023 9:55:00 AM,17.878800
7/1/2023 10:00:00 AM,18.709600
7/1/2023 10:05:00 AM,17.980400
7/1/2023 10:10:00 AM,19.890490
7/1/2023 10:15:00 AM,18.860000
7/1/2023 10:20:00 AM,21.448550
7/1/2023 10:25:00 AM,20.337600
7/1/2023 10:30:00 AM,21.538000
7/1/2023 10:35:00 AM,21.253460
7/1/2023 10:40:00 AM,22.872800
7/1/2023 10:45:00 AM,21.927240
7/1/2023 10:50:00 AM,22.635380
7/1/2023 10:55:00 AM,22.727080
7/1/2023 11:00:00 AM,22.015863
7/1/2023 11:05:00 AM,18.663823
7/1/2023 11:10:00 AM,18.563760
7/1/2023 11:15:00 AM,18.879956
7/1/2023 11:20:00 AM,19.251546
7/1/2023 11:25:00 AM,19.130240
7/1/2023 11:30:00 AM,19.706206
7/1/2023 11:35:00 AM,20.156703
7/1/2023 11:40:00 AM,21.979356
7/1/2023 11:45:00 AM,23.561943
7/1/2023 11:50:00 AM,22.184260
7/1/2023 11:55:00 AM,21.814840
7/1/2023 12:00:00 PM,19.031660
7/1/2023 12:05:00 PM,18.954560
7/1/2023 12:10:00 PM,19.886290
7/1/2023 12:15:00 PM,22.342610
7/1/2023 12:20:00 PM,22.058640
7/1/2023 12:25:00 PM,23.573360
7/1/2023 12:30:00 PM,22.328820
7/1/2023 12:35:00 PM,23.139433
7/1/2023 12:40:00 PM,25.012143
7/1/2023 12:45:00 PM,25.184943
7/1/2023 12:50:00 PM,25.012143
7/1/2023 12:55:00 PM,26.452853
7/1/2023 1:00:00 PM,21.385146
7/1/2023 1:05:00 PM,21.980173
7/1/2023 1:10:00 PM,24.233573
7/1/2023 1:15:00 PM,22.920030
7/1/2023 1:20:00 PM,24.305716
7/1/2023 1:25:00 PM,26.585480
7/1/2023 1:30:00 PM,27.946990
7/1/2023 1:35:00 PM,27.806693
7/1/2023 1:40:00 PM,27.806693
7/1/2023 1:45:00 PM,28.121696
7/1/2023 1:50:00 PM,27.979800
7/1/2023 1:55:00 PM,29.301780
7/1/2023 2:00:00 PM,22.660940
7/1/2023 2:05:00 PM,21.118463
7/1/2023 2:10:00 PM,24.149480
7/1/2023 2:15:00 PM,24.298170
7/1/2023 2:20:00 PM,24.353146
7/1/2023 2:25:00 PM,25.947560
7/1/2023 2:30:00 PM,27.528703
7/1/2023 2:35:00 PM,27.452423
7/1/2023 2:40:00 PM,28.122960
7/1/2023 2:45:00 PM,28.859986
7/1/2023 2:50:00 PM,28.809980
7/1/2023 2:55:00 PM,28.711146
7/1/2023 3:00:00 PM,24.125763
7/1/2023 3:05:00 PM,24.710333
7/1/2023 3:10:00 PM,27.828743
7/1/2023 3:15:00 PM,28.635430
7/1/2023 3:20:00 PM,28.169460
7/1/2023 3:25:00 PM,30.190906
7/1/2023 3:30:00 PM,31.687843
7/1/2023 3:35:00 PM,31.740550
7/1/2023 3:40:00 PM,31.369943
7/1/2023 3:45:00 PM,32.246850
7/1/2023 3:50:00 PM,32.250950
7/1/2023 3:55:00 PM,32.311633
7/1/2023 4:00:00 PM,27.119313
7/1/2023 4:05:00 PM,25.428823
7/1/2023 4:10:00 PM,26.121300
7/1/2023 4:15:00 PM,27.967123
7/1/2023 4:20:00 PM,28.516933
7/1/2023 4:25:00 PM,29.046796
7/1/2023 4:30:00 PM,29.743043
7/1/2023 4:35:00 PM,32.382706
7/1/2023 4:40:00 PM,35.683300
7/1/2023 4:45:00 PM,36.522253
7/1/2023 4:50:00 PM,36.050766
7/1/2023 4:55:00 PM,37.474350
7/1/2023 5:00:00 PM,24.411943
7/1/2023 5:05:00 PM,25.388450
7/1/2023 5:10:00 PM,26.977223
7/1/2023 5:15:00 PM,27.470466
7/1/2023 5:20:00 PM,28.111056
7/1/2023 5:25:00 PM,29.543573
7/1/2023 5:30:00 PM,30.057943
7/1/2023 5:35:00 PM,33.284330
7/1/2023 5:40:00 PM,33.672210
7/1/2023 5:45:00 PM,34.250860
7/1/2023 5:50:00 PM,35.161886
7/1/2023 5:55:00 PM,37.896440
7/1/2023 6:00:00 PM,27.201866
7/1/2023 6:05:00 PM,28.247170
7/1/2023 6:10:00 PM,29.127546
7/1/2023 6:15:00 PM,29.537296
7/1/2023 6:20:00 PM,30.725596
7/1/2023 6:25:00 PM,33.799606
7/1/2023 6:30:00 PM,36.505643
7/1/2023 6:35:00 PM,36.607873
7/1/2023 6:40:00 PM,38.150833
7/1/2023 6:45:00 PM,41.529386
7/1/2023 6:50:00 PM,51.434246
7/1/2023 6:55:00 PM,55.383510
7/1/2023 7:00:00 PM,44.899433
7/1/2023 7:05:00 PM,48.971116
7/1/2023 7:10:00 PM,49.894130
7/1/2023 7:15:00 PM,54.773723
7/1/2023 7:20:00 PM,54.999116
7/1/2023 7:25:00 PM,54.773723
7/1/2023 7:30:00 PM,55.149270
7/1/2023 7:35:00 PM,54.454630
7/1/2023 7:40:00 PM,52.998836
7/1/2023 7:45:00 PM,51.823663
7/1/2023 7:50:00 PM,52.274790
7/1/2023 7:55:00 PM,50.970240
7/1/2023 8:00:00 PM,52.610000
7/1/2023 8:05:00 PM,52.610000
7/1/2023 8:10:00 PM,50.051200
7/1/2023 8:15:00 PM,46.660000
7/1/2023 8:20:00 PM,46.640000
7/1/2023 8:25:00 PM,40.600000
7/1/2023 8:30:00 PM,39.278150
7/1/2023 8:35:00 PM,40.758943
7/1/2023 8:40:00 PM,39.119526
7/1/2023 8:45:00 PM,39.100693
7/1/2023 8:50:00 PM,38.157123
7/1/2023 8:55:00 PM,38.043756
7/1/2023 9:00:00 PM,43.830000
7/1/2023 9:05:00 PM,44.000000
7/1/2023 9:10:00 PM,40.600000
7/1/2023 9:15:00 PM,39.787930
7/1/2023 9:20:00 PM,39.787930
7/1/2023 9:25:00 PM,39.768400
7/1/2023 9:30:00 PM,38.720443
7/1/2023 9:35:00 PM,38.553133
7/1/2023 9:40:00 PM,38.326600
7/1/2023 9:45:00 PM,37.079966
7/1/2023 9:50:00 PM,37.185976
7/1/2023 9:55:00 PM,36.995816
7/1/2023 10:00:00 PM,46.230000
7/1/2023 10:05:00 PM,45.168800
7/1/2023 10:10:00 PM,41.460000
7/1/2023 10:15:00 PM,41.188800
7/1/2023 10:20:00 PM,41.460000
7/1/2023 10:25:00 PM,40.000000
7/1/2023 10:30:00 PM,39.677906
7/1/2023 10:35:00 PM,39.421460
7/1/2023 10:40:00 PM,39.292083
7/1/2023 10:45:00 PM,38.346980
7/1/2023 10:50:00 PM,38.346980
7/1/2023 10:55:00 PM,38.346980
7/1/2023 11:00:00 PM,41.460000
7/1/2023 11:05:00 PM,44.000000
7/1/2023 11:10:00 PM,40.481800
7/1/2023 11:15:00 PM,38.990000
7/1/2023 11:20:00 PM,38.990000
7/1/2023 11:25:00 PM,38.990000
7/1/2023 11:30:00 PM,37.313756
7/1/2023 11:35:00 PM,38.005160
7/1/2023 11:40:00 PM,37.313756
7/1/2023 11:45:00 PM,37.180540
7/1/2023 11:50:00 PM,36.969070
7/1/2023 11:55:00 PM,36.803796
